open_ts,open,close,fwd_return,label,label_threshold,regime,p_down,p_flat,p_up,fold
1784433600000,64706.18,64720.17,-0.00019592037536364515,1.0,0.0025,trending,0.23718639115740506,0.46605300071286176,0.2967606081297331,0
1784437200000,64720.17,64724.01,-0.0033066554436290696,0.0,0.0025,trending,0.23436495099553162,0.4670223726810696,0.2986126763233988,0
1784440800000,64724.0,64711.69,-0.001803229061086209,1.0,0.0025,trending,0.22678287670115707,0.48881644700021787,0.2844006762986249,0
1784444400000,64711.69,64711.05,-0.003761490502781295,0.0,0.0025,trending,0.234208378802045,0.45913692301538706,0.3066546981825681,0
1784448000000,64711.04,64707.49,-0.004116061370947888,0.0,0.0025,trending,0.235558431989157,0.4542487962847431,0.31019277172609994,0
1784451600000,64707.48,64509.99,-0.00041357935414343405,1.0,0.0025,trending,0.22375911978880222,0.4683598346520251,0.3078810455591728,0
1784455200000,64510.0,64595.0,-2.987847356605844e-05,1.0,0.0025,trending,0.22302292192512813,0.4680980190333492,0.3088790590415226,0
1784458800000,64595.0,64467.64,0.0018254119431082572,1.0,0.0025,trending,0.22166929452483472,0.46243381636752645,0.31589688910763886,0
1784462400000,64467.65,64441.15,0.0015140946429417212,1.0,0.0025,trending,0.23004229867253576,0.45756010895059884,0.3123975923768655,0
1784466000000,64441.16,64483.31,0.001001034221103092,1.0,0.0025,trending,0.23307255265439494,0.4563540740936602,0.3105733732519449,0
1784469600000,64483.32,64593.07,-0.002679544415523205,0.0,0.0025,trending,0.23350606484401,0.4757863734497282,0.29070756170626194,0
1784473200000,64593.07,64585.32,-0.0019004318628443873,1.0,0.0025,trending,0.23024832641308485,0.4698607286152695,0.29989094497164565,0
1784476800000,64585.33,64538.72,-4.230018816619996e-05,1.0,0.0025,trending,0.22084229415579587,0.47870756487154165,0.30045014097266237,0
1784480400000,64538.72,64547.86,-0.002046698372339506,1.0,0.0025,trending,0.22816960610956877,0.46308294806600064,0.3087474458244305,0
1784484000000,64547.86,64419.99,0.003953431225307558,2.0,0.0025,ranging,0.23939286370403545,0.44918102991410147,0.31142610638186313,0
1784487600000,64420.0,64462.58,0.004032727203906461,2.0,0.0025,low_liquidity,0.2198542303714848,0.4604851193114556,0.3196606503170597,0
1784491200000,64462.58,64535.99,0.00027658985319667373,1.0,0.0025,low_liquidity,0.21583231802608555,0.4753641197174227,0.30880356225649164,0
1784494800000,64536.0,64415.75,0.0032951568521673025,2.0,0.0025,ranging,0.2412397193000383,0.4446053886581055,0.3141548920418562,0
1784498400000,64415.75,64674.67,0.002358419455406491,1.0,0.0025,ranging,0.25727259882359754,0.4380950761981152,0.3046323249782872,0
1784502000000,64674.66,64722.54,0.0022752506313874488,1.0,0.0025,ranging,0.2582217874376592,0.45630864600017246,0.2854695665621684,0
1784505600000,64722.55,64553.84,-0.00021423977256807003,1.0,0.0025,trending,0.2554746890111981,0.43313516328691803,0.3113901477018839,0
1784509200000,64553.85,64628.01,-0.007736738296599266,0.0,0.0025,trending,0.24892389552964556,0.4319613862407231,0.3191147182296314,0
1784512800000,64628.01,64827.2,-0.014025285682552902,0.0,0.0025003245531755045,trending,0.2536277052610025,0.42943911740215335,0.3169331773368443,0
1784516400000,64827.19,64869.8,-0.00909190409096372,0.0,0.0025,trending,0.25297874262883274,0.4483031290350936,0.2987181283360736,0
1784520000000,64869.79,64540.01,-0.007592499598311209,0.0,0.0025516634785405327,trending,0.25922054610165896,0.436499430279875,0.3042800236184662,0
1784523600000,64540.0,64128.0,0.0011149575848303783,1.0,0.0027049439329837337,trending,0.28614289691452893,0.4129723982954026,0.30088470479006846,0
1784527200000,64128.01,63917.98,0.005995183201972232,2.0,0.0028245086000918116,trending,0.2934811958697245,0.3989749530845615,0.3075438510457141,0
1784530800000,63917.99,64280.01,0.011232107773474276,2.0,0.002887984587984055,trending,0.2845466020280313,0.4039705329285481,0.3114828650434205,0
1784534400000,64280.01,64049.99,0.009211711040079784,2.0,0.003531745635090199,high_volatility,0.2705562469905082,0.39524579374245855,0.33419795926703316,0
1784538000000,64050.0,64199.5,0.0022509521102189733,1.0,0.0034475430315221854,trending,0.2882346642273705,0.4208089846681009,0.29095635110452855,0
1784541600000,64199.51,64301.18,0.0017858148170841748,1.0,0.00336513376257382,trending,0.28250028303889546,0.41951730605849935,0.29798241090260513,0
1784545200000,64301.18,65002.01,0.009180331500518113,2.0,0.0036150189084124063,high_volatility,0.2694243208742279,0.44376163619789666,0.28681404292787543,0
1784548800000,65002.0,64640.0,0.013435952970296983,2.0,0.003642757069983825,high_volatility,0.2652768951624263,0.4431398025312258,0.2915833023063477,0
1784552400000,64640.0,64344.01,0.019333112748179504,2.0,0.0037682313519036264,high_volatility,0.25262485314652866,0.44229113472329534,0.305084012130176,0
1784556000000,64344.01,64416.01,0.012791850969968488,2.0,0.003826229918018835,high_volatility,0.25642371961203353,0.4272173700382404,0.316358910349726,0
1784559600000,64416.01,65598.75,-0.006962785114045578,0.0,0.004317706446495014,high_volatility,0.2555014685345446,0.4608379893949399,0.28366054207051544,0
1784563200000,65598.75,65508.5,-0.002151171222055104,1.0,0.004212201355376119,high_volatility,0.2615992851504131,0.4551470451226785,0.28325366972690835,0
1784566800000,65508.5,65587.98,-0.00460389235954517,0.0,0.004105252323838843,high_volatility,0.26443479899105155,0.475382340837628,0.2601828601713205,0
1784570400000,65587.99,65240.01,-0.0015024522528430673,1.0,0.004223216589068188,high_volatility,0.25470810775224684,0.44659919495504213,0.29869269729271103,0
1784574000000,65240.01,65142.0,0.001742500997820251,1.0,0.004081098657590525,high_volatility,0.25028096511421666,0.44102387393440806,0.3086951609513753,0
1784577600000,65142.0,65367.58,0.0030661988710609656,1.0,0.00402308439420134,high_volatility,0.2545074702687358,0.45429579815937077,0.2911967315718934,0
1784581200000,65367.57,65286.02,-0.000773059837312684,1.0,0.0038539215405000047,high_volatility,0.2326377553521165,0.47558047260445935,0.2917817720434241,0
1784584800000,65286.02,65141.99,0.00417580119980987,2.0,0.00371376608459424,high_volatility,0.23322990443506,0.46295860435407293,0.30381149121086715,0
1784588400000,65142.0,65255.51,0.004770018654363328,2.0,0.003537097557940978,ranging,0.234874252678519,0.4406712640577493,0.3244544832637316,0
1784592000000,65255.51,65568.01,-0.0007015616304352212,1.0,0.003553939496041167,ranging,0.2553766165769586,0.4446467989161477,0.2999765845068936,0
1784595600000,65568.0,65235.55,0.007909950939326782,2.0,0.003596855248190909,high_volatility,0.23233919548540471,0.4512217339546452,0.3164390705599501,0
1784599200000,65235.56,65414.01,0.007628182403127459,2.0,0.0035429684110915424,ranging,0.2517495671627806,0.4458447274618373,0.30240570537538203,0
1784602800000,65414.01,65566.78,0.009457228187810918,2.0,0.0034007846917369087,ranging,0.2608411020974482,0.4250373787664051,0.3141215191361466,0
1784606400000,65566.77,65522.01,0.010751043809553495,2.0,0.003337215041214244,ranging,0.2649830902768874,0.43871795818467385,0.29629895153843877,0
1784610000000,65522.0,65751.56,0.008219272668207545,2.0,0.0033798301677814327,ranging,0.2725996085279374,0.43720245945889546,0.29019793201316707,0
1784613600000,65751.56,65913.0,0.004050794228755983,2.0,0.003362883518390025,ranging,0.2752284737949876,0.4422088243543123,0.2825627018507001,0
1784617200000,65913.0,66186.86,0.002398210158330416,1.0,0.0033555804165869415,trending,0.2901278280134847,0.44684295496915644,0.2630292170173589,0
1784620800000,66186.86,66226.44,0.005018841417415931,2.0,0.003259515282791197,trending,0.27363426918264905,0.46482473544523534,0.26154099537211556,0
1784624400000,66226.43,66291.99,0.007452031535031489,2.0,0.0031568769932656,trending,0.27249674841961424,0.46000706506966055,0.2674961865107252,0
1784628000000,66292.0,66180.0,0.0100075551526142,2.0,0.0030944216583498546,trending,0.26174016018923413,0.4556850802362467,0.28257475957451916,0
1784631600000,66180.0,66345.59,0.004988274277159865,2.0,0.002996821782023395,trending,0.29037957445121576,0.4396996263854036,0.2699207991633807,0
1784635200000,66345.59,66558.82,-0.0002525585639892025,1.0,0.0030212791163960777,trending,0.2853910008974179,0.4530676943388732,0.26154130476370885,0
1784638800000,66558.81,66786.0,-0.008655257089809298,0.0,0.0031138006333807735,trending,0.2896667318888415,0.45173705866766656,0.258596209443492,0
1784642400000,66786.0,66842.3,-0.00781466227224381,0.0,0.003086353742115592,trending,0.270631966614106,0.4651043757324553,0.2642636576534388,0
1784646000000,66842.29,66676.54,-0.0034761851769752328,0.0,0.0030817808478021216,trending,0.2693343002077472,0.45689969535992747,0.2737660044323254,0
1784649600000,66676.53,66542.01,-0.0020354059037288597,1.0,0.0030617395919255185,trending,0.25570607555911934,0.45791008253065246,0.28638384191022814,0
1784653200000,66542.01,66207.95,0.002674150158704647,1.0,0.0031907281581991117,trending,0.23984976112502698,0.4635697711528239,0.296580467722149,0
1784656800000,66207.96,66319.95,-0.0002401992160728783,1.0,0.0031253733009462916,trending,0.24568083017692122,0.4753076134667978,0.27901155635628105,0
1784660400000,66319.96,66444.76,0.001676580666406302,1.0,0.003050630557786663,trending,0.25081765772306386,0.4625575208142039,0.2866248214627322,0
1784664000000,66444.76,66406.57,0.0032285962066704865,2.0,0.0029225802274753516,trending,0.24136096758407938,0.4806843221025547,0.2779547103133659,0
1784667600000,66406.58,66385.0,0.0007275740001506659,1.0,0.0027910531315528996,trending,0.23139420783199827,0.4831726941276487,0.285433098040353,0
1784671200000,66385.0,66304.02,0.00015232862200509345,1.0,0.002714016443600913,trending,0.23689626370743383,0.4631417413988384,0.2999619948937277,0
1784674800000,66304.02,66556.16,-0.005201021212762336,0.0,0.0027343423822603,trending,0.27407807208644613,0.4519776235735317,0.2739443043400222,0
1784678400000,66556.15,66620.97,-0.0036012684894860536,0.0,0.0026744531447836,trending,0.2648762234171858,0.4552937311093882,0.279830045473426,0
1784682000000,66620.97,66433.3,-0.00690015398903876,0.0,0.002735025329837209,trending,0.23286571192165073,0.4635445844630419,0.30358970361530724,0
1784685600000,66433.29,66314.12,-0.005727136241874153,0.0,0.002695627004562056,trending,0.22858718378870707,0.44994228630046923,0.32147052991082364,0
1784689200000,66314.12,66210.0,-0.005535719679806705,0.0,0.0026334150263501374,trending,0.22014392148359574,0.45585546504785546,0.32400061346854897,0
1784692800000,66209.99,66381.05,-0.005921720129464569,0.0,0.0025849237262208693,trending,0.23192001016756336,0.447418489468275,0.32066150036416163,0
1784696400000,66381.05,65974.9,-0.0007108764090585362,1.0,0.0026986381666295007,ranging,0.23604365804423966,0.4427375464486727,0.32121879550708776,0
1784700000000,65974.9,65934.33,0.0016939582156973998,1.0,0.002634813177352087,ranging,0.24393129924100493,0.42911336804147565,0.32695533271751936,0
1784703600000,65934.34,65843.48,0.0025800580406747375,1.0,0.002624362611595223,ranging,0.24741355656635372,0.4072405412213532,0.3453459022122929,0
1784707200000,65843.48,65987.96,-0.005333548726161763,0.0,0.002640117089629614,ranging,0.2502113455436337,0.4134906353490794,0.33629801910728685,0
1784710800000,65987.97,65928.0,0.0003547809731827556,1.0,0.0026049058190919755,ranging,0.24887924181551938,0.4171566484331276,0.3339641097513531,0
1784714400000,65928.01,66046.02,-0.003816126997508884,0.0,0.0025562122126946427,ranging,0.24518338543648147,0.443492848580736,0.31132376598278244,0
1784718000000,66046.01,66013.36,0.0005155017105629156,1.0,0.0025,ranging,0.246657556740357,0.4425445604489182,0.3107978828107248,0
1784721600000,66013.36,65636.01,0.009034674715906688,2.0,0.0026292269689022303,ranging,0.24992224680622782,0.42763352617496114,0.322444227018811,0
1784725200000,65636.01,65951.39,0.0011014172711143466,1.0,0.0027043809724326307,ranging,0.26583712750270094,0.41667725447489246,0.31748561802240655,0
1784728800000,65951.38,65793.98,0.0015423903524305338,1.0,0.0029191097670977603,ranging,0.2576400757673277,0.4187899402073912,0.32356998402528114,0
1784732400000,65793.98,66047.39,-0.0018804679488469977,1.0,0.0029149957382819617,ranging,0.26825149821199074,0.4329190360532067,0.2988294657348025,0
1784736000000,66047.38,66229.01,-0.00467061186631057,0.0,0.003005051481723798,ranging,0.2743322829045882,0.42329182068191745,0.30237589641349427,0
1784739600000,66229.01,66024.03,0.000733672270535557,1.0,0.0030141131951035745,low_liquidity,0.24335449159074754,0.4516905632951613,0.3049549451140911,0
1784743200000,66024.02,65895.46,0.0022567563835200755,1.0,0.003031802949940802,ranging,0.25767224823263896,0.4357813087547233,0.3065464430126376,0
1784746800000,65895.46,65923.19,0.002901862000306732,1.0,0.00298739948091124,low_liquidity,0.2493735939001805,0.446436424793873,0.30418998130594643,0
1784750400000,65923.19,65919.68,0.0021011934523955667,1.0,0.002900425559687805,ranging,0.2480045650606067,0.4509213504289878,0.3010740845104054,0
1784754000000,65919.67,66072.47,-0.003669758372889631,0.0,0.0028435666623327503,ranging,0.26102399566335455,0.44855543256941144,0.2904205717672339,0
1784757600000,66072.48,66044.17,-0.003616216238314429,0.0,0.0027382357993681146,low_liquidity,0.2457651092424672,0.4611439606174133,0.29309093014011967,0
1784761200000,66044.17,66114.49,-0.006836020364068496,0.0,0.002730482745306339,ranging,0.2840145421791144,0.42825607755508305,0.2877293802658025,0
1784764800000,66114.5,66058.19,-0.00668668033441433,0.0,0.002705357378392411,ranging,0.2812655341060587,0.4176065904440442,0.3011278754498971,0
1784768400000,66058.2,65830.0,-0.002111347409995523,1.0,0.002818345036302078,ranging,0.2785055164095031,0.41583037753835433,0.3056641060521426,0
1784772000000,65830.0,65805.34,-0.00023311178089802098,1.0,0.0027417699998825086,ranging,0.2766226487844899,0.41911785581722355,0.3042594953982866,0
1784775600000,65805.35,65662.53,-0.0033565566236939404,0.0,0.002702165572503711,ranging,0.2744788843812091,0.40528943615608143,0.3202316794627094,0
1784779200000,65662.53,65616.48,0.00025176601975607227,1.0,0.0026081485317662823,ranging,0.26600277692831725,0.4242088701304521,0.30978835294123075,0
1784782800000,65616.49,65691.01,-0.0007929547741768461,1.0,0.00256772886713084,low_liquidity,0.2622791522186443,0.42563270923944196,0.31208813854191375,0
1784786400000,65691.01,65790.0,-0.0007599939200486627,1.0,0.0025083915650921215,low_liquidity,0.2660035439820054,0.44348705271853095,0.2905094032994636,0
1784790000000,65790.0,65442.13,0.0017279388675155438,1.0,0.002629084062379498,ranging,0.25983250069475616,0.42631420718291463,0.31385329212232926,0
1784793600000,65442.12,65633.0,-0.007099477397041087,0.0,0.0025949829167874797,ranging,0.2573428456503134,0.4234484597181429,0.31920869463154367,0
1784797200000,65632.99,65638.92,-0.011562042763653024,0.0,0.0025072240231728284,ranging,0.24547334850103805,0.44642075790375935,0.30810589359520263,0
1784800800000,65638.92,65740.0,-0.012625646486157605,0.0,0.0025,ranging,0.25258217003331834,0.45589669675303846,0.29152113321364315,0
1784804400000,65740.0,65555.21,-0.009104539517149068,0.0,0.0025,low_liquidity,0.24247044613439253,0.4469394236880996,0.3105901301775079,0
1784808000000,65555.21,65167.04,-0.006294593094914314,0.0,0.0026537899860356318,ranging,0.25449712243106926,0.43386312015182227,0.3116397574171086,0
1784811600000,65167.05,64880.0,-0.003063039457460004,0.0,0.002711398291604923,ranging,0.2608870314629339,0.4330796964174339,0.3060332721196323,0
1784815200000,64880.0,64909.99,-0.0006296411384441036,1.0,0.0027767768160530085,ranging,0.2718038147708329,0.4136003596826143,0.31459582554655285,0
1784818800000,64910.0,64958.36,-0.0017152526633984477,1.0,0.002771594448800986,ranging,0.2438039241473442,0.444812024961604,0.3113840508910518,0
1784822400000,64958.37,64756.84,0.0060327217943310085,2.0,0.002751441270506063,trending,0.21630231926351684,0.4799057717940005,0.30379190894248265,0
1784826000000,64756.84,64681.27,0.007553036605496555,2.0,0.0027235421890473214,trending,0.21979585772031474,0.48710774255648637,0.2930963997231988,0
1784829600000,64681.26,64869.12,0.005030282513467155,2.0,0.002698772741967753,trending,0.23555206478020133,0.4700785301147533,0.2943694051050452,0
1784833200000,64869.13,64846.94,0.0038865365119773454,2.0,0.0026708884105387893,trending,0.2378720525964219,0.46663676502323886,0.29549118238033917,0
1784836800000,64846.93,65147.5,-0.002663340880310061,1.0,0.002720894044354029,trending,0.26168925249114755,0.4592338588424943,0.2790768886663582,0
1784840400000,65147.5,65169.81,-0.0012860249247311772,1.0,0.0026548037479856776,trending,0.25960696513377485,0.457516712728127,0.282876322138098,0
1784844000000,65169.82,65195.43,-0.0012031518160092736,1.0,0.0026049149741736786,trending,0.25473071791399077,0.4596140876450926,0.2856551944409167,0
1784847600000,65195.43,65098.97,0.005495171428979484,2.0,0.002543186138748205,trending,0.26434524677120774,0.43981922748052843,0.29583552574826383,0
1784851200000,65098.98,64973.99,0.005294580185086328,2.0,0.0025980422275351015,trending,0.2716757369276468,0.42258874133352253,0.3057355217388306,0
1784854800000,64974.0,65086.0,0.0036720646529206924,2.0,0.002555569560986083,trending,0.2761548180096049,0.4285063006625301,0.295338881327865,0
1784858400000,65086.0,65116.99,0.005451879762869982,2.0,0.0025444153951684548,trending,0.27363455924042146,0.43112795108913105,0.2952374896704475,0
1784862000000,65116.99,65456.7,0.0006607421394602131,1.0,0.002603368479751165,trending,0.27709318960276663,0.44331343980107374,0.2795933705961595,0
1784865600000,65456.7,65318.0,-0.00024219969992955726,1.0,0.002552198283114766,trending,0.26422014712171205,0.45630799227301877,0.2794718606052692,0
1784869200000,65318.01,65325.0,-0.003243321852277159,0.0,0.0025,ranging,0.2692865176229402,0.45414589439891007,0.27656758797814956,0
1784872800000,65325.01,65472.0,-0.00797287390029322,0.0,0.0025,ranging,0.27590431245494196,0.4283474780436604,0.2957482095013977,0
1784876400000,65472.0,65499.95,-0.006359088823731929,0.0,0.002586309982549787,ranging,0.27180637066852886,0.43302145049244106,0.2951721788390301,0
1784880000000,65499.94,65302.18,-0.00799621084625346,0.0,0.0025440359057797082,ranging,0.25423188498875215,0.4474414706552895,0.2983266443559583,0
1784883600000,65302.18,65113.13,-0.014707786279050006,0.0,0.0026076287514558644,ranging,0.26099732864721475,0.43490105923909994,0.3041016121136853,0
1784887200000,65113.13,64950.0,-0.013777983063895216,0.0,0.0025931654113149497,ranging,0.2598703492293461,0.42271988517767695,0.31740976559297696,0
1784890800000,64950.01,65083.43,-0.015204791757287506,0.0,0.0025629183243764163,ranging,0.2613572341421718,0.4296008286494222,0.30904193720840595,0
1784894400000,65083.42,64780.01,-0.012689253984369597,0.0,0.0026344543409119853,ranging,0.26085732703270603,0.42673501934787783,0.3124076536194162,0
1784898000000,64780.0,64155.46,0.0003825083632789106,1.0,0.003059280558655806,ranging,0.28093844974259335,0.41396738232860536,0.3050941679288013,0
1784901600000,64155.47,64055.12,0.0033858339505101753,2.0,0.003152010966297535,ranging,0.26756564447551145,0.4305115661149452,0.30192278940954337,0
1784905200000,64055.11,64093.85,0.0020512108416017583,1.0,0.003242933970974439,ranging,0.25797460826023766,0.4332263685892165,0.30879902315054586,0
1784908800000,64093.86,63958.0,0.0033182713655837137,2.0,0.0032311400846113526,trending,0.23093650581129951,0.47823689618256365,0.2908265980061368,0
1784912400000,63958.01,64180.0,-0.00038952944842629567,1.0,0.003188559350832979,trending,0.22341320812826454,0.49842413309503614,0.2781626587766994,0
1784916000000,64180.0,64272.0,-0.0016024085138162114,1.0,0.0030634897764567405,trending,0.24080650124268912,0.48782114024402135,0.2713723585132895,0
1784919600000,64272.01,64225.32,-0.001328603734477296,1.0,0.0029476714544775,trending,0.2552709565314364,0.46924545891640246,0.2754835845521612,0
1784923200000,64225.32,64170.23,-0.00150568261949513,1.0,0.0028457508939702548,low_liquidity,0.26143800636234915,0.45575740184735014,0.28280459179030065,0
1784926800000,64170.24,64155.0,-0.0013559348452965025,1.0,0.0027342556109134133,trending,0.2673766355573643,0.4417059185248928,0.2909174459177429,0
1784930400000,64155.0,64169.01,-0.0018234658755059696,1.0,0.00260145177926669,trending,0.2638886257039384,0.4476266213910802,0.2884847529049815,0
1784934000000,64169.01,64139.99,-0.0008517307221281856,1.0,0.0025,trending,0.24718047286283035,0.46242854498067826,0.2903909821564914,0
1784937600000,64140.0,64073.61,0.0016832202836705168,1.0,0.0025,trending,0.24614295551581708,0.45592611820785706,0.29793092627632595,0
1784941200000,64073.61,64068.01,-0.0006869262834915402,1.0,0.0025,trending,0.2500326604259718,0.452514633640575,0.2974527059334531,0
1784944800000,64068.0,64052.0,-0.0006557172297507741,1.0,0.0025,trending,0.24962365133916187,0.4505160744190349,0.2998602742418031,0
1784948400000,64052.01,64085.36,-0.001282040079044644,1.0,0.0025,trending,0.2533950528350165,0.44674228281616385,0.2998626643488195,0
1784952000000,64085.36,64181.46,-0.004758383495794605,0.0,0.0025,low_liquidity,0.2529693594290007,0.4512069108397727,0.29582372973122645,0
1784955600000,64181.45,64024.0,-0.00037501561914288217,1.0,0.0025,trending,0.23850721053042928,0.44571341480529986,0.31577937466427086,0
1784959200000,64024.0,64010.0,0.0009373535385095444,1.0,0.0025,trending,0.24708200498879884,0.4406265789400312,0.3122914160711699,0
1784962800000,64010.0,64003.2,0.0009501087445629164,1.0,0.0025,trending,0.2450201586572755,0.4346339460247211,0.3203458953180034,0
1784966400000,64003.2,63876.06,0.0038784483576477236,2.0,0.0025,trending,0.252730281262817,0.40729792649698854,0.3399717922401944,0
1784970000000,63876.07,63999.99,0.0026876566699463034,2.0,0.0025,trending,0.25729159464002366,0.40618720596010555,0.33652119939987074,0
1784973600000,64000.0,64070.0,0.0022481660683626448,1.0,0.0025,low_liquidity,0.2317578316797428,0.4417438123331592,0.3264983559870981,0
1784977200000,64069.99,64064.01,0.0018417517105158154,1.0,0.0025,trending,0.23014951868822384,0.45801557074602783,0.3118349105657483,0
1784980800000,64064.01,64123.8,0.001291252233959872,1.0,0.0025,low_liquidity,0.2263871133003776,0.4425920246531547,0.3310208620464677,0
1784984400000,64123.8,64172.0,0.0014866296827276138,1.0,0.0025,trending,0.21852238076841804,0.45489134665946807,0.32658627257211387,0
1784988000000,64172.01,64214.04,0.003144950854984341,2.0,0.0025,trending,0.21867301890709911,0.4836288019602058,0.2976981791326951,0
1784991600000,64214.05,64182.0,0.0032155432987441834,2.0,0.0025,low_liquidity,0.22698746445400383,0.44245167439783395,0.33056086114816213,0
1784995200000,64182.01,64206.6,0.0020737743471854753,1.0,0.0025,low_liquidity,0.22061209098179427,0.44321652431161823,0.3361713847065875,0
1784998800000,64206.61,64267.4,0.001192206312998323,1.0,0.0025,trending,0.21894666816367037,0.4580209723081752,0.32303235952815446,0
1785002400000,64267.41,64415.99,-6.19411422536631e-05,1.0,0.0025,trending,0.2181780824060455,0.4700526205811617,0.3117692970127927,0
1785006000000,64415.99,64388.38,-0.00020780146976828728,1.0,0.0025,ranging,0.22652991001924713,0.4711925186798229,0.3022775713009301,0
1785009600000,64388.39,64339.75,0.0025993262330052946,2.0,0.0025,ranging,0.22485572371445775,0.4690078532130084,0.3061364230725339,0
1785013200000,64339.75,64344.02,0.0018335814268366502,1.0,0.0025,ranging,0.2163649097852986,0.46587663156975156,0.31775845864494984,0
1785016800000,64344.02,64412.0,0.0017940756380798728,1.0,0.0025,ranging,0.22308480662014132,0.4694757099175927,0.30743948346226607,0
1785020400000,64412.01,64375.0,0.0028271844660194834,2.0,0.0025,ranging,0.21539915026381357,0.488244773737596,0.29635607599859054,0
1785024000000,64375.01,64506.99,0.00035763566087942955,1.0,0.0025,ranging,0.20770106068571187,0.5113830678489834,0.28091587146530483,0
1785027600000,64506.99,64462.0,-0.00068738171325744,1.0,0.0025,ranging,0.20650411987551914,0.5010882973831645,0.2924075827413162,0
1785031200000,64462.0,64527.56,-0.0013879340858385936,1.0,0.0025,low_liquidity,0.20068576829259632,0.5102780787664163,0.28903615294098745,0
1785034800000,64527.57,64557.0,-0.0028966649627460983,0.0,0.0025,ranging,0.21423404596142903,0.4933711174309926,0.29239483660757837,0
1785038400000,64557.0,64530.06,-0.0007756075230674897,1.0,0.0025,ranging,0.2098571579381289,0.48365854257585694,0.30648429948601424,0
1785042000000,64530.06,64417.69,0.0018676546768441327,1.0,0.0025,low_liquidity,0.20420201513442915,0.48632583821590436,0.30947214664966655,0
1785045600000,64417.68,64438.0,0.0012011545982184568,1.0,0.0025,ranging,0.2178460771442358,0.45856939542088504,0.3235845274348793,0
1785049200000,64438.01,64370.0,0.0021337579617835,1.0,0.0025,ranging,0.21099058993983116,0.4713094000802225,0.3177000099799464,0
1785052800000,64370.0,64480.01,-0.0002068858239941962,1.0,0.0025,ranging,0.21834447005131463,0.4692861925946831,0.31236933735400213,0
1785056400000,64480.02,64538.0,-0.00030989494561339814,1.0,0.0025,ranging,0.21979421930591972,0.47540831892826213,0.3047974617658183,0
1785060000000,64538.01,64515.4,0.0030626796082795504,2.0,0.0025,ranging,0.21833567839601398,0.48556643178618586,0.2960978898178002,0
1785063600000,64515.39,64507.35,0.004040624828023587,2.0,0.0025,ranging,0.240305940052432,0.4469876848200071,0.3127063751275609,0
1785067200000,64507.36,64466.67,0.004149431016058358,2.0,0.0025,ranging,0.24212505083122712,0.4425253269390741,0.31534962222969876,0
1785070800000,64466.68,64518.0,0.002777519451935939,2.0,0.0025,ranging,0.2391063360011089,0.44877719267344846,0.3121164713254426,0
1785074400000,64517.99,64712.99,0.00033053641934954747,1.0,0.0025,ranging,0.2313053905125019,0.4533230926052981,0.3153715168822,0
1785078000000,64713.0,64768.0,-0.0011190711462450986,1.0,0.0025,ranging,0.22716067964623848,0.4749632246407559,0.29787609571300566,0
1785081600000,64768.0,64734.17,-0.0013150705415702069,1.0,0.0025,ranging,0.24761965292225072,0.45139014964463836,0.300990197433111,0
1785085200000,64734.17,64697.2,0.002485733540245949,1.0,0.0025,ranging,0.23292078848617626,0.4552829552271133,0.3117962562867104,0
1785088800000,64697.21,64734.38,0.010478203390532181,2.0,0.0025,low_liquidity,0.22506880813047248,0.4595133781620395,0.31541781370748784,0
1785092400000,64734.39,64695.52,0.010889007461413192,2.0,0.0025,ranging,0.2221519194787488,0.457697535802187,0.32015054471906423,0
1785096000000,64695.52,64649.04,0.0074697164876693645,2.0,0.0025,low_liquidity,0.2105673401632673,0.4603631867531308,0.3290694730836019,0
1785099600000,64649.04,64858.02,0.005368495677173124,2.0,0.0025,trending,0.22954880158511465,0.4432375297652822,0.3272136686496031,0
1785103200000,64858.03,65412.68,-0.0036794089463999535,0.0,0.0025,trending,0.23969151433219682,0.45324932152052644,0.30705916414727685,0
1785106800000,65412.69,65399.99,-0.0017735476717962717,1.0,0.0025,trending,0.2613069834342919,0.4665372374464209,0.2721557791192874,0
1785110400000,65400.0,65131.95,0.0023160676135138836,1.0,0.0025,trending,0.26509062458479987,0.4611287967153335,0.2737805786998667,0
1785114000000,65131.96,65206.21,0.0040206293234954504,2.0,0.0025,trending,0.27145823990244433,0.44266545379924255,0.2858763062983132,0
1785117600000,65206.21,65172.0,0.0037556005646597335,2.0,0.0025,trending,0.26024932285425645,0.44958323158052554,0.29016744556521784,0
1785121200000,65172.02,65284.0,-0.0009498498866491456,1.0,0.0025,trending,0.2704839019105169,0.4463687945772643,0.2831473035122188,0
1785124800000,65284.0,65282.8,-0.0018353992169453104,1.0,0.0025,trending,0.2631263011779103,0.452496187202588,0.28437751161950175,0
1785128400000,65282.81,65468.38,-0.003149764817763967,0.0,0.0025,trending,0.2671282323217963,0.45923215047039173,0.27363961720781194,0
1785132000000,65468.38,65416.76,-0.001275055505653322,1.0,0.0025,trending,0.2689189514052641,0.4440300477750135,0.2870510008197224,0
1785135600000,65416.77,65221.99,-0.0018582689672608232,1.0,0.0025,trending,0.26373235355319585,0.4458637398017932,0.2904039066450109,0
1785139200000,65221.99,65162.98,-0.0011813456045135506,1.0,0.0025,trending,0.2574512553572956,0.44752884351844613,0.2950199011242582,0
1785142800000,65162.98,65262.17,-0.0006864620039449543,1.0,0.0025,trending,0.2720599518431158,0.44039044494700913,0.2875496032098751,0
1785146400000,65262.18,65333.35,-0.009886221967800535,0.0,0.0025,trending,0.2630988615820699,0.459591180601419,0.277309957816511,0
1785150000000,65333.35,65100.79,-0.008398976417951287,0.0,0.0025,trending,0.2541388042055745,0.45723882320462284,0.2886223725898028,0
1785153600000,65100.79,65086.0,-0.002880496573763991,0.0,0.0025,trending,0.2678966884353561,0.4355057269144404,0.2965975846502036,0
1785157200000,65086.0,65217.37,-0.0030292543228898072,0.0,0.0025004070560367742,trending,0.2688093658421562,0.42473556243660726,0.3064550717212365,0
1785160800000,65217.38,64687.45,0.002945702759963531,1.0,0.002984855461159881,trending,0.26069475085066746,0.4286475180336043,0.31065773111572825,0
1785164400000,64687.45,64554.01,0.006660933999297569,2.0,0.0030150488927390153,trending,0.2564469503850398,0.4272140104440845,0.31633903917087564,0
1785168000000,64554.0,64898.52,0.0009573407837344394,1.0,0.0030840736901250093,trending,0.2672200869707237,0.4288623893036226,0.3039175237256538,0
1785171600000,64898.53,65019.81,-0.003053838514754159,0.0,0.00305330201318718,trending,0.2714956991952042,0.44213419438968354,0.28637010641511224,0
1785175200000,65019.81,64878.0,-0.01673911033015818,0.0,0.003041330891399048,ranging,0.2679565094263149,0.4356538545537568,0.2963896360199284,0
1785178800000,64878.0,64984.0,-0.01889911362796992,0.0,0.002995639643646827,ranging,0.27663730472088366,0.42974000815670793,0.29362268712240824,0
1785182400000,64983.99,64960.65,-0.02267172511358806,0.0,0.002880300179345594,ranging,0.2530677488846113,0.4513454209991676,0.295586830116221,0
1785186000000,64960.64,64821.25,-0.02453547254951116,0.0,0.002792957814198148,ranging,0.2474197888934855,0.44658097280226977,0.30599923830424475,0
1785189600000,64821.26,63792.0,-0.009506050915475295,0.0,0.0033267888688199754,ranging,0.25348730026264304,0.43034408412731495,0.31616861561004206,0
1785193200000,63792.01,63755.86,-0.006462621631956655,0.0,0.003315906627201383,ranging,0.26496579233640355,0.4288621558557311,0.3061720518078653,0
1785196800000,63755.86,63487.88,-0.0021567896108675155,1.0,0.0033338469181159384,trending,0.2398174940757842,0.4562532223832391,0.30392928354097654,0
1785200400000,63487.88,63230.83,0.003491651145493435,2.0,0.003427199482531237,high_volatility,0.243999563725534,0.46368848876318647,0.2923119475112794,0
1785204000000,63230.82,63185.59,0.007201642019960541,2.0,0.003318935628618882,trending,0.24686290619423903,0.47596374035610656,0.2771733534496543,0
1785207600000,63185.59,63343.83,0.00255999676685148,1.0,0.003214479020137245,trending,0.23762803949169634,0.4919215557973459,0.27045040471095777,0
1785211200000,63343.82,63350.95,0.0012175034470676138,1.0,0.0030796475412780714,trending,0.25353336820922173,0.4811390545534553,0.265327577237323,0
1785214800000,63350.95,63451.61,-0.000908093585016978,1.0,0.003058042145667825,trending,0.2534683934665692,0.4807343378187724,0.26579726871465836,0
1785218400000,63451.62,63640.63,-0.0026266239036287775,1.0,0.0030100313372091038,trending,0.263423195429531,0.4716698510554847,0.26490695351498417,0
1785222000000,63640.63,63505.99,-0.0008816491168786023,1.0,0.0029447860835720104,trending,0.2805207077806742,0.44950375388168523,0.26997553833764054,0
1785225600000,63506.0,63428.08,0.0018693613301867806,1.0,0.002832567241603204,trending,0.2621869987835716,0.47231832032667925,0.2654946808897491,0
1785229200000,63428.07,63393.99,-0.004574408394234175,0.0,0.002775328342724194,trending,0.26980498179387663,0.45466037791768177,0.2755346402884417,0
1785232800000,63393.99,63473.47,-0.0009613465279274536,1.0,0.0027502117742711626,trending,0.2843863344988476,0.43931496628870453,0.27629869921244793,0
1785236400000,63473.48,63450.0,0.0075408983451537015,2.0,0.002717495552315678,trending,0.2824317901374217,0.43207070924775803,0.28549750061482027,0
1785240000000,63449.99,63546.65,0.007814888747085913,2.0,0.0026578339426093014,trending,0.2898972469381521,0.4413962981750525,0.26870645488679545,0
1785243600000,63546.65,63104.0,0.009220968559837672,2.0,0.003059543161197019,trending,0.2801569053266042,0.41747675321677336,0.3023663414566225,0
1785247200000,63104.0,63412.45,0.005078497992113462,2.0,0.0032222991264494803,trending,0.2882380910966986,0.4159950153250286,0.29576689357827274,0
1785250800000,63412.45,63928.47,-0.0003827715570230428,1.0,0.003475697658797715,high_volatility,0.2756113395059453,0.4565680799855403,0.2678205805085145,0
1785254400000,63928.46,64043.26,-0.001962891957717372,1.0,0.003440039074061322,high_volatility,0.2713725087254161,0.4799996732369458,0.24862781803763823,0
1785258000000,64043.27,63685.88,0.004499584523288469,2.0,0.0035751467299832604,high_volatility,0.25135152559370616,0.47434910127941043,0.2742993731268835,0
1785261600000,63685.88,63734.49,0.0007722663192253343,1.0,0.0034361533663947994,high_volatility,0.24238651455285606,0.469962857332488,0.2876506281146559,0
1785265200000,63734.49,63904.0,0.00017213319979969555,1.0,0.0033352051188349752,trending,0.25676330367093514,0.45655112527061026,0.28668557105845466,0
1785268800000,63904.0,63917.55,0.0005701094613292934,1.0,0.0031891110644912215,trending,0.24259564469516612,0.48674683491129656,0.2706575203935373,0
1785272400000,63917.55,63972.44,-0.004179612345566408,0.0,0.0030802350835567663,trending,0.23489193855559967,0.4989931935456136,0.26611486789878674,0
1785276000000,63972.44,63783.71,0.003076804406642486,2.0,0.003038198493553441,trending,0.24042289034610498,0.4700168841263977,0.28956022552749716,0
1785279600000,63783.72,63915.0,-0.0025341469138699946,1.0,0.003079847600337776,trending,0.2448031618900572,0.4640847185818821,0.2911121195280606,0
1785283200000,63915.0,63953.99,0.00022438005822622564,1.0,0.003076883834638281,trending,0.24149878998955213,0.4692360145112664,0.28926519549918145,0
1785286800000,63954.0,63705.06,0.005686518464938395,2.0,0.0030761483062850645,trending,0.2317537394166046,0.4727022219805716,0.2955440386028238,0
1785290400000,63705.07,63979.96,0.007121917550433121,2.0,0.0031619418257465173,ranging,0.2373545803589618,0.4771513529536359,0.2854940666874024,0
1785294000000,63979.96,63753.03,0.01267343685468747,2.0,0.003142833087907081,ranging,0.2398595274094208,0.45686020839167685,0.30328026419890247,0
1785297600000,63753.04,63968.34,0.0070186282776760756,2.0,0.003158369010355441,ranging,0.24972094983920293,0.4549616383024107,0.2953174118583863,0
1785301200000,63968.34,64067.32,0.009844020321124747,2.0,0.003064790838202293,ranging,0.2489293604846791,0.4541930126420202,0.2968776268733008,0
1785304800000,64067.32,64435.62,0.0005309175266723365,1.0,0.0031251616061939804,ranging,0.2420407952712453,0.46811899294468295,0.2898402117840719,0
1785308400000,64435.63,64561.0,-0.0008280540883814913,1.0,0.0030113540837778717,ranging,0.25266221218817814,0.4907956270575178,0.25654216075430414,0
1785312000000,64561.01,64417.31,-0.0021810907658205148,1.0,0.003004860475985393,ranging,0.25971868979580714,0.472260713333849,0.2680205968703438,0
1785315600000,64417.31,64698.0,-0.0005146990633404513,1.0,0.0030151819378915214,ranging,0.24628731070265297,0.4868671944268523,0.2668454948704947,0
1785319200000,64698.01,64469.83,-0.005612237538085596,0.0,0.0030143082134367295,ranging,0.24758889888409333,0.48426957818603034,0.2681415229298763,0
1785322800000,64469.84,64507.54,-0.008425836731644099,0.0,0.0029097962758000383,ranging,0.23832886398798406,0.4974241089651676,0.2642470270468483,0
1785326400000,64507.53,64276.81,-0.007288476201603555,0.0,0.002906086298007995,ranging,0.24255741298068267,0.4736175347471759,0.28382505227214155,0
1785330000000,64276.82,64664.7,-0.006106422824199265,0.0,0.0030319273759967327,ranging,0.24280172566021102,0.4816655325541201,0.2755327417856688,0
1785333600000,64664.69,64108.01,0.006138234520147945,2.0,0.003288488960693065,high_volatility,0.23627776502233128,0.4767704611144704,0.2869517738631983,0
1785337200000,64108.01,63964.01,-0.005855636630661576,0.0,0.003267507419184418,high_volatility,0.23815403643090965,0.47715320226445235,0.28469276130463794,0
1785340800000,63964.01,63808.33,-0.004487188428219269,0.0,0.003392375487277087,high_volatility,0.23605395777285115,0.47842896902606014,0.2855170732010887,0
1785344400000,63808.33,64269.83,-0.006376708947261944,0.0,0.003512551900867607,high_volatility,0.2359445378776105,0.4785792412992811,0.2854762208231085,0
1785348000000,64269.83,64501.52,-0.008666772503965747,0.0,0.003841812538409055,high_volatility,0.2457729318658481,0.47001386863988226,0.28421319949426976,0
1785351600000,64501.52,63589.46,0.006208890592874994,2.0,0.004352513459746037,high_volatility,0.2166615962698921,0.47261902873938133,0.3107193749907266,0
1785355200000,63589.46,63522.01,0.0027503852601642453,1.0,0.004294416721659346,high_volatility,0.2279683020219638,0.4697514486044011,0.30228024937363507,0
1785358800000,63522.01,63860.0,0.006357657375508863,2.0,0.004364307822006129,high_volatility,0.2242256806925109,0.4607478194009854,0.3150264999065036,0
1785362400000,63860.0,63942.5,0.0038705086601242833,1.0,0.004229280846824492,high_volatility,0.22794310751726193,0.4812057534864542,0.2908511389962838,0
1785366000000,63942.5,63984.28,0.0027772446607199353,1.0,0.004037233026081873,high_volatility,0.23595207871957175,0.5095404296682444,0.25450749161218394,0
1785369600000,63984.29,63696.72,0.005137941168713134,2.0,0.004116792859258809,high_volatility,0.23911760480615443,0.4861939983014212,0.27468839689242436,0
1785373200000,63696.73,64266.0,-0.003611707590327695,1.0,0.004242346126928593,high_volatility,0.2444348367705332,0.4836788198990248,0.271886343330442,0
1785376800000,64266.01,64189.99,-0.002928649778571324,1.0,0.0041123234440575895,high_volatility,0.23478382042349732,0.5008971493574987,0.264319030219004,0
1785380400000,64190.0,64161.98,-0.002119323624364511,1.0,0.0039317476640045495,high_volatility,0.23689753600231375,0.504840871559519,0.25826159243816726,0
1785384000000,64161.98,64023.99,0.004436149637034648,2.0,0.0037735780143592452,high_volatility,0.23626137772611613,0.4726797306137715,0.29105889166011234,0
1785387600000,64024.0,64033.89,0.008334180540960467,2.0,0.0036869804118259335,high_volatility,0.23367840883638563,0.48524641150363645,0.2810751796599779,0
1785391200000,64033.9,64002.0,0.008885972313365187,2.0,0.003507560115977644,high_volatility,0.23368447153401734,0.48741987660188646,0.2788956518640963,0
1785394800000,64001.99,64026.0,0.011901415050135977,2.0,0.0033901888217916084,high_volatility,0.23587831186216365,0.5008363742518257,0.26328531388601056,0
1785398400000,64026.0,64308.01,0.009594294707611084,2.0,0.0033864399335461395,ranging,0.24187904777093244,0.49330384220508416,0.2648171100239834,0
1785402000000,64308.01,64567.56,0.007038364156861432,2.0,0.003369250275482763,ranging,0.24217370327303006,0.5036825345033532,0.25414376222361673,0
1785405600000,64567.55,64570.72,0.001753890927652657,1.0,0.003174890482342734,ranging,0.22284741319013748,0.5328596600941307,0.24429292671573194,0
1785409200000,64570.72,64788.0,-0.0008905970241401828,1.0,0.003164755528755576,ranging,0.25029202168804754,0.5120038024005121,0.23770417591144039,0
1785412800000,64788.01,64925.0,-0.0016479014247208212,1.0,0.003101447115420224,ranging,0.25690984797898886,0.49440913388375923,0.24868101813725185,0
1785416400000,64925.0,65022.01,-0.002307064946162063,1.0,0.003196990967907368,ranging,0.2575097351343838,0.49516846438687967,0.24732180047873656,0
1785420000000,65022.0,64683.97,0.0002911076731995088,1.0,0.0032637498052977237,ranging,0.24772221274427678,0.4846915368762896,0.26758625037943357,0
1785423600000,64683.97,64730.3,0.0010767754822702535,1.0,0.003214297111480791,ranging,0.24753037129356248,0.49292310301519326,0.2595465256912442,0
1785427200000,64730.29,64818.01,-0.0006269862342271892,1.0,0.0031354374370627493,ranging,0.24685561677369747,0.4966226755341543,0.2565217076921482,0
1785430800000,64818.01,64872.0,-0.0021036810950795237,1.0,0.003051753119273118,ranging,0.2379054206365962,0.518633683609364,0.24346089575403976,0
1785434400000,64871.99,64702.8,0.002292945591226392,1.0,0.0029814709592997477,low_liquidity,0.22984626516408505,0.49565694318276576,0.27449679165314916,0
1785438000000,64702.8,64800.0,-0.0003083333333333549,1.0,0.0028974313816247095,ranging,0.2501526144239267,0.48608740420481245,0.26375998137126083,0
1785441600000,64800.0,64777.37,-0.0008098507241032227,1.0,0.0028130681571144076,ranging,0.2455992837229989,0.4804997744647832,0.27390094181221786,0
1785445200000,64777.38,64735.53,-0.0026495496368068583,1.0,0.0026814431834441712,low_liquidity,0.23672424719712576,0.4850255855136904,0.27825016728918395,0
1785448800000,64735.53,64851.16,-0.008532923697895378,0.0,0.0027236305337889895,trending,0.24396479472786117,0.48134924285503594,0.27468596241710286,0
1785452400000,64851.16,64780.02,-0.006329420707187117,0.0,0.0027610340722111298,trending,0.24399455206904613,0.4660126187421488,0.2899928291888051,0
1785456000000,64780.03,64724.91,-0.006564860422362928,0.0,0.0027058846337310372,trending,0.24348515005710192,0.4703015424946149,0.2862133074482831,0
1785459600000,64724.92,64564.01,-0.0031124151055673677,1.0,0.0031356122530317634,trending,0.24115442891296066,0.4589248937853063,0.2999206773017331,0
1785463200000,64564.0,64297.79,-0.0010236743751224076,1.0,0.003197257314299658,trending,0.24587121499871198,0.4629036339228097,0.2912251510784784,0
1785466800000,64297.79,64370.0,-0.006524623271710439,0.0,0.0031438575332568895,trending,0.2391393754394281,0.48571733594699507,0.2751432886135769,0
1785470400000,64370.0,64300.0,-0.0072471228615862415,0.0,0.0030571111113138166,trending,0.24009400463725292,0.4750599934160851,0.284846001946662,0
1785474000000,64299.99,64363.06,-0.010054835801778128,0.0,0.0029379820150023266,trending,0.23951425254068412,0.49128068267695485,0.269205064782361,0
1785477600000,64363.06,64231.97,-0.004877633365441003,0.0,0.002934234935874614,trending,0.24070663140967166,0.46012526937372855,0.29916809921659976,0
1785481200000,64231.97,63950.01,-0.002259577441817484,1.0,0.0029829191972008976,trending,0.2517559033346287,0.45662144836441043,0.2916226483009607,0
1785484800000,63950.01,63834.01,-0.001253250422462937,1.0,0.0029109698087860596,trending,0.24399094455337683,0.47069063262870364,0.2853184228179195,0
1785488400000,63834.01,63715.9,-0.006986796074449186,0.0,0.0028485997849031115,trending,0.24157334325858726,0.48513319737743243,0.27329345936398025,0
1785492000000,63715.91,63918.67,-0.019346616567585073,0.0,0.002865892242945834,ranging,0.27074782712398404,0.463736664067727,0.26551550880828884,0
1785495600000,63918.68,63805.51,-0.017066551148952502,0.0,0.0028136623611809738,ranging,0.26251809282346367,0.4654886272028333,0.2719932799737031,0
1785499200000,63805.5,63754.01,-0.013852148280555254,0.0,0.002751232101768334,ranging,0.25189754101936396,0.48131605445468995,0.26678640452594604,0
1785502800000,63754.01,63270.73,-0.0003997108931729221,1.0,0.002985712605937299,ranging,0.25367676177965126,0.4575369815876486,0.28878625663270024,0
1785506400000,63270.72,62682.06,0.0066288504238694035,2.0,0.0033755463797571867,ranging,0.24906112921733795,0.47169176702865123,0.2792471037540107,0
1785510000000,62682.05,62716.57,0.004072767372322872,2.0,0.003323446839844486,ranging,0.23349540120952944,0.49871040198125854,0.26779419680921185,0
1785513600000,62716.57,62870.88,0.001317303018503857,1.0,0.0032303456395086604,trending,0.2226884348001828,0.5185712404986839,0.2587403247011333,0
1785517200000,62870.87,63245.44,-0.004706426265672303,0.0,0.003321796514139358,ranging,0.2545914411797774,0.49621979058914145,0.24918876823108108,0
1785520800000,63245.44,63097.57,-0.002338758846022082,1.0,0.0033199719414751853,ranging,0.24370709915040825,0.5099770073563025,0.24631589349328928,0
1785524400000,63097.57,62972.0,-0.001335831798259579,1.0,0.003239868632860027,ranging,0.25880502382481246,0.48905941458912094,0.2521355615860666,0
1785528000000,62972.0,62953.7,-0.00024923078389349484,1.0,0.0030812475768813336,ranging,0.28120703947485015,0.46393421570483506,0.25485874482031484,0
1785531600000,62953.7,62947.78,0.00043258078362740093,1.0,0.003008808210948014,ranging,0.2724675755975766,0.47034842855445513,0.2571839958479683,0
1785535200000,62947.77,62950.0,0.0019868149324862028,1.0,0.002895909866361441,ranging,0.2730757027117778,0.4731595558532861,0.25376474143493616,0
1785538800000,62950.01,62887.88,0.0018540933483528477,1.0,0.0027959008035262616,low_liquidity,0.27597316520084686,0.4583317378606644,0.2656950969384887,0
1785542400000,62887.88,62938.01,0.002812291014603119,2.0,0.002686849630649972,ranging,0.2910953180751796,0.4502536885514841,0.25865099337333636,0
1785546000000,62938.01,62975.01,0.0007144103669058932,1.0,0.0025387424040906686,ranging,0.29438966060158933,0.4440628076496471,0.26154753174876344,0
1785549600000,62975.0,63075.07,8.830747235011316e-05,1.0,0.0025,ranging,0.2928710903436612,0.4598015999573495,0.24732730969898933,0
1785553200000,63075.08,63004.48,0.0007297893737079342,1.0,0.0025,ranging,0.29294998649588433,0.4377066378409073,0.2693433756632084,0
1785556800000,63004.47,63115.01,0.00017808758962400972,1.0,0.0025,low_liquidity,0.2894196540333378,0.4527778652972887,0.25780248066937345,0
1785560400000,63115.0,63020.0,0.000526340844176465,1.0,0.0025,ranging,0.29575318836848646,0.4366447062553242,0.2676021053761893,0
1785564000000,63020.0,63080.64,-0.00039061112886618066,1.0,0.0025,ranging,0.2927074997778876,0.44353504045816183,0.26375745976395043,0
1785567600000,63080.65,63050.46,0.0004050723817081714,1.0,0.0025,low_liquidity,0.27686581449849496,0.45001055995893735,0.2731236255425677,0
1785571200000,63050.45,63126.25,-0.0003575374745053983,1.0,0.0025,low_liquidity,0.2763284366807915,0.44960807897441485,0.2740634843447937,0
1785574800000,63126.25,63053.17,0.0002561330381962712,1.0,0.0025,ranging,0.2870141489971183,0.4315119863680671,0.2814738646348146,0
1785578400000,63053.17,63056.0,0.001118370971834537,1.0,0.0025,ranging,0.265744872470029,0.4394253276438397,0.2948297998861314,0
1785582000000,63055.99,63076.0,-0.0010929672141544167,1.0,0.0025,ranging,0.26415080685270537,0.44423759128326307,0.29161160186403146,0
1785585600000,63076.0,63103.68,-0.002715531011820538,0.0,0.0025,ranging,0.2655031502504642,0.4500387821959936,0.28445806755354214,0
1785589200000,63103.68,63069.32,-0.005727824558755312,0.0,0.0025,ranging,0.27303525880709734,0.44143943955510945,0.2855253016377932,0
1785592800000,63069.31,63126.52,-0.00864866303417322,0.0,0.0025,ranging,0.2722704271084203,0.45523328459154744,0.27249628830003214,0
1785596400000,63126.53,63007.06,-0.007574389282724803,0.0,0.0025,ranging,0.2795182208219202,0.43269937932804486,0.2877823998500349,0
1785600000000,63007.06,62932.32,-0.004293342435174874,0.0,0.0025,ranging,0.2814902488191419,0.4306651931683101,0.28784455801254794,0
1785603600000,62932.32,62708.07,0.0016693226246637938,1.0,0.0025,ranging,0.2802926754293281,0.42141542453028624,0.2982919000403858,0
1785607200000,62708.06,62580.56,0.004006355967412167,2.0,0.0025,ranging,0.2825415738959978,0.42469535504902955,0.2927630710549726,0
1785610800000,62580.55,62529.82,0.004698878071294654,2.0,0.0025,ranging,0.2693101707882388,0.44786887843656914,0.2828209507751921,0
1785614400000,62529.81,62662.13,0.002742645358528417,2.0,0.0025,ranging,0.27574270571341697,0.4318708350018307,0.29238645928475226,0
1785618000000,62662.14,62812.75,0.002692446995235853,2.0,0.0025,ranging,0.2780602239544885,0.4450966802097513,0.27684309583576017,0
1785621600000,62812.76,62831.28,0.00987247116404455,2.0,0.0025,low_liquidity,0.25943705750390084,0.46961801071444464,0.2709449317816544,0
1785625200000,62831.29,62823.64,0.010160347283283855,2.0,0.0025,ranging,0.25426363896061355,0.45066346474461993,0.2950728962947664,0
1785628800000,62823.65,62833.99,0.012031863645775243,2.0,0.0025,ranging,0.249833579575756,0.43926691503910026,0.3108995053851438,0
1785632400000,62834.0,62981.87,0.00748469361103421,2.0,0.0025,ranging,0.2497030221137223,0.4640581741300616,0.28623880375621613,0
1785636000000,62981.87,63451.58,0.00048714310975395136,1.0,0.0025,ranging,0.2591911926241151,0.44077632151669605,0.30003248585918885,0
1785639600000,63451.58,63461.95,0.0006978985045369424,1.0,0.0025,ranging,0.2648590507101379,0.47619103537801266,0.2589499139118496,0
1785643200000,63461.95,63590.0,-0.006227551501808537,0.0,0.0025,ranging,0.2566449968036899,0.4833784215635318,0.2599765816327783,0
1785646800000,63590.0,63453.27,-0.0028261742854228666,0.0,0.0025,ranging,0.25596421092849575,0.4719876592555963,0.272048129815908,0
1785650400000,63453.27,63482.49,-0.004370654018139519,0.0,0.0025,ranging,0.24042481380586864,0.50124379650346,0.2583313896906714,0
1785654000000,63482.49,63506.24,-0.007467770096292847,0.0,0.0025,ranging,0.2339846378726499,0.5050277026433572,0.260987659483993,0
1785657600000,63506.23,63193.99,-0.001083963838966362,1.0,0.0025,ranging,0.25348931869711167,0.45279660021989204,0.29371408108299635,0
1785661200000,63194.0,63273.94,-0.002323547419364136,1.0,0.0025,ranging,0.24921045097563485,0.45894050397590935,0.2918490450484559,0
1785664800000,63273.94,63205.03,-0.0021463481624800496,1.0,0.0025,ranging,0.23410439883735112,0.485105909215704,0.28078969194694503,0
1785668400000,63205.03,63031.99,0.001223981663913909,1.0,0.0025,ranging,0.2539004800481884,0.44393111276200686,0.3021684071898047,0
1785672000000,63031.99,63125.49,0.0008692209755520874,1.0,0.0025,ranging,0.25500378595260736,0.4488161925607702,0.2961800214866225,0
1785675600000,63125.49,63126.92,0.0027462135013081035,2.0,0.0025,ranging,0.24266915776886563,0.46588215003138245,0.29144869219975195,0
1785679200000,63126.92,63069.37,0.004957081385147832,2.0,0.0025,ranging,0.23234674651932696,0.4733115115808367,0.2943417418998364,0
1785682800000,63069.37,63109.14,0.005496351241674358,2.0,0.0025,ranging,0.22579732825501259,0.4833790952863942,0.2908235764585931,0
1785686400000,63109.13,63180.36,0.0049724313061842995,2.0,0.0025,ranging,0.23304393818169536,0.47821396438500985,0.28874209743329476,0
1785690000000,63180.36,63300.28,0.00438734236246674,2.0,0.0025,ranging,0.2440195647961195,0.4728051901053399,0.2831752450985406,0
1785693600000,63300.0,63382.01,0.0006716416850776064,1.0,0.0025,ranging,0.2550059615522872,0.4576447227929314,0.28734931565478133,0
1785697200000,63382.01,63456.01,0.0017963625510017955,1.0,0.0025,ranging,0.24478822979283962,0.4929105309926965,0.26230123921446385,0
1785700800000,63456.0,63494.52,-0.0027863821948728162,0.0,0.0025,low_liquidity,0.2274273048914863,0.5110639543551772,0.26150874075333663,0
1785704400000,63494.51,63578.0,-0.005754191701531908,0.0,0.0025,ranging,0.27154858229980666,0.4562042811834783,0.27224713651671506,0
1785708000000,63578.01,63424.58,-0.004464830512082241,0.0,0.0025,ranging,0.25043739093976836,0.4576641298818365,0.29189847917839523,0
1785711600000,63424.58,63570.0,-0.0110037753657386,0.0,0.0025,ranging,0.2505680084085531,0.4814018427173241,0.2680301488741228,0
1785715200000,63570.01,63317.6,-0.008332596308135432,0.0,0.0025,ranging,0.2544053745255615,0.4508796818701439,0.2947149436042946,0
1785718800000,63317.61,63212.16,-0.00609044209215448,0.0,0.0025,ranging,0.2552456575613618,0.4495668713283535,0.2951874711102847,0
1785722400000,63212.16,63141.4,-0.008200641734266267,0.0,0.0025,ranging,0.2508637091214223,0.462222511128135,0.28691377975044274,0
1785726000000,63141.39,62870.49,-0.003966725883637889,0.0,0.0025,ranging,0.2576649391895747,0.4396698665604127,0.3026651942500126,0
1785729600000,62870.48,62790.0,-0.00395763656633219,0.0,0.0025,ranging,0.2526732476069305,0.44586794171240446,0.30145881068066505,0
1785733200000,62790.0,62827.17,0.00016282764288133578,1.0,0.0025,ranging,0.26151678556279173,0.4289286230711043,0.30955459136610397,0
1785736800000,62827.17,62623.6,0.0018908207129582077,1.0,0.0025,ranging,0.2651888840680727,0.42826840612687256,0.3065427098050547,0
1785740400000,62623.6,62621.1,-0.0009755497747563346,1.0,0.0025,ranging,0.27019546093863445,0.4251475670830362,0.3046569719783294,0
1785744000000,62621.1,62541.5,0.002534317213370274,2.0,0.0025,ranging,0.2634600700171164,0.42278453571818053,0.31375539426470306,0
1785747600000,62541.5,62837.4,0.008174908573556516,2.0,0.0025,ranging,0.28028799091829404,0.4275182687861643,0.29219374029554157,0
1785751200000,62837.4,62742.01,0.019527267296664652,2.0,0.0025,ranging,0.2729520561769735,0.42907808504656236,0.2979698587764642,0
1785754800000,62742.01,62560.01,0.018140981754958263,2.0,0.0025,ranging,0.2704848332320953,0.4415201112038752,0.28799505556402955,0
1785758400000,62560.01,62700.0,0.0171684210526315,2.0,0.0025,ranging,0.27850633144903486,0.426178962081338,0.2953147064696272,0
1785762000000,62700.01,63351.09,0.008759281016317289,2.0,0.0027454702170029753,ranging,0.2956856984753696,0.4180509806926442,0.28626332083198613,0
1785765600000,63351.09,63967.19,-0.001505771943397849,1.0,0.003098794978807299,ranging,0.29143006507781494,0.4331480001527361,0.275421934769449,0
1785769200000,63967.19,63694.91,0.002739151370179993,1.0,0.0031206482067016976,ranging,0.2877072998818534,0.46776115279411434,0.24453154732403218,0
1785772800000,63694.9,63776.46,-1.615015947886711e-05,1.0,0.0030795019786721105,ranging,0.2715281230312189,0.48038118469013585,0.24809069227864528,0
1785776400000,63776.46,63906.0,-0.004942415422651947,0.0,0.003085241886425971,ranging,0.2710955491513699,0.461425766647274,0.2674786842013562,0
1785780000000,63905.99,63870.87,-0.003959081816170662,0.0,0.003022114422786828,trending,0.24324251827071028,0.5024290802328828,0.25432840149640695,0
1785783600000,63870.87,63869.38,-0.005470226891195695,0.0,0.002963331463704576,trending,0.273006804486732,0.46192728393869625,0.2650659115745718,0
1785787200000,63869.38,63775.43,-0.006482747352703155,0.0,0.0029261984067453007,trending,0.252703375129103,0.45514157992995896,0.29215504494093797,0
1785790800000,63775.43,63590.15,0.0040537724789138085,2.0,0.0028895336570224158,trending,0.24990619167579783,0.46032730538462646,0.2897665029395757,0
1785794400000,63590.15,63618.0,0.0032135559118489088,2.0,0.0028759722347688555,ranging,0.26894637812201583,0.4572965770634799,0.27375704481450425,0
1785798000000,63618.01,63520.0,0.004408217884130927,2.0,0.002779865533026521,ranging,0.26130332057771216,0.453849318885451,0.28484736053683674,0
1785801600000,63520.0,63361.99,0.010526973663548267,2.0,0.0027656844230068,ranging,0.2724996490434114,0.44305943139439696,0.28444091956219153,0
1785805200000,63362.0,63847.93,-0.0004612522285373233,1.0,0.0029285103054334,ranging,0.27840156500505037,0.46036844686772815,0.2612299881272214,0
1785808800000,63847.92,63822.44,-0.002388501599124071,1.0,0.0029121722847824513,ranging,0.2728735193133565,0.4644828418880612,0.2626436387985824,0
1785812400000,63822.45,63800.01,-0.0017910655499897565,1.0,0.0028468482236215075,ranging,0.2895592768890364,0.4466510721140904,0.2637896509968732,0
1785816000000,63800.01,64029.0,-0.006872823251963922,0.0,0.0029565423332306414,ranging,0.29720705654037577,0.4446028467452794,0.2581900967143448,0
1785819600000,64029.01,63818.48,-0.003365012767461706,0.0,0.0029342372277787157,ranging,0.28344564528212096,0.43693422473966287,0.2796201299782162,0
1785823200000,63818.47,63670.0,0.001476362494110317,1.0,0.0028693613025547646,ranging,0.2802924982533492,0.4288831222551922,0.2908243794914586,0
1785826800000,63670.0,63685.74,0.003772587081503742,2.0,0.0028365949109056027,ranging,0.2796896762589195,0.43355504116719357,0.2867552825738868,0
1785830400000,63685.73,63588.94,0.004992534865339904,2.0,0.002761482463725327,ranging,0.25829643492303206,0.4438580916691321,0.29784547340783574,0
1785834000000,63589.04,63603.73,0.0012610895618856421,1.0,0.002626686308962727,ranging,0.2625731194365622,0.4591465296505894,0.27828035091284853,0
1785837600000,63603.73,63764.0,0.005719841917069202,2.0,0.002695197030421893,ranging,0.28614225496785156,0.44640177683425564,0.26745596819789275,0
1785841200000,63763.99,63926.0,0.003115164408847626,2.0,0.002655900198021016,ranging,0.2963455397075332,0.45190198916889596,0.2517524711235708,0
1785844800000,63926.0,63906.41,0.0006966437326083597,1.0,0.0026510083694074654,ranging,0.293730494075855,0.4529471251271011,0.25332238079704406,0
1785848400000,63906.41,63683.94,0.004524688642065788,2.0,0.0027675261399097337,ranging,0.28817193711502276,0.42821961367507805,0.28360844920989925,0
1785852000000,63683.95,64128.72,0.0027642840836368254,1.0,0.0029384055251373024,ranging,0.28230100499106936,0.49084039457185696,0.22685860043707376,1
1785855600000,64128.73,64125.14,0.001687637641025086,1.0,0.003011852413203062,ranging,0.2901708788967655,0.49867152616119736,0.21115759494203695,1
1785859200000,64125.14,63950.93,0.006099520366631195,2.0,0.0029603377705015323,ranging,0.2957916133337421,0.4941524571856984,0.21005592948055943,1
1785862800000,63950.94,63972.09,0.003468856496637862,2.0,0.0029435968493560396,ranging,0.2937547939270393,0.47275766575609535,0.23348754031686533,1
1785866400000,63972.09,64305.99,-0.0005501820281438308,1.0,0.0030085694898710842,ranging,0.2924651549304217,0.4978846416207105,0.20965020344886776,1
1785870000000,64305.99,64233.36,-0.001974052112484914,1.0,0.0029433765457359757,trending,0.27655987249447916,0.5197556377230494,0.20368448978247136,1
1785873600000,64233.35,64341.0,-0.005486392813291663,0.0,0.0030072033036162237,ranging,0.2892560502593657,0.5078987575560391,0.2028451921845952,1
1785877200000,64341.0,64194.0,0.002178396734897392,1.0,0.0029099360430365423,low_liquidity,0.24973289063929333,0.5285645283631517,0.22170258099755502,1
1785880800000,64193.99,64270.61,0.0015193569813636287,1.0,0.002801493389221143,low_liquidity,0.25924467937148377,0.5261435097162259,0.2146118109122903,1
1785884400000,64270.62,64106.56,0.0011966014086546295,1.0,0.0029208487928656097,trending,0.27481097330186577,0.4849283618469981,0.24026066485113629,1
1785888000000,64106.55,63988.0,0.002948990435706733,2.0,0.002861115018306966,ranging,0.2983219051737693,0.4738253738664776,0.22785272095975317,1
1785891600000,63988.0,64333.84,-4.6165439525958085e-05,1.0,0.0029062702584879796,trending,0.2816427484672289,0.49489607579873984,0.22346117573403118,1
1785895200000,64333.85,64368.26,-0.0017816234274470322,1.0,0.002818021352540409,trending,0.2570932898685247,0.5322212755860763,0.21068543454539895,1
1785898800000,64368.27,64183.27,-0.00030038980562996365,1.0,0.002891368403074893,trending,0.27623937413935995,0.501986471069277,0.2217741547913631,1
1785902400000,64183.27,64176.7,-0.0008708768135475831,1.0,0.002771924151257744,low_liquidity,0.26050657637235364,0.5051744938910864,0.23431892973655988,1
1785906000000,64176.69,64330.87,-0.002733058017091894,1.0,0.002809331419641587,trending,0.2837914312015999,0.4881620480659037,0.22804652073249634,1
1785909600000,64330.86,64253.58,-0.002978044180573236,0.0,0.0027078308282260247,trending,0.282099290720403,0.4901588344533206,0.22774187482627634,1
1785913200000,64253.59,64163.99,-0.0013825511786283995,1.0,0.002702347667195676,ranging,0.305844703364095,0.45648517623090207,0.23767012040500288,1
1785916800000,64164.0,64120.81,0.003300332606528178,2.0,0.002632658028123639,ranging,0.2851608365779632,0.47795468747632613,0.2368844759457106,1
1785920400000,64120.81,64155.05,0.003942635848619869,2.0,0.0025153727991926024,low_liquidity,0.2738650788794902,0.4907324689458884,0.23540245217462133,1
1785924000000,64155.06,64062.23,0.006464963832823134,2.0,0.0025,ranging,0.3153122463929052,0.4542660418416496,0.23042171176544513,1
1785927600000,64062.23,64075.28,0.004880665367361647,2.0,0.0025,ranging,0.2953565081894039,0.46711280167845054,0.23753069013214562,1
1785931200000,64075.28,64332.43,0.005122766231588027,2.0,0.0025557406024198687,ranging,0.30772041518324894,0.4617683476353005,0.23051123718145053,1
1785934800000,64332.43,64407.99,0.005620575956492457,2.0,0.0027243969534162965,ranging,0.29456151129618807,0.47666852892004874,0.22876995978376324,1
1785938400000,64407.99,64476.39,0.005005087908922956,2.0,0.002711898674971982,ranging,0.30584382380647435,0.46793347173158073,0.226222704461945,1
1785942000000,64476.4,64388.01,0.007024133841067481,2.0,0.0027602750839388745,ranging,0.3142201066288307,0.4535079544068653,0.23227193896430404,1
1785945600000,64388.01,64661.99,0.00248832428448309,1.0,0.002799465404854085,ranging,0.29296874165480413,0.4978721384650068,0.20915911988018906,1
1785949200000,64661.99,64770.0,-0.00056924502084299,1.0,0.002768721246809889,ranging,0.30119120245197983,0.49178461068169366,0.20702418686632648,1
1785952800000,64770.0,64799.1,-0.002517010267117925,1.0,0.002685529998571841,trending,0.2810381888198582,0.5160948605076809,0.2028669506724609,1
1785956400000,64799.1,64840.28,-0.0026997107353637917,0.0,0.0025941690325122584,trending,0.2901992466521635,0.5042375929429298,0.20556316040490671,1
1785960000000,64840.27,64822.89,-0.0027444009361508037,0.0,0.002554148920962634,trending,0.3114425992278768,0.4758482411885716,0.21270915958355147,1
1785963600000,64822.88,64733.13,-0.0023644770459886333,1.0,0.0025,trending,0.2740422988393601,0.5082060292916054,0.21775167186903438,1
1785967200000,64733.13,64636.0,-0.0008762918497431382,1.0,0.0025,trending,0.27391321820703246,0.5082694346350835,0.21781734715788417,1
1785970800000,64636.0,64665.23,-0.00207530383793586,1.0,0.0025,trending,0.2662040258117213,0.517092697890213,0.2167032762980657,1
1785974400000,64665.24,64644.99,0.0013869597628524133,1.0,0.0025,trending,0.26153109699143806,0.5222049528034886,0.21626395020507336,1
1785978000000,64644.92,64580.07,0.0050792760057398745,2.0,0.0025,trending,0.27054580171577486,0.5230285554600094,0.20642564282421574,1
1785981600000,64580.08,64579.36,0.004345660904660598,2.0,0.0025,trending,0.28863925773144933,0.5050502367180463,0.20631050555050434,1
1785985200000,64579.36,64531.03,0.004318387603607032,2.0,0.0025,low_liquidity,0.2721775615686367,0.5068562374994061,0.22096620093195712,1
1785988800000,64531.03,64734.65,0.003202921464779518,2.0,0.0025,ranging,0.30251581340679695,0.4816298640718274,0.21585432252137554,1
1785992400000,64734.65,64908.09,-0.003458274615691148,0.0,0.0025,ranging,0.3153102652983048,0.46923288329990326,0.21545685140179188,1
1785996000000,64908.1,64860.0,-0.0037627197039777904,0.0,0.0025,trending,0.26139990191166257,0.5265244609325875,0.21207563715574976,1
1785999600000,64860.0,64809.7,-0.0028947827254253156,0.0,0.0025,trending,0.2773864585824063,0.495129141858954,0.22748439955863972,1
1786003200000,64809.7,64941.99,-0.007976195370668515,0.0,0.0025,trending,0.2882720060932249,0.48757546412304037,0.22415252978373465,1
1786006800000,64942.0,64683.62,-0.0038589367756474147,0.0,0.0025,trending,0.30065943492341873,0.46996037528698564,0.22938018978959557,1
1786010400000,64683.62,64615.95,0.0025078947225878334,2.0,0.0025,low_liquidity,0.2687675694319899,0.5107474212529292,0.22048500931508092,1
1786014000000,64615.95,64622.09,0.00015134143757977725,1.0,0.0025,trending,0.2733650576062855,0.5074249160781839,0.21921002631553071,1
1786017600000,64622.08,64424.0,0.005184248106295808,2.0,0.0025,ranging,0.3013493486319557,0.4722495054317613,0.22640114593628302,1
1786021200000,64424.01,64434.01,0.0029127474760610728,2.0,0.0025,ranging,0.31800571491078966,0.44140545636414136,0.24058882872506906,1
1786024800000,64434.01,64778.0,-0.005550186791811962,0.0,0.0025,ranging,0.3283666383199301,0.44511648064035514,0.22651688103971465,1
1786028400000,64778.01,64631.87,-0.0028758258116313717,0.0,0.0025,ranging,0.3308317601365241,0.4494216423067524,0.21974659755672352,1
1786032000000,64631.88,64757.99,-0.004915069167526709,0.0,0.0025,ranging,0.30533747042830733,0.48370032146109615,0.2109622081105964,1
1786035600000,64758.0,64621.69,-0.002800143419338097,0.0,0.0025,ranging,0.3215243673867709,0.4524695198895735,0.2260061127236555,1
1786039200000,64621.68,64418.47,-0.0010397639062214026,1.0,0.0025,ranging,0.3245314310503478,0.4484784881669243,0.22699008078272784,1
1786042800000,64418.48,64446.0,-0.0018991093318436736,1.0,0.0025,ranging,0.30440536355608117,0.46543528503659126,0.23015935140732754,1
1786046400000,64446.01,64439.7,-0.0018887424988012214,1.0,0.0025,low_liquidity,0.27537678435318474,0.4931503296447615,0.23147288600205376,1
1786050000000,64439.71,64440.74,-0.0002822748466264624,1.0,0.0025,ranging,0.2958193597027645,0.4817966454142199,0.2223839948830156,1
1786053600000,64440.74,64351.49,0.0007518085439826017,1.0,0.0025,ranging,0.2849931053114792,0.48818841082738307,0.22681848386113773,1
1786057200000,64351.48,64323.61,-0.0005226696698149569,1.0,0.0025,ranging,0.273709170950257,0.4998830690550279,0.22640775999471519,1
1786060800000,64323.61,64317.99,-0.000977331536635373,1.0,0.0025,ranging,0.28390668732265933,0.48847655641293036,0.2276167562644102,1
1786064400000,64318.0,64422.55,-0.0013367989935201274,1.0,0.0025,ranging,0.29087128013539915,0.48923251366916914,0.21989620619543168,1
1786068000000,64422.54,64399.87,-0.001486804243548967,1.0,0.0025,ranging,0.31071332073464203,0.462170891236511,0.22711578802884694,1
1786071600000,64399.88,64289.99,0.00046430245206141585,1.0,0.0025,low_liquidity,0.2807403117575544,0.4858017369153524,0.23345795132709332,1
1786075200000,64289.99,64255.13,0.0053671979186720176,2.0,0.0025,ranging,0.3077385250862712,0.46024047027975534,0.23202100463397335,1
1786078800000,64255.14,64336.43,0.007816566756968069,2.0,0.0025,ranging,0.31539813059871685,0.4555276028365169,0.2290742665647663,1
1786082400000,64336.42,64304.12,0.00917297367571468,2.0,0.0025,ranging,0.30487483202552945,0.4685786699491801,0.2265464980252904,1
1786086000000,64304.12,64319.84,0.011040761295426194,2.0,0.0025,ranging,0.29892984247550236,0.47942888013544666,0.22164127738905104,1
1786089600000,64319.84,64600.0,0.010717027863777151,2.0,0.0025,ranging,0.3017957611748145,0.4722665874465731,0.2259376513786124,1
1786093200000,64600.0,64839.32,0.0026206320485779866,2.0,0.0025,ranging,0.2926170897891009,0.47970939589108164,0.22767351431981747,1
1786096800000,64839.32,64893.98,0.0009862239918094762,1.0,0.0025,ranging,0.24882074109361085,0.5424194686540154,0.20875979025237376,1
1786100400000,64893.99,65029.98,-0.0018031683232871965,1.0,0.0025,ranging,0.31762063958153347,0.47577521685718743,0.20660414356127918,1
1786104000000,65029.98,65292.32,-0.007325823312757107,0.0,0.0025,ranging,0.3318748129520168,0.4574623929845686,0.21066279406341457,1
1786107600000,65292.31,65009.24,-0.0037673106161523195,0.0,0.0025,ranging,0.3318922188653709,0.4502331441668623,0.21787463696776663,1
1786111200000,65009.23,64957.98,-0.0034248294051015815,0.0,0.0025,ranging,0.3212517500624084,0.45050106358949515,0.22824718634809643,1
1786114800000,64957.98,64912.72,0.0007356031298642041,1.0,0.0025,ranging,0.2986559636820654,0.48240949578176223,0.21893454053617256,1
1786118400000,64912.71,64814.0,0.0024377449316506095,1.0,0.0025,ranging,0.3024187482874773,0.47634699042031864,0.22123426129220403,1
1786122000000,64814.01,64764.33,0.002527317120396333,2.0,0.0025,ranging,0.30719065283511815,0.4624086989890097,0.2304006481758721,1
1786125600000,64764.33,64735.51,0.0023555850567948955,1.0,0.0025,ranging,0.30260316031341666,0.47683561797624013,0.22056122171034323,1
1786129200000,64735.52,64960.47,-0.0005738874734126931,1.0,0.0025,ranging,0.3179547215560759,0.4670496592157101,0.21499561922821406,1
1786132800000,64960.46,64972.0,-0.0006616696423074053,1.0,0.0025,ranging,0.2868271788975696,0.505632791314008,0.20754002978842231,1
1786136400000,64972.0,64928.01,-0.0002498151414158656,1.0,0.0025,low_liquidity,0.2803396690905917,0.5010386964460952,0.21862163446331317,1
1786140000000,64928.02,64888.0,0.0005543397854765875,1.0,0.0025,ranging,0.2989812428346458,0.47821959697435856,0.22279916019099566,1
1786143600000,64888.0,64923.19,0.0016913833100313802,1.0,0.0025,ranging,0.2813584822732935,0.4891479838185976,0.2294935339081088,1
1786147200000,64923.2,64929.01,0.00130249945286387,1.0,0.0025,ranging,0.27952392056866604,0.4825295580204944,0.23794652141083972,1
1786150800000,64929.01,64911.79,0.0012879016277320687,1.0,0.0025,ranging,0.28147062712560045,0.4955423657920551,0.22298700708234442,1
1786154400000,64911.8,64923.97,0.0012728734857094803,1.0,0.0025,ranging,0.27805584850057696,0.4931185824263401,0.2288255690730829,1
1786158000000,64923.98,65033.0,-0.0011225070348900301,1.0,0.0025,ranging,0.2720394714190808,0.49787466233482225,0.23008586624609698,1
1786161600000,65033.0,65013.58,-0.0003031674305583598,1.0,0.0025,ranging,0.25943452974275283,0.512341158080374,0.22822431217687317,1
1786165200000,65013.58,64995.39,-1.661656311324755e-05,1.0,0.0025,low_liquidity,0.234414161463098,0.5298834244467955,0.23570241409010645,1
1786168800000,64995.39,65006.61,-1.1383457774516437e-05,1.0,0.0025,ranging,0.2533906685914995,0.5137141179594479,0.2328952134490526,1
1786172400000,65006.61,64960.0,0.00011314655172411925,1.0,0.0025,ranging,0.24629930931432656,0.5150272141812741,0.23867347650439932,1
1786176000000,64959.99,64993.87,0.00022263638093855675,1.0,0.0025,low_liquidity,0.2443583296844372,0.509200641822343,0.2464410284932198,1
1786179600000,64993.88,64994.31,0.0003224897687197359,1.0,0.0025,ranging,0.2612246316727125,0.48689150067386683,0.25188386765342075,1
1786183200000,64994.31,65005.87,0.0018944443017221424,1.0,0.0025,low_liquidity,0.23222030234888813,0.5086963879103606,0.25908330974075133,1
1786186800000,65005.88,64967.35,0.001746569623049199,1.0,0.0025,ranging,0.252426481665534,0.4824831264565758,0.26509039187789013,1
1786190400000,64967.36,65008.34,0.0012015381411061288,1.0,0.0025,ranging,0.2562795611242895,0.47832590662609914,0.26539453224961124,1
1786194000000,65008.33,65015.27,0.0016070070923339674,1.0,0.0025,ranging,0.2502486129290419,0.4815364834810786,0.2682149035898796,1
1786197600000,65015.27,65129.02,-0.0013043340741193399,1.0,0.0025,ranging,0.24899384720943643,0.502504387287915,0.24850176550264852,1
1786201200000,65129.01,65080.82,-8.31274098881396e-05,1.0,0.0025,ranging,0.25540592316068716,0.48740653578265386,0.257187541056659,1
1786204800000,65080.83,65086.45,-6.20712913362853e-05,1.0,0.0025,low_liquidity,0.2512672380121191,0.4891333975919262,0.2595993643959546,1
1786208400000,65086.46,65119.75,-0.0016399018730877124,1.0,0.0025,ranging,0.2597363204956039,0.47873632334529637,0.26152735615909967,1
1786212000000,65119.75,65044.07,-0.0014368719546609121,1.0,0.0025,ranging,0.24643941394394647,0.48605513386832017,0.26750545218773336,1
1786215600000,65044.08,65075.41,-0.0017335273031703347,1.0,0.0025,ranging,0.24853908602548588,0.4951126911632895,0.2563482228112245,1
1786219200000,65075.4,65082.41,-0.0016711120562376003,1.0,0.0025,ranging,0.24578501155613264,0.50071126653635,0.25350372190751735,1
1786222800000,65082.42,65012.96,-0.0023303046038820607,1.0,0.0025,ranging,0.2523374519975274,0.4897916805124025,0.25787086749007,1
1786226400000,65012.95,64950.61,-0.002010758636446952,1.0,0.0025,ranging,0.26116359637953085,0.4769555630858276,0.2618808405346415,1
1786230000000,64950.62,64962.6,-0.002675385529519958,0.0,0.0025,ranging,0.26091687292898524,0.474975214212492,0.2641079128585227,1
1786233600000,64962.6,64973.65,-0.002903484720344296,0.0,0.0025,ranging,0.26150911107167624,0.47093880075482636,0.26755208817349735,1
1786237200000,64973.65,64861.46,-0.0009231984602258159,1.0,0.0025,ranging,0.2477484980648856,0.4852210552175111,0.26703044671760334,1
1786240800000,64861.46,64820.01,0.00046251149914966483,1.0,0.0025,ranging,0.2648945537070951,0.4520953291799799,0.283010117112925,1
1786244400000,64820.01,64788.8,0.0005763341812163869,1.0,0.0025,ranging,0.257186797192833,0.4571908737864159,0.2856223290207512,1
1786248000000,64788.8,64785.0,0.0006044609091611086,1.0,0.0025,ranging,0.2537865408409793,0.4662796087592841,0.2799338503997367,1
1786251600000,64785.01,64801.58,0.0011769774749319506,1.0,0.0025,ranging,0.2557681564870182,0.46353413273767985,0.2806977107753019,1
1786255200000,64801.57,64849.99,0.0016942176860783587,1.0,0.0025,ranging,0.25505236092344374,0.47528924352150076,0.2696583955550556,1
1786258800000,64850.0,64826.14,0.0019106490067124504,1.0,0.0025,ranging,0.25044918790758863,0.4739195093068971,0.27563130278551423,1
1786262400000,64826.15,64824.16,0.002097211903709928,1.0,0.0025,ranging,0.2542232381249745,0.49172719837271245,0.25404956350231317,1
1786266000000,64824.17,64877.85,0.005270365771985253,2.0,0.0025,ranging,0.26049525014471275,0.4870234334032271,0.2524813164520602,1
1786269600000,64877.86,64959.86,0.004620545672358256,2.0,0.0025,ranging,0.24772024038621343,0.5072111830196329,0.2450685765941536,1
1786273200000,64959.87,64950.0,0.00429068514241715,2.0,0.0025,ranging,0.25059019594439935,0.4929417086537363,0.25646809540186427,1
1786276800000,64950.01,64960.11,0.004187646849735938,2.0,0.0025,ranging,0.252091514611064,0.48299909624118337,0.26490938914775275,1
1786280400000,64960.12,65219.78,-0.0003235214838197553,1.0,0.0025,ranging,0.2617002938830182,0.4929426914591512,0.24535701465783047,1
1786284000000,65219.78,65260.01,-0.000924455880408237,1.0,0.0025,ranging,0.24224306962754472,0.5187349789202391,0.2390219514522161,1
1786287600000,65260.01,65228.68,-0.000736179238948198,1.0,0.0025,ranging,0.2535972100563143,0.5161647390100937,0.23023805093359187,1
1786291200000,65228.68,65232.14,-0.0014437668302772488,1.0,0.0025,ranging,0.24966584023992683,0.49810389039410896,0.25223026936596415,1
1786294800000,65232.15,65198.68,-8.72717055008243e-05,1.0,0.0025,low_liquidity,0.22776203728416466,0.5293377823616697,0.2429001803541657,1
1786298400000,65198.68,65199.68,-0.0018796104520758528,1.0,0.0025,low_liquidity,0.22436571791293292,0.53145780986905,0.24417647221801714,1
1786302000000,65199.69,65180.66,-0.004281484722615692,0.0,0.0025,trending,0.2267001582256575,0.5301226874368804,0.24317715433746218,1
1786305600000,65180.66,65137.96,-0.0026090777175090674,0.0,0.0025,ranging,0.23717997960142298,0.5063426369105292,0.25647738348804794,1
1786309200000,65137.96,65192.99,-4.601721749530885e-05,1.0,0.0025,ranging,0.24263122318948543,0.5083897656941854,0.24897901111632917,1
1786312800000,65192.99,65077.13,0.00035127547880486887,1.0,0.0025,trending,0.2539175463815371,0.47990597929696743,0.2661764743214955,1
1786316400000,65077.13,64901.59,0.0012391067768910968,1.0,0.0025,ranging,0.241574996094752,0.46744795433512154,0.29097704957012654,1
1786320000000,64901.59,64968.01,0.0005959856243096251,1.0,0.0025,trending,0.23558058172143587,0.47901188321824417,0.2854075350603201,1
1786323600000,64968.21,65189.99,-0.0008588741921881082,1.0,0.0025,trending,0.23788443980048865,0.48818273181473143,0.27393282838477984,1
1786327200000,65190.0,65099.99,0.003063134111080501,2.0,0.0025,trending,0.23988368096145532,0.5014892953273955,0.2586270237111492,1
1786330800000,65099.99,64982.01,0.0033966323910263885,2.0,0.0025,trending,0.2603738484829083,0.4822099767984274,0.2574161747186642,1
1786334400000,64982.0,65006.73,0.003674234959980316,2.0,0.0025,trending,0.24509286809087677,0.5009326643795871,0.2539744675295361,1
1786338000000,65006.74,65134.0,-0.002560260386280655,0.0,0.0025,trending,0.24517373190535696,0.5090478232724597,0.24577844482218345,1
1786341600000,65134.0,65299.4,-0.004385032634296904,0.0,0.0025,trending,0.2636750318250761,0.49180839819732364,0.24451656997760038,1
1786345200000,65299.4,65202.73,-0.00117709795280041,1.0,0.0025,trending,0.24346543408534874,0.5076192720782693,0.24891529383638195,1
1786348800000,65202.72,65245.58,-0.005744910229934397,0.0,0.0025,trending,0.24697235247425472,0.49477646068779274,0.2582511868379524,1
1786352400000,65245.59,64967.24,-0.006237913138991247,0.0,0.0025,trending,0.2566239038962177,0.4818595219822116,0.26151657412157076,1
1786356000000,64967.25,65013.06,-0.005957110771281915,0.0,0.0025,trending,0.24838690643411418,0.48940857286231454,0.26220452070357114,1
1786359600000,65013.07,65125.98,-0.012682956939765178,0.0,0.0025,trending,0.24566766648513738,0.5054449510638305,0.24888738245103215,1
1786363200000,65125.99,64870.75,-0.014892690465271308,0.0,0.0025,trending,0.28547227830736943,0.44250209573421856,0.272025625958412,1
1786366800000,64870.74,64561.98,-0.009431866866536631,0.0,0.0025,trending,0.2739496924058507,0.44083159756673346,0.2852187100274159,1
1786370400000,64561.98,64625.77,-0.011394525744142014,0.0,0.0025,trending,0.29125576324931707,0.4262646518249391,0.28247958492574377,1
1786374000000,64625.77,64299.99,-0.00395474400540341,0.0,0.0025,trending,0.23390842445726834,0.46437353879084525,0.30171803675188646,1
1786377600000,64299.99,63904.65,0.0039723243926692575,2.0,0.0025239243627139677,trending,0.21943120149911655,0.48222194949282365,0.29834684900805986,1
1786381200000,63904.65,63953.04,0.0005310146319861264,1.0,0.0025,trending,0.23139451407283756,0.4794806946095782,0.28912479131758423,1
1786384800000,63953.04,63889.39,0.0019817061956610704,1.0,0.0025,trending,0.2274362137399479,0.4770833822971738,0.2954804039628783,1
1786388400000,63889.39,64045.7,-0.001181812362110124,1.0,0.0025,trending,0.25626759645691155,0.48509530128771466,0.25863710225537373,1
1786392000000,64045.7,64158.5,-0.0018469883179936808,1.0,0.0025,trending,0.2448662984748527,0.513629384748965,0.24150431677618223,1
1786395600000,64158.49,63987.0,0.0011533592761030498,1.0,0.0025,trending,0.22316589135652296,0.5280556656561048,0.24877844298737214,1
1786399200000,63987.0,64016.0,0.00044660709822541556,1.0,0.0025,trending,0.23076005306054684,0.5191808967360475,0.25005905020340563,1
1786402800000,64015.99,63970.01,0.002891980163829855,2.0,0.0025,trending,0.2339095229414903,0.5170727966171728,0.24901768044133696,1
1786406400000,63970.01,64040.0,-0.000257495315427847,1.0,0.0025,trending,0.23720369821327422,0.5058604967305461,0.25693580505617963,1
1786410000000,64040.01,64060.8,-0.0009490983565613176,1.0,0.0025,trending,0.23156076050007246,0.5258070800079281,0.2426321594919995,1
1786413600000,64060.8,64044.59,-0.0011758994787849364,1.0,0.0025,trending,0.22291490708349918,0.5401860186815831,0.2368990742349176,1
1786417200000,64044.6,64155.01,-0.0013875767457600663,1.0,0.0025,trending,0.24218690133192744,0.4918228798705362,0.26599021879753637,1
1786420800000,64155.0,64023.51,0.0017634147206238016,1.0,0.0025,trending,0.22772724226831917,0.5003672377666523,0.2719055199650287,1
1786424400000,64023.51,64000.0,0.004687499999999956,2.0,0.0025,trending,0.23022749924892938,0.5015960746177963,0.26817642613327436,1
1786428000000,64000.0,63969.28,0.004126199325676483,2.0,0.0025,trending,0.2503938346399452,0.4481688370415645,0.3014373283184902,1
1786431600000,63969.29,64065.99,0.0050507297241484395,2.0,0.0025,trending,0.24090785297540626,0.47238034455040046,0.28671180247419337,1
1786435200000,64066.0,64136.41,0.0030185662091157806,2.0,0.0025,trending,0.22503726518949355,0.5183795811426007,0.25658315366790574,1
1786438800000,64136.41,64300.0,-0.0015508553654743906,1.0,0.0025,trending,0.23416415978790608,0.5180510942623112,0.2477847459497827,1
1786442400000,64300.0,64233.23,-0.007211220734190116,0.0,0.0025,trending,0.22476728192892179,0.5251610823742436,0.25007163569683466,1
1786446000000,64233.23,64389.57,-0.012109104005508908,0.0,0.0025,trending,0.2360611973322629,0.5186004085313143,0.24533839413642275,1
1786449600000,64389.58,64330.01,-0.012706666764081165,0.0,0.0025,ranging,0.249977787443052,0.4831982134129028,0.2668239991440453,1
1786453200000,64330.0,64200.28,-0.009227374086218987,0.0,0.0025,ranging,0.2491234489507269,0.4611923365407705,0.28968421450850257,1
1786456800000,64200.29,63770.03,-0.006224867700391545,0.0,0.0025,ranging,0.2769447633416808,0.4236898515020264,0.2993653851562929,1
1786460400000,63770.03,63609.87,-0.0011612977671546787,1.0,0.0025,ranging,0.2557953785681719,0.4298471693809785,0.3143574520508496,1
1786464000000,63609.86,63512.59,0.0035805499350600734,2.0,0.0025,trending,0.24629378420305575,0.4498592003494277,0.30384701544751647,1
1786467600000,63512.59,63607.88,0.0010195277692011118,1.0,0.0025,trending,0.2331470595329332,0.5079385512240054,0.25891438924306137,1
1786471200000,63607.87,63373.07,0.0046616015288512,2.0,0.0025,trending,0.2344983329839848,0.4675373650937274,0.2979643019222878,1
1786474800000,63373.07,63536.0,0.0010073029463610883,1.0,0.0025,trending,0.2532967741702111,0.469062001715353,0.2776412241144358,1
1786478400000,63536.0,63740.0,3.247568245989818e-05,1.0,0.0025,trending,0.25607785602679345,0.4790033419114962,0.2649188020617103,1
1786482000000,63740.0,63672.73,0.002215548163240433,1.0,0.0025,trending,0.22941719867867116,0.5230934681728053,0.24748933314852342,1
1786485600000,63672.73,63668.49,0.001276455590512704,1.0,0.0025,trending,0.22629116725710005,0.5132785811064752,0.26043025163642475,1
1786489200000,63668.5,63600.0,0.0037042452830187145,2.0,0.0025,trending,0.23495571053041067,0.48098682828488354,0.2840574611847059,1
1786492800000,63600.01,63742.07,0.0004315830973171675,1.0,0.0025,trending,0.24055210159926174,0.47567103145169704,0.28377686694904125,1
1786496400000,63742.07,63813.8,0.0005663351814184647,1.0,0.0025,trending,0.2287407757702268,0.516734693147193,0.2545245310825801,1
1786500000000,63813.8,63749.76,-0.0005927865453925207,1.0,0.0025,trending,0.23608229192089678,0.5043915831985908,0.2595261248805124,1
1786503600000,63749.77,63835.59,3.7596582094678865e-05,1.0,0.0025,ranging,0.26099752696407374,0.47194072419907795,0.26706174883684825,1
1786507200000,63835.58,63769.58,0.0003976817786788267,1.0,0.0025,ranging,0.25735867383137817,0.4693606866163225,0.2732806395522994,1
1786510800000,63769.58,63849.94,0.004054349933609869,2.0,0.0025,ranging,0.2588018076481404,0.48825255812249285,0.2529456342293668,1
1786514400000,63849.94,63711.97,0.006770941159094601,2.0,0.0025,ranging,0.2707914668941337,0.4547710502637224,0.2744374828421439,1
1786518000000,63711.97,63837.99,0.006297973980697202,2.0,0.0025,ranging,0.2626120638113778,0.4712097798236661,0.26617815636495606,1
1786521600000,63838.0,63794.94,0.00509084262795767,2.0,0.0025,ranging,0.24414085915417172,0.4867000406712164,0.26915910017461186,1
1786525200000,63794.95,64108.81,-0.004193027448177511,0.0,0.0025,ranging,0.24331089095978034,0.4888317013076944,0.2678574077325253,1
1786528800000,64108.82,64143.36,-0.012159793312978895,0.0,0.0025,ranging,0.23606702469743818,0.5191717645466759,0.2447612107558859,1
1786532400000,64143.36,64240.04,-0.012431032110191698,0.0,0.0025,ranging,0.253307295939949,0.5340838055716935,0.2126088984883574,1
1786536000000,64240.04,64119.71,-0.009787786002151244,0.0,0.0025,ranging,0.29152567737158314,0.46427968983074547,0.24419463279767148,1
1786539600000,64119.72,63840.0,-0.0057800751879699686,0.0,0.0025,ranging,0.294059790888811,0.44820504259058286,0.257735166520606,1
1786543200000,63840.0,63363.39,0.0003661420261762416,1.0,0.0025,ranging,0.2963097658365531,0.43448824879468934,0.2692019853687575,1
1786546800000,63363.39,63441.47,-0.0003209257288647738,1.0,0.0025,ranging,0.289639967241878,0.44122714346950365,0.26913288928861845,1
1786550400000,63441.48,63492.12,0.0016989509879334896,1.0,0.0025,ranging,0.2794558432549997,0.4666869470868383,0.253857209658162,1
1786554000000,63492.12,63471.0,-1.843361535192045e-05,1.0,0.0025,ranging,0.26458056753350734,0.497361462536317,0.2380579699301756,1
1786557600000,63470.99,63386.59,0.0007208149231565653,1.0,0.0025,ranging,0.25694078286811833,0.4999775811219674,0.24308163600991417,1
1786561200000,63386.58,63421.11,0.0009283975004537037,1.0,0.0025,ranging,0.26092937970561325,0.4727163774659481,0.2663542428284387,1
1786564800000,63421.11,63599.99,-0.0006772013643397967,1.0,0.0025,ranging,0.2604223934990499,0.4937480620463008,0.24582954445464944,1
1786568400000,63600.0,63469.83,-0.00021616569636317973,1.0,0.0025,ranging,0.26178531520337966,0.4630293044334194,0.275185380363201,1
1786572000000,63469.84,63432.28,0.0018559950864134311,1.0,0.0025,ranging,0.2460879340365046,0.49953268751966506,0.25437937844383046,1
1786575600000,63432.28,63479.99,0.002630750256892078,2.0,0.0025,ranging,0.2629319845999625,0.4697955506540554,0.2672724647459821,1
1786579200000,63479.99,63556.92,0.0021527160221106456,1.0,0.0025,ranging,0.25893052216097895,0.48843904862546317,0.2526304292135578,1
1786582800000,63556.91,63456.11,0.0066485323477911695,2.0,0.0025,ranging,0.25711823171449455,0.4809443890648384,0.26193737922066695,1
1786586400000,63456.1,63550.01,0.0061737205076757284,2.0,0.0025,ranging,0.2583020573052005,0.48722075638099854,0.25447718631380095,1
1786590000000,63550.01,63646.99,0.0034384972486523058,2.0,0.0025,ranging,0.26317003355165197,0.5017681690763837,0.23506179737196436,1
1786593600000,63647.0,63693.74,0.0011470514998805914,1.0,0.0025,ranging,0.2590097577488546,0.5251442364863014,0.215846005764844,1
1786597200000,63693.73,63878.0,-0.0014928457371865544,1.0,0.0025,ranging,0.26183976451122404,0.513232031275665,0.22492820421311097,1
1786600800000,63878.01,63942.35,-0.004553476686421365,0.0,0.0025,ranging,0.2338020099909722,0.5559758406079152,0.2102221494011126,1
1786604400000,63942.36,63865.84,-0.00597408567710056,0.0,0.0025,ranging,0.2575673817775748,0.5336533675419776,0.2087792506804476,1
1786608000000,63865.84,63766.8,-0.0010826950701618987,1.0,0.0025,ranging,0.25253002429805393,0.512838617697048,0.23463135800489815,1
1786611600000,63766.8,63782.64,-0.0009193724185765362,1.0,0.0025,ranging,0.27249224268949235,0.49714845512443107,0.23035930218607661,1
1786615200000,63782.65,63651.19,0.003271894838101197,2.0,0.0025,ranging,0.2688708295401529,0.48518724060553553,0.24594192985431168,1
1786618800000,63651.2,63484.3,-0.001012691326832016,1.0,0.0025,ranging,0.2536053317680433,0.48462939827607066,0.26176526995588606,1
1786622400000,63484.31,63697.76,-0.00844032819992424,0.0,0.0025,ranging,0.2549100928098441,0.49359731891361147,0.25149258827654447,1
1786626000000,63697.76,63724.0,-0.009095788086121437,0.0,0.0025,ranging,0.26350702882988203,0.48694067259081664,0.24955229857930133,1
1786629600000,63723.99,63859.45,-0.00860405155384203,0.0,0.0025,ranging,0.27204895326289985,0.4946435280577234,0.23330751867937674,1
1786633200000,63859.46,63420.01,-0.00018953008679756245,1.0,0.0025,ranging,0.2631647308917673,0.4720711419795564,0.2647641271286763,1
1786636800000,63420.01,63160.13,0.004044006875856709,2.0,0.0027299495374649625,high_volatility,0.27143606628831163,0.4441117414707256,0.2844521922409628,1
1786640400000,63160.13,63144.38,0.005220100347806067,2.0,0.002685018478781087,high_volatility,0.27321591795242034,0.4560242044721305,0.27075987757544917,1
1786644000000,63144.37,63310.0,0.0034751224135207703,2.0,0.0026655501869545218,high_volatility,0.2579478995403184,0.46925220270937557,0.27279989775030605,1
1786647600000,63310.0,63407.99,0.0013069330852468752,1.0,0.0026128543223126253,high_volatility,0.25454840096860304,0.5182697480914913,0.22718185093990573,1
1786651200000,63408.0,63415.55,0.001985317481280058,1.0,0.0025,high_volatility,0.23439064635374066,0.5464742586996473,0.21913509494661204,1
1786654800000,63415.56,63474.0,0.0016047515518164968,1.0,0.0025,low_liquidity,0.2369335881786755,0.540584785781817,0.22248162603950744,1
1786658400000,63474.0,63530.01,-0.0010171570884374148,1.0,0.0025,ranging,0.2529021780414822,0.526386924270025,0.22071089768849278,1
1786662000000,63530.01,63490.86,-0.0028485989951939628,0.0,0.0025,ranging,0.2646964538251763,0.48474432267697787,0.25055922349784593,1
1786665600000,63490.86,63541.45,-0.0026579500467804884,0.0,0.0025,ranging,0.263067810655309,0.48859000057864654,0.24834218876604452,1
1786669200000,63541.45,63575.86,-0.003083403040084698,0.0,0.0025,ranging,0.25093027439450505,0.5036746292675081,0.2453950963379869,1
1786672800000,63575.86,63465.39,-0.00774043931661017,0.0,0.0025,ranging,0.25023557435442695,0.503357034286147,0.24640739135942613,1
1786676400000,63465.39,63310.0,-0.006147843942505116,0.0,0.0025,ranging,0.26234802211293706,0.47720692353493294,0.26044505435213006,1
1786680000000,63310.0,63372.56,-0.006825509337164193,0.0,0.0025,ranging,0.26862563984090154,0.46957550522531344,0.261798854933785,1
1786683600000,63372.56,63379.83,-0.009262883791262944,0.0,0.0025,low_liquidity,0.23856844386343543,0.5040162187507105,0.2574153373858541,1
1786687200000,63379.83,62974.14,-0.002540725446985026,0.0,0.0025,ranging,0.2791052048342249,0.44385005198752975,0.27704474317824535,1
1786690800000,62974.14,62920.78,-0.0008256413858823697,1.0,0.0025,ranging,0.269564111562422,0.456217778646582,0.2742181097909959,1
1786694400000,62920.78,62940.01,-0.00315093690007362,0.0,0.0025,ranging,0.2679002991352288,0.44798640411813906,0.2841132967466322,1
1786698000000,62940.01,62792.75,-0.001986694323787397,1.0,0.0025,ranging,0.26630909679204195,0.460139592718885,0.27355131048907305,1
1786701600000,62792.75,62814.14,-0.0030905461732023687,0.0,0.0025,ranging,0.26370511455735396,0.4540527690505608,0.28224211639208524,1
1786705200000,62814.14,62868.83,0.0019424570172530409,1.0,0.0025,ranging,0.24605006681190866,0.5033799749092864,0.25056995827880496,1
1786708800000,62868.83,62741.69,0.006244492298502102,2.0,0.0025,trending,0.23575529496060627,0.5041003055075493,0.26014439953184454,1
1786712400000,62741.68,62668.0,0.005516212421012412,2.0,0.0025,trending,0.23714639986230146,0.4943123791243844,0.2685412210133141,1
1786716000000,62668.0,62620.01,0.004950494258943783,2.0,0.0025,trending,0.2366023237652716,0.4934595381185544,0.2699381381161741,1
1786719600000,62620.01,62990.95,-0.00036354428691731666,1.0,0.0025,trending,0.26586396663771666,0.4686362080441079,0.2654998253181754,1
1786723200000,62990.94,63133.48,-0.003577974792455696,0.0,0.0025,trending,0.26887062474272044,0.4757351114171602,0.25539426384011943,1
1786726800000,63133.49,63013.69,-0.0013520871416989877,1.0,0.0025,trending,0.24353284503450975,0.5040432261517389,0.25242392881375136,1
1786730400000,63013.7,62930.01,-0.0006853645820175114,1.0,0.0025,trending,0.24291654205824528,0.4811830603486418,0.275900397593113,1
1786734000000,62930.01,62968.05,0.0011991795839316755,1.0,0.0025,trending,0.23779463282701296,0.49376261862990706,0.2684427485430799,1
1786737600000,62968.06,62907.59,0.0017849992345915222,1.0,0.0025,trending,0.245044587468733,0.47425440035410954,0.2807010121771574,1
1786741200000,62907.59,62928.49,0.0018535324778967688,1.0,0.0025,low_liquidity,0.23746014312293315,0.4949640041207255,0.2675758527563413,1
1786744800000,62928.49,62886.88,0.003936115132441076,2.0,0.0025,trending,0.2288583187657538,0.4918390779488561,0.27930260328539025,1
1786748400000,62886.87,63043.56,0.00012197915219247513,1.0,0.0025,ranging,0.2739021848642829,0.48233654254435704,0.24376127259136007,1
1786752000000,63043.56,63019.88,0.0016204410417792747,1.0,0.0025,ranging,0.2594934573996769,0.495038360790274,0.24546818181004895,1
1786755600000,63019.89,63045.13,0.0006958507342280651,1.0,0.0025,ranging,0.25434529033646514,0.5020675487282027,0.24358716093533225,1
1786759200000,63045.14,63134.41,-0.00031250787011394277,1.0,0.0025,ranging,0.2633286468781267,0.49559374733613704,0.24107760578573617,1
1786762800000,63134.41,63051.25,0.0003834975515948358,1.0,0.0025,low_liquidity,0.22745631040135164,0.517449820849377,0.2550938687492714,1
1786766400000,63051.25,63122.0,-0.0029511105478280397,0.0,0.0025,low_liquidity,0.25267856342919787,0.5081356330300817,0.23918580354072044,1
1786770000000,63122.01,63089.0,-0.0009291635625862105,1.0,0.0025,ranging,0.24779543641783847,0.5072917707283754,0.2449127928537861,1
1786773600000,63089.0,63114.68,-0.0010865934834811686,1.0,0.0025,ranging,0.2437192534779801,0.5044227658312236,0.2518579806907963,1
1786777200000,63114.68,63075.43,-0.0008469224862993618,1.0,0.0025,ranging,0.25745739557761754,0.4900932885796967,0.2524493158426857,1
1786780800000,63075.43,62935.72,0.0018178865674374212,1.0,0.0025,low_liquidity,0.22616733494282687,0.5195358776820554,0.25429678737511774,1
1786784400000,62935.72,63030.38,0.00047548499628269347,1.0,0.0025,ranging,0.24530136734632113,0.508343751068343,0.24635488158533592,1
1786788000000,63030.39,63046.1,-9.67545970329553e-05,1.0,0.0025,low_liquidity,0.23031628075032617,0.5049800494619188,0.26470366978775506,1
1786791600000,63046.1,63022.01,0.0012462312769776496,1.0,0.0025,ranging,0.24145803115944856,0.4900080831508764,0.268533885689675,1
1786795200000,63022.01,63050.13,0.0007375083921317138,1.0,0.0025,low_liquidity,0.22640643080515613,0.49467004008224147,0.27892352911260243,1
1786798800000,63050.12,63060.35,0.00016095692459683342,1.0,0.0025,low_liquidity,0.2290934547186462,0.4978634577536287,0.27304308752772516,1
1786802400000,63060.34,63040.0,0.00027887055837561014,1.0,0.0025,ranging,0.23998072512110274,0.4803127358379369,0.27970653904096043,1
1786806000000,63040.01,63100.55,0.0004045923529985007,1.0,0.0025,ranging,0.2537305860319403,0.48566754099876996,0.2606018729692898,1
1786809600000,63100.55,63096.63,0.00010555238845566528,1.0,0.0025,ranging,0.25247986895329977,0.4794648405287957,0.2680552905179045,1
1786813200000,63096.62,63070.5,0.001403825877391185,1.0,0.0025,low_liquidity,0.23375932669583446,0.49398396880925677,0.27225670449490885,1
1786816800000,63070.49,63057.58,0.0012360131803343943,1.0,0.0025,ranging,0.25320822045520136,0.47424891894852195,0.27254286059627686,1
1786820400000,63057.58,63126.08,-0.0006347614171512417,1.0,0.0025,ranging,0.25663061073653237,0.4824952285640677,0.26087416069939984,1
1786824000000,63126.07,63103.29,-0.0002768476889239979,1.0,0.0025,low_liquidity,0.22795770055306175,0.5076334771797268,0.2644088222672115,1
1786827600000,63103.29,63159.04,-0.0011757620128488577,1.0,0.0025,ranging,0.24714944372608375,0.4919826262224191,0.2608679300514972,1
1786831200000,63159.04,63135.52,-0.00021556803523581358,1.0,0.0025,low_liquidity,0.23134321059537882,0.5012186523300296,0.2674381370745915,1
1786834800000,63135.52,63086.01,0.000697301985020049,1.0,0.0025,low_liquidity,0.2258995985048041,0.49152830751257226,0.2825720939826236,1
1786838400000,63086.01,63085.82,6.641746116642366e-05,1.0,0.0025,low_liquidity,0.2253496679129588,0.4876079465611969,0.28704238552584427,1
1786842000000,63085.81,63084.78,-0.00024332334994270344,1.0,0.0025,ranging,0.24465752937769827,0.4731295624464128,0.282212908175889,1
1786845600000,63084.78,63121.91,-0.0008333081175776469,1.0,0.0025,ranging,0.2411153818451507,0.4785805846159883,0.280304033538861,1
1786849200000,63121.92,63130.0,-0.0010926659274513861,1.0,0.0025,ranging,0.2432739911861422,0.4728521707399004,0.2838738380739574,1
1786852800000,63130.01,63090.01,-0.0002788080077972266,1.0,0.0025,ranging,0.2574279603689516,0.4717489780604908,0.2708230615705577,1
1786856400000,63090.0,63069.43,-0.0012167542976050383,1.0,0.0025,ranging,0.2614975553567213,0.4631780706162141,0.2753243740270646,1
1786860000000,63069.43,63069.31,-0.0009630674570563214,1.0,0.0025,ranging,0.2635923771129084,0.46287814015620965,0.27352948273088196,1
1786863600000,63069.32,63061.02,-0.0007510186165715638,1.0,0.0025,ranging,0.2663526081274792,0.4658078637428524,0.2678395281296684,1
1786867200000,63061.03,63072.42,-0.0007997156284790252,1.0,0.0025,ranging,0.26873528768136096,0.47066770440468114,0.2605970079139578,1
1786870800000,63072.43,62992.69,0.0010686954311682761,1.0,0.0025,ranging,0.26880850054756616,0.4576065691185842,0.2735849303338496,1
1786874400000,62992.68,63008.57,0.0014963043916089713,1.0,0.0025,ranging,0.2776938477792273,0.4542058498846641,0.2681003023361087,1
1786878000000,63008.56,63013.66,0.002106368682599946,1.0,0.0025,ranging,0.2665977573006492,0.4617947114063797,0.27160753129297105,1
1786881600000,63013.66,63021.98,0.0037769362371666837,2.0,0.0025,low_liquidity,0.25152741968398296,0.47209837319279724,0.2763742071232197,1
1786885200000,63021.99,63060.01,0.0015745319418756232,1.0,0.0025,ranging,0.26480235936668384,0.47397278869276493,0.26122485194055134,1
1786888800000,63060.01,63102.85,0.0005896722572751312,1.0,0.0025,ranging,0.26018020087795785,0.46769737152001034,0.27212242760203176,1
1786892400000,63102.86,63146.39,-0.0005951250736582203,1.0,0.0025,ranging,0.267018376459103,0.46957188242276826,0.2634097411181287,1
1786896000000,63146.39,63260.01,-0.003038570496590176,0.0,0.0025,ranging,0.2550781707241834,0.5135862074040812,0.2313356218717354,1
1786899600000,63260.0,63159.3,-0.003636677417260814,0.0,0.0025,ranging,0.24346541594422186,0.4904255149247499,0.2661090691310281,1
1786903200000,63159.31,63140.06,-0.0035850456904855665,0.0,0.0025,ranging,0.24942561101004537,0.4730022761149267,0.277572112875028,1
1786906800000,63140.05,63108.81,-0.00330872979541208,0.0,0.0025,ranging,0.25078341191581893,0.4974464917985898,0.2517700962855911,1
1786910400000,63108.8,63067.79,-0.0023823571430043877,1.0,0.0025,ranging,0.24786584742736628,0.48290750195988147,0.26922665061275236,1
1786914000000,63067.79,62929.61,0.002963787635105408,2.0,0.0025,ranging,0.2627647650315224,0.4671931181253523,0.27004211684312535,1
1786917600000,62929.61,62913.7,0.0077827245893977715,2.0,0.0025,ranging,0.26468652196103315,0.46506422520151114,0.2702492528374556,1
1786921200000,62913.7,62900.0,0.008413513513513493,2.0,0.0025,ranging,0.2549968621047851,0.47347669548455107,0.2715264424106639,1
1786924800000,62900.0,62917.54,0.009773109374587863,2.0,0.0025,ranging,0.2601603520415692,0.46663656369868906,0.2732030842597417,1
1786928400000,62917.54,63116.12,0.006401851064355535,2.0,0.0025,ranging,0.26316173573079804,0.48287045509652393,0.2539678091726779,1
1786932000000,63116.12,63403.34,0.004174070325001722,2.0,0.0025,ranging,0.26452065403715497,0.4895868694491245,0.24589247651372054,1
1786935600000,63403.33,63429.21,0.0013438603444690944,1.0,0.0025,ranging,0.3097346125869188,0.4713600029418248,0.21890538447125646,1
1786939200000,63429.21,63532.44,-0.0023861825549279514,1.0,0.0025,ranging,0.3103840087207386,0.47097445458728865,0.2186415366919727,1
1786942800000,63532.43,63520.18,-0.003089097039712385,0.0,0.0025,ranging,0.30115863653771474,0.47164364933395825,0.22719771412832696,1
1786946400000,63520.18,63667.99,0.00038041094119667385,1.0,0.0025,ranging,0.30133836029511063,0.48637009294478795,0.21229154676010148,1
1786950000000,63668.0,63514.45,0.0018365899413441689,1.0,0.0025,trending,0.28548570416217944,0.48678732215014536,0.22772697368767514,1
1786953600000,63514.45,63380.84,0.0027429425043909994,2.0,0.0025,trending,0.28850712995195354,0.4716670621572251,0.23982580789082136,1
1786957200000,63380.83,63323.96,0.0055018669078812366,2.0,0.0025,trending,0.28450607651251153,0.48332228606728894,0.2321716374201995,1
1786960800000,63323.97,63692.21,0.0033037007194443024,2.0,0.0025,trending,0.30833812877046385,0.4697183981603378,0.22194347306919843,1
1786964400000,63692.2,63631.1,0.008940596657923683,2.0,0.0025,trending,0.311407595992716,0.4649477739759894,0.22364463003129464,1
1786968000000,63631.11,63554.69,0.008828144704977614,2.0,0.0025,trending,0.28834921420170245,0.4866204969295481,0.22503028886874946,1
1786971600000,63554.7,63672.36,0.010265521805693956,2.0,0.0025,trending,0.32961332178707703,0.44283298372491087,0.22755369448801202,1
1786975200000,63672.37,63902.63,0.008235028824322255,2.0,0.0025,trending,0.32798170816695627,0.4490363552220886,0.22298193661095517,1
1786978800000,63902.63,64200.0,0.0017127725856698195,1.0,0.0025,trending,0.3286900265929663,0.4643847073482086,0.20692526605882508,1
1786982400000,64200.0,64115.76,0.004319842734454182,2.0,0.0025,trending,0.30831124578985564,0.4758594059130317,0.2158293482971126,1
1786986000000,64115.76,64325.99,0.000871032066509958,1.0,0.0025,trending,0.3371405356232907,0.4502619374148857,0.21259752696182363,1
1786989600000,64325.99,64428.87,-0.0021359989706478677,1.0,0.0025,trending,0.32994382339343664,0.45801887961547544,0.21203729699108795,1
1786993200000,64428.88,64309.96,0.0034542083372466337,2.0,0.0025,trending,0.3237104914832202,0.4599276499559321,0.21636185856084778,1
1786996800000,64309.95,64392.73,-0.00014007792494596938,1.0,0.0025,trending,0.30841731249505483,0.4694896261265013,0.22209306137844395,1
1787000400000,64392.72,64382.02,-0.0028262549078142962,0.0,0.0025,trending,0.30441973492432534,0.4690793413205248,0.2265009237551497,1
1787004000000,64382.02,64291.25,-0.0029246592654521564,0.0,0.0025,trending,0.3118750692775174,0.47166568571482576,0.21645924500765693,1
1787007600000,64291.26,64532.1,-0.005378563536596492,0.0,0.0025,trending,0.3073603841636927,0.4630766760093704,0.22956293982693685,1
1787011200000,64532.11,64383.71,-0.002693072517877537,0.0,0.0025,trending,0.28376613874106776,0.46330129480700866,0.2529325664519236,1
1787014800000,64383.72,64200.06,0.0006651084126714224,1.0,0.0025,trending,0.28514479070537097,0.4568301695612976,0.2580250397333314,1
1787018400000,64200.06,64103.22,0.0033510017125504277,2.0,0.0025,trending,0.29288010047021595,0.4621693964127405,0.24495050311704353,1
1787022000000,64103.22,64185.01,0.00021749626587275195,1.0,0.0025,trending,0.26599757494501314,0.48330121282025196,0.2507012122347349,1
1787025600000,64185.0,64210.32,0.0013346764196160432,1.0,0.0025,trending,0.2691271066202795,0.4861382167100965,0.244734676669624,1
1787029200000,64210.33,64242.76,-0.0011022253713882657,1.0,0.0025,trending,0.2683934360526711,0.4971055914185753,0.23450097252875354,1
1787032800000,64242.76,64318.03,-0.0017915660663113675,1.0,0.0025,trending,0.29173130699509087,0.4796341111354763,0.2286345818694329,1
1787036400000,64318.03,64198.97,0.0023710660778513137,1.0,0.0025,trending,0.2761048200851769,0.4914121148239239,0.23248306509089925,1
1787040000000,64198.97,64296.02,-0.0010265021069733038,1.0,0.0025,trending,0.28166567968966255,0.4868179563203062,0.23151636399003128,1
1787043600000,64296.01,64171.95,0.0007486136855745507,1.0,0.0025,trending,0.2689488771839605,0.49757628903186935,0.23347483378417025,1
1787047200000,64171.95,64202.8,0.007964761661485076,2.0,0.0025,trending,0.27837938850957183,0.491215950460591,0.23040466102983717,1
1787050800000,64202.81,64351.19,0.007830002832892369,2.0,0.0025,trending,0.3000581055681959,0.46230257536653857,0.2376393190652656,1
1787054400000,64351.18,64230.02,0.009496805387885665,2.0,0.0025,trending,0.28554493749250304,0.47278763414088265,0.24166742836661428,1
1787058000000,64230.02,64219.99,0.007007631112991408,2.0,0.0025,trending,0.2951665667046732,0.4656704029352244,0.23916303036010242,1
1787061600000,64219.99,64714.16,0.0008937765706917844,1.0,0.0025,trending,0.3041821843159521,0.4461198139211062,0.24969800176294155,1
1787065200000,64714.16,64855.06,-0.00326574364436627,0.0,0.0025,trending,0.3265779489457067,0.45827924979530194,0.21514280125899132,1
1787068800000,64855.06,64840.0,-0.0039730104873535455,0.0,0.0025,trending,0.3102750520455301,0.4772994997348561,0.21242544821961376,1
1787072400000,64840.0,64670.02,-0.0010119062898077402,1.0,0.0025,trending,0.2779140435632517,0.47672557992276615,0.24536037651398196,1
1787076000000,64670.02,64772.0,-0.0021305502377571006,1.0,0.0025,trending,0.28929703176505545,0.47355397075180455,0.23714899748313986,1
1787079600000,64771.99,64643.26,0.0012709755046387272,1.0,0.0025,trending,0.2604276495006223,0.4764912814119963,0.2630810690873815,1
1787083200000,64643.27,64582.39,-0.0014615439286158605,1.0,0.0025,trending,0.25681864010994343,0.4926295088228514,0.2505518510672052,1
1787086800000,64582.38,64604.58,-0.0031592187426959795,0.0,0.0025,trending,0.2600826831940879,0.5103587637530389,0.22955855305287312,1
1787090400000,64604.58,64634.0,-0.0043645759197945555,0.0,0.0025,trending,0.27147597202985074,0.501637591070062,0.22688643690008733,1
1787094000000,64634.0,64725.42,-0.006098222305857548,0.0,0.0025,trending,0.26825393593787317,0.5103562931929424,0.22138977086918435,1
1787097600000,64725.42,64488.0,-0.0026637513956084824,0.0,0.0025,trending,0.2782658777530921,0.4713992402883496,0.2503348819585582,1
1787101200000,64488.0,64400.48,-0.002553862952574315,0.0,0.0025,trending,0.26490830824288814,0.49103340811370216,0.24405828364340973,1
1787104800000,64400.47,64351.9,-0.00018802863629507893,1.0,0.0025,trending,0.2506941235665053,0.5118401016943358,0.2374657747391588,1
1787108400000,64351.86,64330.71,-0.0005395556803274859,1.0,0.0025,trending,0.24613516096585622,0.5063330146698785,0.2475318243642653,1
1787112000000,64330.7,64316.22,0.001519523379949872,1.0,0.0025,trending,0.2542030203424527,0.4932230951891205,0.25257388446842677,1
1787115600000,64316.22,64236.01,0.0029741884653171624,2.0,0.0025,trending,0.24528891157280647,0.51136313095709,0.24334795747010352,1
1787119200000,64236.01,64339.8,0.0018170712373988263,1.0,0.0025,trending,0.25281468713731103,0.503367726383662,0.24381758647902713,1
1787122800000,64339.8,64296.0,0.0034159201194474687,2.0,0.0025,trending,0.24552350745934656,0.5013158393119795,0.2531606532286738,1
1787126400000,64296.01,64413.95,0.007268611845726136,2.0,0.0025,trending,0.26344553409333676,0.4992731583731502,0.23728130753351317,1
1787130000000,64413.95,64427.06,0.009080966910487653,2.0,0.0025,trending,0.24622607754253087,0.5134073889308782,0.24036653352659096,1
1787133600000,64427.07,64456.71,0.022751704205815182,2.0,0.0025,ranging,0.25544375447846185,0.5237748644262301,0.22078138109530804,1
1787137200000,64456.71,64515.63,0.06259521917402044,2.0,0.0025,ranging,0.2659802660643386,0.5004275730095129,0.23359216092614854,1
1787140800000,64515.62,64882.15,0.055225050341272564,2.0,0.0025,trending,0.27408146573767483,0.4852958923915409,0.2406226418707842,1
1787144400000,64882.15,65012.12,0.04899347998496273,2.0,0.0025,trending,0.27511546276862253,0.4907257876410737,0.23415874959030372,1
1787148000000,65012.12,65923.21,0.037510005959964676,2.0,0.0025,high_volatility,0.3020297860350825,0.44870295675324984,0.24926725721166754,1
1787151600000,65923.21,68554.0,-0.0018169618111270047,1.0,0.004349110284270547,abnormal,0.25942723450325006,0.576316539359465,0.16425622613728486,1
1787155200000,68554.0,68465.27,0.008512198958683603,2.0,0.004407156028119365,high_volatility,0.29816503194698013,0.5416214716632738,0.16021349638974605,1
1787158800000,68465.26,68197.29,0.022173461731397337,2.0,0.00456165660391361,high_volatility,0.28364212952825124,0.5577634124099655,0.1585944580617832,1
1787162400000,68197.3,68395.99,0.012616382919524716,2.0,0.004481321657545426,high_volatility,0.28354269289831613,0.5483992520920783,0.16805805500960572,1
1787166000000,68396.0,68429.44,0.013230416616005991,2.0,0.004397066950164165,high_volatility,0.2943816782807199,0.5389734827708028,0.16664483894847723,1
1787169600000,68429.44,69048.06,0.005386682840908152,2.0,0.004785019901406505,high_volatility,0.2950453026076608,0.5452738124343991,0.15968088495794006,1
1787173200000,69048.06,69709.46,0.0001787418809440222,1.0,0.005025229447538025,high_volatility,0.2875611642006833,0.5566908555399205,0.15574798025939615,1
1787176800000,69709.47,69258.9,0.0006117625316026665,1.0,0.0052250864975287,high_volatility,0.26537943606653075,0.5780606837441151,0.15655988018935404,1
1787180400000,69258.9,69334.79,-0.002006928989039869,1.0,0.005028208228002935,high_volatility,0.27403794760373545,0.5714262703824458,0.15453578201381868,1
1787184000000,69334.78,69420.0,0.0010373091328146344,1.0,0.004959158435550819,high_volatility,0.2710277731912517,0.5724068867671251,0.15656534004162312,1
1787187600000,69420.0,69721.92,-0.0045233980934547,1.0,0.0049607191804110565,high_volatility,0.2979201893492774,0.5472026632286776,0.154877147422045,1
1787191200000,69721.92,69301.27,0.007946751913781691,2.0,0.004978182584850287,high_volatility,0.2568410608621124,0.5809072619090592,0.16225167722882852,1
1787194800000,69301.27,69195.64,0.008971808050333818,2.0,0.004900798952574488,high_volatility,0.24561429783572178,0.5802011067988816,0.17418459536539654,1
1787198400000,69195.64,69492.01,0.030220596583693693,2.0,0.0047983799663251885,high_volatility,0.2827281925423172,0.5448717307114277,0.17240007674625527,1
1787202000000,69492.0,69406.54,0.03434013567021221,2.0,0.004658002681270283,high_volatility,0.2714316698458675,0.5539321017486111,0.1746362284055214,1
1787205600000,69406.53,69851.99,0.030693470579721494,2.0,0.004660309035913968,high_volatility,0.3074924285269809,0.5210273153425322,0.17148025613048692,1
1787209200000,69851.99,69816.45,0.030230984245117165,2.0,0.004645823013934023,high_volatility,0.29065023330018847,0.5346655337062127,0.1746842329935988,1
1787212800000,69816.45,71592.1,0.005027649698779335,1.0,0.0054365069730312006,high_volatility,0.2990304695293775,0.5259401320389484,0.17502939843167414,1
1787216400000,71592.11,71789.97,-0.0013648146112890114,1.0,0.00537303307056813,high_volatility,0.299652901684068,0.5347744598339088,0.16557263848202308,1
1787220000000,71789.97,71995.99,-0.0023492975094863144,1.0,0.00545322085526293,high_volatility,0.29868391319283294,0.5336168084546012,0.1676992783525658,1
1787223600000,71995.99,71927.07,0.007559879750419274,2.0,0.005367669585439528,high_volatility,0.3018581002632214,0.5458551645702492,0.15228673516652935,1
1787227200000,71927.07,71952.04,0.012301388536030355,2.0,0.005288941373918892,high_volatility,0.29774602866266214,0.547835129669915,0.15441884166742292,1
1787230800000,71952.04,71691.99,0.01458335861509763,2.0,0.005512900770584465,high_volatility,0.2701045862789184,0.5719787138222759,0.15791669989880566,1
1787234400000,71692.0,71826.85,0.008416212043267812,2.0,0.005483075668285746,high_volatility,0.2910948922109896,0.554060572686534,0.15484453510247648,1
1787238000000,71826.85,72470.83,0.00303473825261813,1.0,0.0056617959217324645,high_volatility,0.3005645509213349,0.5456373999616642,0.15379804911700085,1
1787241600000,72470.84,72837.15,-0.0022708192179402564,1.0,0.005642300908456512,high_volatility,0.3016127226385456,0.5498244640815312,0.14856281327992327,1
1787245200000,72837.15,72737.5,5.9254167382727374e-05,1.0,0.005500574501251543,high_volatility,0.2894610209982984,0.5631067139504898,0.1474322650512117,1
1787248800000,72737.51,72431.36,0.0033805799035113715,1.0,0.005375408910491448,high_volatility,0.27673037234404624,0.5671621048162295,0.15610752283972418,1
1787252400000,72431.35,72690.76,0.004600172016360871,1.0,0.005235413211153639,high_volatility,0.29997532004953326,0.5403644707873911,0.15966020916307555,1
1787256000000,72690.76,72671.75,0.014259598812468521,2.0,0.005167443379723973,high_volatility,0.2880783840300702,0.5520422376503347,0.1598793783195951,1
1787259600000,72671.76,72741.81,0.03282046459938237,2.0,0.004965166716358981,high_volatility,0.29245631959453483,0.552533406741884,0.15501027366358122,1
1787263200000,72741.81,72676.22,0.02426543372784118,2.0,0.004838758793745165,trending,0.2750284586251477,0.5683053893308939,0.15666615204395834,1
1787266800000,72676.23,73025.15,0.020343949995309973,2.0,0.004903280466754124,high_volatility,0.3009554151897711,0.5444384446421006,0.15460614016812832,1
1787270400000,73027.02,73708.02,0.01788109353636136,2.0,0.005071871313032801,high_volatility,0.2021932993387063,0.5493654299684149,0.24844127069287894,2
1787274000000,73707.82,75129.23,0.004572121929107942,1.0,0.005828605208765739,high_volatility,0.19071840808940727,0.5565936964750956,0.25268789543549713,2
1787277600000,75129.23,74439.74,0.016207337639814412,2.0,0.005930158193355234,high_volatility,0.20078634252927033,0.5458423682368231,0.2533712892339066,2
1787281200000,74439.75,74510.77,0.024129129252052905,2.0,0.0058664392149896435,high_volatility,0.20296372813555985,0.5477847946595574,0.24925147720488272,2
1787284800000,74510.77,75026.0,0.056407512062484955,2.0,0.0057205709067256316,high_volatility,0.19576639524765052,0.5424842260214073,0.2617493787309422,2
1787288400000,75026.0,75472.73,0.032302793340058145,2.0,0.005610556466671536,high_volatility,0.18932502674162255,0.5702149437956465,0.24046002946273082,2
1787292000000,75472.73,75646.21,0.02860434118245969,2.0,0.0055655438404506544,high_volatility,0.1887886798513452,0.5732005704069574,0.23801074974169736,2
1787295600000,75646.2,76308.65,0.005421010593163578,1.0,0.005851545827884683,high_volatility,0.19110701793535548,0.5670362802443978,0.2418567018202467,2
1787299200000,76308.66,79258.03,-0.025667683135702446,0.0,0.006996452250423771,high_volatility,0.18274272892887983,0.5642835917161917,0.2529736793549285,2
1787302800000,79258.02,77910.71,-0.008263818928103905,0.0,0.007771258085652067,high_volatility,0.17547638906040897,0.5663593339902433,0.2581642769493477,2
1787306400000,77910.71,77810.02,-0.005466391089476774,1.0,0.007571513885085671,high_volatility,0.1789200611162586,0.5668997140132581,0.2541802248704833,2
1787310000000,77810.01,76722.32,0.006512576783392232,1.0,0.007937209154086279,high_volatility,0.17120631011269896,0.5535014106401365,0.27529227924716454,2
1787313600000,76722.31,77223.66,0.003397274876637546,1.0,0.007843671512209362,high_volatility,0.17050213216593468,0.5541535138057935,0.2753443540282718,2
1787317200000,77223.66,77266.87,0.0016282528333293467,1.0,0.008087459260294914,high_volatility,0.17131876363501933,0.5474851398339189,0.2811960965310618,2
1787320800000,77266.88,77384.68,-0.003084331420637687,1.0,0.007994307163013897,high_volatility,0.17097273742552382,0.565169340266394,0.2638579223080823,2
1787324400000,77384.69,77221.98,-0.0024998064022703215,1.0,0.00782815399857657,high_volatility,0.17309469828317253,0.5604503583683202,0.26645494334850733,2
1787328000000,77221.98,77486.01,0.00044111188587470096,1.0,0.007674937680174229,high_volatility,0.17628535769655473,0.5668882135674568,0.25682642873598854,2
1787331600000,77486.01,77392.68,0.014374356851319714,2.0,0.007430017811078739,high_volatility,0.17562120752491417,0.5658962442701287,0.2584825482049571,2
1787335200000,77392.69,77146.0,0.017034454151867884,2.0,0.007424831655944132,high_volatility,0.17571610410701072,0.5448024108185496,0.2794814850744397,2
1787338800000,77145.99,77028.94,0.016994781441884044,2.0,0.007185266823169743,high_volatility,0.17701721968784004,0.5521061739058626,0.27087660640629735,2
1787342400000,77028.94,77520.19,0.005587060609629546,1.0,0.00700869332149574,high_volatility,0.18550313348234396,0.542265133143531,0.27223173337412504,2
1787346000000,77520.19,78505.15,-0.008599945353903515,0.0,0.007129066503592489,high_volatility,0.18603213218420567,0.5592985209768864,0.254669346838908,2
1787349600000,78505.14,78460.14,0.00012566890653009644,1.0,0.006994468472342903,high_volatility,0.1996440590682436,0.5500682685186513,0.2502876724131052,2
1787353200000,78460.13,78338.03,0.0009312207621252622,1.0,0.006844034648262644,high_volatility,0.2049731024751238,0.5502536289637855,0.24477326856109063,2
1787356800000,78338.03,77953.3,0.006628327472987028,1.0,0.006835506909499756,high_volatility,0.19875163419241146,0.5434007826893986,0.25784758311818995,2
1787360400000,77953.3,77830.01,-0.005772323554885772,1.0,0.00658711959012431,high_volatility,0.2009192626734991,0.5289134110426517,0.27016732628384926,2
1787364000000,77830.01,78470.0,-0.012538677201478277,0.0,0.006488709594583392,high_volatility,0.21338343524374026,0.5365058685063903,0.25011069624986937,2
1787367600000,78470.0,78410.98,-0.014306669805682848,0.0,0.006279083749796322,high_volatility,0.21154324620417664,0.5347851483078632,0.2536716054879602,2
1787371200000,78410.98,78470.0,-0.01605008283420417,0.0,0.006159562739360681,high_volatility,0.2230509483224719,0.5428111215420118,0.23413793013551626,2
1787374800000,78470.0,77380.75,-0.004119370773738917,1.0,0.006954324230739581,high_volatility,0.20565606116457122,0.5233341730811089,0.27100976575431984,2
1787378400000,77380.75,77486.09,-0.006582987991780143,1.0,0.006773485520646744,high_volatility,0.21073529709826386,0.5398853084223152,0.24937939447942095,2
1787382000000,77486.09,77289.18,-0.0020592791901788976,1.0,0.00655481679570607,high_volatility,0.20469761887882396,0.5537620745578617,0.2415403065633143,2
1787385600000,77289.18,77210.55,0.001162017366797663,1.0,0.006319381962212001,trending,0.20342690702234967,0.5616579526407257,0.23491514033692457,2
1787389200000,77210.55,77061.99,0.0029408791545610935,1.0,0.006181732432470533,trending,0.20265616224801108,0.5601087367987911,0.23723510095319766,2
1787392800000,77062.0,76976.0,0.0003588131365619418,1.0,0.0061104851211679755,trending,0.20286918814889887,0.560469470297173,0.23666134155392815,2
1787396400000,76976.01,77130.02,-0.001960196561598182,1.0,0.0059030815155012035,trending,0.2038831532096526,0.5523624320308372,0.2437544147595101,2
1787400000000,77130.01,77300.27,-0.00015860229207487198,1.0,0.00564352153674708,low_liquidity,0.21258050121217228,0.5402963424745697,0.247123156313258,2
1787403600000,77300.27,77288.62,-0.0001372776483782312,1.0,0.005377628317114413,low_liquidity,0.21314504678135385,0.5403994648547815,0.2464554883638646,2
1787407200000,77288.62,77003.62,0.0033016629607802717,1.0,0.005220781577295642,trending,0.20338433382046261,0.543539965973664,0.25307570020587333,2
1787410800000,77003.62,76978.83,0.005708322664815801,2.0,0.004972341142227922,low_liquidity,0.20293323567994243,0.5422459222218107,0.25482084209824685,2
1787414400000,76978.83,77288.01,0.0003063864627903534,1.0,0.004926752957046546,ranging,0.22633205012709418,0.5254053651573389,0.2482625847155669,2
1787418000000,77288.01,77278.01,-0.0054608031443873495,0.0,0.004743655974386375,low_liquidity,0.24049727649323469,0.5249775116641362,0.23452521184262903,2
1787421600000,77278.01,77257.86,-0.0033666477430258634,1.0,0.004529632343027685,low_liquidity,0.2503814902189266,0.5243826592358152,0.22523585054525824,2
1787425200000,77257.87,77418.25,-0.00443461328562722,0.0,0.0043430255401373736,low_liquidity,0.25156845909900954,0.5207404895485346,0.22769105135245588,2
1787428800000,77418.26,77311.69,-0.00011692927680162502,1.0,0.004154519268778502,low_liquidity,0.24189842417526786,0.5333967610910595,0.2247048147336727,2
1787432400000,77311.69,76856.01,0.004349432139399312,2.0,0.004149925272587006,ranging,0.247261883404358,0.521721916918285,0.2310161996773571,2
1787436000000,76856.0,76997.76,0.001061069828524941,1.0,0.004059842665960672,ranging,0.24822500661740637,0.5194989605525219,0.23227603283007173,2
1787439600000,76997.77,77074.93,-0.0019080134098078405,1.0,0.003892040313430987,ranging,0.2535330373038558,0.5184940250635065,0.22797293763263757,2
1787443200000,77074.94,77302.65,-0.009063725499707909,0.0,0.0037789275116269115,ranging,0.26019641222037054,0.5098266490146682,0.22997693876496134,2
1787446800000,77302.65,77190.29,-0.014728795551875784,0.0,0.003648473736127265,low_liquidity,0.254611496615174,0.5163962669894931,0.22899223639533275,2
1787450400000,77190.29,77079.46,-0.012746716180938589,0.0,0.0035187711252199173,low_liquidity,0.24879677423033694,0.5124414750588562,0.23876175071080688,2
1787454000000,77079.46,76927.87,-0.011968874219447256,0.0,0.003440878835628814,ranging,0.2559610698055442,0.5005858755573671,0.2434530546370888,2
1787457600000,76927.87,76602.0,-0.001507924075089373,1.0,0.00352174433788475,ranging,0.24352658592118004,0.5019827384873804,0.25449067559143956,2
1787461200000,76602.0,76053.37,0.006529756669559905,2.0,0.003961725991158223,ranging,0.25043257902370747,0.5020802714825255,0.24748714949376707,2
1787464800000,76053.38,76096.95,0.009112060338817951,2.0,0.003949572565348966,ranging,0.2585261918735808,0.5049495372293652,0.2365242708970541,2
1787468400000,76096.96,76007.13,0.017154837973753168,2.0,0.003918475936165002,ranging,0.23643615730966522,0.5236512920337908,0.23991255065654396,2
1787472000000,76007.12,76486.49,0.009407020769288676,2.0,0.004009514274505533,ranging,0.24656930455959608,0.5153972463566235,0.23803344908378035,2
1787475600000,76486.49,76549.98,0.012248729522855495,2.0,0.003817005527447302,ranging,0.23804446581755492,0.533544003089244,0.22841153109320103,2
1787479200000,76549.99,76790.35,0.005152340105234465,2.0,0.0037466259555285837,ranging,0.25720420216230466,0.512148772231117,0.2306470256065784,2
1787482800000,76790.35,77311.02,-0.0020034660000605164,1.0,0.003818710209907994,ranging,0.255527434715199,0.516699094315866,0.227773470968935,2
1787486400000,77311.02,77206.0,0.0028997746289149973,1.0,0.003737482429531028,ranging,0.25693422314504366,0.5143143876731455,0.22875138918181087,2
1787490000000,77206.01,77487.62,-0.004016254467487768,0.0,0.0037751494919970453,ranging,0.2506242477130482,0.5203833321852493,0.22899242010170243,2
1787493600000,77487.62,77186.0,0.0020208327935116177,1.0,0.00398481177251591,ranging,0.2405551255154034,0.522050561149088,0.23739431333550864,2
1787497200000,77186.0,77156.13,0.0024609839814411227,1.0,0.003936818814335446,ranging,0.24432713222261745,0.5223826004759593,0.23329026730142324,2
1787500800000,77156.14,77429.88,-0.00036523367981455834,1.0,0.003819186519771223,ranging,0.2344832520839294,0.5376564771655875,0.22786027075048318,2
1787504400000,77429.87,77176.41,0.008510631681364789,2.0,0.003722268983678844,ranging,0.23709954990763155,0.5349861397968261,0.22791431029554235,2
1787508000000,77176.41,77341.98,0.003321611368108268,1.0,0.003614859654846164,ranging,0.24195466090660703,0.5323583162136803,0.22568702287971268,2
1787511600000,77341.99,77346.01,0.005016289786635486,2.0,0.0034845044649389144,ranging,0.2440494223662268,0.5316646031234621,0.2242859745103112,2
1787515200000,77346.0,77401.6,0.0035903650570530132,2.0,0.0033772324413677028,low_liquidity,0.2461037966403985,0.5324326007780438,0.2214636025815577,2
1787518800000,77401.59,77833.23,-0.01170618256495315,0.0,0.003477212504716788,ranging,0.24917898519508344,0.5244962250609774,0.2263247897439392,2
1787522400000,77833.23,77598.88,-0.0015488625609029194,1.0,0.003469990112063168,ranging,0.24276766397169997,0.5306134369539636,0.22661889907433644,2
1787526000000,77598.87,77734.0,-0.010304114029896727,0.0,0.0035139647497448166,ranging,0.25312397225448063,0.518175406132413,0.22870062161310648,2
1787529600000,77734.0,77679.5,-0.010067778500119084,0.0,0.003595818133793916,ranging,0.250169571870755,0.5172426919860095,0.23258773614323555,2
1787533200000,77679.51,76922.1,0.0029549375277064804,1.0,0.003817169402934525,ranging,0.22958763376548807,0.5239599841410147,0.24645238209349718,2
1787536800000,76922.11,77478.69,-0.0001853412854554426,1.0,0.0038849418971877566,ranging,0.24903682919094058,0.5085417487913392,0.2424214220177202,2
1787540400000,77478.7,76933.02,0.004863061400683266,2.0,0.003966924471594051,ranging,0.22561365334952455,0.5138471794851178,0.26053916716535763,2
1787544000000,76933.02,76897.44,0.001873014238185311,1.0,0.0040069170018173835,ranging,0.2377727571259302,0.5094312559346807,0.2527959869393891,2
1787547600000,76897.44,77149.4,0.005245406963631627,2.0,0.00392198918732357,ranging,0.24601381883104156,0.502413891408541,0.25157228976041746,2
1787551200000,77149.39,77464.33,0.001973682596880355,1.0,0.0038782665370080756,ranging,0.2438222562036507,0.5096770366123647,0.2465007071839845,2
1787554800000,77464.33,77307.15,0.014701098151982173,2.0,0.0038904746890994157,ranging,0.24532690779082192,0.5121245488327666,0.24254854337641138,2
1787558400000,77307.14,77041.47,0.027498436880812438,2.0,0.003945952405983758,ranging,0.2352383532062158,0.5074303073681442,0.25733133942564007,2
1787562000000,77041.46,77554.08,0.013460413688100026,2.0,0.003957520131934602,ranging,0.24707589760425047,0.5076641098479666,0.24525999254778286,2
1787565600000,77554.08,77617.22,0.024397936437300816,2.0,0.0039384944179339035,ranging,0.24779448280936223,0.5066126962060258,0.24559282098461205,2
1787569200000,77617.23,78443.65,0.008367280206874605,2.0,0.0042469383529014785,ranging,0.24624253801493878,0.5210732035680775,0.23268425841698365,2
1787572800000,78443.65,79159.99,-0.0014197828979007898,1.0,0.004635799234333204,ranging,0.2404324143430821,0.5257723148044755,0.2337952708524423,2
1787576400000,79159.98,78597.99,0.002075752827775723,1.0,0.005206846777609995,ranging,0.21974107782540453,0.5350014829180043,0.2452574392565912,2
1787580000000,78597.99,79510.92,-0.0073269181138891915,0.0,0.005449474273880142,ranging,0.22403524479858528,0.5360041171503038,0.23996063805111098,2
1787583600000,79510.93,79100.01,-0.00432376683643898,1.0,0.0057232585047560566,ranging,0.21858134408043609,0.5373837148960647,0.24403494102349915,2
1787587200000,79100.01,79047.6,-0.0014582352911410856,1.0,0.005847552129950138,ranging,0.23530384225249085,0.5239464051777827,0.24074975256972636,2
1787590800000,79047.61,78761.14,0.002832488204208339,1.0,0.0058465094613162965,ranging,0.22264226262390227,0.5354453957483554,0.2419123416277424,2
1787594400000,78761.14,78928.35,-0.002386341536342873,1.0,0.005616248111214385,ranging,0.21941397007733437,0.5440593467121135,0.23652668321055198,2
1787598000000,78928.35,78758.0,0.0029806495848041514,1.0,0.005508472205920108,ranging,0.21132751361143445,0.5464563877461588,0.24221609864240667,2
1787601600000,78757.99,78932.33,0.010232309118456406,2.0,0.005340443699341779,ranging,0.21346098965389365,0.5527675353039145,0.2337714750421918,2
1787605200000,78932.33,78984.23,0.010682765407727723,2.0,0.005062058986329351,ranging,0.20636493969652597,0.5615880552720341,0.23204700503143982,2
1787608800000,78984.23,78740.0,0.024252349504699122,2.0,0.004876171855153903,ranging,0.21034890685972898,0.5539185424182661,0.23573255072200497,2
1787612400000,78740.0,78992.75,0.018929078934459165,2.0,0.0047280333903813344,ranging,0.22609278751697137,0.529632418718326,0.24427479376470268,2
1787616000000,78992.76,79739.99,0.00782217304015198,2.0,0.004979278522943832,ranging,0.22635763009488294,0.5321331460712092,0.24150922383390783,2
1787619600000,79739.99,79828.0,0.011323094653505006,2.0,0.00489093072887765,ranging,0.23312304146603308,0.5321451750037933,0.23473178353017357,2
1787623200000,79828.0,80649.63,-0.0009366440986773306,1.0,0.005308680662376064,trending,0.22827771924894105,0.533127135895778,0.23859514485528097,2
1787626800000,80649.62,80488.01,-0.009718466141727222,0.0,0.0052810658255755824,trending,0.2307283906847333,0.5383715667166837,0.23090004259858296,2
1787630400000,80488.01,80363.73,-0.00538750503492047,0.0,0.005155677129057575,trending,0.21797187541936627,0.5477659129148958,0.2342622116657379,2
1787634000000,80363.74,80731.9,-0.0191337005570289,0.0,0.0050307612356169495,trending,0.21416302523459815,0.5460160809928252,0.23982089377257673,2
1787637600000,80731.9,80574.09,-0.015693134107999107,0.0,0.004948481816079508,trending,0.21130795415378095,0.5489678363770029,0.2397242094692161,2
1787641200000,80574.09,79705.79,-0.007374621090889266,0.0,0.005424997938183483,trending,0.21080209009934003,0.5412672730528162,0.2479306368478437,2
1787644800000,79705.79,79930.77,-0.011894918565153345,0.0,0.0053595028935189025,trending,0.21275311676265724,0.5497207228419487,0.23752616039539395,2
1787648400000,79930.76,79187.2,-0.006809307564858869,0.0,0.005602510353630854,trending,0.19317533794412828,0.5664736340282897,0.24035102802758204,2
1787652000000,79187.2,79309.63,-0.0009285127165515883,1.0,0.005460171376392105,trending,0.21243165622506213,0.5541159032639391,0.2334524405109989,2
1787655600000,79309.63,79117.99,0.004853763347627993,1.0,0.005309628813133789,ranging,0.20801605062283912,0.5518018122427788,0.24018213713438208,2
1787659200000,79118.0,78980.0,0.0022286654849330567,1.0,0.005227599275979457,ranging,0.20751567951434474,0.5506402468019457,0.2418440736837096,2
1787662800000,78980.01,78647.99,0.007527465101142328,2.0,0.005474793698405066,ranging,0.20238589198406223,0.54595560647092,0.25165850154501773,2
1787666400000,78648.0,79235.99,-0.0013628907772844645,1.0,0.00550867438663282,ranging,0.21485977233403755,0.5385982795075055,0.24654194815845698,2
1787670000000,79236.0,79502.01,-0.007245854538772023,0.0,0.005371417197019321,ranging,0.21888238569577698,0.5267962828609247,0.25432133144329816,2
1787673600000,79502.01,79156.02,-0.012000224367015866,0.0,0.005278087890085238,ranging,0.2141986014410904,0.5336205732323471,0.25218082532656255,2
1787677200000,79156.02,79240.01,-0.008455450724955682,0.0,0.005168487122370818,ranging,0.2117162554122033,0.5304982965805397,0.257785448007257,2
1787680800000,79240.02,79128.0,-0.003013977353149344,1.0,0.004985681993009474,ranging,0.20850264168208396,0.5354374068175766,0.25605995150033956,2
1787684400000,79128.01,78925.95,-0.00490092295373068,1.0,0.0049157502169140796,ranging,0.2131318564125454,0.5296069965496978,0.2572611470377568,2
1787688000000,78925.96,78206.13,0.005442795852447668,2.0,0.005050920584417144,ranging,0.2073848806478441,0.5389091744736115,0.25370594487854436,2
1787691600000,78206.14,78570.0,0.00311989308896532,1.0,0.0051118823742066595,ranging,0.2176595791692876,0.5195324955327364,0.262807925297976,2
1787695200000,78569.99,78889.51,0.002769569743810152,1.0,0.004961128342519285,ranging,0.22194250703358784,0.5238503841334438,0.25420710883296854,2
1787698800000,78889.51,78539.14,0.006996256898152975,2.0,0.004944139764353673,ranging,0.21325737903964015,0.5350673592941656,0.2516752616661943,2
1787702400000,78539.13,78631.79,0.0024698661953390655,1.0,0.004808758742776954,ranging,0.21925205961022656,0.525730458986992,0.2550174814027814,2
1787706000000,78631.7,78815.13,0.0034365229112733875,1.0,0.0046466812355654506,ranging,0.24117599175253424,0.5100691283550393,0.24875487989242642,2
1787709600000,78815.13,79108.0,-0.0020235627243768706,1.0,0.004571325830731836,ranging,0.2467914282484263,0.5120179818066699,0.24119058994490375,2
1787713200000,79108.01,79088.62,-0.0020617378328260383,1.0,0.004399738789969263,ranging,0.2508419569323063,0.5127075269807994,0.23645051608689432,2
1787716800000,79088.61,78826.0,-0.0015021693349910326,1.0,0.004321627472778025,ranging,0.2449832540308249,0.5081985930891335,0.24681815288004166,2
1787720400000,78826.0,79085.98,-0.00811129861449511,0.0,0.004273746382643662,ranging,0.2510531291212185,0.5047404177805005,0.2442064530982809,2
1787724000000,79085.98,78947.92,-0.002792600489031294,1.0,0.0041871314589024345,ranging,0.24448413286655357,0.511895802384987,0.24362006474845938,2
1787727600000,78947.92,78925.56,-0.005553334052998848,0.0,0.004013500780092989,ranging,0.24022926607074524,0.5112184421961936,0.24855229173306115,2
1787731200000,78925.57,78707.59,-0.004929638933170222,0.0,0.0040199457222255775,ranging,0.24098511409482995,0.5073805400077331,0.2516343458974369,2
1787734800000,78707.59,78444.49,5.315860935550809e-05,1.0,0.0040907153548537505,ranging,0.24355499450685775,0.4998375912395755,0.2566074142535668,2
1787738400000,78444.5,78727.45,-0.011901439713848272,0.0,0.004105319806049434,ranging,0.24201148811129347,0.5009293046625047,0.2570592072262018,2
1787742000000,78727.46,78487.26,-0.006059709563055238,0.0,0.004077656931603536,ranging,0.2476425799897915,0.5025965148210063,0.24976090518920213,2
1787745600000,78487.26,78319.59,-0.004191671585614731,1.0,0.0042298280282114355,trending,0.24213378387370244,0.5035680354024274,0.25429818072387,2
1787749200000,78319.58,78448.66,-7.431611961250528e-05,1.0,0.004271315023299829,trending,0.24919442044599133,0.5020056882567394,0.24879989129726923,2
1787752800000,78448.66,77790.48,0.008766239776384133,2.0,0.0044567262327184385,trending,0.23558242274562713,0.5028699488572755,0.2615476283970974,2
1787756400000,77790.48,78011.65,0.005945778611271768,2.0,0.004420392290613796,trending,0.2345884841742108,0.5083618520820536,0.2570496637437355,2
1787760000000,78011.64,77991.3,0.0059075819995306755,2.0,0.004272624227770826,trending,0.2335167967142785,0.5145637282385842,0.2519194750471373,2
1787763600000,77991.29,78442.83,0.0035845213641576557,1.0,0.004278806555368741,trending,0.23624290743963092,0.5169916998484233,0.24676539271194575,2
1787767200000,78442.84,78472.41,0.002900255006823338,1.0,0.004173889212357553,low_liquidity,0.23927263129129955,0.5164927436853491,0.2442346250233514,2
1787770800000,78472.41,78475.49,0.0069863851758045215,2.0,0.004028516139577089,trending,0.2332426153703681,0.518383370174363,0.24837401445526894,2
1787774400000,78475.49,78452.04,0.0030333181903237083,1.0,0.0039176228963224485,low_liquidity,0.23435854805004655,0.5086074909643334,0.25703396098562,2
1787778000000,78452.04,78724.01,0.0022186369825418772,1.0,0.0038717663374813727,trending,0.24275067208650203,0.5185570596945521,0.23869226821894582,2
1787781600000,78724.0,78700.0,0.00022566709021587528,1.0,0.003826032523419962,trending,0.2499249142551902,0.5092926913724104,0.24078239437239934,2
1787785200000,78700.0,79023.75,-0.0024431895474462673,1.0,0.003820267301838245,ranging,0.2533323516220456,0.5124011957994755,0.23426645257847883,2
1787788800000,79023.75,78690.01,0.0011943066216411058,1.0,0.0037467834921551457,ranging,0.2509801547894899,0.5067541432632388,0.2422657019472714,2
1787792400000,78690.02,78898.67,0.0001759218501402593,1.0,0.003726265597607488,ranging,0.25826199267556377,0.5058984127216166,0.2358395946028197,2
1787796000000,78898.68,78717.76,0.0012669313760962364,1.0,0.0036168949823610513,ranging,0.24654160774870826,0.5161868122459763,0.23727158000531545,2
1787799600000,78717.76,78830.68,0.003190255367580219,1.0,0.0035422596571783637,ranging,0.2351851810785617,0.5246920331316535,0.2401227857897848,2
1787803200000,78830.68,78783.99,0.012337532029032872,2.0,0.00340859281150105,low_liquidity,0.21848525759545792,0.5408360317139348,0.24067871069060737,2
1787806800000,78783.99,78912.55,0.01360303272419916,2.0,0.003338101159972851,low_liquidity,0.22599380101293748,0.5370903391584871,0.23691585982857533,2
1787810400000,78912.54,78817.49,0.010258002379928577,2.0,0.0032707542549868826,ranging,0.2392644770331947,0.514520890660873,0.24621463230593227,2
1787814000000,78817.5,79082.17,0.005001127308469133,2.0,0.003212299245386632,ranging,0.24513886017245243,0.5160378678704111,0.23882327195713662,2
1787817600000,79082.18,79755.99,-0.005939115043271492,0.0,0.003481030735290214,ranging,0.2409014672961707,0.516698616089638,0.24239991661419133,2
1787821200000,79756.0,79986.0,-0.005661615782762031,0.0,0.0036715136601364953,ranging,0.24808713666247076,0.5097838370786623,0.2421290262588669,2
1787824800000,79986.0,79626.0,0.0072595634591716696,2.0,0.0038639532592152303,ranging,0.22998331780696618,0.527066536477244,0.2429501457157898,2
1787828400000,79625.99,79477.67,0.010375870354528693,2.0,0.003914769707226786,ranging,0.23765319075821031,0.5160155337503165,0.2463312754914732,2
1787832000000,79477.66,79282.31,0.013769654289840894,2.0,0.003822486714988657,ranging,0.2440028473630336,0.5066988715249537,0.24929828111201277,2
1787835600000,79282.31,79533.15,0.011433094250636433,2.0,0.0038874378592106936,ranging,0.24303655831821688,0.5080085705457391,0.24895487113604403,2
1787839200000,79533.16,80204.05,-0.00066530306137913,1.0,0.00413183651915661,ranging,0.24129367757866066,0.5197591562362393,0.2389471661851001,2
1787842800000,80204.06,80302.32,-0.0048831714949207905,0.0,0.004208752531385161,ranging,0.24779195090700437,0.5200199393431049,0.23218810974989074,2
1787846400000,80302.32,80374.0,-0.0034588299698907754,1.0,0.004136385348041937,ranging,0.2478869376719986,0.5219590972225417,0.23015396510545968,2
1787850000000,80374.0,80442.46,-0.003212979811905381,1.0,0.004167305130298634,ranging,0.2462316464968539,0.5186183333086593,0.2351500201944869,2
1787853600000,80442.47,80150.69,0.0019029156205643272,1.0,0.004254156043246217,ranging,0.23559740918543529,0.5235679844780481,0.2408346063365166,2
1787857200000,80150.69,79910.19,0.004247142948852867,2.0,0.0041810527266745185,ranging,0.24271128475927356,0.5140807335051522,0.24320798173557429,2
1787860800000,79910.19,80096.0,0.005992808629644353,2.0,0.004000286559032309,low_liquidity,0.2282019208411807,0.5265616478718318,0.24523643128698755,2
1787864400000,80096.0,80184.0,0.003945674947620548,2.0,0.003821787013992167,low_liquidity,0.22685790462035713,0.5339209774739326,0.23922111790571024,2
1787868000000,80184.0,80303.21,-0.0046959517558514685,0.0,0.0036942271753425213,trending,0.2438794055437535,0.5234473237590622,0.23267327069718424,2
1787871600000,80303.21,80249.58,-0.005471555115927007,0.0,0.003571285187002215,trending,0.23861708805706688,0.520506016948356,0.2408768949945771,2
1787875200000,80249.59,80576.0,-0.011569077640984915,0.0,0.003596029810474347,trending,0.2504604160842227,0.5134614486524717,0.23607813526330554,2
1787878800000,80575.99,80500.38,-0.010116473984346452,0.0,0.003898499852790538,trending,0.24370683960380282,0.5121120743530692,0.2441810860431279,2
1787882400000,80500.38,79926.11,-0.000274003076091045,1.0,0.004062873423729001,trending,0.2302273061269882,0.5106687186330415,0.2591039752399704,2
1787886000000,79926.11,79810.49,-0.001885591731112135,1.0,0.003930852489578328,trending,0.23193017725368106,0.5120494370706037,0.25602038567571533,2
1787889600000,79810.48,79643.81,-0.0015949764331967264,1.0,0.0038550358716269374,trending,0.22306055036076072,0.5170908099715271,0.25984863966771216,2
1787893200000,79643.8,79686.0,-0.00502986722887333,0.0,0.0037469215586709314,trending,0.2338457923906676,0.5137998051984201,0.2523544024109124,2
1787896800000,79686.0,79904.21,-0.004234069769290083,0.0,0.003637667694512208,trending,0.24425366306490193,0.5139137178056171,0.24183261912948104,2
1787900400000,79904.21,79660.0,-0.0007013557619883759,1.0,0.0035661871201201133,trending,0.21872461744417246,0.5213059486618191,0.2599694338940085,2
1787904000000,79660.0,79516.78,-0.0012038968378749182,1.0,0.003511452962555277,ranging,0.2339918885080551,0.502272139032318,0.26373597245962677,2
1787907600000,79516.77,79285.19,0.0005746344304655704,1.0,0.0034092681524129486,ranging,0.2305660558724218,0.5073584100161858,0.26207553411139245,2
1787911200000,79285.19,79565.89,-0.0002947242844891784,1.0,0.0034621316028811654,ranging,0.23700874566674013,0.49983068499501254,0.2631605693382473,2
1787914800000,79565.9,79604.13,-0.015991632594941962,0.0,0.003329081193620015,ranging,0.23058356798716717,0.5170967220755501,0.2523197099372827,2
1787918400000,79604.12,79421.05,-0.020556137195365642,0.0,0.0033257303569549147,ranging,0.23302213330805266,0.5060882294476663,0.260889637244281,2
1787922000000,79421.04,79330.75,-0.01798482933793011,0.0,0.003416076688476538,ranging,0.22934771594673484,0.5013996634748656,0.2692526205783995,2
1787925600000,79330.34,79542.44,-0.024998478799493684,0.0,0.0038552330723489805,ranging,0.23536554631818438,0.4937251973411425,0.27090925634067325,2
1787929200000,79542.44,78331.13,-0.009588780348247283,0.0,0.004470184449622798,ranging,0.21737047599417553,0.5165608933665086,0.26606863063931585,2
1787932800000,78331.13,77788.46,-0.004899441382436587,1.0,0.00501507530828385,ranging,0.2093665428138598,0.5126429942970664,0.2779904628890738,2
1787936400000,77788.45,77904.0,-0.006931608133086908,0.0,0.004919005447364282,ranging,0.21157703922107224,0.5333587685145075,0.2550641922644203,2
1787940000000,77904.0,77554.0,0.002639322278670475,1.0,0.004956023825637685,trending,0.1947262907950092,0.5515979843127309,0.25367572489226,2
1787943600000,77554.0,77580.03,0.0034266550296513376,1.0,0.0048332422781035365,trending,0.19340199518271867,0.5468849801551336,0.25971302466214763,2
1787947200000,77580.03,77407.34,0.0042152333357534655,1.0,0.0046638933097513085,trending,0.1911942005638501,0.5548782897940667,0.2539275096420832,2
1787950800000,77407.34,77364.0,0.005559562587249989,2.0,0.004489203613503681,trending,0.1999749484377727,0.5415356659188423,0.258489385643385,2
1787954400000,77364.0,77758.69,-0.0011254047618344254,1.0,0.004385045699546601,trending,0.2094805848319463,0.5426270651712727,0.24789234999678103,2
1787958000000,77758.69,77845.87,-0.004350905192529786,0.0,0.004180667993075293,trending,0.22942127586217012,0.5235409893344989,0.2470377348033309,2
1787961600000,77845.88,77733.63,-0.0010898757719149943,1.0,0.0040210327263275345,trending,0.22373877790564767,0.5262975266651041,0.24996369542924818,2
1787965200000,77733.63,77794.11,-0.002077020998119239,1.0,0.003851016036488644,trending,0.2255676411052007,0.5314093692305959,0.2430229896642034,2
1787968800000,77794.11,77671.18,-0.0026310917382739163,1.0,0.003716893214819836,trending,0.23369108335093586,0.5269767114353343,0.2393322052137298,2
1787972400000,77671.18,77507.17,0.001533277501939434,1.0,0.003582713025202006,trending,0.22132619697345757,0.5237105775025088,0.25496322552403367,2
1787976000000,77507.17,77648.91,-0.00019214693419389306,1.0,0.0034153890501416656,trending,0.22837781763329038,0.5247121961463728,0.24690998622033677,2
1787979600000,77648.91,77632.53,0.00022542096721567262,1.0,0.0032339647168550378,low_liquidity,0.22649993881820057,0.5211276543186875,0.252372406863112,2
1787983200000,77632.52,77466.82,0.0021731884695923576,1.0,0.0031477874911962074,trending,0.22355036952217605,0.5149677062047539,0.26148192427307015,2
1787986800000,77466.83,77626.01,-0.0005325534572754309,1.0,0.003046136699655668,trending,0.23566816844214483,0.5004574190869664,0.2638744124708888,2
1787990400000,77626.01,77633.99,-0.0006472680329839831,1.0,0.002909011791663948,trending,0.23103381910857915,0.5173770268474714,0.2515891540439493,2
1787994000000,77634.0,77650.03,0.0006991626403751727,1.0,0.002804550936031259,trending,0.23495761802412243,0.5205288625233294,0.24451351945254818,2
1787997600000,77650.02,77635.17,0.00488438422946702,2.0,0.0027184430496712286,trending,0.2336583277145079,0.5151720086109032,0.25116966367458904,2
1788001200000,77635.17,77584.67,0.003617853887887934,2.0,0.0026096928756811975,trending,0.21951074065402096,0.5028709289851467,0.2776183303608322,2
1788004800000,77584.66,77583.74,0.00571550172755253,2.0,0.0025069263291638147,trending,0.2201155420022125,0.5014512607284018,0.27843319726938565,2
1788008400000,77583.74,77704.32,0.005092123578199992,2.0,0.0025,trending,0.21655993883429295,0.5078972900538461,0.27554277111186104,2
1788012000000,77704.32,78014.37,0.0018411992559832502,1.0,0.0025,trending,0.21261636075616572,0.5200596224817868,0.26732401676204753,2
1788015600000,78014.37,77865.36,0.004066506595487462,2.0,0.0025,trending,0.2117339751149201,0.5063138598408646,0.2819521650442154,2
1788019200000,77865.36,78027.17,0.0013168489899095803,1.0,0.0025,trending,0.21611109270945844,0.5179335255203783,0.26595538177016315,2
1788022800000,78027.17,78100.0,0.0007891165172855263,1.0,0.0025,trending,0.20922191961102782,0.5197388383315127,0.2710392420574595,2
1788026400000,78099.99,78158.01,0.0008998437908027679,1.0,0.0025,trending,0.20707217069717795,0.5345067401995703,0.25842108910325173,2
1788030000000,78158.01,78182.0,0.0006139520605765725,1.0,0.0025,trending,0.21742715378130506,0.5362131406115426,0.24635970560715237,2
1788033600000,78181.99,78129.92,0.0006391917462607033,1.0,0.0025,low_liquidity,0.21793387819413249,0.5179290819379248,0.26413703986794274,2
1788037200000,78129.92,78161.63,-0.0010251833284439238,1.0,0.0025,low_liquidity,0.2185156740949954,0.5299806682497888,0.25150365765521576,2
1788040800000,78161.62,78228.34,-0.001563755539232936,1.0,0.0025,ranging,0.22655733822085966,0.5120938331962497,0.2613488285828907,2
1788044400000,78228.33,78230.0,-0.0010906301930206919,1.0,0.0025,ranging,0.20458835526242136,0.5368914212801439,0.25852022345743486,2
1788048000000,78230.0,78179.86,-0.000896778275121024,1.0,0.0025,ranging,0.20270925498692877,0.5349022504269241,0.2623884945861473,2
1788051600000,78179.86,78081.5,0.0005918175239973955,1.0,0.0025,ranging,0.20200901082341333,0.5216157974108911,0.2763751917656955,2
1788055200000,78081.49,78106.01,0.0022319665285681634,1.0,0.0025,low_liquidity,0.19302265877753763,0.5444431439075053,0.2625341973149572,2
1788058800000,78106.0,78144.68,-0.00034141799544118445,1.0,0.0025,ranging,0.2032331752955547,0.5308334274976524,0.2659333972067928,2
1788062400000,78144.68,78109.75,-0.00045756131596896843,1.0,0.0025,ranging,0.20495811543713227,0.5189786830886216,0.2760632014742462,2
1788066000000,78109.74,78127.71,-0.0016345033023495992,1.0,0.0025,ranging,0.1976397328230389,0.535562303579351,0.26679796359761004,2
1788069600000,78127.72,78280.34,-0.0017252096758905155,1.0,0.0025,ranging,0.19732275585385317,0.542883033839848,0.25979421030629873,2
1788073200000,78280.34,78118.0,0.000614455055172991,1.0,0.0025,ranging,0.19722878852944278,0.5249915227734144,0.2777796886971427,2
1788076800000,78118.0,78074.01,0.009107384134617869,2.0,0.0025,ranging,0.19777854849162688,0.5101505958891859,0.2920708556191872,2
1788080400000,78074.01,78000.01,0.01102551140698571,2.0,0.0025,ranging,0.2000195701609095,0.5105802009506418,0.2894002288884487,2
1788084000000,78000.01,78145.29,0.008169654242757396,2.0,0.0025,ranging,0.20146666918083544,0.5151820267166501,0.2833513041025144,2
1788087600000,78145.29,78166.0,0.008413248727068057,2.0,0.0025,ranging,0.20551978116036124,0.5034489293930818,0.29103128944655693,2
1788091200000,78165.99,78785.06,0.007017447216515427,2.0,0.0025,ranging,0.22245372654329046,0.49985059996562253,0.27769567349108704,2
1788094800000,78785.06,78860.0,0.0020418463099163287,1.0,0.0025,ranging,0.2212406958595187,0.5185191089854116,0.2602401951550696,2
1788098400000,78860.01,78783.71,0.0032110699026486333,2.0,0.0025,ranging,0.21315881302479558,0.522665861503337,0.2641753254718675,2
1788102000000,78783.7,78823.63,0.00041561140992874,1.0,0.0025,ranging,0.2382264936897723,0.4885257522997188,0.2732477540105089,2
1788105600000,78823.62,79337.93,-0.009334753251061478,0.0,0.0025,ranging,0.24432323969662753,0.4912270120904652,0.26444974821290734,2
1788109200000,79337.93,79021.02,-0.004657241832616288,0.0,0.0025,trending,0.23963366063824043,0.5021822412039885,0.2581840981577711,2
1788112800000,79021.02,79036.69,-0.007777147550080965,0.0,0.0025,trending,0.2334838570682668,0.5135769376304347,0.25293920530129854,2
1788116400000,79036.68,78856.39,-0.014892768994370642,0.0,0.0025,trending,0.2222395944276608,0.5017867543804925,0.27597365119184664,2
1788120000000,78856.39,78597.33,-0.008400921507130232,0.0,0.0025,trending,0.21938977167809803,0.4992459343821273,0.2813642939397746,2
1788123600000,78597.32,78653.0,-0.012867404930517523,0.0,0.002536582399205004,trending,0.2247791553578682,0.49063132710207175,0.28458951754005996,2
1788127200000,78653.0,78422.01,-0.01208869805810886,0.0,0.002648698461039487,trending,0.22756019770223837,0.4914796176270808,0.2809601846706808,2
1788130800000,78422.01,77682.0,0.0009617414587679285,1.0,0.0032851068123725133,trending,0.20357852349762223,0.50106361128257,0.2953578652198077,2
1788134400000,77682.0,77937.04,-0.004038644526402235,0.0,0.003452614421830918,trending,0.21051356236408553,0.4872409878428957,0.30224544979301887,2
1788138000000,77937.03,77640.94,0.00483069885552645,2.0,0.0034544506396869718,trending,0.20631823860460774,0.4892612724794054,0.30442048891598683,2
1788141600000,77640.93,77473.99,0.008001136897686445,2.0,0.003550950577123341,trending,0.20820523426780443,0.4923815877698369,0.2994131779623587,2
1788145200000,77474.0,77756.71,0.00564967319219134,2.0,0.0035487814892053533,trending,0.2136816545989399,0.49584794452498465,0.29047040087607545,2
1788148800000,77756.7,77622.28,0.011060226522591199,2.0,0.0034723171624211264,trending,0.21417259118220203,0.49016320764309107,0.2956642011747069,2
1788152400000,77622.29,78016.0,0.006345236874487181,2.0,0.0035611259919149873,trending,0.21939030854373873,0.4883751044271158,0.29223458702914545,2
1788156000000,78016.01,78093.87,0.007889735775676199,2.0,0.003464044040852115,trending,0.21808014570781822,0.4842435243766964,0.2976763299154855,2
1788159600000,78093.88,78196.01,0.0015271878961597984,1.0,0.003370557311233964,trending,0.22862618166378826,0.4883179591743925,0.28305585916181925,2
1788163200000,78196.01,78480.8,-0.007013307713478967,0.0,0.003413271354989022,trending,0.22796462562559716,0.4956237043719027,0.2764116700025002,2
1788166800000,78480.79,78511.03,-0.008198083759695884,0.0,0.0033896797369345867,ranging,0.2322250039981084,0.4937510893102962,0.27402390669159554,2
1788170400000,78511.03,78710.01,-0.0013958834460825464,1.0,0.003365616772721632,ranging,0.23109750588219702,0.5032995313288858,0.2656029627889171,2
1788174000000,78710.02,78315.43,0.0033836244019858075,2.0,0.0033642453417290804,ranging,0.231849464169063,0.4870387196829706,0.28111181614796626,2
1788177600000,78315.43,77930.39,0.009100172602754864,2.0,0.003617176969746547,ranging,0.2256966834132526,0.4752375565247882,0.29906576006195906,2
1788181200000,77930.4,77867.39,0.013227231579227228,2.0,0.0036726305319189512,ranging,0.2314750744333842,0.4834989622975427,0.2850259632690732,2
1788184800000,77867.39,78600.14,0.005290830270785696,2.0,0.0038912326195901393,ranging,0.22689281532048208,0.47718935478356145,0.2959178298959565,2
1788188400000,78601.93,78580.42,0.00404222833117962,2.0,0.003922667988449256,ranging,0.22567328193049546,0.484019000252771,0.29030771781673353,2
1788192000000,78580.43,78639.57,0.002863062450621179,1.0,0.0038361927486629975,ranging,0.2235895343699855,0.49231026102017006,0.2841002046098445,2
1788195600000,78639.57,78897.36,0.0008486975990071866,1.0,0.003836187680601454,ranging,0.22323454779817595,0.5097844376750755,0.2669810145267485,2
1788199200000,78897.35,79016.0,-0.005351447808038978,0.0,0.003791548588741259,ranging,0.22392695134546164,0.5057139028249301,0.2703591458296081,2
1788202800000,79016.01,78898.06,-0.004014927616724728,0.0,0.003742216803686514,ranging,0.23783750258564168,0.5003544329163155,0.2618080644980427,2
1788206400000,78898.06,78864.72,-0.002697277058740566,1.0,0.003687060030349135,ranging,0.24323935473185276,0.48386139773835357,0.27289924752979366,2
1788210000000,78864.73,78964.32,-0.007012027710743385,0.0,0.003603314979941741,ranging,0.24197744882024275,0.48824397168764133,0.269778579492116,2
1788213600000,78964.33,78593.15,-0.0018215327926159874,1.0,0.003599778572832612,ranging,0.23050951183401502,0.48224587906845634,0.28724460909752864,2
1788217200000,78593.15,78581.29,0.0012435530137009376,1.0,0.0034460158440827475,ranging,0.21931632051282368,0.500320140037056,0.28036353945012016,2
1788220800000,78581.3,78652.0,0.0009549661801353526,1.0,0.0033811753175380086,ranging,0.23015750189737808,0.4822156052380425,0.28762689286457943,2
1788224400000,78652.0,78410.62,0.009812063723000808,2.0,0.0033800693014497587,ranging,0.22803895075435598,0.4862539649808313,0.2857070842648127,2
1788228000000,78410.62,78449.99,0.0037654561842517253,2.0,0.0032832611709568624,ranging,0.2314824814306159,0.48208931744519673,0.28642820112418743,2
1788231600000,78449.99,78679.01,-0.0005927883434222458,1.0,0.0032979620779748065,ranging,0.23370247213859052,0.47685729478517497,0.2894402330762346,2
1788235200000,78679.01,78727.11,-0.01071841707386445,0.0,0.003202675207583514,ranging,0.2356516663573892,0.49202294050788226,0.27232539313472837,2
1788238800000,78727.11,79179.99,-0.01597613235364148,0.0,0.003224015962783113,ranging,0.24286055465270998,0.49160539960186694,0.26553404574542305,2
1788242400000,79179.99,78745.39,-0.009089040006024507,0.0,0.0032467879543797468,ranging,0.22880631964954942,0.48024689760342243,0.2909467827470282,2
1788246000000,78745.39,78632.37,-0.0067834658932446334,0.0,0.003185987606716238,ranging,0.23081056614284398,0.47368266235589784,0.2955067715012582,2
1788249600000,78632.37,77883.28,0.001550011761189296,1.0,0.0034480065481021552,ranging,0.22853428107405863,0.47654064397026397,0.2949250749556773,2
1788253200000,77883.28,77915.0,0.0020148880189951868,1.0,0.003352263705466364,ranging,0.23396502115124246,0.4630700152321602,0.30296496361659736,2
1788256800000,77915.0,78029.67,0.0017726590411057952,1.0,0.003348430654599857,ranging,0.23053383288591578,0.49012997293066785,0.2793361941834164,2
1788260400000,78029.67,78098.97,-0.0023036155278360892,1.0,0.0032779947646209523,ranging,0.2248083411793365,0.5134430430418879,0.2617486157787756,2
1788264000000,78098.96,78004.0,-0.0052303728013948225,0.0,0.003275013545248373,ranging,0.23289445560113436,0.4869414975036196,0.2801640468952461,2
1788267600000,78004.01,78071.99,-0.010326366728964032,0.0,0.0034183048194970926,ranging,0.23299061629340626,0.48176418876792654,0.28524519493866723,2
1788271200000,78072.0,78167.99,-0.012973213204023892,0.0,0.0033741982911250088,ranging,0.23365011480338452,0.48647906398328244,0.279870821213333,2
1788274800000,78168.0,77919.06,-0.00779090507508684,0.0,0.003386347207714921,ranging,0.22116476652310313,0.48785809361503407,0.29097713986186274,2
1788278400000,77919.07,77596.01,-0.0019016441695905995,1.0,0.003520977142992669,ranging,0.22151555820937258,0.48193468832061337,0.29654975347001405,2
1788282000000,77596.01,77265.79,-0.0007049691719969164,1.0,0.003549771979817605,ranging,0.21919681556311185,0.5082425652838894,0.2725606191529987,2
1788285600000,77265.79,77153.9,0.0015568882454419786,1.0,0.0038007255372759846,ranging,0.22221135353917706,0.48361935231546543,0.29416929414535753,2
1788289200000,77153.89,77312.0,0.0016426945364238499,1.0,0.0037185692614671636,ranging,0.225098946575558,0.5087996783554887,0.26610137506895326,2
1788292800000,77312.0,77448.45,-0.003036858710535828,1.0,0.003577146520089114,low_liquidity,0.20876347122265038,0.5466294751491205,0.2446070536282291,2
1788296400000,77448.46,77211.32,-0.0024690680071266513,1.0,0.0036626216154475658,trending,0.213015168476833,0.520838221896198,0.266146609626969,2
1788300000000,77211.32,77274.02,0.0007140821714723966,1.0,0.0035834923604707576,trending,0.21028522844146202,0.5264353583699027,0.26327941318863524,2
1788303600000,77274.02,77439.0,0.001607717041800738,1.0,0.0035529801192157105,trending,0.21263302910252269,0.4991672383558484,0.28819973254162895,2
1788307200000,77439.01,77213.25,0.0045143806276772835,2.0,0.0035197604009260903,trending,0.2110968453258538,0.50100676694533,0.28789638772881626,2
1788310800000,77213.24,77020.68,0.008184684944355425,2.0,0.0036401631883601045,trending,0.21518507347524682,0.48038691466796557,0.30442801185678753,2
1788314400000,77020.67,77329.2,0.0036511434231829565,2.0,0.0035854539266815737,trending,0.2182214289589409,0.4906277498538161,0.29115082118724306,2
1788318000000,77329.2,77563.5,-0.00115582716097129,1.0,0.003583126534326146,trending,0.22253263436255047,0.49499974127622576,0.28246762436122375,2
1788321600000,77563.5,77561.82,-0.009124463556940854,0.0,0.0035031280801814213,trending,0.2131678712460568,0.5170739585906703,0.26975817016327286,2
1788325200000,77561.82,77651.07,-0.01157498538011148,0.0,0.003427949143609167,trending,0.2114171164697074,0.5076826025843244,0.2809002809459682,2
1788328800000,77651.08,77611.54,-0.011991258001065153,0.0,0.003329393454512473,trending,0.21393503552944565,0.49145058416398324,0.29461438030657117,2
1788332400000,77611.53,77473.85,-0.008326551475110744,0.0,0.0032586862650321306,trending,0.2172306076731779,0.49182682143218437,0.29094257089463776,2
1788336000000,77473.86,76854.11,-0.0031257924917742486,1.0,0.003495986116351836,trending,0.21945328526780308,0.4708124990677507,0.30973421566444626,2
1788339600000,76854.11,76752.26,0.005130011806818491,2.0,0.0035659328934041397,trending,0.22442764589560654,0.4745361322173631,0.3010362218870303,2
1788343200000,76752.26,76680.88,0.0050278504889353925,2.0,0.0035880729808883526,trending,0.22164032105272047,0.4777274862602511,0.30063219268702857,2
1788346800000,76680.88,76828.76,0.00599020470979883,2.0,0.0036002270483676433,trending,0.21464220852805116,0.49944637345672516,0.2859114180152238,2
1788350400000,76828.75,76613.88,0.007278315626358944,2.0,0.0035973067039727527,trending,0.2116216566982993,0.5080407296447907,0.28033761365691,2
1788354000000,76613.87,77146.0,0.0030547273999947944,1.0,0.003778263768733251,trending,0.22088683587439215,0.5038012465076258,0.27531191761798207,2
1788357600000,77146.0,77066.42,0.004039891823183206,2.0,0.00377880829209683,trending,0.21254739624138957,0.5149879832684251,0.27246462049018527,2
1788361200000,77066.42,77288.98,0.0006791395099277064,1.0,0.0038525580510561275,trending,0.22070463367342336,0.5040328031358166,0.27526256319076015,2
1788364800000,77288.97,77171.5,0.0030388161432652883,1.0,0.003810792167019382,trending,0.21984379170467788,0.4865988769175721,0.2935573313777499,2
1788368400000,77171.51,77381.66,-0.0012620561512896034,1.0,0.003781223687077027,trending,0.21430986737117097,0.5246713575965359,0.2610187750322931,2
1788372000000,77381.65,77377.76,-0.00444223249677933,0.0,0.0036373073704395443,trending,0.21100877214332792,0.5244908422134823,0.26450038564318984,2
1788375600000,77377.76,77341.47,-1.887732415750687e-05,1.0,0.0035408901199810282,trending,0.20287161002169093,0.5270451718609277,0.27008321811738145,2
1788379200000,77341.48,77406.01,-0.004366586005401851,0.0,0.0034582654414795798,ranging,0.21527378089221322,0.5133048566257414,0.2714213624820454,2
1788382800000,77406.0,77284.0,0.0009406862998808663,1.0,0.0033215569305564034,ranging,0.2063482160633184,0.5063499062827508,0.2873018776539307,2
1788386400000,77284.01,77034.03,0.01015109815752857,2.0,0.00323946041924085,low_liquidity,0.19923201302190693,0.500602400888269,0.3001655860898241,2
1788390000000,77034.03,77340.01,0.004758080584680524,2.0,0.003198574510283465,low_liquidity,0.2056094577532102,0.5036652361656995,0.29072530608109026,2
1788393600000,77340.01,77068.01,0.009186561324212361,2.0,0.0032108052540160774,ranging,0.21535335383926635,0.49026160106580746,0.2943850450949263,2
1788397200000,77068.0,77356.7,0.005858703900244011,2.0,0.0032910020616178305,ranging,0.2198912026173608,0.5048208443252296,0.27528795305740955,2
1788400800000,77356.69,77816.01,0.0002464788415650343,1.0,0.003401998939861363,ranging,0.21747572903115608,0.5222080809602596,0.2603161900085843,2
1788404400000,77816.02,77708.0,-0.0005771606526999706,1.0,0.0032946008370301435,ranging,0.2243005310845058,0.5182753489249475,0.2574241199905466,2
1788408000000,77708.01,77776.0,0.0008658197901665332,1.0,0.0032141598436271203,ranging,0.22087836765197932,0.5302528745075042,0.24886875784051643,2
1788411600000,77775.99,77809.91,-0.00250186640750516,1.0,0.003384688630437638,ranging,0.22098342515117492,0.5095822443886088,0.2694343304602163,2
1788415200000,77809.91,77835.19,-0.001275901041675298,1.0,0.003228576514648533,ranging,0.21033079940890756,0.5368146656042133,0.25285453498687915,2
1788418800000,77835.2,77663.15,0.003672784325642331,2.0,0.003326826230433872,ranging,0.22234654300289297,0.4981525638422639,0.2795008931548432,2
1788422400000,77663.14,77843.34,0.010393181998614276,2.0,0.0033038421043154157,ranging,0.215459290816654,0.5135670822499703,0.2709736269333757,2
1788426000000,77843.34,77615.24,0.01578659036550034,2.0,0.003279771339294989,ranging,0.2172444405580577,0.5007611207133004,0.28199443872864194,2
1788429600000,77615.25,77735.88,0.03620065792012639,2.0,0.003203557551341546,ranging,0.21543903721516872,0.5055411478982424,0.2790198148865889,2
1788433200000,77735.88,77948.39,0.04361360125590785,2.0,0.0031290481799141558,ranging,0.22642420450119524,0.49384030125345413,0.27973549424535055,2
1788436800000,77948.39,78652.38,0.02945861269550898,2.0,0.0033626840772901134,ranging,0.235199502657774,0.5067710533356242,0.25802944400660177,2
1788440400000,78652.37,78840.52,0.02792320497125078,2.0,0.0034138812089724462,ranging,0.2407138260488415,0.5022847945500568,0.25700137940110174,2
1788444000000,78840.52,80549.97,0.008744261481413496,2.0,0.004090786489906303,ranging,0.22855632791366512,0.4952742575533962,0.2761694145329386,2
1788447600000,80549.97,81348.0,0.005008236219698148,2.0,0.00429642091253333,high_volatility,0.2429017895474303,0.5193753837575765,0.2377228266949932,2
1788451200000,81348.0,80969.37,0.006220006404891176,2.0,0.0044033019868288245,high_volatility,0.22218380799461107,0.5259458332845866,0.25187035872080243,2
1788454800000,80969.37,81042.0,0.006761925914957612,2.0,0.004244911493258007,high_volatility,0.21780763260406447,0.5209444911600614,0.26124787623587414,2
1788458400000,81042.0,81254.32,-0.001406940578667193,1.0,0.004157851478873458,trending,0.2083431939445851,0.5196916228303757,0.27196518322503915,2
1788462000000,81254.31,81755.41,-0.005932818390856465,0.0,0.004161171657804966,trending,0.21901967071792905,0.5386440241434756,0.24233630513859541,2
1788465600000,81755.41,81473.0,-0.006147803566825871,0.0,0.004081048616048892,trending,0.20832380513385618,0.5449375302775837,0.2467386645885601,2
1788469200000,81473.0,81590.0,-0.007623360705968918,0.0,0.004315688687899049,high_volatility,0.2181662840670532,0.5298402521161497,0.25199346381679716,2
1788472800000,81590.0,81140.0,-0.003796031550406642,1.0,0.004399170323421494,high_volatility,0.20424826102565144,0.5241496220416579,0.27160211693269054,2
1788476400000,81140.0,81270.37,-0.005172487832896477,0.0,0.004215499485194086,high_volatility,0.2034228743950722,0.5252094593849775,0.27136766621995034,2
1788480000000,81270.37,80972.12,0.0012154800936421406,1.0,0.004176382507297334,high_volatility,0.19739720729881025,0.5130235493715113,0.28957924332967855,2
1788483600000,80972.11,80968.01,0.00034754466609721035,1.0,0.004057384684667565,trending,0.20411794239613362,0.513089795273644,0.2827922623302225,2
1788487200000,80968.01,80831.99,-0.0004280483506592381,1.0,0.003932207964751625,trending,0.20124690586821636,0.5174210957881862,0.2813319983435974,2
1788490800000,80832.0,80850.0,-0.002388744588744607,1.0,0.003764914332981191,trending,0.20126829928788845,0.5244971032771019,0.2742345974350097,2
1788494400000,80850.01,81070.54,0.0009451028696738639,1.0,0.003733885162300705,trending,0.2157514890677935,0.5116813707007151,0.2725671402314915,2
1788498000000,81070.54,80996.15,0.0007467021580656041,1.0,0.0036186615248063186,trending,0.21403108359765105,0.5107249329549555,0.27524398344739354,2
1788501600000,80996.15,80797.39,0.004730845884997059,2.0,0.0036425712262768218,trending,0.20703924374659544,0.5141757955338498,0.27878496071955483,2
1788505200000,80797.4,80656.87,0.007042053578325103,2.0,0.003561022694603404,trending,0.2080178403879467,0.5129060206532512,0.27907613895880196,2
1788508800000,80656.86,81147.16,-0.02086579493355034,0.0,0.003674409271724707,trending,0.22670620064283487,0.49262022024616053,0.28067357911100466,2
1788512400000,81147.16,81056.63,-0.02070108268749893,0.0,0.0036144380980623974,trending,0.2314153461842569,0.4941390803023695,0.2744455735133736,2
1788516000000,81056.63,81179.63,-0.02788778416457427,0.0,0.003542743270556839,trending,0.2445696452407754,0.5062240594537256,0.24920629530549895,2
1788519600000,81179.64,81224.86,-0.022105670603802863,0.0,0.0034688479457382925,trending,0.25004500999136176,0.5011766983053113,0.24877829170332696,2
1788523200000,81224.86,79453.96,0.0036721895296343288,1.0,0.004464557618202004,high_volatility,0.2038133362759917,0.5130593574300586,0.2831273062939496,2
1788526800000,79453.95,79378.67,0.0011785281864762354,1.0,0.004529687681469563,high_volatility,0.20951986487826824,0.5161337334678663,0.2743464016538655,2
1788530400000,79378.66,78915.71,0.008901142750917357,2.0,0.004726098252458846,high_volatility,0.20727801136219498,0.5202784911323606,0.2724434975054444,2
1788534000000,78915.71,79429.33,0.004582815944689456,1.0,0.004767684852320154,high_volatility,0.1971822448273518,0.5248854118134099,0.2779323433592383,2
1788537600000,79429.33,79745.73,-0.0006105656064594456,1.0,0.004677680077776317,high_volatility,0.20327895090079964,0.532822734229181,0.26389831487001925,2
1788541200000,79745.72,79472.22,0.0019098497563048156,1.0,0.004557996278999376,high_volatility,0.19985605534469583,0.552086414227065,0.24805753042823914,2
1788544800000,79472.22,79618.15,0.00022532550680964825,1.0,0.004323518012959946,high_volatility,0.20863007896572344,0.5342728490664321,0.2570970719678444,2
1788548400000,79618.15,79793.34,-0.0016614168550908026,1.0,0.004114294835961886,trending,0.21520736508837002,0.5115307820940622,0.2732618528175678,2
1788552000000,79793.35,79697.04,-0.0015518769580400438,1.0,0.003929442627067953,trending,0.21323291671263175,0.5295682320074674,0.2571988512799009,2
1788555600000,79697.03,79624.0,-0.0011386014267055211,1.0,0.003817517601434616,trending,0.21428977301546737,0.5010261681176479,0.2846840588668848,2
1788559200000,79624.0,79636.09,-0.0008413270917746463,1.0,0.0036045737908315086,trending,0.20805010747936117,0.5101483977897978,0.28180149473084104,2
1788562800000,79636.09,79660.77,-0.0009888179589527812,1.0,0.003430591742458041,low_liquidity,0.21732073756563822,0.5136170059190758,0.2690622565152861,2
1788566400000,79660.77,79573.36,-0.0009217909109280331,1.0,0.003274991006392488,low_liquidity,0.21543023684811935,0.5083769488357069,0.27619281431617365,2
1788570000000,79573.37,79533.34,0.0005556160473079164,1.0,0.003137787874807879,trending,0.2159273769610238,0.5081284769092145,0.27594414612976165,2
1788573600000,79533.34,79569.09,0.0009415716580396527,1.0,0.0029930249014990277,ranging,0.2279500750754017,0.49941228215303135,0.27263764277156705,2
1788577200000,79569.09,79582.0,0.001607901284210067,1.0,0.0028433076044430653,ranging,0.22534788337555578,0.5024023712207274,0.2722497454037168,2
1788580800000,79581.99,79500.01,0.0018866664293502033,1.0,0.00269136837224319,ranging,0.22255015942756282,0.5027117431896528,0.27473809738278443,2
1788584400000,79500.01,79577.53,0.0006754419243724108,1.0,0.002581790867159201,ranging,0.23065060042279056,0.48834361400747656,0.2810057855697328,2
1788588000000,79577.53,79644.01,-0.00032645267359088237,1.0,0.0025,ranging,0.2302893636301424,0.491086315792495,0.27862432057736275,2
1788591600000,79644.01,79709.96,-0.0012630792939803959,1.0,0.0025,ranging,0.23038461890350512,0.49694348142742034,0.27267189966907457,2
1788595200000,79709.96,79650.0,0.0006797237915880938,1.0,0.0025,ranging,0.22907883043272773,0.4832657986537326,0.2876553709135397,2
1788598800000,79650.01,79631.28,-0.00022114425386610126,1.0,0.0025,ranging,0.22595305812690109,0.49110772274378944,0.2829392191293095,2
1788602400000,79631.29,79618.01,0.0012779771812936325,1.0,0.0025,ranging,0.22467322511632914,0.48909816331552824,0.28622861156814267,2
1788606000000,79618.0,79609.28,0.0024711943130246716,1.0,0.0025,ranging,0.2236992402265444,0.489626992944116,0.2866737668293395,2
1788609600000,79609.29,79704.14,0.004238926610336646,2.0,0.0025,ranging,0.2306400036694005,0.49408598580736157,0.275274010523238,2
1788613200000,79704.13,79613.67,0.0055886131112912185,2.0,0.0025,ranging,0.23132865754124804,0.48789580530139465,0.2807755371573573,2
1788616800000,79613.67,79719.76,0.0035150632666229864,2.0,0.0025,ranging,0.2283995225318223,0.49721084743453003,0.2743896300336476,2
1788620400000,79719.75,79806.01,-0.0006517053038986864,1.0,0.0025,ranging,0.2295826057622841,0.4988576071554706,0.27155978708224526,2
1788624000000,79806.0,80042.0,-0.0038001299317858006,0.0,0.0025,ranging,0.24025579787602763,0.5023920082448764,0.25735219387909597,2
1788627600000,80041.99,80058.6,-0.0019058539619728476,1.0,0.0025,ranging,0.2248363908667832,0.5314260322430723,0.24373757689014455,2
1788631200000,80058.6,79999.98,-0.002699875674968766,0.0,0.0025,ranging,0.21897525186636574,0.5340512674240977,0.2469734807095366,2
1788634800000,79999.99,79754.0,0.0009748727336560403,1.0,0.0025,ranging,0.23080284777751447,0.49658910214548335,0.2726080500770022,2
1788638400000,79753.99,79737.83,0.0016324748240577058,1.0,0.0025,ranging,0.22709846666811337,0.5042891471159375,0.2686123862159492,2
1788642000000,79737.83,79906.02,0.0005677920136679671,1.0,0.0025,low_liquidity,0.21730411376555558,0.5161550155788447,0.26654087065559967,2
1788645600000,79906.02,79783.99,0.0015452974964023092,1.0,0.0025,ranging,0.2276624573685301,0.5023090118271607,0.2700285308043092,2
1788649200000,79783.99,79831.75,0.002458420365330838,1.0,0.0025,ranging,0.21919361134147233,0.4945705348054197,0.286235853853108,2
1788652800000,79831.75,79868.0,-2.4916111584172285e-05,1.0,0.0025,low_liquidity,0.20815689871341328,0.5064017267701673,0.2854413745164195,2
1788656400000,79868.01,79951.39,0.0004720368213737558,1.0,0.0025,ranging,0.21686470085197504,0.5043998668182804,0.27873543232974457,2
1788660000000,79951.38,79907.28,-0.001534653663596175,1.0,0.0025,ranging,0.21446879438839184,0.5065881476495743,0.2789430579620338,2
1788663600000,79907.28,80028.01,-0.0027866493244051993,0.0,0.0025,ranging,0.21598909738164385,0.5225218412226749,0.26148906139568134,2
1788667200000,80028.01,79866.01,-0.00036110480541096113,1.0,0.0025,ranging,0.21501711176901497,0.5124187344886396,0.27256415374234544,2
1788670800000,79866.01,79989.13,-0.0012921755743561247,1.0,0.0025,ranging,0.22264077127929396,0.49039273412167067,0.28696649459903534,2
1788674400000,79989.12,79784.65,0.002748398344794456,2.0,0.0025,ranging,0.22617091871714756,0.48774185251189983,0.28608722877095266,2
1788678000000,79784.65,79805.0,0.0014306121170353236,1.0,0.0025,ranging,0.22493116401756638,0.47716251402480925,0.29790632195762445,2
1788681600000,79804.68,79837.17,0.0010630386823580196,1.0,0.0025,ranging,0.22030071050697514,0.4899226301725471,0.2897766593204778,2
1788685200000,79837.17,79885.77,-0.0006983721881883564,1.0,0.0025,ranging,0.22204500472519295,0.48579876950949397,0.292156225765313,2
1788688800000,79885.78,80003.93,-0.005760592010917387,0.0,0.0025,ranging,0.19229225096983843,0.5059124850811179,0.30179526394904366,3
1788692400000,80003.92,79919.17,-0.002535937247596487,0.0,0.0025,ranging,0.19198865710201357,0.4953333221852016,0.3126780207127849,3
1788696000000,79919.17,79922.04,-0.0030034268394549812,0.0,0.0025,ranging,0.19003908945111042,0.4927747813910398,0.3171861291578499,3
1788699600000,79922.04,79829.98,-0.0010602533033329253,1.0,0.0025,ranging,0.18777682926661682,0.49773460903365263,0.31448856169973055,3
1788703200000,79829.99,79543.06,0.005183104597685784,2.0,0.0025,ranging,0.19473442937466373,0.4703042846244728,0.33496128600086345,3
1788706800000,79543.07,79716.5,0.001423670131026844,1.0,0.0025,ranging,0.1936967042224034,0.48227429494595725,0.32402900083163927,3
1788710400000,79716.51,79682.0,0.0028864737330889234,2.0,0.0025,ranging,0.18897135668056245,0.4885908293373951,0.32243781398204246,3
1788714000000,79682.0,79745.34,0.002495945217614093,1.0,0.0025,ranging,0.18636649738699937,0.49695575329597236,0.3166777493170283,3
1788717600000,79745.34,79955.34,0.001248572015327687,1.0,0.0025,ranging,0.18726801466819867,0.4982305942737937,0.31450139105800756,3
1788721200000,79955.34,79829.99,0.006411625505652552,2.0,0.0025,ranging,0.18473519433484165,0.49099214740068475,0.3242726582644736,3
1788724800000,79830.0,79912.0,0.0031035388927820318,2.0,0.0025,ranging,0.1892344190907509,0.4993646968238731,0.3114008840853762,3
1788728400000,79912.0,79944.38,-0.00022815862728564618,1.0,0.0025,ranging,0.186511837509934,0.49404835124848684,0.31943981124157933,3
1788732000000,79944.39,80055.17,-0.0022600664017076166,1.0,0.0025,ranging,0.204898211551134,0.49510950723838915,0.29999228121047705,3
1788735600000,80055.18,80341.83,-0.00927835474994787,0.0,0.0025,ranging,0.2105252821580643,0.5048646831512923,0.2846100346906434,3
1788739200000,80341.83,80160.01,-0.005439245828437356,0.0,0.0025,ranging,0.20371147574922535,0.5106364475011201,0.2856520767496545,3
1788742800000,80160.01,79926.14,-0.002085300253458988,1.0,0.0025,ranging,0.19269702625382787,0.5067928218610785,0.3005101518850936,3
1788746400000,79926.14,79874.24,-0.002691355811335394,0.0,0.0025,ranging,0.19811121075023116,0.5000260830256709,0.30186270622409794,3
1788750000000,79874.25,79596.39,-0.002494585495648738,1.0,0.0025,ranging,0.19214352400414642,0.49003451718555174,0.3178219588103018,3
1788753600000,79596.38,79724.0,-0.00359515327881188,0.0,0.0025,ranging,0.18624276096986483,0.49404644900531225,0.3197107900248229,3
1788757200000,79724.01,79759.47,-0.005587048158669949,0.0,0.0025,ranging,0.19542182934288732,0.4887248188367592,0.3158533518203534,3
1788760800000,79759.47,79659.27,-0.003756876004512799,0.0,0.0025,ranging,0.18433960981252834,0.5069552374391567,0.30870515274831506,3
1788764400000,79659.28,79397.83,0.00028124194326228924,1.0,0.0025,ranging,0.19173774066209032,0.48753923759673795,0.32072302174117173,3
1788768000000,79397.83,79437.38,0.0021332526324506773,1.0,0.0025,ranging,0.17813733547056743,0.5170768296860183,0.30478583484341426,3
1788771600000,79437.39,79313.85,0.0004811265623845262,1.0,0.0025,ranging,0.19023753592349246,0.49799510455272666,0.3117673595237809,3
1788775200000,79313.85,79360.0,-0.002117565524193621,1.0,0.0025,ranging,0.1786579650340335,0.5213908194056308,0.29995121556033577,3
1788778800000,79360.0,79420.16,-0.007531714869373207,0.0,0.0025,ranging,0.17835846599635893,0.5195443909829023,0.30209714302073876,3
1788782400000,79420.16,79606.84,-0.007260305772720077,0.0,0.0025,ranging,0.18149884122541815,0.5252748013930949,0.29322635738148684,3
1788786000000,79606.84,79352.01,-0.0020954730699322965,1.0,0.0025,ranging,0.1939557586025359,0.48850651789548855,0.31753772350197546,3
1788789600000,79352.0,79191.95,5.316196911442361e-05,1.0,0.0025,ranging,0.18692328408660575,0.4842266043604539,0.32885011155294025,3
1788793200000,79191.96,78821.99,0.006899470566525956,2.0,0.0025,ranging,0.1881244794899796,0.4855683541279257,0.3263071663820947,3
1788796800000,78822.0,79028.87,0.0026462481369151636,2.0,0.0025,ranging,0.18340966444591533,0.5069216615945356,0.30966867395954906,3
1788800400000,79028.88,79185.73,-0.0002744181306404414,1.0,0.0025,ranging,0.1778257128854812,0.5253914276259256,0.29678285948859323,3
1788804000000,79185.74,79196.16,-0.0030805786543186553,0.0,0.0025,trending,0.17502856736578254,0.5326901155887033,0.2922813170455143,3
1788807600000,79196.15,79365.82,-0.0031979761564866482,0.0,0.0025,ranging,0.1912103281277505,0.5047392833994381,0.30405038847281146,3
1788811200000,79365.81,79238.0,0.0009475251773138904,1.0,0.0025,ranging,0.18652777834637793,0.49841333460013565,0.3150588870534864,3
1788814800000,79238.0,79164.0,0.0035115709160731257,2.0,0.0025,low_liquidity,0.18188546949067516,0.5031496608673648,0.3149648696419601,3
1788818400000,79164.01,78952.19,-0.000280929509365202,1.0,0.0025,trending,0.18594390817243622,0.47844762308513294,0.33560846874243083,3
1788822000000,78952.18,79112.01,-0.0026004901152175686,0.0,0.0025,trending,0.18411995818662957,0.489819390437581,0.3260606513757894,3
1788825600000,79112.0,79313.08,-0.007998302423761539,0.0,0.0025,trending,0.18780418373820146,0.4826798950560709,0.3295159212057276,3
1788829200000,79313.09,79441.99,-0.010875734608360221,0.0,0.0025,trending,0.18332826682957848,0.5158462623724035,0.300825470798018,3
1788832800000,79441.98,78930.01,-0.007683009288862341,0.0,0.0025,trending,0.19184025953685288,0.4733425155472637,0.3348172249158834,3
1788836400000,78930.01,78906.28,-0.005377011817056854,0.0,0.0025,trending,0.19625252774035193,0.47145902358974845,0.3322884486698997,3
1788840000000,78906.27,78678.71,-0.0033136028793558925,0.0,0.0025,trending,0.19324585957511423,0.47543881027675006,0.3313153301481356,3
1788843600000,78678.7,78578.0,0.0023414950749574004,1.0,0.0025,trending,0.1918763756776226,0.4715591721165385,0.3365644522058388,3
1788847200000,78577.99,78323.59,0.0031205157986247123,2.0,0.0025,trending,0.19029732675512587,0.4811008299393432,0.3286018433055308,3
1788850800000,78323.59,78482.0,-0.0006624448918224335,1.0,0.0025,trending,0.18711683508906926,0.4975626792082969,0.31532048570263393,3
1788854400000,78482.0,78418.0,0.0004079420541203138,1.0,0.0025,trending,0.18484403650353584,0.49433828272389646,0.32081768077256756,3
1788858000000,78418.0,78761.99,-0.010161373525478523,0.0,0.0025,trending,0.1907169309156972,0.5192453403624422,0.2900377287218607,3
1788861600000,78762.0,78568.0,-6.109357499228807e-06,1.0,0.002517747743096208,trending,0.18683553150286483,0.5097141416548492,0.303450326842286,3
1788865200000,78568.01,78430.01,0.006043477490312865,2.0,0.0025083412958477927,trending,0.18377328151138994,0.4783568535590549,0.3378698649295551,3
1788868800000,78430.0,78449.99,0.003644359929172669,2.0,0.0025,trending,0.18530105949794262,0.48160909444381056,0.3330898460582468,3
1788872400000,78450.0,77961.66,0.006961370499294128,2.0,0.0028213690434065984,trending,0.1841345322448364,0.47534200409568755,0.3405234636594761,3
1788876000000,77961.66,78567.52,-0.0016739741816975684,1.0,0.0030233758385286905,trending,0.18663107034138404,0.4888233534621766,0.32454557619643937,3
1788879600000,78567.52,78904.0,-0.005804521950724895,0.0,0.003045022922606276,trending,0.1892203339063401,0.49446396621613475,0.3163156998775252,3
1788883200000,78904.0,78735.89,-0.0031485006392890647,0.0,0.0030496841610144205,trending,0.18522246229730072,0.5000786710901853,0.31469886661251395,3
1788886800000,78735.88,78504.38,-0.00015540534171487597,1.0,0.0030542015219613573,trending,0.1854278189263331,0.48391790773008847,0.3306542733435784,3
1788890400000,78504.38,78436.0,0.0016120148911213938,1.0,0.003139570167667382,trending,0.18475452058394845,0.48022039167636493,0.33502508773968664,3
1788894000000,78436.01,78446.0,0.00012492670117025817,1.0,0.0030256347712576304,trending,0.18928826025117695,0.4870725051085333,0.32363923464028965,3
1788897600000,78445.99,78487.99,0.003652278520573482,2.0,0.002923621352277672,trending,0.18364978406355695,0.4844762098875811,0.331874006048862,3
1788901200000,78487.99,78492.18,0.005087385775245368,2.0,0.0028332441388225255,trending,0.1824678282446358,0.48490222790532733,0.33262994385003686,3
1788904800000,78492.19,78562.44,0.002082038185168278,1.0,0.0027402113129644163,trending,0.18306096549782783,0.49229702237929307,0.32464201212287913,3
1788908400000,78562.43,78455.8,0.002322454171648225,1.0,0.002638985380673982,trending,0.18689994117586473,0.4892276102294031,0.3238724485947321,3
1788912000000,78455.8,78774.65,0.005037788171702529,2.0,0.0026261858714139164,trending,0.19702339438900857,0.5167636006759917,0.2862130049349997,3
1788915600000,78774.66,78891.5,0.00040473308277810816,1.0,0.0025751292662549124,trending,0.20069131367792506,0.5122067186965186,0.28710196762555645,3
1788919200000,78891.49,78726.01,0.005500342262995561,2.0,0.0025280622327394317,trending,0.19210541999399264,0.5119569703956983,0.29593760961030896,3
1788922800000,78726.01,78638.01,0.008131182363338096,2.0,0.0025,trending,0.18979402376152443,0.4982530930349738,0.31195288320350173,3
1788926400000,78638.01,79171.5,0.006650372924600356,2.0,0.002569580651508667,trending,0.20898632017502242,0.5060601519876563,0.28495352783732125,3
1788930000000,79171.5,78923.43,0.00036212313631067694,1.0,0.002681025510749505,trending,0.19702670563392055,0.51563779649327,0.2873354978728095,3
1788933600000,78923.43,79159.03,-0.003019491269663166,0.0,0.002712168222750082,ranging,0.21125220300274222,0.5079465720461395,0.28080122495111826,3
1788937200000,79159.03,79277.43,0.0005968911958929013,1.0,0.0026491055112464524,ranging,0.21344067056747063,0.49778515673695284,0.28877417269557654,3
1788940800000,79277.44,79698.02,-0.001152851727056814,1.0,0.0027136232471162603,trending,0.21610367025949584,0.5013703141997229,0.2825260155407813,3
1788944400000,79698.02,78952.01,0.002389806161996466,1.0,0.0029865476849931434,ranging,0.2020970456715572,0.4922979990426626,0.3056049552857803,3
1788948000000,78952.01,78920.01,0.00048150019241011144,1.0,0.002940410581534865,ranging,0.1998713241137455,0.4917056660563221,0.3084230098299324,3
1788951600000,78920.01,79324.75,-0.00917809384838908,0.0,0.003069784131042589,ranging,0.2040998519338326,0.4837424521438933,0.31215769592227416,3
1788955200000,79324.75,79606.14,-0.010065052771055183,0.0,0.0030455818068232726,ranging,0.21159489595821745,0.5010399434106877,0.28736516063109485,3
1788958800000,79606.15,79140.69,-0.004607996215347687,0.0,0.003156405160084022,ranging,0.1981033073747134,0.485408267774402,0.3164884248508846,3
1788962400000,79140.69,78958.01,-0.006884545342518034,0.0,0.003228867261899198,ranging,0.19880938144593382,0.4730377922391341,0.32815282631493203,3
1788966000000,78958.01,78596.7,-0.004602737773977683,0.0,0.0037399426767992503,ranging,0.19288813592474074,0.49177317593265174,0.31533868814260757,3
1788969600000,78596.7,78804.9,-0.00610152414380305,0.0,0.0037236979132848004,ranging,0.19295687607972423,0.5044397750780151,0.30260334884226064,3
1788973200000,78804.9,78776.01,-0.00800992586448579,0.0,0.0036006550561395734,ranging,0.19288569636639827,0.5118632090071839,0.2952510946264178,3
1788976800000,78776.0,78414.42,-0.006253441650145519,0.0,0.003571429576361283,ranging,0.18926842442563394,0.5108386267874016,0.29989294878696454,3
1788980400000,78414.42,78234.94,0.0009137860909715911,1.0,0.003556926030762332,ranging,0.19175419478826136,0.4923354073234168,0.31591039788832176,3
1788984000000,78234.94,78324.07,-0.0018304717821738814,1.0,0.0035305135170312983,ranging,0.19105586847933015,0.4886205825021851,0.3203235490184848,3
1788987600000,78324.07,78145.02,-0.0006528886933550027,1.0,0.00347527898585291,trending,0.18449766302275256,0.494246382051364,0.3212559549258835,3
1788991200000,78145.02,77924.06,0.005566958395134991,2.0,0.003470489360425046,trending,0.18577988313098348,0.48941295794295653,0.3248071589260599,3
1788994800000,77924.0,78306.43,0.00027647793418772437,1.0,0.0034260715745315254,trending,0.18605874521196208,0.502335732432515,0.31160552235552297,3
1788998400000,78306.43,78180.7,0.0028050401185970575,1.0,0.0033556095421418005,trending,0.18762066472438935,0.4881800022652721,0.3241993330103386,3
1789002000000,78180.7,78094.0,0.005668937434374133,2.0,0.003424778141093,trending,0.18603271442672478,0.4959596850531545,0.3180076005201207,3
1789005600000,78094.01,78357.86,0.0007421080667593394,1.0,0.003384444971858891,trending,0.18519400451739698,0.5042123046875033,0.31059369079509974,3
1789009200000,78357.87,78328.08,-0.0027586530909476936,1.0,0.0032927183134927,trending,0.1875170674826702,0.5079015780050035,0.3045813545123264,3
1789012800000,78328.08,78400.0,-0.0036989795918367374,0.0,0.003130151189137555,low_liquidity,0.1864286292704864,0.5329508336111796,0.28062053711833407,3
1789016400000,78400.01,78536.71,-0.0069356101115009006,0.0,0.003061747531794818,trending,0.18965942494234492,0.5209220050521636,0.28941857000549154,3
1789020000000,78536.71,78416.01,-0.0070495808190188525,0.0,0.0030628006722198827,ranging,0.19255820223915476,0.5072753593858229,0.3001664383750224,3
1789023600000,78416.01,78112.0,-0.0034719377304383015,0.0,0.0031379501830982727,ranging,0.1895428644485989,0.4887647603368786,0.3216923752145225,3
1789027200000,78112.0,78110.0,-0.015542056074766442,0.0,0.0029867168472376346,ranging,0.18486110249850488,0.5009328088696562,0.31420608863183885,3
1789030800000,78110.0,77992.01,-0.01048274047559472,0.0,0.0029525166270150272,ranging,0.19180991469635986,0.48026678977763654,0.3279232955260037,3
1789034400000,77992.0,77863.21,-0.005794777790435468,0.0,0.0028690986061060434,trending,0.18521345979963597,0.486427302934804,0.32835923726556004,3
1789038000000,77863.2,77840.8,-0.0075898500529285595,0.0,0.0028669026623324655,trending,0.18375448525778007,0.48610804982683614,0.3301374649153837,3
1789041600000,77840.64,76896.01,0.0039533910797191485,2.0,0.0034099706843930717,trending,0.18219279469578173,0.49916939115745285,0.31863781414676545,3
1789045200000,76896.01,77174.44,0.0019991074765168815,1.0,0.003426533094569685,trending,0.18992590967800738,0.4778795818076131,0.3321945085143797,3
1789048800000,77174.43,77412.01,-0.002066991930580242,1.0,0.003438602693463079,trending,0.18988080879822267,0.48540418646717054,0.3247150047346069,3
1789052400000,77412.01,77250.0,-0.0011543042071197052,1.0,0.003377620803699564,trending,0.17983820463079636,0.517457099539484,0.3027046958297195,3
1789056000000,77250.0,77200.01,0.0008817356370809382,1.0,0.003419862336541963,trending,0.1789678498442604,0.5078223009815641,0.31320984917417555,3
1789059600000,77200.0,77328.72,-0.0023887631917351992,1.0,0.0034018208107780665,trending,0.18156078077705937,0.5145449476326579,0.3038942715902827,3
1789063200000,77328.72,77252.0,-0.005379148759902641,0.0,0.0033602457232441395,trending,0.18087902243353862,0.52538937149954,0.29373160606692134,3
1789066800000,77252.0,77160.83,-0.007673712167170832,0.0,0.0032435037069944227,trending,0.17956704466748044,0.5104282271373858,0.3100047281951338,3
1789070400000,77160.83,77268.08,-0.004652503336435965,0.0,0.0031360193311177715,low_liquidity,0.1771132029291175,0.5224682534656951,0.3004185436051872,3
1789074000000,77268.08,77144.0,-0.002236985377994438,1.0,0.003029477807049718,trending,0.1787092921238793,0.51114040080314,0.31015030707298075,3
1789077600000,77144.01,76836.45,2.9022683895485457e-05,1.0,0.0030476834397807273,trending,0.17827910027610236,0.5028872267129155,0.31883367301098214,3
1789081200000,76836.45,76568.72,0.00421947761435737,2.0,0.0030706657935838707,trending,0.18935896631748617,0.48996380967113096,0.3206772240113829,3
1789084800000,76568.73,76908.59,0.002670963022465944,1.0,0.00304869747850061,trending,0.19094990398848957,0.4915776963847997,0.3174723996267106,3
1789088400000,76908.59,76971.43,0.00365629169160564,2.0,0.003012046452360385,trending,0.19051102952495758,0.5115541538948678,0.2979348165801746,3
1789092000000,76971.44,76838.68,0.005977848656431917,2.0,0.0029377854585736084,trending,0.19018899708121823,0.5091495767960383,0.30066142612274327,3
1789095600000,76838.68,76891.8,0.0044074920862822164,2.0,0.002834656935255475,trending,0.19385058269261787,0.4841042414624316,0.32204517584495046,3
1789099200000,76891.81,77114.01,0.0032538834383013526,2.0,0.0027950936947084676,trending,0.19438057436884668,0.49801807699268696,0.30760134863846633,3
1789102800000,77114.01,77252.86,-0.002729478235498295,0.0,0.0026927560450012724,trending,0.19640879177988002,0.5198511212748514,0.2837400869452686,3
1789106400000,77252.87,77298.01,-0.003942662948243969,0.0,0.002637277628365372,trending,0.19161601219479407,0.5323780923761167,0.27600589542908927,3
1789110000000,77298.01,77230.7,-0.0025194644098784913,1.0,0.00256172005467489,trending,0.19469045367520843,0.5122699347888889,0.29303961153590263,3
1789113600000,77230.7,77364.93,0.008635178756059236,2.0,0.0025714961078853746,trending,0.18913393786794147,0.5284695665842392,0.28239649554781937,3
1789117200000,77364.94,77042.0,0.028563121414293402,2.0,0.002678432369879615,trending,0.18580279492477372,0.49981959610825794,0.31437760896696837,3
1789120800000,77042.0,76993.25,0.023446990482931973,2.0,0.0025984868119918202,trending,0.1863821608536266,0.5014183182889582,0.31219952085741526,3
1789124400000,76993.25,77036.12,0.009036410452655241,2.0,0.002579715001209879,trending,0.18559275062950306,0.4919572639722247,0.32244998539827224,3
1789128000000,77036.12,78032.99,-0.0014992376942112307,1.0,0.0035193924730581062,trending,0.19416128877633604,0.5065970228217594,0.29924168840190435,3
1789131600000,78032.98,79242.56,-0.021561140881869556,0.0,0.004342627902346235,high_volatility,0.19645585744429264,0.5022372940451068,0.3013068485106005,3
1789135200000,79242.56,78798.51,-0.022138870392346188,0.0,0.0048062170369007305,high_volatility,0.19928971270218876,0.5086226241920433,0.292087663105768,3
1789138800000,78798.4,77732.25,-0.005740731806939903,0.0,0.005377050834459774,high_volatility,0.19117652302257557,0.512674688434275,0.2961487885431495,3
1789142400000,77732.25,77916.0,-0.007401175625032064,0.0,0.005358601732681129,high_volatility,0.1944074619574421,0.5190068546552293,0.28658568338732854,3
1789146000000,77916.0,77534.0,-0.005494234787319141,0.0,0.005259971260393206,high_volatility,0.1847954915648118,0.5255935213239529,0.28961098711123534,3
1789149600000,77534.0,77054.0,0.0012458795130687594,1.0,0.005278999099094926,high_volatility,0.18059452877351984,0.5078359067826732,0.3115695644438069,3
1789153200000,77054.0,77286.01,-0.0007803482156731878,1.0,0.005090174567688423,high_volatility,0.18056791129219746,0.5202488371737841,0.2991832515340184,3
1789156800000,77286.0,77339.33,-0.0006710686529093346,1.0,0.004896230558631744,high_volatility,0.17839594523620045,0.5380601068028494,0.28354394796095006,3
1789160400000,77339.33,77108.01,0.0021315554635634726,1.0,0.0047524481587500845,high_volatility,0.17762640625042914,0.5408056417102469,0.281567952039324,3
1789164000000,77108.01,77150.0,0.001788723266364256,1.0,0.004557338822277544,high_volatility,0.18417369920532187,0.5109014451389358,0.30492485565574245,3
1789167600000,77150.0,77225.7,0.0005489105310796383,1.0,0.004286508776781444,high_volatility,0.1786798260939494,0.5192885435930434,0.3020316303130072,3
1789171200000,77225.71,77287.43,-0.0008368760612170734,1.0,0.004039450372793189,ranging,0.18420717263601183,0.5246179843411369,0.29117484302285124,3
1789174800000,77287.43,77272.37,-0.0007036150178905132,1.0,0.003816030040449737,low_liquidity,0.1742040639533568,0.5252232146993857,0.3005727213472575,3
1789178400000,77272.36,77288.0,2.2383811199677695e-05,1.0,0.003599449838653306,ranging,0.18003759816845571,0.5199674001612077,0.2999950016703366,3
1789182000000,77288.01,77268.09,1.8895251584494233e-05,1.0,0.0034085625299505717,ranging,0.1823652764308072,0.5113425130240701,0.3062922105451228,3
1789185600000,77268.09,77222.75,0.001777455477822265,1.0,0.003221423472406611,ranging,0.18148690723738015,0.5090827241349168,0.30943036862770296,3
1789189200000,77222.75,77218.0,0.001702193789012929,1.0,0.003045197948756621,ranging,0.18393795549270797,0.5048267928834216,0.3112352516238705,3
1789192800000,77218.0,77289.73,0.0005590652212137392,1.0,0.002913341450680029,low_liquidity,0.17928805230578632,0.5154385420645599,0.30527340562965377,3
1789196400000,77289.73,77269.55,0.0011193283770902784,1.0,0.0027514274598941387,ranging,0.19007584543784642,0.5225953108336936,0.28732884372846,3
1789200000000,77269.54,77360.01,-0.0002586607731823731,1.0,0.002609785360206153,ranging,0.19315903228144338,0.5220744758502187,0.2847664918683379,3
1789203600000,77360.0,77349.44,0.00022081607830637395,1.0,0.0025,ranging,0.19628979772680125,0.5245116853000262,0.27919851697317255,3
1789207200000,77349.44,77332.94,0.0016590601624613122,1.0,0.0025,ranging,0.192611951820147,0.5266969375015282,0.2806911106783247,3
1789210800000,77332.94,77356.04,0.0003145197194684979,1.0,0.0025,low_liquidity,0.1830437688231661,0.5348129213038919,0.282143309872942,3
1789214400000,77356.05,77340.0,0.0002328678562191211,1.0,0.0025,ranging,0.1888620636745339,0.5218275827709655,0.2893103535545005,3
1789218000000,77340.01,77366.52,-0.0020156005465929994,1.0,0.0025,ranging,0.19538658131857586,0.5166023566009561,0.28801106208046795,3
1789221600000,77366.52,77461.24,-0.004263293487168585,0.0,0.0025,ranging,0.187943253519408,0.5205663308665491,0.29149041561404276,3
1789225200000,77461.25,77380.37,-0.0034295519651816875,0.0,0.0025,ranging,0.1873813149818358,0.5255041069922085,0.28711457802595575,3
1789228800000,77380.38,77358.01,-0.002430388268777839,1.0,0.0025,ranging,0.18024780337887766,0.537155963071361,0.28259623354976127,3
1789232400000,77358.0,77210.58,0.0006920036088318149,1.0,0.0025,ranging,0.18944144519529063,0.5161209444328619,0.29443761037184746,3
1789236000000,77210.58,77131.0,0.0013116645706654495,1.0,0.0025,ranging,0.18896458501252364,0.519641386470517,0.29139402851695945,3
1789239600000,77131.0,77114.99,0.0021233225861791993,1.0,0.0025,ranging,0.19455724760109058,0.5015774914760699,0.3038652609228395,3
1789243200000,77115.0,77170.0,0.0013738499416873218,1.0,0.0025,ranging,0.19368754541890598,0.5154801116807906,0.2908323429003034,3
1789246800000,77170.0,77264.01,0.0007242699414644616,1.0,0.0025,ranging,0.1920703002166051,0.5226171149629398,0.28531258482045513,3
1789250400000,77264.0,77232.17,0.0007482633208417688,1.0,0.0025,ranging,0.18887575914111665,0.5296935463517188,0.28143069450716457,3
1789254000000,77232.17,77278.73,-0.0011221716505952495,1.0,0.0025,low_liquidity,0.17711875851277623,0.5332663160283149,0.289614925458909,3
1789257600000,77278.73,77276.02,-0.0008542106594000565,1.0,0.0025,low_liquidity,0.17814378625179722,0.5215227158728304,0.3003334978753723,3
1789261200000,77276.02,77319.97,2.6383869522916825e-05,1.0,0.0025,ranging,0.18848751355137186,0.5142131585129459,0.29729932793568214,3
1789264800000,77319.97,77289.96,-0.002168586967828734,1.0,0.0025,ranging,0.1882785977471923,0.5129435540143923,0.2987778482384153,3
1789268400000,77289.97,77192.01,-0.000829360448056593,1.0,0.0025,ranging,0.18616369911717567,0.5113910419732351,0.3024452589095891,3
1789272000000,77192.0,77210.01,-0.005132754159726027,0.0,0.0025,ranging,0.18821817001913266,0.5138135475803101,0.29796828240055734,3
1789275600000,77210.0,77322.01,-0.006647525070804572,0.0,0.0025,ranging,0.1885956970790222,0.5207470560747932,0.2906572468461846,3
1789279200000,77322.01,77122.35,-0.005770830375371294,0.0,0.0025,ranging,0.1923607749738262,0.5063007083436276,0.30133851668254613,3
1789282800000,77122.35,77127.99,-0.004352116527346239,0.0,0.0025,ranging,0.18399927552153578,0.5248230295835217,0.2911776948949426,3
1789286400000,77127.99,76813.71,-0.0006558724998441123,1.0,0.0025,ranging,0.18487085818661364,0.5239107943920296,0.2912183474213569,3
1789290000000,76813.71,76808.01,0.0005860065896774458,1.0,0.0025,ranging,0.19301771783936916,0.5102095809326085,0.29677270122802235,3
1789293600000,76808.0,76677.29,0.007025809075933642,2.0,0.0025,ranging,0.1835386272273624,0.5378095718530668,0.2786518009195708,3
1789297200000,76677.3,76792.32,0.0044602116461645025,2.0,0.0025,ranging,0.18518036387237904,0.5223046623905947,0.2925149737370263,3
1789300800000,76792.31,76763.33,0.0066804032602545416,2.0,0.0025,ranging,0.17956300456080124,0.5256546639735727,0.294782331465626,3
1789304400000,76763.33,76853.02,0.006192599848385827,2.0,0.0025,ranging,0.1844018637503012,0.5287893556267572,0.2868087806229416,3
1789308000000,76853.01,77216.01,0.0015911208051284653,1.0,0.0025,ranging,0.20473753570753184,0.513497940595158,0.28176452369731014,3
1789311600000,77216.01,77134.83,0.0019338864168105818,1.0,0.0025,ranging,0.19810285522093585,0.5271327587713677,0.2747643860076964,3
1789315200000,77134.82,77276.14,0.0009300412779416067,1.0,0.0025,ranging,0.20977971944763482,0.5142397816518951,0.27598049890047,3
1789318800000,77276.14,77328.94,-0.00016733709268490493,1.0,0.0025,ranging,0.19900830700279676,0.5240000698498809,0.2769916231473224,3
1789322400000,77328.94,77338.87,-0.008079637057019307,0.0,0.0025,low_liquidity,0.18845406232128545,0.5427106228196454,0.2688353148590692,3
1789326000000,77338.87,77284.0,-0.005719036281766066,0.0,0.0025,ranging,0.19025075095219612,0.5306600730741111,0.2790891759736928,3
1789329600000,77284.01,77348.01,-0.006981562938723207,0.0,0.0025,low_liquidity,0.1801185357693618,0.5321731325411481,0.28770833168949006,3
1789333200000,77348.01,77316.0,-0.002548372911169716,0.0,0.0025,ranging,0.18523642418211098,0.5292494231554151,0.2855141526624739,3
1789336800000,77316.0,76714.0,0.011549391245404994,2.0,0.0025,ranging,0.19540672869399173,0.49302713074195803,0.3115661405640503,3
1789340400000,76714.0,76842.01,0.009816505320462188,2.0,0.0025,ranging,0.19724681666922217,0.4966920584042767,0.3060611249265011,3
1789344000000,76842.01,76808.0,0.011376158733465314,2.0,0.0025,ranging,0.20995320002580425,0.49230702717349584,0.2977397728006998,3
1789347600000,76808.01,77118.97,0.0063903861786533955,2.0,0.0025,ranging,0.21909970612226046,0.49168820801487356,0.28921208586286595,3
1789351200000,77118.96,77600.0,-8.827319587634275e-05,1.0,0.0025,ranging,0.2164985030377295,0.5085653483766902,0.27493614858558024,3
1789354800000,77600.0,77596.33,0.0038134535486407106,2.0,0.0025,ranging,0.22686319784485345,0.5093294496785676,0.26380735247657894,3
1789358400000,77596.32,77681.78,0.0006052899405755152,1.0,0.0025,ranging,0.2153294146089594,0.524480456154348,0.2601901292366926,3
1789362000000,77681.79,77611.79,0.006826024757321303,2.0,0.0025,ranging,0.20242148830448178,0.5363734104579012,0.2612051012376169,3
1789365600000,77611.79,77593.15,0.0040396607174733035,2.0,0.0025,ranging,0.21803891278541845,0.5132255731027014,0.26873551411188007,3
1789369200000,77593.15,77892.24,-0.0014923181051155199,1.0,0.0025,ranging,0.2263998672734187,0.503106219234495,0.27049391349208635,3
1789372800000,77892.24,77728.8,-0.00039612087154317077,1.0,0.0025,ranging,0.21837327382067742,0.4839492674043254,0.297677458774997,3
1789376400000,77728.8,78141.57,0.00033836023514743907,1.0,0.002696099941366519,ranging,0.2351227243529439,0.48774158196092154,0.2771356936861346,3
1789380000000,78141.57,77906.6,0.007887136648242699,2.0,0.0026584298834746974,ranging,0.22591535840751212,0.484697413574837,0.28938722801765093,3
1789383600000,77906.61,77776.0,0.010311921415346648,2.0,0.0026002347733774184,ranging,0.21933115446825516,0.49625034902777093,0.2844184965039739,3
1789387200000,77776.0,77698.01,0.013789413654223592,2.0,0.0026748544750784184,ranging,0.22183428634206365,0.49053693815348137,0.287628775504455,3
1789390800000,77698.01,78168.01,0.00985019319284186,2.0,0.003021525874469842,ranging,0.23451646383838898,0.486106996519278,0.2793765396423329,3
1789394400000,78168.01,78521.06,0.008977846198204631,2.0,0.003092341124807449,ranging,0.23808592186416735,0.4882743988953802,0.2736396792404524,3
1789398000000,78521.05,78578.02,0.005141132342097565,2.0,0.003078051542202574,ranging,0.23646506424246566,0.502024918018874,0.2615100177386604,3
1789401600000,78578.02,78769.42,0.004196806324078484,2.0,0.0031116168317376056,trending,0.23397994744879502,0.5052392741178244,0.2607807784333805,3
1789405200000,78769.42,78937.98,-0.002282171395822319,1.0,0.003073249304867223,trending,0.23585226036531134,0.5055379622950826,0.258609777339606,3
1789408800000,78937.98,79226.01,-0.008431953092172595,0.0,0.003106489899785339,trending,0.23920939039722397,0.5025827015270637,0.2582079080757123,3
1789412400000,79226.0,78982.0,-0.010037603504595927,0.0,0.0030432832781509007,trending,0.23402682532758856,0.5039034074423038,0.2620697672301078,3
1789416000000,78982.01,79100.0,-0.014501517067003866,0.0,0.0031583924493172196,trending,0.2367191859112885,0.5034566281294393,0.25982418595927226,3
1789419600000,79100.0,78757.83,-0.010665225286171531,0.0,0.0031479255147736627,trending,0.22176153772204046,0.5031349347910831,0.27510352748687644,3
1789423200000,78757.82,78557.98,-0.008201076453340561,0.0,0.0031176383291202634,trending,0.2127433304913746,0.5122621999416849,0.2749944695669406,3
1789426800000,78557.99,78189.21,-0.006551031785587802,0.0,0.003147973453097588,trending,0.19894469469202827,0.5284738517245291,0.2725814535834426,3
1789430400000,78189.2,77952.93,-0.004949268744612878,0.0,0.0031020150293468774,trending,0.1963384224494211,0.53409393646538,0.269567641085199,3
1789434000000,77952.92,77917.86,-0.0036944033113845975,0.0,0.0030632488089207257,trending,0.20535252464449893,0.5197353730522912,0.2749121023032099,3
1789437600000,77917.86,77913.72,-0.008047619854372301,0.0,0.0029775952296082586,trending,0.19683529526975185,0.5397409114083178,0.2634237933219302,3
1789441200000,77913.73,77676.99,-0.00961649003134657,0.0,0.002914431538780416,trending,0.19560504382919358,0.5348970310044294,0.269497925166377,3
1789444800000,77676.99,77567.12,-0.007311216402001275,0.0,0.0028218708274992785,ranging,0.19867045050037374,0.5201181939240325,0.28121135557559374,3
1789448400000,77567.11,77630.0,-0.008320881102666489,0.0,0.0028206024091521785,ranging,0.21201812597170921,0.5130445316304345,0.2749373423978564,3
1789452000000,77630.0,77286.7,-0.0030134550964137086,0.0,0.002928437461049282,ranging,0.20892581106412184,0.5106187890793213,0.2804553998565569,3
1789455600000,77286.71,76930.01,0.0001299882841558908,1.0,0.0029666803424599018,ranging,0.20467575462548102,0.5030161052594248,0.2923081401150943,3
1789459200000,76930.0,77000.01,-0.0005501297986844067,1.0,0.0029216116144095933,trending,0.2025068542030778,0.5161118747216393,0.28138127107528277,3
1789462800000,77000.01,76984.05,-0.004744878971683075,0.0,0.0028191939998642632,trending,0.19533905543715321,0.539319028186884,0.2653419163759627,3
1789466400000,76984.05,77053.8,-0.014428749782619543,0.0,0.0027840757589300907,trending,0.2096304906617779,0.5157298696242192,0.27463963971400296,3
1789470000000,77053.8,76940.01,-0.005562905437625942,0.0,0.002800464764018116,trending,0.19821511954616117,0.5251573192215007,0.2766275612323382,3
1789473600000,76940.01,76957.65,-0.007402123115765491,0.0,0.0027582658684230073,trending,0.2045164159498185,0.5196750196822411,0.2758085643679405,3
1789477200000,76956.75,76618.77,0.004479711694666877,2.0,0.003133379505362876,trending,0.20096097939754348,0.5100419657429259,0.2889970548595306,3
1789480800000,76618.77,75942.01,0.0007636089695282067,1.0,0.003551190749149493,high_volatility,0.19468887489422057,0.5155634613193404,0.289747663786439,3
1789484400000,75942.01,76512.0,-0.004254496026767085,0.0,0.0037051641983233585,high_volatility,0.2016367721757031,0.5161896213574025,0.2821736064668945,3
1789488000000,76512.01,76388.0,-0.005927108969995265,0.0,0.0036157939923693325,high_volatility,0.19434052220197703,0.5315778209071681,0.27408165689085484,3
1789491600000,76388.01,76962.0,-0.01959603440659019,0.0,0.003972443292384005,high_volatility,0.19800672467890484,0.533378927546068,0.26861434777502713,3
1789495200000,76962.0,76000.0,-0.004368421052631577,1.0,0.004997091493129653,high_volatility,0.19145234594069419,0.5093327384001006,0.29921491565920516,3
1789498800000,76000.0,76186.48,-0.007114123135758432,0.0,0.004905698299387147,high_volatility,0.18926484300731325,0.5175301992355185,0.2932049577571683,3
1789502400000,76186.48,75935.24,-0.002148409618511815,1.0,0.004927498098417063,high_volatility,0.18799532220320653,0.5265402981863007,0.2854643796104928,3
1789506000000,75935.24,75453.85,0.00046770310593813313,1.0,0.0049252033424943675,high_volatility,0.18422438421472553,0.5298211519185904,0.2859544638666841,3
1789509600000,75453.85,75668.0,0.002885631971242919,1.0,0.004904447440428573,high_volatility,0.18832274086969433,0.5208848010086007,0.290792458121705,3
1789513200000,75667.99,75644.48,0.002373339072460956,1.0,0.004770906592061167,high_volatility,0.19998274464312712,0.533998187069973,0.2660190682868998,3
1789516800000,75644.48,75772.1,0.0012131114222782013,1.0,0.004613207356293705,high_volatility,0.20484151049366855,0.5383208080117834,0.256837681494548,3
1789520400000,75772.1,75489.14,0.0062640798398285735,2.0,0.0045872968507065905,high_volatility,0.20795204871554415,0.5152946578181522,0.2767532934663037,3
1789524000000,75489.14,75886.35,0.0018930940808195018,1.0,0.004591821684098402,high_volatility,0.2066643297165145,0.5303674721529248,0.26296819813056077,3
1789527600000,75886.36,75824.01,-0.0007567523796221387,1.0,0.004441291689741293,high_volatility,0.2163510001219465,0.5195909335255073,0.2640580663525462,3
1789531200000,75824.0,75864.02,-0.0016873611495937801,1.0,0.004244452387542671,trending,0.20844666372909823,0.5314999339526706,0.2600534023182312,3
1789534800000,75864.02,75962.01,0.0004079670877588093,1.0,0.004107549353221438,trending,0.21072286605973536,0.5254264972589394,0.2638506366813253,3
1789538400000,75962.01,76030.01,-0.0005236090328015752,1.0,0.003928456451024786,trending,0.19945084343263095,0.5425400887817229,0.2580090677856463,3
1789542000000,76030.01,75766.63,0.006379721521202697,2.0,0.0038631364138687844,trending,0.20378334781756471,0.5117376370373916,0.2844790151450436,3
1789545600000,75766.62,75736.01,0.00306300794034442,1.0,0.003824409055894663,trending,0.20765629438398572,0.5076063653706974,0.28473734024531694,3
1789549200000,75736.01,75993.0,-0.004566078454594558,0.0,0.0036881134470254534,trending,0.20790310973786078,0.5178593007921369,0.2742375894700024,3
1789552800000,75993.01,75990.2,-0.0038476014012331916,0.0,0.0035071726047169525,trending,0.19653890604045346,0.5300857920490591,0.2733753019104873,3
1789556400000,75990.2,76250.0,-0.006053639344262285,0.0,0.003487255943485251,trending,0.207423940808177,0.5188781934833724,0.2736978657084506,3
1789560000000,76250.0,75967.99,-0.0026325561595088587,1.0,0.0035356343168632624,trending,0.20309170981998437,0.5092267117185233,0.2876815784614923,3
1789563600000,75967.98,75646.01,0.0016127750822547693,1.0,0.003513994630622887,trending,0.21066931662378763,0.49626636502224813,0.29306431835396424,3
1789567200000,75646.01,75697.82,-0.0008695098485003161,1.0,0.0034914382971139996,trending,0.209933613977534,0.5015814945508498,0.28848489147161616,3
1789570800000,75697.83,75788.41,0.003847422053055327,2.0,0.00346279057032274,trending,0.20355499514917144,0.5056418571130413,0.2908031477377872,3
1789574400000,75788.41,75768.0,0.005415742793791534,2.0,0.003348532069080047,trending,0.20098878815786844,0.5139298012209736,0.2850814106211579,3
1789578000000,75768.0,75768.01,0.0027450899132761553,1.0,0.0034398973840681904,trending,0.20372895787541506,0.5040882897971986,0.29218275232738644,3
1789581600000,75770.45,75632.0,0.0005801777025598032,1.0,0.004047614324374863,trending,0.20649409106050076,0.48217121132337,0.3113346976161294,3
1789585200000,75632.01,76080.0,0.0016562828601471846,1.0,0.004260251582502024,trending,0.21609114026611453,0.5061711377731484,0.2777377219607372,3
1789588800000,76080.0,76178.34,0.0021584875700888517,1.0,0.00417475738525244,trending,0.2036539762296107,0.5381327408685612,0.25821328290182805,3
1789592400000,76178.35,75976.0,0.005241260398020531,2.0,0.004044958875778934,trending,0.19580290585467514,0.5361054279731469,0.26809166617217806,3
1789596000000,75976.01,75675.88,0.009172407377357139,2.0,0.003971017432786417,trending,0.2015724192710298,0.5176267590737054,0.2808008216552648,3
1789599600000,75675.88,76206.01,0.0030966061600654626,1.0,0.004017380090943045,ranging,0.20012730664570888,0.524855970338631,0.2750167230156601,3
1789603200000,76206.0,76342.77,0.002580990970068253,1.0,0.0039051678146513986,ranging,0.20037794900820452,0.5372082624532454,0.2624137885385502,3
1789606800000,76342.77,76374.21,-0.0005280578352300225,1.0,0.003934532413970396,ranging,0.2010121656244618,0.5333650373957561,0.265622796979782,3
1789610400000,76374.22,76370.01,0.0014068349604772212,1.0,0.0038948838526620694,ranging,0.19708756527534166,0.5328306007628433,0.2700818339618151,3
1789614000000,76370.01,76441.99,0.00027170930531750237,1.0,0.003705790630157524,ranging,0.19754036624988153,0.5404242301173443,0.2620354036327742,3
1789617600000,76442.0,76539.81,0.00045492665842794544,1.0,0.0036668258310878043,ranging,0.19477756967425328,0.5470749339080598,0.2581474964176869,3
1789621200000,76539.82,76333.88,0.0017576730018178388,1.0,0.0035904670951475504,ranging,0.18860202108262078,0.5406372826562048,0.27076069626117427,3
1789624800000,76333.87,76477.45,-0.000986434563390981,1.0,0.0034900294111011444,ranging,0.1910427365346129,0.5422239604854248,0.26673330297996234,3
1789628400000,76477.46,76462.76,0.0002516257587354964,1.0,0.0033852269553161962,ranging,0.19129363383685108,0.5323915941022426,0.2763147720609063,3
1789632000000,76462.77,76574.63,0.0021150608236695234,1.0,0.003247684505381363,ranging,0.18605360650671485,0.5482638434942321,0.26568254999905294,3
1789635600000,76574.63,76468.05,0.0029557442618191043,1.0,0.0031891462341200444,ranging,0.18980447005077214,0.5209883944866841,0.2892071354625438,3
1789639200000,76468.04,76402.01,0.0013147559861319547,1.0,0.0030763731757693343,ranging,0.18386415222643865,0.5336679597509508,0.28246788802261047,3
1789642800000,76402.01,76482.0,0.003896472372584281,2.0,0.003027203621958839,ranging,0.19215101374710808,0.5212186365159186,0.28663034973697327,3
1789646400000,76482.0,76736.59,0.000219842971912243,1.0,0.0032375779053201276,ranging,0.20273513763416087,0.5230855689908519,0.2741792933749872,3
1789650000000,76736.59,76694.07,-0.0003417474128052378,1.0,0.0035051368453509276,ranging,0.20007213012891834,0.5143787072107983,0.2855491626602835,3
1789653600000,76694.06,76502.46,0.0009607534189097766,1.0,0.0036531670610890923,ranging,0.20065360726804626,0.5009303723382176,0.29841602039373616,3
1789657200000,76502.45,76780.01,-0.002422505545388698,1.0,0.003708090789456899,ranging,0.20204094599569952,0.5179922607780665,0.279966793226234,3
1789660800000,76780.01,76753.46,-0.002572522463482607,1.0,0.003599305604724819,ranging,0.2003000673386259,0.5172734907341371,0.2824264419272369,3
1789664400000,76753.46,76667.86,-0.0032870357930949723,1.0,0.00356619455092235,ranging,0.20268124852104133,0.5073473386824217,0.289971412796537,3
1789668000000,76667.87,76575.96,-0.0020366705164389654,1.0,0.0034897492253979073,ranging,0.2018839421466843,0.5079701432515771,0.29014591460173855,3
1789671600000,76575.97,76594.01,-0.0023108856684745938,1.0,0.0033364056818386756,ranging,0.19938965397753866,0.5151864407492958,0.2854239052731657,3
1789675200000,76594.01,76556.01,0.0004439886561486972,1.0,0.0032300598999948924,low_liquidity,0.1963571469528148,0.5092760243781814,0.29436682866900377,3
1789678800000,76556.01,76415.85,0.004294397039357634,2.0,0.0031285080947210963,low_liquidity,0.19510661678141086,0.5103953139526992,0.2944980692658899,3
1789682400000,76415.85,76420.0,0.007436534938497719,2.0,0.0030162456245279054,ranging,0.20391795858211414,0.5034832065006335,0.29259883491725236,3
1789686000000,76419.99,76417.01,0.012647184180590187,2.0,0.0028715571667163537,ranging,0.19812526898641264,0.4897266344465118,0.31214809656707543,3
1789689600000,76417.01,76590.0,0.012873351612482153,2.0,0.0028249357109459998,ranging,0.20419956987442947,0.49468056372763913,0.3011198663979315,3
1789693200000,76589.99,76744.01,0.009770013320909543,2.0,0.0027540723088147244,ranging,0.196122939490824,0.5043753999823656,0.29950166052681043,3
1789696800000,76744.01,76988.3,0.007997319073157927,2.0,0.002770904508968248,ranging,0.20070006790848732,0.5043698065835741,0.2949301255079385,3
1789700400000,76988.31,77383.47,0.005356958017002755,2.0,0.0029009406557659275,ranging,0.2109869986632461,0.5201018606493049,0.268911140687449,3
1789704000000,77383.47,77575.97,0.008974170738696552,2.0,0.002885498752010596,ranging,0.21710985368061128,0.5181936710159633,0.26469647530342555,3
1789707600000,77575.98,77493.8,0.009267967243830944,2.0,0.0028329637247230008,ranging,0.216619895112891,0.5156545949537994,0.26772550993330957,3
1789711200000,77493.8,77604.0,0.008779702077212459,2.0,0.002780013747249961,ranging,0.21734348450051758,0.5206006062599976,0.26205590923948485,3
1789714800000,77604.01,77798.01,0.0033932744552207517,2.0,0.002731392329719908,ranging,0.2238787511048707,0.516273835287485,0.25984741360764435,3
1789718400000,77798.0,78272.15,-0.0029262004429416733,0.0,0.002860294444410712,ranging,0.22866267645124005,0.5065921033048687,0.26474522024389135,3
1789722000000,78271.48,78212.01,0.023795322483081582,2.0,0.0029480219811345897,ranging,0.22907806867651956,0.5062744488895137,0.2646474824339667,3
1789725600000,78212.0,78285.34,0.03388233352502534,2.0,0.0028815241969709225,trending,0.22359644364391865,0.5212617761657445,0.2551417801903368,3
1789729200000,78285.35,78062.0,0.03412159565473605,2.0,0.00291614387027092,trending,0.22004366319689395,0.5067197941352374,0.2732365426678686,3
1789732800000,78062.01,78043.11,0.035924119374535435,2.0,0.0028178549525971204,trending,0.212244510160279,0.5238432681290909,0.26391222171063006,3
1789736400000,78043.12,80073.09,0.01181308227270872,2.0,0.0039031341172925905,abnormal,0.20408375958172773,0.5186064464077792,0.27730979401049305,3
1789740000000,80073.09,80937.83,7.413097188102569e-06,1.0,0.00407112129230946,trending,0.22421238599313523,0.5042908374667253,0.27149677654013943,3
1789743600000,80937.83,80725.6,0.005935663531766666,2.0,0.004137298275942738,trending,0.21874592137129847,0.5134912671357112,0.2677628114929903,3
1789747200000,80725.6,80846.74,0.003256408359817442,1.0,0.004146915610377431,trending,0.22417781861333658,0.5067484174739392,0.26907376391272414,3
1789750800000,80846.75,81019.0,0.002705538207087299,1.0,0.004087684816439559,trending,0.22633132936410777,0.5002190212425802,0.27344964939331207,3
1789754400000,81019.0,80938.43,0.002478303569763085,1.0,0.003985383678027606,trending,0.22521861516886588,0.5042628117773588,0.2705185730537753,3
1789758000000,80938.44,81204.76,-0.003951615644206097,0.0,0.00394612605750604,trending,0.2290765075999533,0.5073480276277333,0.2635754647723133,3
1789761600000,81204.77,81110.01,0.006891504513437896,2.0,0.0038235415020941646,trending,0.21077231410348077,0.5203515186822184,0.2688761672143008,3
1789765200000,81110.01,81238.2,0.0005267226501819433,1.0,0.0036545592055334496,trending,0.20711128426412478,0.5358148431252103,0.2570738726106649,3
1789768800000,81238.2,81139.02,0.0020421740366101115,1.0,0.0035524387222453683,trending,0.2111063875283253,0.5215709150589025,0.2673226974127722,3
1789772400000,81139.03,80883.87,0.0031173088033498164,1.0,0.003487868431377991,trending,0.1938213921329699,0.5009837799749147,0.30519482789211544,3
1789776000000,80883.86,81668.98,-0.00789749057720568,0.0,0.003640222708573823,trending,0.20964683244524115,0.5165885013433097,0.2737646662114493,3
1789779600000,81668.99,81280.99,-0.0029647768807935515,1.0,0.003760686567993325,trending,0.1886472876150368,0.5074320361973401,0.3039206761876231,3
1789783200000,81281.0,81304.72,-0.0031081836331273704,1.0,0.0035868294127157,trending,0.18437393962928222,0.5306409830385677,0.28498507733215017,3
1789786800000,81304.73,81136.01,-0.0004418506653209864,1.0,0.0034896413830765535,trending,0.18710553098432828,0.5186367728947703,0.29425769612090147,3
1789790400000,81136.02,81024.0,0.0035546257898892986,2.0,0.0034124884654972354,trending,0.19062037219194392,0.5106267038175486,0.2987529239905074,3
1789794000000,81024.01,81040.01,0.0035261594859132828,2.0,0.0032389830393387705,trending,0.18769585647053635,0.5239480742438372,0.2883560692856264,3
1789797600000,81040.01,81052.01,0.0020319051927275567,1.0,0.003100201456775343,trending,0.19416981562587277,0.5230829221525671,0.28274726222156016,3
1789801200000,81052.02,81100.16,0.0024965425468950198,1.0,0.002992250810774696,trending,0.20204091250812986,0.5181659882939172,0.27979309919795275,3
1789804800000,81100.17,81312.01,0.00022124652926436283,1.0,0.0029494239479343227,trending,0.2242105478175621,0.4936348511430419,0.2821546010393959,3
1789808400000,81312.01,81325.77,0.00047020765988436963,1.0,0.00288663786937468,trending,0.23779819798670176,0.4880755973169747,0.2741262046963237,3
1789812000000,81325.38,81216.7,0.00454721750575926,2.0,0.0027528070112732895,trending,0.22634740556484373,0.48620918456770756,0.2874434098674487,3
1789815600000,81216.71,81302.63,0.004100482358319724,2.0,0.002638433990829985,trending,0.2355099844682065,0.4929614242019344,0.2715285913298591,3
1789819200000,81302.63,81330.0,0.006264478052379285,2.0,0.002526454034679134,trending,0.23313591658198568,0.4934478805426037,0.2734162028754107,3
1789822800000,81330.01,81364.01,0.0012290446353369067,1.0,0.0025,trending,0.2375413325785366,0.49540993259680877,0.26704873482465463,3
1789826400000,81364.0,81586.01,-0.0019358711131968187,1.0,0.0025,trending,0.24363926940051608,0.4904409781929267,0.2659197524065571,3
1789830000000,81586.02,81636.01,-0.0034543579481652875,0.0,0.0025,trending,0.24258003837106132,0.49218132106426526,0.26523864056467333,3
1789833600000,81636.01,81839.49,-0.008359778390603423,0.0,0.0025,trending,0.2472134183464346,0.4926092940867408,0.2601772875668246,3
1789837200000,81839.48,81464.01,-0.0044633206737551,0.0,0.002543844178707914,trending,0.2299316002060894,0.5028706788683259,0.2671977209255847,3
1789840800000,81464.0,81428.07,-0.002047451204480244,1.0,0.0025,trending,0.21834499783084746,0.5196231977126112,0.26203180445654134,3
1789844400000,81428.07,81354.01,-0.0012786093764768358,1.0,0.0025,trending,0.22437152145647563,0.5029267163180596,0.2727017622254646,3
1789848000000,81354.01,81155.33,0.0017009357241231093,1.0,0.0025,trending,0.22110927200614508,0.504012843838354,0.2748778841555009,3
1789851600000,81155.33,81100.41,-2.983955321556042e-05,1.0,0.0025,trending,0.21961538887345403,0.5094897405698771,0.27089487055666894,3
1789855200000,81100.42,81261.35,-0.011442463114383461,0.0,0.0025,trending,0.2330619377698126,0.5017650191025556,0.26517304312763196,3
1789858800000,81261.35,81249.99,-0.009398278079788103,0.0,0.0025,trending,0.21879339617964336,0.5041877749574818,0.27701882886287493,3
1789862400000,81249.99,81293.37,-0.01059090058635781,0.0,0.0025,trending,0.22613799220398623,0.5058735565462457,0.26798845124976817,3
1789866000000,81293.37,81097.99,-0.007443834304648123,0.0,0.0025,trending,0.21914174680812393,0.49723487239873165,0.2836233807931445,3
1789869600000,81098.0,80331.52,-0.0002748609761149545,1.0,0.0025296658746474395,trending,0.20879869372349374,0.5008951739323005,0.2903061323442057,3
1789873200000,80331.52,80486.38,-0.002171423289257235,1.0,0.0025573348669438254,trending,0.20575013375372253,0.5083060286804764,0.285943837565801,3
1789876800000,80486.38,80432.4,-0.0020831157593207417,1.0,0.0025,trending,0.19636460213930057,0.5269716818643482,0.2766637159963512,3
1789880400000,80432.4,80494.31,-0.000301884692222365,1.0,0.0025,trending,0.20882168927173594,0.5014668392634066,0.2897114714648574,3
1789884000000,80494.31,80309.44,0.00012626162005369146,1.0,0.0025,trending,0.20359706029527483,0.5166475924295102,0.27975534727521495,3
1789887600000,80309.45,80311.61,0.0022610678580592403,1.0,0.0025,trending,0.19797814495697616,0.5234213378794795,0.2786005171635443,3
1789891200000,80311.6,80264.85,0.0028519333182581708,2.0,0.0025,trending,0.20611778705286735,0.5123919423473994,0.2814902705997333,3
1789894800000,80264.85,80470.01,0.0011750961631546986,1.0,0.0025,trending,0.2101045270044347,0.511075214728257,0.27882025826730844,3
1789898400000,80470.01,80319.58,0.004512349292663087,2.0,0.0025,trending,0.19858355703566602,0.5298471740431527,0.2715692689211813,3
1789902000000,80319.58,80493.2,0.005202923973702145,2.0,0.0025,trending,0.21010321443163033,0.5039367849889395,0.2859600005794302,3
1789905600000,80493.21,80493.76,0.010438697359894666,2.0,0.0025,trending,0.20009920806439555,0.5324840405494782,0.2674167513861262,3
1789909200000,80493.76,80564.57,0.007241024187182976,2.0,0.0025,trending,0.2035904369996151,0.5298670696936859,0.2665424933066991,3
1789912800000,80564.58,80682.01,0.004387471259082565,2.0,0.0025,trending,0.2158734606269125,0.5120425197439981,0.27208401962908935,3
1789916400000,80682.01,80912.0,0.0032791180541824616,2.0,0.0025,trending,0.21724434334127954,0.5089795042815315,0.273776152377189,3
1789920000000,80912.0,81334.01,-0.002977352278585421,0.0,0.0025,trending,0.23318132693907098,0.4922199362077396,0.2745987368531896,3
1789923600000,81334.01,81147.94,-0.0026609424712445984,0.0,0.0025,trending,0.22138084443651862,0.5003883801136543,0.2782307754498271,3
1789927200000,81147.94,81036.0,0.0023057653388618427,1.0,0.0025,trending,0.21620452363058149,0.5095774573481262,0.2742180190212922,3
1789930800000,81036.0,81177.32,8.37672394204958e-06,1.0,0.0025,low_liquidity,0.2124166675995248,0.5126535912284147,0.2749297411720606,3
1789934400000,81177.32,81091.85,0.006361551746568717,2.0,0.0025,trending,0.20110521031680864,0.5312469156587073,0.2676478740244841,3
1789938000000,81091.86,80932.01,0.0008026490383719054,1.0,0.0025,trending,0.20157470829112775,0.5188091928686994,0.27961609884017286,3
1789941600000,80932.01,81222.85,0.0010804841248490682,1.0,0.0025,ranging,0.20691490792001205,0.5182715786896273,0.27481351339036075,3
1789945200000,81222.84,81178.0,0.0030455295769789004,2.0,0.0025,ranging,0.19366321643912818,0.5430883066771337,0.26324847688373815,3
1789948800000,81178.01,81607.72,-0.002545224888037656,1.0,0.002593784417153963,ranging,0.22168349681208777,0.5060574493835637,0.27225905380434856,3
1789952400000,81607.72,80996.97,0.006827786273980285,2.0,0.003087959270858288,ranging,0.20953148199034877,0.4976673664043088,0.29280115160534226,3
1789956000000,80996.98,81310.61,0.004049778989482444,2.0,0.003152369728078266,ranging,0.22147010857363503,0.4915468041892932,0.28698308723707183,3
1789959600000,81310.61,81425.23,0.0036202538205909462,2.0,0.0030946711760351975,ranging,0.2162079792243289,0.5049635658712851,0.2788284549043859,3
1789963200000,81425.24,81400.01,0.028992502580773793,2.0,0.0030225128435658823,ranging,0.20885137703280973,0.5112230701391789,0.27992555282801146,3
1789966800000,81400.0,81550.0,0.03805898221949722,2.0,0.003058946732055777,ranging,0.2183343969941325,0.5045957212407574,0.2770698817651101,3
1789970400000,81550.01,81639.9,0.03431986075436155,2.0,0.0030887648756384796,ranging,0.2136716072699989,0.5037667994324799,0.28256159329752123,3
1789974000000,81639.91,81720.01,0.03875648081785599,2.0,0.0030055201573714035,ranging,0.2221725390808601,0.49637055657849966,0.2814569043406401,3
1789977600000,81720.01,83760.0,0.01866045845272213,2.0,0.003978548220342738,ranging,0.22997649005214726,0.48532732424850633,0.28469618569934635,3
1789981200000,83760.0,84653.71,0.009599461145884725,2.0,0.004465320780866964,high_volatility,0.23468359682075046,0.482316258605527,0.28300014457372247,3
1789984800000,84653.7,84441.77,0.01660753913614066,2.0,0.004505051753183887,high_volatility,0.22510459637126246,0.4904590424683926,0.284436361160345,3
1789988400000,84441.77,84887.19,0.012257679869012161,2.0,0.004426344348259526,high_volatility,0.22763300208754272,0.5011857614754396,0.27118123643701764,3
1789992000000,84887.19,85323.0,0.007488133328645397,2.0,0.004417521936012664,high_volatility,0.22371364860136533,0.5015200667992699,0.2747662845993648,3
1789995600000,85323.0,85466.34,0.005041399924227585,2.0,0.004630288129391319,high_volatility,0.22204822138398422,0.5046145673501883,0.2733372112658276,3
1789999200000,85466.35,85844.14,0.0024184527913029275,1.0,0.004817317869287617,high_volatility,0.20869641616558146,0.5179252238677731,0.2733783599666455,3
1790002800000,85844.13,85927.71,0.006545036519651104,2.0,0.004740551783705461,high_volatility,0.21102799409337944,0.5205334282774752,0.2684385776291455,3
1790006400000,85927.71,85961.91,0.012095706109833904,2.0,0.004647629784793995,high_volatility,0.21443261152101104,0.5164646162415973,0.26910277223739165,3
1790010000000,85961.91,85897.21,0.008045430113504226,2.0,0.00453868785440441,high_volatility,0.20216794133915894,0.5273840636692532,0.27044799499158784,3
1790013600000,85897.2,86051.75,0.004671491282861817,2.0,0.0043419903129760596,high_volatility,0.20976432126365738,0.5169089373874354,0.27332674134890717,3
1790017200000,86051.75,86490.11,0.0015017902046834397,1.0,0.004464779882174052,high_volatility,0.22355086803580612,0.5028901928890473,0.27355893907514656,3
1790020800000,86490.11,87001.68,-0.012769523531039662,0.0,0.004567569385487128,high_volatility,0.2206229442560453,0.5045385973541037,0.27483845838985094,3
1790024400000,87001.68,86588.29,-0.011226229320384973,0.0,0.00449129580479673,high_volatility,0.2159964083476351,0.5067141915917356,0.27728940006062935,3
1790028000000,86588.29,86453.74,-0.008546073310420232,0.0,0.004406117824300183,trending,0.2060680206807676,0.5104159873059835,0.28351599201324895,3
1790031600000,86453.73,86620.0,-0.010703879011775497,0.0,0.00424853361339214,trending,0.20754339880311537,0.503343113067901,0.2891134881289837,3
1790035200000,86620.01,85890.71,-0.005107770095275854,0.0,0.004356855490871032,trending,0.19686989390542958,0.5074543006676911,0.29567580542687927,3
1790038800000,85890.72,85616.23,-0.002556291020989865,1.0,0.004348212907444271,trending,0.1876577593424733,0.5302902273598828,0.28205201329764384,3
1790042400000,85616.23,85714.9,-0.003860355667451021,1.0,0.004322601315395012,trending,0.18899480305913308,0.5376134887984206,0.27339170814244634,3
1790046000000,85714.91,85692.83,-0.00407070229796358,1.0,0.004239934170652129,trending,0.20350795299743754,0.5233666179002016,0.27312542910236093,3
1790049600000,85692.83,85452.0,0.009031620090811154,2.0,0.00410116076465609,trending,0.20370233313560024,0.529156126306974,0.2671415405574258,3
1790053200000,85452.01,85397.37,0.010030988073754576,2.0,0.004054558677190191,trending,0.2002887351641725,0.5344083712903198,0.26530289354550773,3
1790056800000,85397.38,85384.01,0.0060900161517360996,2.0,0.0039319376226259455,trending,0.209528178401705,0.5247091339402631,0.2657626876580318,3
1790060400000,85384.02,85344.0,0.007529761904761845,2.0,0.003824885017245928,trending,0.20765503518481923,0.5165035905275525,0.2758413742876283,3
1790064000000,85344.01,86223.77,-0.002316762535435557,1.0,0.004037511788764345,trending,0.24188163516320724,0.48554384130367395,0.2725745235331187,3
1790067600000,86223.77,86253.99,0.0010668491973528926,1.0,0.004040655595019158,trending,0.24084514283392888,0.4927209923380512,0.26643386482802,3
1790071200000,86253.99,85904.0,0.004120995529893756,2.0,0.00403621374251735,trending,0.23766312390906835,0.4994428075537905,0.2628940685371411,3
1790074800000,85904.0,85986.62,0.004960074020818661,2.0,0.003927599241921701,trending,0.236357372828805,0.49980905624364175,0.2638335709275533,3
1790078400000,85986.62,86024.01,0.00461638558816313,2.0,0.0038445917481612045,trending,0.23817383017781033,0.4965272526784138,0.2652989171437759,3
1790082000000,86024.01,86346.01,0.002596877377426088,1.0,0.003954006499850822,trending,0.24227512472340842,0.4947617394513512,0.2629631358252404,3
1790085600000,86346.01,86258.01,0.0023583896730288156,1.0,0.004176667934201452,trending,0.23148805993506294,0.5057132919452102,0.2627986481197268,3
1790089200000,86258.0,86413.12,-0.002553778870615808,1.0,0.004165623921836479,trending,0.2331970617430448,0.5059885960514572,0.260814342205498,3
1790092800000,86413.11,86421.13,-0.001818073890031413,1.0,0.0041430106584076365,trending,0.2277559374776197,0.5128243856988354,0.25941967682354505,3
1790096400000,86421.13,86570.24,-0.004461463893365769,0.0,0.004044517257333643,trending,0.23789398449808294,0.5042908242818835,0.25781519122003355,3
1790100000000,86570.24,86461.44,-0.0039026645866644394,1.0,0.00396241771845651,trending,0.23524875072760826,0.504391519858187,0.2603597294142048,3
1790103600000,86461.45,86192.44,0.00018702336306986034,1.0,0.003912226146557668,trending,0.21988059042422056,0.5099752635092335,0.270144146066546,3
1790107200000,86192.45,86264.01,0.002240679513971111,1.0,0.003752142592959554,trending,0.2069068731739035,0.4850321185285365,0.30806100829756,4
1790110800000,86264.01,86184.01,0.0021580569295860386,1.0,0.003569919143342543,low_liquidity,0.20319601105532295,0.4739187810914431,0.322885207853234,4
1790114400000,86184.0,86124.01,0.004972480960884207,2.0,0.00345856375586231,trending,0.21060106025867595,0.4809717865257008,0.30842715321562336,4
1790118000000,86124.01,86208.56,0.00575012504558714,2.0,0.00341163165686447,trending,0.2322525049679429,0.46878187642387154,0.2989656186081856,4
1790121600000,86208.57,86457.3,0.008208098101606165,2.0,0.003384324715415344,trending,0.2402258844548332,0.462837176495051,0.2969369390501157,4
1790125200000,86457.31,86370.0,0.0014589556558990413,1.0,0.003481023920206275,trending,0.24200809865947082,0.4635282906979008,0.2944636106426285,4
1790128800000,86370.01,86552.26,-0.0009543367209590148,1.0,0.003412812153561334,trending,0.25136994942913915,0.45816382794971006,0.2904662226211509,4
1790132400000,86552.27,86704.27,-0.006683638533603986,0.0,0.003429985844823526,trending,0.23900620136919234,0.46249425002633343,0.29849954860447425,4
1790136000000,86704.27,87166.95,-0.014534866712670236,0.0,0.0034839969606885236,trending,0.24485733169351503,0.45268921969120784,0.30245344861527707,4
1790139600000,87166.94,86496.01,-0.0074186080953329014,0.0,0.0036283523824165403,trending,0.23024927916034904,0.4618053391250181,0.3079453817146329,4
1790143200000,86496.0,86469.66,-0.006321176699434217,0.0,0.0034866499098307334,trending,0.23222355281733525,0.4605133095732978,0.3072631376093669,4
1790146800000,86469.67,86124.77,-0.005513164215126598,0.0,0.00348428433634069,trending,0.23127641870529825,0.45718448287846886,0.3115390984162329,4
1790150400000,86124.77,85899.99,-0.0045294533794474345,0.0,0.003531255551672254,trending,0.22133993617358053,0.4575381937358205,0.321121870090599,4
1790154000000,85899.99,85854.33,-0.000725880686507141,1.0,0.003425530376768238,trending,0.2179836127102468,0.47492210129820445,0.30709428599154864,4
1790157600000,85854.34,85923.07,-0.0161665545702685,0.0,0.003315605459708736,trending,0.2177162669280724,0.48178042651757785,0.3005033065543497,4
1790161200000,85923.07,85649.95,-0.019310460776684635,0.0,0.0033463675611270565,ranging,0.21407182742740208,0.47886528629302827,0.30706288627956957,4
1790164800000,85649.96,85510.91,-0.01722481961658462,0.0,0.0033167386692845875,ranging,0.21830393185694996,0.4642312699548159,0.3174647981882342,4
1790168400000,85510.9,85792.01,-0.017081427512888436,0.0,0.003364475353120447,ranging,0.22153043235320308,0.4595237176051872,0.31894585004160975,4
1790172000000,85792.01,84533.99,-0.0024131121694362934,1.0,0.004223268517547639,ranging,0.21001621817341834,0.4608130699503723,0.32917071187620944,4
1790175600000,84534.0,83996.01,0.006214461853604858,2.0,0.0043773614979585075,trending,0.19816433098877329,0.4723115169435435,0.32952415206768315,4
1790179200000,83996.0,84038.0,0.0023187129631834225,1.0,0.0045028606973969215,high_volatility,0.19791396045610746,0.4734819206409844,0.3286041189029082,4
1790182800000,84038.01,84326.56,0.0011019066827817614,1.0,0.004519269487862719,high_volatility,0.20035028375037225,0.4910782359429858,0.3085714803066419,4
1790186400000,84326.55,84330.0,0.002763073639274305,1.0,0.004336050418523761,trending,0.20221896841905262,0.5103233418895937,0.28745768969135366,4
1790190000000,84330.0,84518.0,-0.0014245486168625865,1.0,0.004188367915983592,trending,0.2014810606683189,0.5110405810908195,0.28747835824086165,4
1790193600000,84518.0,84232.86,0.0010107694313121751,1.0,0.00407837124185122,low_liquidity,0.19571563629342484,0.5118388946345072,0.29244546907206803,4
1790197200000,84232.86,84419.48,-0.003732906196531771,1.0,0.0039326784359295834,low_liquidity,0.20335638930608832,0.5030764025571116,0.2935672081368001,4
1790200800000,84419.49,84563.01,-0.0023351817774698302,1.0,0.0038105403730383613,low_liquidity,0.2029552063239138,0.5035421051004818,0.29350268857560435,4
1790204400000,84563.01,84397.6,-0.0054929287088734124,0.0,0.0036539630169903333,low_liquidity,0.21826115732467335,0.49049299739986923,0.2912458452754574,4
1790208000000,84397.6,84318.0,-0.003225882966863547,1.0,0.0035387463603735354,trending,0.22141582541055543,0.48047485971307524,0.2981093148763694,4
1790211600000,84318.0,84104.35,-0.0015020626162618456,1.0,0.003501451473235065,trending,0.2166862308496081,0.48553875810330566,0.29777501104708615,4
1790215200000,84104.35,84365.54,-0.0029816676334909475,1.0,0.003559951223457136,trending,0.22201825494768077,0.4757527309575931,0.3022290140947261,4
1790218800000,84365.55,83934.01,0.007029450874562082,2.0,0.003644350820899216,trending,0.2124038319470838,0.49438073143757266,0.29321543661534355,4
1790222400000,83934.01,84046.0,-0.0045927230326250346,0.0,0.0035183120104154025,trending,0.21869578610018597,0.48765620648044067,0.2936480074193733,4
1790226000000,84046.0,83978.02,-0.008503058300255328,0.0,0.0034944268460756125,low_liquidity,0.2160188170140367,0.4856405482420997,0.2983406347438636,4
1790229600000,83978.02,84113.99,-0.0071544578969563455,0.0,0.003395607741341395,trending,0.22324958631072353,0.47538411409381637,0.30136629959546,4
1790233200000,84114.0,84524.02,-0.012179259812772791,0.0,0.003473434874141155,trending,0.229113163237688,0.47424181642526614,0.296645020337046,4
1790236800000,84524.02,83660.0,-0.000666268228544209,1.0,0.003935366640498834,trending,0.21440570435474973,0.46236175244290945,0.32323254320234085,4
1790240400000,83660.01,83263.95,0.011943704328223559,2.0,0.0041186801138116645,trending,0.2127754747644597,0.4683780260102517,0.3188464992252887,4
1790244000000,83263.96,83512.2,0.0019346873869925396,1.0,0.004023864157239743,trending,0.22346572467001438,0.45937059854898304,0.3171636767810026,4
1790247600000,83512.2,83494.58,0.011059640038910246,2.0,0.003848382158064354,trending,0.21453768924410863,0.47739614136178676,0.30806616939410447,4
1790251200000,83494.59,83604.26,0.010717994513676832,2.0,0.0037345650599041537,trending,0.2241807110128635,0.48410500284205027,0.29171428614508627,4
1790254800000,83604.26,84258.43,-0.0017616041504688873,1.0,0.0038172849608696623,trending,0.22311860058724947,0.4759454361144238,0.3009359632983266,4
1790258400000,84258.42,83673.77,0.0095877118958545,2.0,0.004365117467219378,high_volatility,0.213536491853718,0.46991796398293856,0.31654554416334346,4
1790262000000,83673.77,84418.0,-6.337510957388215e-05,1.0,0.004504964965728581,high_volatility,0.23162596682887096,0.47181041290183545,0.29656362026929367,4
1790265600000,84418.01,84500.33,-0.0015230709749890492,1.0,0.004625422107142214,high_volatility,0.22486116759527955,0.4758564803752337,0.2992823520294868,4
1790269200000,84500.32,84110.0,0.0028534062537153293,1.0,0.0045923230019842744,high_volatility,0.21269585473192026,0.48456834906433893,0.30273579620374086,4
1790272800000,84110.0,84476.01,-0.002352028700219,1.0,0.004583705176060945,high_volatility,0.224727860079595,0.479956713893453,0.295315426026952,4
1790276400000,84476.01,84412.65,-2.855022321879286e-05,1.0,0.004443283437942477,high_volatility,0.21100032814936634,0.4754927459415162,0.31350692590911744,4
1790280000000,84412.64,84371.63,0.0025883107864572708,1.0,0.004295537735062175,trending,0.22113418736787166,0.483206879073431,0.29565893355869727,4
1790283600000,84371.62,84350.0,0.0030910491997628853,1.0,0.0040970241050369656,trending,0.20784496979508554,0.4923838540077416,0.2997711761971728,4
1790287200000,84350.0,84277.32,-0.000607043508265348,1.0,0.004021027401286851,ranging,0.21253169432964375,0.47137171495400343,0.3160965907163528,4
1790290800000,84277.32,84410.24,-0.0021211881402066757,1.0,0.0038312991827187106,low_liquidity,0.2024660577543569,0.49593089487912395,0.3016030473665192,4
1790294400000,84410.24,84590.01,-0.004515899690755498,0.0,0.003706009632162552,ranging,0.21299879704858107,0.4785522690883588,0.30844893386306016,4
1790298000000,84590.01,84610.73,-0.004925143654947783,0.0,0.0036585144477719505,ranging,0.21241829756422845,0.4792639739257474,0.3083177285100243,4
1790301600000,84610.74,84226.16,-0.0022577308522673256,1.0,0.003772957845061703,ranging,0.20231447987389703,0.478958707234137,0.318726812891966,4
1790305200000,84226.17,84231.19,-0.0022228108139039637,1.0,0.003667045735084675,ranging,0.20879063215200852,0.473430588897207,0.31777877895078444,4
1790308800000,84231.19,84208.01,0.002482542931486087,1.0,0.0035265640225385126,ranging,0.20510139865463264,0.4837085193793522,0.31119008196601533,4
1790312400000,84208.0,84194.01,0.0044658758978222135,2.0,0.0034029365205623828,ranging,0.20294164510635168,0.4793163424799414,0.31774201241370703,4
1790316000000,84194.0,84036.0,0.008063924984530457,2.0,0.003342271108930122,ranging,0.2072368572533457,0.46801411804344517,0.3247490247032091,4
1790319600000,84036.01,84043.96,0.006409502836372649,2.0,0.003279431921980107,ranging,0.2165052693741107,0.4542977573282269,0.3291969732976624,4
1790323200000,84043.96,84417.06,0.0006484471266827718,1.0,0.003276949155400116,ranging,0.2226256804665087,0.47027990930056074,0.30709441023293044,4
1790326800000,84417.05,84570.01,-0.007642188998203792,0.0,0.0032669174460043648,ranging,0.2242255465398468,0.4682550915993148,0.3075193618608385,4
1790330400000,84570.02,84713.66,-0.008235389664429715,0.0,0.0032692333663534704,ranging,0.22038673642776,0.4718816275016016,0.30773163607063836,4
1790334000000,84713.67,84582.64,-0.009300135346922311,0.0,0.003389011377472291,ranging,0.22471765958129222,0.46840217872993056,0.3068801616887773,4
1790337600000,84582.64,84471.8,-0.008636965235735539,0.0,0.0035589813750661324,ranging,0.2143151726061184,0.46499564565796975,0.32068918173591165,4
1790341200000,84471.79,83923.71,-0.001651499915816479,1.0,0.00387274033757057,ranging,0.2128197510303653,0.4557920234608095,0.33138822550882513,4
1790344800000,83923.71,84016.01,-0.0005714387055514303,1.0,0.004024230943723421,ranging,0.2115311708542906,0.45987547897167264,0.32859335017403685,4
1790348400000,84016.01,83796.01,0.0026731583043153595,1.0,0.004119123634485603,ranging,0.21014273755292795,0.46410467023801394,0.3257525922090581,4
1790352000000,83796.01,83742.22,0.0017169356150339432,1.0,0.004029953578686125,ranging,0.21085939496904932,0.48161371983907225,0.30752688519187843,4
1790355600000,83742.23,83785.11,8.223418218333833e-05,1.0,0.00392833896252105,ranging,0.21160164817352256,0.4882922961561231,0.3001060556703543,4
1790359200000,83785.11,83968.0,0.001370164824695097,1.0,0.0037910292842830073,ranging,0.21250796034368685,0.48869926537297204,0.29879277428334095,4
1790362800000,83968.01,84020.01,0.0009519160971298568,1.0,0.0035916315906300857,ranging,0.20629329196994686,0.4874934621094406,0.30621324592061266,4
1790366400000,84020.01,83886.0,0.0002862217771737452,1.0,0.003532256351386511,ranging,0.20875898349116573,0.46899938295270227,0.32224163355613195,4
1790370000000,83886.01,83792.0,0.0033972216918083387,1.0,0.003431615643328818,ranging,0.20711001507298077,0.47000923028042707,0.3228807546465921,4
1790373600000,83792.0,84083.05,-0.0008687838987763152,1.0,0.0033579888267063797,ranging,0.2153300859715144,0.4688194934790003,0.31585042054948526,4
1790377200000,84083.05,84099.99,-0.0019142689553233172,1.0,0.0031613297893547574,ranging,0.20761019974861236,0.4899159100251023,0.3024738902262855,4
1790380800000,84100.0,83910.01,0.0007864377563535641,1.0,0.0031195302883995106,ranging,0.20969256118064436,0.46053987789858725,0.32976756092076837,4
1790384400000,83910.01,84076.66,-0.0018669866286316061,1.0,0.002982356161655473,ranging,0.20628423129897627,0.4783709740615891,0.3153447946394345,4
1790388000000,84076.67,84010.0,-0.0014138793000832983,1.0,0.0028442745634289822,ranging,0.20138822480920487,0.4776167979550094,0.32099497723578574,4
1790391600000,84010.0,83939.0,0.0021182048868821912,1.0,0.0027147499791155293,low_liquidity,0.19602186975152416,0.486363380013342,0.3176147502351338,4
1790395200000,83939.01,83976.0,0.002905711155568147,2.0,0.002620134817822706,ranging,0.20244116967830936,0.47859188989453705,0.3189669404271536,4
1790398800000,83976.01,83919.69,0.0012185459693665468,1.0,0.0025,low_liquidity,0.19226956856977745,0.4838894301241354,0.3238410013060873,4
1790402400000,83919.69,83891.22,0.0034413613248203134,2.0,0.0025,ranging,0.1983822138773293,0.49610752846877154,0.3055102576538992,4
1790406000000,83891.23,84116.8,0.0007037833108249902,1.0,0.0025,ranging,0.2129481537131812,0.4736401498282695,0.31341169645854927,4
1790409600000,84116.79,84220.01,-0.0019960814538018123,1.0,0.0025,ranging,0.2097273781843339,0.47837420238026696,0.31189841943539914,4
1790413200000,84220.01,84021.95,-0.0009860518590676381,1.0,0.0025,ranging,0.20559566658781242,0.4678174894781079,0.32658684393407966,4
1790416800000,84021.96,84179.92,-0.0018997404606704293,1.0,0.0025,low_liquidity,0.19760795914078075,0.4972198113627446,0.30517222949647455,4
1790420400000,84179.92,84176.0,-0.00023771621364754303,1.0,0.0025,low_liquidity,0.19213969547217666,0.5036040107878411,0.3042562937399823,4
1790424000000,84176.0,84051.9,0.0008102136893990419,1.0,0.0025,ranging,0.20240460137464894,0.48325532188665843,0.31434007673869263,4
1790427600000,84051.89,83939.1,0.002302860049726352,1.0,0.0025,ranging,0.21126236278169866,0.4623819053613423,0.3263557318569591,4
1790431200000,83939.11,84020.0,-0.00025374910735542766,1.0,0.0025,ranging,0.20168845891079754,0.4821702608292439,0.31614128025995847,4
1790434800000,84020.01,84155.99,-0.00165597243880089,1.0,0.0025,ranging,0.21403420614648538,0.4706500043256012,0.3153157895279135,4
1790438400000,84156.0,84120.0,-0.0010658582976700304,1.0,0.0025,ranging,0.20162419614965074,0.4828522944672419,0.31552350938310725,4
1790442000000,84120.0,84132.4,0.0003131968183482936,1.0,0.0025,ranging,0.19820926729414845,0.4807884036254468,0.3210023290804049,4
1790445600000,84132.4,83998.68,0.0033015995013254695,2.0,0.0025,ranging,0.19913854522714047,0.47025230101872434,0.3306091537541351,4
1790449200000,83998.68,84016.63,0.004956994823524852,2.0,0.0025,ranging,0.19752540014631473,0.4839417348212452,0.31853286503244027,4
1790452800000,84016.63,84030.34,0.003280600792523236,2.0,0.0025,ranging,0.20025633720572814,0.46382479538583393,0.33591886740843807,4
1790456400000,84030.35,84158.75,0.003995544135339424,2.0,0.0025,ranging,0.20151730717762975,0.473160026949066,0.32532266587330416,4
1790460000000,84158.74,84276.01,0.0020645258360001417,1.0,0.0025,ranging,0.2092030255350836,0.4751235528957352,0.3156734215691811,4
1790463600000,84276.01,84433.1,-0.0003665624026597536,1.0,0.0025,ranging,0.20994481471180335,0.4963224963671697,0.2937326889210271,4
1790467200000,84433.11,84306.01,0.00027981397767495864,1.0,0.0025,ranging,0.21503819107898675,0.4871563833895247,0.29780542553148864,4
1790470800000,84306.01,84495.01,-0.00020060356226947462,1.0,0.0025,ranging,0.22343688078365237,0.4854474331661064,0.29111568605024135,4
1790474400000,84495.01,84450.0,0.0007304914150385589,1.0,0.0025,ranging,0.21046102597822977,0.49522435960290206,0.29431461441886814,4
1790478000000,84450.01,84402.15,0.004607110126934044,2.0,0.0025,ranging,0.21230259601384505,0.48305228381510484,0.30464512017105,4
1790481600000,84402.15,84329.6,0.005578112548855874,2.0,0.0025,ranging,0.2116966277374631,0.4802433686744104,0.3080600035881264,4
1790485200000,84329.61,84478.06,0.0055156332898742555,2.0,0.0025,ranging,0.21633188537681047,0.4774152421757127,0.3062528724474768,4
1790488800000,84478.06,84511.69,0.0043935933596879195,2.0,0.0025,ranging,0.2145934774915198,0.4822992951938488,0.3031072273146314,4
1790492400000,84511.69,84791.0,0.0012619263836963768,1.0,0.0025,ranging,0.22646758923734692,0.47388144831889983,0.2996509624437533,4
1790496000000,84790.99,84800.0,2.3702830188598867e-05,1.0,0.0025,ranging,0.22073516866402298,0.47661012254541735,0.3026547087905597,4
1790499600000,84800.0,84944.01,0.0010171405847216874,1.0,0.0025,ranging,0.23110990380792182,0.4570234921487173,0.311866604043361,4
1790503200000,84944.01,84883.0,-0.004064182462919508,0.0,0.0025,ranging,0.2306066284665894,0.45961420884068055,0.30977916269273004,4
1790506800000,84882.99,84898.0,-0.005119437442578256,0.0,0.0025,ranging,0.21893973786937698,0.48072771073033316,0.30033255140028986,4
1790510400000,84898.0,84802.01,-0.004433975090920583,0.0,0.0025,ranging,0.21778118139425337,0.47798983641079185,0.30422898219495487,4
1790514000000,84802.01,85030.41,-0.005367609070684232,0.0,0.0025,ranging,0.22711305237115426,0.459948822527531,0.3129381251013147,4
1790517600000,85030.41,84538.02,0.0033221738573956383,2.0,0.0025,ranging,0.23488455758980648,0.45552135806337335,0.30959408434682023,4
1790521200000,84538.01,84463.37,0.0032279081452706304,2.0,0.0025,ranging,0.23148215982253612,0.4599103615414044,0.3086074786360594,4
1790524800000,84463.38,84426.0,0.0014924312415607321,1.0,0.0025,ranging,0.22956360930629174,0.46479657535152824,0.30563981534218,4
1790528400000,84426.0,84574.0,0.0013487596660912704,1.0,0.0025,ranging,0.2204681602265959,0.4791586780191552,0.30037316175424883,4
1790532000000,84574.0,84818.87,-0.007352137560898808,0.0,0.0025,ranging,0.2390825030151292,0.4645294434830547,0.29638805350181624,4
1790535600000,84818.87,84736.01,-0.003115676558289593,0.0,0.0025,ranging,0.22712826350179846,0.46836065033757057,0.30451108616063094,4
1790539200000,84736.02,84552.0,-0.004872741035102712,0.0,0.0025,ranging,0.23910633384294175,0.44749703090844767,0.31339663524861056,4
1790542800000,84552.01,84688.07,-0.011732939480141868,0.0,0.0025,ranging,0.23591113659629528,0.4505576899367549,0.31353117346694986,4
1790546400000,84688.07,84195.27,-0.009228903238863606,0.0,0.0025,ranging,0.24213753335556276,0.43721439107456744,0.32064807556986996,4
1790550000000,84195.27,84472.0,-0.013417463774978655,0.0,0.0025,ranging,0.23999598795079122,0.4470939747722339,0.31291003727697503,4
1790553600000,84472.01,84140.0,-0.0077227240313761936,0.0,0.0025,ranging,0.2450346748788629,0.4341233354786355,0.32084198964250166,4
1790557200000,84140.0,83694.43,-0.006098613730925684,0.0,0.0025730914587114057,ranging,0.23839309320196134,0.43351357607103586,0.3280933307270027,4
1790560800000,83694.42,83418.24,-0.003038424210340618,0.0,0.0025991185232658903,ranging,0.2357925187758595,0.43918709293078967,0.32502038829335084,4
1790564400000,83418.91,83338.6,-0.0044707974456015265,0.0,0.002583666945885402,ranging,0.22075479624630978,0.4647809119756913,0.31446429177799895,4
1790568000000,83338.6,83490.21,-0.006326610030086277,0.0,0.002545683773473684,ranging,0.22954235913846668,0.46974185109041655,0.30071578977111674,4
1790571600000,83490.2,83184.01,-0.006227158320451287,0.0,0.002799653569179108,ranging,0.2180174205070932,0.46726612935975603,0.3147164501331507,4
1790575200000,83184.0,83164.78,-0.002462340428243781,1.0,0.0027290289887108945,ranging,0.22265942394541335,0.4712704190557645,0.30607015699882223,4
1790578800000,83164.78,82966.01,0.0014045510926703475,1.0,0.002732155218897934,ranging,0.21458473859066843,0.4650383894970327,0.32037687191229886,4
1790582400000,82966.0,82962.0,0.007446180178876993,2.0,0.002731531323948914,ranging,0.21554862190013815,0.47118671031619985,0.3132646677836619,4
1790586000000,82962.01,82666.01,0.011806303461362244,2.0,0.0027560514913884406,trending,0.2049009327639575,0.47258594926914305,0.3225131179668995,4
1790589600000,82666.01,82960.0,0.0007232401157184487,1.0,0.0027559866561503075,trending,0.20996696490840247,0.48418297686140166,0.3058500582301959,4
1790593200000,82960.01,83082.54,0.003459932736770144,2.0,0.002633247515856764,trending,0.20593770368230516,0.48727828916146293,0.3067840071562319,4
1790596800000,83082.53,83579.75,0.001715128365423535,1.0,0.0027485037574112585,trending,0.22403971984922194,0.47624714663678036,0.2997131335139978,4
1790600400000,83579.75,83641.99,0.002849525698754851,2.0,0.0028112369499205684,trending,0.22355270564352356,0.4750113534396956,0.30143594091678083,4
1790604000000,83641.99,83020.0,0.012300529992772757,2.0,0.003187000453494448,trending,0.2151868801536309,0.4637431161360891,0.32107000371028005,4
1790607600000,83020.01,83370.0,0.0002343768741752683,1.0,0.003258032273889557,trending,0.2260601277021849,0.46556218569400976,0.30837768660380543,4
1790611200000,83370.0,83723.1,-0.0020914180196386356,1.0,0.0034901000686141386,trending,0.23175851259754082,0.46485200684949285,0.30338948055296633,4
1790614800000,83723.1,83880.33,-0.007896010900291017,0.0,0.003652771890032971,ranging,0.23924012054082874,0.4683082041918364,0.29245167526733484,4
1790618400000,83880.34,84041.19,-0.00591590861576341,0.0,0.0035104234093501045,ranging,0.2335647910008507,0.48067610414814244,0.2857591048510069,4
1790622000000,84041.19,83389.54,0.001324746484990813,1.0,0.0037616400685208527,ranging,0.23103703743376652,0.45643785796052483,0.31252510460570865,4
1790625600000,83389.53,83548.0,-0.004336549049648086,0.0,0.0036626837732918224,ranging,0.2326096366631345,0.4656474572649082,0.3017429060719572,4
1790629200000,83548.01,83218.01,-0.0018026146022958045,1.0,0.0036463044053829255,ranging,0.22267016588881797,0.4601007362089447,0.31722909790223736,4
1790632800000,83218.01,83544.01,-0.006901871241277502,0.0,0.00360041419581693,ranging,0.22360835612038923,0.4605091356684733,0.31588250821113734,4
1790636400000,83544.01,83500.01,-0.005149939503001133,0.0,0.003438262646002017,low_liquidity,0.21333715152638488,0.47452760209583816,0.31213524637777684,4
1790640000000,83500.01,83185.69,0.0003280612326470589,1.0,0.0034298829773051205,ranging,0.22405917586975357,0.4573769322571222,0.3185638918731243,4
1790643600000,83185.69,83068.0,0.004370154572157725,2.0,0.0034298521066415052,ranging,0.23133548376730945,0.4514029252290859,0.3172615910036047,4
1790647200000,83068.01,82967.4,0.012530945889590361,2.0,0.003325451074181329,ranging,0.22983601887226263,0.45656690165953295,0.31359707946820453,4
1790650800000,82967.41,83069.99,0.010966415187963818,2.0,0.0032615804566696587,ranging,0.22608580989031124,0.46900743518843485,0.30490675492125396,4
1790654400000,83070.0,83212.98,0.007943832801084572,2.0,0.0031630718866186816,ranging,0.2295191826138635,0.4683195411763909,0.3021612762097455,4
1790658000000,83212.98,83431.02,0.00991226045180782,2.0,0.0031675339950783883,ranging,0.23043295204018108,0.4728697628514624,0.2966972851083566,4
1790661600000,83431.01,84007.06,0.00027890513011663565,1.0,0.0032260517298213225,ranging,0.22948339007363727,0.4758321183740913,0.2946844915522715,4
1790665200000,84007.07,83980.97,0.004489588534164257,2.0,0.003163047002529811,ranging,0.235968015632542,0.4768668691721295,0.2871651151953286,4
1790668800000,83980.97,83874.01,0.0054705861803914235,2.0,0.003231096958542423,ranging,0.2354692611191088,0.46781552184808833,0.29671521703280285,4
1790672400000,83874.01,84258.01,-0.0006883618542616876,1.0,0.003275813829749873,ranging,0.23759125556773436,0.47224749602353794,0.2901612484087277,4
1790676000000,84258.01,84030.49,-0.0033140351793736755,0.0,0.0032259023799640495,ranging,0.23599397251343118,0.47365017457301317,0.2903558529135556,4
1790679600000,84030.5,84358.01,-0.01529208666728854,0.0,0.003269917318417311,ranging,0.24510903802704642,0.4735695165581823,0.2813214454147712,4
1790683200000,84358.0,84332.85,-0.015078110131461209,0.0,0.003218168358221425,ranging,0.2475382553321877,0.46763093619964075,0.2848308084681715,4
1790686800000,84332.85,84200.01,-0.013325414094368826,0.0,0.0032672230786910533,ranging,0.2491844237965864,0.45744303418373916,0.2933725420196744,4
1790690400000,84200.01,83752.01,-0.0013374007382030983,1.0,0.003357112441390297,ranging,0.24616120987014023,0.4545637034390968,0.29927508669076297,4
1790694000000,83752.0,83068.0,0.0063322819858429025,2.0,0.003579592186016086,ranging,0.23206319429868985,0.4610583720710372,0.30687843363027295,4
1790697600000,83068.0,83061.27,0.006683259237427963,2.0,0.0035254047388355563,ranging,0.24055871768342343,0.46018412629609773,0.29925715602047875,4
1790701200000,83061.28,83078.01,0.005127469952638686,2.0,0.0033931324936406957,ranging,0.228592337745479,0.48057030682779445,0.2908373554267267,4
1790704800000,83078.01,83640.0,-0.0003346484935438099,1.0,0.003448303134260854,ranging,0.23946252580823457,0.47716250449189695,0.2833749696998684,4
1790708400000,83640.0,83594.01,0.0008331936702163922,1.0,0.0033583309924654307,ranging,0.2283435797293739,0.4809322148174046,0.29072420545322153,4
1790712000000,83594.01,83616.39,-0.0019497373660833928,1.0,0.003192882749915631,low_liquidity,0.21237754220152769,0.5009481597243743,0.2866742980740979,4
1790715600000,83616.38,83503.99,-0.000670387127609251,1.0,0.0030880810777817167,ranging,0.22106389418347697,0.47980757734845214,0.29912852846807086,4
1790719200000,83503.99,83612.01,-0.002718867779879952,1.0,0.0029755501364470355,ranging,0.2185929470314874,0.49391278175027253,0.28749427121824,4
1790722800000,83612.0,83663.66,-0.004338920864805695,0.0,0.0028827095649869637,ranging,0.21260271906348766,0.47381570093468967,0.3135815800018226,4
1790726400000,83663.66,83453.36,-0.0029160000268414477,0.0,0.0028821251843199167,ranging,0.21718715562036478,0.4511195150682344,0.331693329311401,4
1790730000000,83453.36,83448.01,-0.0007670644273002347,1.0,0.0027862749491206007,ranging,0.20976709235309654,0.46790042771586376,0.3223324799310397,4
1790733600000,83448.01,83384.68,-0.004095956235605769,0.0,0.0027551654894781867,ranging,0.21938198676327242,0.451286246152831,0.3293317670838966,4
1790737200000,83384.68,83300.65,5.126010421285798e-05,1.0,0.0026905172536669138,ranging,0.21368717186051844,0.46681951658799425,0.3194933115514874,4
1790740800000,83300.65,83210.01,-0.0017738250482122186,1.0,0.002616084521619021,ranging,0.20954736432485704,0.48344963013659703,0.30700300553854604,4
1790744400000,83210.01,83384.0,0.0029743116185358964,2.0,0.002595804136509515,ranging,0.21953856916151618,0.4648956201107561,0.3155658107277277,4
1790748000000,83384.01,83043.14,0.01053512668234835,2.0,0.0026566543929054044,ranging,0.21784442236952964,0.4623135634038403,0.31984201422663017,4
1790751600000,83043.14,83304.92,0.0073253776607673515,2.0,0.0027235177490644875,ranging,0.22710940236090843,0.4571094163432697,0.3157811812958219,4
1790755200000,83304.92,83062.41,0.026822120860687804,2.0,0.0026995222771624065,ranging,0.22283239364555701,0.4591339133663517,0.31803369298809137,4
1790758800000,83062.41,83632.01,0.01202565859651128,2.0,0.002876223333683025,ranging,0.23283830533957248,0.45998102766018834,0.30718066700023916,4
1790762400000,83632.01,83918.01,-0.001406134392367031,1.0,0.0028240748677212783,ranging,0.22520840944856518,0.46994953542544665,0.30484205512598805,4
1790766000000,83918.0,83915.16,0.002612996269088841,1.0,0.0027680556502138404,ranging,0.23338191352821472,0.471368406064525,0.29524968040726024,4
1790769600000,83915.17,85290.32,-0.011031498064493217,0.0,0.003406234666737411,ranging,0.23706092182286376,0.45917082521131086,0.3037682529658253,4
1790773200000,85290.32,84637.74,-0.007163234746107361,0.0,0.0040129691734061045,ranging,0.23165324209659274,0.44425017529884664,0.3240965826045606,4
1790776800000,84637.74,83800.01,0.001789856588322758,1.0,0.004414021242656766,high_volatility,0.23028742993837434,0.4329334200388223,0.3367791500228035,4
1790780400000,83800.01,84134.43,-0.00631453734220333,0.0,0.0043889466243597535,high_volatility,0.23039256117876786,0.4647230909062603,0.3048843479149719,4
1790784000000,84134.43,84349.44,-0.008007759150505334,0.0,0.00424572874887417,high_volatility,0.22791345398318788,0.47403452607481184,0.29805201994200026,4
1790787600000,84349.44,84031.46,-0.003257589478988021,1.0,0.0042182781056665074,high_volatility,0.22508646670139926,0.4683387994192832,0.30657473387931755,4
1790791200000,84031.47,83950.0,-0.00314651578320424,1.0,0.004066559076633614,ranging,0.22559637043644773,0.4813214503938389,0.29308217916971335,4
1790794800000,83950.01,83603.16,0.00024448836622914527,1.0,0.004024913863717332,ranging,0.2285508254493413,0.4649754029474392,0.30647377160321954,4
1790798400000,83603.16,83673.99,-0.001971460904398259,1.0,0.0038577201576785606,ranging,0.22638529098933086,0.4776062067466312,0.29600850226403785,4
1790802000000,83673.99,83757.72,-0.0028612287918056145,1.0,0.003652699453216393,ranging,0.21835628075699873,0.4940541116582158,0.2875896075847855,4
1790805600000,83757.73,83685.85,-0.0023309794905591597,1.0,0.0035302683570302136,ranging,0.22317971859609423,0.48209444463691203,0.2947258367669939,4
1790809200000,83685.86,83623.6,0.0015594879914280213,1.0,0.003440662005889919,ranging,0.21977110995777044,0.47530134339557223,0.30492754664665733,4
1790812800000,83623.59,83509.03,0.007196587003824639,2.0,0.0033174282924036277,ranging,0.21212396637853675,0.4957666286781885,0.2921094049432747,4
1790816400000,83509.03,83518.07,0.009260391194384487,2.0,0.003187794179760298,ranging,0.21245616662181027,0.49646339969672637,0.29108043368146325,4
1790820000000,83518.07,83490.78,0.007553768212489986,2.0,0.003093302575155663,ranging,0.22249255223357778,0.4832890475485657,0.2942184002178565,4
1790823600000,83490.78,83754.01,-0.003869426669839471,0.0,0.0030452658600080445,ranging,0.2340978132047096,0.47439174507685133,0.291510441718439,4
1790827200000,83754.01,84110.01,-0.006456306449137195,0.0,0.003063988931021106,ranging,0.2348337822273881,0.4685089624798807,0.2966572552927311,4
1790830800000,84110.01,84291.48,-0.006044145861479722,0.0,0.003009843102228608,ranging,0.23275116314433342,0.47381837207301086,0.29343046478265566,4
1790834400000,84291.49,84121.45,-0.0018445949279285445,1.0,0.0029604405174307354,ranging,0.2272458143338117,0.47102436736391473,0.3017298183022735,4
1790838000000,84121.45,83429.93,0.00570334890608204,2.0,0.003230218919333438,ranging,0.22898889065217193,0.4709738189548113,0.3000372903930167,4
1790841600000,83429.93,83566.97,0.002022928436917093,1.0,0.0031978835983887603,ranging,0.2371478706323049,0.4714310386939385,0.2914210906737566,4
1790845200000,83566.98,83782.01,0.0018817882263746366,1.0,0.0031345092166569157,ranging,0.23852947488707987,0.4756563978916715,0.28581412722124855,4
1790848800000,83782.01,83966.28,0.0010048081205931148,1.0,0.0032511939596939084,ranging,0.23570921746350645,0.48554392613093605,0.27874685640555763,4
1790852400000,83966.27,83905.76,0.0030616491644912536,1.0,0.0031576281112469613,ranging,0.23637080024887006,0.4808029916591033,0.28282620809202663,4
1790856000000,83905.76,83736.02,0.005564988639297441,2.0,0.0031412112767600104,ranging,0.23894184689149803,0.47005163326989075,0.29100651983861126,4
1790859600000,83736.02,83939.67,0.011536142565249596,2.0,0.0032282462033531452,ranging,0.2432957526910898,0.4603880196023277,0.29631622770658245,4
1790863200000,83938.6,84050.65,0.00893949065236277,2.0,0.0033910870348897635,ranging,0.2378854395478006,0.4622143855375231,0.29990017491467635,4
1790866800000,84050.65,84162.65,0.006091894682498822,2.0,0.0036090881367020896,ranging,0.22941440218995177,0.4751943888119717,0.29539120899807664,4
1790870400000,84162.66,84202.01,0.005130400093774634,2.0,0.003635766178511254,ranging,0.2255665116616183,0.48510008693524853,0.28933340140313313,4
1790874000000,84202.0,84908.01,-0.004275450572919892,0.0,0.003792604205731984,ranging,0.2290748052469045,0.48366074208961113,0.28726445266348427,4
1790877600000,84908.0,84802.02,-0.0006166126703114339,1.0,0.0038306669933286393,ranging,0.22699940991025666,0.4910203610598084,0.281980229029935,4
1790881200000,84802.02,84675.36,0.0024173502185287354,1.0,0.003717347126687095,ranging,0.23091346485762299,0.4858461952972533,0.2832403398451237,4
1790884800000,84675.36,84634.0,0.001782853226835579,1.0,0.0036036565687578665,ranging,0.22771318423251394,0.4810988808760401,0.29118793489144595,4
1790888400000,84634.01,84544.99,0.00431734630283831,2.0,0.0034481424036761675,ranging,0.21960260556109287,0.48717974570404676,0.2932176487348603,4
1790892000000,84544.99,84749.73,0.005171343908706216,2.0,0.003320984154071648,ranging,0.2357998896933073,0.47627110211086315,0.2879290081958294,4
1790895600000,84749.74,84880.05,0.0074558155891755185,2.0,0.003207945999000149,ranging,0.22595944863285194,0.4870392101921315,0.28700134117501647,4
1790899200000,84880.05,84784.89,0.02202314586950571,2.0,0.003110259402439031,ranging,0.2293681193431573,0.47521589956157595,0.2954159810952666,4
1790902800000,84784.89,84910.0,0.01286079378165117,2.0,0.0031192464432881588,ranging,0.22348867974773182,0.48466169947441345,0.2918496207778547,4
1790906400000,84910.01,85188.0,0.009449100812320976,2.0,0.003049720116091781,ranging,0.23152545681963407,0.47767662662809357,0.2907979165522724,4
1790910000000,85187.99,85512.9,0.00674459642931069,2.0,0.00301207707863387,ranging,0.24497749134522495,0.46640828186806915,0.28861422678670595,4
1790913600000,85512.89,86652.12,-0.00480219064461429,0.0,0.0034819548708326328,trending,0.24527235093337713,0.4678561560692098,0.2868714929974129,4
1790917200000,86652.12,86002.01,0.004209320224027424,2.0,0.0036449297828916667,trending,0.23782333125679864,0.47697417174112766,0.28520249700207373,4
1790920800000,86002.01,85992.95,0.0035427322821233176,2.0,0.003496222438905999,trending,0.22489104895197243,0.4917151138159056,0.2833938372321219,4
1790924400000,85992.96,86089.65,0.003893615550766061,2.0,0.0034400072299303136,trending,0.2324117990398255,0.48456892282263037,0.28301927813754424,4
1790928000000,86089.64,86236.0,0.00665615288278687,2.0,0.003476287032502347,trending,0.23868898654416418,0.4863665767324388,0.27494443672339697,4
1790931600000,86236.01,86364.02,0.0023277054495609573,1.0,0.003383982085325197,trending,0.23070437720069842,0.4915686214926603,0.27772700130664124,4
1790935200000,86364.01,86297.6,-0.007076326572233893,0.0,0.0033075790341931966,trending,0.23118507923115655,0.492492949297966,0.27632197147087734,4
1790938800000,86297.6,86424.85,-0.012714514401818477,0.0,0.003209865252872029,trending,0.24029306343403345,0.4790235472582802,0.2806833893076863,4
1790942400000,86424.85,86810.0,-0.01900691164612378,0.0,0.003417609556992943,trending,0.24435578556961202,0.4733583819506212,0.2822858324797669,4
1790946000000,86810.01,86565.05,-0.020681556817676472,0.0,0.0035212519481453916,trending,0.24171224396814348,0.4704221895668911,0.28786556646496547,4
1790949600000,86565.06,85686.93,-0.016629373931356883,0.0,0.004025257629638697,high_volatility,0.2174291272650856,0.47642888452584653,0.30614198820906796,4
1790953200000,85686.93,85326.0,-0.011845392963457768,0.0,0.004052860787414172,high_volatility,0.21301803932199978,0.48223548053539517,0.3047464801426052,4
1790956800000,85326.0,85160.01,-0.008231210869984684,0.0,0.004017300737844409,trending,0.21137307093767296,0.4912990921903816,0.2973278368719454,4
1790960400000,85160.0,84774.75,-0.0028671272991073193,1.0,0.004231616997734654,high_volatility,0.20845891012773302,0.48936470706095103,0.3021763828113159,4
1790964000000,84774.75,84262.01,0.003536469163268219,1.0,0.00446799008238298,high_volatility,0.20591936615543746,0.4865933792323756,0.307487254612187,4
1790967600000,84262.01,84315.28,0.0024044277620853816,1.0,0.004338865916645175,high_volatility,0.20023023242025212,0.5029071747096034,0.2968625928701444,4
1790971200000,84315.27,84459.04,0.0023806806234123457,1.0,0.004174308322689518,high_volatility,0.2057386541118748,0.5103786002982368,0.2838827455898885,4
1790974800000,84459.04,84531.69,0.001281294624536633,1.0,0.0039348936617555385,trending,0.20969118095051623,0.5161157809497423,0.27419303809974144,4
1790978400000,84531.68,84560.0,0.00047303689687794304,1.0,0.003706948359221088,trending,0.21163771643338852,0.5120081815857823,0.27635410198082916,4
1790982000000,84559.99,84518.01,0.002148062880325874,1.0,0.0034956033904359174,trending,0.21609009698322437,0.49833854337650946,0.2855713596402663,4
1790985600000,84518.0,84660.11,-0.000978973450424303,1.0,0.0033570328205132388,trending,0.2292606966795207,0.49272376502741166,0.2780155382930675,4
1790989200000,84660.11,84640.0,0.00014284026465016808,1.0,0.0031748936522392264,low_liquidity,0.22603841495771715,0.4941073875451465,0.27985419749713636,4
1790992800000,84640.01,84600.0,-0.00016548463356969023,1.0,0.003000867091718903,low_liquidity,0.2242215684137848,0.4972554507868321,0.27852298079938326,4
1790996400000,84600.01,84699.56,-0.0016477063163019556,1.0,0.002872768868045769,low_liquidity,0.22531151795412502,0.4906942787163852,0.28399420332948977,4
1791000000000,84699.56,84577.23,0.0004585158440397752,1.0,0.0027727940557720075,low_liquidity,0.217125687200626,0.49279952273758226,0.2900747900617918,4
1791003600000,84577.23,84652.09,-0.0006152240304994061,1.0,0.002623528278906557,low_liquidity,0.21925674336299908,0.5047109895102874,0.2760322671267136,4
1791007200000,84652.09,84586.0,0.0005926512661671435,1.0,0.0025008689176747043,ranging,0.2223959275800652,0.48997801812737213,0.2876260542925626,4
1791010800000,84586.01,84560.0,0.0013246215704825204,1.0,0.0025,ranging,0.2257593947853784,0.49126791733157177,0.2829726878830498,4
1791014400000,84560.0,84616.01,0.0032146398772525675,2.0,0.0025,ranging,0.22727239583926792,0.4921274663607432,0.28060013779998866,4
1791018000000,84616.02,84600.01,0.0031918435943447676,2.0,0.0025,low_liquidity,0.2184246937089456,0.4956368764939874,0.28593842979706696,4
1791021600000,84600.0,84636.13,0.0025979448729518406,2.0,0.0025,ranging,0.22807864411430637,0.4834535856433991,0.28846777024229464,4
1791025200000,84636.13,84672.01,0.0023061930382897167,1.0,0.0025,ranging,0.22298230616319717,0.48913196123857067,0.28788573259823214,4
1791028800000,84672.01,84888.02,-0.0002354867035420094,1.0,0.0025,ranging,0.23283167333287413,0.4734485706042141,0.29371975606291173,4
1791032400000,84888.02,84870.04,0.0016726750688464964,1.0,0.0025,ranging,0.22132768315598397,0.490303279360599,0.2883690374834172,4
1791036000000,84870.03,84856.01,0.0011075232031296789,1.0,0.0025,ranging,0.22119730954415823,0.48838126981215674,0.2904214206436849,4
1791039600000,84856.01,84867.28,-0.00029198532108010156,1.0,0.0025,ranging,0.211643613865796,0.5009147975140822,0.2874415886201217,4
1791043200000,84867.27,84868.03,-0.0013936932434981397,1.0,0.0025,ranging,0.21002090546570734,0.5066771475292234,0.2833019470050693,4
1791046800000,84868.02,85012.0,-0.003491859972709843,0.0,0.0025,ranging,0.2219509255800262,0.4977092029473422,0.2803398714726315,4
1791050400000,85012.01,84949.99,-0.002048028492999343,1.0,0.0025,ranging,0.20896755874511053,0.5058845427932744,0.2851478984616151,4
1791054000000,84950.0,84842.5,-0.0010482953708341736,1.0,0.0025,ranging,0.21468648670149132,0.4886702173094898,0.29664329598901895,4
1791057600000,84842.5,84749.75,0.000474927654653845,1.0,0.0025,ranging,0.20727251154252205,0.5004289169012539,0.2922985715562239,4
1791061200000,84749.76,84715.15,0.0010321648489084456,1.0,0.0025,ranging,0.21017160031526452,0.49650179043257286,0.2933266092521625,4
1791064800000,84715.15,84776.01,0.00030857786300630963,1.0,0.0025,ranging,0.21298635401949076,0.4959690666919877,0.29104457928852145,4
1791068400000,84776.02,84753.56,0.0010301632167426522,1.0,0.0025,ranging,0.21200962512743698,0.492970170264198,0.2950202046083651,4
1791072000000,84753.57,84790.0,0.0002587569288832192,1.0,0.0025,ranging,0.21041284379970965,0.4957043547835722,0.293882801416718,4
1791075600000,84790.0,84802.59,0.0012902907800338426,1.0,0.0025,ranging,0.21452897284253505,0.493332669466516,0.292138357690949,4
1791079200000,84802.6,84802.17,0.0027071241219418507,2.0,0.0025,ranging,0.21840389723861514,0.48602731538077015,0.2955687873806147,4
1791082800000,84802.17,84840.87,0.0031250268885738564,2.0,0.0025,ranging,0.22034370873410328,0.47900813983251805,0.30064815143337886,4
1791086400000,84840.88,84811.94,0.0034728600713531677,2.0,0.0025,low_liquidity,0.21210431939650212,0.49044046888904086,0.29745521171445705,4
1791090000000,84811.94,84912.01,0.0037901587773037093,2.0,0.0025,ranging,0.2126901252698358,0.4864213569637175,0.30088851776644654,4
1791093600000,84912.01,85031.74,0.0027315682355786297,2.0,0.0025,ranging,0.21590598139063005,0.4893107645902898,0.29478325401908,4
1791097200000,85031.74,85106.0,0.002390665757995958,1.0,0.0025,ranging,0.2155010828483175,0.4923090527317912,0.2921898644198912,4
1791100800000,85106.01,85106.48,0.00025215471254380617,1.0,0.0025,ranging,0.21551942421822448,0.4888708640201978,0.29560971176157774,4
1791104400000,85106.48,85233.84,8.56467337386757e-05,1.0,0.0025,ranging,0.21549735966129688,0.48683015122499396,0.2976724891137092,4
1791108000000,85233.84,85264.01,0.00016923904939503132,1.0,0.0025,ranging,0.20729466470621383,0.5016840925171765,0.2910212427766097,4
1791111600000,85264.01,85309.46,-0.0006265424725465651,1.0,0.0025,ranging,0.20940199974980447,0.5064259841069892,0.28417201614320636,4
1791115200000,85309.47,85127.94,0.0028904728576775174,2.0,0.0025,ranging,0.20448877422451478,0.50207557217834,0.29343565359714524,4
1791118800000,85127.94,85241.14,0.0009196263682067496,1.0,0.0025,ranging,0.2028973180918475,0.5069097945205946,0.2901928873875579,4
1791122400000,85241.15,85278.44,0.0007082681155987647,1.0,0.0025,ranging,0.20579644883750817,0.5033052419701934,0.29089830919229837,4
1791126000000,85278.45,85256.01,0.0020173357866501984,1.0,0.0025,ranging,0.20719403018497612,0.4975808857718826,0.29522508404314135,4
1791129600000,85256.01,85374.0,0.005276079368426112,2.0,0.0025,ranging,0.20924159748592627,0.49323245070797006,0.29752595180610364,4
1791133200000,85374.0,85319.53,0.006398183393649726,2.0,0.0025,ranging,0.2066643234917562,0.4921598572057982,0.3011758193024457,4
1791136800000,85319.54,85338.84,0.012762887332426809,2.0,0.0025,ranging,0.20717158818134826,0.49561570764570034,0.2972127041729515,4
1791140400000,85338.84,85428.0,0.012899751837804896,2.0,0.0025,trending,0.21014495537305217,0.4883513029639343,0.3015037416630135,4
1791144000000,85428.0,85824.44,0.009647834579520786,2.0,0.0025,trending,0.21780692216813527,0.47356841348231055,0.3086246643495543,4
1791147600000,85824.45,85865.42,0.00873331778962938,2.0,0.0025,trending,0.22180913468766414,0.46608739454188275,0.3121034707704531,4
1791151200000,85865.43,86428.01,0.0010874946675274444,1.0,0.0025,trending,0.23010600771195136,0.44678877377103327,0.3231052185170153,4
1791154800000,86428.01,86530.0,-0.005142378365884714,0.0,0.0025,trending,0.24643247462163534,0.4571649478008433,0.29640257757752125,4
1791158400000,86530.0,86652.46,-0.01286103129674565,0.0,0.0025,trending,0.24342748254103805,0.45571362368066354,0.3008588937782984,4
1791162000000,86652.45,86615.31,-0.009787415180988135,0.0,0.0025,trending,0.2440088452715516,0.45038019612122093,0.30561095860722737,4
1791165600000,86615.31,86522.0,-0.003028131573472592,0.0,0.0025,trending,0.24241003445050738,0.4483230617575809,0.30926690379191185,4
1791169200000,86522.01,86085.03,0.0019484223912100695,1.0,0.0025,trending,0.24011984753339086,0.45163523038587244,0.30824492208073667,4
1791172800000,86085.02,85538.02,0.007867612554043113,2.0,0.0025,trending,0.22699512915725345,0.4592303598659625,0.31377451097678394,4
1791176400000,85538.02,85767.57,0.002371758929394785,1.0,0.0025,trending,0.2345354830456351,0.4584774294112671,0.30698708754309795,4
1791180000000,85767.58,86260.0,-0.0016561558080222527,1.0,0.002508715032825204,trending,0.24083819873685874,0.45295979606852704,0.3062020051946142,4
1791183600000,86260.01,86252.76,-0.00042618926049431405,1.0,0.002500647816544838,trending,0.24219054072331625,0.45162721857101135,0.3061822407056725,4
1791187200000,86252.76,86211.0,-0.003560914500469803,0.0,0.002541082002747876,trending,0.24147287567472092,0.450672232744864,0.30785489158041507,4
1791190800000,86211.0,85970.99,0.005362506585069982,2.0,0.002589210505781127,trending,0.22573800230309427,0.45431654506067615,0.31994545263622964,4
1791194400000,85970.99,86117.14,-0.0054795131375705575,0.0,0.002522616185104923,trending,0.2349341476572455,0.45516414287281565,0.30990170946993884,4
1791198000000,86117.15,86216.0,-0.010974993040734904,0.0,0.0025183578663939585,trending,0.23757247134673623,0.44481976399498396,0.3176077646582799,4
1791201600000,86216.01,85904.01,-0.007031220079248834,0.0,0.0025325623361614207,trending,0.2245496381141576,0.45668734516214327,0.31876301672369917,4
1791205200000,85904.0,86432.01,-0.011601835940179939,0.0,0.0026734741175388605,trending,0.23985278879027286,0.44219755214802164,0.3179496590617056,4
1791208800000,86432.0,85645.26,4.5303149292852396e-05,1.0,0.0031433902401638843,ranging,0.22599267476890605,0.44318355972856044,0.3308237655025335,4
1791212400000,85645.25,85269.78,0.005326857885642466,2.0,0.0031829030227891087,ranging,0.2197485886577435,0.45620575760324805,0.32404565373900845,4
1791216000000,85269.79,85300.0,0.005673388042203964,2.0,0.0031347217607513907,ranging,0.21832489279703388,0.4623321238874613,0.3193429833155047,4
1791219600000,85300.0,85429.24,0.0060839824865583925,2.0,0.003021657757341644,ranging,0.2128743198684437,0.48017123134136447,0.3069544487901918,4
1791223200000,85429.24,85649.14,0.003255957969922285,2.0,0.002954419653039811,ranging,0.22565845841876442,0.471867775915765,0.30247376566547063,4
1791226800000,85649.15,85724.0,0.0005000933227568005,1.0,0.002861745279089583,ranging,0.22036453929157765,0.47783025981137955,0.3018052008970428,4
1791230400000,85724.0,85783.94,0.0013763648533746675,1.0,0.002763390443446624,ranging,0.22899336289377398,0.46695431248030667,0.3040523246259194,4
1791234000000,85783.95,85948.99,-0.0032585606881477824,0.0,0.0027083944624460015,ranging,0.23746696137101606,0.4557143635158894,0.30681867511309463,4
1791237600000,85948.99,85928.01,-0.004539614032723405,0.0,0.002605238128484151,ranging,0.2332981393520056,0.46389543168589553,0.30280642896209875,4
1791241200000,85928.01,85766.87,-0.0029218741455762087,0.0,0.0025906673882667396,ranging,0.22877401579334355,0.45516764495560974,0.31605833925104665,4
1791244800000,85766.87,85902.01,-0.0032362455779556543,0.0,0.0025021854472283248,ranging,0.23048959602567895,0.46275266890740463,0.3067577350669164,4
1791248400000,85902.01,85668.92,-0.00175758022862893,1.0,0.0025951400803278547,ranging,0.22521415593056898,0.46169332192601625,0.3130925221434148,4
1791252000000,85668.92,85537.93,-0.0026646658388856936,0.0,0.0025634417579389343,ranging,0.22734051556538987,0.45891048399851664,0.3137490004360936,4
1791255600000,85537.94,85516.27,0.0004528962734224873,1.0,0.0025196270683307607,ranging,0.2331525516780912,0.46035458984051364,0.3064928584813951,4
1791259200000,85516.27,85624.01,0.004705222285197763,2.0,0.0025,ranging,0.22698388705327785,0.46923792066793235,0.3037781922787897,4
1791262800000,85624.0,85518.35,0.005538694327006821,2.0,0.0025,ranging,0.2266227213965125,0.4667987113553033,0.3065785672481843,4
1791266400000,85518.36,85310.0,0.00993025436642836,2.0,0.0025,ranging,0.2317797369569786,0.4521884995632025,0.3160317634798188,4
1791270000000,85310.0,85555.0,0.008030039156098345,2.0,0.0025,ranging,0.22573119213285037,0.45489137357187115,0.3193774342952785,4
1791273600000,85555.01,86026.89,0.0021751338447779656,1.0,0.0025,ranging,0.24063655588647187,0.4566060694935969,0.30275737461993124,4
1791277200000,86026.89,85992.01,0.003860823813747416,2.0,0.0025658319904446896,ranging,0.2368059679706082,0.45818140540843805,0.3050126266209537,4
1791280800000,85992.0,86157.15,0.005089072700292574,2.0,0.0025315133470377835,ranging,0.23393283704971032,0.4691019960124691,0.2969651669378206,4
1791284400000,86157.15,86242.01,-0.00604531364702654,0.0,0.0025015498969375165,ranging,0.23080829868114522,0.4762882697154728,0.292903431603382,4
1791288000000,86242.01,86214.01,-0.007270164095139475,0.0,0.0025,ranging,0.22990962936557754,0.4765232102188427,0.29356716041557973,4
1791291600000,86214.0,86324.01,-0.007003729321656826,0.0,0.002541194696762543,ranging,0.22802454635908562,0.4738837518022222,0.298091701838692,4
1791295200000,86324.01,86595.61,-0.012570383186861211,0.0,0.0026870823667773528,ranging,0.22738581303916916,0.4699718540835455,0.30264233287728537,4
1791298800000,86595.6,85720.65,-0.0012441576212965932,1.0,0.003009754839642553,ranging,0.2281080221791433,0.4589311047179333,0.3129608731029234,4
1791302400000,85720.65,85587.22,0.00028263565518305,1.0,0.0029404889417673006,ranging,0.2317293911974006,0.45639476270721074,0.31187584609538876,4
1791306000000,85587.22,85719.42,-0.001276490204903391,1.0,0.0028599199920973603,ranging,0.23206601448907022,0.46776640754980864,0.30016757796112115,4
1791309600000,85719.43,85507.07,0.0003211430353067257,1.0,0.0028170393049678096,ranging,0.227807878124652,0.4701821345756579,0.30200998729969014,4
1791313200000,85507.07,85614.0,-0.0007483589132619706,1.0,0.002743683527689262,ranging,0.2275206800207011,0.47885869009603504,0.2936206298832637,4
1791316800000,85614.0,85611.41,-0.0008340009818785799,1.0,0.0025918410875495007,ranging,0.20689288401256478,0.5073687773231442,0.28573833866429105,4
1791320400000,85611.42,85610.0,-0.01423244948020097,0.0,0.0025,ranging,0.21188409685366213,0.501372423766973,0.2867434793793649,4
1791324000000,85609.99,85534.53,-0.019478916877195607,0.0,0.0025,ranging,0.20951221884047688,0.49907661261699476,0.2914111685425283,4
1791327600000,85534.53,85549.93,-0.016359335419678267,0.0,0.0025,ranging,0.222788402934861,0.46114646905451434,0.3160651280106247,4
1791331200000,85549.94,85540.01,-0.016798571802832396,0.0,0.0025,ranging,0.21338981169402324,0.4842648036329824,0.3023453846729944,4
1791334800000,85540.0,84391.56,-0.0006956856823122637,1.0,0.0027450336068690676,ranging,0.20671853588448877,0.4528762006353628,0.3404052634801485,4
1791338400000,84391.49,83868.41,0.004307462130258566,2.0,0.0030535179100973247,ranging,0.20652968092046453,0.4389189933121844,0.35455132576735116,4
1791342000000,83868.41,84150.39,-6.203179807007242e-05,1.0,0.003020193112714221,ranging,0.1991517388081871,0.48688575857704586,0.31396250261476705,4
1791345600000,84150.39,84103.06,-0.0017911357803152006,1.0,0.0028955660964678337,ranging,0.1963638529057485,0.5010153967176755,0.30262075037657604,4
1791349200000,84103.07,84332.85,-0.006270984557026238,0.0,0.00281328907578516,trending,0.19976658240800887,0.5090435685499684,0.2911898490420227,4
1791352800000,84332.84,84229.67,-0.005729691212134624,0.0,0.002735268694725445,trending,0.19319146793424088,0.4924214167224642,0.3143871153432949,4
1791356400000,84229.68,84145.17,-0.004813348169597886,0.0,0.0026473076518785626,trending,0.19884823673753488,0.480999281124355,0.32015248213811015,4
1791360000000,84145.16,83952.42,-0.005484654283938406,0.0,0.0025798371279189994,trending,0.19847045716342748,0.4635593537616905,0.33797018907488185,4
1791363600000,83952.41,83804.0,-0.007302634719106527,0.0,0.0025802420027943133,trending,0.20096870021078586,0.4485905264731082,0.35044077331610596,4
1791367200000,83804.0,83747.06,-0.008795652050352598,0.0,0.0026503751811264155,trending,0.20380448503389095,0.4551527060456999,0.34104280892040917,4
1791370800000,83747.06,83740.15,-0.0034142523031065464,0.0,0.0026134917540510424,trending,0.19340434961048333,0.4939972303271324,0.31259842006238436,4
1791374400000,83740.15,83491.97,-0.0012681459067261924,1.0,0.0026108879432220227,trending,0.19417039626721258,0.48975820580008667,0.3160713979327008,4
1791378000000,83491.97,83192.01,-0.0003969131170167284,1.0,0.0028271107077428555,trending,0.1972157228750109,0.4731431872568389,0.32964108986815016,4
1791381600000,83192.02,83010.45,0.0049580504623214505,2.0,0.0028308426310056337,trending,0.19809764692727688,0.47776477540939266,0.32413757766333046,4
1791385200000,83010.45,83454.24,-0.00023437994282871077,1.0,0.002945068004442144,trending,0.19838291060744548,0.485942704144205,0.31567438524834973,4
1791388800000,83454.25,83386.09,0.0005506913683084314,1.0,0.0029048467340017526,trending,0.196981705940165,0.4971084366202278,0.3059098574396072,4
1791392400000,83386.09,83158.99,2.645534776135605e-06,1.0,0.002997460944193245,trending,0.1964206951471308,0.4753888050245674,0.3281904998283019,4
1791396000000,83158.98,83422.02,-0.0023510579101297946,1.0,0.0029425938489675237,trending,0.20155534267646005,0.4915246980401304,0.30691995928340965,4
1791399600000,83422.02,83434.68,-0.0013527947850940913,1.0,0.002840766828413207,trending,0.19937101876759605,0.4819993089380547,0.31862967229434913,4
1791403200000,83434.67,83432.01,-0.0007451576439306828,1.0,0.0027797194443394415,trending,0.2048359462869333,0.48526525989907393,0.3098987938139929,4
1791406800000,83432.01,83159.21,-0.0007215075756491496,1.0,0.00276089043638203,trending,0.19723498175539292,0.46736300053963126,0.33540201770497585,4
1791410400000,83159.21,83225.89,-0.000695456666188865,1.0,0.0026535999783404447,trending,0.19540545922544422,0.47242707125502464,0.3321674695195312,4
1791414000000,83225.9,83321.81,-0.006778657352738748,0.0,0.002610466282749917,trending,0.21215601193794503,0.4701442390239596,0.3176997490380954,4
1791417600000,83321.81,83369.84,-0.008610188048819634,0.0,0.0025366625243913483,trending,0.21013930025957445,0.48895901447779594,0.30090168526262956,4
1791421200000,83369.84,83099.21,-0.004996437390921149,0.0,0.0025818561884407534,trending,0.21504030178994582,0.4614933787568204,0.32346631945323373,4
1791424800000,83099.21,83168.01,-0.0033983018230205886,0.0,0.0025939718929957863,trending,0.21177925324624028,0.4641930564930718,0.3240276902606879,4
1791428400000,83168.01,82757.0,0.002921203040226139,2.0,0.0027054778658111805,trending,0.21390637606595048,0.4473574118358704,0.3387362120981791,4
1791432000000,82757.0,82652.01,0.0025896526896322936,1.0,0.002882588278107358,trending,0.21531634909229333,0.44523082994720165,0.339452820960505,4
1791435600000,82652.0,82684.01,0.005266677317657953,2.0,0.0029159484035703787,trending,0.21714450584462647,0.4469912960926505,0.33586419806272294,4
1791439200000,82684.0,82885.38,-0.001826377583115435,1.0,0.002930359966019044,trending,0.2193294224860006,0.45434947469338877,0.32632110282061066,4
1791442800000,82885.38,82998.75,-0.005936715914396373,0.0,0.0030092139865820567,trending,0.21516139721856906,0.4786973202667242,0.3061412825147067,4
1791446400000,82998.75,82866.05,-0.0067102269264675,0.0,0.002937774699387706,trending,0.21265741516907974,0.47177983749002106,0.3155627473408992,4
1791450000000,82866.05,83119.48,-0.011278583552255195,0.0,0.0029000071486307223,trending,0.21418957199401978,0.4778250536439032,0.3079853743620769,4
1791453600000,83119.49,82734.0,-0.0003626078758430795,1.0,0.003004530975757151,trending,0.2108152952958633,0.4589976011135189,0.3301871035906179,4
1791457200000,82734.0,82506.01,-0.017792885633422184,0.0,0.00301371920380432,trending,0.21379692435497963,0.4551186489902496,0.3310844266547708,4
1791460800000,82506.0,82310.0,-0.01647624832948613,0.0,0.003075881517574266,trending,0.21196910303255403,0.44882323530439266,0.3392076616630532,4
1791464400000,82310.01,82182.01,-0.017443598665936588,0.0,0.0033082244609512804,trending,0.21228420242942925,0.4541595052449952,0.3335562923255756,4
1791468000000,82182.01,82704.0,-0.014412845811568986,0.0,0.0033862595733129617,trending,0.21821380443548674,0.46756902478600987,0.3142171707785034,4
1791471600000,82704.0,81037.99,0.009101040141790362,2.0,0.004155551658784249,high_volatility,0.19881024440953077,0.4667756010474828,0.3344141545429865,4
1791475200000,81037.99,80953.84,0.01062531437668679,2.0,0.004209840181760675,high_volatility,0.20230506357856795,0.4636623899508647,0.33403254647056724,4
1791478800000,80953.85,80748.46,0.01195713206171356,2.0,0.004256201003265241,high_volatility,0.20462913603199134,0.46367885533020137,0.33169200863780723,4
1791482400000,80748.46,81512.0,0.004719918539601409,2.0,0.004450469864238743,high_volatility,0.21225432432664895,0.4883174436459878,0.2994282320273633,4
1791486000000,81512.01,81775.52,-0.00025765657008369747,1.0,0.0043363528198552105,high_volatility,0.21358767137839488,0.5001155345560564,0.2862967940655487,4
1791489600000,81775.52,81814.0,-7.333708167300834e-05,1.0,0.004121812532707154,high_volatility,0.2047735959448031,0.5108232392554577,0.28440316479973926,4
1791493200000,81814.0,81713.98,0.0031820748420283707,1.0,0.003934890260919626,high_volatility,0.2033256844042815,0.5090327025752084,0.2876416130205101,4
1791496800000,81713.98,81896.73,0.002645648977682047,1.0,0.0037856736274353895,trending,0.20634200813793885,0.5087028995291002,0.2849550923329609,4
1791500400000,81896.72,81754.45,0.008235270373661674,2.0,0.00364901742975857,trending,0.21922721473317427,0.482068750990767,0.2987040342760587,4
1791504000000,81754.46,81808.0,0.005403016819870876,2.0,0.0034943092966233046,trending,0.21374639476266966,0.4924669271422699,0.29378667809506037,4
1791507600000,81808.0,81974.0,0.004615975797203964,2.0,0.0034433443306031404,trending,0.21147072299936825,0.4909944335614332,0.2975348434391985,4
1791511200000,81974.01,82113.4,0.005618449607494025,2.0,0.003424616972242221,trending,0.2165465121535698,0.49556780737822725,0.287885680468203,4
1791514800000,82113.41,82427.72,0.0028666327298632055,1.0,0.003372121714420731,trending,0.23454982708415859,0.4910402935489635,0.2744098793668779,4
1791518400000,82427.73,82250.01,0.005519634587278555,2.0,0.0033006856241185527,trending,0.22149220105488987,0.49853818433457797,0.2799696146105322,4
1791522000000,82250.0,82352.39,0.003711124838028379,2.0,0.0032653163979453705,trending,0.22121036676576827,0.5021086210315007,0.276681012202731,4
