open_ts,open,close,fwd_return,label,label_threshold,regime,p_down,p_flat,p_up,fold
1784430000000,64826.01,64706.18,7.526329015261624e-05,1.0,0.0025,trending,0.3317387469814997,0.3231600541372984,0.3451011988812019,0
1784433600000,64706.18,64720.17,-0.00019592037536364515,1.0,0.0025,trending,0.32558439000814926,0.3236885556309838,0.350727054360867,0
1784437200000,64720.17,64724.01,-0.0033066554436290696,0.0,0.0025,trending,0.3218755148638237,0.3243745853844141,0.3537498997517622,0
1784440800000,64724.0,64711.69,-0.001803229061086209,1.0,0.0025,trending,0.3170875037955051,0.33826488395773385,0.34464761224676105,0
1784444400000,64711.69,64711.05,-0.003761490502781295,0.0,0.0025,trending,0.3186498868142943,0.32419693632672125,0.35715317685898446,0
1784448000000,64711.04,64707.49,-0.004116061370947888,0.0,0.0025,trending,0.3052301453252581,0.3311791944409878,0.3635906602337541,0
1784451600000,64707.48,64509.99,-0.00041357935414343405,1.0,0.0025,trending,0.29116453077983045,0.3413582326396606,0.36747723658050896,0
1784455200000,64510.0,64595.0,-2.987847356605844e-05,1.0,0.0025,trending,0.2906384478417296,0.3459279224353938,0.3634336297228767,0
1784458800000,64595.0,64467.64,0.0018254119431082572,1.0,0.0025,trending,0.27586328986438874,0.33733615380604437,0.38680055632956695,0
1784462400000,64467.65,64441.15,0.0015140946429417212,1.0,0.0025,trending,0.2923315875420414,0.33906468411253454,0.36860372834542404,0
1784466000000,64441.16,64483.31,0.001001034221103092,1.0,0.0025,trending,0.2977166803992386,0.33814256895402883,0.3641407506467326,0
1784469600000,64483.32,64593.07,-0.002679544415523205,0.0,0.0025,trending,0.29753184755879875,0.3515498574469331,0.3509182949942681,0
1784473200000,64593.07,64585.32,-0.0019004318628443873,1.0,0.0025,trending,0.3049663524851234,0.3342685558720223,0.3607650916428543,0
1784476800000,64585.33,64538.72,-4.230018816619996e-05,1.0,0.0025,trending,0.2890694578186453,0.3426682549618184,0.3682622872195363,0
1784480400000,64538.72,64547.86,-0.002046698372339506,1.0,0.0025,trending,0.2867145086652117,0.3412458564257204,0.37203963490906783,0
1784484000000,64547.86,64419.99,0.003953431225307558,2.0,0.0025,ranging,0.3065585173899043,0.3221858547165147,0.371255627893581,0
1784487600000,64420.0,64462.58,0.004032727203906461,2.0,0.0025,low_liquidity,0.283665762977941,0.33277828654745717,0.38355595047460195,0
1784491200000,64462.58,64535.99,0.00027658985319667373,1.0,0.0025,low_liquidity,0.2805209113916517,0.34570151638293806,0.37377757222541025,0
1784494800000,64536.0,64415.75,0.0032951568521673025,2.0,0.0025,ranging,0.3052447056413997,0.32271180507254765,0.37204348928605263,0
1784498400000,64415.75,64674.67,0.002358419455406491,1.0,0.0025,ranging,0.33367730631766923,0.307787056016964,0.3585356376653668,0
1784502000000,64674.66,64722.54,0.0022752506313874488,1.0,0.0025,ranging,0.33026587373299127,0.33408590637196456,0.3356482198950442,0
1784505600000,64722.55,64553.84,-0.00021423977256807003,1.0,0.0025,trending,0.3226401886313907,0.3105658723003582,0.366793939068251,0
1784509200000,64553.85,64628.01,-0.007736738296599266,0.0,0.0025,trending,0.3155700098733434,0.30489822149243395,0.37953176863422267,0
1784512800000,64628.01,64827.2,-0.014025285682552902,0.0,0.0025003245531755045,trending,0.32535840848087105,0.3083787582003042,0.36626283331882475,0
1784516400000,64827.19,64869.8,-0.00909190409096372,0.0,0.0025,trending,0.3226554625627556,0.329239935409472,0.3481046020277724,0
1784520000000,64869.79,64540.01,-0.007592499598311209,0.0,0.0025516634785405327,trending,0.3198959370568521,0.3147369135361794,0.3653671494069686,0
1784523600000,64540.0,64128.0,0.0011149575848303783,1.0,0.0027049439329837337,trending,0.3482904887701723,0.30066944507373305,0.3510400661560947,0
1784527200000,64128.01,63917.98,0.005995183201972232,2.0,0.0028245086000918116,trending,0.3652567159225281,0.2808671896508521,0.3538760944266197,0
1784530800000,63917.99,64280.01,0.011232107773474276,2.0,0.002887984587984055,trending,0.356861305098303,0.28269611312133286,0.3604425817803641,0
1784534400000,64280.01,64049.99,0.009211711040079784,2.0,0.003531745635090199,high_volatility,0.33072389698311566,0.2746867469336173,0.3945893560832671,0
1784538000000,64050.0,64199.5,0.0022509521102189733,1.0,0.0034475430315221854,trending,0.36764571719134836,0.2961891583860236,0.3361651244226279,0
1784541600000,64199.51,64301.18,0.0017858148170841748,1.0,0.00336513376257382,trending,0.3508673384383948,0.29964782683742924,0.34948483472417596,0
1784545200000,64301.18,65002.01,0.009180331500518113,2.0,0.0036150189084124063,high_volatility,0.35749670147009444,0.314407205758995,0.3280960927709107,0
1784548800000,65002.0,64640.0,0.013435952970296983,2.0,0.003642757069983825,high_volatility,0.3376254062820126,0.32385405018409097,0.3385205435338964,0
1784552400000,64640.0,64344.01,0.019333112748179504,2.0,0.0037682313519036264,high_volatility,0.3193873118312513,0.324745603736726,0.3558670844320227,0
1784556000000,64344.01,64416.01,0.012791850969968488,2.0,0.003826229918018835,high_volatility,0.3241427654036382,0.3059852814235648,0.3698719531727971,0
1784559600000,64416.01,65598.75,-0.006962785114045578,0.0,0.004317706446495014,high_volatility,0.3300373351489456,0.3271555586007782,0.3428071062502762,0
1784563200000,65598.75,65508.5,-0.002151171222055104,1.0,0.004212201355376119,high_volatility,0.3395247952053807,0.3313780275597379,0.3290971772348814,0
1784566800000,65508.5,65587.98,-0.00460389235954517,0.0,0.004105252323838843,high_volatility,0.3441644417262564,0.35587481860746173,0.29996073966628184,0
1784570400000,65587.99,65240.01,-0.0015024522528430673,1.0,0.004223216589068188,high_volatility,0.3298921539952851,0.3305421437368867,0.3395657022678283,0
1784574000000,65240.01,65142.0,0.001742500997820251,1.0,0.004081098657590525,high_volatility,0.32309210847994313,0.31825886718794777,0.3586490243321091,0
1784577600000,65142.0,65367.58,0.0030661988710609656,1.0,0.00402308439420134,high_volatility,0.3205191816165964,0.3377648149826472,0.34171600340075636,0
1784581200000,65367.57,65286.02,-0.000773059837312684,1.0,0.0038539215405000047,high_volatility,0.2985868982203619,0.3543365699843781,0.34707653179526005,0
1784584800000,65286.02,65141.99,0.00417580119980987,2.0,0.00371376608459424,high_volatility,0.2979304242384399,0.34229849690982594,0.35977107885173415,0
1784588400000,65142.0,65255.51,0.004770018654363328,2.0,0.003537097557940978,ranging,0.29984235987690244,0.3219684263642289,0.3781892137588687,0
1784592000000,65255.51,65568.01,-0.0007015616304352212,1.0,0.003553939496041167,ranging,0.3318608273608124,0.3291931121048991,0.3389460605342885,0
1784595600000,65568.0,65235.55,0.007909950939326782,2.0,0.003596855248190909,high_volatility,0.3023938302939313,0.32056421546348657,0.37704195424258213,0
1784599200000,65235.56,65414.01,0.007628182403127459,2.0,0.0035429684110915424,ranging,0.32258698086897575,0.3245508676274468,0.35286215150357747,0
1784602800000,65414.01,65566.78,0.009457228187810918,2.0,0.0034007846917369087,ranging,0.33148094319167615,0.3219440937878379,0.3465749630204859,0
1784606400000,65566.77,65522.01,0.010751043809553495,2.0,0.003337215041214244,ranging,0.3457244912556614,0.31524094469624103,0.33903456404809756,0
1784610000000,65522.0,65751.56,0.008219272668207545,2.0,0.0033798301677814327,ranging,0.36174613273176925,0.30978760864587607,0.3284662586223546,0
1784613600000,65751.56,65913.0,0.004050794228755983,2.0,0.003362883518390025,ranging,0.3632192598418967,0.3177550669677244,0.3190256731903789,0
1784617200000,65913.0,66186.86,0.002398210158330416,1.0,0.0033555804165869415,trending,0.36892988876107824,0.33036595322407225,0.30070415801484957,0
1784620800000,66186.86,66226.44,0.005018841417415931,2.0,0.003259515282791197,trending,0.34336975481331977,0.35260184274031287,0.3040284024463673,0
1784624400000,66226.43,66291.99,0.007452031535031489,2.0,0.0031568769932656,trending,0.34942511990410174,0.3454549390314828,0.3051199410644155,0
1784628000000,66292.0,66180.0,0.0100075551526142,2.0,0.0030944216583498546,trending,0.33533305747004866,0.3369475449864168,0.3277193975435345,0
1784631600000,66180.0,66345.59,0.004988274277159865,2.0,0.002996821782023395,trending,0.3743351675965791,0.32340626402266054,0.3022585683807603,0
1784635200000,66345.59,66558.82,-0.0002525585639892025,1.0,0.0030212791163960777,trending,0.368921114134533,0.33663847682782877,0.29444040903763824,0
1784638800000,66558.81,66786.0,-0.008655257089809298,0.0,0.0031138006333807735,trending,0.3620199093222377,0.33865016232494294,0.29932992835281935,0
1784642400000,66786.0,66842.3,-0.00781466227224381,0.0,0.003086353742115592,trending,0.3489901232784991,0.34741805479304594,0.3035918219284549,0
1784646000000,66842.29,66676.54,-0.0034761851769752328,0.0,0.0030817808478021216,trending,0.35019826662136505,0.337057086871025,0.31274464650760986,0
1784649600000,66676.53,66542.01,-0.0020354059037288597,1.0,0.0030617395919255185,trending,0.3493528157487137,0.32916105238363613,0.3214861318676502,0
1784653200000,66542.01,66207.95,0.002674150158704647,1.0,0.0031907281581991117,trending,0.3050542087664808,0.3348253486759637,0.36012044255755543,0
1784656800000,66207.96,66319.95,-0.0002401992160728783,1.0,0.0031253733009462916,trending,0.31529568733980595,0.3597386119374923,0.3249657007227018,0
1784660400000,66319.96,66444.76,0.001676580666406302,1.0,0.003050630557786663,trending,0.315888209628636,0.3358858970147002,0.34822589335666376,0
1784664000000,66444.76,66406.57,0.0032285962066704865,2.0,0.0029225802274753516,trending,0.30043667962661713,0.3603103651463042,0.33925295522707855,0
1784667600000,66406.58,66385.0,0.0007275740001506659,1.0,0.0027910531315528996,trending,0.29286782060030603,0.35319852420028425,0.3539336551994097,0
1784671200000,66385.0,66304.02,0.00015232862200509345,1.0,0.002714016443600913,trending,0.29981286133920626,0.35360994967250803,0.34657718898828577,0
1784674800000,66304.02,66556.16,-0.005201021212762336,0.0,0.0027343423822603,trending,0.3451360555163588,0.33566924555003236,0.3191946989336089,0
1784678400000,66556.15,66620.97,-0.0036012684894860536,0.0,0.0026744531447836,trending,0.33964173813486453,0.33844402970719517,0.3219142321579403,0
1784682000000,66620.97,66433.3,-0.00690015398903876,0.0,0.002735025329837209,trending,0.28689436073948016,0.354276489241822,0.3588291500186979,0
1784685600000,66433.29,66314.12,-0.005727136241874153,0.0,0.002695627004562056,trending,0.2840842575144447,0.32641974129932233,0.38949600118623295,0
1784689200000,66314.12,66210.0,-0.005535719679806705,0.0,0.0026334150263501374,trending,0.2746382517002461,0.3279586575544638,0.39740309074529007,0
1784692800000,66209.99,66381.05,-0.005921720129464569,0.0,0.0025849237262208693,trending,0.28571186008192256,0.32213399796742526,0.3921541419506521,0
1784696400000,66381.05,65974.9,-0.0007108764090585362,1.0,0.0026986381666295007,ranging,0.29190061430093767,0.33970093607188134,0.36839844962718105,0
1784700000000,65974.9,65934.33,0.0016939582156973998,1.0,0.002634813177352087,ranging,0.3002053471490573,0.31843740888169264,0.38135724396925014,0
1784703600000,65934.34,65843.48,0.0025800580406747375,1.0,0.002624362611595223,ranging,0.3151194892836981,0.28929289752063314,0.39558761319566865,0
1784707200000,65843.48,65987.96,-0.005333548726161763,0.0,0.002640117089629614,ranging,0.31951923539827903,0.2938374372751104,0.38664332732661055,0
1784710800000,65987.97,65928.0,0.0003547809731827556,1.0,0.0026049058190919755,ranging,0.31665689078172615,0.2972313726042911,0.3861117366139828,0
1784714400000,65928.01,66046.02,-0.003816126997508884,0.0,0.0025562122126946427,ranging,0.3128453235767849,0.32079353134949984,0.3663611450737153,0
1784718000000,66046.01,66013.36,0.0005155017105629156,1.0,0.0025,ranging,0.3118123473601321,0.32763412811824033,0.36055352452162753,0
1784721600000,66013.36,65636.01,0.009034674715906688,2.0,0.0026292269689022303,ranging,0.31592809536936867,0.31236382925225903,0.37170807537837236,0
1784725200000,65636.01,65951.39,0.0011014172711143466,1.0,0.0027043809724326307,ranging,0.3345346137865015,0.29279224833972445,0.372673137873774,0
1784728800000,65951.38,65793.98,0.0015423903524305338,1.0,0.0029191097670977603,ranging,0.33600397527873666,0.28681095130023626,0.3771850734210272,0
1784732400000,65793.98,66047.39,-0.0018804679488469977,1.0,0.0029149957382819617,ranging,0.3379125586733147,0.30411397480928526,0.35797346651740014,0
1784736000000,66047.38,66229.01,-0.00467061186631057,0.0,0.003005051481723798,ranging,0.33721252966783766,0.3034962456023344,0.3592912247298279,0
1784739600000,66229.01,66024.03,0.000733672270535557,1.0,0.0030141131951035745,low_liquidity,0.3069983828558095,0.3249861001363463,0.36801551700784424,0
1784743200000,66024.02,65895.46,0.0022567563835200755,1.0,0.003031802949940802,ranging,0.330898629438452,0.31141066927833505,0.35769070128321295,0
1784746800000,65895.46,65923.19,0.002901862000306732,1.0,0.00298739948091124,low_liquidity,0.3057300322029872,0.3349779749532644,0.3592919928437484,0
1784750400000,65923.19,65919.68,0.0021011934523955667,1.0,0.002900425559687805,ranging,0.31257354527238884,0.3276295166182386,0.3597969381093727,0
1784754000000,65919.67,66072.47,-0.003669758372889631,0.0,0.0028435666623327503,ranging,0.33588251218232584,0.3234779888413253,0.3406394989763489,0
1784757600000,66072.48,66044.17,-0.003616216238314429,0.0,0.0027382357993681146,low_liquidity,0.32060385886413717,0.32990223950782116,0.3494939016280416,0
1784761200000,66044.17,66114.49,-0.006836020364068496,0.0,0.002730482745306339,ranging,0.37108529822532743,0.3011000710638671,0.32781463071080547,0
1784764800000,66114.5,66058.19,-0.00668668033441433,0.0,0.002705357378392411,ranging,0.367243807702692,0.2946139989902022,0.3381421933071058,0
1784768400000,66058.2,65830.0,-0.002111347409995523,1.0,0.002818345036302078,ranging,0.36198370814274117,0.2855124296945651,0.35250386216269375,0
1784772000000,65830.0,65805.34,-0.00023311178089802098,1.0,0.0027417699998825086,ranging,0.3523539441981344,0.2929010473323759,0.3547450084694898,0
1784775600000,65805.35,65662.53,-0.0033565566236939404,0.0,0.002702165572503711,ranging,0.34075776715172584,0.2836297189232604,0.37561251392501377,0
1784779200000,65662.53,65616.48,0.00025176601975607227,1.0,0.0026081485317662823,ranging,0.3401792163426398,0.2920750257848754,0.3677457578724848,0
1784782800000,65616.49,65691.01,-0.0007929547741768461,1.0,0.00256772886713084,low_liquidity,0.3363409394848975,0.29804644100284444,0.3656126195122581,0
1784786400000,65691.01,65790.0,-0.0007599939200486627,1.0,0.0025083915650921215,low_liquidity,0.3496197755316661,0.3104820184753242,0.3398982059930097,0
1784790000000,65790.0,65442.13,0.0017279388675155438,1.0,0.002629084062379498,ranging,0.3281499779113841,0.3035187719783212,0.3683312501102946,0
1784793600000,65442.12,65633.0,-0.007099477397041087,0.0,0.0025949829167874797,ranging,0.3275349084886858,0.2938910470029808,0.37857404450833343,0
1784797200000,65632.99,65638.92,-0.011562042763653024,0.0,0.0025072240231728284,ranging,0.30678867234991924,0.3147398471064938,0.3784714805435871,0
1784800800000,65638.92,65740.0,-0.012625646486157605,0.0,0.0025,ranging,0.3234559323428211,0.3261800842602669,0.350363983396912,0
1784804400000,65740.0,65555.21,-0.009104539517149068,0.0,0.0025,low_liquidity,0.3036295244978185,0.31371408205692136,0.38265639344526003,0
1784808000000,65555.21,65167.04,-0.006294593094914314,0.0,0.0026537899860356318,ranging,0.3244251121840528,0.30895597934157526,0.36661890847437195,0
1784811600000,65167.05,64880.0,-0.003063039457460004,0.0,0.002711398291604923,ranging,0.32343300769197,0.3172851393208471,0.35928185298718296,0
1784815200000,64880.0,64909.99,-0.0006296411384441036,1.0,0.0027767768160530085,ranging,0.34470111052534425,0.28949222874373026,0.36580666073092555,0
1784818800000,64910.0,64958.36,-0.0017152526633984477,1.0,0.002771594448800986,ranging,0.307831639274508,0.3198539667761444,0.3723143939493475,0
1784822400000,64958.37,64756.84,0.0060327217943310085,2.0,0.002751441270506063,trending,0.280996051831415,0.34769496768244745,0.3713089804861375,0
1784826000000,64756.84,64681.27,0.007553036605496555,2.0,0.0027235421890473214,trending,0.282718410964018,0.3617895192339976,0.35549206980198444,0
1784829600000,64681.26,64869.12,0.005030282513467155,2.0,0.002698772741967753,trending,0.30307203437138197,0.3412996928463105,0.35562827278230746,0
1784833200000,64869.13,64846.94,0.0038865365119773454,2.0,0.0026708884105387893,trending,0.30669325672486725,0.3330805086702024,0.3602262346049303,0
1784836800000,64846.93,65147.5,-0.002663340880310061,1.0,0.002720894044354029,trending,0.3262847807866011,0.3411610509923009,0.332554168221098,0
1784840400000,65147.5,65169.81,-0.0012860249247311772,1.0,0.0026548037479856776,trending,0.31978990051180156,0.3391260086864294,0.3410840908017691,0
1784844000000,65169.82,65195.43,-0.0012031518160092736,1.0,0.0026049149741736786,trending,0.31626654165255846,0.33436116736501903,0.34937229098242245,0
1784847600000,65195.43,65098.97,0.005495171428979484,2.0,0.002543186138748205,trending,0.3460230934156406,0.31183557036583004,0.34214133621852927,0
1784851200000,65098.98,64973.99,0.005294580185086328,2.0,0.0025980422275351015,trending,0.3464959583190634,0.29887818160201696,0.3546258600789198,0
1784854800000,64974.0,65086.0,0.0036720646529206924,2.0,0.002555569560986083,trending,0.35385568725671207,0.302011189961024,0.344133122782264,0
1784858400000,65086.0,65116.99,0.005451879762869982,2.0,0.0025444153951684548,trending,0.34844512077136974,0.30614609425428846,0.3454087849743418,0
1784862000000,65116.99,65456.7,0.0006607421394602131,1.0,0.002603368479751165,trending,0.360177484198359,0.31730597540007144,0.32251654040156963,0
1784865600000,65456.7,65318.0,-0.00024219969992955726,1.0,0.002552198283114766,trending,0.33330088436240474,0.3359697171784597,0.3307293984591356,0
1784869200000,65318.01,65325.0,-0.003243321852277159,0.0,0.0025,ranging,0.34285277548787824,0.33724572788587653,0.3199014966262452,0
1784872800000,65325.01,65472.0,-0.00797287390029322,0.0,0.0025,ranging,0.35569971696922686,0.30412990108488414,0.340170381945889,0
1784876400000,65472.0,65499.95,-0.006359088823731929,0.0,0.002586309982549787,ranging,0.34481990603837753,0.30961632784502147,0.34556376611660095,0
1784880000000,65499.94,65302.18,-0.00799621084625346,0.0,0.0025440359057797082,ranging,0.3168884393373128,0.32004148179143505,0.36307007887125214,0
1784883600000,65302.18,65113.13,-0.014707786279050006,0.0,0.0026076287514558644,ranging,0.32716971532512923,0.3085032616430802,0.3643270230317905,0
1784887200000,65113.13,64950.0,-0.013777983063895216,0.0,0.0025931654113149497,ranging,0.32904367908664606,0.29726580347503906,0.37369051743831494,0
1784890800000,64950.01,65083.43,-0.015204791757287506,0.0,0.0025629183243764163,ranging,0.3403303681428452,0.305386534750747,0.3542830971064077,0
1784894400000,65083.42,64780.01,-0.012689253984369597,0.0,0.0026344543409119853,ranging,0.3307046149224165,0.30073630081025676,0.36855908426732664,0
1784898000000,64780.0,64155.46,0.0003825083632789106,1.0,0.003059280558655806,ranging,0.35491619066547314,0.2988389724731703,0.34624483686135654,0
1784901600000,64155.47,64055.12,0.0033858339505101753,2.0,0.003152010966297535,ranging,0.341320789663098,0.31695323513260104,0.3417259752043009,0
1784905200000,64055.11,64093.85,0.0020512108416017583,1.0,0.003242933970974439,ranging,0.3211220890442458,0.32417635475742596,0.3547015561983282,0
1784908800000,64093.86,63958.0,0.0033182713655837137,2.0,0.0032311400846113526,trending,0.2784615074212028,0.37745070294245026,0.34408778963634695,0
1784912400000,63958.01,64180.0,-0.00038952944842629567,1.0,0.003188559350832979,trending,0.2850958013095016,0.3843466896071386,0.33055750908335974,0
1784916000000,64180.0,64272.0,-0.0016024085138162114,1.0,0.0030634897764567405,trending,0.29914705855589674,0.37727955969599275,0.32357338174811046,0
1784919600000,64272.01,64225.32,-0.001328603734477296,1.0,0.0029476714544775,trending,0.32197635079370845,0.34651767226815533,0.33150597693813616,0
1784923200000,64225.32,64170.23,-0.00150568261949513,1.0,0.0028457508939702548,low_liquidity,0.3355933212018677,0.32020572151029086,0.34420095728784145,0
1784926800000,64170.24,64155.0,-0.0013559348452965025,1.0,0.0027342556109134133,trending,0.33730982431844514,0.30915775852455063,0.3535324171570043,0
1784930400000,64155.0,64169.01,-0.0018234658755059696,1.0,0.00260145177926669,trending,0.3347223161808117,0.317372577722482,0.3479051060967063,0
1784934000000,64169.01,64139.99,-0.0008517307221281856,1.0,0.0025,trending,0.3206936261058764,0.33162294528274944,0.3476834286113742,0
1784937600000,64140.0,64073.61,0.0016832202836705168,1.0,0.0025,trending,0.3168647006006048,0.32533111343444127,0.357804185964954,0
1784941200000,64073.61,64068.01,-0.0006869262834915402,1.0,0.0025,trending,0.3215846244257676,0.32343860646045636,0.354976769113776,0
1784944800000,64068.0,64052.0,-0.0006557172297507741,1.0,0.0025,trending,0.3235418796298311,0.320030708565915,0.3564274118042539,0
1784948400000,64052.01,64085.36,-0.001282040079044644,1.0,0.0025,trending,0.33839457501464415,0.30940706375848964,0.35219836122686626,0
1784952000000,64085.36,64181.46,-0.004758383495794605,0.0,0.0025,low_liquidity,0.33710382064176087,0.3150705840882346,0.3478255952700045,0
1784955600000,64181.45,64024.0,-0.00037501561914288217,1.0,0.0025,trending,0.31703009182095293,0.3052386132745125,0.37773129490453455,0
1784959200000,64024.0,64010.0,0.0009373535385095444,1.0,0.0025,trending,0.32825830017561275,0.30053289748995443,0.3712088023344328,0
1784962800000,64010.0,64003.2,0.0009501087445629164,1.0,0.0025,trending,0.31729935939074877,0.29314058430165035,0.3895600563076009,0
1784966400000,64003.2,63876.06,0.0038784483576477236,2.0,0.0025,trending,0.3235379697888789,0.2751964360694036,0.40126559414171753,0
1784970000000,63876.07,63999.99,0.0026876566699463034,2.0,0.0025,trending,0.329065802381546,0.2790902705501716,0.3918439270682825,0
1784973600000,64000.0,64070.0,0.0022481660683626448,1.0,0.0025,low_liquidity,0.3062832441130889,0.30523474714371834,0.3884820087431927,0
1784977200000,64069.99,64064.01,0.0018417517105158154,1.0,0.0025,trending,0.29917661786520355,0.33098160723712944,0.369841774897667,0
1784980800000,64064.01,64123.8,0.001291252233959872,1.0,0.0025,low_liquidity,0.2912047619334381,0.3189342614388523,0.3898609766277096,0
1784984400000,64123.8,64172.0,0.0014866296827276138,1.0,0.0025,trending,0.2835799000939507,0.32928146437392364,0.38713863553212574,0
1784988000000,64172.01,64214.04,0.003144950854984341,2.0,0.0025,trending,0.2910135986603204,0.36050765788671046,0.3484787434529691,0
1784991600000,64214.05,64182.0,0.0032155432987441834,2.0,0.0025,low_liquidity,0.29139218645009407,0.32160649665190516,0.3870013168980008,0
1784995200000,64182.01,64206.6,0.0020737743471854753,1.0,0.0025,low_liquidity,0.28576133080862376,0.32278181724906563,0.3914568519423105,0
1784998800000,64206.61,64267.4,0.001192206312998323,1.0,0.0025,trending,0.2923749905522162,0.33644305190200235,0.37118195754578137,0
1785002400000,64267.41,64415.99,-6.19411422536631e-05,1.0,0.0025,trending,0.2909265598974669,0.3579501366568683,0.3511233034456647,0
1785006000000,64415.99,64388.38,-0.00020780146976828728,1.0,0.0025,ranging,0.28833331668948425,0.3654644100462848,0.3462022732642309,0
1785009600000,64388.39,64339.75,0.0025993262330052946,2.0,0.0025,ranging,0.3011079291329149,0.34642083439702104,0.3524712364700641,0
1785013200000,64339.75,64344.02,0.0018335814268366502,1.0,0.0025,ranging,0.27878375189658905,0.347054759118547,0.37416148898486395,0
1785016800000,64344.02,64412.0,0.0017940756380798728,1.0,0.0025,ranging,0.2899816425892794,0.3613700338413412,0.3486483235693795,0
1785020400000,64412.01,64375.0,0.0028271844660194834,2.0,0.0025,ranging,0.2667888098160174,0.39264080588548866,0.34057038429849396,0
1785024000000,64375.01,64506.99,0.00035763566087942955,1.0,0.0025,ranging,0.26302843833796086,0.40577060003678317,0.3312009616252559,0
1785027600000,64506.99,64462.0,-0.00068738171325744,1.0,0.0025,ranging,0.25568596077777733,0.4010594153503003,0.34325462387192246,0
1785031200000,64462.0,64527.56,-0.0013879340858385936,1.0,0.0025,low_liquidity,0.25004655889446026,0.4113490945096646,0.33860434659587524,0
1785034800000,64527.57,64557.0,-0.0028966649627460983,0.0,0.0025,ranging,0.2765264849662391,0.3819141677860472,0.34155934724771364,0
1785038400000,64557.0,64530.06,-0.0007756075230674897,1.0,0.0025,ranging,0.2627977164224631,0.38852179597319064,0.34868048760434633,0
1785042000000,64530.06,64417.69,0.0018676546768441327,1.0,0.0025,low_liquidity,0.2594995741824776,0.3665894263439851,0.3739109994735372,0
1785045600000,64417.68,64438.0,0.0012011545982184568,1.0,0.0025,ranging,0.2739565136024031,0.3404074751188158,0.38563601127878105,0
1785049200000,64438.01,64370.0,0.0021337579617835,1.0,0.0025,ranging,0.2605454056286859,0.36731982425171894,0.3721347701195951,0
1785052800000,64370.0,64480.01,-0.0002068858239941962,1.0,0.0025,ranging,0.26875905556031254,0.3664225178603211,0.36481842657936636,0
1785056400000,64480.02,64538.0,-0.00030989494561339814,1.0,0.0025,ranging,0.2741082402188229,0.37539493282661873,0.35049682695455836,0
1785060000000,64538.01,64515.4,0.0030626796082795504,2.0,0.0025,ranging,0.272994279495273,0.38238721294764627,0.3446185075570808,0
1785063600000,64515.39,64507.35,0.004040624828023587,2.0,0.0025,ranging,0.2957382440158297,0.3341456489462838,0.3701161070378865,0
1785067200000,64507.36,64466.67,0.004149431016058358,2.0,0.0025,ranging,0.30087651766948925,0.333265531623292,0.3658579507072188,0
1785070800000,64466.68,64518.0,0.002777519451935939,2.0,0.0025,ranging,0.2937885959033258,0.3436977636907045,0.3625136404059698,0
1785074400000,64517.99,64712.99,0.00033053641934954747,1.0,0.0025,ranging,0.29858100352942646,0.3313447433038823,0.3700742531666913,0
1785078000000,64713.0,64768.0,-0.0011190711462450986,1.0,0.0025,ranging,0.2959255004385397,0.3578877889763065,0.34618671058515366,0
1785081600000,64768.0,64734.17,-0.0013150705415702069,1.0,0.0025,ranging,0.31601166115678464,0.33742213895303774,0.3465661998901776,0
1785085200000,64734.17,64697.2,0.002485733540245949,1.0,0.0025,ranging,0.29794509431052607,0.33752460640921456,0.3645302992802594,0
1785088800000,64697.21,64734.38,0.010478203390532181,2.0,0.0025,low_liquidity,0.2890066908680134,0.3443218887443329,0.3666714203876537,0
1785092400000,64734.39,64695.52,0.010889007461413192,2.0,0.0025,ranging,0.2754950013493291,0.3399967535813758,0.38450824506929515,0
1785096000000,64695.52,64649.04,0.0074697164876693645,2.0,0.0025,low_liquidity,0.2610043120228621,0.34978754787810284,0.3892081400990351,0
1785099600000,64649.04,64858.02,0.005368495677173124,2.0,0.0025,trending,0.2980836093485097,0.3199747265677142,0.381941664083776,0
1785103200000,64858.03,65412.68,-0.0036794089463999535,0.0,0.0025,trending,0.3192794236780718,0.314949574756383,0.3657710015655452,0
1785106800000,65412.69,65399.99,-0.0017735476717962717,1.0,0.0025,trending,0.35328669153541836,0.3363920901623481,0.3103212183022335,0
1785110400000,65400.0,65131.95,0.0023160676135138836,1.0,0.0025,trending,0.35686399005493535,0.3294559389275314,0.31368007101753315,0
1785114000000,65131.96,65206.21,0.0040206293234954504,2.0,0.0025,trending,0.35689790175203534,0.3172989654142645,0.3258031328337003,0
1785117600000,65206.21,65172.0,0.0037556005646597335,2.0,0.0025,trending,0.34822770413418186,0.3196006771126771,0.33217161875314105,0
1785121200000,65172.02,65284.0,-0.0009498498866491456,1.0,0.0025,trending,0.3534475224387505,0.32322010241308563,0.3233323751481638,0
1785124800000,65284.0,65282.8,-0.0018353992169453104,1.0,0.0025,trending,0.3435126409932273,0.32750715158160915,0.32898020742516354,0
1785128400000,65282.81,65468.38,-0.003149764817763967,0.0,0.0025,trending,0.3589888036801801,0.3260784047536829,0.31493279156613707,0
1785132000000,65468.38,65416.76,-0.001275055505653322,1.0,0.0025,trending,0.35196712039540345,0.31792435458918017,0.3301085250154163,0
1785135600000,65416.77,65221.99,-0.0018582689672608232,1.0,0.0025,trending,0.3395405518126689,0.32491329343175546,0.3355461547555757,0
1785139200000,65221.99,65162.98,-0.0011813456045135506,1.0,0.0025,trending,0.3298805124432485,0.32236447278046965,0.34775501477628173,0
1785142800000,65162.98,65262.17,-0.0006864620039449543,1.0,0.0025,trending,0.3494197134278908,0.32067361422916185,0.3299066723429473,0
1785146400000,65262.18,65333.35,-0.009886221967800535,0.0,0.0025,trending,0.3429286673521407,0.3378844131520066,0.31918691949585265,0
1785150000000,65333.35,65100.79,-0.008398976417951287,0.0,0.0025,trending,0.3291205831365016,0.3293728931237817,0.3415065237397166,0
1785153600000,65100.79,65086.0,-0.002880496573763991,0.0,0.0025,trending,0.3370363885089134,0.31938048512746364,0.343583126363623,0
1785157200000,65086.0,65217.37,-0.0030292543228898072,0.0,0.0025004070560367742,trending,0.33926979837589727,0.30826112173103204,0.3524690798930707,0
1785160800000,65217.38,64687.45,0.002945702759963531,1.0,0.002984855461159881,trending,0.32305102580048956,0.31317141827986594,0.36377755591964456,0
1785164400000,64687.45,64554.01,0.006660933999297569,2.0,0.0030150488927390153,trending,0.31676578978247844,0.30268576872322134,0.3805484414943001,0
1785168000000,64554.0,64898.52,0.0009573407837344394,1.0,0.0030840736901250093,trending,0.33306068061760025,0.3047055476910356,0.3622337716913642,0
1785171600000,64898.53,65019.81,-0.003053838514754159,0.0,0.00305330201318718,trending,0.3510117227186342,0.3110110937369084,0.33797718354445744,0
1785175200000,65019.81,64878.0,-0.01673911033015818,0.0,0.003041330891399048,ranging,0.33710386290272454,0.30602449075927013,0.3568716463380052,0
1785178800000,64878.0,64984.0,-0.01889911362796992,0.0,0.002995639643646827,ranging,0.35067112969602193,0.3094128934818148,0.3399159768221633,0
1785182400000,64983.99,64960.65,-0.02267172511358806,0.0,0.002880300179345594,ranging,0.32272446796673643,0.334590005109982,0.3426855269232815,0
1785186000000,64960.64,64821.25,-0.02453547254951116,0.0,0.002792957814198148,ranging,0.32654801434788744,0.32831647549501486,0.34513551015709765,0
1785189600000,64821.26,63792.0,-0.009506050915475295,0.0,0.0033267888688199754,ranging,0.3344297734492983,0.3025293111031588,0.36304091544754286,0
1785193200000,63792.01,63755.86,-0.006462621631956655,0.0,0.003315906627201383,ranging,0.32508618323882316,0.31744981770999453,0.3574639990511824,0
1785196800000,63755.86,63487.88,-0.0021567896108675155,1.0,0.0033338469181159384,trending,0.2864255660713426,0.3573249244386109,0.3562495094900465,0
1785200400000,63487.88,63230.83,0.003491651145493435,2.0,0.003427199482531237,high_volatility,0.30577774529037466,0.3471090679973223,0.347113186712303,0
1785204000000,63230.82,63185.59,0.007201642019960541,2.0,0.003318935628618882,trending,0.30394370828272765,0.378318559315343,0.31773773240192926,0
1785207600000,63185.59,63343.83,0.00255999676685148,1.0,0.003214479020137245,trending,0.30178615002381187,0.38332284885284984,0.3148910011233381,0
1785211200000,63343.82,63350.95,0.0012175034470676138,1.0,0.0030796475412780714,trending,0.3112948646126244,0.3832040509834333,0.3055010844039422,0
1785214800000,63350.95,63451.61,-0.000908093585016978,1.0,0.003058042145667825,trending,0.32033977852580414,0.3716212819799923,0.3080389394942035,0
1785218400000,63451.62,63640.63,-0.0026266239036287775,1.0,0.0030100313372091038,trending,0.33426813937988387,0.36664414688783004,0.29908771373228615,0
1785222000000,63640.63,63505.99,-0.0008816491168786023,1.0,0.0029447860835720104,trending,0.35294982991732776,0.33041447694137493,0.31663569314129725,0
1785225600000,63506.0,63428.08,0.0018693613301867806,1.0,0.002832567241603204,trending,0.3395667941629661,0.34525887506256864,0.3151743307744653,0
1785229200000,63428.07,63393.99,-0.004574408394234175,0.0,0.002775328342724194,trending,0.3432812364907168,0.33525536192876365,0.32146340158051956,0
1785232800000,63393.99,63473.47,-0.0009613465279274536,1.0,0.0027502117742711626,trending,0.3571873664139879,0.3200695288477604,0.32274310473825163,0
1785236400000,63473.48,63450.0,0.0075408983451537015,2.0,0.002717495552315678,trending,0.3622897362181115,0.3077093693540163,0.33000089442787206,0
1785240000000,63449.99,63546.65,0.007814888747085913,2.0,0.0026578339426093014,trending,0.3682917991340315,0.3182595403935702,0.31344866047239833,0
1785243600000,63546.65,63104.0,0.009220968559837672,2.0,0.003059543161197019,trending,0.34873784438186056,0.29298362825038504,0.3582785273677545,0
1785247200000,63104.0,63412.45,0.005078497992113462,2.0,0.0032222991264494803,trending,0.36010036883819385,0.2955865993516471,0.3443130318101591,0
1785250800000,63412.45,63928.47,-0.0003827715570230428,1.0,0.003475697658797715,high_volatility,0.3509854813337717,0.34419017891504244,0.30482433975118584,0
1785254400000,63928.46,64043.26,-0.001962891957717372,1.0,0.003440039074061322,high_volatility,0.34730159922620646,0.36374714287926424,0.2889512578945293,0
1785258000000,64043.27,63685.88,0.004499584523288469,2.0,0.0035751467299832604,high_volatility,0.315686501707693,0.35624523961045185,0.3280682586818552,0
1785261600000,63685.88,63734.49,0.0007722663192253343,1.0,0.0034361533663947994,high_volatility,0.3216898558169789,0.35101294415176343,0.32729720003125773,0
1785265200000,63734.49,63904.0,0.00017213319979969555,1.0,0.0033352051188349752,trending,0.3308741294656296,0.341859908024342,0.3272659625100283,0
1785268800000,63904.0,63917.55,0.0005701094613292934,1.0,0.0031891110644912215,trending,0.32547665334674813,0.36506375007119024,0.30945959658206174,0
1785272400000,63917.55,63972.44,-0.004179612345566408,0.0,0.0030802350835567663,trending,0.31544183484717925,0.3732112620790239,0.3113469030737968,0
1785276000000,63972.44,63783.71,0.003076804406642486,2.0,0.003038198493553441,trending,0.31220528668783315,0.3508788185793738,0.3369158947327931,0
1785279600000,63783.72,63915.0,-0.0025341469138699946,1.0,0.003079847600337776,trending,0.3070079991335763,0.34772367321629566,0.345268327650128,0
1785283200000,63915.0,63953.99,0.00022438005822622564,1.0,0.003076883834638281,trending,0.30447699015709195,0.35513774692109656,0.34038526292181154,0
1785286800000,63954.0,63705.06,0.005686518464938395,2.0,0.0030761483062850645,trending,0.2879633193669698,0.3617315613454439,0.3503051192875864,0
1785290400000,63705.07,63979.96,0.007121917550433121,2.0,0.0031619418257465173,ranging,0.3006075422791046,0.3630324978304836,0.33635995989041184,0
1785294000000,63979.96,63753.03,0.01267343685468747,2.0,0.003142833087907081,ranging,0.3015488036544691,0.3496328292790524,0.3488183670664785,0
1785297600000,63753.04,63968.34,0.0070186282776760756,2.0,0.003158369010355441,ranging,0.3214833784977604,0.3385515060978003,0.33996511540443936,0
1785301200000,63968.34,64067.32,0.009844020321124747,2.0,0.003064790838202293,ranging,0.3141237010939121,0.33901304074152877,0.3468632581645591,0
1785304800000,64067.32,64435.62,0.0005309175266723365,1.0,0.0031251616061939804,ranging,0.3176569489541956,0.3557882892076171,0.32655476183818727,0
1785308400000,64435.63,64561.0,-0.0008280540883814913,1.0,0.0030113540837778717,ranging,0.3334128339909208,0.3719752962572876,0.29461186975179154,0
1785312000000,64561.01,64417.31,-0.0021810907658205148,1.0,0.003004860475985393,ranging,0.33632448552469923,0.3572020178655004,0.3064734966098004,0
1785315600000,64417.31,64698.0,-0.0005146990633404513,1.0,0.0030151819378915214,ranging,0.3260177260556608,0.3679863668274835,0.30599590711685576,0
1785319200000,64698.01,64469.83,-0.005612237538085596,0.0,0.0030143082134367295,ranging,0.324856021991325,0.36361786934856094,0.31152610866011415,0
1785322800000,64469.84,64507.54,-0.008425836731644099,0.0,0.0029097962758000383,ranging,0.30618885123649253,0.3803587812932409,0.31345236747026645,0
1785326400000,64507.53,64276.81,-0.007288476201603555,0.0,0.002906086298007995,ranging,0.31449746577435667,0.3468832540989383,0.338619280126705,0
1785330000000,64276.82,64664.7,-0.006106422824199265,0.0,0.0030319273759967327,ranging,0.3166798921476686,0.3633869399302857,0.3199331679220457,0
1785333600000,64664.69,64108.01,0.006138234520147945,2.0,0.003288488960693065,high_volatility,0.30948057127853223,0.3541640380501307,0.336355390671337,0
1785337200000,64108.01,63964.01,-0.005855636630661576,0.0,0.003267507419184418,high_volatility,0.3058872632737559,0.3564650665900104,0.3376476701362337,0
1785340800000,63964.01,63808.33,-0.004487188428219269,0.0,0.003392375487277087,high_volatility,0.30115860336066846,0.3669571056877553,0.3318842909515762,0
1785344400000,63808.33,64269.83,-0.006376708947261944,0.0,0.003512551900867607,high_volatility,0.3054631272440922,0.3600039676270052,0.33453290512890255,0
1785348000000,64269.83,64501.52,-0.008666772503965747,0.0,0.003841812538409055,high_volatility,0.3238826325562391,0.3467070980891576,0.3294102693546033,0
1785351600000,64501.52,63589.46,0.006208890592874994,2.0,0.004352513459746037,high_volatility,0.2645842767138217,0.34332689789932014,0.39208882538685813,0
1785355200000,63589.46,63522.01,0.0027503852601642453,1.0,0.004294416721659346,high_volatility,0.2821554501504119,0.3589888160632618,0.3588557337863263,0
1785358800000,63522.01,63860.0,0.006357657375508863,2.0,0.004364307822006129,high_volatility,0.2778661513846894,0.3417166378751229,0.38041721074018775,0
1785362400000,63860.0,63942.5,0.0038705086601242833,1.0,0.004229280846824492,high_volatility,0.2912166316819463,0.36024042202066864,0.3485429462973851,0
1785366000000,63942.5,63984.28,0.0027772446607199353,1.0,0.004037233026081873,high_volatility,0.31380516641469053,0.39051897139165137,0.2956758621936581,0
1785369600000,63984.29,63696.72,0.005137941168713134,2.0,0.004116792859258809,high_volatility,0.3011181377868659,0.3731924017039761,0.3256894605091579,0
1785373200000,63696.73,64266.0,-0.003611707590327695,1.0,0.004242346126928593,high_volatility,0.3169678664095267,0.3677037602845826,0.31532837330589064,0
1785376800000,64266.01,64189.99,-0.002928649778571324,1.0,0.0041123234440575895,high_volatility,0.3062444033759643,0.3904872203316478,0.3032683762923879,0
1785380400000,64190.0,64161.98,-0.002119323624364511,1.0,0.0039317476640045495,high_volatility,0.3175402412679938,0.3949830624132652,0.28747669631874107,0
1785384000000,64161.98,64023.99,0.004436149637034648,2.0,0.0037735780143592452,high_volatility,0.3097283292834896,0.3711376045365361,0.3191340661799744,0
1785387600000,64024.0,64033.89,0.008334180540960467,2.0,0.0036869804118259335,high_volatility,0.3019542081440644,0.3854237547329756,0.3126220371229601,0
1785391200000,64033.9,64002.0,0.008885972313365187,2.0,0.003507560115977644,high_volatility,0.3076192572678118,0.3817041279245555,0.31067661480763276,0
1785394800000,64001.99,64026.0,0.011901415050135977,2.0,0.0033901888217916084,high_volatility,0.30078059890985226,0.3987426684562972,0.30047673263385055,0
1785398400000,64026.0,64308.01,0.009594294707611084,2.0,0.0033864399335461395,ranging,0.3144154927024958,0.3834442034738231,0.30214030382368107,0
1785402000000,64308.01,64567.56,0.007038364156861432,2.0,0.003369250275482763,ranging,0.3118343007782417,0.39463727778890234,0.2935284214328559,0
1785405600000,64567.55,64570.72,0.001753890927652657,1.0,0.003174890482342734,ranging,0.2900339860267064,0.42475426035377134,0.2852117536195223,0
1785409200000,64570.72,64788.0,-0.0008905970241401828,1.0,0.003164755528755576,ranging,0.32658511902503573,0.4012214336285137,0.2721934473464506,0
1785412800000,64788.01,64925.0,-0.0016479014247208212,1.0,0.003101447115420224,ranging,0.3357614920285726,0.38708787082048585,0.27715063715094157,0
1785416400000,64925.0,65022.01,-0.002307064946162063,1.0,0.003196990967907368,ranging,0.33027077726424553,0.38796012625685977,0.28176909647889464,0
1785420000000,65022.0,64683.97,0.0002911076731995088,1.0,0.0032637498052977237,ranging,0.3183839058757017,0.37798533024760456,0.3036307638766937,0
1785423600000,64683.97,64730.3,0.0010767754822702535,1.0,0.003214297111480791,ranging,0.31958262337343496,0.38963416448411153,0.29078321214245356,0
1785427200000,64730.29,64818.01,-0.0006269862342271892,1.0,0.0031354374370627493,ranging,0.3267376172108061,0.3841963574387927,0.28906602535040105,0
1785430800000,64818.01,64872.0,-0.0021036810950795237,1.0,0.003051753119273118,ranging,0.3171742161049545,0.3993892649203793,0.28343651897466615,0
1785434400000,64871.99,64702.8,0.002292945591226392,1.0,0.0029814709592997477,low_liquidity,0.2968289860041758,0.38655587685608667,0.3166151371397375,0
1785438000000,64702.8,64800.0,-0.0003083333333333549,1.0,0.0028974313816247095,ranging,0.3276973173691462,0.36833437024814686,0.30396831238270694,0
1785441600000,64800.0,64777.37,-0.0008098507241032227,1.0,0.0028130681571144076,ranging,0.32100079314926466,0.3597601483345949,0.31923905851614043,0
1785445200000,64777.38,64735.53,-0.0026495496368068583,1.0,0.0026814431834441712,low_liquidity,0.30264423203144497,0.3644314951942863,0.3329242727742687,0
1785448800000,64735.53,64851.16,-0.008532923697895378,0.0,0.0027236305337889895,trending,0.3159438640278533,0.3649660164205037,0.31909011955164307,0
1785452400000,64851.16,64780.02,-0.006329420707187117,0.0,0.0027610340722111298,trending,0.3103013864997803,0.3552556899574777,0.33444292354274213,0
1785456000000,64780.03,64724.91,-0.006564860422362928,0.0,0.0027058846337310372,trending,0.30958080537810123,0.35507752424299016,0.3353416703789087,0
1785459600000,64724.92,64564.01,-0.0031124151055673677,1.0,0.0031356122530317634,trending,0.3025015369983805,0.3416930955741745,0.35580536742744506,0
1785463200000,64564.0,64297.79,-0.0010236743751224076,1.0,0.003197257314299658,trending,0.31340896924908496,0.34092793831205664,0.3456630924388584,0
1785466800000,64297.79,64370.0,-0.006524623271710439,0.0,0.0031438575332568895,trending,0.3154851715277688,0.3661820778216329,0.3183327506505982,0
1785470400000,64370.0,64300.0,-0.0072471228615862415,0.0,0.0030571111113138166,trending,0.30556258068066366,0.36017144196196926,0.334265977357367,0
1785474000000,64299.99,64363.06,-0.010054835801778128,0.0,0.0029379820150023266,trending,0.30805713414052677,0.3729244812620906,0.3190183845973827,0
1785477600000,64363.06,64231.97,-0.004877633365441003,0.0,0.002934234935874614,trending,0.3044258208454174,0.349545768689966,0.34602841046461663,0
1785481200000,64231.97,63950.01,-0.002259577441817484,1.0,0.0029829191972008976,trending,0.3122738518704986,0.3498317975999943,0.337894350529507,0
1785484800000,63950.01,63834.01,-0.001253250422462937,1.0,0.0029109698087860596,trending,0.3114302287792051,0.36731459884047574,0.3212551723803191,0
1785488400000,63834.01,63715.9,-0.006986796074449186,0.0,0.0028485997849031115,trending,0.31170604664025986,0.3743122577684516,0.3139816955912885,0
1785492000000,63715.91,63918.67,-0.019346616567585073,0.0,0.002865892242945834,ranging,0.34022896284410115,0.35578252209325584,0.30398851506264296,0
1785495600000,63918.68,63805.51,-0.017066551148952502,0.0,0.0028136623611809738,ranging,0.3284315991635733,0.35948289976111275,0.312085501075314,0
1785499200000,63805.5,63754.01,-0.013852148280555254,0.0,0.002751232101768334,ranging,0.3185389645856274,0.37360844064682014,0.30785259476755256,0
1785502800000,63754.01,63270.73,-0.0003997108931729221,1.0,0.002985712605937299,ranging,0.32446121422970325,0.3397248301972611,0.33581395557303567,0
1785506400000,63270.72,62682.06,0.0066288504238694035,2.0,0.0033755463797571867,ranging,0.3151862838721294,0.3655417783363917,0.3192719377914789,0
1785510000000,62682.05,62716.57,0.004072767372322872,2.0,0.003323446839844486,ranging,0.2977421169202842,0.38986627774351723,0.31239160533619853,0
1785513600000,62716.57,62870.88,0.001317303018503857,1.0,0.0032303456395086604,trending,0.2923266541681912,0.4075980149369723,0.30007533089483646,0
1785517200000,62870.87,63245.44,-0.004706426265672303,0.0,0.003321796514139358,ranging,0.33634930414124525,0.37945474282252384,0.28419595303623085,0
1785520800000,63245.44,63097.57,-0.002338758846022082,1.0,0.0033199719414751853,ranging,0.312163283271554,0.396248441794138,0.2915882749343079,0
1785524400000,63097.57,62972.0,-0.001335831798259579,1.0,0.003239868632860027,ranging,0.32746583369357357,0.3725302974240198,0.30000386888240654,0
1785528000000,62972.0,62953.7,-0.00024923078389349484,1.0,0.0030812475768813336,ranging,0.3591965753017121,0.34584696748299126,0.2949564572152966,0
1785531600000,62953.7,62947.78,0.00043258078362740093,1.0,0.003008808210948014,ranging,0.3518374328681651,0.3490447462044107,0.2991178209274242,0
1785535200000,62947.77,62950.0,0.0019868149324862028,1.0,0.002895909866361441,ranging,0.35273945251651445,0.3564212510245384,0.29083929645894707,0
1785538800000,62950.01,62887.88,0.0018540933483528477,1.0,0.0027959008035262616,low_liquidity,0.36661367904158837,0.33803330120008185,0.2953530197583297,0
1785542400000,62887.88,62938.01,0.002812291014603119,2.0,0.002686849630649972,ranging,0.39465521380779506,0.3184379179550373,0.28690686823716766,0
1785546000000,62938.01,62975.01,0.0007144103669058932,1.0,0.0025387424040906686,ranging,0.394553171655511,0.3182361968147908,0.28721063152969806,0
1785549600000,62975.0,63075.07,8.830747235011316e-05,1.0,0.0025,ranging,0.39711454430445453,0.32389895081778763,0.27898650487775783,0
1785553200000,63075.08,63004.48,0.0007297893737079342,1.0,0.0025,ranging,0.3801312790784631,0.31904245652795493,0.30082626439358195,0
1785556800000,63004.47,63115.01,0.00017808758962400972,1.0,0.0025,low_liquidity,0.3794416022571276,0.328398687347862,0.29215971039501054,0
1785560400000,63115.0,63020.0,0.000526340844176465,1.0,0.0025,ranging,0.38610770045516857,0.3113440752383545,0.302548224306477,0
1785564000000,63020.0,63080.64,-0.00039061112886618066,1.0,0.0025,ranging,0.3779386329184067,0.32406696458804635,0.2979944024935469,0
1785567600000,63080.65,63050.46,0.0004050723817081714,1.0,0.0025,low_liquidity,0.34770357154967096,0.32725202854460883,0.32504439990572015,0
1785571200000,63050.45,63126.25,-0.0003575374745053983,1.0,0.0025,low_liquidity,0.3641455818459804,0.32064462560356627,0.31520979255045334,0
1785574800000,63126.25,63053.17,0.0002561330381962712,1.0,0.0025,ranging,0.36429115360458403,0.3086414473691198,0.3270673990262961,0
1785578400000,63053.17,63056.0,0.001118370971834537,1.0,0.0025,ranging,0.3365254269111502,0.3221637728492072,0.3413108002396426,0
1785582000000,63055.99,63076.0,-0.0010929672141544167,1.0,0.0025,ranging,0.33993264251818145,0.3199853958954104,0.3400819615864082,0
1785585600000,63076.0,63103.68,-0.002715531011820538,0.0,0.0025,ranging,0.347631667382114,0.3256476402205624,0.3267206923973237,0
1785589200000,63103.68,63069.32,-0.005727824558755312,0.0,0.0025,ranging,0.3487030970133821,0.32550613592881306,0.32579076705780485,0
1785592800000,63069.31,63126.52,-0.00864866303417322,0.0,0.0025,ranging,0.35932378521497493,0.3243558182706958,0.31632039651432936,0
1785596400000,63126.53,63007.06,-0.007574389282724803,0.0,0.0025,ranging,0.36610183195636786,0.3160275764251897,0.3178705916184426,0
1785600000000,63007.06,62932.32,-0.004293342435174874,0.0,0.0025,ranging,0.36376199745861904,0.3080248686971842,0.3282131338441968,0
1785603600000,62932.32,62708.07,0.0016693226246637938,1.0,0.0025,ranging,0.35965445771801613,0.3102297697384209,0.330115772543563,0
1785607200000,62708.06,62580.56,0.004006355967412167,2.0,0.0025,ranging,0.3751014502189825,0.30577832497591284,0.31912022480510466,0
1785610800000,62580.55,62529.82,0.004698878071294654,2.0,0.0025,ranging,0.35123244566084666,0.33923589990433617,0.3095316544348171,0
1785614400000,62529.81,62662.13,0.002742645358528417,2.0,0.0025,ranging,0.36665101726903954,0.31274335884736354,0.3206056238835969,0
1785618000000,62662.14,62812.75,0.002692446995235853,2.0,0.0025,ranging,0.37867720962226925,0.3172374553148347,0.3040853350628961,0
1785621600000,62812.76,62831.28,0.00987247116404455,2.0,0.0025,low_liquidity,0.3465001241433342,0.343971558901644,0.3095283169550218,0
1785625200000,62831.29,62823.64,0.010160347283283855,2.0,0.0025,ranging,0.33829525414924466,0.3188858461252124,0.34281889972554286,0
1785628800000,62823.65,62833.99,0.012031863645775243,2.0,0.0025,ranging,0.32600142160149204,0.3195910017518616,0.3544075766466463,0
1785632400000,62834.0,62981.87,0.00748469361103421,2.0,0.0025,ranging,0.3376289155388011,0.337235301196425,0.32513578326477394,0
1785636000000,62981.87,63451.58,0.00048714310975395136,1.0,0.0025,ranging,0.33589780292083987,0.32849929220579693,0.33560290487336314,0
1785639600000,63451.58,63461.95,0.0006978985045369424,1.0,0.0025,ranging,0.3545389739298659,0.3499482253194503,0.29551280075068376,0
1785643200000,63461.95,63590.0,-0.006227551501808537,0.0,0.0025,ranging,0.34974550076082206,0.3609777132952614,0.2892767859439165,0
1785646800000,63590.0,63453.27,-0.0028261742854228666,0.0,0.0025,ranging,0.342971885420114,0.3514055996594539,0.30562251492043196,0
1785650400000,63453.27,63482.49,-0.004370654018139519,0.0,0.0025,ranging,0.3245311119619959,0.3822587202844603,0.29321016775354375,0
1785654000000,63482.49,63506.24,-0.007467770096292847,0.0,0.0025,ranging,0.3143857758490397,0.379709621072313,0.30590460307864736,0
1785657600000,63506.23,63193.99,-0.001083963838966362,1.0,0.0025,ranging,0.32461998285756605,0.32517649252269526,0.3502035246197387,0
1785661200000,63194.0,63273.94,-0.002323547419364136,1.0,0.0025,ranging,0.321729748849412,0.3317451549597815,0.34652509619080646,0
1785664800000,63273.94,63205.03,-0.0021463481624800496,1.0,0.0025,ranging,0.3064087964592352,0.35511711974313276,0.33847408379763205,0
1785668400000,63205.03,63031.99,0.001223981663913909,1.0,0.0025,ranging,0.31942836422373255,0.33266987338104026,0.34790176239522724,0
1785672000000,63031.99,63125.49,0.0008692209755520874,1.0,0.0025,ranging,0.3175560422425138,0.34232260810650117,0.34012134965098495,0
1785675600000,63125.49,63126.92,0.0027462135013081035,2.0,0.0025,ranging,0.31046055739465633,0.34664509796667364,0.34289434463866997,0
1785679200000,63126.92,63069.37,0.004957081385147832,2.0,0.0025,ranging,0.30937881428182323,0.35693984306723536,0.3336813426509414,0
1785682800000,63069.37,63109.14,0.005496351241674358,2.0,0.0025,ranging,0.29600504332134314,0.36173246431051176,0.34226249236814515,0
1785686400000,63109.13,63180.36,0.0049724313061842995,2.0,0.0025,ranging,0.3018688574374185,0.3642530736996477,0.3338780688629338,0
1785690000000,63180.36,63300.28,0.00438734236246674,2.0,0.0025,ranging,0.3202332019188178,0.36197916325116164,0.3177876348300204,0
1785693600000,63300.0,63382.01,0.0006716416850776064,1.0,0.0025,ranging,0.3241162669619712,0.3490525259327845,0.3268312071052443,0
1785697200000,63382.01,63456.01,0.0017963625510017955,1.0,0.0025,ranging,0.31730068359110913,0.37839136364494713,0.3043079527639438,0
1785700800000,63456.0,63494.52,-0.0027863821948728162,0.0,0.0025,low_liquidity,0.3090048784865233,0.3872441026481631,0.3037510188653136,0
1785704400000,63494.51,63578.0,-0.005754191701531908,0.0,0.0025,ranging,0.36379629934231134,0.32674350552672377,0.30946019513096495,0
1785708000000,63578.01,63424.58,-0.004464830512082241,0.0,0.0025,ranging,0.3305882979155666,0.327722716977423,0.34168898510701035,0
1785711600000,63424.58,63570.0,-0.0110037753657386,0.0,0.0025,ranging,0.33622545409179605,0.3506702930265236,0.31310425288168037,0
1785715200000,63570.01,63317.6,-0.008332596308135432,0.0,0.0025,ranging,0.33322641796270736,0.3232105711841233,0.3435630108531693,0
1785718800000,63317.61,63212.16,-0.00609044209215448,0.0,0.0025,ranging,0.32804721228265527,0.3296886289947658,0.342264158722579,0
1785722400000,63212.16,63141.4,-0.008200641734266267,0.0,0.0025,ranging,0.31786294210816973,0.35850106817196026,0.32363598971987007,0
1785726000000,63141.39,62870.49,-0.003966725883637889,0.0,0.0025,ranging,0.32727571265965383,0.3314855200594794,0.3412387672808667,0
1785729600000,62870.48,62790.0,-0.00395763656633219,0.0,0.0025,ranging,0.3301178776645689,0.32598730641655976,0.34389481591887133,0
1785733200000,62790.0,62827.17,0.00016282764288133578,1.0,0.0025,ranging,0.3426239612946359,0.30744824988671493,0.3499277888186493,0
1785736800000,62827.17,62623.6,0.0018908207129582077,1.0,0.0025,ranging,0.34044964029198094,0.3077648453414452,0.3517855143665738,0
1785740400000,62623.6,62621.1,-0.0009755497747563346,1.0,0.0025,ranging,0.3516272066726608,0.3096599155348358,0.33871287779250353,0
1785744000000,62621.1,62541.5,0.002534317213370274,2.0,0.0025,ranging,0.34870002369579284,0.30585651639795375,0.3454434599062534,0
1785747600000,62541.5,62837.4,0.008174908573556516,2.0,0.0025,ranging,0.35766791445304763,0.3105396362893047,0.3317924492576476,0
1785751200000,62837.4,62742.01,0.019527267296664652,2.0,0.0025,ranging,0.33760651007176906,0.3123991840667955,0.3499943058614355,0
1785754800000,62742.01,62560.01,0.018140981754958263,2.0,0.0025,ranging,0.3508676531561875,0.32562820571733503,0.32350414112647746,0
1785758400000,62560.01,62700.0,0.0171684210526315,2.0,0.0025,ranging,0.3679176002951604,0.3097039900859485,0.32237840961889114,0
1785762000000,62700.01,63351.09,0.008759281016317289,2.0,0.0027454702170029753,ranging,0.3907118201761252,0.2969662705982411,0.31232190922563363,0
1785765600000,63351.09,63967.19,-0.001505771943397849,1.0,0.003098794978807299,ranging,0.38543322930509,0.31596912678974703,0.298597643905163,0
1785769200000,63967.19,63694.91,0.002739151370179993,1.0,0.0031206482067016976,ranging,0.37497613585697875,0.3355833294506743,0.2894405346923469,0
1785772800000,63694.9,63776.46,-1.615015947886711e-05,1.0,0.0030795019786721105,ranging,0.35856778825389884,0.35188164413053635,0.2895505676155647,0
1785776400000,63776.46,63906.0,-0.004942415422651947,0.0,0.003085241886425971,ranging,0.355210360498825,0.3387655188635655,0.3060241206376095,0
1785780000000,63905.99,63870.87,-0.003959081816170662,0.0,0.003022114422786828,trending,0.32637714589828204,0.3761874178316941,0.29743543627002383,0
1785783600000,63870.87,63869.38,-0.005470226891195695,0.0,0.002963331463704576,trending,0.3604708027751556,0.33901395877431745,0.30051523845052713,0
1785787200000,63869.38,63775.43,-0.006482747352703155,0.0,0.0029261984067453007,trending,0.3299805221380386,0.3422111223184096,0.3278083555435519,0
1785790800000,63775.43,63590.15,0.0040537724789138085,2.0,0.0028895336570224158,trending,0.3290832489409255,0.3399570307747017,0.33095972028437276,0
1785794400000,63590.15,63618.0,0.0032135559118489088,2.0,0.0028759722347688555,ranging,0.35099827204114187,0.33703926575292736,0.3119624622059307,0
1785798000000,63618.01,63520.0,0.004408217884130927,2.0,0.002779865533026521,ranging,0.34927908993070467,0.3374094401408677,0.3133114699284276,0
1785801600000,63520.0,63361.99,0.010526973663548267,2.0,0.0027656844230068,ranging,0.3603051298579975,0.32701034310081667,0.31268452704118593,0
1785805200000,63362.0,63847.93,-0.0004612522285373233,1.0,0.0029285103054334,ranging,0.3637660924661662,0.3369259024998897,0.29930800503394406,0
1785808800000,63847.92,63822.44,-0.002388501599124071,1.0,0.0029121722847824513,ranging,0.3655761261594163,0.3344135644357824,0.30001030940480133,0
1785812400000,63822.45,63800.01,-0.0017910655499897565,1.0,0.0028468482236215075,ranging,0.3859219703183234,0.32861651166964057,0.28546151801203606,0
1785816000000,63800.01,64029.0,-0.006872823251963922,0.0,0.0029565423332306414,ranging,0.3903137154672234,0.3253715035193233,0.2843147810134533,0
1785819600000,64029.01,63818.48,-0.003365012767461706,0.0,0.0029342372277787157,ranging,0.38180370225791543,0.3123674017829699,0.3058288959591146,0
1785823200000,63818.47,63670.0,0.001476362494110317,1.0,0.0028693613025547646,ranging,0.3767665207243658,0.30627074723558373,0.3169627320400505,0
1785826800000,63670.0,63685.74,0.003772587081503742,2.0,0.0028365949109056027,ranging,0.3665395333790468,0.3114780632130597,0.32198240340789347,0
1785830400000,63685.73,63588.94,0.004992534865339904,2.0,0.002761482463725327,ranging,0.342015273373665,0.3298616594175658,0.32812306720876927,0
1785834000000,63589.04,63603.73,0.0012610895618856421,1.0,0.002626686308962727,ranging,0.3461022439480419,0.33576086558954193,0.31813689046241617,0
1785837600000,63603.73,63764.0,0.005719841917069202,2.0,0.002695197030421893,ranging,0.3649699614105266,0.31976603459166,0.31526400399781346,0
1785841200000,63763.99,63926.0,0.003115164408847626,2.0,0.002655900198021016,ranging,0.39506752177114296,0.327106615471733,0.27782586275712395,0
1785844800000,63926.0,63906.41,0.0006966437326083597,1.0,0.0026510083694074654,ranging,0.3884655969023441,0.3315336955342301,0.28000070756342577,0
1785848400000,63906.41,63683.94,0.004524688642065788,2.0,0.0027675261399097337,ranging,0.36053125539209696,0.3271593250595681,0.31230941954833485,1
1785852000000,63683.95,64128.72,0.0027642840836368254,1.0,0.0029384055251373024,ranging,0.36389775586403555,0.32662682887850425,0.30947541525746014,1
1785855600000,64128.73,64125.14,0.001687637641025086,1.0,0.003011852413203062,ranging,0.367340417984021,0.3361224519544156,0.2965371300615634,1
1785859200000,64125.14,63950.93,0.006099520366631195,2.0,0.0029603377705015323,ranging,0.3689423702118365,0.33111632514104494,0.29994130464711843,1
1785862800000,63950.94,63972.09,0.003468856496637862,2.0,0.0029435968493560396,ranging,0.3671765767060033,0.3199711790741561,0.31285224421984054,1
1785866400000,63972.09,64305.99,-0.0005501820281438308,1.0,0.0030085694898710842,ranging,0.36591892524579067,0.33582605205513166,0.29825502269907767,1
1785870000000,64305.99,64233.36,-0.001974052112484914,1.0,0.0029433765457359757,trending,0.362371566299981,0.34229247327176293,0.2953359604282561,1
1785873600000,64233.35,64341.0,-0.005486392813291663,0.0,0.0030072033036162237,ranging,0.36774030922790696,0.3387629414938367,0.2934967492782564,1
1785877200000,64341.0,64194.0,0.002178396734897392,1.0,0.0029099360430365423,low_liquidity,0.340560824377328,0.3504025530596576,0.3090366225630145,1
1785880800000,64193.99,64270.61,0.0015193569813636287,1.0,0.002801493389221143,low_liquidity,0.3447576196935671,0.35332949959887194,0.30191288070756084,1
1785884400000,64270.62,64106.56,0.0011966014086546295,1.0,0.0029208487928656097,trending,0.35190344122239525,0.32617718178011307,0.3219193769974916,1
1785888000000,64106.55,63988.0,0.002948990435706733,2.0,0.002861115018306966,ranging,0.36303480628767276,0.32300939611127916,0.3139557976010481,1
1785891600000,63988.0,64333.84,-4.6165439525958085e-05,1.0,0.0029062702584879796,trending,0.358722280536225,0.3318041328694343,0.3094735865943407,1
1785895200000,64333.85,64368.26,-0.0017816234274470322,1.0,0.002818021352540409,trending,0.34807553661988644,0.3465972137665659,0.3053272496135477,1
1785898800000,64368.27,64183.27,-0.00030038980562996365,1.0,0.002891368403074893,trending,0.3577544763624773,0.33347059074710134,0.3087749328904213,1
1785902400000,64183.27,64176.7,-0.0008708768135475831,1.0,0.002771924151257744,low_liquidity,0.3468054466458663,0.3310234195965533,0.3221711337575804,1
1785906000000,64176.69,64330.87,-0.002733058017091894,1.0,0.002809331419641587,trending,0.36014963418067075,0.3277724576728374,0.3120779081464917,1
1785909600000,64330.86,64253.58,-0.002978044180573236,0.0,0.0027078308282260247,trending,0.3611760861438557,0.3274296493352512,0.31139426452089314,1
1785913200000,64253.59,64163.99,-0.0013825511786283995,1.0,0.002702347667195676,ranging,0.37126192291995913,0.31450215612578736,0.31423592095425346,1
1785916800000,64164.0,64120.81,0.003300332606528178,2.0,0.002632658028123639,ranging,0.3557287876066024,0.3255238459126668,0.3187473664807308,1
1785920400000,64120.81,64155.05,0.003942635848619869,2.0,0.0025153727991926024,low_liquidity,0.34545248678441637,0.3305066641923875,0.3240408490231961,1
1785924000000,64155.06,64062.23,0.006464963832823134,2.0,0.0025,ranging,0.36909552636896187,0.3170184438471191,0.3138860297839191,1
1785927600000,64062.23,64075.28,0.004880665367361647,2.0,0.0025,ranging,0.35884498425431943,0.31954655608485305,0.32160845966082763,1
1785931200000,64075.28,64332.43,0.005122766231588027,2.0,0.0025557406024198687,ranging,0.3627403891344026,0.3250086753824383,0.3122509354831592,1
1785934800000,64332.43,64407.99,0.005620575956492457,2.0,0.0027243969534162965,ranging,0.35431965644928015,0.33607814918179546,0.30960219436892433,1
1785938400000,64407.99,64476.39,0.005005087908922956,2.0,0.002711898674971982,ranging,0.3619111923389377,0.32943067815117316,0.3086581295098892,1
1785942000000,64476.4,64388.01,0.007024133841067481,2.0,0.0027602750839388745,ranging,0.3795458323277911,0.31724544046158226,0.3032087272106267,1
1785945600000,64388.01,64661.99,0.00248832428448309,1.0,0.002799465404854085,ranging,0.37602094084113363,0.325966066879472,0.2980129922793944,1
1785949200000,64661.99,64770.0,-0.00056924502084299,1.0,0.002768721246809889,ranging,0.37867873826020687,0.3291613938223456,0.2921598679174475,1
1785952800000,64770.0,64799.1,-0.002517010267117925,1.0,0.002685529998571841,trending,0.36022106946693316,0.3474429507192768,0.29233597981378995,1
1785956400000,64799.1,64840.28,-0.0026997107353637917,0.0,0.0025941690325122584,trending,0.36577945215709345,0.34133066271747786,0.29288988512542874,1
1785960000000,64840.27,64822.89,-0.0027444009361508037,0.0,0.002554148920962634,trending,0.37750077360315026,0.32565982801287463,0.29683939838397516,1
1785963600000,64822.88,64733.13,-0.0023644770459886333,1.0,0.0025,trending,0.35978516906085223,0.336755167369534,0.30345966356961385,1
1785967200000,64733.13,64636.0,-0.0008762918497431382,1.0,0.0025,trending,0.3538848911316939,0.34077093356752963,0.3053441753007764,1
1785970800000,64636.0,64665.23,-0.00207530383793586,1.0,0.0025,trending,0.3495960514169436,0.34776371498207953,0.3026402336009769,1
1785974400000,64665.24,64644.99,0.0013869597628524133,1.0,0.0025,trending,0.349999875041112,0.3462094609943538,0.3037906639645342,1
1785978000000,64644.92,64580.07,0.0050792760057398745,2.0,0.0025,trending,0.35566406102474574,0.3454202106387142,0.2989157283365401,1
1785981600000,64580.08,64579.36,0.004345660904660598,2.0,0.0025,trending,0.3681760465822997,0.3345026582602132,0.2973212951574872,1
1785985200000,64579.36,64531.03,0.004318387603607032,2.0,0.0025,low_liquidity,0.3466895387853076,0.3475915592374773,0.30571890197721513,1
1785988800000,64531.03,64734.65,0.003202921464779518,2.0,0.0025,ranging,0.3743217488976267,0.3274693925869559,0.2982088585154175,1
1785992400000,64734.65,64908.09,-0.003458274615691148,0.0,0.0025,ranging,0.37891701172284165,0.3228380519717621,0.2982449363053963,1
1785996000000,64908.1,64860.0,-0.0037627197039777904,0.0,0.0025,trending,0.3521225328992618,0.3464042370174612,0.3014732300832769,1
1785999600000,64860.0,64809.7,-0.0028947827254253156,0.0,0.0025,trending,0.35838107395828317,0.3321828335656469,0.3094360924760699,1
1786003200000,64809.7,64941.99,-0.007976195370668515,0.0,0.0025,trending,0.36832998234276826,0.3277430882109116,0.3039269294463202,1
1786006800000,64942.0,64683.62,-0.0038589367756474147,0.0,0.0025,trending,0.36835866613654145,0.3226589599294205,0.3089823739340381,1
1786010400000,64683.62,64615.95,0.0025078947225878334,2.0,0.0025,low_liquidity,0.3588396945802926,0.33549866835142605,0.3056616370682813,1
1786014000000,64615.95,64622.09,0.00015134143757977725,1.0,0.0025,trending,0.3591495150914428,0.3359765054032531,0.3048739795053042,1
1786017600000,64622.08,64424.0,0.005184248106295808,2.0,0.0025,ranging,0.3690013480501923,0.3256879566804761,0.3053106952693315,1
1786021200000,64424.01,64434.01,0.0029127474760610728,2.0,0.0025,ranging,0.37758190768667516,0.3097030955161837,0.3127149967971411,1
1786024800000,64434.01,64778.0,-0.005550186791811962,0.0,0.0025,ranging,0.3869754788974688,0.308321709048593,0.3047028120539381,1
1786028400000,64778.01,64631.87,-0.0028758258116313717,0.0,0.0025,ranging,0.3876197168274778,0.3120671547606825,0.3003131284118397,1
1786032000000,64631.88,64757.99,-0.004915069167526709,0.0,0.0025,ranging,0.3774342676714994,0.32517289615683703,0.2973928361716637,1
1786035600000,64758.0,64621.69,-0.002800143419338097,0.0,0.0025,ranging,0.38117621590417355,0.315029212336161,0.3037945717596655,1
1786039200000,64621.68,64418.47,-0.0010397639062214026,1.0,0.0025,ranging,0.38048632220957174,0.31530907307340494,0.3042046047170233,1
1786042800000,64418.48,64446.0,-0.0018991093318436736,1.0,0.0025,ranging,0.36430244973902054,0.327854736280857,0.3078428139801224,1
1786046400000,64446.01,64439.7,-0.0018887424988012214,1.0,0.0025,low_liquidity,0.35099777336595833,0.3374005369395889,0.31160168969445284,1
1786050000000,64439.71,64440.74,-0.0002822748466264624,1.0,0.0025,ranging,0.36416943750014924,0.330518779688591,0.30531178281125965,1
1786053600000,64440.74,64351.49,0.0007518085439826017,1.0,0.0025,ranging,0.3612048789630811,0.3291584596652816,0.3096366613716372,1
1786057200000,64351.48,64323.61,-0.0005226696698149569,1.0,0.0025,ranging,0.35239520573856253,0.3351323812554933,0.31247241300594425,1
1786060800000,64323.61,64317.99,-0.000977331536635373,1.0,0.0025,ranging,0.36222800904199437,0.327639356643378,0.3101326343146277,1
1786064400000,64318.0,64422.55,-0.0013367989935201274,1.0,0.0025,ranging,0.36895671614918063,0.32585198250566144,0.305191301345158,1
1786068000000,64422.54,64399.87,-0.001486804243548967,1.0,0.0025,ranging,0.3801884652480784,0.308744213376125,0.3110673213757967,1
1786071600000,64399.88,64289.99,0.00046430245206141585,1.0,0.0025,low_liquidity,0.3584362276198941,0.3264113262633262,0.3151524461167797,1
1786075200000,64289.99,64255.13,0.0053671979186720176,2.0,0.0025,ranging,0.3738042239821537,0.31511558231556525,0.3110801937022812,1
1786078800000,64255.14,64336.43,0.007816566756968069,2.0,0.0025,ranging,0.38017360521631177,0.3103647908595732,0.3094616039241151,1
1786082400000,64336.42,64304.12,0.00917297367571468,2.0,0.0025,ranging,0.37583957038734506,0.31435529707038606,0.3098051325422689,1
1786086000000,64304.12,64319.84,0.011040761295426194,2.0,0.0025,ranging,0.3675579238034144,0.32314167701645125,0.30930039918013447,1
1786089600000,64319.84,64600.0,0.010717027863777151,2.0,0.0025,ranging,0.36809473789933544,0.31488352989646035,0.31702173220420415,1
1786093200000,64600.0,64839.32,0.0026206320485779866,2.0,0.0025,ranging,0.35906866532835036,0.3280012478787283,0.3129300867929214,1
1786096800000,64839.32,64893.98,0.0009862239918094762,1.0,0.0025,ranging,0.3388091487516965,0.3557759574943988,0.3054148937539048,1
1786100400000,64893.99,65029.98,-0.0018031683232871965,1.0,0.0025,ranging,0.37814821333868204,0.32300563505427893,0.29884615160703915,1
1786104000000,65029.98,65292.32,-0.007325823312757107,0.0,0.0025,ranging,0.38294790609290713,0.31149052651748516,0.3055615673896077,1
1786107600000,65292.31,65009.24,-0.0037673106161523195,0.0,0.0025,ranging,0.3822700679036266,0.3078206175868332,0.30990931450954023,1
1786111200000,65009.23,64957.98,-0.0034248294051015815,0.0,0.0025,ranging,0.3754728829913563,0.3073232978901876,0.317203819118456,1
1786114800000,64957.98,64912.72,0.0007356031298642041,1.0,0.0025,ranging,0.36839401805785893,0.3271090402069866,0.30449694173515457,1
1786118400000,64912.71,64814.0,0.0024377449316506095,1.0,0.0025,ranging,0.37365887920469876,0.3251395824907697,0.3012015383045316,1
1786122000000,64814.01,64764.33,0.002527317120396333,2.0,0.0025,ranging,0.3710872130850905,0.31513155912429935,0.3137812277906101,1
1786125600000,64764.33,64735.51,0.0023555850567948955,1.0,0.0025,ranging,0.36908037969316493,0.32557709042054855,0.3053425298862866,1
1786129200000,64735.52,64960.47,-0.0005738874734126931,1.0,0.0025,ranging,0.3790591706884367,0.31638530129370473,0.3045555280178587,1
1786132800000,64960.46,64972.0,-0.0006616696423074053,1.0,0.0025,ranging,0.36725651103830137,0.331977211716139,0.30076627724555965,1
1786136400000,64972.0,64928.01,-0.0002498151414158656,1.0,0.0025,low_liquidity,0.3576627064826159,0.33580377274534934,0.30653352077203466,1
1786140000000,64928.02,64888.0,0.0005543397854765875,1.0,0.0025,ranging,0.3643018657539228,0.326554442208836,0.3091436920372411,1
1786143600000,64888.0,64923.19,0.0016913833100313802,1.0,0.0025,ranging,0.3580638996375266,0.32567925113281315,0.3162568492296602,1
1786147200000,64923.2,64929.01,0.00130249945286387,1.0,0.0025,ranging,0.35237561399676276,0.32596353456928395,0.3216608514339533,1
1786150800000,64929.01,64911.79,0.0012879016277320687,1.0,0.0025,ranging,0.3549855966805143,0.33459511995533325,0.3104192833641524,1
1786154400000,64911.8,64923.97,0.0012728734857094803,1.0,0.0025,ranging,0.35253198834702837,0.33283398802071945,0.31463402363225224,1
1786158000000,64923.98,65033.0,-0.0011225070348900301,1.0,0.0025,ranging,0.3534819745708807,0.3318501465907212,0.31466787883839803,1
1786161600000,65033.0,65013.58,-0.0003031674305583598,1.0,0.0025,ranging,0.34163031023741747,0.34067737657254993,0.3176923131900326,1
1786165200000,65013.58,64995.39,-1.661656311324755e-05,1.0,0.0025,low_liquidity,0.3237385343179257,0.3537871100697086,0.3224743556123656,1
1786168800000,64995.39,65006.61,-1.1383457774516437e-05,1.0,0.0025,ranging,0.33283892858304737,0.3477053488815746,0.31945572253537796,1
1786172400000,65006.61,64960.0,0.00011314655172411925,1.0,0.0025,ranging,0.32769308469799957,0.3492312475139583,0.32307566778804203,1
1786176000000,64959.99,64993.87,0.00022263638093855675,1.0,0.0025,low_liquidity,0.3308937639273944,0.3382972825167537,0.33080895355585194,1
1786179600000,64993.88,64994.31,0.0003224897687197359,1.0,0.0025,ranging,0.3372779036149561,0.33531667915055663,0.32740541723448724,1
1786183200000,64994.31,65005.87,0.0018944443017221424,1.0,0.0025,low_liquidity,0.3226728400720132,0.34391207487372827,0.33341508505425854,1
1786186800000,65005.88,64967.35,0.001746569623049199,1.0,0.0025,ranging,0.329702115018162,0.3304436732049457,0.3398542117768923,1
1786190400000,64967.36,65008.34,0.0012015381411061288,1.0,0.0025,ranging,0.3301099870865746,0.3276673679234992,0.3422226449899262,1
1786194000000,65008.33,65015.27,0.0016070070923339674,1.0,0.0025,ranging,0.32545831217182347,0.33209734623086107,0.3424443415973155,1
1786197600000,65015.27,65129.02,-0.0013043340741193399,1.0,0.0025,ranging,0.3291500879516502,0.34137017779961487,0.329479734248735,1
1786201200000,65129.01,65080.82,-8.31274098881396e-05,1.0,0.0025,ranging,0.3325681235577259,0.3258251685925101,0.34160670784976405,1
1786204800000,65080.83,65086.45,-6.20712913362853e-05,1.0,0.0025,low_liquidity,0.334066554511647,0.3292913594673239,0.3366420860210291,1
1786208400000,65086.46,65119.75,-0.0016399018730877124,1.0,0.0025,ranging,0.3363773080206142,0.3274189912213167,0.33620370075806916,1
1786212000000,65119.75,65044.07,-0.0014368719546609121,1.0,0.0025,ranging,0.32377329282446904,0.32705060505351297,0.349176102122018,1
1786215600000,65044.08,65075.41,-0.0017335273031703347,1.0,0.0025,ranging,0.32315881852898265,0.33600846724825467,0.3408327142227627,1
1786219200000,65075.4,65082.41,-0.0016711120562376003,1.0,0.0025,ranging,0.3215583763328415,0.33801738769665385,0.34042423597050453,1
1786222800000,65082.42,65012.96,-0.0023303046038820607,1.0,0.0025,ranging,0.3313987818511863,0.3329968971814012,0.3356043209674125,1
1786226400000,65012.95,64950.61,-0.002010758636446952,1.0,0.0025,ranging,0.3407310298271712,0.32262854012918324,0.33664043004364563,1
1786230000000,64950.62,64962.6,-0.002675385529519958,0.0,0.0025,ranging,0.33554542180329644,0.32718027508886877,0.33727430310783474,1
1786233600000,64962.6,64973.65,-0.002903484720344296,0.0,0.0025,ranging,0.3335930275546709,0.32704557054144423,0.3393614019038849,1
1786237200000,64973.65,64861.46,-0.0009231984602258159,1.0,0.0025,ranging,0.3246905106660674,0.3341008343744854,0.3412086549594472,1
1786240800000,64861.46,64820.01,0.00046251149914966483,1.0,0.0025,ranging,0.33277022274606594,0.31724890552765017,0.3499808717262839,1
1786244400000,64820.01,64788.8,0.0005763341812163869,1.0,0.0025,ranging,0.321229360884582,0.3249086825638097,0.3538619565516083,1
1786248000000,64788.8,64785.0,0.0006044609091611086,1.0,0.0025,ranging,0.3214849671451296,0.32565286445319924,0.3528621684016711,1
1786251600000,64785.01,64801.58,0.0011769774749319506,1.0,0.0025,ranging,0.3237333879341231,0.32464359336767434,0.3516230186982026,1
1786255200000,64801.57,64849.99,0.0016942176860783587,1.0,0.0025,ranging,0.33029525699911927,0.33040662614325367,0.33929811685762695,1
1786258800000,64850.0,64826.14,0.0019106490067124504,1.0,0.0025,ranging,0.324865251782328,0.3275997816895239,0.347534966528148,1
1786262400000,64826.15,64824.16,0.002097211903709928,1.0,0.0025,ranging,0.32788601217656144,0.33247790748103795,0.3396360803424006,1
1786266000000,64824.17,64877.85,0.005270365771985253,2.0,0.0025,ranging,0.3305401111445912,0.3370601807287167,0.3323997081266922,1
1786269600000,64877.86,64959.86,0.004620545672358256,2.0,0.0025,ranging,0.32457332303423975,0.3488366028089532,0.3265900741568071,1
1786273200000,64959.87,64950.0,0.00429068514241715,2.0,0.0025,ranging,0.32660245562551526,0.3367662254624586,0.33663131891202613,1
1786276800000,64950.01,64960.11,0.004187646849735938,2.0,0.0025,ranging,0.32658996242016314,0.33338023096864816,0.3400298066111886,1
1786280400000,64960.12,65219.78,-0.0003235214838197553,1.0,0.0025,ranging,0.34226094610034136,0.3242159005800759,0.3335231533195828,1
1786284000000,65219.78,65260.01,-0.000924455880408237,1.0,0.0025,ranging,0.3273134113568228,0.3457124306594862,0.32697415798369095,1
1786287600000,65260.01,65228.68,-0.000736179238948198,1.0,0.0025,ranging,0.3353401954996421,0.3463185133414116,0.31834129115894627,1
1786291200000,65228.68,65232.14,-0.0014437668302772488,1.0,0.0025,ranging,0.32635985556279556,0.3445918202277304,0.32904832420947394,1
1786294800000,65232.15,65198.68,-8.72717055008243e-05,1.0,0.0025,low_liquidity,0.3211515759819922,0.34889719708402406,0.32995122693398377,1
1786298400000,65198.68,65199.68,-0.0018796104520758528,1.0,0.0025,low_liquidity,0.31435191351516945,0.35600807549852315,0.32964001098630735,1
1786302000000,65199.69,65180.66,-0.004281484722615692,0.0,0.0025,trending,0.31122140160445416,0.3581138327901662,0.33066476560537966,1
1786305600000,65180.66,65137.96,-0.0026090777175090674,0.0,0.0025,ranging,0.31455097399195386,0.35248127116716765,0.33296775484087854,1
1786309200000,65137.96,65192.99,-4.601721749530885e-05,1.0,0.0025,ranging,0.3192220652105868,0.3516626251879959,0.3291153096014174,1
1786312800000,65192.99,65077.13,0.00035127547880486887,1.0,0.0025,trending,0.3249622084568474,0.3301096114187864,0.3449281801243662,1
1786316400000,65077.13,64901.59,0.0012391067768910968,1.0,0.0025,ranging,0.31951830771406914,0.3202027479506807,0.3602789443352502,1
1786320000000,64901.59,64968.01,0.0005959856243096251,1.0,0.0025,trending,0.3145859307898286,0.33048475178754344,0.354929317422628,1
1786323600000,64968.21,65189.99,-0.0008588741921881082,1.0,0.0025,trending,0.3160845212430308,0.33215248770251526,0.3517629910544539,1
1786327200000,65190.0,65099.99,0.003063134111080501,2.0,0.0025,trending,0.3176351260462782,0.3354383384363791,0.3469265355173426,1
1786330800000,65099.99,64982.01,0.0033966323910263885,2.0,0.0025,trending,0.33794473000448916,0.3219488233293054,0.34010644666620543,1
1786334400000,64982.0,65006.73,0.003674234959980316,2.0,0.0025,trending,0.32496334887895384,0.33767039006339833,0.3373662610576479,1
1786338000000,65006.74,65134.0,-0.002560260386280655,0.0,0.0025,trending,0.3427921256428759,0.33340081263124577,0.3238070617258783,1
1786341600000,65134.0,65299.4,-0.004385032634296904,0.0,0.0025,trending,0.3456218306297367,0.32851519792784023,0.32586297144242304,1
1786345200000,65299.4,65202.73,-0.00117709795280041,1.0,0.0025,trending,0.33619123226935405,0.3338806143821425,0.32992815334850356,1
1786348800000,65202.72,65245.58,-0.005744910229934397,0.0,0.0025,trending,0.32949449854339197,0.3338826850416996,0.33662281641490843,1
1786352400000,65245.59,64967.24,-0.006237913138991247,0.0,0.0025,trending,0.33784285542601344,0.3220796536678263,0.34007749090616024,1
1786356000000,64967.25,65013.06,-0.005957110771281915,0.0,0.0025,trending,0.3282807215111435,0.3308497057686001,0.34086957272025625,1
1786359600000,65013.07,65125.98,-0.012682956939765178,0.0,0.0025,trending,0.32879586598906685,0.3422124943597471,0.32899163965118605,1
1786363200000,65125.99,64870.75,-0.014892690465271308,0.0,0.0025,trending,0.34982540811626933,0.30936555012059813,0.34080904176313254,1
1786366800000,64870.74,64561.98,-0.009431866866536631,0.0,0.0025,trending,0.34476366870965797,0.30405385971951265,0.3511824715708293,1
1786370400000,64561.98,64625.77,-0.011394525744142014,0.0,0.0025,trending,0.3556718482703387,0.2962777512761126,0.34805040045354874,1
1786374000000,64625.77,64299.99,-0.00395474400540341,0.0,0.0025,trending,0.31693085009431227,0.31834357648704714,0.3647255734186406,1
1786377600000,64299.99,63904.65,0.0039723243926692575,2.0,0.0025239243627139677,trending,0.30400837215698934,0.3260987599158433,0.3698928679271673,1
1786381200000,63904.65,63953.04,0.0005310146319861264,1.0,0.0025,trending,0.3143940811328102,0.32764332768010707,0.3579625911870828,1
1786384800000,63953.04,63889.39,0.0019817061956610704,1.0,0.0025,trending,0.31125255163824833,0.32519918026496825,0.3635482680967834,1
1786388400000,63889.39,64045.7,-0.001181812362110124,1.0,0.0025,trending,0.3309615582470842,0.3309727687363414,0.3380656730165744,1
1786392000000,64045.7,64158.5,-0.0018469883179936808,1.0,0.0025,trending,0.3225207836114336,0.3472778704476543,0.3302013459409121,1
1786395600000,64158.49,63987.0,0.0011533592761030498,1.0,0.0025,trending,0.3118271152799135,0.3537787501335952,0.33439413458649125,1
1786399200000,63987.0,64016.0,0.00044660709822541556,1.0,0.0025,trending,0.3149174850810169,0.35057372636481837,0.33450878855416466,1
1786402800000,64015.99,63970.01,0.002891980163829855,2.0,0.0025,trending,0.3173350735671221,0.3489478831153895,0.33371704331748836,1
1786406400000,63970.01,64040.0,-0.000257495315427847,1.0,0.0025,trending,0.3208120344301812,0.3418680318798218,0.33731993368999696,1
1786410000000,64040.01,64060.8,-0.0009490983565613176,1.0,0.0025,trending,0.31922998800859215,0.35284789476231315,0.32792211722909465,1
1786413600000,64060.8,64044.59,-0.0011758994787849364,1.0,0.0025,trending,0.3133203771156057,0.3590821881279213,0.3275974347564731,1
1786417200000,64044.6,64155.01,-0.0013875767457600663,1.0,0.0025,trending,0.3226839794351587,0.330042526444864,0.3472734941199774,1
1786420800000,64155.0,64023.51,0.0017634147206238016,1.0,0.0025,trending,0.31363456311894056,0.33508185058174106,0.35128358629931844,1
1786424400000,64023.51,64000.0,0.004687499999999956,2.0,0.0025,trending,0.31441101321604764,0.33700495391521257,0.3485840328687398,1
1786428000000,64000.0,63969.28,0.004126199325676483,2.0,0.0025,trending,0.3209904814723361,0.3119195149696793,0.3670900035579846,1
1786431600000,63969.29,64065.99,0.0050507297241484395,2.0,0.0025,trending,0.3240326446973969,0.32441642494072154,0.3515509303618817,1
1786435200000,64066.0,64136.41,0.0030185662091157806,2.0,0.0025,trending,0.3130626163919428,0.34706640189249655,0.33987098171556057,1
1786438800000,64136.41,64300.0,-0.0015508553654743906,1.0,0.0025,trending,0.316735273452746,0.34892981217509755,0.3343349143721564,1
1786442400000,64300.0,64233.23,-0.007211220734190116,0.0,0.0025,trending,0.3128884899820354,0.35318259665797774,0.3339289133599869,1
1786446000000,64233.23,64389.57,-0.012109104005508908,0.0,0.0025,trending,0.31756172025970036,0.35099909789385936,0.3314391818464402,1
1786449600000,64389.58,64330.01,-0.012706666764081165,0.0,0.0025,ranging,0.32430607396752903,0.32595643587480394,0.34973749015766703,1
1786453200000,64330.0,64200.28,-0.009227374086218987,0.0,0.0025,ranging,0.32732836718892483,0.31419760617318204,0.35847402663789313,1
1786456800000,64200.29,63770.03,-0.006224867700391545,0.0,0.0025,ranging,0.33871663090888315,0.3023442520813822,0.3589391170097345,1
1786460400000,63770.03,63609.87,-0.0011612977671546787,1.0,0.0025,ranging,0.3360859781289096,0.3095896770441957,0.3543243448268946,1
1786464000000,63609.86,63512.59,0.0035805499350600734,2.0,0.0025,trending,0.33213173052837924,0.31684404436030467,0.35102422511131603,1
1786467600000,63512.59,63607.88,0.0010195277692011118,1.0,0.0025,trending,0.3224336614465342,0.34472458479247226,0.33284175376099356,1
1786471200000,63607.87,63373.07,0.0046616015288512,2.0,0.0025,trending,0.3201981558725394,0.3313974392520389,0.3484044048754217,1
1786474800000,63373.07,63536.0,0.0010073029463610883,1.0,0.0025,trending,0.32584740234094367,0.3278962686915153,0.34625632896754094,1
1786478400000,63536.0,63740.0,3.247568245989818e-05,1.0,0.0025,trending,0.32915255658067794,0.32539497043315757,0.34545247298616444,1
1786482000000,63740.0,63672.73,0.002215548163240433,1.0,0.0025,trending,0.317130996630705,0.3491542922039778,0.33371471116531726,1
1786485600000,63672.73,63668.49,0.001276455590512704,1.0,0.0025,trending,0.3146198502794731,0.3447990129759383,0.34058113674458856,1
1786489200000,63668.5,63600.0,0.0037042452830187145,2.0,0.0025,trending,0.3263013370603545,0.3252976768535103,0.34840098608613523,1
1786492800000,63600.01,63742.07,0.0004315830973171675,1.0,0.0025,trending,0.3312851482539819,0.32042424991897067,0.3482906018270474,1
1786496400000,63742.07,63813.8,0.0005663351814184647,1.0,0.0025,trending,0.32532369812252426,0.34157241460240667,0.33310388727506907,1
1786500000000,63813.8,63749.76,-0.0005927865453925207,1.0,0.0025,trending,0.32210678555533395,0.3373092071846488,0.34058400726001725,1
1786503600000,63749.77,63835.59,3.7596582094678865e-05,1.0,0.0025,ranging,0.33818514765381624,0.32418423914375544,0.3376306132024284,1
1786507200000,63835.58,63769.58,0.0003976817786788267,1.0,0.0025,ranging,0.33244292574285117,0.32390131752889506,0.34365575672825377,1
1786510800000,63769.58,63849.94,0.004054349933609869,2.0,0.0025,ranging,0.3372445278145293,0.33217715467785924,0.3305783175076115,1
1786514400000,63849.94,63711.97,0.006770941159094601,2.0,0.0025,ranging,0.3375576788451748,0.31811346616337116,0.344328854991454,1
1786518000000,63711.97,63837.99,0.006297973980697202,2.0,0.0025,ranging,0.33643146059828444,0.3209798441141686,0.34258869528754704,1
1786521600000,63838.0,63794.94,0.00509084262795767,2.0,0.0025,ranging,0.3256113842097286,0.32664019986123877,0.34774841592903266,1
1786525200000,63794.95,64108.81,-0.004193027448177511,0.0,0.0025,ranging,0.3179673790502324,0.3380413332604557,0.3439912876893118,1
1786528800000,64108.82,64143.36,-0.012159793312978895,0.0,0.0025,ranging,0.31802955133477734,0.3455673385241343,0.33640311014108837,1
1786532400000,64143.36,64240.04,-0.012431032110191698,0.0,0.0025,ranging,0.3374741503052551,0.35718357421070285,0.30534227548404197,1
1786536000000,64240.04,64119.71,-0.009787786002151244,0.0,0.0025,ranging,0.3550129117711448,0.3157674428918864,0.3292196453369688,1
1786539600000,64119.72,63840.0,-0.0057800751879699686,0.0,0.0025,ranging,0.3526102581083152,0.31135124206061804,0.3360384998310668,1
1786543200000,63840.0,63363.39,0.0003661420261762416,1.0,0.0025,ranging,0.35278094465295523,0.3025886722982116,0.3446303830488331,1
1786546800000,63363.39,63441.47,-0.0003209257288647738,1.0,0.0025,ranging,0.3519028990496636,0.3104480105761878,0.3376490903741486,1
1786550400000,63441.48,63492.12,0.0016989509879334896,1.0,0.0025,ranging,0.34995455490008315,0.32057190030413085,0.3294735447957859,1
1786554000000,63492.12,63471.0,-1.843361535192045e-05,1.0,0.0025,ranging,0.33793345439728273,0.34049728571193383,0.32156925989078355,1
1786557600000,63470.99,63386.59,0.0007208149231565653,1.0,0.0025,ranging,0.33636011631130497,0.34156748291544203,0.32207240077325294,1
1786561200000,63386.58,63421.11,0.0009283975004537037,1.0,0.0025,ranging,0.333275631621702,0.32302959103465234,0.3436947773436457,1
1786564800000,63421.11,63599.99,-0.0006772013643397967,1.0,0.0025,ranging,0.33325120204576975,0.33937583571205754,0.3273729622421727,1
1786568400000,63600.0,63469.83,-0.00021616569636317973,1.0,0.0025,ranging,0.33797261036353277,0.31925658348875535,0.3427708061477119,1
1786572000000,63469.84,63432.28,0.0018559950864134311,1.0,0.0025,ranging,0.3281919474676518,0.33748735258239354,0.33432069994995456,1
1786575600000,63432.28,63479.99,0.002630750256892078,2.0,0.0025,ranging,0.34393093858137724,0.315042795198855,0.3410262662197678,1
1786579200000,63479.99,63556.92,0.0021527160221106456,1.0,0.0025,ranging,0.34192140402813564,0.3259183956444653,0.3321602003273991,1
1786582800000,63556.91,63456.11,0.0066485323477911695,2.0,0.0025,ranging,0.3414470785681006,0.3213944506202795,0.33715847081162,1
1786586400000,63456.1,63550.01,0.0061737205076757284,2.0,0.0025,ranging,0.34119276976372775,0.32588406849868484,0.33292316173758746,1
1786590000000,63550.01,63646.99,0.0034384972486523058,2.0,0.0025,ranging,0.3472163440599512,0.33605919072716894,0.3167244652128799,1
1786593600000,63647.0,63693.74,0.0011470514998805914,1.0,0.0025,ranging,0.3545364042947819,0.3408327743749922,0.3046308213302259,1
1786597200000,63693.73,63878.0,-0.0014928457371865544,1.0,0.0025,ranging,0.3503666989225627,0.33589198621172406,0.31374131486571316,1
1786600800000,63878.01,63942.35,-0.004553476686421365,0.0,0.0025,ranging,0.3343747632190167,0.35688279354968283,0.3087424432313004,1
1786604400000,63942.36,63865.84,-0.00597408567710056,0.0,0.0025,ranging,0.3478155477073531,0.35050411500890577,0.3016803372837411,1
1786608000000,63865.84,63766.8,-0.0010826950701618987,1.0,0.0025,ranging,0.33887258625872685,0.33878860997741633,0.3223388037638568,1
1786611600000,63766.8,63782.64,-0.0009193724185765362,1.0,0.0025,ranging,0.3498193955060003,0.33277397173185597,0.3174066327621437,1
1786615200000,63782.65,63651.19,0.003271894838101197,2.0,0.0025,ranging,0.34531267018974643,0.33051562095238257,0.3241717088578709,1
1786618800000,63651.2,63484.3,-0.001012691326832016,1.0,0.0025,ranging,0.3247490138565327,0.32946783711137595,0.3457831490320914,1
1786622400000,63484.31,63697.76,-0.00844032819992424,0.0,0.0025,ranging,0.33129673535763815,0.33392571267247,0.33477755196989184,1
1786626000000,63697.76,63724.0,-0.009095788086121437,0.0,0.0025,ranging,0.33699714089427374,0.3278587955835483,0.3351440635221779,1
1786629600000,63723.99,63859.45,-0.00860405155384203,0.0,0.0025,ranging,0.34346066777207873,0.3329691783522135,0.32357015387570776,1
1786633200000,63859.46,63420.01,-0.00018953008679756245,1.0,0.0025,ranging,0.33090385735784744,0.32986113134180833,0.33923501130034417,1
1786636800000,63420.01,63160.13,0.004044006875856709,2.0,0.0027299495374649625,high_volatility,0.33727893819369603,0.31546092355875077,0.34726013824755314,1
1786640400000,63160.13,63144.38,0.005220100347806067,2.0,0.002685018478781087,high_volatility,0.33710067009784855,0.3198774323428721,0.3430218975592793,1
1786644000000,63144.37,63310.0,0.0034751224135207703,2.0,0.0026655501869545218,high_volatility,0.3369194797775585,0.32624408166554714,0.33683643855689427,1
1786647600000,63310.0,63407.99,0.0013069330852468752,1.0,0.0026128543223126253,high_volatility,0.3312115491026911,0.34676232202703444,0.3220261288702744,1
1786651200000,63408.0,63415.55,0.001985317481280058,1.0,0.0025,high_volatility,0.3235456252227697,0.36186493320115826,0.31458944157607205,1
1786654800000,63415.56,63474.0,0.0016047515518164968,1.0,0.0025,low_liquidity,0.32075602219548516,0.3655178745040383,0.31372610330047657,1
1786658400000,63474.0,63530.01,-0.0010171570884374148,1.0,0.0025,ranging,0.3375606310337102,0.35179623639255225,0.31064313257373766,1
1786662000000,63530.01,63490.86,-0.0028485989951939628,0.0,0.0025,ranging,0.34845229913399023,0.3246980727800427,0.32684962808596707,1
1786665600000,63490.86,63541.45,-0.0026579500467804884,0.0,0.0025,ranging,0.34838595762212315,0.3247288660112963,0.3268851763665806,1
1786669200000,63541.45,63575.86,-0.003083403040084698,0.0,0.0025,ranging,0.34024268647944406,0.3360538781957628,0.3237034353247931,1
1786672800000,63575.86,63465.39,-0.00774043931661017,0.0,0.0025,ranging,0.3368109765433463,0.33896623708715035,0.3242227863695033,1
1786676400000,63465.39,63310.0,-0.006147843942505116,0.0,0.0025,ranging,0.33651237242496135,0.3265477122281907,0.336939915346848,1
1786680000000,63310.0,63372.56,-0.006825509337164193,0.0,0.0025,ranging,0.34084511753672775,0.3242179696587936,0.3349369128044787,1
1786683600000,63372.56,63379.83,-0.009262883791262944,0.0,0.0025,low_liquidity,0.32829015183434646,0.3356654664132318,0.33604438175242174,1
1786687200000,63379.83,62974.14,-0.002540725446985026,0.0,0.0025,ranging,0.3441182353130189,0.30950297766603796,0.3463787870209431,1
1786690800000,62974.14,62920.78,-0.0008256413858823697,1.0,0.0025,ranging,0.34227479896052804,0.3165541607034301,0.3411710403360419,1
1786694400000,62920.78,62940.01,-0.00315093690007362,0.0,0.0025,ranging,0.33655746906163747,0.31127677315249835,0.35216575778586423,1
1786698000000,62940.01,62792.75,-0.001986694323787397,1.0,0.0025,ranging,0.3338702811984506,0.31657526777594375,0.34955445102560573,1
1786701600000,62792.75,62814.14,-0.0030905461732023687,0.0,0.0025,ranging,0.33565398315244543,0.3132103949306091,0.3511356219169455,1
1786705200000,62814.14,62868.83,0.0019424570172530409,1.0,0.0025,ranging,0.32463994881612,0.34576791447817173,0.32959213670570836,1
1786708800000,62868.83,62741.69,0.006244492298502102,2.0,0.0025,trending,0.3173286841035224,0.34322708752570164,0.3394442283707759,1
1786712400000,62741.68,62668.0,0.005516212421012412,2.0,0.0025,trending,0.3159607401332974,0.3371143580542484,0.3469249018124543,1
1786716000000,62668.0,62620.01,0.004950494258943783,2.0,0.0025,trending,0.3173768960710073,0.3343660310344647,0.348257072894528,1
1786719600000,62620.01,62990.95,-0.00036354428691731666,1.0,0.0025,trending,0.33752187124809613,0.3276567018285031,0.33482142692340067,1
1786723200000,62990.94,63133.48,-0.003577974792455696,0.0,0.0025,trending,0.3419670016590617,0.3325050691862112,0.32552792915472717,1
1786726800000,63133.49,63013.69,-0.0013520871416989877,1.0,0.0025,trending,0.32886900327062163,0.3429503887434862,0.3281806079858922,1
1786730400000,63013.7,62930.01,-0.0006853645820175114,1.0,0.0025,trending,0.32808504907629005,0.33280009472040234,0.3391148562033076,1
1786734000000,62930.01,62968.05,0.0011991795839316755,1.0,0.0025,trending,0.3272016113963301,0.335544660783467,0.33725372782020285,1
1786737600000,62968.06,62907.59,0.0017849992345915222,1.0,0.0025,trending,0.3274826679525128,0.3268010048957301,0.34571632715175704,1
1786741200000,62907.59,62928.49,0.0018535324778967688,1.0,0.0025,low_liquidity,0.32253265418032767,0.3348735018234693,0.3425938439962031,1
1786744800000,62928.49,62886.88,0.003936115132441076,2.0,0.0025,trending,0.3237214245262649,0.33135372254413914,0.3449248529295959,1
1786748400000,62886.87,63043.56,0.00012197915219247513,1.0,0.0025,ranging,0.3481505944348913,0.3250241800233551,0.32682522554175353,1
1786752000000,63043.56,63019.88,0.0016204410417792747,1.0,0.0025,ranging,0.3347124073200529,0.3313469686655585,0.3339406240143885,1
1786755600000,63019.89,63045.13,0.0006958507342280651,1.0,0.0025,ranging,0.3443201525688419,0.3292291763804078,0.32645067105075026,1
1786759200000,63045.14,63134.41,-0.00031250787011394277,1.0,0.0025,ranging,0.34715489686448203,0.32895985974156594,0.3238852433939521,1
1786762800000,63134.41,63051.25,0.0003834975515948358,1.0,0.0025,low_liquidity,0.3141599359389205,0.3463440238732237,0.3394960401878558,1
1786766400000,63051.25,63122.0,-0.0029511105478280397,0.0,0.0025,low_liquidity,0.33400248187972,0.3391046640393182,0.3268928540809618,1
1786770000000,63122.01,63089.0,-0.0009291635625862105,1.0,0.0025,ranging,0.3319059113937366,0.3369922282400967,0.33110186036616657,1
1786773600000,63089.0,63114.68,-0.0010865934834811686,1.0,0.0025,ranging,0.32477172389047293,0.33653766268359864,0.3386906134259285,1
1786777200000,63114.68,63075.43,-0.0008469224862993618,1.0,0.0025,ranging,0.33243104490575515,0.3339016327888005,0.33366732230544444,1
1786780800000,63075.43,62935.72,0.0018178865674374212,1.0,0.0025,low_liquidity,0.3156471563518083,0.3424162704279361,0.3419365732202556,1
1786784400000,62935.72,63030.38,0.00047548499628269347,1.0,0.0025,ranging,0.3309166778571489,0.3368804053854746,0.33220291675737657,1
1786788000000,63030.39,63046.1,-9.67545970329553e-05,1.0,0.0025,low_liquidity,0.31527134175834926,0.3371857638956169,0.3475428943460338,1
1786791600000,63046.1,63022.01,0.0012462312769776496,1.0,0.0025,ranging,0.31907042998894153,0.32659703531595313,0.35433253469510534,1
1786795200000,63022.01,63050.13,0.0007375083921317138,1.0,0.0025,low_liquidity,0.3068714002011301,0.3374875836881517,0.35564101611071824,1
1786798800000,63050.12,63060.35,0.00016095692459683342,1.0,0.0025,low_liquidity,0.30943783277664055,0.3387520005335069,0.35181016668985243,1
1786802400000,63060.34,63040.0,0.00027887055837561014,1.0,0.0025,ranging,0.3182813438547464,0.3255214992476625,0.35619715689759107,1
1786806000000,63040.01,63100.55,0.0004045923529985007,1.0,0.0025,ranging,0.33287958380857413,0.3295441062138841,0.33757630997754173,1
1786809600000,63100.55,63096.63,0.00010555238845566528,1.0,0.0025,ranging,0.3320729548952297,0.3216945435187752,0.34623250158599517,1
1786813200000,63096.62,63070.5,0.001403825877391185,1.0,0.0025,low_liquidity,0.3165334931411092,0.33100256480883294,0.35246394205005777,1
1786816800000,63070.49,63057.58,0.0012360131803343943,1.0,0.0025,ranging,0.3272864215209176,0.31951603020868025,0.3531975482704021,1
1786820400000,63057.58,63126.08,-0.0006347614171512417,1.0,0.0025,ranging,0.3355722708188737,0.32670279315273315,0.3377249360283931,1
1786824000000,63126.07,63103.29,-0.0002768476889239979,1.0,0.0025,low_liquidity,0.31558721016021135,0.3354197174689827,0.3489930723708059,1
1786827600000,63103.29,63159.04,-0.0011757620128488577,1.0,0.0025,ranging,0.3282868369793071,0.33319761965770106,0.3385155433629919,1
1786831200000,63159.04,63135.52,-0.00021556803523581358,1.0,0.0025,low_liquidity,0.31639869763705686,0.33617039287158246,0.34743090949136063,1
1786834800000,63135.52,63086.01,0.000697301985020049,1.0,0.0025,low_liquidity,0.31181470598710653,0.3308847974043163,0.3573004966085772,1
1786838400000,63086.01,63085.82,6.641746116642366e-05,1.0,0.0025,low_liquidity,0.31298065331426306,0.32991930325614177,0.3571000434295951,1
1786842000000,63085.81,63084.78,-0.00024332334994270344,1.0,0.0025,ranging,0.3255514487800433,0.3198051656387612,0.35464338558119546,1
1786845600000,63084.78,63121.91,-0.0008333081175776469,1.0,0.0025,ranging,0.3252667402992783,0.32211890991718195,0.3526143497835397,1
1786849200000,63121.92,63130.0,-0.0010926659274513861,1.0,0.0025,ranging,0.31940361858124183,0.32462911191351473,0.3559672695052434,1
1786852800000,63130.01,63090.01,-0.0002788080077972266,1.0,0.0025,ranging,0.3355490554930925,0.32148312309390353,0.34296782141300397,1
1786856400000,63090.0,63069.43,-0.0012167542976050383,1.0,0.0025,ranging,0.3329067862208569,0.3164689245323047,0.3506242892468383,1
1786860000000,63069.43,63069.31,-0.0009630674570563214,1.0,0.0025,ranging,0.33637476999893384,0.31717823536098383,0.3464469946400824,1
1786863600000,63069.32,63061.02,-0.0007510186165715638,1.0,0.0025,ranging,0.3368636967653934,0.31818138992428674,0.3449549133103198,1
1786867200000,63061.03,63072.42,-0.0007997156284790252,1.0,0.0025,ranging,0.3409039117672682,0.3220226790665159,0.33707340916621586,1
1786870800000,63072.43,62992.69,0.0010686954311682761,1.0,0.0025,ranging,0.33651072497143886,0.31567987601638015,0.34780939901218094,1
1786874400000,62992.68,63008.57,0.0014963043916089713,1.0,0.0025,ranging,0.3399690362193092,0.3155014663561458,0.344529497424545,1
1786878000000,63008.56,63013.66,0.002106368682599946,1.0,0.0025,ranging,0.3338654737527152,0.31614612791675595,0.34998839833052875,1
1786881600000,63013.66,63021.98,0.0037769362371666837,2.0,0.0025,low_liquidity,0.3249843202722456,0.32644447320814546,0.3485712065196088,1
1786885200000,63021.99,63060.01,0.0015745319418756232,1.0,0.0025,ranging,0.33492524870967216,0.322999395431763,0.34207535585856497,1
1786888800000,63060.01,63102.85,0.0005896722572751312,1.0,0.0025,ranging,0.33419719711800183,0.3217031369839656,0.34409966589803265,1
1786892400000,63102.86,63146.39,-0.0005951250736582203,1.0,0.0025,ranging,0.34363275528808634,0.32188277710242613,0.3344844676094875,1
1786896000000,63146.39,63260.01,-0.003038570496590176,0.0,0.0025,ranging,0.34685171206935145,0.3338799707912524,0.3192683171393962,1
1786899600000,63260.0,63159.3,-0.003636677417260814,0.0,0.0025,ranging,0.33074134260052546,0.32745319813182516,0.3418054592676494,1
1786903200000,63159.31,63140.06,-0.0035850456904855665,0.0,0.0025,ranging,0.33012649692079976,0.32324957734277127,0.346623925736429,1
1786906800000,63140.05,63108.81,-0.00330872979541208,0.0,0.0025,ranging,0.33452566952751817,0.3245768121642304,0.34089751830825143,1
1786910400000,63108.8,63067.79,-0.0023823571430043877,1.0,0.0025,ranging,0.3299027241525705,0.3291219560625765,0.34097531978485307,1
1786914000000,63067.79,62929.61,0.002963787635105408,2.0,0.0025,ranging,0.3357554689411863,0.3195936905976133,0.34465084046120054,1
1786917600000,62929.61,62913.7,0.0077827245893977715,2.0,0.0025,ranging,0.3357893055504837,0.32360439900693116,0.34060629544258514,1
1786921200000,62913.7,62900.0,0.008413513513513493,2.0,0.0025,ranging,0.32280849851847576,0.32614094054703474,0.3510505609344895,1
1786924800000,62900.0,62917.54,0.009773109374587863,2.0,0.0025,ranging,0.3256585167407921,0.323242514889761,0.3510989683694469,1
1786928400000,62917.54,63116.12,0.006401851064355535,2.0,0.0025,ranging,0.33027646262679344,0.3333524947284036,0.3363710426448029,1
1786932000000,63116.12,63403.34,0.004174070325001722,2.0,0.0025,ranging,0.33578857998552114,0.3325320868046045,0.3316793332098743,1
1786935600000,63403.33,63429.21,0.0013438603444690944,1.0,0.0025,ranging,0.3803673508215553,0.31471247207383996,0.3049201771046048,1
1786939200000,63429.21,63532.44,-0.0023861825549279514,1.0,0.0025,ranging,0.3786397634040401,0.3179287366235872,0.30343149997237273,1
1786942800000,63532.43,63520.18,-0.003089097039712385,0.0,0.0025,ranging,0.3705776626218181,0.3133847584202839,0.3160375789578979,1
1786946400000,63520.18,63667.99,0.00038041094119667385,1.0,0.0025,ranging,0.377156711611267,0.32483026759868266,0.2980130207900503,1
1786950000000,63668.0,63514.45,0.0018365899413441689,1.0,0.0025,trending,0.3533531759054098,0.33853576689122966,0.30811105720336046,1
1786953600000,63514.45,63380.84,0.0027429425043909994,2.0,0.0025,trending,0.35576110247121256,0.32730098018591164,0.3169379173428758,1
1786957200000,63380.83,63323.96,0.0055018669078812366,2.0,0.0025,trending,0.350601273503614,0.3337261153522019,0.315672611144184,1
1786960800000,63323.97,63692.21,0.0033037007194443024,2.0,0.0025,trending,0.370410085406207,0.32494735138823194,0.304642563205561,1
1786964400000,63692.2,63631.1,0.008940596657923683,2.0,0.0025,trending,0.37000920960455375,0.32113039727393555,0.3088603931215107,1
1786968000000,63631.11,63554.69,0.008828144704977614,2.0,0.0025,trending,0.3559704675559886,0.32979295691988914,0.3142365755241222,1
1786971600000,63554.7,63672.36,0.010265521805693956,2.0,0.0025,trending,0.3787836838910388,0.3132309338096219,0.30798538229933936,1
1786975200000,63672.37,63902.63,0.008235028824322255,2.0,0.0025,trending,0.3815673186788479,0.3141794403592618,0.3042532409618903,1
1786978800000,63902.63,64200.0,0.0017127725856698195,1.0,0.0025,trending,0.3827117869568567,0.32446310928359684,0.29282510375954657,1
1786982400000,64200.0,64115.76,0.004319842734454182,2.0,0.0025,trending,0.37018701065703435,0.3341704583498405,0.29564253099312515,1
1786986000000,64115.76,64325.99,0.000871032066509958,1.0,0.0025,trending,0.3851846021428854,0.32037507609015276,0.2944403217669619,1
1786989600000,64325.99,64428.87,-0.0021359989706478677,1.0,0.0025,trending,0.385721073413731,0.32549319559347817,0.28878573099279087,1
1786993200000,64428.88,64309.96,0.0034542083372466337,2.0,0.0025,trending,0.3790032557939033,0.3213914892019061,0.29960525500419066,1
1786996800000,64309.95,64392.73,-0.00014007792494596938,1.0,0.0025,trending,0.3732114947178769,0.32485251274493854,0.30193599253718467,1
1787000400000,64392.72,64382.02,-0.0028262549078142962,0.0,0.0025,trending,0.3677095965525289,0.32204874088867225,0.3102416625587989,1
1787004000000,64382.02,64291.25,-0.0029246592654521564,0.0,0.0025,trending,0.3695722734753919,0.327639411537898,0.3027883149867102,1
1787007600000,64291.26,64532.1,-0.005378563536596492,0.0,0.0025,trending,0.374961247614933,0.3162962480470391,0.3087425043380279,1
1787011200000,64532.11,64383.71,-0.002693072517877537,0.0,0.0025,trending,0.3572020578432707,0.3163999667376788,0.3263979754190504,1
1787014800000,64383.72,64200.06,0.0006651084126714224,1.0,0.0025,trending,0.3581044751659145,0.31593884859396554,0.3259566762401199,1
1787018400000,64200.06,64103.22,0.0033510017125504277,2.0,0.0025,trending,0.3623389024951821,0.3159315832516528,0.3217295142531652,1
1787022000000,64103.22,64185.01,0.00021749626587275195,1.0,0.0025,trending,0.3411351247553503,0.3263442767449766,0.3325205984996732,1
1787025600000,64185.0,64210.32,0.0013346764196160432,1.0,0.0025,trending,0.3428754389811747,0.3277666422581794,0.32935791876064596,1
1787029200000,64210.33,64242.76,-0.0011022253713882657,1.0,0.0025,trending,0.34812567691070584,0.34013215140224184,0.31174217168705226,1
1787032800000,64242.76,64318.03,-0.0017915660663113675,1.0,0.0025,trending,0.36301621019010494,0.32760564186749214,0.3093781479424029,1
1787036400000,64318.03,64198.97,0.0023710660778513137,1.0,0.0025,trending,0.3518058285927507,0.3347201864706967,0.3134739849365525,1
1787040000000,64198.97,64296.02,-0.0010265021069733038,1.0,0.0025,trending,0.35886248407827165,0.329840705190842,0.31129681073088633,1
1787043600000,64296.01,64171.95,0.0007486136855745507,1.0,0.0025,trending,0.3471681615665976,0.338842976320287,0.3139888621131154,1
1787047200000,64171.95,64202.8,0.007964761661485076,2.0,0.0025,trending,0.3519252292775555,0.336631002284135,0.3114437684383095,1
1787050800000,64202.81,64351.19,0.007830002832892369,2.0,0.0025,trending,0.36736504477095006,0.31880694930438414,0.31382800592466575,1
1787054400000,64351.18,64230.02,0.009496805387885665,2.0,0.0025,trending,0.35630002539417277,0.32462739787189754,0.31907257673392975,1
1787058000000,64230.02,64219.99,0.007007631112991408,2.0,0.0025,trending,0.36350219725452687,0.32276211430949003,0.3137356884359831,1
1787061600000,64219.99,64714.16,0.0008937765706917844,1.0,0.0025,trending,0.36107691745527504,0.3135730020446854,0.3253500805000395,1
1787065200000,64714.16,64855.06,-0.00326574364436627,0.0,0.0025,trending,0.38028416998271997,0.3176700478956122,0.3020457821216678,1
1787068800000,64855.06,64840.0,-0.0039730104873535455,0.0,0.0025,trending,0.3690592168110469,0.33177304635196525,0.2991677368369879,1
1787072400000,64840.0,64670.02,-0.0010119062898077402,1.0,0.0025,trending,0.36137500416417107,0.3172805228193595,0.3213444730164695,1
1787076000000,64670.02,64772.0,-0.0021305502377571006,1.0,0.0025,trending,0.3685737215860442,0.31585640572427737,0.3155698726896785,1
1787079600000,64771.99,64643.26,0.0012709755046387272,1.0,0.0025,trending,0.3423807028711415,0.32141762594790224,0.3362016711809563,1
1787083200000,64643.27,64582.39,-0.0014615439286158605,1.0,0.0025,trending,0.34128074987843615,0.33178807488824175,0.32693117523332205,1
1787086800000,64582.38,64604.58,-0.0031592187426959795,0.0,0.0025,trending,0.3478916085194125,0.33957046433340743,0.3125379271471801,1
1787090400000,64604.58,64634.0,-0.0043645759197945555,0.0,0.0025,trending,0.3571396263533439,0.33310907999361516,0.3097512936530409,1
1787094000000,64634.0,64725.42,-0.006098222305857548,0.0,0.0025,trending,0.35489472782164533,0.3372278183764556,0.3078774538018991,1
1787097600000,64725.42,64488.0,-0.0026637513956084824,0.0,0.0025,trending,0.3569421278647547,0.3226496738220245,0.3204081983132208,1
1787101200000,64488.0,64400.48,-0.002553862952574315,0.0,0.0025,trending,0.3466653037004508,0.33259581161260193,0.32073888468694717,1
1787104800000,64400.47,64351.9,-0.00018802863629507893,1.0,0.0025,trending,0.33162232704517497,0.3497223124888052,0.31865536046601983,1
1787108400000,64351.86,64330.71,-0.0005395556803274859,1.0,0.0025,trending,0.32896965422767394,0.33799745918093566,0.3330328865913904,1
1787112000000,64330.7,64316.22,0.001519523379949872,1.0,0.0025,trending,0.33276631726757167,0.33561538077723674,0.3316183019551916,1
1787115600000,64316.22,64236.01,0.0029741884653171624,2.0,0.0025,trending,0.330765090849181,0.3486669969455976,0.3205679122052214,1
1787119200000,64236.01,64339.8,0.0018170712373988263,1.0,0.0025,trending,0.3338607074681502,0.34576777368225853,0.32037151884959125,1
1787122800000,64339.8,64296.0,0.0034159201194474687,2.0,0.0025,trending,0.3283766510711799,0.34825306266488243,0.3233702862639376,1
1787126400000,64296.01,64413.95,0.007268611845726136,2.0,0.0025,trending,0.34195313425492624,0.3406997526143954,0.31734711313067837,1
1787130000000,64413.95,64427.06,0.009080966910487653,2.0,0.0025,trending,0.33597773809685755,0.3429740265744421,0.32104823532870036,1
1787133600000,64427.07,64456.71,0.022751704205815182,2.0,0.0025,ranging,0.33542345730858525,0.35803584351663914,0.30654069917477567,1
1787137200000,64456.71,64515.63,0.06259521917402044,2.0,0.0025,ranging,0.3440782944372941,0.3456142164794829,0.31030748908322286,1
1787140800000,64515.62,64882.15,0.055225050341272564,2.0,0.0025,trending,0.35272465087839444,0.325170516484338,0.32210483263726764,1
1787144400000,64882.15,65012.12,0.04899347998496273,2.0,0.0025,trending,0.357982910419294,0.32779910777647675,0.3142179818042293,1
1787148000000,65012.12,65923.21,0.037510005959964676,2.0,0.0025,high_volatility,0.3646568643247148,0.3192462925202343,0.31609684315505093,1
1787151600000,65923.21,68554.0,-0.0018169618111270047,1.0,0.004349110284270547,abnormal,0.35383973968959,0.38433859553768235,0.2618216647727277,1
1787155200000,68554.0,68465.27,0.008512198958683603,2.0,0.004407156028119365,high_volatility,0.3771884261507347,0.36542534128444937,0.25738623256481585,1
1787158800000,68465.26,68197.29,0.022173461731397337,2.0,0.00456165660391361,high_volatility,0.36938466989756485,0.37618286238973747,0.2544324677126977,1
1787162400000,68197.3,68395.99,0.012616382919524716,2.0,0.004481321657545426,high_volatility,0.3764796693730566,0.36885452496829224,0.254665805658651,1
1787166000000,68396.0,68429.44,0.013230416616005991,2.0,0.004397066950164165,high_volatility,0.3815135519049005,0.3649992531605088,0.25348719493459076,1
1787169600000,68429.44,69048.06,0.005386682840908152,2.0,0.004785019901406505,high_volatility,0.379163184910292,0.37107963978897796,0.24975717530073002,1
1787173200000,69048.06,69709.46,0.0001787418809440222,1.0,0.005025229447538025,high_volatility,0.3753230170851902,0.3791191416901324,0.24555784122467741,1
1787176800000,69709.47,69258.9,0.0006117625316026665,1.0,0.0052250864975287,high_volatility,0.355510108484975,0.3937178021336198,0.2507720893814051,1
1787180400000,69258.9,69334.79,-0.002006928989039869,1.0,0.005028208228002935,high_volatility,0.3544033213104665,0.39478468984022186,0.2508119888493116,1
1787184000000,69334.78,69420.0,0.0010373091328146344,1.0,0.004959158435550819,high_volatility,0.3506954264123881,0.3958535223678058,0.25345105121980616,1
1787187600000,69420.0,69721.92,-0.0045233980934547,1.0,0.0049607191804110565,high_volatility,0.3693545996964724,0.37924302443752506,0.2514023758660026,1
1787191200000,69721.92,69301.27,0.007946751913781691,2.0,0.004978182584850287,high_volatility,0.34050917833721417,0.3992499053710157,0.26024091629177004,1
1787194800000,69301.27,69195.64,0.008971808050333818,2.0,0.004900798952574488,high_volatility,0.3328544787684284,0.3926775224161619,0.2744679988154098,1
1787198400000,69195.64,69492.01,0.030220596583693693,2.0,0.0047983799663251885,high_volatility,0.3557680463952358,0.37732926826755137,0.2669026853372129,1
1787202000000,69492.0,69406.54,0.03434013567021221,2.0,0.004658002681270283,high_volatility,0.34606629866293476,0.3812017369723487,0.27273196436471653,1
1787205600000,69406.53,69851.99,0.030693470579721494,2.0,0.004660309035913968,high_volatility,0.3701990708581215,0.36491361929898475,0.2648873098428937,1
1787209200000,69851.99,69816.45,0.030230984245117165,2.0,0.004645823013934023,high_volatility,0.35539467321638857,0.37382532968482785,0.27077999709878353,1
1787212800000,69816.45,71592.1,0.005027649698779335,1.0,0.0054365069730312006,high_volatility,0.36487937709555274,0.3664486426697081,0.2686719802347391,1
1787216400000,71592.11,71789.97,-0.0013648146112890114,1.0,0.00537303307056813,high_volatility,0.3649330948854166,0.373495778252675,0.26157112686190837,1
1787220000000,71789.97,71995.99,-0.0023492975094863144,1.0,0.00545322085526293,high_volatility,0.362193497025597,0.3731595927293349,0.2646469102450682,1
1787223600000,71995.99,71927.07,0.007559879750419274,2.0,0.005367669585439528,high_volatility,0.3708160212871698,0.3795403364955145,0.2496436422173157,1
1787227200000,71927.07,71952.04,0.012301388536030355,2.0,0.005288941373918892,high_volatility,0.3681643468940469,0.3797855417251788,0.2520501113807743,1
1787230800000,71952.04,71691.99,0.01458335861509763,2.0,0.005512900770584465,high_volatility,0.3476578043324307,0.39505564753425065,0.25728654813331864,1
1787234400000,71692.0,71826.85,0.008416212043267812,2.0,0.005483075668285746,high_volatility,0.3618289708951947,0.386234849018631,0.25193618008617424,1
1787238000000,71826.85,72470.83,0.00303473825261813,1.0,0.0056617959217324645,high_volatility,0.3721586010576534,0.3752991597708179,0.2525422391715288,1
1787241600000,72470.84,72837.15,-0.0022708192179402564,1.0,0.005642300908456512,high_volatility,0.37564365991818,0.37632211901175855,0.24803422107006148,1
1787245200000,72837.15,72737.5,5.9254167382727374e-05,1.0,0.005500574501251543,high_volatility,0.36003526676871644,0.393164002971272,0.24680073026001142,1
1787248800000,72737.51,72431.36,0.0033805799035113715,1.0,0.005375408910491448,high_volatility,0.3568535217570784,0.3925385880490677,0.25060789019385377,1
1787252400000,72431.35,72690.76,0.004600172016360871,1.0,0.005235413211153639,high_volatility,0.3720401447368472,0.3749012518502727,0.2530586034128801,1
1787256000000,72690.76,72671.75,0.014259598812468521,2.0,0.005167443379723973,high_volatility,0.36087376879417526,0.38407171248567623,0.2550545187201484,1
1787259600000,72671.76,72741.81,0.03282046459938237,2.0,0.004965166716358981,high_volatility,0.3635853848141825,0.3844864869927067,0.25192812819311083,1
1787263200000,72741.81,72676.22,0.02426543372784118,2.0,0.004838758793745165,trending,0.3486874735500642,0.3958752778877367,0.2554372485621991,1
1787266800000,72676.23,73025.15,0.020343949995309973,2.0,0.004903280466754124,high_volatility,0.3024811076938965,0.3890800025737871,0.30843888973231626,2
1787270400000,73027.02,73708.02,0.01788109353636136,2.0,0.005071871313032801,high_volatility,0.3032184857156758,0.3846004733116112,0.31218104097271304,2
1787274000000,73707.82,75129.23,0.004572121929107942,1.0,0.005828605208765739,high_volatility,0.29754689126236716,0.38215524649484434,0.32029786224278844,2
1787277600000,75129.23,74439.74,0.016207337639814412,2.0,0.005930158193355234,high_volatility,0.29309941025009484,0.38556068615864936,0.32133990359125575,2
1787281200000,74439.75,74510.77,0.024129129252052905,2.0,0.0058664392149896435,high_volatility,0.28993106499439775,0.3981246575031035,0.31194427750249876,2
1787284800000,74510.77,75026.0,0.056407512062484955,2.0,0.0057205709067256316,high_volatility,0.28247861080780484,0.3967204058729501,0.320800983319245,2
1787288400000,75026.0,75472.73,0.032302793340058145,2.0,0.005610556466671536,high_volatility,0.2861512842779295,0.41883836182021356,0.29501035390185704,2
1787292000000,75472.73,75646.21,0.02860434118245969,2.0,0.0055655438404506544,high_volatility,0.2849570459190687,0.42796208092566923,0.2870808731552622,2
1787295600000,75646.2,76308.65,0.005421010593163578,1.0,0.005851545827884683,high_volatility,0.28782473044523743,0.40540503057244454,0.30677023898231803,2
1787299200000,76308.66,79258.03,-0.025667683135702446,0.0,0.006996452250423771,high_volatility,0.2735860406116337,0.403567648720951,0.32284631066741537,2
1787302800000,79258.02,77910.71,-0.008263818928103905,0.0,0.007771258085652067,high_volatility,0.24674185529040263,0.4153097985465509,0.33794834616304653,2
1787306400000,77910.71,77810.02,-0.005466391089476774,1.0,0.007571513885085671,high_volatility,0.25111003616298483,0.4244098132771231,0.32448015055989204,2
1787310000000,77810.01,76722.32,0.006512576783392232,1.0,0.007937209154086279,high_volatility,0.2383259132405332,0.38776101064013296,0.3739130761193337,2
1787313600000,76722.31,77223.66,0.003397274876637546,1.0,0.007843671512209362,high_volatility,0.23822503754169577,0.3934520784258074,0.36832288403249674,2
1787317200000,77223.66,77266.87,0.0016282528333293467,1.0,0.008087459260294914,high_volatility,0.23511629096026446,0.39311375607806165,0.37176995296167387,2
1787320800000,77266.88,77384.68,-0.003084331420637687,1.0,0.007994307163013897,high_volatility,0.23859168485513954,0.416267563718328,0.34514075142653255,2
1787324400000,77384.69,77221.98,-0.0024998064022703215,1.0,0.00782815399857657,high_volatility,0.24455581879484303,0.41428792282313054,0.3411562583820264,2
1787328000000,77221.98,77486.01,0.00044111188587470096,1.0,0.007674937680174229,high_volatility,0.2508502173230638,0.4214077411045378,0.32774204157239845,2
1787331600000,77486.01,77392.68,0.014374356851319714,2.0,0.007430017811078739,high_volatility,0.25119916896286587,0.42248120870194744,0.3263196223351866,2
1787335200000,77392.69,77146.0,0.017034454151867884,2.0,0.007424831655944132,high_volatility,0.2504208401852885,0.38704029929880046,0.3625388605159111,2
1787338800000,77145.99,77028.94,0.016994781441884044,2.0,0.007185266823169743,high_volatility,0.2470317480629828,0.40023950873347736,0.3527287432035398,2
1787342400000,77028.94,77520.19,0.005587060609629546,1.0,0.00700869332149574,high_volatility,0.2518585177981253,0.39898790131873285,0.34915358088314186,2
1787346000000,77520.19,78505.15,-0.008599945353903515,0.0,0.007129066503592489,high_volatility,0.2729404214138746,0.40708256655871106,0.3199770120274142,2
1787349600000,78505.14,78460.14,0.00012566890653009644,1.0,0.006994468472342903,high_volatility,0.28166884099113876,0.4119583099310914,0.3063728490777699,2
1787353200000,78460.13,78338.03,0.0009312207621252622,1.0,0.006844034648262644,high_volatility,0.29967366706349563,0.4013503094615766,0.29897602347492774,2
1787356800000,78338.03,77953.3,0.006628327472987028,1.0,0.006835506909499756,high_volatility,0.29108580408364204,0.3870192540510184,0.3218949418653396,2
1787360400000,77953.3,77830.01,-0.005772323554885772,1.0,0.00658711959012431,high_volatility,0.2887627796362329,0.37336980544824644,0.3378674149155205,2
1787364000000,77830.01,78470.0,-0.012538677201478277,0.0,0.006488709594583392,high_volatility,0.30737978959655826,0.38854409644999194,0.30407611395344974,2
1787367600000,78470.0,78410.98,-0.014306669805682848,0.0,0.006279083749796322,high_volatility,0.3213124381919267,0.3767097888464039,0.30197777296166955,2
1787371200000,78410.98,78470.0,-0.01605008283420417,0.0,0.006159562739360681,high_volatility,0.3456370709554967,0.3846959812679959,0.2696669477765074,2
1787374800000,78470.0,77380.75,-0.004119370773738917,1.0,0.006954324230739581,high_volatility,0.318835534566399,0.35445382032887,0.32671064510473097,2
1787378400000,77380.75,77486.09,-0.006582987991780143,1.0,0.006773485520646744,high_volatility,0.3308201504989471,0.38815275311888514,0.28102709638216783,2
1787382000000,77486.09,77289.18,-0.0020592791901788976,1.0,0.00655481679570607,high_volatility,0.30785739429357634,0.41167835693581556,0.280464248770608,2
1787385600000,77289.18,77210.55,0.001162017366797663,1.0,0.006319381962212001,trending,0.31268385015845857,0.41603851700426675,0.27127763283727463,2
1787389200000,77210.55,77061.99,0.0029408791545610935,1.0,0.006181732432470533,trending,0.31059617849472354,0.4169472958522959,0.2724565256529805,2
1787392800000,77062.0,76976.0,0.0003588131365619418,1.0,0.0061104851211679755,trending,0.31101689147350964,0.4163551336576974,0.2726279748687929,2
1787396400000,76976.01,77130.02,-0.001960196561598182,1.0,0.0059030815155012035,trending,0.32594131580088154,0.4040839153176073,0.2699747688815112,2
1787400000000,77130.01,77300.27,-0.00015860229207487198,1.0,0.00564352153674708,low_liquidity,0.333373384050282,0.39313037406952217,0.27349624188019583,2
1787403600000,77300.27,77288.62,-0.0001372776483782312,1.0,0.005377628317114413,low_liquidity,0.3366189502857215,0.39168856826655113,0.27169248144772745,2
1787407200000,77288.62,77003.62,0.0033016629607802717,1.0,0.005220781577295642,trending,0.31901741883129564,0.39887685413850393,0.2821057270302005,2
1787410800000,77003.62,76978.83,0.005708322664815801,2.0,0.004972341142227922,low_liquidity,0.32537259653882544,0.39167916227233435,0.2829482411888402,2
1787414400000,76978.83,77288.01,0.0003063864627903534,1.0,0.004926752957046546,ranging,0.36381728351436526,0.36299848285658914,0.2731842336290456,2
1787418000000,77288.01,77278.01,-0.0054608031443873495,0.0,0.004743655974386375,low_liquidity,0.3779061047835737,0.3632709467057883,0.25882294851063803,2
1787421600000,77278.01,77257.86,-0.0033666477430258634,1.0,0.004529632343027685,low_liquidity,0.39348451326834477,0.3597366094134719,0.2467788773181834,2
1787425200000,77257.87,77418.25,-0.00443461328562722,0.0,0.0043430255401373736,low_liquidity,0.3992702167475666,0.35669274488270075,0.24403703836973276,2
1787428800000,77418.26,77311.69,-0.00011692927680162502,1.0,0.004154519268778502,low_liquidity,0.3802147254277345,0.37254087483395537,0.24724439973831014,2
1787432400000,77311.69,76856.01,0.004349432139399312,2.0,0.004149925272587006,ranging,0.3958301327612131,0.3481602790411297,0.2560095881976571,2
1787436000000,76856.0,76997.76,0.001061069828524941,1.0,0.004059842665960672,ranging,0.40962597554171043,0.3398823537155334,0.2504916707427562,2
1787439600000,76997.77,77074.93,-0.0019080134098078405,1.0,0.003892040313430987,ranging,0.4006897867234635,0.34791085408089967,0.2513993591956369,2
1787443200000,77074.94,77302.65,-0.009063725499707909,0.0,0.0037789275116269115,ranging,0.4133636479247126,0.3368551667048022,0.2497811853704852,2
1787446800000,77302.65,77190.29,-0.014728795551875784,0.0,0.003648473736127265,low_liquidity,0.4055716868713406,0.34384796373799986,0.25058034939065954,2
1787450400000,77190.29,77079.46,-0.012746716180938589,0.0,0.0035187711252199173,low_liquidity,0.3975810858571975,0.3399926031065129,0.26242631103628966,2
1787454000000,77079.46,76927.87,-0.011968874219447256,0.0,0.003440878835628814,ranging,0.4124966655372695,0.3219614498520359,0.26554188461069456,2
1787457600000,76927.87,76602.0,-0.001507924075089373,1.0,0.00352174433788475,ranging,0.406565022795879,0.3140441346103647,0.2793908425937563,2
1787461200000,76602.0,76053.37,0.006529756669559905,2.0,0.003961725991158223,ranging,0.4073055035302639,0.3152428008236637,0.2774516956460725,2
1787464800000,76053.38,76096.95,0.009112060338817951,2.0,0.003949572565348966,ranging,0.41491730838794116,0.327500744353526,0.25758194725853284,2
1787468400000,76096.96,76007.13,0.017154837973753168,2.0,0.003918475936165002,ranging,0.37247739781961103,0.36416903155820046,0.2633535706221885,2
1787472000000,76007.12,76486.49,0.009407020769288676,2.0,0.004009514274505533,ranging,0.39459571702215945,0.3445541547754476,0.26085012820239295,2
1787475600000,76486.49,76549.98,0.012248729522855495,2.0,0.003817005527447302,ranging,0.3825792664440764,0.37004001994814345,0.2473807136077802,2
1787479200000,76549.99,76790.35,0.005152340105234465,2.0,0.0037466259555285837,ranging,0.4048338799902071,0.34494312083807355,0.2502229991717194,2
1787482800000,76790.35,77311.02,-0.0020034660000605164,1.0,0.003818710209907994,ranging,0.40816186272377325,0.34795644866410064,0.24388168861212625,2
1787486400000,77311.02,77206.0,0.0028997746289149973,1.0,0.003737482429531028,ranging,0.4110557818723361,0.3450255496337043,0.2439186684939596,2
1787490000000,77206.01,77487.62,-0.004016254467487768,0.0,0.0037751494919970453,ranging,0.3991504564816398,0.3519745393760937,0.2488750041422665,2
1787493600000,77487.62,77186.0,0.0020208327935116177,1.0,0.00398481177251591,ranging,0.37964249495986846,0.3571594003095091,0.2631981047306224,2
1787497200000,77186.0,77156.13,0.0024609839814411227,1.0,0.003936818814335446,ranging,0.38410111611213615,0.36170232473223496,0.25419655915562894,2
1787500800000,77156.14,77429.88,-0.00036523367981455834,1.0,0.003819186519771223,ranging,0.3681322748414675,0.3844226050203715,0.2474451201381609,2
1787504400000,77429.87,77176.41,0.008510631681364789,2.0,0.003722268983678844,ranging,0.38018299345427947,0.368318174387225,0.25149883215849556,2
1787508000000,77176.41,77341.98,0.003321611368108268,1.0,0.003614859654846164,ranging,0.38676387174543087,0.3644031413371243,0.24883298691744477,2
1787511600000,77341.99,77346.01,0.005016289786635486,2.0,0.0034845044649389144,ranging,0.38925443234299495,0.361230062226822,0.24951550543018308,2
1787515200000,77346.0,77401.6,0.0035903650570530132,2.0,0.0033772324413677028,low_liquidity,0.38825131279319924,0.368592710520432,0.24315597668636882,2
1787518800000,77401.59,77833.23,-0.01170618256495315,0.0,0.003477212504716788,ranging,0.3993812837084903,0.3473134233057859,0.2533052929857238,2
1787522400000,77833.23,77598.88,-0.0015488625609029194,1.0,0.003469990112063168,ranging,0.3917024374467177,0.3565549050611922,0.25174265749209024,2
1787526000000,77598.87,77734.0,-0.010304114029896727,0.0,0.0035139647497448166,ranging,0.4017859154840122,0.34358911281341,0.25462497170257775,2
1787529600000,77734.0,77679.5,-0.010067778500119084,0.0,0.003595818133793916,ranging,0.39489645243223037,0.3460322603771895,0.2590712871905801,2
1787533200000,77679.51,76922.1,0.0029549375277064804,1.0,0.003817169402934525,ranging,0.3582642873655143,0.353056018851084,0.28867969378340175,2
1787536800000,76922.11,77478.69,-0.0001853412854554426,1.0,0.0038849418971877566,ranging,0.384860061647983,0.3396901831849009,0.2754497551671161,2
1787540400000,77478.7,76933.02,0.004863061400683266,2.0,0.003966924471594051,ranging,0.34964661723577667,0.3443142246652886,0.30603915809893467,2
1787544000000,76933.02,76897.44,0.001873014238185311,1.0,0.0040069170018173835,ranging,0.37451439541684123,0.33009042625503376,0.2953951783281251,2
1787547600000,76897.44,77149.4,0.005245406963631627,2.0,0.00392198918732357,ranging,0.3856422117036747,0.3261126393171268,0.28824514897919856,2
1787551200000,77149.39,77464.33,0.001973682596880355,1.0,0.0038782665370080756,ranging,0.37985572371857534,0.3409478031697934,0.2791964731116313,2
1787554800000,77464.33,77307.15,0.014701098151982173,2.0,0.0038904746890994157,ranging,0.39283573619372236,0.32986104377074593,0.27730322003553165,2
1787558400000,77307.14,77041.47,0.027498436880812438,2.0,0.003945952405983758,ranging,0.36239668924752144,0.3278992392622549,0.3097040714902236,2
1787562000000,77041.46,77554.08,0.013460413688100026,2.0,0.003957520131934602,ranging,0.3909959879527277,0.33351377772286084,0.27549023432441144,2
1787565600000,77554.08,77617.22,0.024397936437300816,2.0,0.0039384944179339035,ranging,0.3903347630012028,0.3256049769598193,0.284060260038978,2
1787569200000,77617.23,78443.65,0.008367280206874605,2.0,0.0042469383529014785,ranging,0.38508245086426574,0.34714154704562494,0.2677760020901093,2
1787572800000,78443.65,79159.99,-0.0014197828979007898,1.0,0.004635799234333204,ranging,0.3850711928716357,0.3440342153516346,0.27089459177672964,2
1787576400000,79159.98,78597.99,0.002075752827775723,1.0,0.005206846777609995,ranging,0.3466432761079426,0.36080369091420694,0.2925530329778504,2
1787580000000,78597.99,79510.92,-0.0073269181138891915,0.0,0.005449474273880142,ranging,0.35343863045201596,0.365989025663921,0.2805723438840631,2
1787583600000,79510.93,79100.01,-0.00432376683643898,1.0,0.0057232585047560566,ranging,0.33326156800493806,0.368256323731749,0.29848210826331295,2
1787587200000,79100.01,79047.6,-0.0014582352911410856,1.0,0.005847552129950138,ranging,0.36826370403549036,0.3442153738468643,0.28752092211764535,2
1787590800000,79047.61,78761.14,0.002832488204208339,1.0,0.0058465094613162965,ranging,0.34259878219530315,0.35836958354559634,0.2990316342591005,2
1787594400000,78761.14,78928.35,-0.002386341536342873,1.0,0.005616248111214385,ranging,0.3372233108501492,0.3818381980361708,0.28093849111367997,2
1787598000000,78928.35,78758.0,0.0029806495848041514,1.0,0.005508472205920108,ranging,0.3157027698844752,0.38481280571671417,0.29948442439881057,2
1787601600000,78757.99,78932.33,0.010232309118456406,2.0,0.005340443699341779,ranging,0.31670307647456064,0.40252743809781844,0.2807694854276209,2
1787605200000,78932.33,78984.23,0.010682765407727723,2.0,0.005062058986329351,ranging,0.3077002269341054,0.4150310693699232,0.27726870369597134,2
1787608800000,78984.23,78740.0,0.024252349504699122,2.0,0.004876171855153903,ranging,0.3186295117862658,0.3977233860014639,0.2836471022122703,2
1787612400000,78740.0,78992.75,0.018929078934459165,2.0,0.0047280333903813344,ranging,0.36625242634415955,0.355958728916936,0.27778884473890453,2
1787616000000,78992.76,79739.99,0.00782217304015198,2.0,0.004979278522943832,ranging,0.37776047021828935,0.34304011927510664,0.2791994105066041,2
1787619600000,79739.99,79828.0,0.011323094653505006,2.0,0.00489093072887765,ranging,0.3808356760963621,0.3493497560253146,0.2698145678783233,2
1787623200000,79828.0,80649.63,-0.0009366440986773306,1.0,0.005308680662376064,trending,0.36486499958037766,0.3555044090336691,0.27963059138595314,2
1787626800000,80649.62,80488.01,-0.009718466141727222,0.0,0.0052810658255755824,trending,0.36365931004132646,0.36284365895126014,0.2734970310074133,2
1787630400000,80488.01,80363.73,-0.00538750503492047,0.0,0.005155677129057575,trending,0.3433005599844472,0.3829540728103849,0.27374536720516796,2
1787634000000,80363.74,80731.9,-0.0191337005570289,0.0,0.0050307612356169495,trending,0.33922256920578286,0.37679436073511763,0.2839830700590995,2
1787637600000,80731.9,80574.09,-0.015693134107999107,0.0,0.004948481816079508,trending,0.33527906532439394,0.38505555990064555,0.2796653747749605,2
1787641200000,80574.09,79705.79,-0.007374621090889266,0.0,0.005424997938183483,trending,0.3113059893492587,0.3731187699739417,0.31557524067679954,2
1787644800000,79705.79,79930.77,-0.011894918565153345,0.0,0.0053595028935189025,trending,0.3307350402417933,0.3850899145072827,0.2841750452509241,2
1787648400000,79930.76,79187.2,-0.006809307564858869,0.0,0.005602510353630854,trending,0.2939936493128166,0.41414300909076257,0.29186334159642074,2
1787652000000,79187.2,79309.63,-0.0009285127165515883,1.0,0.005460171376392105,trending,0.3252811960179634,0.3984324480101452,0.2762863559718914,2
1787655600000,79309.63,79117.99,0.004853763347627993,1.0,0.005309628813133789,ranging,0.3163299875758607,0.39861218387995684,0.28505782854418255,2
1787659200000,79118.0,78980.0,0.0022286654849330567,1.0,0.005227599275979457,ranging,0.3232572600193553,0.392938051784437,0.28380468819620763,2
1787662800000,78980.01,78647.99,0.007527465101142328,2.0,0.005474793698405066,ranging,0.30764522973156133,0.3893881454389272,0.3029666248295116,2
1787666400000,78648.0,79235.99,-0.0013628907772844645,1.0,0.00550867438663282,ranging,0.3332433631621054,0.3673740795456033,0.2993825572922913,2
1787670000000,79236.0,79502.01,-0.007245854538772023,0.0,0.005371417197019321,ranging,0.34899001053873013,0.36425739723825457,0.28675259222301547,2
1787673600000,79502.01,79156.02,-0.012000224367015866,0.0,0.005278087890085238,ranging,0.3421288358530781,0.359435675219397,0.29843548892752503,2
1787677200000,79156.02,79240.01,-0.008455450724955682,0.0,0.005168487122370818,ranging,0.3303922479726984,0.3604395539820841,0.30916819804521745,2
1787680800000,79240.02,79128.0,-0.003013977353149344,1.0,0.004985681993009474,ranging,0.33479785381853244,0.3630100682868347,0.30219207789463276,2
1787684400000,79128.01,78925.95,-0.00490092295373068,1.0,0.0049157502169140796,ranging,0.3403108087685612,0.36048621705273054,0.2992029741787082,2
1787688000000,78925.96,78206.13,0.005442795852447668,2.0,0.005050920584417144,ranging,0.3253406371983906,0.37507707878159036,0.2995822840200191,2
1787691600000,78206.14,78570.0,0.00311989308896532,1.0,0.0051118823742066595,ranging,0.3345422894627761,0.3508958265824291,0.31456188395479473,2
1787695200000,78569.99,78889.51,0.002769569743810152,1.0,0.004961128342519285,ranging,0.35908957438913647,0.35367004893762577,0.2872403766732377,2
1787698800000,78889.51,78539.14,0.006996256898152975,2.0,0.004944139764353673,ranging,0.34115849117750446,0.364023542467821,0.29481796635467455,2
1787702400000,78539.13,78631.79,0.0024698661953390655,1.0,0.004808758742776954,ranging,0.3470362586516818,0.35652744049914203,0.2964363008491762,2
1787706000000,78631.7,78815.13,0.0034365229112733875,1.0,0.0046466812355654506,ranging,0.3930910696078813,0.33554808958733895,0.27136084080477973,2
1787709600000,78815.13,79108.0,-0.0020235627243768706,1.0,0.004571325830731836,ranging,0.4006742813195294,0.3392507249195394,0.2600749937609311,2
1787713200000,79108.01,79088.62,-0.0020617378328260383,1.0,0.004399738789969263,ranging,0.4109162993487402,0.3342007943949766,0.25488290625628335,2
1787716800000,79088.61,78826.0,-0.0015021693349910326,1.0,0.004321627472778025,ranging,0.394374022417932,0.3315966293718389,0.2740293482102291,2
1787720400000,78826.0,79085.98,-0.00811129861449511,0.0,0.004273746382643662,ranging,0.40338447365046226,0.33305571811137613,0.26355980823816166,2
1787724000000,79085.98,78947.92,-0.002792600489031294,1.0,0.0041871314589024345,ranging,0.3892877979932256,0.3407476514457219,0.2699645505610525,2
1787727600000,78947.92,78925.56,-0.005553334052998848,0.0,0.004013500780092989,ranging,0.38302811209346344,0.3404457288245444,0.276526159081992,2
1787731200000,78925.57,78707.59,-0.004929638933170222,0.0,0.0040199457222255775,ranging,0.38439197717718904,0.33281050460466827,0.2827975182181426,2
1787734800000,78707.59,78444.49,5.315860935550809e-05,1.0,0.0040907153548537505,ranging,0.38757218368609725,0.3248499359860573,0.2875778803278454,2
1787738400000,78444.5,78727.45,-0.011901439713848272,0.0,0.004105319806049434,ranging,0.3891819641778286,0.3252266662409628,0.2855913695812085,2
1787742000000,78727.46,78487.26,-0.006059709563055238,0.0,0.004077656931603536,ranging,0.39510262797359386,0.32233272552053177,0.2825646465058744,2
1787745600000,78487.26,78319.59,-0.004191671585614731,1.0,0.0042298280282114355,trending,0.3832054727299925,0.32480100462244116,0.29199352264756623,2
1787749200000,78319.58,78448.66,-7.431611961250528e-05,1.0,0.004271315023299829,trending,0.3980948697078105,0.32082706367884956,0.28107806661334006,2
1787752800000,78448.66,77790.48,0.008766239776384133,2.0,0.0044567262327184385,trending,0.3773567954004505,0.3274962251133588,0.2951469794861908,2
1787756400000,77790.48,78011.65,0.005945778611271768,2.0,0.004420392290613796,trending,0.38409960972844454,0.3294419644065342,0.2864584258650211,2
1787760000000,78011.64,77991.3,0.0059075819995306755,2.0,0.004272624227770826,trending,0.3822584380006471,0.33772075480689523,0.28002080719245753,2
1787763600000,77991.29,78442.83,0.0035845213641576557,1.0,0.004278806555368741,trending,0.38578237691936185,0.33939237784358445,0.27482524523705354,2
1787767200000,78442.84,78472.41,0.002900255006823338,1.0,0.004173889212357553,low_liquidity,0.38662787887011263,0.33908199285021534,0.2742901282796721,2
1787770800000,78472.41,78475.49,0.0069863851758045215,2.0,0.004028516139577089,trending,0.37573223700970615,0.34209274123787636,0.28217502175241743,2
1787774400000,78475.49,78452.04,0.0030333181903237083,1.0,0.0039176228963224485,low_liquidity,0.3821260896569832,0.3368736636065096,0.28100024673650714,2
1787778000000,78452.04,78724.01,0.0022186369825418772,1.0,0.0038717663374813727,trending,0.39057630032515966,0.3429848580883476,0.2664388415864927,2
1787781600000,78724.0,78700.0,0.00022566709021587528,1.0,0.003826032523419962,trending,0.39690014851447347,0.3305139852727801,0.2725858662127464,2
1787785200000,78700.0,79023.75,-0.0024431895474462673,1.0,0.003820267301838245,ranging,0.4075879849511131,0.3302906071531198,0.262121407895767,2
1787788800000,79023.75,78690.01,0.0011943066216411058,1.0,0.0037467834921551457,ranging,0.3984782768975212,0.32889128648755256,0.2726304366149263,2
1787792400000,78690.02,78898.67,0.0001759218501402593,1.0,0.003726265597607488,ranging,0.40845878617234366,0.32924909812707503,0.26229211570058136,2
1787796000000,78898.68,78717.76,0.0012669313760962364,1.0,0.0036168949823610513,ranging,0.3924624331035362,0.3386261010042949,0.2689114658921688,2
1787799600000,78717.76,78830.68,0.003190255367580219,1.0,0.0035422596571783637,ranging,0.3778705945771676,0.34688135082177807,0.2752480546010543,2
1787803200000,78830.68,78783.99,0.012337532029032872,2.0,0.00340859281150105,low_liquidity,0.33715428684528437,0.38032681233498794,0.2825189008197278,2
1787806800000,78783.99,78912.55,0.01360303272419916,2.0,0.003338101159972851,low_liquidity,0.3627308843549209,0.3622670170347954,0.27500209861028363,2
1787810400000,78912.54,78817.49,0.010258002379928577,2.0,0.0032707542549868826,ranging,0.37326169505394496,0.3428119004988821,0.283926404447173,2
1787814000000,78817.5,79082.17,0.005001127308469133,2.0,0.003212299245386632,ranging,0.3840495151795755,0.34494115559862515,0.27100932922179927,2
1787817600000,79082.18,79755.99,-0.005939115043271492,0.0,0.003481030735290214,ranging,0.38030631334046217,0.338839838251535,0.2808538484080028,2
1787821200000,79756.0,79986.0,-0.005661615782762031,0.0,0.0036715136601364953,ranging,0.3938101646026142,0.32962853614600995,0.27656129925137585,2
1787824800000,79986.0,79626.0,0.0072595634591716696,2.0,0.0038639532592152303,ranging,0.3663471333905307,0.3516977759089289,0.2819550907005403,2
1787828400000,79625.99,79477.67,0.010375870354528693,2.0,0.003914769707226786,ranging,0.3726118844841645,0.3390546380760286,0.288333477439807,2
1787832000000,79477.66,79282.31,0.013769654289840894,2.0,0.003822486714988657,ranging,0.3782692612348292,0.3341908712150928,0.28753986755007793,2
1787835600000,79282.31,79533.15,0.011433094250636433,2.0,0.0038874378592106936,ranging,0.37880625079424407,0.32982864417801416,0.2913651050277416,2
1787839200000,79533.16,80204.05,-0.00066530306137913,1.0,0.00413183651915661,ranging,0.37990822107383826,0.33924235470546765,0.2808494242206941,2
1787842800000,80204.06,80302.32,-0.0048831714949207905,0.0,0.004208752531385161,ranging,0.3974471721868127,0.33729034697825744,0.2652624808349298,2
1787846400000,80302.32,80374.0,-0.0034588299698907754,1.0,0.004136385348041937,ranging,0.40199473303648203,0.3381020006772013,0.2599032662863165,2
1787850000000,80374.0,80442.46,-0.003212979811905381,1.0,0.004167305130298634,ranging,0.4007531397525796,0.3344077378604087,0.2648391223870116,2
1787853600000,80442.47,80150.69,0.0019029156205643272,1.0,0.004254156043246217,ranging,0.3833191504395553,0.34099311979495317,0.2756877297654916,2
1787857200000,80150.69,79910.19,0.004247142948852867,2.0,0.0041810527266745185,ranging,0.37630207116831593,0.33838175808324683,0.28531617074843724,2
1787860800000,79910.19,80096.0,0.005992808629644353,2.0,0.004000286559032309,low_liquidity,0.351046929066151,0.3555856789372239,0.2933673919966251,2
1787864400000,80096.0,80184.0,0.003945674947620548,2.0,0.003821787013992167,low_liquidity,0.345005660687019,0.3640099613016055,0.29098437801137556,2
1787868000000,80184.0,80303.21,-0.0046959517558514685,0.0,0.0036942271753425213,trending,0.37657880169495,0.35772340180650014,0.2656977964985499,2
1787871600000,80303.21,80249.58,-0.005471555115927007,0.0,0.003571285187002215,trending,0.3726502604429178,0.3525165684554732,0.274833171101609,2
1787875200000,80249.59,80576.0,-0.011569077640984915,0.0,0.003596029810474347,trending,0.3992195546804109,0.3386968173201535,0.2620836279994355,2
1787878800000,80575.99,80500.38,-0.010116473984346452,0.0,0.003898499852790538,trending,0.3909449543324176,0.33039130038041525,0.27866374528716714,2
1787882400000,80500.38,79926.11,-0.000274003076091045,1.0,0.004062873423729001,trending,0.36159781668299174,0.3316087212946045,0.3067934620224038,2
1787886000000,79926.11,79810.49,-0.001885591731112135,1.0,0.003930852489578328,trending,0.3501848229831394,0.34114927529506806,0.30866590172179253,2
1787889600000,79810.48,79643.81,-0.0015949764331967264,1.0,0.0038550358716269374,trending,0.34412452505261376,0.35524121410536735,0.3006342608420189,2
1787893200000,79643.8,79686.0,-0.00502986722887333,0.0,0.0037469215586709314,trending,0.3524181008042283,0.3467580560784162,0.3008238431173555,2
1787896800000,79686.0,79904.21,-0.004234069769290083,0.0,0.003637667694512208,trending,0.37134741654603953,0.34839070681471485,0.2802618766392457,2
1787900400000,79904.21,79660.0,-0.0007013557619883759,1.0,0.0035661871201201133,trending,0.3439304257462212,0.34449457923858856,0.31157499501519026,2
1787904000000,79660.0,79516.78,-0.0012038968378749182,1.0,0.003511452962555277,ranging,0.3761610305909446,0.321439300449949,0.3023996689591064,2
1787907600000,79516.77,79285.19,0.0005746344304655704,1.0,0.0034092681524129486,ranging,0.37298161759782716,0.3244916549026752,0.3025267274994976,2
1787911200000,79285.19,79565.89,-0.0002947242844891784,1.0,0.0034621316028811654,ranging,0.3795396598362631,0.3160804996324962,0.3043798405312407,2
1787914800000,79565.9,79604.13,-0.015991632594941962,0.0,0.003329081193620015,ranging,0.3616315600925848,0.3426143525727858,0.2957540873346293,2
1787918400000,79604.12,79421.05,-0.020556137195365642,0.0,0.0033257303569549147,ranging,0.3627813058694046,0.33060771741370965,0.30661097671688575,2
1787922000000,79421.04,79330.75,-0.01798482933793011,0.0,0.003416076688476538,ranging,0.36159882317732434,0.3201796645699789,0.3182215122526967,2
1787925600000,79330.34,79542.44,-0.024998478799493684,0.0,0.0038552330723489805,ranging,0.3692300792501215,0.3085552475665104,0.322214673183368,2
1787929200000,79542.44,78331.13,-0.009588780348247283,0.0,0.004470184449622798,ranging,0.315036886958966,0.35547450107342177,0.32948861196761225,2
1787932800000,78331.13,77788.46,-0.004899441382436587,1.0,0.00501507530828385,ranging,0.3004840754999828,0.34914059789303903,0.3503753266069781,2
1787936400000,77788.45,77904.0,-0.006931608133086908,0.0,0.004919005447364282,ranging,0.3125154878881579,0.3774306482824454,0.31005386382939665,2
1787940000000,77904.0,77554.0,0.002639322278670475,1.0,0.004956023825637685,trending,0.28852469236707073,0.4035095025434766,0.30796580508945265,2
1787943600000,77554.0,77580.03,0.0034266550296513376,1.0,0.0048332422781035365,trending,0.2841213689778376,0.40059130563807127,0.31528732538409115,2
1787947200000,77580.03,77407.34,0.0042152333357534655,1.0,0.0046638933097513085,trending,0.28160615111725956,0.41221874320152346,0.30617510568121686,2
1787950800000,77407.34,77364.0,0.005559562587249989,2.0,0.004489203613503681,trending,0.2961839018771254,0.3996541479573527,0.304161950165522,2
1787954400000,77364.0,77758.69,-0.0011254047618344254,1.0,0.004385045699546601,trending,0.3224094651872199,0.392455669601942,0.28513486521083814,2
1787958000000,77758.69,77845.87,-0.004350905192529786,0.0,0.004180667993075293,trending,0.3691631821783895,0.3559907927133248,0.27484602510828576,2
1787961600000,77845.88,77733.63,-0.0010898757719149943,1.0,0.0040210327263275345,trending,0.3673169530253568,0.35179406186675904,0.2808889851078841,2
1787965200000,77733.63,77794.11,-0.002077020998119239,1.0,0.003851016036488644,trending,0.36116335025675966,0.36619449618531236,0.27264215355792787,2
1787968800000,77794.11,77671.18,-0.0026310917382739163,1.0,0.003716893214819836,trending,0.36616482908702735,0.35665865393719187,0.2771765169757808,2
1787972400000,77671.18,77507.17,0.001533277501939434,1.0,0.003582713025202006,trending,0.35438441729176173,0.3507480845656792,0.2948674981425591,2
1787976000000,77507.17,77648.91,-0.00019214693419389306,1.0,0.0034153890501416656,trending,0.3577157308120952,0.3527787381253594,0.28950553106254534,2
1787979600000,77648.91,77632.53,0.00022542096721567262,1.0,0.0032339647168550378,low_liquidity,0.3625042848243174,0.34208943908977557,0.2954062760859069,2
1787983200000,77632.52,77466.82,0.0021731884695923576,1.0,0.0031477874911962074,trending,0.3614682687731569,0.34263074195797166,0.2959009892688714,2
1787986800000,77466.83,77626.01,-0.0005325534572754309,1.0,0.003046136699655668,trending,0.3792447563806461,0.32292584047628686,0.2978294031430671,2
1787990400000,77626.01,77633.99,-0.0006472680329839831,1.0,0.002909011791663948,trending,0.37369576014828115,0.3398049255906854,0.2864993142610334,2
1787994000000,77634.0,77650.03,0.0006991626403751727,1.0,0.002804550936031259,trending,0.38141305683251175,0.3386764713141554,0.27991047185333295,2
1787997600000,77650.02,77635.17,0.00488438422946702,2.0,0.0027184430496712286,trending,0.3782998909087391,0.3292116741414801,0.2924884349497807,2
1788001200000,77635.17,77584.67,0.003617853887887934,2.0,0.0026096928756811975,trending,0.3366772938751293,0.3297425675312211,0.3335801385936496,2
1788004800000,77584.66,77583.74,0.00571550172755253,2.0,0.0025069263291638147,trending,0.34269734884867803,0.3225270587373367,0.3347755924139853,2
1788008400000,77583.74,77704.32,0.005092123578199992,2.0,0.0025,trending,0.3296377708193275,0.3387892299088214,0.331572999271851,2
1788012000000,77704.32,78014.37,0.0018411992559832502,1.0,0.0025,trending,0.32631811480525963,0.3590317138924,0.3146501713023403,2
1788015600000,78014.37,77865.36,0.004066506595487462,2.0,0.0025,trending,0.3330900119764666,0.32716129616175094,0.33974869186178247,2
1788019200000,77865.36,78027.17,0.0013168489899095803,1.0,0.0025,trending,0.3375809441843421,0.33210366894232163,0.3303153868733363,2
1788022800000,78027.17,78100.0,0.0007891165172855263,1.0,0.0025,trending,0.32186416055425493,0.344375788049185,0.33376005139656006,2
1788026400000,78099.99,78158.01,0.0008998437908027679,1.0,0.0025,trending,0.31391841783845154,0.3551552192940488,0.3309263628674997,2
1788030000000,78158.01,78182.0,0.0006139520605765725,1.0,0.0025,trending,0.34658165503094457,0.3640407716330045,0.28937757333605085,2
1788033600000,78181.99,78129.92,0.0006391917462607033,1.0,0.0025,low_liquidity,0.3427898844430016,0.34657547707902786,0.31063463847797057,2
1788037200000,78129.92,78161.63,-0.0010251833284439238,1.0,0.0025,low_liquidity,0.33913110627470583,0.35791426701318596,0.30295462671210815,2
1788040800000,78161.62,78228.34,-0.001563755539232936,1.0,0.0025,ranging,0.35146002425473555,0.34530502271585806,0.3032349530294064,2
1788044400000,78228.33,78230.0,-0.0010906301930206919,1.0,0.0025,ranging,0.31297420447573854,0.3588912000085378,0.3281345955157237,2
1788048000000,78230.0,78179.86,-0.000896778275121024,1.0,0.0025,ranging,0.3127761027977916,0.35027863954397076,0.3369452576582377,2
1788051600000,78179.86,78081.5,0.0005918175239973955,1.0,0.0025,ranging,0.30693502939260053,0.3451873878652596,0.3478775827421399,2
1788055200000,78081.49,78106.01,0.0022319665285681634,1.0,0.0025,low_liquidity,0.28835312104929745,0.3792627700560944,0.33238410889460834,2
1788058800000,78106.0,78144.68,-0.00034141799544118445,1.0,0.0025,ranging,0.3073154776431257,0.3626586167858538,0.33002590557102046,2
1788062400000,78144.68,78109.75,-0.00045756131596896843,1.0,0.0025,ranging,0.30975381900127535,0.3477675141033775,0.3424786668953472,2
1788066000000,78109.74,78127.71,-0.0016345033023495992,1.0,0.0025,ranging,0.2953255740303635,0.37269328809755786,0.3319811378720786,2
1788069600000,78127.72,78280.34,-0.0017252096758905155,1.0,0.0025,ranging,0.29505077821407366,0.38474427027271463,0.32020495151321166,2
1788073200000,78280.34,78118.0,0.000614455055172991,1.0,0.0025,ranging,0.29811761745297205,0.347257081977541,0.3546253005694869,2
1788076800000,78118.0,78074.01,0.009107384134617869,2.0,0.0025,ranging,0.2950124204490454,0.33520802336586814,0.36977955618508657,2
1788080400000,78074.01,78000.01,0.01102551140698571,2.0,0.0025,ranging,0.29790914180772615,0.3240843902377427,0.3780064679545311,2
1788084000000,78000.01,78145.29,0.008169654242757396,2.0,0.0025,ranging,0.3098951201348254,0.3300251453585097,0.3600797345066649,2
1788087600000,78145.29,78166.0,0.008413248727068057,2.0,0.0025,ranging,0.317259867760798,0.32143245801532183,0.36130767422388016,2
1788091200000,78165.99,78785.06,0.007017447216515427,2.0,0.0025,ranging,0.339164654898147,0.31571740151552297,0.34511794358632997,2
1788094800000,78785.06,78860.0,0.0020418463099163287,1.0,0.0025,ranging,0.3404520042872273,0.33471844521700067,0.3248295504957722,2
1788098400000,78860.01,78783.71,0.0032110699026486333,2.0,0.0025,ranging,0.3289610352769077,0.3504053622735909,0.3206336024495014,2
1788102000000,78783.7,78823.63,0.00041561140992874,1.0,0.0025,ranging,0.3883446120748152,0.30791401638190186,0.30374137154328296,2
1788105600000,78823.62,79337.93,-0.009334753251061478,0.0,0.0025,ranging,0.3935206867014209,0.3000977102309169,0.3063816030676622,2
1788109200000,79337.93,79021.02,-0.004657241832616288,0.0,0.0025,trending,0.3793759244278233,0.31535172400145123,0.3052723515707255,2
1788112800000,79021.02,79036.69,-0.007777147550080965,0.0,0.0025,trending,0.3712859894678645,0.3244682463209887,0.3042457642111468,2
1788116400000,79036.68,78856.39,-0.014892768994370642,0.0,0.0025,trending,0.33995352111707455,0.3254057398606395,0.33464073902228597,2
1788120000000,78856.39,78597.33,-0.008400921507130232,0.0,0.0025,trending,0.33488655527099565,0.319702148576808,0.34541129615219635,2
1788123600000,78597.32,78653.0,-0.012867404930517523,0.0,0.002536582399205004,trending,0.3451092905569523,0.3072751912814149,0.34761551816163294,2
1788127200000,78653.0,78422.01,-0.01208869805810886,0.0,0.002648698461039487,trending,0.3442756687146849,0.31812293116316537,0.3376014001221498,2
1788130800000,78422.01,77682.0,0.0009617414587679285,1.0,0.0032851068123725133,trending,0.2974869898232015,0.329076011662016,0.3734369985147825,2
1788134400000,77682.0,77937.04,-0.004038644526402235,0.0,0.003452614421830918,trending,0.3039270194166984,0.3085435888353065,0.38752939174799506,2
1788138000000,77937.03,77640.94,0.00483069885552645,2.0,0.0034544506396869718,trending,0.30298712281747325,0.3065688070548066,0.39044407012772026,2
1788141600000,77640.93,77473.99,0.008001136897686445,2.0,0.003550950577123341,trending,0.30715363057106854,0.3104968424811126,0.3823495269478189,2
1788145200000,77474.0,77756.71,0.00564967319219134,2.0,0.0035487814892053533,trending,0.31629723373716795,0.3151194226203798,0.3685833436424523,2
1788148800000,77756.7,77622.28,0.011060226522591199,2.0,0.0034723171624211264,trending,0.31755774229277084,0.3065183922555819,0.3759238654516473,2
1788152400000,77622.29,78016.0,0.006345236874487181,2.0,0.0035611259919149873,trending,0.3318594177986024,0.30760131050977185,0.3605392716916258,2
1788156000000,78016.01,78093.87,0.007889735775676199,2.0,0.003464044040852115,trending,0.3265786166896621,0.30240729795121524,0.3710140853591227,2
1788159600000,78093.88,78196.01,0.0015271878961597984,1.0,0.003370557311233964,trending,0.3521753763280859,0.3052783341773247,0.3425462894945895,2
1788163200000,78196.01,78480.8,-0.007013307713478967,0.0,0.003413271354989022,trending,0.3527066547566252,0.30982710234870303,0.33746624289467164,2
1788166800000,78480.79,78511.03,-0.008198083759695884,0.0,0.0033896797369345867,ranging,0.3566682394752528,0.3044966203867838,0.3388351401379635,2
1788170400000,78511.03,78710.01,-0.0013958834460825464,1.0,0.003365616772721632,ranging,0.3558960444649944,0.31600713492361565,0.3280968206113899,2
1788174000000,78710.02,78315.43,0.0033836244019858075,2.0,0.0033642453417290804,ranging,0.35493844724297285,0.29729246149095345,0.3477690912660737,2
1788177600000,78315.43,77930.39,0.009100172602754864,2.0,0.003617176969746547,ranging,0.3408356785535034,0.28521655663313683,0.3739477648133597,2
1788181200000,77930.4,77867.39,0.013227231579227228,2.0,0.0036726305319189512,ranging,0.35112369083932415,0.2958962124704875,0.3529800966901883,2
1788184800000,77867.39,78600.14,0.005290830270785696,2.0,0.0038912326195901393,ranging,0.3458304469533749,0.2956672365690012,0.35850231647762393,2
1788188400000,78601.93,78580.42,0.00404222833117962,2.0,0.003922667988449256,ranging,0.3425335415303863,0.30605785086281495,0.35140860760679876,2
1788192000000,78580.43,78639.57,0.002863062450621179,1.0,0.0038361927486629975,ranging,0.34212289904803334,0.31990302964088874,0.33797407131107793,2
1788195600000,78639.57,78897.36,0.0008486975990071866,1.0,0.003836187680601454,ranging,0.3425417768611174,0.340450456481492,0.31700776665739056,2
1788199200000,78897.35,79016.0,-0.005351447808038978,0.0,0.003791548588741259,ranging,0.3429087643768797,0.32998665067720073,0.3271045849459196,2
1788202800000,79016.01,78898.06,-0.004014927616724728,0.0,0.003742216803686514,ranging,0.37291836618988916,0.3216583024927241,0.30542333131738686,2
1788206400000,78898.06,78864.72,-0.002697277058740566,1.0,0.003687060030349135,ranging,0.37684338074461216,0.3012236183645105,0.32193300089087723,2
1788210000000,78864.73,78964.32,-0.007012027710743385,0.0,0.003603314979941741,ranging,0.3782614401148061,0.3097582732515303,0.31198028663366356,2
1788213600000,78964.33,78593.15,-0.0018215327926159874,1.0,0.003599778572832612,ranging,0.36291785302849955,0.3023415203607521,0.3347406266107483,2
1788217200000,78593.15,78581.29,0.0012435530137009376,1.0,0.0034460158440827475,ranging,0.33437610463078493,0.3260741281478566,0.3395497672213585,2
1788220800000,78581.3,78652.0,0.0009549661801353526,1.0,0.0033811753175380086,ranging,0.35601678858239855,0.30045145596280703,0.3435317554547945,2
1788224400000,78652.0,78410.62,0.009812063723000808,2.0,0.0033800693014497587,ranging,0.35038134769274726,0.30855879301357386,0.34105985929367894,2
1788228000000,78410.62,78449.99,0.0037654561842517253,2.0,0.0032832611709568624,ranging,0.35520114049096835,0.29914535382723423,0.34565350568179737,2
1788231600000,78449.99,78679.01,-0.0005927883434222458,1.0,0.0032979620779748065,ranging,0.35782539587112744,0.29408577989070844,0.3480888242381641,2
1788235200000,78679.01,78727.11,-0.01071841707386445,0.0,0.003202675207583514,ranging,0.3618930538536009,0.31154914296494857,0.3265578031814505,2
1788238800000,78727.11,79179.99,-0.01597613235364148,0.0,0.003224015962783113,ranging,0.38339684330760126,0.31511560855161624,0.30148754814078255,2
1788242400000,79179.99,78745.39,-0.009089040006024507,0.0,0.0032467879543797468,ranging,0.35654369912369355,0.2991153476764069,0.34434095319989955,2
1788246000000,78745.39,78632.37,-0.0067834658932446334,0.0,0.003185987606716238,ranging,0.3470226151598496,0.2911979637796729,0.36177942106047745,2
1788249600000,78632.37,77883.28,0.001550011761189296,1.0,0.0034480065481021552,ranging,0.3437931876645533,0.30823348800167644,0.34797332433377026,2
1788253200000,77883.28,77915.0,0.0020148880189951868,1.0,0.003352263705466364,ranging,0.3619241820821239,0.2863551683838576,0.35172064953401855,2
1788256800000,77915.0,78029.67,0.0017726590411057952,1.0,0.003348430654599857,ranging,0.35191450562247717,0.3031322234113409,0.34495327096618195,2
1788260400000,78029.67,78098.97,-0.0023036155278360892,1.0,0.0032779947646209523,ranging,0.34118470553591373,0.3464507225855648,0.3123645718785214,2
1788264000000,78098.96,78004.0,-0.0052303728013948225,0.0,0.003275013545248373,ranging,0.35694979968539214,0.30801224158303026,0.33503795873157766,2
1788267600000,78004.01,78071.99,-0.010326366728964032,0.0,0.0034183048194970926,ranging,0.36010051848145486,0.3000825107871952,0.3398169707313499,2
1788271200000,78072.0,78167.99,-0.012973213204023892,0.0,0.0033741982911250088,ranging,0.3680702662966215,0.3013702121971291,0.3305595215062494,2
1788274800000,78168.0,77919.06,-0.00779090507508684,0.0,0.003386347207714921,ranging,0.33373686094212895,0.30390589650600663,0.3623572425518644,2
1788278400000,77919.07,77596.01,-0.0019016441695905995,1.0,0.003520977142992669,ranging,0.33645563596431227,0.2980236529297979,0.3655207111058899,2
1788282000000,77596.01,77265.79,-0.0007049691719969164,1.0,0.003549771979817605,ranging,0.3340915346009012,0.32212340581883253,0.34378505958026634,2
1788285600000,77265.79,77153.9,0.0015568882454419786,1.0,0.0038007255372759846,ranging,0.3271079748543656,0.298444619695415,0.3744474054502193,2
1788289200000,77153.89,77312.0,0.0016426945364238499,1.0,0.0037185692614671636,ranging,0.3414692211116486,0.32884427439459185,0.3296865044937597,2
1788292800000,77312.0,77448.45,-0.003036858710535828,1.0,0.003577146520089114,low_liquidity,0.32498602857020165,0.37901578865059493,0.29599818277920337,2
1788296400000,77448.46,77211.32,-0.0024690680071266513,1.0,0.0036626216154475658,trending,0.326355880466385,0.35770903371698853,0.3159350858166265,2
1788300000000,77211.32,77274.02,0.0007140821714723966,1.0,0.0035834923604707576,trending,0.3217048566272581,0.36278628191382245,0.3155088614589195,2
1788303600000,77274.02,77439.0,0.001607717041800738,1.0,0.0035529801192157105,trending,0.319562204150632,0.3175049313630929,0.36293286448627515,2
1788307200000,77439.01,77213.25,0.0045143806276772835,2.0,0.0035197604009260903,trending,0.31598149571079415,0.3175913956703589,0.36642710861884703,2
1788310800000,77213.24,77020.68,0.008184684944355425,2.0,0.0036401631883601045,trending,0.32107342214101964,0.29827405959330067,0.38065251826567964,2
1788314400000,77020.67,77329.2,0.0036511434231829565,2.0,0.0035854539266815737,trending,0.3276569604884708,0.30638029139511375,0.3659627481164155,2
1788318000000,77329.2,77563.5,-0.00115582716097129,1.0,0.003583126534326146,trending,0.34252108333569004,0.3117843800980776,0.34569453656623245,2
1788321600000,77563.5,77561.82,-0.009124463556940854,0.0,0.0035031280801814213,trending,0.32491122440694414,0.3404261378703063,0.3346626377227496,2
1788325200000,77561.82,77651.07,-0.01157498538011148,0.0,0.003427949143609167,trending,0.3220958050792881,0.3361124477671086,0.34179174715360333,2
1788328800000,77651.08,77611.54,-0.011991258001065153,0.0,0.003329393454512473,trending,0.3211897928711471,0.3148787191819337,0.36393148794691915,2
1788332400000,77611.53,77473.85,-0.008326551475110744,0.0,0.0032586862650321306,trending,0.32320225880917086,0.31483393865007386,0.3619638025407553,2
1788336000000,77473.86,76854.11,-0.0031257924917742486,1.0,0.003495986116351836,trending,0.31984003958768364,0.2945591561662873,0.385600804246029,2
1788339600000,76854.11,76752.26,0.005130011806818491,2.0,0.0035659328934041397,trending,0.3297206448126415,0.29912972978180996,0.3711496254055486,2
1788343200000,76752.26,76680.88,0.0050278504889353925,2.0,0.0035880729808883526,trending,0.3241368308084056,0.30552546081270077,0.3703377083788936,2
1788346800000,76680.88,76828.76,0.00599020470979883,2.0,0.0036002270483676433,trending,0.32108951931958724,0.32711918892655223,0.3517912917538606,2
1788350400000,76828.75,76613.88,0.007278315626358944,2.0,0.0035973067039727527,trending,0.3182921880721222,0.33656411184047985,0.3451437000873979,2
1788354000000,76613.87,77146.0,0.0030547273999947944,1.0,0.003778263768733251,trending,0.3268010886788655,0.3362567846537751,0.33694212666735934,2
1788357600000,77146.0,77066.42,0.004039891823183206,2.0,0.00377880829209683,trending,0.32134877322220695,0.3509400247690685,0.32771120200872456,2
1788361200000,77066.42,77288.98,0.0006791395099277064,1.0,0.0038525580510561275,trending,0.33445105452804974,0.3187313996756537,0.34681754579629653,2
1788364800000,77288.97,77171.5,0.0030388161432652883,1.0,0.003810792167019382,trending,0.33144043311218097,0.2980512566451978,0.3705083102426213,2
1788368400000,77171.51,77381.66,-0.0012620561512896034,1.0,0.003781223687077027,trending,0.3351812042372108,0.3423560604463336,0.32246273531645564,2
1788372000000,77381.65,77377.76,-0.00444223249677933,0.0,0.0036373073704395443,trending,0.32720303878413654,0.3433015882360572,0.32949537297980624,2
1788375600000,77377.76,77341.47,-1.887732415750687e-05,1.0,0.0035408901199810282,trending,0.3021573720541385,0.3487148035199049,0.34912782442595663,2
1788379200000,77341.48,77406.01,-0.004366586005401851,0.0,0.0034582654414795798,ranging,0.3239857764234127,0.33332501945293147,0.3426892041236558,2
1788382800000,77406.0,77284.0,0.0009406862998808663,1.0,0.0033215569305564034,ranging,0.3092314350265414,0.32543313432351495,0.36533543064994367,2
1788386400000,77284.01,77034.03,0.01015109815752857,2.0,0.00323946041924085,low_liquidity,0.29393808471469707,0.3253217428977583,0.3807401723875446,2
1788390000000,77034.03,77340.01,0.004758080584680524,2.0,0.003198574510283465,low_liquidity,0.31341570734177404,0.3222035130726706,0.36438077958555537,2
1788393600000,77340.01,77068.01,0.009186561324212361,2.0,0.0032108052540160774,ranging,0.3274182007964337,0.304497432305257,0.3680843668983093,2
1788397200000,77068.0,77356.7,0.005858703900244011,2.0,0.0032910020616178305,ranging,0.34325433856423515,0.31605776072950076,0.34068790070626415,2
1788400800000,77356.69,77816.01,0.0002464788415650343,1.0,0.003401998939861363,ranging,0.33939562493625614,0.34206650571599195,0.3185378693477519,2
1788404400000,77816.02,77708.0,-0.0005771606526999706,1.0,0.0032946008370301435,ranging,0.3525419035499742,0.3340906972192175,0.3133673992308083,2
1788408000000,77708.01,77776.0,0.0008658197901665332,1.0,0.0032141598436271203,ranging,0.35014896679331653,0.3494039066749085,0.30044712653177497,2
1788411600000,77775.99,77809.91,-0.00250186640750516,1.0,0.003384688630437638,ranging,0.34784940533711445,0.3184844190459781,0.3336661756169075,2
1788415200000,77809.91,77835.19,-0.001275901041675298,1.0,0.003228576514648533,ranging,0.32761663058858287,0.36603597773915586,0.30634739167226127,2
1788418800000,77835.2,77663.15,0.003672784325642331,2.0,0.003326826230433872,ranging,0.34429489709545336,0.3165704425144247,0.339134660390122,2
1788422400000,77663.14,77843.34,0.010393181998614276,2.0,0.0033038421043154157,ranging,0.33388374234306484,0.3350524318125975,0.3310638258443377,2
1788426000000,77843.34,77615.24,0.01578659036550034,2.0,0.003279771339294989,ranging,0.3327477255307934,0.31935614420866787,0.34789613026053867,2
1788429600000,77615.25,77735.88,0.03620065792012639,2.0,0.003203557551341546,ranging,0.33049339124114985,0.33114673102237363,0.3383598777364765,2
1788433200000,77735.88,77948.39,0.04361360125590785,2.0,0.0031290481799141558,ranging,0.34498272385689494,0.3319501857351528,0.32306709040795223,2
1788436800000,77948.39,78652.38,0.02945861269550898,2.0,0.0033626840772901134,ranging,0.3666573924478353,0.33193849322872604,0.3014041143234387,2
1788440400000,78652.37,78840.52,0.02792320497125078,2.0,0.0034138812089724462,ranging,0.3757049782079195,0.3228324586372264,0.30146256315485415,2
1788444000000,78840.52,80549.97,0.008744261481413496,2.0,0.004090786489906303,ranging,0.349528954475372,0.32454485925189624,0.32592618627273173,2
1788447600000,80549.97,81348.0,0.005008236219698148,2.0,0.00429642091253333,high_volatility,0.39312730180225175,0.3385900338324437,0.2682826643653046,2
1788451200000,81348.0,80969.37,0.006220006404891176,2.0,0.0044033019868288245,high_volatility,0.36348436206743256,0.34990710601248937,0.28660853192007807,2
1788454800000,80969.37,81042.0,0.006761925914957612,2.0,0.004244911493258007,high_volatility,0.3320726707718773,0.3497313349278319,0.3181959943002908,2
1788458400000,81042.0,81254.32,-0.001406940578667193,1.0,0.004157851478873458,trending,0.32277231802618794,0.34933492075132594,0.3278927612224862,2
1788462000000,81254.31,81755.41,-0.005932818390856465,0.0,0.004161171657804966,trending,0.34666313997917325,0.3602086969058565,0.29312816311497036,2
1788465600000,81755.41,81473.0,-0.006147803566825871,0.0,0.004081048616048892,trending,0.3209662250992289,0.3831474493423181,0.295886325558453,2
1788469200000,81473.0,81590.0,-0.007623360705968918,0.0,0.004315688687899049,high_volatility,0.33664400689499,0.3646389140376775,0.29871707906733247,2
1788472800000,81590.0,81140.0,-0.003796031550406642,1.0,0.004399170323421494,high_volatility,0.31126188157807755,0.33642769581605825,0.3523104226058643,2
1788476400000,81140.0,81270.37,-0.005172487832896477,0.0,0.004215499485194086,high_volatility,0.29861363314103184,0.3610863137440227,0.3403000531149454,2
1788480000000,81270.37,80972.12,0.0012154800936421406,1.0,0.004176382507297334,high_volatility,0.29491459921446805,0.3451400889897188,0.3599453117958131,2
1788483600000,80972.11,80968.01,0.00034754466609721035,1.0,0.004057384684667565,trending,0.296760815525258,0.3480918677992228,0.3551473166755192,2
1788487200000,80968.01,80831.99,-0.0004280483506592381,1.0,0.003932207964751625,trending,0.29437110107557596,0.354857987237251,0.3507709116871731,2
1788490800000,80832.0,80850.0,-0.002388744588744607,1.0,0.003764914332981191,trending,0.29883509586383944,0.36039272760287233,0.34077217653328823,2
1788494400000,80850.01,81070.54,0.0009451028696738639,1.0,0.003733885162300705,trending,0.33614251838872644,0.33899930266594924,0.32485817894532437,2
1788498000000,81070.54,80996.15,0.0007467021580656041,1.0,0.0036186615248063186,trending,0.3322312998709522,0.3311854550836679,0.3365832450453799,2
1788501600000,80996.15,80797.39,0.004730845884997059,2.0,0.0036425712262768218,trending,0.32230848682211666,0.33715295295679976,0.3405385602210836,2
1788505200000,80797.4,80656.87,0.007042053578325103,2.0,0.003561022694603404,trending,0.3111758672345206,0.34857614602259224,0.3402479867428872,2
1788508800000,80656.86,81147.16,-0.02086579493355034,0.0,0.003674409271724707,trending,0.36165391283449616,0.3119053042941103,0.32644078287139355,2
1788512400000,81147.16,81056.63,-0.02070108268749893,0.0,0.0036144380980623974,trending,0.36443062424628203,0.30751080980849715,0.32805856594522087,2
1788516000000,81056.63,81179.63,-0.02788778416457427,0.0,0.003542743270556839,trending,0.3931505436134918,0.3166392533624344,0.29021020302407374,2
1788519600000,81179.64,81224.86,-0.022105670603802863,0.0,0.0034688479457382925,trending,0.4034918043675064,0.31149192470321524,0.28501627092927845,2
1788523200000,81224.86,79453.96,0.0036721895296343288,1.0,0.004464557618202004,high_volatility,0.30011439117738326,0.3601500896483188,0.339735519174298,2
1788526800000,79453.95,79378.67,0.0011785281864762354,1.0,0.004529687681469563,high_volatility,0.315849981085088,0.3557320221378604,0.32841799677705164,2
1788530400000,79378.66,78915.71,0.008901142750917357,2.0,0.004726098252458846,high_volatility,0.3117509940984294,0.3591731513485756,0.3290758545529951,2
1788534000000,78915.71,79429.33,0.004582815944689456,1.0,0.004767684852320154,high_volatility,0.2922353929796814,0.36149446780487554,0.34627013921544303,2
1788537600000,79429.33,79745.73,-0.0006105656064594456,1.0,0.004677680077776317,high_volatility,0.30623634960679674,0.37880021054290747,0.31496343985029573,2
1788541200000,79745.72,79472.22,0.0019098497563048156,1.0,0.004557996278999376,high_volatility,0.3067108895364616,0.39437701617253584,0.2989120942910027,2
1788544800000,79472.22,79618.15,0.00022532550680964825,1.0,0.004323518012959946,high_volatility,0.32247603214810183,0.382059699775876,0.2954642680760222,2
1788548400000,79618.15,79793.34,-0.0016614168550908026,1.0,0.004114294835961886,trending,0.3326737197016566,0.34078839186966103,0.3265378884286824,2
1788552000000,79793.35,79697.04,-0.0015518769580400438,1.0,0.003929442627067953,trending,0.32616866754781937,0.36019068257889614,0.3136406498732846,2
1788555600000,79697.03,79624.0,-0.0011386014267055211,1.0,0.003817517601434616,trending,0.327009981711837,0.3241778441206623,0.34881217416750077,2
1788559200000,79624.0,79636.09,-0.0008413270917746463,1.0,0.0036045737908315086,trending,0.3171058664193431,0.3433665083646437,0.33952762521601326,2
1788562800000,79636.09,79660.77,-0.0009888179589527812,1.0,0.003430591742458041,low_liquidity,0.3343711396501478,0.3525763984131607,0.3130524619366915,2
1788566400000,79660.77,79573.36,-0.0009217909109280331,1.0,0.003274991006392488,low_liquidity,0.33444442731203144,0.3418614720471969,0.32369410064077164,2
1788570000000,79573.37,79533.34,0.0005556160473079164,1.0,0.003137787874807879,trending,0.33816764378659925,0.33886859972777694,0.3229637564856237,2
1788573600000,79533.34,79569.09,0.0009415716580396527,1.0,0.0029930249014990277,ranging,0.3583073383093533,0.33414298176778867,0.30754967992285803,2
1788577200000,79569.09,79582.0,0.001607901284210067,1.0,0.0028433076044430653,ranging,0.3463190910169364,0.32662570625808107,0.32705520272498245,2
1788580800000,79581.99,79500.01,0.0018866664293502033,1.0,0.00269136837224319,ranging,0.3409363797524665,0.3277500466882451,0.33131357355928837,2
1788584400000,79500.01,79577.53,0.0006754419243724108,1.0,0.002581790867159201,ranging,0.3538836109155103,0.30591266266138517,0.3402037264231044,2
1788588000000,79577.53,79644.01,-0.00032645267359088237,1.0,0.0025,ranging,0.3577905510511647,0.30534088398244963,0.33686856496638556,2
1788591600000,79644.01,79709.96,-0.0012630792939803959,1.0,0.0025,ranging,0.352525156210648,0.31140317151389807,0.33607167227545387,2
1788595200000,79709.96,79650.0,0.0006797237915880938,1.0,0.0025,ranging,0.35350876783027996,0.2996042249944658,0.34688700717525434,2
1788598800000,79650.01,79631.28,-0.00022114425386610126,1.0,0.0025,ranging,0.34200252518572044,0.3057351946862088,0.3522622801280708,2
1788602400000,79631.29,79618.01,0.0012779771812936325,1.0,0.0025,ranging,0.3409206859635369,0.2966579388304799,0.36242137520598317,2
1788606000000,79618.0,79609.28,0.0024711943130246716,1.0,0.0025,ranging,0.3375083345062784,0.29872443461784437,0.3637672308758772,2
1788609600000,79609.29,79704.14,0.004238926610336646,2.0,0.0025,ranging,0.3570742300079592,0.3025695532786964,0.3403562167133446,2
1788613200000,79704.13,79613.67,0.0055886131112912185,2.0,0.0025,ranging,0.35257942190897323,0.29316220438314106,0.3542583737078857,2
1788616800000,79613.67,79719.76,0.0035150632666229864,2.0,0.0025,ranging,0.3467079187047206,0.30876492754252616,0.34452715375275317,2
1788620400000,79719.75,79806.01,-0.0006517053038986864,1.0,0.0025,ranging,0.3477764629946883,0.3174712785798967,0.3347522584254151,2
1788624000000,79806.0,80042.0,-0.0038001299317858006,0.0,0.0025,ranging,0.3641470782895663,0.33001758271137177,0.305835338999062,2
1788627600000,80041.99,80058.6,-0.0019058539619728476,1.0,0.0025,ranging,0.34500079151241897,0.3629767217946084,0.2920224866929726,2
1788631200000,80058.6,79999.98,-0.002699875674968766,0.0,0.0025,ranging,0.34061455430810217,0.3677038355380002,0.2916816101538976,2
1788634800000,79999.99,79754.0,0.0009748727336560403,1.0,0.0025,ranging,0.35183304055416686,0.30928090430769545,0.33888605513813774,2
1788638400000,79753.99,79737.83,0.0016324748240577058,1.0,0.0025,ranging,0.3422692748133538,0.313918057705089,0.3438126674815572,2
1788642000000,79737.83,79906.02,0.0005677920136679671,1.0,0.0025,low_liquidity,0.3307502040889812,0.3335692042563758,0.3356805916546429,2
1788645600000,79906.02,79783.99,0.0015452974964023092,1.0,0.0025,ranging,0.3531610312722628,0.31998166469421163,0.3268573040335256,2
1788649200000,79783.99,79831.75,0.002458420365330838,1.0,0.0025,ranging,0.3388685336094215,0.3059200132769787,0.35521145311359975,2
1788652800000,79831.75,79868.0,-2.4916111584172285e-05,1.0,0.0025,low_liquidity,0.31475793273609765,0.3272495089947054,0.35799255826919696,2
1788656400000,79868.01,79951.39,0.0004720368213737558,1.0,0.0025,ranging,0.33247892332307444,0.32465748706306785,0.34286358961385766,2
1788660000000,79951.38,79907.28,-0.001534653663596175,1.0,0.0025,ranging,0.33096524275252587,0.3185329106338122,0.35050184661366185,2
1788663600000,79907.28,80028.01,-0.0027866493244051993,0.0,0.0025,ranging,0.33218285223831223,0.3258945682856976,0.34192257947599014,2
1788667200000,80028.01,79866.01,-0.00036110480541096113,1.0,0.0025,ranging,0.3286357552370981,0.32490568693768146,0.34645855782522056,2
1788670800000,79866.01,79989.13,-0.0012921755743561247,1.0,0.0025,ranging,0.3394249705263487,0.30618186795775426,0.3543931615158971,2
1788674400000,79989.12,79784.65,0.002748398344794456,2.0,0.0025,ranging,0.3460417905244099,0.29699285431245154,0.35696535516313843,2
1788678000000,79784.65,79805.0,0.0014306121170353236,1.0,0.0025,ranging,0.3398428816073095,0.29534567170910425,0.36481144668358617,2
1788681600000,79804.68,79837.17,0.0010630386823580196,1.0,0.0025,ranging,0.332694049957635,0.30874486117677125,0.3585610888655937,2
1788685200000,79837.17,79885.77,-0.0006983721881883564,1.0,0.0025,ranging,0.3113288769597928,0.3491820752055654,0.3394890478346419,3
1788688800000,79885.78,80003.93,-0.005760592010917387,0.0,0.0025,ranging,0.31895298061467503,0.3474905501847867,0.3335564692005383,3
1788692400000,80003.92,79919.17,-0.002535937247596487,0.0,0.0025,ranging,0.3143824182152233,0.328829434355525,0.35678814742925175,3
1788696000000,79919.17,79922.04,-0.0030034268394549812,0.0,0.0025,ranging,0.31561320777009333,0.32458641603186605,0.3598003761980406,3
1788699600000,79922.04,79829.98,-0.0010602533033329253,1.0,0.0025,ranging,0.30832074587635655,0.3243566868574271,0.36732256726621637,3
1788703200000,79829.99,79543.06,0.005183104597685784,2.0,0.0025,ranging,0.31512048350035415,0.3036712527615747,0.3812082637380712,3
1788706800000,79543.07,79716.5,0.001423670131026844,1.0,0.0025,ranging,0.3129839601076158,0.30526481419552226,0.3817512256968619,3
1788710400000,79716.51,79682.0,0.0028864737330889234,2.0,0.0025,ranging,0.2999140761401473,0.31849220212538226,0.3815937217344703,3
1788714000000,79682.0,79745.34,0.002495945217614093,1.0,0.0025,ranging,0.3003667725155594,0.3333132939743457,0.36631993351009495,3
1788717600000,79745.34,79955.34,0.001248572015327687,1.0,0.0025,ranging,0.3015002825322406,0.3389970265496968,0.35950269091806253,3
1788721200000,79955.34,79829.99,0.006411625505652552,2.0,0.0025,ranging,0.30009331972166914,0.3282084942859114,0.3716981859924195,3
1788724800000,79830.0,79912.0,0.0031035388927820318,2.0,0.0025,ranging,0.30941720951179347,0.3321061975926397,0.35847659289556677,3
1788728400000,79912.0,79944.38,-0.00022815862728564618,1.0,0.0025,ranging,0.3067984995658377,0.32425561190739277,0.3689458885267695,3
1788732000000,79944.39,80055.17,-0.0022600664017076166,1.0,0.0025,ranging,0.3277990426129644,0.3256801893507505,0.34652076803628507,3
1788735600000,80055.18,80341.83,-0.00927835474994787,0.0,0.0025,ranging,0.33549822542518837,0.33849959759552506,0.3260021769792866,3
1788739200000,80341.83,80160.01,-0.005439245828437356,0.0,0.0025,ranging,0.32866559536921763,0.3418942180675983,0.3294401865631841,3
1788742800000,80160.01,79926.14,-0.002085300253458988,1.0,0.0025,ranging,0.3188786117273791,0.32989029105638507,0.35123109721623597,3
1788746400000,79926.14,79874.24,-0.002691355811335394,0.0,0.0025,ranging,0.32368009975534096,0.325906941615352,0.35041295862930705,3
1788750000000,79874.25,79596.39,-0.002494585495648738,1.0,0.0025,ranging,0.31324102401696163,0.31947641429058377,0.36728256169245455,3
1788753600000,79596.38,79724.0,-0.00359515327881188,0.0,0.0025,ranging,0.30269420319218004,0.32276348819416434,0.3745423086136557,3
1788757200000,79724.01,79759.47,-0.005587048158669949,0.0,0.0025,ranging,0.31848522418547226,0.3163574456362282,0.36515733017829954,3
1788760800000,79759.47,79659.27,-0.003756876004512799,0.0,0.0025,ranging,0.29966727142507343,0.3438124326285823,0.3565202959463442,3
1788764400000,79659.28,79397.83,0.00028124194326228924,1.0,0.0025,ranging,0.3122765547753617,0.31295696058548644,0.3747664846391519,3
1788768000000,79397.83,79437.38,0.0021332526324506773,1.0,0.0025,ranging,0.2977066868917344,0.33912794742845015,0.3631653656798154,3
1788771600000,79437.39,79313.85,0.0004811265623845262,1.0,0.0025,ranging,0.3126508606235309,0.3176570138651445,0.3696921255113246,3
1788775200000,79313.85,79360.0,-0.002117565524193621,1.0,0.0025,ranging,0.29858545324849456,0.3471630478418519,0.3542514989096535,3
1788778800000,79360.0,79420.16,-0.007531714869373207,0.0,0.0025,ranging,0.2964422623255611,0.3422114591195705,0.36134627855486845,3
1788782400000,79420.16,79606.84,-0.007260305772720077,0.0,0.0025,ranging,0.3048221240233075,0.3542125199822561,0.34096535599443634,3
1788786000000,79606.84,79352.01,-0.0020954730699322965,1.0,0.0025,ranging,0.3147640123190354,0.31210413234611767,0.3731318553348469,3
1788789600000,79352.0,79191.95,5.316196911442361e-05,1.0,0.0025,ranging,0.3062089909761245,0.31049003042513523,0.38330097859874035,3
1788793200000,79191.96,78821.99,0.006899470566525956,2.0,0.0025,ranging,0.30519765787267317,0.3106282640369023,0.38417407809042453,3
1788796800000,78822.0,79028.87,0.0026462481369151636,2.0,0.0025,ranging,0.30261595944598063,0.33071039098557703,0.36667364956844234,3
1788800400000,79028.88,79185.73,-0.0002744181306404414,1.0,0.0025,ranging,0.29422814204889086,0.34673653100989754,0.3590353269412116,3
1788804000000,79185.74,79196.16,-0.0030805786543186553,0.0,0.0025,trending,0.29194192154249204,0.35653229678226334,0.3515257816752446,3
1788807600000,79196.15,79365.82,-0.0031979761564866482,0.0,0.0025,ranging,0.32240368653466456,0.32965470170788697,0.34794161175744853,3
1788811200000,79365.81,79238.0,0.0009475251773138904,1.0,0.0025,ranging,0.31044693225049175,0.3269440926187947,0.3626089751307136,3
1788814800000,79238.0,79164.0,0.0035115709160731257,2.0,0.0025,low_liquidity,0.3037793092636383,0.33050218881117926,0.36571850192518257,3
1788818400000,79164.01,78952.19,-0.000280929509365202,1.0,0.0025,trending,0.30748946160312485,0.30769808176921654,0.3848124566276586,3
1788822000000,78952.18,79112.01,-0.0026004901152175686,0.0,0.0025,trending,0.3015291220608864,0.3146572555741509,0.3838136223649628,3
1788825600000,79112.0,79313.08,-0.007998302423761539,0.0,0.0025,trending,0.3072146657171811,0.3123325389897305,0.38045279529308834,3
1788829200000,79313.09,79441.99,-0.010875734608360221,0.0,0.0025,trending,0.2972147188589104,0.33587466855477377,0.3669106125863159,3
1788832800000,79441.98,78930.01,-0.007683009288862341,0.0,0.0025,trending,0.3086032279717742,0.3016573760885202,0.3897393959397057,3
1788836400000,78930.01,78906.28,-0.005377011817056854,0.0,0.0025,trending,0.32495307779087984,0.301012777499971,0.3740341447091492,3
1788840000000,78906.27,78678.71,-0.0033136028793558925,0.0,0.0025,trending,0.31938638164825095,0.3055348111491799,0.3750788072025692,3
1788843600000,78678.7,78578.0,0.0023414950749574004,1.0,0.0025,trending,0.3169483730937575,0.3027400496033891,0.3803115773028533,3
1788847200000,78577.99,78323.59,0.0031205157986247123,2.0,0.0025,trending,0.3133068389442243,0.3062071555976217,0.380486005458154,3
1788850800000,78323.59,78482.0,-0.0006624448918224335,1.0,0.0025,trending,0.308232172793071,0.3190013333432341,0.3727664938636949,3
1788854400000,78482.0,78418.0,0.0004079420541203138,1.0,0.0025,trending,0.30842515037848883,0.3229338148108631,0.3686410348106481,3
1788858000000,78418.0,78761.99,-0.010161373525478523,0.0,0.0025,trending,0.3170537619270225,0.343462451133209,0.3394837869397685,3
1788861600000,78762.0,78568.0,-6.109357499228807e-06,1.0,0.002517747743096208,trending,0.31428773309691777,0.3335588331451437,0.3521534337579385,3
1788865200000,78568.01,78430.01,0.006043477490312865,2.0,0.0025083412958477927,trending,0.29486130175233066,0.30835034543595535,0.396788352811714,3
1788868800000,78430.0,78449.99,0.003644359929172669,2.0,0.0025,trending,0.29643253532966396,0.31267756173417155,0.3908899029361645,3
1788872400000,78450.0,77961.66,0.006961370499294128,2.0,0.0028213690434065984,trending,0.29287221183723666,0.30623124400367824,0.40089654415908516,3
1788876000000,77961.66,78567.52,-0.0016739741816975684,1.0,0.0030233758385286905,trending,0.29906751517410396,0.3225304825241523,0.37840200230174387,3
1788879600000,78567.52,78904.0,-0.005804521950724895,0.0,0.003045022922606276,trending,0.30268645683639006,0.3274278612969629,0.36988568186664705,3
1788883200000,78904.0,78735.89,-0.0031485006392890647,0.0,0.0030496841610144205,trending,0.29764145266697506,0.3375014404069556,0.3648571069260693,3
1788886800000,78735.88,78504.38,-0.00015540534171487597,1.0,0.0030542015219613573,trending,0.2972842964832205,0.32222071923935786,0.3804949842774217,3
1788890400000,78504.38,78436.0,0.0016120148911213938,1.0,0.003139570167667382,trending,0.29442448537136123,0.318994841729967,0.3865806728986717,3
1788894000000,78436.01,78446.0,0.00012492670117025817,1.0,0.0030256347712576304,trending,0.2995633063805586,0.3230287326960859,0.37740796092335555,3
1788897600000,78445.99,78487.99,0.003652278520573482,2.0,0.002923621352277672,trending,0.29201489431612027,0.3192387447465947,0.388746360937285,3
1788901200000,78487.99,78492.18,0.005087385775245368,2.0,0.0028332441388225255,trending,0.2899278829391649,0.32268953435293285,0.3873825827079023,3
1788904800000,78492.19,78562.44,0.002082038185168278,1.0,0.0027402113129644163,trending,0.29294987819616763,0.3273296619565341,0.37972045984729824,3
1788908400000,78562.43,78455.8,0.002322454171648225,1.0,0.002638985380673982,trending,0.30200934736298396,0.3224520207536088,0.3755386318834072,3
1788912000000,78455.8,78774.65,0.005037788171702529,2.0,0.0026261858714139164,trending,0.3150737839954173,0.3481819517328835,0.3367442642716992,3
1788915600000,78774.66,78891.5,0.00040473308277810816,1.0,0.0025751292662549124,trending,0.3196724931859059,0.34086300363860444,0.3394645031754897,3
1788919200000,78891.49,78726.01,0.005500342262995561,2.0,0.0025280622327394317,trending,0.30940741546834666,0.34481714952842063,0.34577543500323266,3
1788922800000,78726.01,78638.01,0.008131182363338096,2.0,0.0025,trending,0.3043733189340096,0.32830479484927116,0.3673218862167193,3
1788926400000,78638.01,79171.5,0.006650372924600356,2.0,0.002569580651508667,trending,0.3339069819102151,0.33341625749415216,0.33267676059563267,3
1788930000000,79171.5,78923.43,0.00036212313631067694,1.0,0.002681025510749505,trending,0.3164031512381135,0.34695002536853553,0.33664682339335095,3
1788933600000,78923.43,79159.03,-0.003019491269663166,0.0,0.002712168222750082,ranging,0.3329746787618301,0.34050263100353134,0.3265226902346385,3
1788937200000,79159.03,79277.43,0.0005968911958929013,1.0,0.0026491055112464524,ranging,0.3401520309750975,0.3312097322646533,0.3286382367602493,3
1788940800000,79277.44,79698.02,-0.001152851727056814,1.0,0.0027136232471162603,trending,0.3430172202768164,0.33127503249373397,0.3257077472294497,3
1788944400000,79698.02,78952.01,0.002389806161996466,1.0,0.0029865476849931434,ranging,0.3290588922697389,0.3227878833029973,0.34815322442726393,3
1788948000000,78952.01,78920.01,0.00048150019241011144,1.0,0.002940410581534865,ranging,0.32037745863400474,0.31332344204450474,0.36629909932149046,3
1788951600000,78920.01,79324.75,-0.00917809384838908,0.0,0.003069784131042589,ranging,0.3288879615530054,0.31356742275331256,0.35754461569368207,3
1788955200000,79324.75,79606.14,-0.010065052771055183,0.0,0.0030455818068232726,ranging,0.3375634700971585,0.3300243685402572,0.3324121613625843,3
1788958800000,79606.15,79140.69,-0.004607996215347687,0.0,0.003156405160084022,ranging,0.3230834377010253,0.31120674087576483,0.36570982142320974,3
1788962400000,79140.69,78958.01,-0.006884545342518034,0.0,0.003228867261899198,ranging,0.3197988639036136,0.2992961646147763,0.38090497148160996,3
1788966000000,78958.01,78596.7,-0.004602737773977683,0.0,0.0037399426767992503,ranging,0.31007473711555916,0.3094986434209324,0.3804266194635085,3
1788969600000,78596.7,78804.9,-0.00610152414380305,0.0,0.0037236979132848004,ranging,0.3129176494687674,0.3181856860605936,0.368896664470639,3
1788973200000,78804.9,78776.01,-0.00800992586448579,0.0,0.0036006550561395734,ranging,0.3101741855628055,0.32650908363921727,0.36331673079797727,3
1788976800000,78776.0,78414.42,-0.006253441650145519,0.0,0.003571429576361283,ranging,0.3066613027292848,0.3290488638628867,0.3642898334078285,3
1788980400000,78414.42,78234.94,0.0009137860909715911,1.0,0.003556926030762332,ranging,0.30744879368525396,0.31880095067671393,0.37375025563803216,3
1788984000000,78234.94,78324.07,-0.0018304717821738814,1.0,0.0035305135170312983,ranging,0.3086703691829602,0.31798483195401206,0.3733447988630278,3
1788987600000,78324.07,78145.02,-0.0006528886933550027,1.0,0.00347527898585291,trending,0.29934779334922973,0.3269148395295078,0.3737373671212624,3
1788991200000,78145.02,77924.06,0.005566958395134991,2.0,0.003470489360425046,trending,0.3002875689162719,0.32232143289105236,0.3773909981926758,3
1788994800000,77924.0,78306.43,0.00027647793418772437,1.0,0.0034260715745315254,trending,0.2988277865812468,0.3324484262719349,0.36872378714681825,3
1788998400000,78306.43,78180.7,0.0028050401185970575,1.0,0.0033556095421418005,trending,0.30167177699342324,0.3220215359610859,0.37630668704549075,3
1789002000000,78180.7,78094.0,0.005668937434374133,2.0,0.003424778141093,trending,0.30259422662362623,0.33235275159426647,0.3650530217821074,3
1789005600000,78094.01,78357.86,0.0007421080667593394,1.0,0.003384444971858891,trending,0.3009798889612544,0.3342312537075175,0.36478885733122807,3
1789009200000,78357.87,78328.08,-0.0027586530909476936,1.0,0.0032927183134927,trending,0.30523242522124505,0.3377461886622361,0.35702138611651885,3
1789012800000,78328.08,78400.0,-0.0036989795918367374,0.0,0.003130151189137555,low_liquidity,0.3058503242790826,0.36437687852216927,0.3297727971987482,3
1789016400000,78400.01,78536.71,-0.0069356101115009006,0.0,0.003061747531794818,trending,0.3069463726558339,0.3349071792105446,0.3581464481336215,3
1789020000000,78536.71,78416.01,-0.0070495808190188525,0.0,0.0030628006722198827,ranging,0.3161475602502869,0.33269396327351647,0.3511584764761966,3
1789023600000,78416.01,78112.0,-0.0034719377304383015,0.0,0.0031379501830982727,ranging,0.30709133002099853,0.3148794554601887,0.37802921451881283,3
1789027200000,78112.0,78110.0,-0.015542056074766442,0.0,0.0029867168472376346,ranging,0.3000417254470619,0.3283497375906345,0.3716085369623036,3
1789030800000,78110.0,77992.01,-0.01048274047559472,0.0,0.0029525166270150272,ranging,0.308142571578655,0.3067168810390132,0.3851405473823319,3
1789034400000,77992.0,77863.21,-0.005794777790435468,0.0,0.0028690986061060434,trending,0.2984875442775518,0.3191186086961042,0.38239384702634394,3
1789038000000,77863.2,77840.8,-0.0075898500529285595,0.0,0.0028669026623324655,trending,0.2954378456184022,0.32019596910248366,0.3843661852791142,3
1789041600000,77840.64,76896.01,0.0039533910797191485,2.0,0.0034099706843930717,trending,0.2926053804813898,0.32105343892805965,0.38634118059055056,3
1789045200000,76896.01,77174.44,0.0019991074765168815,1.0,0.003426533094569685,trending,0.3033496022481029,0.30362708973725966,0.3930233080146374,3
1789048800000,77174.43,77412.01,-0.002066991930580242,1.0,0.003438602693463079,trending,0.30405831273926287,0.3098653729119804,0.3860763143487567,3
1789052400000,77412.01,77250.0,-0.0011543042071197052,1.0,0.003377620803699564,trending,0.29411974757015497,0.3469929621997938,0.3588872902300512,3
1789056000000,77250.0,77200.01,0.0008817356370809382,1.0,0.003419862336541963,trending,0.29303866968428016,0.34198302981754714,0.3649783004981727,3
1789059600000,77200.0,77328.72,-0.0023887631917351992,1.0,0.0034018208107780665,trending,0.29476497090564696,0.3443485377375827,0.36088649135677037,3
1789063200000,77328.72,77252.0,-0.005379148759902641,0.0,0.0033602457232441395,trending,0.29570780335147623,0.35502026234267176,0.349271934305852,3
1789066800000,77252.0,77160.83,-0.007673712167170832,0.0,0.0032435037069944227,trending,0.29247240718615564,0.34268012060633857,0.3648474722075058,3
1789070400000,77160.83,77268.08,-0.004652503336435965,0.0,0.0031360193311177715,low_liquidity,0.28752448662405683,0.34802875471015043,0.36444675866579285,3
1789074000000,77268.08,77144.0,-0.002236985377994438,1.0,0.003029477807049718,trending,0.290558398843315,0.3459464566691812,0.3634951444875037,3
1789077600000,77144.01,76836.45,2.9022683895485457e-05,1.0,0.0030476834397807273,trending,0.2882384963906285,0.3413379659282553,0.3704235376811162,3
1789081200000,76836.45,76568.72,0.00421947761435737,2.0,0.0030706657935838707,trending,0.30846047401118565,0.32548325444578735,0.3660562715430269,3
1789084800000,76568.73,76908.59,0.002670963022465944,1.0,0.00304869747850061,trending,0.31247905545366295,0.3374331564114044,0.35008778813493263,3
1789088400000,76908.59,76971.43,0.00365629169160564,2.0,0.003012046452360385,trending,0.31358892285033113,0.34820892105619994,0.33820215609346893,3
1789092000000,76971.44,76838.68,0.005977848656431917,2.0,0.0029377854585736084,trending,0.313237887362494,0.35350540925242496,0.33325670338508095,3
1789095600000,76838.68,76891.8,0.0044074920862822164,2.0,0.002834656935255475,trending,0.3135722074661258,0.318788662569803,0.3676391299640713,3
1789099200000,76891.81,77114.01,0.0032538834383013526,2.0,0.0027950936947084676,trending,0.31857832996069996,0.3381148189852973,0.3433068510540027,3
1789102800000,77114.01,77252.86,-0.002729478235498295,0.0,0.0026927560450012724,trending,0.31816731090159656,0.35796469195326014,0.32386799714514336,3
1789106400000,77252.87,77298.01,-0.003942662948243969,0.0,0.002637277628365372,trending,0.3172686453396315,0.36078635882098453,0.3219449958393839,3
1789110000000,77298.01,77230.7,-0.0025194644098784913,1.0,0.00256172005467489,trending,0.31629906271633146,0.34408177008424584,0.3396191671994227,3
1789113600000,77230.7,77364.93,0.008635178756059236,2.0,0.0025714961078853746,trending,0.3156618190056349,0.3555397329640998,0.3287984480302653,3
1789117200000,77364.94,77042.0,0.028563121414293402,2.0,0.002678432369879615,trending,0.3060404339708034,0.3299110709675095,0.364048495061687,3
1789120800000,77042.0,76993.25,0.023446990482931973,2.0,0.0025984868119918202,trending,0.3061631488438544,0.33313409882914213,0.36070275232700355,3
1789124400000,76993.25,77036.12,0.009036410452655241,2.0,0.002579715001209879,trending,0.3042098100834595,0.3227148055516126,0.37307538436492793,3
1789128000000,77036.12,78032.99,-0.0014992376942112307,1.0,0.0035193924730581062,trending,0.3126187262002286,0.3320864439886962,0.35529482981107513,3
1789131600000,78032.98,79242.56,-0.021561140881869556,0.0,0.004342627902346235,high_volatility,0.3109869582833461,0.33386300575228584,0.35515003596436806,3
1789135200000,79242.56,78798.51,-0.022138870392346188,0.0,0.0048062170369007305,high_volatility,0.3158507961488503,0.34466887467040036,0.33948032918074933,3
1789138800000,78798.4,77732.25,-0.005740731806939903,0.0,0.005377050834459774,high_volatility,0.31561282932038753,0.3447101161630151,0.3396770545165973,3
1789142400000,77732.25,77916.0,-0.007401175625032064,0.0,0.005358601732681129,high_volatility,0.32585850790612975,0.34879238286148495,0.3253491092323853,3
1789146000000,77916.0,77534.0,-0.005494234787319141,0.0,0.005259971260393206,high_volatility,0.31030820530454334,0.3615967342358307,0.32809506045962594,3
1789149600000,77534.0,77054.0,0.0012458795130687594,1.0,0.005278999099094926,high_volatility,0.3015680942563797,0.3426814097279498,0.35575049601567055,3
1789153200000,77054.0,77286.01,-0.0007803482156731878,1.0,0.005090174567688423,high_volatility,0.3006598688511522,0.3514929194218014,0.3478472117270464,3
1789156800000,77286.0,77339.33,-0.0006710686529093346,1.0,0.004896230558631744,high_volatility,0.2975391138308649,0.36327863845153474,0.33918224771760036,3
1789160400000,77339.33,77108.01,0.0021315554635634726,1.0,0.0047524481587500845,high_volatility,0.29310310308564447,0.37411070277993386,0.33278619413442173,3
1789164000000,77108.01,77150.0,0.001788723266364256,1.0,0.004557338822277544,high_volatility,0.30269459077502175,0.3384859092834735,0.35881949994150475,3
1789167600000,77150.0,77225.7,0.0005489105310796383,1.0,0.004286508776781444,high_volatility,0.2926980083304819,0.3541013393682801,0.35320065230123804,3
1789171200000,77225.71,77287.43,-0.0008368760612170734,1.0,0.004039450372793189,ranging,0.3070153133492057,0.36619777204032833,0.32678691461046605,3
1789174800000,77287.43,77272.37,-0.0007036150178905132,1.0,0.003816030040449737,low_liquidity,0.28670716238809996,0.3735040882020258,0.33978874940987436,3
1789178400000,77272.36,77288.0,2.2383811199677695e-05,1.0,0.003599449838653306,ranging,0.2969167998762808,0.3636628037226767,0.33942039640104255,3
1789182000000,77288.01,77268.09,1.8895251584494233e-05,1.0,0.0034085625299505717,ranging,0.2988564492413456,0.3541625132627714,0.346981037495883,3
1789185600000,77268.09,77222.75,0.001777455477822265,1.0,0.003221423472406611,ranging,0.2974525061223791,0.3474396736214534,0.35510782025616755,3
1789189200000,77222.75,77218.0,0.001702193789012929,1.0,0.003045197948756621,ranging,0.30109849492437996,0.34647601356085583,0.3524254915147642,3
1789192800000,77218.0,77289.73,0.0005590652212137392,1.0,0.002913341450680029,low_liquidity,0.2862532352954569,0.36278779409412176,0.35095897061042125,3
1789196400000,77289.73,77269.55,0.0011193283770902784,1.0,0.0027514274598941387,ranging,0.3054767109565702,0.3685971459858822,0.3259261430575476,3
1789200000000,77269.54,77360.01,-0.0002586607731823731,1.0,0.002609785360206153,ranging,0.3105829772331045,0.3722309972713001,0.3171860254955954,3
1789203600000,77360.0,77349.44,0.00022081607830637395,1.0,0.0025,ranging,0.31921268878328224,0.362657056559287,0.3181302546574308,3
1789207200000,77349.44,77332.94,0.0016590601624613122,1.0,0.0025,ranging,0.3123100771971261,0.3682173613555175,0.3194725614473563,3
1789210800000,77332.94,77356.04,0.0003145197194684979,1.0,0.0025,low_liquidity,0.2982079737899243,0.3778183609335696,0.3239736652765062,3
1789214400000,77356.05,77340.0,0.0002328678562191211,1.0,0.0025,ranging,0.3069932899070721,0.35660074686786136,0.3364059632250666,3
1789218000000,77340.01,77366.52,-0.0020156005465929994,1.0,0.0025,ranging,0.3122057445567766,0.3481519144877825,0.3396423409554409,3
1789221600000,77366.52,77461.24,-0.004263293487168585,0.0,0.0025,ranging,0.30864009929126984,0.35462940745119886,0.33673049325753135,3
1789225200000,77461.25,77380.37,-0.0034295519651816875,0.0,0.0025,ranging,0.3076961025726092,0.3589253589518484,0.3333785384755424,3
1789228800000,77380.38,77358.01,-0.002430388268777839,1.0,0.0025,ranging,0.29862616214371634,0.3751209005870559,0.32625293726922777,3
1789232400000,77358.0,77210.58,0.0006920036088318149,1.0,0.0025,ranging,0.31442805322519096,0.34332866380592875,0.34224328296888035,3
1789236000000,77210.58,77131.0,0.0013116645706654495,1.0,0.0025,ranging,0.3113119261176303,0.35112012204759857,0.3375679518347711,3
1789239600000,77131.0,77114.99,0.0021233225861791993,1.0,0.0025,ranging,0.32045962262219974,0.3435884597665553,0.335951917611245,3
1789243200000,77115.0,77170.0,0.0013738499416873218,1.0,0.0025,ranging,0.3195015144692697,0.3579203675662142,0.322578117964516,3
1789246800000,77170.0,77264.01,0.0007242699414644616,1.0,0.0025,ranging,0.32246294545113335,0.3583345449702337,0.3192025095786329,3
1789250400000,77264.0,77232.17,0.0007482633208417688,1.0,0.0025,ranging,0.3173162758616913,0.3647789842680865,0.3179047398702222,3
1789254000000,77232.17,77278.73,-0.0011221716505952495,1.0,0.0025,low_liquidity,0.30073878113549357,0.36448846942131263,0.3347727494431939,3
1789257600000,77278.73,77276.02,-0.0008542106594000565,1.0,0.0025,low_liquidity,0.29524208835939275,0.3595026638480267,0.3452552477925804,3
1789261200000,77276.02,77319.97,2.6383869522916825e-05,1.0,0.0025,ranging,0.3171197745581737,0.34379390583006814,0.3390863196117581,3
1789264800000,77319.97,77289.96,-0.002168586967828734,1.0,0.0025,ranging,0.31455712790672596,0.3461438922911452,0.3392989798021288,3
1789268400000,77289.97,77192.01,-0.000829360448056593,1.0,0.0025,ranging,0.31075252959444544,0.3488312827991424,0.34041618760641223,3
1789272000000,77192.0,77210.01,-0.005132754159726027,0.0,0.0025,ranging,0.312335708972911,0.350681724914871,0.33698256611221805,3
1789275600000,77210.0,77322.01,-0.006647525070804572,0.0,0.0025,ranging,0.31247651376189156,0.3516117322726398,0.3359117539654687,3
1789279200000,77322.01,77122.35,-0.005770830375371294,0.0,0.0025,ranging,0.32212441348702386,0.34093329512898146,0.3369422913839948,3
1789282800000,77122.35,77127.99,-0.004352116527346239,0.0,0.0025,ranging,0.30584947793132944,0.3595376823607212,0.3346128397079493,3
1789286400000,77127.99,76813.71,-0.0006558724998441123,1.0,0.0025,ranging,0.30885621386903506,0.34981316406330365,0.34133062206766135,3
1789290000000,76813.71,76808.01,0.0005860065896774458,1.0,0.0025,ranging,0.3245870227424655,0.3278114303554253,0.34760154690210926,3
1789293600000,76808.0,76677.29,0.007025809075933642,2.0,0.0025,ranging,0.3104430580543203,0.3548467868407345,0.3347101551049452,3
1789297200000,76677.3,76792.32,0.0044602116461645025,2.0,0.0025,ranging,0.30672268840626166,0.34652109763732764,0.34675621395641065,3
1789300800000,76792.31,76763.33,0.0066804032602545416,2.0,0.0025,ranging,0.30069745067462383,0.3537705976694462,0.3455319516559299,3
1789304400000,76763.33,76853.02,0.006192599848385827,2.0,0.0025,ranging,0.3033186558949938,0.35416809562001594,0.34251324848499026,3
1789308000000,76853.01,77216.01,0.0015911208051284653,1.0,0.0025,ranging,0.3291681421300893,0.3460716439356976,0.32476021393421295,3
1789311600000,77216.01,77134.83,0.0019338864168105818,1.0,0.0025,ranging,0.31812913888403227,0.3642732102862036,0.3175976508297641,3
1789315200000,77134.82,77276.14,0.0009300412779416067,1.0,0.0025,ranging,0.33580020896650475,0.35141967576842453,0.3127801152650707,3
1789318800000,77276.14,77328.94,-0.00016733709268490493,1.0,0.0025,ranging,0.3207193177941134,0.36509910918474264,0.31418157302114397,3
1789322400000,77328.94,77338.87,-0.008079637057019307,0.0,0.0025,low_liquidity,0.3079401752468871,0.38495154343641647,0.30710828131669643,3
1789326000000,77338.87,77284.0,-0.005719036281766066,0.0,0.0025,ranging,0.32120180233292184,0.3660300027821566,0.31276819488492164,3
1789329600000,77284.01,77348.01,-0.006981562938723207,0.0,0.0025,low_liquidity,0.3006391522395958,0.37788708135870763,0.3214737664016965,3
1789333200000,77348.01,77316.0,-0.002548372911169716,0.0,0.0025,ranging,0.3071116471626914,0.36875994075505414,0.32412841208225446,3
1789336800000,77316.0,76714.0,0.011549391245404994,2.0,0.0025,ranging,0.31746479851428816,0.3219909373610214,0.3605442641246904,3
1789340400000,76714.0,76842.01,0.009816505320462188,2.0,0.0025,ranging,0.3251357221119398,0.3274634344213555,0.34740084346670475,3
1789344000000,76842.01,76808.0,0.011376158733465314,2.0,0.0025,ranging,0.34481435844132846,0.3130433459737949,0.34214229558487663,3
1789347600000,76808.01,77118.97,0.0063903861786533955,2.0,0.0025,ranging,0.3597381390694581,0.31730697598988006,0.32295488494066177,3
1789351200000,77118.96,77600.0,-8.827319587634275e-05,1.0,0.0025,ranging,0.36310936575379854,0.33207989061128795,0.30481074363491356,3
1789354800000,77600.0,77596.33,0.0038134535486407106,2.0,0.0025,ranging,0.37814546197234267,0.334741946066499,0.28711259196115835,3
1789358400000,77596.32,77681.78,0.0006052899405755152,1.0,0.0025,ranging,0.3593980170903044,0.354333455881771,0.28626852702792455,3
1789362000000,77681.79,77611.79,0.006826024757321303,2.0,0.0025,ranging,0.34536871315631157,0.3639441383150899,0.29068714852859856,3
1789365600000,77611.79,77593.15,0.0040396607174733035,2.0,0.0025,ranging,0.3612868454439129,0.34116868767550407,0.297544466880583,3
1789369200000,77593.15,77892.24,-0.0014923181051155199,1.0,0.0025,ranging,0.372092490207378,0.33374961374310536,0.29415789604951664,3
1789372800000,77892.24,77728.8,-0.00039612087154317077,1.0,0.0025,ranging,0.36350983009161697,0.310060559820158,0.3264296100882251,3
1789376400000,77728.8,78141.57,0.00033836023514743907,1.0,0.002696099941366519,ranging,0.38607433205305824,0.31356360461605826,0.3003620633308835,3
1789380000000,78141.57,77906.6,0.007887136648242699,2.0,0.0026584298834746974,ranging,0.3744311655173633,0.3150728626144606,0.31049597186817623,3
1789383600000,77906.61,77776.0,0.010311921415346648,2.0,0.0026002347733774184,ranging,0.36165890204679246,0.3250101542097347,0.31333094374347287,3
1789387200000,77776.0,77698.01,0.013789413654223592,2.0,0.0026748544750784184,ranging,0.3673835454431119,0.31684380878800245,0.31577264576888564,3
1789390800000,77698.01,78168.01,0.00985019319284186,2.0,0.003021525874469842,ranging,0.380329755843687,0.31601065430538117,0.3036595898509319,3
1789394400000,78168.01,78521.06,0.008977846198204631,2.0,0.003092341124807449,ranging,0.3906742295231048,0.3137136807389068,0.2956120897379883,3
1789398000000,78521.05,78578.02,0.005141132342097565,2.0,0.003078051542202574,ranging,0.3903566634700138,0.3257981115459087,0.28384522498407744,3
1789401600000,78578.02,78769.42,0.004196806324078484,2.0,0.0031116168317376056,trending,0.3910371753739151,0.3250252314851596,0.28393759314092537,3
1789405200000,78769.42,78937.98,-0.002282171395822319,1.0,0.003073249304867223,trending,0.39613474601518794,0.322249656843925,0.28161559714088696,3
1789408800000,78937.98,79226.01,-0.008431953092172595,0.0,0.003106489899785339,trending,0.39764236485536,0.32020957501838415,0.282148060126256,3
1789412400000,79226.0,78982.0,-0.010037603504595927,0.0,0.0030432832781509007,trending,0.3905051804569899,0.32274457245938404,0.28675024708362595,3
1789416000000,78982.01,79100.0,-0.014501517067003866,0.0,0.0031583924493172196,trending,0.39137083505446,0.32203660661792116,0.2865925583276189,3
1789419600000,79100.0,78757.83,-0.010665225286171531,0.0,0.0031479255147736627,trending,0.3758283078288312,0.3231675744018367,0.3010041177693322,3
1789423200000,78757.82,78557.98,-0.008201076453340561,0.0,0.0031176383291202634,trending,0.36223907310677905,0.3379737779216945,0.2997871489715264,3
1789426800000,78557.99,78189.21,-0.006551031785587802,0.0,0.003147973453097588,trending,0.3387812499115684,0.3531456501696105,0.3080730999188211,3
1789430400000,78189.2,77952.93,-0.004949268744612878,0.0,0.0031020150293468774,trending,0.32962456528111717,0.3632666966608003,0.3071087380580826,3
1789434000000,77952.92,77917.86,-0.0036944033113845975,0.0,0.0030632488089207257,trending,0.3364564978536766,0.35532497855701206,0.3082185235893113,3
1789437600000,77917.86,77913.72,-0.008047619854372301,0.0,0.0029775952296082586,trending,0.3377412522132234,0.36024180780990794,0.3020169399768687,3
1789441200000,77913.73,77676.99,-0.00961649003134657,0.0,0.002914431538780416,trending,0.3284780140352698,0.3563866221857618,0.31513536377896834,3
1789444800000,77676.99,77567.12,-0.007311216402001275,0.0,0.0028218708274992785,ranging,0.3316554573068358,0.3428724862870392,0.3254720564061249,3
1789448400000,77567.11,77630.0,-0.008320881102666489,0.0,0.0028206024091521785,ranging,0.3610344195728592,0.33043155268030017,0.3085340277468407,3
1789452000000,77630.0,77286.7,-0.0030134550964137086,0.0,0.002928437461049282,ranging,0.34621268080635575,0.3307897459881189,0.3229975732055253,3
1789455600000,77286.71,76930.01,0.0001299882841558908,1.0,0.0029666803424599018,ranging,0.33590039991113113,0.3250576039790388,0.3390419961098301,3
1789459200000,76930.0,77000.01,-0.0005501297986844067,1.0,0.0029216116144095933,trending,0.34152839388885736,0.3370105682498919,0.3214610378612507,3
1789462800000,77000.01,76984.05,-0.004744878971683075,0.0,0.0028191939998642632,trending,0.3335676348905142,0.358191274787113,0.30824109032237285,3
1789466400000,76984.05,77053.8,-0.014428749782619543,0.0,0.0027840757589300907,trending,0.35568448960650345,0.3349815762077297,0.3093339341857668,3
1789470000000,77053.8,76940.01,-0.005562905437625942,0.0,0.002800464764018116,trending,0.33471944095687245,0.3413456824481308,0.32393487659499687,3
1789473600000,76940.01,76957.65,-0.007402123115765491,0.0,0.0027582658684230073,trending,0.34548088620212697,0.33571479971770596,0.318804314080167,3
1789477200000,76956.75,76618.77,0.004479711694666877,2.0,0.003133379505362876,trending,0.33046585486584945,0.32818975462857813,0.34134439050557236,3
1789480800000,76618.77,75942.01,0.0007636089695282067,1.0,0.003551190749149493,high_volatility,0.3149220786043785,0.34469915705629434,0.3403787643393272,3
1789484400000,75942.01,76512.0,-0.004254496026767085,0.0,0.0037051641983233585,high_volatility,0.3328674690954604,0.3387092419463595,0.32842328895818,3
1789488000000,76512.01,76388.0,-0.005927108969995265,0.0,0.0036157939923693325,high_volatility,0.3220810378769004,0.3586866185115481,0.31923234361155145,3
1789491600000,76388.01,76962.0,-0.01959603440659019,0.0,0.003972443292384005,high_volatility,0.34073155234298746,0.3509253585020399,0.3083430891549726,3
1789495200000,76962.0,76000.0,-0.004368421052631577,1.0,0.004997091493129653,high_volatility,0.31501240809653813,0.33846643405160565,0.3465211578518562,3
1789498800000,76000.0,76186.48,-0.007114123135758432,0.0,0.004905698299387147,high_volatility,0.30967630588838335,0.3430535894542277,0.34727010465738894,3
1789502400000,76186.48,75935.24,-0.002148409618511815,1.0,0.004927498098417063,high_volatility,0.30769250530516107,0.3627751881988098,0.32953230649602916,3
1789506000000,75935.24,75453.85,0.00046770310593813313,1.0,0.0049252033424943675,high_volatility,0.30055711093573545,0.3664841433731595,0.3329587456911051,3
1789509600000,75453.85,75668.0,0.002885631971242919,1.0,0.004904447440428573,high_volatility,0.30847517108847744,0.3547773747318506,0.33674745417967195,3
1789513200000,75667.99,75644.48,0.002373339072460956,1.0,0.004770906592061167,high_volatility,0.3303983691346367,0.36121061814652805,0.3083910127188353,3
1789516800000,75644.48,75772.1,0.0012131114222782013,1.0,0.004613207356293705,high_volatility,0.3427150712177239,0.36213839112071466,0.2951465376615613,3
1789520400000,75772.1,75489.14,0.0062640798398285735,2.0,0.0045872968507065905,high_volatility,0.34654522330139437,0.3407654301985519,0.31268934650005387,3
1789524000000,75489.14,75886.35,0.0018930940808195018,1.0,0.004591821684098402,high_volatility,0.34894876971773936,0.35097792918389475,0.3000733010983659,3
1789527600000,75886.36,75824.01,-0.0007567523796221387,1.0,0.004441291689741293,high_volatility,0.35537675328131024,0.34735043555687534,0.29727281116181437,3
1789531200000,75824.0,75864.02,-0.0016873611495937801,1.0,0.004244452387542671,trending,0.346794446684743,0.3590787238770807,0.29412682943817625,3
1789534800000,75864.02,75962.01,0.0004079670877588093,1.0,0.004107549353221438,trending,0.3495846271036776,0.3511025498446805,0.299312823051642,3
1789538400000,75962.01,76030.01,-0.0005236090328015752,1.0,0.003928456451024786,trending,0.3358753135622303,0.3714757871344351,0.29264889930333454,3
1789542000000,76030.01,75766.63,0.006379721521202697,2.0,0.0038631364138687844,trending,0.34099493504050526,0.34350054502552396,0.3155045199339708,3
1789545600000,75766.62,75736.01,0.00306300794034442,1.0,0.003824409055894663,trending,0.3438467607353273,0.330878835094398,0.32527440417027476,3
1789549200000,75736.01,75993.0,-0.004566078454594558,0.0,0.0036881134470254534,trending,0.346258616418254,0.34302295446312325,0.3107184291186227,3
1789552800000,75993.01,75990.2,-0.0038476014012331916,0.0,0.0035071726047169525,trending,0.3299028977505975,0.3652541609688043,0.30484294128059813,3
1789556400000,75990.2,76250.0,-0.006053639344262285,0.0,0.003487255943485251,trending,0.3521094453341298,0.3484322849390797,0.2994582697267905,3
1789560000000,76250.0,75967.99,-0.0026325561595088587,1.0,0.0035356343168632624,trending,0.3385440241576233,0.3379720930674679,0.3234838827749088,3
1789563600000,75967.98,75646.01,0.0016127750822547693,1.0,0.003513994630622887,trending,0.3513753302193896,0.32110525378342125,0.32751941599718926,3
1789567200000,75646.01,75697.82,-0.0008695098485003161,1.0,0.0034914382971139996,trending,0.3439374845960117,0.3276965251645991,0.3283659902393893,3
1789570800000,75697.83,75788.41,0.003847422053055327,2.0,0.00346279057032274,trending,0.3366691705163229,0.32786402206188825,0.3354668074217888,3
1789574400000,75788.41,75768.0,0.005415742793791534,2.0,0.003348532069080047,trending,0.3354746459940828,0.3383274291619881,0.32619792484392895,3
1789578000000,75768.0,75768.01,0.0027450899132761553,1.0,0.0034398973840681904,trending,0.3388547437911222,0.3282876845215022,0.3328575716873757,3
1789581600000,75770.45,75632.0,0.0005801777025598032,1.0,0.004047614324374863,trending,0.3410445634968349,0.3057997448775631,0.3531556916256021,3
1789585200000,75632.01,76080.0,0.0016562828601471846,1.0,0.004260251582502024,trending,0.3627928888056835,0.3300370494719548,0.3071700617223617,3
1789588800000,76080.0,76178.34,0.0021584875700888517,1.0,0.00417475738525244,trending,0.34823806035221916,0.36159674797802593,0.29016519166975496,3
1789592400000,76178.35,75976.0,0.005241260398020531,2.0,0.004044958875778934,trending,0.33212813502689037,0.35805045571925453,0.30982140925385504,3
1789596000000,75976.01,75675.88,0.009172407377357139,2.0,0.003971017432786417,trending,0.33873150175691613,0.3399115310381119,0.32135696720497203,3
1789599600000,75675.88,76206.01,0.0030966061600654626,1.0,0.004017380090943045,ranging,0.34062194447777844,0.344334103168996,0.3150439523532256,3
1789603200000,76206.0,76342.77,0.002580990970068253,1.0,0.0039051678146513986,ranging,0.34498408143103465,0.3592391815939683,0.295776736974997,3
1789606800000,76342.77,76374.21,-0.0005280578352300225,1.0,0.003934532413970396,ranging,0.3379876427514637,0.36148416127823474,0.30052819597030145,3
1789610400000,76374.22,76370.01,0.0014068349604772212,1.0,0.0038948838526620694,ranging,0.3330970233359645,0.3554374080159346,0.3114655686481009,3
1789614000000,76370.01,76441.99,0.00027170930531750237,1.0,0.003705790630157524,ranging,0.33612143117304394,0.3728479727352284,0.2910305960917276,3
1789617600000,76442.0,76539.81,0.00045492665842794544,1.0,0.0036668258310878043,ranging,0.3340659718071599,0.37427921680223863,0.2916548113906014,3
1789621200000,76539.82,76333.88,0.0017576730018178388,1.0,0.0035904670951475504,ranging,0.32248253251145415,0.36676678334789925,0.3107506841406465,3
1789624800000,76333.87,76477.45,-0.000986434563390981,1.0,0.0034900294111011444,ranging,0.3274594655867012,0.3696851471370605,0.30285538727623834,3
1789628400000,76477.46,76462.76,0.0002516257587354964,1.0,0.0033852269553161962,ranging,0.3209582424265168,0.360175105951294,0.31886665162218913,3
1789632000000,76462.77,76574.63,0.0021150608236695234,1.0,0.003247684505381363,ranging,0.31410533715209493,0.38071690323742996,0.30517775961047516,3
1789635600000,76574.63,76468.05,0.0029557442618191043,1.0,0.0031891462341200444,ranging,0.3202417160086956,0.3511290780681459,0.3286292059231584,3
1789639200000,76468.04,76402.01,0.0013147559861319547,1.0,0.0030763731757693343,ranging,0.3109741471565214,0.3659729654043902,0.3230528874390883,3
1789642800000,76402.01,76482.0,0.003896472372584281,2.0,0.003027203621958839,ranging,0.32510271406198904,0.34385070967621867,0.33104657626179235,3
1789646400000,76482.0,76736.59,0.000219842971912243,1.0,0.0032375779053201276,ranging,0.3433661924761564,0.34253469519717256,0.31409911232667104,3
1789650000000,76736.59,76694.07,-0.0003417474128052378,1.0,0.0035051368453509276,ranging,0.3377328818042593,0.3359485161370813,0.3263186020586594,3
1789653600000,76694.06,76502.46,0.0009607534189097766,1.0,0.0036531670610890923,ranging,0.3333066338862932,0.32324850082448797,0.34344486528921875,3
1789657200000,76502.45,76780.01,-0.002422505545388698,1.0,0.003708090789456899,ranging,0.3434138376889488,0.34332570174655946,0.31326046056449175,3
1789660800000,76780.01,76753.46,-0.002572522463482607,1.0,0.003599305604724819,ranging,0.33984307851384515,0.3434519528690863,0.31670496861706865,3
1789664400000,76753.46,76667.86,-0.0032870357930949723,1.0,0.00356619455092235,ranging,0.34197833426602264,0.32837809860620715,0.32964356712777015,3
1789668000000,76667.87,76575.96,-0.0020366705164389654,1.0,0.0034897492253979073,ranging,0.33807078309086813,0.3326088150844293,0.3293204018247025,3
1789671600000,76575.97,76594.01,-0.0023108856684745938,1.0,0.0033364056818386756,ranging,0.33133601982704214,0.33832659166357715,0.3303373885093806,3
1789675200000,76594.01,76556.01,0.0004439886561486972,1.0,0.0032300598999948924,low_liquidity,0.3211203254435061,0.3393854153353834,0.3394942592211105,3
1789678800000,76556.01,76415.85,0.004294397039357634,2.0,0.0031285080947210963,low_liquidity,0.3284941682657022,0.33641631908496994,0.33508951264932785,3
1789682400000,76415.85,76420.0,0.007436534938497719,2.0,0.0030162456245279054,ranging,0.34194347039582224,0.33127051770936006,0.3267860118948177,3
1789686000000,76419.99,76417.01,0.012647184180590187,2.0,0.0028715571667163537,ranging,0.3228544055186703,0.32365742211370935,0.35348817236762037,3
1789689600000,76417.01,76590.0,0.012873351612482153,2.0,0.0028249357109459998,ranging,0.32871397359275295,0.321391939938123,0.3498940864691241,3
1789693200000,76589.99,76744.01,0.009770013320909543,2.0,0.0027540723088147244,ranging,0.3212925624283785,0.3288778573741383,0.3498295801974831,3
1789696800000,76744.01,76988.3,0.007997319073157927,2.0,0.002770904508968248,ranging,0.33429608883762746,0.32630293428923796,0.33940097687313464,3
1789700400000,76988.31,77383.47,0.005356958017002755,2.0,0.0029009406557659275,ranging,0.36886639051745435,0.331298501042417,0.2998351084401286,3
1789704000000,77383.47,77575.97,0.008974170738696552,2.0,0.002885498752010596,ranging,0.3732608084171843,0.3352692828015902,0.2914699087812256,3
1789707600000,77575.98,77493.8,0.009267967243830944,2.0,0.0028329637247230008,ranging,0.36624671364920397,0.33672465448484457,0.2970286318659514,3
1789711200000,77493.8,77604.0,0.008779702077212459,2.0,0.002780013747249961,ranging,0.3665609363865298,0.34246543449887307,0.2909736291145972,3
1789714800000,77604.01,77798.01,0.0033932744552207517,2.0,0.002731392329719908,ranging,0.3784531150765239,0.33090390235142403,0.290642982572052,3
1789718400000,77798.0,78272.15,-0.0029262004429416733,0.0,0.002860294444410712,ranging,0.37823802669031786,0.3283910366708884,0.2933709366387937,3
1789722000000,78271.48,78212.01,0.023795322483081582,2.0,0.0029480219811345897,ranging,0.3793577778660204,0.32383039346605036,0.29681182866792927,3
1789725600000,78212.0,78285.34,0.03388233352502534,2.0,0.0028815241969709225,trending,0.37040450763425514,0.33943009011610525,0.2901654022496396,3
1789729200000,78285.35,78062.0,0.03412159565473605,2.0,0.00291614387027092,trending,0.36844288324866736,0.33692702900003013,0.2946300877513025,3
1789732800000,78062.01,78043.11,0.035924119374535435,2.0,0.0028178549525971204,trending,0.3511489339270076,0.35329224482529653,0.29555882124769595,3
1789736400000,78043.12,80073.09,0.01181308227270872,2.0,0.0039031341172925905,abnormal,0.3231098585941977,0.3657020139692945,0.31118812743650764,3
1789740000000,80073.09,80937.83,7.413097188102569e-06,1.0,0.00407112129230946,trending,0.353381323003182,0.34986161163443774,0.2967570653623803,3
1789743600000,80937.83,80725.6,0.005935663531766666,2.0,0.004137298275942738,trending,0.3497612908019259,0.34543492131804154,0.3048037878800326,3
1789747200000,80725.6,80846.74,0.003256408359817442,1.0,0.004146915610377431,trending,0.3538824491306486,0.34528742201555673,0.3008301288537948,3
1789750800000,80846.75,81019.0,0.002705538207087299,1.0,0.004087684816439559,trending,0.35824218392290125,0.3305887038839872,0.3111691121931116,3
1789754400000,81019.0,80938.43,0.002478303569763085,1.0,0.003985383678027606,trending,0.35618225603560155,0.332068994745701,0.3117487492186975,3
1789758000000,80938.44,81204.76,-0.003951615644206097,0.0,0.00394612605750604,trending,0.3770283082473654,0.33078993277242863,0.29218175898020604,3
1789761600000,81204.77,81110.01,0.006891504513437896,2.0,0.0038235415020941646,trending,0.3438716530245247,0.3598770352947729,0.2962513116807024,3
1789765200000,81110.01,81238.2,0.0005267226501819433,1.0,0.0036545592055334496,trending,0.3453912243654074,0.3639402977436376,0.29066847789095496,3
1789768800000,81238.2,81139.02,0.0020421740366101115,1.0,0.0035524387222453683,trending,0.3537997769504799,0.35132036530644534,0.29487985774307474,3
1789772400000,81139.03,80883.87,0.0031173088033498164,1.0,0.003487868431377991,trending,0.30762846438271163,0.3474979391381781,0.34487359647911037,3
1789776000000,80883.86,81668.98,-0.00789749057720568,0.0,0.003640222708573823,trending,0.32530717229512846,0.35073394741138075,0.32395888029349074,3
1789779600000,81668.99,81280.99,-0.0029647768807935515,1.0,0.003760686567993325,trending,0.29929472835854265,0.35744711645725274,0.3432581551842045,3
1789783200000,81281.0,81304.72,-0.0031081836331273704,1.0,0.0035868294127157,trending,0.2976345412996965,0.36766824625804523,0.3346972124422583,3
1789786800000,81304.73,81136.01,-0.0004418506653209864,1.0,0.0034896413830765535,trending,0.302728779040484,0.349400100243061,0.34787112071645493,3
1789790400000,81136.02,81024.0,0.0035546257898892986,2.0,0.0034124884654972354,trending,0.3080914993414594,0.34001483425920415,0.35189366639933645,3
1789794000000,81024.01,81040.01,0.0035261594859132828,2.0,0.0032389830393387705,trending,0.3055879884815838,0.3491168908470757,0.34529512067134044,3
1789797600000,81040.01,81052.01,0.0020319051927275567,1.0,0.003100201456775343,trending,0.3187957741567484,0.3483164196250404,0.33288780621821124,3
1789801200000,81052.02,81100.16,0.0024965425468950198,1.0,0.002992250810774696,trending,0.34480390627082685,0.33485622119489133,0.3203398725342818,3
1789804800000,81100.17,81312.01,0.00022124652926436283,1.0,0.0029494239479343227,trending,0.36736085393148565,0.31854411025765517,0.3140950358108592,3
1789808400000,81312.01,81325.77,0.00047020765988436963,1.0,0.00288663786937468,trending,0.3895089409464256,0.30946893344891013,0.3010221256046643,3
1789812000000,81325.38,81216.7,0.00454721750575926,2.0,0.0027528070112732895,trending,0.3708187964543534,0.3098598236458676,0.3193213798997789,3
1789815600000,81216.71,81302.63,0.004100482358319724,2.0,0.002638433990829985,trending,0.38658326089689704,0.31848518274181903,0.29493155636128393,3
1789819200000,81302.63,81330.0,0.006264478052379285,2.0,0.002526454034679134,trending,0.3857131360600948,0.3194390393554651,0.29484782458444014,3
1789822800000,81330.01,81364.01,0.0012290446353369067,1.0,0.0025,trending,0.3909579718315893,0.31825921055818096,0.29078281761022967,3
1789826400000,81364.0,81586.01,-0.0019358711131968187,1.0,0.0025,trending,0.40133831232845135,0.31424232578935896,0.2844193618821896,3
1789830000000,81586.02,81636.01,-0.0034543579481652875,0.0,0.0025,trending,0.40163779565662333,0.31534881589042474,0.283013388452952,3
1789833600000,81636.01,81839.49,-0.008359778390603423,0.0,0.0025,trending,0.4092618367557231,0.31455813464467725,0.2761800285995997,3
1789837200000,81839.48,81464.01,-0.0044633206737551,0.0,0.002543844178707914,trending,0.3918977678292243,0.31896347258298824,0.2891387595877874,3
1789840800000,81464.0,81428.07,-0.002047451204480244,1.0,0.0025,trending,0.3764674777405171,0.33549738396834855,0.2880351382911344,3
1789844400000,81428.07,81354.01,-0.0012786093764768358,1.0,0.0025,trending,0.3719183772260314,0.3284642694367689,0.2996173533371998,3
1789848000000,81354.01,81155.33,0.0017009357241231093,1.0,0.0025,trending,0.3667872293762514,0.33017727335716784,0.30303549726658074,3
1789851600000,81155.33,81100.41,-2.983955321556042e-05,1.0,0.0025,trending,0.3649290566833448,0.33713988684517504,0.29793105647148016,3
1789855200000,81100.42,81261.35,-0.011442463114383461,0.0,0.0025,trending,0.3810500418963813,0.3283617502420024,0.2905882078616162,3
1789858800000,81261.35,81249.99,-0.009398278079788103,0.0,0.0025,trending,0.36791434842666515,0.33151057609044227,0.3005750754828926,3
1789862400000,81249.99,81293.37,-0.01059090058635781,0.0,0.0025,trending,0.37216929754046124,0.33138538246408733,0.2964453199954515,3
1789866000000,81293.37,81097.99,-0.007443834304648123,0.0,0.0025,trending,0.3634869893416453,0.3316790628654008,0.3048339477929539,3
1789869600000,81098.0,80331.52,-0.0002748609761149545,1.0,0.0025296658746474395,trending,0.33905602626754605,0.3392804399577374,0.3216635337747166,3
1789873200000,80331.52,80486.38,-0.002171423289257235,1.0,0.0025573348669438254,trending,0.3392355234466068,0.3379416111135373,0.3228228654398559,3
1789876800000,80486.38,80432.4,-0.0020831157593207417,1.0,0.0025,trending,0.3300767198408731,0.3553936403703499,0.314529639788777,3
1789880400000,80432.4,80494.31,-0.000301884692222365,1.0,0.0025,trending,0.3494411589658817,0.32849501877479814,0.3220638222593202,3
1789884000000,80494.31,80309.44,0.00012626162005369146,1.0,0.0025,trending,0.33958246316364155,0.34454199678246744,0.3158755400538909,3
1789887600000,80309.45,80311.61,0.0022610678580592403,1.0,0.0025,trending,0.3182780644380099,0.3646639563234817,0.3170579792385085,3
1789891200000,80311.6,80264.85,0.0028519333182581708,2.0,0.0025,trending,0.3307828451019451,0.3519501867526232,0.3172669681454317,3
1789894800000,80264.85,80470.01,0.0011750961631546986,1.0,0.0025,trending,0.3440238841205413,0.3464522541314128,0.3095238617480459,3
1789898400000,80470.01,80319.58,0.004512349292663087,2.0,0.0025,trending,0.327156304881596,0.36521084377944857,0.30763285133895535,3
1789902000000,80319.58,80493.2,0.005202923973702145,2.0,0.0025,trending,0.3374760404035785,0.3418601343997516,0.3206638251966699,3
1789905600000,80493.21,80493.76,0.010438697359894666,2.0,0.0025,trending,0.3277144084836395,0.357168128792432,0.31511746272392865,3
1789909200000,80493.76,80564.57,0.007241024187182976,2.0,0.0025,trending,0.33251536800444825,0.362223115801848,0.3052615161937037,3
1789912800000,80564.58,80682.01,0.004387471259082565,2.0,0.0025,trending,0.3510130241193326,0.34104480137222903,0.30794217450843836,3
1789916400000,80682.01,80912.0,0.0032791180541824616,2.0,0.0025,trending,0.36083545636496916,0.3296675009133439,0.309497042721687,3
1789920000000,80912.0,81334.01,-0.002977352278585421,0.0,0.0025,trending,0.3771115819123152,0.31925196564961317,0.3036364524380717,3
1789923600000,81334.01,81147.94,-0.0026609424712445984,0.0,0.0025,trending,0.36206033357529516,0.3303258482323287,0.3076138181923762,3
1789927200000,81147.94,81036.0,0.0023057653388618427,1.0,0.0025,trending,0.35308396710403445,0.3427252350861413,0.30419079780982416,3
1789930800000,81036.0,81177.32,8.37672394204958e-06,1.0,0.0025,low_liquidity,0.3464389311147368,0.3437203006686835,0.3098407682165798,3
1789934400000,81177.32,81091.85,0.006361551746568717,2.0,0.0025,trending,0.3365018375784913,0.3608906407734856,0.30260752164802307,3
1789938000000,81091.86,80932.01,0.0008026490383719054,1.0,0.0025,trending,0.3310049090642045,0.34832189492202414,0.32067319601377137,3
1789941600000,80932.01,81222.85,0.0010804841248490682,1.0,0.0025,ranging,0.34020028624314985,0.34415181262284883,0.31564790113400126,3
1789945200000,81222.84,81178.0,0.0030455295769789004,2.0,0.0025,ranging,0.32208926169594987,0.3722719756535351,0.3056387626505152,3
1789948800000,81178.01,81607.72,-0.002545224888037656,1.0,0.002593784417153963,ranging,0.361229834629216,0.33314049475218893,0.305629670618595,3
1789952400000,81607.72,80996.97,0.006827786273980285,2.0,0.003087959270858288,ranging,0.3361696748567513,0.33114509086472427,0.3326852342785245,3
1789956000000,80996.98,81310.61,0.004049778989482444,2.0,0.003152369728078266,ranging,0.34869839187685037,0.32856052353790677,0.32274108458524287,3
1789959600000,81310.61,81425.23,0.0036202538205909462,2.0,0.0030946711760351975,ranging,0.3511274048131937,0.33975001349637907,0.3091225816904271,3
1789963200000,81425.24,81400.01,0.028992502580773793,2.0,0.0030225128435658823,ranging,0.34538978892811256,0.33760115407494373,0.31700905699694376,3
1789966800000,81400.0,81550.0,0.03805898221949722,2.0,0.003058946732055777,ranging,0.3552704265305462,0.33475516588493487,0.3099744075845189,3
1789970400000,81550.01,81639.9,0.03431986075436155,2.0,0.0030887648756384796,ranging,0.3497289561019604,0.3300509018371817,0.3202201420608578,3
1789974000000,81639.91,81720.01,0.03875648081785599,2.0,0.0030055201573714035,ranging,0.37209114984275266,0.31588803895882556,0.3120208111984218,3
1789977600000,81720.01,83760.0,0.01866045845272213,2.0,0.003978548220342738,ranging,0.3715285025423104,0.3122963743862604,0.31617512307142914,3
1789981200000,83760.0,84653.71,0.009599461145884725,2.0,0.004465320780866964,high_volatility,0.3721736663782741,0.31517653911737536,0.3126497945043506,3
1789984800000,84653.7,84441.77,0.01660753913614066,2.0,0.004505051753183887,high_volatility,0.35638551494640613,0.3235893596040286,0.3200251254495653,3
1789988400000,84441.77,84887.19,0.012257679869012161,2.0,0.004426344348259526,high_volatility,0.36475919757668307,0.3323810458603216,0.30285975656299535,3
1789992000000,84887.19,85323.0,0.007488133328645397,2.0,0.004417521936012664,high_volatility,0.3518529268775173,0.32931878406947607,0.3188282890530067,3
1789995600000,85323.0,85466.34,0.005041399924227585,2.0,0.004630288129391319,high_volatility,0.3533053034628308,0.33686422145697703,0.3098304750801921,3
1789999200000,85466.35,85844.14,0.0024184527913029275,1.0,0.004817317869287617,high_volatility,0.35107391110326674,0.33381915657335226,0.31510693232338116,3
1790002800000,85844.13,85927.71,0.006545036519651104,2.0,0.004740551783705461,high_volatility,0.3472866642893318,0.3461294884993416,0.3065838472113267,3
1790006400000,85927.71,85961.91,0.012095706109833904,2.0,0.004647629784793995,high_volatility,0.3466293524315626,0.3450946504963091,0.3082759970721282,3
1790010000000,85961.91,85897.21,0.008045430113504226,2.0,0.00453868785440441,high_volatility,0.33318424967260135,0.3560388959052534,0.31077685442214525,3
1790013600000,85897.2,86051.75,0.004671491282861817,2.0,0.0043419903129760596,high_volatility,0.34390194241778543,0.3390402820211682,0.31705777556104636,3
1790017200000,86051.75,86490.11,0.0015017902046834397,1.0,0.004464779882174052,high_volatility,0.36749120476470526,0.32283878926751447,0.3096700059677802,3
1790020800000,86490.11,87001.68,-0.012769523531039662,0.0,0.004567569385487128,high_volatility,0.36662707884480766,0.32103225432300564,0.3123406668321867,3
1790024400000,87001.68,86588.29,-0.011226229320384973,0.0,0.00449129580479673,high_volatility,0.3443988658363258,0.3351824562090074,0.32041867795466683,3
1790028000000,86588.29,86453.74,-0.008546073310420232,0.0,0.004406117824300183,trending,0.3384090749109162,0.33691938691751766,0.32467153817156613,3
1790031600000,86453.73,86620.0,-0.010703879011775497,0.0,0.00424853361339214,trending,0.3315425879240628,0.33527787196904885,0.33317954010688844,3
1790035200000,86620.01,85890.71,-0.005107770095275854,0.0,0.004356855490871032,trending,0.3177504583459073,0.33861915667858583,0.34363038497550696,3
1790038800000,85890.72,85616.23,-0.002556291020989865,1.0,0.004348212907444271,trending,0.30510218307083997,0.35945460272362517,0.3354432142055348,3
1790042400000,85616.23,85714.9,-0.003860355667451021,1.0,0.004322601315395012,trending,0.3115202799277575,0.37106680239947604,0.3174129176727665,3
1790046000000,85714.91,85692.83,-0.00407070229796358,1.0,0.004239934170652129,trending,0.3482472797387366,0.3405451926246434,0.31120752763662,3
1790049600000,85692.83,85452.0,0.009031620090811154,2.0,0.00410116076465609,trending,0.33785662490799123,0.36017916468841593,0.3019642104035928,3
1790053200000,85452.01,85397.37,0.010030988073754576,2.0,0.004054558677190191,trending,0.3304398765649174,0.3716392350511467,0.29792088838393593,3
1790056800000,85397.38,85384.01,0.0060900161517360996,2.0,0.0039319376226259455,trending,0.348804506902485,0.3547825453733724,0.2964129477241427,3
1790060400000,85384.02,85344.0,0.007529761904761845,2.0,0.003824885017245928,trending,0.34402992806211863,0.3469602517817495,0.30900982015613193,3
1790064000000,85344.01,86223.77,-0.002316762535435557,1.0,0.004037511788764345,trending,0.3978987369836947,0.3051134250526581,0.29698783796364714,3
1790067600000,86223.77,86253.99,0.0010668491973528926,1.0,0.004040655595019158,trending,0.39373716797674485,0.3150210063681078,0.2912418256551474,3
1790071200000,86253.99,85904.0,0.004120995529893756,2.0,0.00403621374251735,trending,0.3890314374542011,0.3206652200952001,0.2903033424505988,3
1790074800000,85904.0,85986.62,0.004960074020818661,2.0,0.003927599241921701,trending,0.3917145048676068,0.31978260200123004,0.2885028931311631,3
1790078400000,85986.62,86024.01,0.00461638558816313,2.0,0.0038445917481612045,trending,0.3972197868076759,0.31480252960398314,0.2879776835883409,3
1790082000000,86024.01,86346.01,0.002596877377426088,1.0,0.003954006499850822,trending,0.40092426483740573,0.31382297105964674,0.2852527641029474,3
1790085600000,86346.01,86258.01,0.0023583896730288156,1.0,0.004176667934201452,trending,0.38910964734129816,0.3191514202529457,0.2917389324057561,3
1790089200000,86258.0,86413.12,-0.002553778870615808,1.0,0.004165623921836479,trending,0.38797873483868506,0.32419602349642695,0.28782524166488804,3
1790092800000,86413.11,86421.13,-0.001818073890031413,1.0,0.0041430106584076365,trending,0.3905151146020277,0.322864892121409,0.28661999327656335,3
1790096400000,86421.13,86570.24,-0.004461463893365769,0.0,0.004044517257333643,trending,0.39463527715052593,0.32253699180143985,0.2828277310480343,3
1790100000000,86570.24,86461.44,-0.0039026645866644394,1.0,0.00396241771845651,trending,0.3934306706563839,0.32161534407286146,0.2849539852707547,3
1790103600000,86461.45,86192.44,0.00018702336306986034,1.0,0.003912226146557668,trending,0.33104727415073737,0.3290550691389583,0.33989765671030425,4
1790107200000,86192.45,86264.01,0.002240679513971111,1.0,0.003752142592959554,trending,0.3240253195555483,0.3343761301956069,0.3415985502488447,4
1790110800000,86264.01,86184.01,0.0021580569295860386,1.0,0.003569919143342543,low_liquidity,0.3192878106775361,0.33184966252814363,0.3488625267943204,4
1790114400000,86184.0,86124.01,0.004972480960884207,2.0,0.00345856375586231,trending,0.3305182672595014,0.33286815678812604,0.33661357595237246,4
1790118000000,86124.01,86208.56,0.00575012504558714,2.0,0.00341163165686447,trending,0.36151006442207295,0.31683113463963175,0.3216588009382952,4
1790121600000,86208.57,86457.3,0.008208098101606165,2.0,0.003384324715415344,trending,0.37074525050450063,0.3101962003187941,0.31905854917670534,4
1790125200000,86457.31,86370.0,0.0014589556558990413,1.0,0.003481023920206275,trending,0.372811701214276,0.31352948481713994,0.31365881396858414,4
1790128800000,86370.01,86552.26,-0.0009543367209590148,1.0,0.003412812153561334,trending,0.38209160169794,0.3095898958238836,0.3083185024781764,4
1790132400000,86552.27,86704.27,-0.006683638533603986,0.0,0.003429985844823526,trending,0.37233632952356677,0.3151184411080367,0.31254522936839657,4
1790136000000,86704.27,87166.95,-0.014534866712670236,0.0,0.0034839969606885236,trending,0.3777256584399138,0.30918224595384497,0.3130920956062412,4
1790139600000,87166.94,86496.01,-0.0074186080953329014,0.0,0.0036283523824165403,trending,0.36025972736476447,0.3107588183112966,0.3289814543239389,4
1790143200000,86496.0,86469.66,-0.006321176699434217,0.0,0.0034866499098307334,trending,0.3555026098048433,0.31555998005240077,0.32893741014275596,4
1790146800000,86469.67,86124.77,-0.005513164215126598,0.0,0.00348428433634069,trending,0.3565470634709587,0.31067605499810236,0.33277688153093893,4
1790150400000,86124.77,85899.99,-0.0045294533794474345,0.0,0.003531255551672254,trending,0.3352266520539179,0.3192239459555287,0.34554940199055345,4
1790154000000,85899.99,85854.33,-0.000725880686507141,1.0,0.003425530376768238,trending,0.33175172352629423,0.334965680081446,0.3332825963922597,4
1790157600000,85854.34,85923.07,-0.0161665545702685,0.0,0.003315605459708736,trending,0.33259576128184337,0.33716740992028443,0.3302368287978721,4
1790161200000,85923.07,85649.95,-0.019310460776684635,0.0,0.0033463675611270565,ranging,0.3293100624828275,0.3346744039786326,0.3360155335385399,4
1790164800000,85649.96,85510.91,-0.01722481961658462,0.0,0.0033167386692845875,ranging,0.33266594469705324,0.32380295459586744,0.3435311007070794,4
1790168400000,85510.9,85792.01,-0.017081427512888436,0.0,0.003364475353120447,ranging,0.33535581163368644,0.3295502078012925,0.3350939805650211,4
1790172000000,85792.01,84533.99,-0.0024131121694362934,1.0,0.004223268517547639,ranging,0.32059104727399235,0.3278920854324086,0.351516867293599,4
1790175600000,84534.0,83996.01,0.006214461853604858,2.0,0.0043773614979585075,trending,0.30490049400998837,0.34320431288320363,0.351895193106808,4
1790179200000,83996.0,84038.0,0.0023187129631834225,1.0,0.0045028606973969215,high_volatility,0.30635124219893234,0.3427257099756075,0.35092304782546013,4
1790182800000,84038.01,84326.56,0.0011019066827817614,1.0,0.004519269487862719,high_volatility,0.3095140301660129,0.358133536462976,0.332352433371011,4
1790186400000,84326.55,84330.0,0.002763073639274305,1.0,0.004336050418523761,trending,0.3160699469210447,0.3713135497562083,0.31261650332274704,4
1790190000000,84330.0,84518.0,-0.0014245486168625865,1.0,0.004188367915983592,trending,0.3227458068118761,0.36534321567694084,0.3119109775111831,4
1790193600000,84518.0,84232.86,0.0010107694313121751,1.0,0.00407837124185122,low_liquidity,0.3092598483052351,0.37371779419979545,0.3170223574949693,4
1790197200000,84232.86,84419.48,-0.003732906196531771,1.0,0.0039326784359295834,low_liquidity,0.31949706489216984,0.36455853078591716,0.315944404321913,4
1790200800000,84419.49,84563.01,-0.0023351817774698302,1.0,0.0038105403730383613,low_liquidity,0.31938079183326334,0.3627969958318774,0.31782221233485924,4
1790204400000,84563.01,84397.6,-0.0054929287088734124,0.0,0.0036539630169903333,low_liquidity,0.34145395394490197,0.3467618164566921,0.3117842295984059,4
1790208000000,84397.6,84318.0,-0.003225882966863547,1.0,0.0035387463603735354,trending,0.35109288457002413,0.333858145290453,0.31504897013952293,4
1790211600000,84318.0,84104.35,-0.0015020626162618456,1.0,0.003501451473235065,trending,0.34480740026538964,0.33704048332712466,0.31815211640748564,4
1790215200000,84104.35,84365.54,-0.0029816676334909475,1.0,0.003559951223457136,trending,0.35143601067348895,0.3261929171656147,0.32237107216089644,4
1790218800000,84365.55,83934.01,0.007029450874562082,2.0,0.003644350820899216,trending,0.33420169346290923,0.3414825080785073,0.32431579845858344,4
1790222400000,83934.01,84046.0,-0.0045927230326250346,0.0,0.0035183120104154025,trending,0.3382580557879333,0.3418254898964894,0.3199164543155774,4
1790226000000,84046.0,83978.02,-0.008503058300255328,0.0,0.0034944268460756125,low_liquidity,0.3342353617483515,0.3398476457600454,0.32591699249160316,4
1790229600000,83978.02,84113.99,-0.0071544578969563455,0.0,0.003395607741341395,trending,0.34586043072031697,0.3292770464353953,0.3248625228442878,4
1790233200000,84114.0,84524.02,-0.012179259812772791,0.0,0.003473434874141155,trending,0.3568945024800252,0.33092390534587024,0.31218159217410457,4
1790236800000,84524.02,83660.0,-0.000666268228544209,1.0,0.003935366640498834,trending,0.332803117272627,0.3282472152956673,0.3389496674317057,4
1790240400000,83660.01,83263.95,0.011943704328223559,2.0,0.0041186801138116645,trending,0.3267359983572478,0.33446238628742697,0.33880161535532516,4
1790244000000,83263.96,83512.2,0.0019346873869925396,1.0,0.004023864157239743,trending,0.3436820269959934,0.3253853029669962,0.3309326700370105,4
1790247600000,83512.2,83494.58,0.011059640038910246,2.0,0.003848382158064354,trending,0.3281023365708889,0.340533530445253,0.3313641329838582,4
1790251200000,83494.59,83604.26,0.010717994513676832,2.0,0.0037345650599041537,trending,0.3482346147818562,0.3345213165848797,0.31724406863326415,4
1790254800000,83604.26,84258.43,-0.0017616041504688873,1.0,0.0038172849608696623,trending,0.35029420238866493,0.3279362273863503,0.32176957022498476,4
1790258400000,84258.42,83673.77,0.0095877118958545,2.0,0.004365117467219378,high_volatility,0.3306079613500535,0.32370668498530003,0.3456853536646465,4
1790262000000,83673.77,84418.0,-6.337510957388215e-05,1.0,0.004504964965728581,high_volatility,0.3564972360811007,0.3286852860687698,0.3148174778501296,4
1790265600000,84418.01,84500.33,-0.0015230709749890492,1.0,0.004625422107142214,high_volatility,0.343885512288131,0.33792436296638245,0.31819012474548647,4
1790269200000,84500.32,84110.0,0.0028534062537153293,1.0,0.0045923230019842744,high_volatility,0.3317979548739691,0.3452271472594506,0.32297489786658024,4
1790272800000,84110.0,84476.01,-0.002352028700219,1.0,0.004583705176060945,high_volatility,0.3495332031955322,0.3347908935065695,0.31567590329789835,4
1790276400000,84476.01,84412.65,-2.855022321879286e-05,1.0,0.004443283437942477,high_volatility,0.32821522213065957,0.3295662271293295,0.34221855074001095,4
1790280000000,84412.64,84371.63,0.0025883107864572708,1.0,0.004295537735062175,trending,0.3460612582997693,0.3357112922072505,0.3182274494929802,4
1790283600000,84371.62,84350.0,0.0030910491997628853,1.0,0.0040970241050369656,trending,0.3273278197130879,0.34913753026084915,0.32353465002606296,4
1790287200000,84350.0,84277.32,-0.000607043508265348,1.0,0.004021027401286851,ranging,0.3307764907092472,0.3285865356563672,0.3406369736343857,4
1790290800000,84277.32,84410.24,-0.0021211881402066757,1.0,0.0038312991827187106,low_liquidity,0.3239147901170586,0.3496535885367892,0.3264316213461522,4
1790294400000,84410.24,84590.01,-0.004515899690755498,0.0,0.003706009632162552,ranging,0.33366691364237544,0.33314003384064106,0.33319305251698356,4
1790298000000,84590.01,84610.73,-0.004925143654947783,0.0,0.0036585144477719505,ranging,0.3336297528054862,0.333035396028333,0.3333348511661808,4
1790301600000,84610.74,84226.16,-0.0022577308522673256,1.0,0.003772957845061703,ranging,0.3228340985188422,0.335346404978414,0.3418194965027438,4
1790305200000,84226.17,84231.19,-0.0022228108139039637,1.0,0.003667045735084675,ranging,0.33086624500263495,0.3273945035715794,0.3417392514257856,4
1790308800000,84231.19,84208.01,0.002482542931486087,1.0,0.0035265640225385126,ranging,0.3303619022849844,0.3329847964227994,0.33665330129221627,4
1790312400000,84208.0,84194.01,0.0044658758978222135,2.0,0.0034029365205623828,ranging,0.32731481450965166,0.33363576811913065,0.33904941737121774,4
1790316000000,84194.0,84036.0,0.008063924984530457,2.0,0.003342271108930122,ranging,0.33180807634883647,0.32474159312531653,0.34345033052584706,4
1790319600000,84036.01,84043.96,0.006409502836372649,2.0,0.003279431921980107,ranging,0.3309800444073097,0.3163827441002979,0.35263721149239247,4
1790323200000,84043.96,84417.06,0.0006484471266827718,1.0,0.003276949155400116,ranging,0.33666230213515436,0.324179639534981,0.33915805832986456,4
1790326800000,84417.05,84570.01,-0.007642188998203792,0.0,0.0032669174460043648,ranging,0.33780259965526716,0.3244114118957501,0.3377859884489827,4
1790330400000,84570.02,84713.66,-0.008235389664429715,0.0,0.0032692333663534704,ranging,0.33358989064912065,0.3300019223544082,0.3364081869964712,4
1790334000000,84713.67,84582.64,-0.009300135346922311,0.0,0.003389011377472291,ranging,0.35075010564264014,0.321600765607939,0.32764912874942076,4
1790337600000,84582.64,84471.8,-0.008636965235735539,0.0,0.0035589813750661324,ranging,0.3335202435507541,0.32340594078537044,0.3430738156638754,4
1790341200000,84471.79,83923.71,-0.001651499915816479,1.0,0.00387274033757057,ranging,0.3303725562613521,0.3150883740096869,0.354539069728961,4
1790344800000,83923.71,84016.01,-0.0005714387055514303,1.0,0.004024230943723421,ranging,0.32866257937466037,0.3163238759881995,0.3550135446371401,4
1790348400000,84016.01,83796.01,0.0026731583043153595,1.0,0.004119123634485603,ranging,0.32447043639634715,0.3308324198672934,0.34469714373635946,4
1790352000000,83796.01,83742.22,0.0017169356150339432,1.0,0.004029953578686125,ranging,0.32496452126041203,0.34356389236991514,0.3314715863696728,4
1790355600000,83742.23,83785.11,8.223418218333833e-05,1.0,0.00392833896252105,ranging,0.3292502940901778,0.34079568415592876,0.3299540217538934,4
1790359200000,83785.11,83968.0,0.001370164824695097,1.0,0.0037910292842830073,ranging,0.3266535678139907,0.3458490187868698,0.32749741339913946,4
1790362800000,83968.01,84020.01,0.0009519160971298568,1.0,0.0035916315906300857,ranging,0.32113130115809846,0.3462397905608825,0.3326289082810191,4
1790366400000,84020.01,83886.0,0.0002862217771737452,1.0,0.003532256351386511,ranging,0.3225314551468271,0.330497867071612,0.3469706777815609,4
1790370000000,83886.01,83792.0,0.0033972216918083387,1.0,0.003431615643328818,ranging,0.3215958184688879,0.32924512125102884,0.34915906028008326,4
1790373600000,83792.0,84083.05,-0.0008687838987763152,1.0,0.0033579888267063797,ranging,0.33352539151101956,0.3279144853184605,0.33856012317052,4
1790377200000,84083.05,84099.99,-0.0019142689553233172,1.0,0.0031613297893547574,ranging,0.32019687560468146,0.35007569927663607,0.3297274251186825,4
1790380800000,84100.0,83910.01,0.0007864377563535641,1.0,0.0031195302883995106,ranging,0.32149773266767573,0.3236383483516303,0.3548639189806939,4
1790384400000,83910.01,84076.66,-0.0018669866286316061,1.0,0.002982356161655473,ranging,0.3197737739784038,0.3388528450445059,0.3413733809770903,4
1790388000000,84076.67,84010.0,-0.0014138793000832983,1.0,0.0028442745634289822,ranging,0.3123633920838155,0.3385486114883446,0.3490879964278399,4
1790391600000,84010.0,83939.0,0.0021182048868821912,1.0,0.0027147499791155293,low_liquidity,0.30934740195260696,0.34759051268759306,0.34306208535979993,4
1790395200000,83939.01,83976.0,0.002905711155568147,2.0,0.002620134817822706,ranging,0.31662679620473905,0.33744983317044813,0.34592337062481276,4
1790398800000,83976.01,83919.69,0.0012185459693665468,1.0,0.0025,low_liquidity,0.3016446509554152,0.34386310819369353,0.3544922408508913,4
1790402400000,83919.69,83891.22,0.0034413613248203134,2.0,0.0025,ranging,0.3105911086033335,0.3469205637924765,0.34248832760419,4
1790406000000,83891.23,84116.8,0.0007037833108249902,1.0,0.0025,ranging,0.3302671798260316,0.32932846239466573,0.3404043577793028,4
1790409600000,84116.79,84220.01,-0.0019960814538018123,1.0,0.0025,ranging,0.3297858376581721,0.33527135485962,0.3349428074822079,4
1790413200000,84220.01,84021.95,-0.0009860518590676381,1.0,0.0025,ranging,0.32612019000412173,0.3269631651860984,0.3469166448097799,4
1790416800000,84021.96,84179.92,-0.0018997404606704293,1.0,0.0025,low_liquidity,0.3153303877447448,0.35585643843775466,0.3288131738175005,4
1790420400000,84179.92,84176.0,-0.00023771621364754303,1.0,0.0025,low_liquidity,0.300895638742479,0.3643618311028275,0.33474253015469346,4
1790424000000,84176.0,84051.9,0.0008102136893990419,1.0,0.0025,ranging,0.3150556158560773,0.3462332249636363,0.33871115918028644,4
1790427600000,84051.89,83939.1,0.002302860049726352,1.0,0.0025,ranging,0.3264337197718374,0.324877180220202,0.3486891000079606,4
1790431200000,83939.11,84020.0,-0.00025374910735542766,1.0,0.0025,ranging,0.30926526361789947,0.3473295607595648,0.34340517562253575,4
1790434800000,84020.01,84155.99,-0.00165597243880089,1.0,0.0025,ranging,0.32883819348541155,0.3414598468972618,0.3297019596173266,4
1790438400000,84156.0,84120.0,-0.0010658582976700304,1.0,0.0025,ranging,0.30956852383344846,0.35678102350344504,0.33365045266310644,4
1790442000000,84120.0,84132.4,0.0003131968183482936,1.0,0.0025,ranging,0.30615483723913733,0.34869566378802713,0.34514949897283553,4
1790445600000,84132.4,83998.68,0.0033015995013254695,2.0,0.0025,ranging,0.3054764751027366,0.33758157687614265,0.3569419480211207,4
1790449200000,83998.68,84016.63,0.004956994823524852,2.0,0.0025,ranging,0.3040194235186998,0.34772765150930096,0.34825292497199917,4
1790452800000,84016.63,84030.34,0.003280600792523236,2.0,0.0025,ranging,0.30760301615667407,0.3302887467051296,0.3621082371381963,4
1790456400000,84030.35,84158.75,0.003995544135339424,2.0,0.0025,ranging,0.3112792412969123,0.3446148034648941,0.3441059552381936,4
1790460000000,84158.74,84276.01,0.0020645258360001417,1.0,0.0025,ranging,0.31637918061345993,0.3343280811624942,0.3492927382240459,4
1790463600000,84276.01,84433.1,-0.0003665624026597536,1.0,0.0025,ranging,0.3287313931047081,0.3525397491115856,0.31872885778370624,4
1790467200000,84433.11,84306.01,0.00027981397767495864,1.0,0.0025,ranging,0.33378201433411636,0.3442541343481446,0.321963851317739,4
1790470800000,84306.01,84495.01,-0.00020060356226947462,1.0,0.0025,ranging,0.34944913284397144,0.3357383985262816,0.31481246862974693,4
1790474400000,84495.01,84450.0,0.0007304914150385589,1.0,0.0025,ranging,0.32866595117801123,0.35262980913121267,0.31870423969077616,4
1790478000000,84450.01,84402.15,0.004607110126934044,2.0,0.0025,ranging,0.32242860456763167,0.35241209821550346,0.32515929721686476,4
1790481600000,84402.15,84329.6,0.005578112548855874,2.0,0.0025,ranging,0.3128598765345628,0.35773841753589947,0.3294017059295376,4
1790485200000,84329.61,84478.06,0.0055156332898742555,2.0,0.0025,ranging,0.32415162058987235,0.35105121482008284,0.3247971645900449,4
1790488800000,84478.06,84511.69,0.0043935933596879195,2.0,0.0025,ranging,0.3206169649835722,0.3577445473936494,0.32163848762277847,4
1790492400000,84511.69,84791.0,0.0012619263836963768,1.0,0.0025,ranging,0.3478348787863729,0.33527760175074256,0.3168875194628845,4
1790496000000,84790.99,84800.0,2.3702830188598867e-05,1.0,0.0025,ranging,0.3353335548146976,0.3464224174432724,0.31824402774203,4
1790499600000,84800.0,84944.01,0.0010171405847216874,1.0,0.0025,ranging,0.34999262055964464,0.32187231510147823,0.32813506433887724,4
1790503200000,84944.01,84883.0,-0.004064182462919508,0.0,0.0025,ranging,0.3460954534327065,0.3193255383756259,0.33457900819166764,4
1790506800000,84882.99,84898.0,-0.005119437442578256,0.0,0.0025,ranging,0.3402880772093159,0.34123078232139753,0.3184811404692865,4
1790510400000,84898.0,84802.01,-0.004433975090920583,0.0,0.0025,ranging,0.3358602114118539,0.34021405168086305,0.32392573690728316,4
1790514000000,84802.01,85030.41,-0.005367609070684232,0.0,0.0025,ranging,0.34839857193937374,0.32032143141690816,0.33127999664371804,4
1790517600000,85030.41,84538.02,0.0033221738573956383,2.0,0.0025,ranging,0.35445217635883536,0.3161353212816062,0.3294125023595585,4
1790521200000,84538.01,84463.37,0.0032279081452706304,2.0,0.0025,ranging,0.3474429558848176,0.32532622830801083,0.32723081580717145,4
1790524800000,84463.38,84426.0,0.0014924312415607321,1.0,0.0025,ranging,0.3525909371120255,0.32252739199369024,0.3248816708942843,4
1790528400000,84426.0,84574.0,0.0013487596660912704,1.0,0.0025,ranging,0.3369451956727496,0.3435709986197801,0.3194838057074702,4
1790532000000,84574.0,84818.87,-0.007352137560898808,0.0,0.0025,ranging,0.36473630668238577,0.32307232143908005,0.3121913718785342,4
1790535600000,84818.87,84736.01,-0.003115676558289593,0.0,0.0025,ranging,0.3439514760233625,0.33126222792275023,0.3247862960538872,4
1790539200000,84736.02,84552.0,-0.004872741035102712,0.0,0.0025,ranging,0.35249041264302877,0.3142419103374679,0.3332676770195033,4
1790542800000,84552.01,84688.07,-0.011732939480141868,0.0,0.0025,ranging,0.34846598370798854,0.32195049247608487,0.3295835238159266,4
1790546400000,84688.07,84195.27,-0.009228903238863606,0.0,0.0025,ranging,0.35501647048259294,0.30948379978712925,0.3354997297302779,4
1790550000000,84195.27,84472.0,-0.013417463774978655,0.0,0.0025,ranging,0.35918400057630673,0.3092246287041381,0.3315913707195552,4
1790553600000,84472.01,84140.0,-0.0077227240313761936,0.0,0.0025,ranging,0.3604035986888336,0.3009699157713418,0.33862648553982455,4
1790557200000,84140.0,83694.43,-0.006098613730925684,0.0,0.0025730914587114057,ranging,0.35029267704614214,0.3087526011510576,0.34095472180280034,4
1790560800000,83694.42,83418.24,-0.003038424210340618,0.0,0.0025991185232658903,ranging,0.34744165798795507,0.31213779363763794,0.340420548374407,4
1790564400000,83418.91,83338.6,-0.0044707974456015265,0.0,0.002583666945885402,ranging,0.3405012250755803,0.322359516335483,0.33713925858893673,4
1790568000000,83338.6,83490.21,-0.006326610030086277,0.0,0.002545683773473684,ranging,0.35271155333065746,0.32252517039153417,0.32476327627780843,4
1790571600000,83490.2,83184.01,-0.006227158320451287,0.0,0.002799653569179108,ranging,0.3374198416924911,0.3233037424891157,0.33927641581839324,4
1790575200000,83184.0,83164.78,-0.002462340428243781,1.0,0.0027290289887108945,ranging,0.34140023513009315,0.3300929579241948,0.32850680694571205,4
1790578800000,83164.78,82966.01,0.0014045510926703475,1.0,0.002732155218897934,ranging,0.32740441730023057,0.33284823439882183,0.33974734830094766,4
1790582400000,82966.0,82962.0,0.007446180178876993,2.0,0.002731531323948914,ranging,0.33124175331560674,0.3341631426222418,0.3345951040621515,4
1790586000000,82962.01,82666.01,0.011806303461362244,2.0,0.0027560514913884406,trending,0.3153739500413292,0.3340663336527263,0.35055971630594446,4
1790589600000,82666.01,82960.0,0.0007232401157184487,1.0,0.0027559866561503075,trending,0.32648928344912476,0.3434708948435549,0.3300398217073203,4
1790593200000,82960.01,83082.54,0.003459932736770144,2.0,0.002633247515856764,trending,0.32390880762733665,0.3461074382530699,0.32998375411959346,4
1790596800000,83082.53,83579.75,0.001715128365423535,1.0,0.0027485037574112585,trending,0.34228185782709647,0.33559246104105006,0.32212568113185347,4
1790600400000,83579.75,83641.99,0.002849525698754851,2.0,0.0028112369499205684,trending,0.3426335268266231,0.3317828814737659,0.32558359169961093,4
1790604000000,83641.99,83020.0,0.012300529992772757,2.0,0.003187000453494448,trending,0.3262243255459074,0.3224866468916623,0.35128902756243036,4
1790607600000,83020.01,83370.0,0.0002343768741752683,1.0,0.003258032273889557,trending,0.3428197069952973,0.32626823324324616,0.3309120597614566,4
1790611200000,83370.0,83723.1,-0.0020914180196386356,1.0,0.0034901000686141386,trending,0.3503496104935505,0.3226876459025747,0.3269627436038748,4
1790614800000,83723.1,83880.33,-0.007896010900291017,0.0,0.003652771890032971,ranging,0.35570537851834794,0.3299964305275951,0.31429819095405703,4
1790618400000,83880.34,84041.19,-0.00591590861576341,0.0,0.0035104234093501045,ranging,0.35113341166612905,0.34007584293127846,0.3087907454025925,4
1790622000000,84041.19,83389.54,0.001324746484990813,1.0,0.0037616400685208527,ranging,0.3413839971463274,0.32038775097813915,0.33822825187553357,4
1790625600000,83389.53,83548.0,-0.004336549049648086,0.0,0.0036626837732918224,ranging,0.3479299171870717,0.32824700233504933,0.32382308047787894,4
1790629200000,83548.01,83218.01,-0.0018026146022958045,1.0,0.0036463044053829255,ranging,0.33442402730854925,0.3202047486786725,0.34537122401277826,4
1790632800000,83218.01,83544.01,-0.006901871241277502,0.0,0.00360041419581693,ranging,0.33938766119613734,0.3248914694174837,0.335720869386379,4
1790636400000,83544.01,83500.01,-0.005149939503001133,0.0,0.003438262646002017,low_liquidity,0.32888756698287075,0.3374590189583457,0.33365341405878357,4
1790640000000,83500.01,83185.69,0.0003280612326470589,1.0,0.0034298829773051205,ranging,0.34319545128670664,0.3169408650839826,0.3398636836293108,4
1790643600000,83185.69,83068.0,0.004370154572157725,2.0,0.0034298521066415052,ranging,0.34806517688409055,0.31199459658032697,0.33994022653558253,4
1790647200000,83068.01,82967.4,0.012530945889590361,2.0,0.003325451074181329,ranging,0.3485100375456543,0.3172969442191652,0.3341930182351805,4
1790650800000,82967.41,83069.99,0.010966415187963818,2.0,0.0032615804566696587,ranging,0.351024027413125,0.32238754953573434,0.32658842305114066,4
1790654400000,83070.0,83212.98,0.007943832801084572,2.0,0.0031630718866186816,ranging,0.3564727307003205,0.3227796756240494,0.3207475936756301,4
1790658000000,83212.98,83431.02,0.00991226045180782,2.0,0.0031675339950783883,ranging,0.35846287712115543,0.3243308497610655,0.31720627311777916,4
1790661600000,83431.01,84007.06,0.00027890513011663565,1.0,0.0032260517298213225,ranging,0.3646534870066692,0.32287578177710086,0.3124707312162299,4
1790665200000,84007.07,83980.97,0.004489588534164257,2.0,0.003163047002529811,ranging,0.3576067870099025,0.33364560494486895,0.30874760804522855,4
1790668800000,83980.97,83874.01,0.0054705861803914235,2.0,0.003231096958542423,ranging,0.36316262532537064,0.3213112979835905,0.31552607669103894,4
1790672400000,83874.01,84258.01,-0.0006883618542616876,1.0,0.003275813829749873,ranging,0.365075197404034,0.3264660374074507,0.3084587651885154,4
1790676000000,84258.01,84030.49,-0.0033140351793736755,0.0,0.0032259023799640495,ranging,0.3585574900653383,0.33139004630812136,0.31005246362654026,4
1790679600000,84030.5,84358.01,-0.01529208666728854,0.0,0.003269917318417311,ranging,0.368028748248819,0.3300267952144083,0.30194445653677277,4
1790683200000,84358.0,84332.85,-0.015078110131461209,0.0,0.003218168358221425,ranging,0.36508217909789137,0.328007574297234,0.30691024660487465,4
1790686800000,84332.85,84200.01,-0.013325414094368826,0.0,0.0032672230786910533,ranging,0.3661494116081112,0.3190838571365359,0.3147667312553528,4
1790690400000,84200.01,83752.01,-0.0013374007382030983,1.0,0.003357112441390297,ranging,0.35990503083894765,0.3220277543802323,0.31806721478082006,4
1790694000000,83752.0,83068.0,0.0063322819858429025,2.0,0.003579592186016086,ranging,0.3541289407819586,0.31885801593585256,0.32701304328218883,4
1790697600000,83068.0,83061.27,0.006683259237427963,2.0,0.0035254047388355563,ranging,0.35870452847820755,0.31947623752827337,0.32181923399351914,4
1790701200000,83061.28,83078.01,0.005127469952638686,2.0,0.0033931324936406957,ranging,0.347801640583185,0.3386290843834818,0.3135692750333332,4
1790704800000,83078.01,83640.0,-0.0003346484935438099,1.0,0.003448303134260854,ranging,0.36373616953069565,0.33095691293098245,0.30530691753832184,4
1790708400000,83640.0,83594.01,0.0008331936702163922,1.0,0.0033583309924654307,ranging,0.34905341858954414,0.33935799226083996,0.3115885891496159,4
1790712000000,83594.01,83616.39,-0.0019497373660833928,1.0,0.003192882749915631,low_liquidity,0.33290319067845686,0.35223127190441506,0.3148655374171281,4
1790715600000,83616.38,83503.99,-0.000670387127609251,1.0,0.0030880810777817167,ranging,0.3450671626806021,0.3387857278340524,0.3161471094853455,4
1790719200000,83503.99,83612.01,-0.002718867779879952,1.0,0.0029755501364470355,ranging,0.34588667553939695,0.3442781455835469,0.3098351788770561,4
1790722800000,83612.0,83663.66,-0.004338920864805695,0.0,0.0028827095649869637,ranging,0.33183015681469474,0.33233186188420577,0.33583798130109954,4
1790726400000,83663.66,83453.36,-0.0029160000268414477,0.0,0.0028821251843199167,ranging,0.3332041267998949,0.3168652754859946,0.34993059771411045,4
1790730000000,83453.36,83448.01,-0.0007670644273002347,1.0,0.0027862749491206007,ranging,0.32482974090612016,0.3304929513585545,0.34467730773532546,4
1790733600000,83448.01,83384.68,-0.004095956235605769,0.0,0.0027551654894781867,ranging,0.335849299706177,0.3164190502183716,0.3477316500754513,4
1790737200000,83384.68,83300.65,5.126010421285798e-05,1.0,0.0026905172536669138,ranging,0.32969614129399466,0.3271774782075886,0.3431263804984168,4
1790740800000,83300.65,83210.01,-0.0017738250482122186,1.0,0.002616084521619021,ranging,0.32709215277712433,0.3381206796769125,0.33478716754596316,4
1790744400000,83210.01,83384.0,0.0029743116185358964,2.0,0.002595804136509515,ranging,0.3381891928028086,0.3218145797131157,0.3399962274840756,4
1790748000000,83384.01,83043.14,0.01053512668234835,2.0,0.0026566543929054044,ranging,0.33414335566929404,0.3227209253540191,0.3431357189766868,4
1790751600000,83043.14,83304.92,0.0073253776607673515,2.0,0.0027235177490644875,ranging,0.3492947411955587,0.3141836870643021,0.33652157174013925,4
1790755200000,83304.92,83062.41,0.026822120860687804,2.0,0.0026995222771624065,ranging,0.34336653547367774,0.318421281631519,0.33821218289480326,4
1790758800000,83062.41,83632.01,0.01202565859651128,2.0,0.002876223333683025,ranging,0.35509596546534067,0.31977140521309905,0.3251326293215603,4
1790762400000,83632.01,83918.01,-0.001406134392367031,1.0,0.0028240748677212783,ranging,0.34804681132990295,0.3234847243090948,0.3284684643610023,4
1790766000000,83918.0,83915.16,0.002612996269088841,1.0,0.0027680556502138404,ranging,0.35333450989939696,0.33142188968830677,0.3152436004122963,4
1790769600000,83915.17,85290.32,-0.011031498064493217,0.0,0.003406234666737411,ranging,0.36108668564459323,0.3160111968953756,0.3229021174600311,4
1790773200000,85290.32,84637.74,-0.007163234746107361,0.0,0.0040129691734061045,ranging,0.35237179777767985,0.30654043517694657,0.3410877670453736,4
1790776800000,84637.74,83800.01,0.001789856588322758,1.0,0.004414021242656766,high_volatility,0.3403911408894217,0.3033047648958012,0.3563040942147771,4
1790780400000,83800.01,84134.43,-0.00631453734220333,0.0,0.0043889466243597535,high_volatility,0.3442968177838671,0.3221540615922395,0.3335491206238933,4
1790784000000,84134.43,84349.44,-0.008007759150505334,0.0,0.00424572874887417,high_volatility,0.3451747638155846,0.33206489899502867,0.3227603371893867,4
1790787600000,84349.44,84031.46,-0.003257589478988021,1.0,0.0042182781056665074,high_volatility,0.34201388390579074,0.3345953161957268,0.3233907998984823,4
1790791200000,84031.47,83950.0,-0.00314651578320424,1.0,0.004066559076633614,ranging,0.34665538440257815,0.33868122951163737,0.3146633860857845,4
1790794800000,83950.01,83603.16,0.00024448836622914527,1.0,0.004024913863717332,ranging,0.3343533718942217,0.3225989378404708,0.34304769026530757,4
1790798400000,83603.16,83673.99,-0.001971460904398259,1.0,0.0038577201576785606,ranging,0.3330870378837264,0.3344089547507458,0.33250400736552793,4
1790802000000,83673.99,83757.72,-0.0028612287918056145,1.0,0.003652699453216393,ranging,0.32569291785506954,0.3501905961688321,0.32411648597609827,4
1790805600000,83757.73,83685.85,-0.0023309794905591597,1.0,0.0035302683570302136,ranging,0.33155571262162514,0.33272447977459396,0.3357198076037809,4
1790809200000,83685.86,83623.6,0.0015594879914280213,1.0,0.003440662005889919,ranging,0.3301282693582023,0.33253009512053133,0.3373416355212664,4
1790812800000,83623.59,83509.03,0.007196587003824639,2.0,0.0033174282924036277,ranging,0.3247950618709476,0.348974524295418,0.3262304138336343,4
1790816400000,83509.03,83518.07,0.009260391194384487,2.0,0.003187794179760298,ranging,0.3263350822255262,0.34970736552106846,0.32395755225340533,4
1790820000000,83518.07,83490.78,0.007553768212489986,2.0,0.003093302575155663,ranging,0.3364271505186184,0.33697314241588483,0.32659970706549674,4
1790823600000,83490.78,83754.01,-0.003869426669839471,0.0,0.0030452658600080445,ranging,0.3499019619219793,0.3357791909219098,0.3143188471561108,4
1790827200000,83754.01,84110.01,-0.006456306449137195,0.0,0.003063988931021106,ranging,0.348469721842683,0.330736117905691,0.3207941602516261,4
1790830800000,84110.01,84291.48,-0.006044145861479722,0.0,0.003009843102228608,ranging,0.34367973818273073,0.33692700390967034,0.3193932579075989,4
1790834400000,84291.49,84121.45,-0.0018445949279285445,1.0,0.0029604405174307354,ranging,0.3406407558749685,0.33204699416919925,0.32731224995583225,4
1790838000000,84121.45,83429.93,0.00570334890608204,2.0,0.003230218919333438,ranging,0.3409614679516115,0.3276244216663235,0.3314141103820651,4
1790841600000,83429.93,83566.97,0.002022928436917093,1.0,0.0031978835983887603,ranging,0.3649520010251383,0.3200871420723693,0.31496085690249237,4
1790845200000,83566.98,83782.01,0.0018817882263746366,1.0,0.0031345092166569157,ranging,0.35712383125850766,0.33434451350021605,0.3085316552412763,4
1790848800000,83782.01,83966.28,0.0010048081205931148,1.0,0.0032511939596939084,ranging,0.35767129659692226,0.3387338374082957,0.30359486599478197,4
1790852400000,83966.27,83905.76,0.0030616491644912536,1.0,0.0031576281112469613,ranging,0.35680691266209014,0.337219196866356,0.305973890471554,4
1790856000000,83905.76,83736.02,0.005564988639297441,2.0,0.0031412112767600104,ranging,0.3594795149502726,0.3316156091055159,0.30890487594421157,4
1790859600000,83736.02,83939.67,0.011536142565249596,2.0,0.0032282462033531452,ranging,0.35984756573935683,0.323030553913639,0.31712188034700417,4
1790863200000,83938.6,84050.65,0.00893949065236277,2.0,0.0033910870348897635,ranging,0.356332525538588,0.32584488231259945,0.3178225921488124,4
1790866800000,84050.65,84162.65,0.006091894682498822,2.0,0.0036090881367020896,ranging,0.3588459112052961,0.3251083019754815,0.3160457868192225,4
1790870400000,84162.66,84202.01,0.005130400093774634,2.0,0.003635766178511254,ranging,0.3528108577752581,0.33719837727161983,0.30999076495312206,4
1790874000000,84202.0,84908.01,-0.004275450572919892,0.0,0.003792604205731984,ranging,0.3483074424102636,0.3433552585847186,0.3083372990050177,4
1790877600000,84908.0,84802.02,-0.0006166126703114339,1.0,0.0038306669933286393,ranging,0.35194900558206926,0.3433291565177489,0.30472183790018176,4
1790881200000,84802.02,84675.36,0.0024173502185287354,1.0,0.003717347126687095,ranging,0.35490534715851013,0.34019564892823406,0.30489900391325575,4
1790884800000,84675.36,84634.0,0.001782853226835579,1.0,0.0036036565687578665,ranging,0.35134551910874434,0.3374664064547832,0.31118807443647256,4
1790888400000,84634.01,84544.99,0.00431734630283831,2.0,0.0034481424036761675,ranging,0.3369196085359711,0.34610373091973595,0.31697666054429285,4
1790892000000,84544.99,84749.73,0.005171343908706216,2.0,0.003320984154071648,ranging,0.3582682595754217,0.3334427635396804,0.308288976884898,4
1790895600000,84749.74,84880.05,0.0074558155891755185,2.0,0.003207945999000149,ranging,0.35260340520988237,0.3380786444175734,0.3093179503725442,4
1790899200000,84880.05,84784.89,0.02202314586950571,2.0,0.003110259402439031,ranging,0.3501681120383419,0.33058637534331026,0.3192455126183479,4
1790902800000,84784.89,84910.0,0.01286079378165117,2.0,0.0031192464432881588,ranging,0.3485348957915341,0.3365666765194479,0.314898427689018,4
1790906400000,84910.01,85188.0,0.009449100812320976,2.0,0.003049720116091781,ranging,0.3555796594295514,0.32945779624337196,0.31496254432707665,4
1790910000000,85187.99,85512.9,0.00674459642931069,2.0,0.00301207707863387,ranging,0.3747434506692434,0.3205899720735095,0.30466657725724716,4
1790913600000,85512.89,86652.12,-0.00480219064461429,0.0,0.0034819548708326328,trending,0.37251729330013206,0.3251782188853632,0.30230448781450475,4
1790917200000,86652.12,86002.01,0.004209320224027424,2.0,0.0036449297828916667,trending,0.3699475283525778,0.3285266374383448,0.30152583420907736,4
1790920800000,86002.01,85992.95,0.0035427322821233176,2.0,0.003496222438905999,trending,0.35724778396314855,0.339400840262959,0.3033513757738924,4
1790924400000,85992.96,86089.65,0.003893615550766061,2.0,0.0034400072299303136,trending,0.3669382013486478,0.32816914695900695,0.30489265169234514,4
1790928000000,86089.64,86236.0,0.00665615288278687,2.0,0.003476287032502347,trending,0.37527587374485644,0.3317881395697252,0.29293598668541826,4
1790931600000,86236.01,86364.02,0.0023277054495609573,1.0,0.003383982085325197,trending,0.37443665800052356,0.32860950962443675,0.29695383237503964,4
1790935200000,86364.01,86297.6,-0.007076326572233893,0.0,0.0033075790341931966,trending,0.36692059966051327,0.3373360719589568,0.29574332838052997,4
1790938800000,86297.6,86424.85,-0.012714514401818477,0.0,0.003209865252872029,trending,0.3725869903125022,0.32866046748143934,0.2987525422060584,4
1790942400000,86424.85,86810.0,-0.01900691164612378,0.0,0.003417609556992943,trending,0.3787294194373898,0.32098037305360744,0.30029020750900276,4
1790946000000,86810.01,86565.05,-0.020681556817676472,0.0,0.0035212519481453916,trending,0.37418610269779623,0.3219233373322199,0.303890559969984,4
1790949600000,86565.06,85686.93,-0.016629373931356883,0.0,0.004025257629638697,high_volatility,0.33232947455741146,0.3347351222644171,0.3329354031781714,4
1790953200000,85686.93,85326.0,-0.011845392963457768,0.0,0.004052860787414172,high_volatility,0.32607947387269254,0.3412040438084783,0.3327164823188291,4
1790956800000,85326.0,85160.01,-0.008231210869984684,0.0,0.004017300737844409,trending,0.32745277472643236,0.34470642658135137,0.3278407986922163,4
1790960400000,85160.0,84774.75,-0.0028671272991073193,1.0,0.004231616997734654,high_volatility,0.31960131336656367,0.3427109442495309,0.33768774238390536,4
1790964000000,84774.75,84262.01,0.003536469163268219,1.0,0.00446799008238298,high_volatility,0.3189810699199565,0.34139558843024337,0.3396233416498002,4
1790967600000,84262.01,84315.28,0.0024044277620853816,1.0,0.004338865916645175,high_volatility,0.31216552523306423,0.35758037116917496,0.3302541035977607,4
1790971200000,84315.27,84459.04,0.0023806806234123457,1.0,0.004174308322689518,high_volatility,0.3203879974444816,0.3618172330979296,0.31779476945758867,4
1790974800000,84459.04,84531.69,0.001281294624536633,1.0,0.0039348936617555385,trending,0.33189153721873166,0.36443764163746867,0.3036708211437997,4
1790978400000,84531.68,84560.0,0.00047303689687794304,1.0,0.003706948359221088,trending,0.3310863686593937,0.3658380069858714,0.30307562435473484,4
1790982000000,84559.99,84518.01,0.002148062880325874,1.0,0.0034956033904359174,trending,0.338810727268533,0.35615034370209214,0.3050389290293748,4
1790985600000,84518.0,84660.11,-0.000978973450424303,1.0,0.0033570328205132388,trending,0.3493437798655151,0.35189421581047037,0.2987620043240146,4
1790989200000,84660.11,84640.0,0.00014284026465016808,1.0,0.0031748936522392264,low_liquidity,0.34088128416056646,0.35697759355072095,0.30214112228871265,4
1790992800000,84640.01,84600.0,-0.00016548463356969023,1.0,0.003000867091718903,low_liquidity,0.33834147031790285,0.35937882552351613,0.30227970415858096,4
1790996400000,84600.01,84699.56,-0.0016477063163019556,1.0,0.002872768868045769,low_liquidity,0.3430409347344891,0.34685478688951255,0.3101042783759983,4
1791000000000,84699.56,84577.23,0.0004585158440397752,1.0,0.0027727940557720075,low_liquidity,0.33145042337373476,0.35204658092612773,0.3165029957001374,4
1791003600000,84577.23,84652.09,-0.0006152240304994061,1.0,0.002623528278906557,low_liquidity,0.33381376618717135,0.36370427567879154,0.30248195813403717,4
1791007200000,84652.09,84586.0,0.0005926512661671435,1.0,0.0025008689176747043,ranging,0.3446021572618803,0.34514844117462284,0.3102494015634968,4
1791010800000,84586.01,84560.0,0.0013246215704825204,1.0,0.0025,ranging,0.3455520125856792,0.34711067379796434,0.3073373136163564,4
1791014400000,84560.0,84616.01,0.0032146398772525675,2.0,0.0025,ranging,0.3442201426810925,0.35021510663927663,0.3055647506796308,4
1791018000000,84616.02,84600.01,0.0031918435943447676,2.0,0.0025,low_liquidity,0.33290821709111307,0.3523203802056324,0.31477140270325465,4
1791021600000,84600.0,84636.13,0.0025979448729518406,2.0,0.0025,ranging,0.3472796383796403,0.3448454771877835,0.3078748844325761,4
1791025200000,84636.13,84672.01,0.0023061930382897167,1.0,0.0025,ranging,0.3487967972615792,0.3431222096209485,0.3080809931174723,4
1791028800000,84672.01,84888.02,-0.0002354867035420094,1.0,0.0025,ranging,0.35973556659138467,0.331248964945615,0.30901546846300026,4
1791032400000,84888.02,84870.04,0.0016726750688464964,1.0,0.0025,ranging,0.3514526662024363,0.34572239900251417,0.3028249347950495,4
1791036000000,84870.03,84856.01,0.0011075232031296789,1.0,0.0025,ranging,0.3419987675805445,0.344636357403141,0.31336487501631444,4
1791039600000,84856.01,84867.28,-0.00029198532108010156,1.0,0.0025,ranging,0.33649489256268283,0.3462395303827805,0.3172655770545368,4
1791043200000,84867.27,84868.03,-0.0013936932434981397,1.0,0.0025,ranging,0.3333000646454198,0.35197616080059846,0.3147237745539818,4
1791046800000,84868.02,85012.0,-0.003491859972709843,0.0,0.0025,ranging,0.34903339233764685,0.34584610565224566,0.30512050201010754,4
1791050400000,85012.01,84949.99,-0.002048028492999343,1.0,0.0025,ranging,0.33804456895613694,0.3534122056252788,0.3085432254185842,4
1791054000000,84950.0,84842.5,-0.0010482953708341736,1.0,0.0025,ranging,0.33838841558869437,0.3458435586794944,0.3157680257318113,4
1791057600000,84842.5,84749.75,0.000474927654653845,1.0,0.0025,ranging,0.33317651907221685,0.35137816542211053,0.3154453155056727,4
1791061200000,84749.76,84715.15,0.0010321648489084456,1.0,0.0025,ranging,0.33640720438545857,0.34867984848865347,0.3149129471258879,4
1791064800000,84715.15,84776.01,0.00030857786300630963,1.0,0.0025,ranging,0.33816341602352373,0.3440612932601421,0.31777529071633415,4
1791068400000,84776.02,84753.56,0.0010301632167426522,1.0,0.0025,ranging,0.335925185641697,0.3429951534687685,0.32107966088953444,4
1791072000000,84753.57,84790.0,0.0002587569288832192,1.0,0.0025,ranging,0.33119819874458534,0.34679735870824147,0.3220044425471732,4
1791075600000,84790.0,84802.59,0.0012902907800338426,1.0,0.0025,ranging,0.33251326250273416,0.34795115447030384,0.319535583026962,4
1791079200000,84802.6,84802.17,0.0027071241219418507,2.0,0.0025,ranging,0.33643535145282794,0.3438269886059595,0.31973765994121256,4
1791082800000,84802.17,84840.87,0.0031250268885738564,2.0,0.0025,ranging,0.33198518954839334,0.33996628594243694,0.3280485245091697,4
1791086400000,84840.88,84811.94,0.0034728600713531677,2.0,0.0025,low_liquidity,0.32173751076951856,0.35073789438096165,0.3275245948495197,4
1791090000000,84811.94,84912.01,0.0037901587773037093,2.0,0.0025,ranging,0.32447404295654997,0.3422295570917533,0.33329639995169685,4
1791093600000,84912.01,85031.74,0.0027315682355786297,2.0,0.0025,ranging,0.32342504914648645,0.3484986124213823,0.32807633843213124,4
1791097200000,85031.74,85106.0,0.002390665757995958,1.0,0.0025,ranging,0.3315065589704054,0.3512174872311138,0.31727595379848084,4
1791100800000,85106.01,85106.48,0.00025215471254380617,1.0,0.0025,ranging,0.3280613987678946,0.3515233602750028,0.3204152409571026,4
1791104400000,85106.48,85233.84,8.56467337386757e-05,1.0,0.0025,ranging,0.33292132191468327,0.3438382047230596,0.3232404733622572,4
1791108000000,85233.84,85264.01,0.00016923904939503132,1.0,0.0025,ranging,0.32142223569400113,0.35805683401380073,0.3205209302921981,4
1791111600000,85264.01,85309.46,-0.0006265424725465651,1.0,0.0025,ranging,0.3232183586732216,0.3624220383494515,0.31435960297732696,4
1791115200000,85309.47,85127.94,0.0028904728576775174,2.0,0.0025,ranging,0.3208092306426005,0.3580384916777995,0.32115227767960003,4
1791118800000,85127.94,85241.14,0.0009196263682067496,1.0,0.0025,ranging,0.318850397138538,0.3621542776831957,0.3189953251782662,4
1791122400000,85241.15,85278.44,0.0007082681155987647,1.0,0.0025,ranging,0.318179271647146,0.3621484958539682,0.31967223249888577,4
1791126000000,85278.45,85256.01,0.0020173357866501984,1.0,0.0025,ranging,0.31979672627707023,0.36389071462223294,0.31631255910069694,4
1791129600000,85256.01,85374.0,0.005276079368426112,2.0,0.0025,ranging,0.3280420080060738,0.34720819085032606,0.32474980114360014,4
1791133200000,85374.0,85319.53,0.006398183393649726,2.0,0.0025,ranging,0.3190801948093122,0.3560869813397762,0.3248328238509116,4
1791136800000,85319.54,85338.84,0.012762887332426809,2.0,0.0025,ranging,0.31757234870037776,0.3599932592582501,0.3224343920413722,4
1791140400000,85338.84,85428.0,0.012899751837804896,2.0,0.0025,trending,0.3217681679880493,0.35138469130784056,0.32684714070411014,4
1791144000000,85428.0,85824.44,0.009647834579520786,2.0,0.0025,trending,0.33677315209237113,0.3413542097587594,0.32187263814886946,4
1791147600000,85824.45,85865.42,0.00873331778962938,2.0,0.0025,trending,0.34126465483953383,0.33107936501707336,0.32765598014339276,4
1791151200000,85865.43,86428.01,0.0010874946675274444,1.0,0.0025,trending,0.3551816681443419,0.30596595184727415,0.338852380008384,4
1791154800000,86428.01,86530.0,-0.005142378365884714,0.0,0.0025,trending,0.3713459820670067,0.3126656675356885,0.31598835039730483,4
1791158400000,86530.0,86652.46,-0.01286103129674565,0.0,0.0025,trending,0.3663255480968806,0.314195658782688,0.31947879312043137,4
1791162000000,86652.45,86615.31,-0.009787415180988135,0.0,0.0025,trending,0.3659003163961205,0.31268298648652565,0.321416697117354,4
1791165600000,86615.31,86522.0,-0.003028131573472592,0.0,0.0025,trending,0.36276593482314345,0.3092809420887246,0.32795312308813196,4
1791169200000,86522.01,86085.03,0.0019484223912100695,1.0,0.0025,trending,0.35645269586010525,0.3156870788825911,0.3278602252573037,4
1791172800000,86085.02,85538.02,0.007867612554043113,2.0,0.0025,trending,0.3434740725530216,0.3233592447439482,0.3331666827030302,4
1791176400000,85538.02,85767.57,0.002371758929394785,1.0,0.0025,trending,0.3523628248180715,0.319524053582471,0.3281131215994575,4
1791180000000,85767.58,86260.0,-0.0016561558080222527,1.0,0.002508715032825204,trending,0.358273943676765,0.32166631028816967,0.3200597460350654,4
1791183600000,86260.01,86252.76,-0.00042618926049431405,1.0,0.002500647816544838,trending,0.3578917482847223,0.31610492437416976,0.3260033273411079,4
1791187200000,86252.76,86211.0,-0.003560914500469803,0.0,0.002541082002747876,trending,0.35526832741188247,0.31577368199318356,0.3289579905949339,4
1791190800000,86211.0,85970.99,0.005362506585069982,2.0,0.002589210505781127,trending,0.3394796220973057,0.31657741751827934,0.34394296038441496,4
1791194400000,85970.99,86117.14,-0.0054795131375705575,0.0,0.002522616185104923,trending,0.34858155660647694,0.32026485675970945,0.3311535866338136,4
1791198000000,86117.15,86216.0,-0.010974993040734904,0.0,0.0025183578663939585,trending,0.3508395394461404,0.310985298970891,0.33817516158296873,4
1791201600000,86216.01,85904.01,-0.007031220079248834,0.0,0.0025325623361614207,trending,0.33595471934240617,0.3152499243505104,0.34879535630708347,4
1791205200000,85904.0,86432.01,-0.011601835940179939,0.0,0.0026734741175388605,trending,0.34977690557083496,0.3102922880103787,0.3399308064187863,4
1791208800000,86432.0,85645.26,4.5303149292852396e-05,1.0,0.0031433902401638843,ranging,0.3382298783719401,0.3064772967057783,0.35529282492228165,4
1791212400000,85645.25,85269.78,0.005326857885642466,2.0,0.0031829030227891087,ranging,0.3303227052928267,0.3145527919438401,0.3551245027633332,4
1791216000000,85269.79,85300.0,0.005673388042203964,2.0,0.0031347217607513907,ranging,0.3346249194537273,0.3143071800840617,0.351067900462211,4
1791219600000,85300.0,85429.24,0.0060839824865583925,2.0,0.003021657757341644,ranging,0.3344298877665502,0.3307056675845887,0.33486444464886117,4
1791223200000,85429.24,85649.14,0.003255957969922285,2.0,0.002954419653039811,ranging,0.34783145402432647,0.3256483446620051,0.3265202013136685,4
1791226800000,85649.15,85724.0,0.0005000933227568005,1.0,0.002861745279089583,ranging,0.34205202119426065,0.33043541662766474,0.32751256217807473,4
1791230400000,85724.0,85783.94,0.0013763648533746675,1.0,0.002763390443446624,ranging,0.34664527675336765,0.32603679966994253,0.3273179235766898,4
1791234000000,85783.95,85948.99,-0.0032585606881477824,0.0,0.0027083944624460015,ranging,0.36053533247285274,0.3146819700262961,0.32478269750085115,4
1791237600000,85948.99,85928.01,-0.004539614032723405,0.0,0.002605238128484151,ranging,0.35185426951546483,0.3259830850281937,0.32216264545634143,4
1791241200000,85928.01,85766.87,-0.0029218741455762087,0.0,0.0025906673882667396,ranging,0.35588048081474893,0.31314119021923076,0.3309783289660203,4
1791244800000,85766.87,85902.01,-0.0032362455779556543,0.0,0.0025021854472283248,ranging,0.35393260124674614,0.3186262340111053,0.32744116474214857,4
1791248400000,85902.01,85668.92,-0.00175758022862893,1.0,0.0025951400803278547,ranging,0.35297361278652917,0.315309070154566,0.3317173170589049,4
1791252000000,85668.92,85537.93,-0.0026646658388856936,0.0,0.0025634417579389343,ranging,0.3557263649915743,0.31386214700141307,0.33041148800701253,4
1791255600000,85537.94,85516.27,0.0004528962734224873,1.0,0.0025196270683307607,ranging,0.358063201275918,0.31692092527419596,0.32501587344988603,4
1791259200000,85516.27,85624.01,0.004705222285197763,2.0,0.0025,ranging,0.35395823629310885,0.32492573338017805,0.321116030326713,4
1791262800000,85624.0,85518.35,0.005538694327006821,2.0,0.0025,ranging,0.35129523901833554,0.3259451998644425,0.322759561117222,4
1791266400000,85518.36,85310.0,0.00993025436642836,2.0,0.0025,ranging,0.35428787342332935,0.3152325161422366,0.33047961043443397,4
1791270000000,85310.0,85555.0,0.008030039156098345,2.0,0.0025,ranging,0.34459140992067794,0.3139452493857825,0.3414633406935396,4
1791273600000,85555.01,86026.89,0.0021751338447779656,1.0,0.0025,ranging,0.36067653967354957,0.3148301648295675,0.32449329549688294,4
1791277200000,86026.89,85992.01,0.003860823813747416,2.0,0.0025658319904446896,ranging,0.35544294897389556,0.31394233635190144,0.33061471467420295,4
1791280800000,85992.0,86157.15,0.005089072700292574,2.0,0.0025315133470377835,ranging,0.3544901301370956,0.32537482378644866,0.3201350460764558,4
1791284400000,86157.15,86242.01,-0.00604531364702654,0.0,0.0025015498969375165,ranging,0.3548757554454195,0.33181579801245215,0.3133084465421283,4
1791288000000,86242.01,86214.01,-0.007270164095139475,0.0,0.0025,ranging,0.353319891325452,0.3330332922929204,0.31364681638162767,4
1791291600000,86214.0,86324.01,-0.007003729321656826,0.0,0.002541194696762543,ranging,0.3506803505262657,0.3313400617217964,0.31797958775193785,4
1791295200000,86324.01,86595.61,-0.012570383186861211,0.0,0.0026870823667773528,ranging,0.35234556299715164,0.3263102643145933,0.3213441726882551,4
1791298800000,86595.6,85720.65,-0.0012441576212965932,1.0,0.003009754839642553,ranging,0.35514371319868226,0.31432218946689383,0.3305340973344239,4
1791302400000,85720.65,85587.22,0.00028263565518305,1.0,0.0029404889417673006,ranging,0.3575879515256394,0.31545524225783406,0.32695680621652656,4
1791306000000,85587.22,85719.42,-0.001276490204903391,1.0,0.0028599199920973603,ranging,0.3622259182818744,0.3194679574077002,0.31830612431042543,4
1791309600000,85719.43,85507.07,0.0003211430353067257,1.0,0.0028170393049678096,ranging,0.35669666225583235,0.32478838932852133,0.3185149484156463,4
1791313200000,85507.07,85614.0,-0.0007483589132619706,1.0,0.002743683527689262,ranging,0.35500033245561424,0.3282335184094549,0.31676614913493084,4
1791316800000,85614.0,85611.41,-0.0008340009818785799,1.0,0.0025918410875495007,ranging,0.3326443920518762,0.354130409017027,0.3132251989310968,4
1791320400000,85611.42,85610.0,-0.01423244948020097,0.0,0.0025,ranging,0.3367840088705464,0.34699668415967544,0.3162193069697781,4
1791324000000,85609.99,85534.53,-0.019478916877195607,0.0,0.0025,ranging,0.3308900010823553,0.34922662011793765,0.319883378799707,4
1791327600000,85534.53,85549.93,-0.016359335419678267,0.0,0.0025,ranging,0.3434503939502595,0.32187355073427554,0.3346760553154648,4
1791331200000,85549.94,85540.01,-0.016798571802832396,0.0,0.0025,ranging,0.33839829699422447,0.3381773145029525,0.323424388502823,4
1791334800000,85540.0,84391.56,-0.0006956856823122637,1.0,0.0027450336068690676,ranging,0.31850494821712727,0.3124412594000449,0.3690537923828277,4
1791338400000,84391.49,83868.41,0.004307462130258566,2.0,0.0030535179100973247,ranging,0.3146670425890432,0.30718769101009913,0.37814526640085766,4
1791342000000,83868.41,84150.39,-6.203179807007242e-05,1.0,0.003020193112714221,ranging,0.3101609895876765,0.34472438477711165,0.3451146256352118,4
1791345600000,84150.39,84103.06,-0.0017911357803152006,1.0,0.0028955660964678337,ranging,0.30882747554030754,0.3590701033333965,0.332102421126296,4
1791349200000,84103.07,84332.85,-0.006270984557026238,0.0,0.00281328907578516,trending,0.3132504422057751,0.36352439238542245,0.3232251654088025,4
1791352800000,84332.84,84229.67,-0.005729691212134624,0.0,0.002735268694725445,trending,0.30353111739806643,0.35916839353519564,0.3373004890667379,4
1791356400000,84229.68,84145.17,-0.004813348169597886,0.0,0.0026473076518785626,trending,0.30852588983780854,0.34592816519100905,0.3455459449711823,4
1791360000000,84145.16,83952.42,-0.005484654283938406,0.0,0.0025798371279189994,trending,0.30681955524447374,0.34220037335963416,0.35098007139589205,4
1791363600000,83952.41,83804.0,-0.007302634719106527,0.0,0.0025802420027943133,trending,0.3129423625662131,0.32560271612761,0.3614549213061769,4
1791367200000,83804.0,83747.06,-0.008795652050352598,0.0,0.0026503751811264155,trending,0.31476671748599233,0.32715292341089636,0.3580803591031112,4
1791370800000,83747.06,83740.15,-0.0034142523031065464,0.0,0.0026134917540510424,trending,0.30689263247856774,0.3522747369302764,0.3408326305911559,4
1791374400000,83740.15,83491.97,-0.0012681459067261924,1.0,0.0026108879432220227,trending,0.30434929806041405,0.3478077022628903,0.34784299967669563,4
1791378000000,83491.97,83192.01,-0.0003969131170167284,1.0,0.0028271107077428555,trending,0.3088405440061724,0.33437930212668143,0.3567801538671461,4
1791381600000,83192.02,83010.45,0.0049580504623214505,2.0,0.0028308426310056337,trending,0.3101041314440622,0.33740085698633343,0.3524950115696044,4
1791385200000,83010.45,83454.24,-0.00023437994282871077,1.0,0.002945068004442144,trending,0.3079360392939623,0.3424884398941137,0.349575520811924,4
1791388800000,83454.25,83386.09,0.0005506913683084314,1.0,0.0029048467340017526,trending,0.3063367467432392,0.3533306895640372,0.3403325636927237,4
1791392400000,83386.09,83158.99,2.645534776135605e-06,1.0,0.002997460944193245,trending,0.30585386964393757,0.33849457589152115,0.35565155446454133,4
1791396000000,83158.98,83422.02,-0.0023510579101297946,1.0,0.0029425938489675237,trending,0.3079923056795048,0.3505025788696268,0.3415051154508683,4
1791399600000,83422.02,83434.68,-0.0013527947850940913,1.0,0.002840766828413207,trending,0.31270064493785804,0.3480006395104329,0.33929871555170904,4
1791403200000,83434.67,83432.01,-0.0007451576439306828,1.0,0.0027797194443394415,trending,0.31534514745357933,0.3456088859140303,0.33904596663239045,4
1791406800000,83432.01,83159.21,-0.0007215075756491496,1.0,0.00276089043638203,trending,0.3041113074550345,0.32906257403134104,0.3668261185136244,4
1791410400000,83159.21,83225.89,-0.000695456666188865,1.0,0.0026535999783404447,trending,0.3029371385210497,0.3323462691474242,0.36471659233152603,4
1791414000000,83225.9,83321.81,-0.006778657352738748,0.0,0.002610466282749917,trending,0.32787443579319536,0.331600631515764,0.3405249326910406,4
1791417600000,83321.81,83369.84,-0.008610188048819634,0.0,0.0025366625243913483,trending,0.32711566556724886,0.3497935938292203,0.32309074060353077,4
1791421200000,83369.84,83099.21,-0.004996437390921149,0.0,0.0025818561884407534,trending,0.32733406427244843,0.3253972951021156,0.347268640625436,4
1791424800000,83099.21,83168.01,-0.0033983018230205886,0.0,0.0025939718929957863,trending,0.32819190710913876,0.32587745830540854,0.34593063458545265,4
1791428400000,83168.01,82757.0,0.002921203040226139,2.0,0.0027054778658111805,trending,0.3290726730890613,0.3080847311438184,0.3628425957671202,4
1791432000000,82757.0,82652.01,0.0025896526896322936,1.0,0.002882588278107358,trending,0.3282813432675549,0.3035241748261963,0.3681944819062488,4
1791435600000,82652.0,82684.01,0.005266677317657953,2.0,0.0029159484035703787,trending,0.33802276131948844,0.30968466080997137,0.3522925778705401,4
1791439200000,82684.0,82885.38,-0.001826377583115435,1.0,0.002930359966019044,trending,0.3347517249799447,0.31849664254304233,0.346751632477013,4
1791442800000,82885.38,82998.75,-0.005936715914396373,0.0,0.0030092139865820567,trending,0.33385017005498646,0.33411070917831787,0.3320391207666958,4
1791446400000,82998.75,82866.05,-0.0067102269264675,0.0,0.002937774699387706,trending,0.32904706466294603,0.33204420042925575,0.33890873490779816,4
1791450000000,82866.05,83119.48,-0.011278583552255195,0.0,0.0029000071486307223,trending,0.32877148668736317,0.3387655623000643,0.33246295101257245,4
1791453600000,83119.49,82734.0,-0.0003626078758430795,1.0,0.003004530975757151,trending,0.3246871511330735,0.3226726019714217,0.35264024689550477,4
1791457200000,82734.0,82506.01,-0.017792885633422184,0.0,0.00301371920380432,trending,0.3278709535007475,0.31489597694747434,0.3572330695517781,4
1791460800000,82506.0,82310.0,-0.01647624832948613,0.0,0.003075881517574266,trending,0.32329600766206257,0.3066851980196386,0.37001879431829876,4
1791464400000,82310.01,82182.01,-0.017443598665936588,0.0,0.0033082244609512804,trending,0.32403030985655795,0.3083662296705036,0.3676034604729384,4
1791468000000,82182.01,82704.0,-0.014412845811568986,0.0,0.0033862595733129617,trending,0.33118691421780844,0.32785408140093414,0.3409590043812574,4
1791471600000,82704.0,81037.99,0.009101040141790362,2.0,0.004155551658784249,high_volatility,0.3070258208156194,0.325731708889361,0.3672424702950197,4
1791475200000,81037.99,80953.84,0.01062531437668679,2.0,0.004209840181760675,high_volatility,0.3114215442892496,0.3184414873081578,0.3701369684025927,4
1791478800000,80953.85,80748.46,0.01195713206171356,2.0,0.004256201003265241,high_volatility,0.31395121657001607,0.3182940303469934,0.36775475308299055,4
1791482400000,80748.46,81512.0,0.004719918539601409,2.0,0.004450469864238743,high_volatility,0.32273687076467333,0.3451724846940729,0.3320906445412538,4
1791486000000,81512.01,81775.52,-0.00025765657008369747,1.0,0.0043363528198552105,high_volatility,0.3370991843713763,0.35093488623297525,0.3119659293956485,4
1791489600000,81775.52,81814.0,-7.333708167300834e-05,1.0,0.004121812532707154,high_volatility,0.3251950551899022,0.36122630311888987,0.3135786416912079,4
1791493200000,81814.0,81713.98,0.0031820748420283707,1.0,0.003934890260919626,high_volatility,0.3214210177924134,0.3633969266206846,0.315182055586902,4
1791496800000,81713.98,81896.73,0.002645648977682047,1.0,0.0037856736274353895,trending,0.32467014038694575,0.36259114410922977,0.3127387155038245,4
1791500400000,81896.72,81754.45,0.008235270373661674,2.0,0.00364901742975857,trending,0.3366776505616912,0.3382057242134444,0.3251166252248645,4
1791504000000,81754.46,81808.0,0.005403016819870876,2.0,0.0034943092966233046,trending,0.33330429753605073,0.3455537474348327,0.3211419550291166,4
1791507600000,81808.0,81974.0,0.004615975797203964,2.0,0.0034433443306031404,trending,0.3268821830301491,0.34456172680386044,0.32855609016599047,4
1791511200000,81974.01,82113.4,0.005618449607494025,2.0,0.003424616972242221,trending,0.34098741283276496,0.34573024282134873,0.31328234434588625,4
1791514800000,82113.41,82427.72,0.0028666327298632055,1.0,0.003372121714420731,trending,0.35946890605350607,0.34327767681856813,0.2972534171279259,4
1791518400000,82427.73,82250.01,0.005519634587278555,2.0,0.0033006856241185527,trending,0.3453834519167385,0.35076318451700755,0.3038533635662539,4
