open_ts,open,close,fwd_return,label,label_threshold,regime,p_down,p_flat,p_up,fold
1789761600000,81204.77,81078.01,0.002461826579118087,1.0,0.0025,trending,0.3105906828720432,0.16289798171246664,0.5265113354154901,0
1789762500000,81078.01,81022.0,0.0020736343215421726,1.0,0.0025,trending,0.37468768085841986,0.17091795075691235,0.45439436838466774,0
1789763400000,81022.01,81168.01,0.0006490241660477292,1.0,0.0025,trending,0.41638156740106247,0.17345584519206012,0.4101625874068775,0
1789764300000,81168.0,81110.01,0.0015804461126314173,1.0,0.0025,trending,0.338053793799839,0.15816413922758604,0.503782066972575,0
1789765200000,81110.01,81277.61,-0.00043837411065617005,1.0,0.0025,trending,0.4628010952573643,0.15226403980044215,0.3849348649421937,0
1789766100000,81277.61,81190.01,0.0009236358019910629,1.0,0.0025,trending,0.4115161830713005,0.14757937290317097,0.4409044440255284,0
1789767000000,81190.0,81220.69,-0.0011904602140169196,1.0,0.0025,trending,0.4450215281358029,0.16205074480527998,0.3929277270589171,0
1789767900000,81220.7,81238.2,-0.001220854228675572,1.0,0.0025,trending,0.4383903231618328,0.21912908239333048,0.34248059444483675,0
1789768800000,81238.2,81241.98,-0.0008165729097198149,1.0,0.0025,trending,0.4460615288240495,0.20516819330425168,0.34877027787169884,0
1789769700000,81241.98,81265.0,-0.0032715191041653435,0.0,0.0025,trending,0.4050925289703722,0.2130843725920511,0.3818230984375768,0
1789770600000,81265.0,81124.0,-0.0027613283368669306,0.0,0.0025,trending,0.3428623239780361,0.22744510709797122,0.42969256892399255,0
1789771500000,81124.0,81139.02,-0.0031446029296386957,0.0,0.0025,trending,0.32433865455658334,0.2822816475898227,0.39337969785359395,0
1789772400000,81139.03,81175.64,-0.00245923530753811,1.0,0.0025,trending,0.3577107380442285,0.29321814731769946,0.34907111463807194,0
1789773300000,81175.65,80999.14,0.0012451984058101662,1.0,0.0025,trending,0.2730252491020973,0.243433683156052,0.4835410677418507,0
1789774200000,80999.13,80899.99,0.005216811522473552,2.0,0.0025,trending,0.2680728310718217,0.20155430837067395,0.5303728605575043,0
1789775100000,80899.99,80883.87,0.009706632484326017,2.0,0.0025,trending,0.332968127555965,0.20710581165644454,0.4599260607875905,0
1789776000000,80883.86,80976.01,0.003767288608070629,2.0,0.0025,trending,0.36115939473557207,0.2781631060139966,0.3606774992504313,0
1789776900000,80976.0,81100.0,0.0019848335388410465,1.0,0.0025,trending,0.4314235181712706,0.23690350851126388,0.33167297331746554,0
1789777800000,81100.0,81322.03,-0.0018448875415431054,1.0,0.0025,trending,0.46615119759653156,0.23418015934233996,0.29966864306112834,0
1789778700000,81322.04,81668.98,-0.004750763386539014,0.0,0.0025,trending,0.49076948674213333,0.23186842332600013,0.2773620899318665,0
1789779600000,81668.99,81281.07,0.0011670614080250274,1.0,0.0025,trending,0.4323588841787522,0.23735136839523388,0.3302897474260139,0
1789780500000,81281.08,81260.97,0.0011571360765199046,1.0,0.0025,trending,0.40332972478260914,0.24396141846866398,0.35270885674872704,0
1789781400000,81260.96,81172.0,0.001848051052086852,1.0,0.0025,trending,0.36388401505281337,0.2721985366744619,0.36391744827272476,0
1789782300000,81172.01,81280.99,0.00029195018416960927,1.0,0.0025,trending,0.48742034905994736,0.25130918785913114,0.26127046308092144,0
1789783200000,81281.0,81375.93,-0.0010805406463556544,1.0,0.0025,trending,0.5166511243030617,0.25656705327214024,0.226781822424798,0
1789784100000,81375.93,81355.0,-0.002615696638190723,0.0,0.0025,trending,0.5199009257701246,0.2574307760253425,0.222668298204533,0
1789785000000,81355.01,81322.01,-0.0018937062672208516,1.0,0.0025,trending,0.5137582457983702,0.2634279226803065,0.22281383152132328,0
1789785900000,81322.0,81304.72,-0.002075033282200711,1.0,0.0025,trending,0.45471851784119793,0.3225431894609809,0.2227382926978211,0
1789786800000,81304.73,81288.0,-0.0009804645212084795,1.0,0.0025,trending,0.5066347646513512,0.24359835194850224,0.2497668834001467,0
1789787700000,81288.01,81142.2,-5.558143604678101e-05,1.0,0.0025,trending,0.4142731972072862,0.29890170432583435,0.2868250984668794,0
1789788600000,81142.2,81168.01,-0.002415483636964866,1.0,0.0025,low_liquidity,0.43139289329228087,0.3417315904130395,0.22687551629467964,0
1789789500000,81168.01,81136.01,-0.0013805214232249785,1.0,0.0025,low_liquidity,0.37098433586231655,0.39996722906528726,0.22904843507239617,0
1789790400000,81136.02,81208.3,-0.0020192517267323407,1.0,0.0025,trending,0.40289742285167995,0.3861950444221261,0.21090753272619386,0
1789791300000,81208.29,81137.69,-0.0007933427732536025,1.0,0.0025,low_liquidity,0.3546792634262593,0.36115322011875106,0.2841675164549896,0
1789792200000,81137.7,80971.95,0.0006751720811959405,1.0,0.0025,trending,0.3132417911256972,0.39154871511237865,0.29520949376192396,0
1789793100000,80971.95,81024.0,0.000197595774091619,1.0,0.0025,low_liquidity,0.355204809984335,0.3719239255686969,0.27287126444696824,0
1789794000000,81024.01,81044.32,-0.0005282294922088759,1.0,0.0025,low_liquidity,0.35312393707187645,0.31015980950471506,0.33671625342340855,0
1789794900000,81044.32,81073.32,-0.0013170794041740264,1.0,0.0025,ranging,0.39344378035606287,0.3083430828855523,0.2982131367583849,0
1789795800000,81073.32,81026.62,0.0005335283638885358,1.0,0.0025,low_liquidity,0.3843945830464832,0.29823600295096964,0.3173694140025472,0
1789796700000,81026.62,81040.01,0.0001480750064073444,1.0,0.0025,ranging,0.36429159279065126,0.3263133702109324,0.30939503699841636,0
1789797600000,81040.01,81001.51,0.0020060119866902593,1.0,0.0025,low_liquidity,0.36762854108053555,0.3595265943541778,0.2728448645652867,0
1789798500000,81001.51,80966.54,0.0016878577249317406,1.0,0.0025,ranging,0.35843966817752626,0.37152856994587957,0.27003176187659417,0
1789799400000,80966.55,81069.85,-0.00019538706436494913,1.0,0.0025,ranging,0.3785834707696956,0.3879594316572324,0.23345709757307204,0
1789800300000,81069.85,81052.01,0.0005940629973273381,1.0,0.0025,ranging,0.3354228064531385,0.4216950824251672,0.24288211112169436,0
1789801200000,81052.02,81164.0,0.000961017199743619,1.0,0.0025,low_liquidity,0.35926614672588103,0.41051511024198317,0.23021874303213585,0
1789802100000,81164.0,81103.2,0.0024018781009873535,1.0,0.0025,ranging,0.33559805741099275,0.3868163473023156,0.2775855952866917,0
1789803000000,81103.2,81054.01,0.0033064372755895466,2.0,0.0025,ranging,0.32193104262417255,0.41692651515848816,0.26114244221733923,0
1789803900000,81054.0,81100.16,0.0026122019981216216,2.0,0.0025,ranging,0.38400721487199163,0.39448633774391717,0.22150644738409123,0
1789804800000,81100.17,81242.0,0.002376972501907826,1.0,0.0025,ranging,0.4946769641720801,0.3375887995180746,0.1677342363098452,0
1789805700000,81242.01,81298.0,0.0013776476666091941,1.0,0.0025,ranging,0.5401265329928242,0.26336940160214706,0.19650406540502874,0
1789806600000,81298.0,81322.01,-0.0007284620731827784,1.0,0.0025,ranging,0.5267760642489896,0.2834336332308177,0.18979030252019283,0
1789807500000,81322.0,81312.01,0.00016922469386759786,1.0,0.0025,low_liquidity,0.4619354166013145,0.3236662632731482,0.21439832012553736,0
1789808400000,81312.01,81435.11,-0.0015608746645028315,1.0,0.0025,ranging,0.49561487067794896,0.3032459907865819,0.20113913853546916,0
1789809300000,81435.11,81410.0,-0.001266920525733961,1.0,0.0025,trending,0.47046129426055505,0.2984302962155534,0.23110840952389147,0
1789810200000,81410.0,81262.77,-5.8698466714912634e-05,1.0,0.0025,trending,0.44936010627630135,0.29517503846875975,0.25546485525493895,0
1789811100000,81262.77,81325.77,-0.0013411493060564439,1.0,0.0025,trending,0.41305810261825743,0.3694380286026734,0.21750386877906927,0
1789812000000,81325.38,81308.0,6.764402026870897e-05,1.0,0.0025,trending,0.361322408869087,0.39820294790319094,0.24047464322772208,0
1789812900000,81308.01,81306.86,-0.00042874611072174496,1.0,0.0025,trending,0.38155563461312514,0.35918437518737106,0.2592599901995039,0
1789813800000,81306.86,81258.0,0.0003447045214008959,1.0,0.0025,trending,0.35506555327721817,0.38945534742303867,0.25547909929974305,0
1789814700000,81258.01,81216.7,0.0010580336310144212,1.0,0.0025,ranging,0.3589768464189408,0.3646419494755148,0.27638120410554434,0
1789815600000,81216.71,81313.5,0.00042416080970575365,1.0,0.0025,ranging,0.35248519629401814,0.41727885549957633,0.23023594820640556,0
1789816500000,81313.5,81272.0,-0.0005999606260458368,1.0,0.0025,ranging,0.3606894888103217,0.410209596711525,0.2291009144781533,0
1789817400000,81272.01,81286.01,-7.344437253098413e-05,1.0,0.0025,ranging,0.36630571599050205,0.4244748746921603,0.20921940931733765,0
1789818300000,81286.0,81302.63,0.0003366434763549808,1.0,0.0025,ranging,0.35449192051026074,0.43185804296303576,0.2136500365267036,0
1789819200000,81302.63,81347.99,-0.0013454542638362543,1.0,0.0025,ranging,0.3606590624149881,0.3538975858638807,0.2854433517211312,0
1789820100000,81347.99,81223.24,0.00012139382767784035,1.0,0.0025,ranging,0.3465315480755138,0.34551877410551485,0.3079496778189713,0
1789821000000,81223.25,81280.04,-0.00020853828319966627,1.0,0.0025,ranging,0.36617711397447766,0.3903264146000935,0.24349647142542888,0
1789821900000,81280.05,81330.0,0.0004181728759373726,1.0,0.0025,ranging,0.4128026369818865,0.4098157164285133,0.17738164658960018,0
1789822800000,81330.01,81238.54,0.001785851887539991,1.0,0.0025,ranging,0.3817901640623876,0.34258674371517034,0.27562309222244213,0
1789823700000,81238.54,81233.1,0.00419915034634899,2.0,0.0025,ranging,0.3429632218612409,0.39670525928230665,0.26033151885645245,0
1789824600000,81233.1,81263.09,0.0033679497050875806,2.0,0.0025,ranging,0.3441011120210801,0.40163190966931883,0.2542669783096011,0
1789825500000,81263.09,81364.01,0.002728479090448044,2.0,0.0025,ranging,0.4563580448666395,0.32442259674536555,0.21921935838799492,0
1789826400000,81364.0,81383.62,0.003887514465441555,2.0,0.0025,ranging,0.49162129796233034,0.30366781786927066,0.20471088416839892,0
1789827300000,81383.63,81574.21,-5.884212669671207e-05,1.0,0.0025,ranging,0.5002614935199612,0.31577926032135517,0.18395924615868364,0
1789828200000,81574.21,81536.78,0.004688313666544097,2.0,0.0025,ranging,0.5174808834250884,0.3018771762777623,0.1806419402971494,0
1789829100000,81536.79,81586.01,0.0006128501687974186,1.0,0.0025,ranging,0.41653270254301505,0.37301175850123525,0.2104555389557496,0
1789830000000,81586.02,81700.0,0.0007369645042840656,1.0,0.0025,ranging,0.40588017104496005,0.3766804935594307,0.21743933539560936,0
1789830900000,81700.01,81569.41,0.003145296747886217,2.0,0.0025,trending,0.37784707307759424,0.41253950117668625,0.20961342574571937,0
1789831800000,81569.4,81919.05,-0.0007076498079506832,1.0,0.0025,trending,0.3677150810102048,0.37481139190482166,0.25747352708497345,0
1789832700000,81919.05,81636.01,0.0024925275010379,1.0,0.0025,trending,0.3739095341432887,0.3340207810181151,0.29206968483859613,0
1789833600000,81636.01,81760.21,-0.0005407275739630624,1.0,0.0025,trending,0.4067114022401407,0.32003509441588596,0.27325350334397325,0
1789834500000,81760.21,81825.97,-0.0035191761246460285,0.0,0.0025,trending,0.45733858343604905,0.2987923362050371,0.24386908035891383,0
1789835400000,81825.97,81861.08,-0.004435074641087056,0.0,0.0025,trending,0.486437254229268,0.2788395373403009,0.23472320843043107,0
1789836300000,81861.08,81839.49,-0.0045880051305305924,0.0,0.0025,trending,0.4025128821834404,0.38427813000486616,0.2132089878116935,0
1789837200000,81839.48,81716.0,-0.004078271085221963,0.0,0.0025,trending,0.37359845951772114,0.37214357285418165,0.2542579676280973,0
1789838100000,81716.0,81538.01,-0.0011538177102924374,1.0,0.0025,trending,0.342565700877526,0.35711041237225627,0.30032388675021776,0
1789839000000,81538.01,81498.02,-9.853000109694143e-05,1.0,0.0025,trending,0.3336136947613946,0.37086365451069736,0.29552265072790806,0
1789839900000,81498.02,81464.01,-0.0004411764164320431,1.0,0.0025,trending,0.40800293017999706,0.3783130790081946,0.21368399081180822,0
1789840800000,81464.0,81382.74,-2.3100721356916765e-05,1.0,0.0025,trending,0.41266899945686386,0.3652061763587992,0.22212482418433693,0
1789841700000,81382.73,81443.93,-0.0005677525630208846,1.0,0.0025,trending,0.40673913582238264,0.3520847755037168,0.2411760886739005,0
1789842600000,81443.92,81489.99,-0.001991655662247682,1.0,0.0025,trending,0.40332842271269503,0.35121908799173673,0.24545248929556818,0
1789843500000,81490.0,81428.07,-0.0009095143726237653,1.0,0.0025,ranging,0.44307948922776585,0.3380947276773851,0.21882578309484899,0
1789844400000,81428.07,81380.86,0.00039407300438942805,1.0,0.0025,low_liquidity,0.43388063533975646,0.3360677874526139,0.2300515772076296,0
1789845300000,81380.86,81397.69,-0.0018262189012981933,1.0,0.0025,ranging,0.44690497798833,0.3176163373067428,0.23547868470492717,0
1789846200000,81397.69,81327.69,-0.0004990920066707538,1.0,0.0025,ranging,0.445506024108003,0.345053325846646,0.20944065004535092,0
1789847100000,81327.69,81354.01,-0.0024421660345936846,1.0,0.0025,ranging,0.43984087479984985,0.38148204933611324,0.17867707586403703,0
1789848000000,81354.01,81412.93,-0.005072044452889668,0.0,0.0025,ranging,0.42022836776983996,0.38131094573727375,0.1984606864928864,0
1789848900000,81412.93,81249.04,-0.002326673644390098,1.0,0.0025,ranging,0.38363840907770175,0.3755232270699847,0.24083836385231358,0
1789849800000,81249.04,81287.1,-0.003285884230093128,0.0,0.0025,ranging,0.38269489412467117,0.46364728653800324,0.15365781933732553,0
1789850700000,81287.1,81155.33,-0.0006767269629732731,1.0,0.0025,ranging,0.36176531960562597,0.4387553470910765,0.1994793333032976,0
1789851600000,81155.33,81000.0,7.419753086423952e-05,1.0,0.0025,trending,0.3546488974056033,0.3939206378016783,0.25143046479271836,0
1789852500000,81000.0,81060.0,3.478904515175074e-05,1.0,0.0025,trending,0.37827349993421594,0.38402571365750526,0.2377007864082788,0
1789853400000,81060.0,81020.0,0.002789558133794001,2.0,0.0025,trending,0.3837371467793617,0.37351275970884384,0.24275009351179447,0
1789854300000,81020.0,81100.41,0.00198445359277466,1.0,0.0025,trending,0.3986320537346376,0.39275722101028976,0.20861072525507265,0
1789855200000,81100.42,81006.01,0.0033949332895177875,2.0,0.0025,trending,0.39243731307424284,0.38033701278205606,0.22722567414370098,0
1789856100000,81006.0,81062.82,0.0029998956364951646,2.0,0.0025,trending,0.4143502486650136,0.39651515924039676,0.1891345920945897,0
1789857000000,81062.83,81246.01,0.00041429726825970015,1.0,0.0025,trending,0.42431243661216783,0.40143343794942987,0.17425412543840224,0
1789857900000,81246.01,81261.35,-0.00013979585620960133,1.0,0.0025,trending,0.45954140514370767,0.3637056855530278,0.17675290930326448,0
1789858800000,81261.35,81281.02,6.114588621053407e-05,1.0,0.0025,low_liquidity,0.4223306651896348,0.4285197394776252,0.14914959533274,0
1789859700000,81281.03,81306.0,0.00014771357587384237,1.0,0.0025,trending,0.37298010818768185,0.40611275520270806,0.22090713660961023,0
1789860600000,81306.01,81279.67,0.0006192200337427067,1.0,0.0025,ranging,0.36136859485535566,0.36800843462792204,0.2706229705167223,0
1789861500000,81279.67,81249.99,0.0005339077580193141,1.0,0.0025,ranging,0.25562479336325705,0.46302735754305313,0.2813478490936899,0
1789862400000,81249.99,81285.99,-0.0018144578173927561,1.0,0.0025,ranging,0.26106161639303554,0.5009442280808223,0.23799415552614211,0
1789863300000,81286.0,81318.01,-0.002410413142180823,1.0,0.0025,ranging,0.3455281668562744,0.4545129079750554,0.19995892516867017,0
1789864200000,81318.0,81330.0,-0.0030983646870773596,0.0,0.0025,ranging,0.3421079686165751,0.47896153160838345,0.17893049977504155,0
1789865100000,81330.0,81293.37,-0.002403394028319794,1.0,0.0025,ranging,0.32119514274447986,0.5094897713358674,0.16931508591965277,0
1789866000000,81293.37,81138.5,0.00016675191185444582,1.0,0.0025,low_liquidity,0.31154543290262837,0.4179063491526446,0.27054821794472717,0
1789866900000,81138.5,81122.0,-0.001695101205591465,1.0,0.0025,ranging,0.3339992811501352,0.45698288449966845,0.20901783435019647,0
1789867800000,81122.0,81078.01,-0.0063537573258148905,0.0,0.0025,ranging,0.356910775169021,0.4691034070816834,0.17398581774929558,0
1789868700000,81078.01,81097.99,-0.009451159023793343,0.0,0.0025,ranging,0.30787201182252694,0.5519291629363383,0.14019882524113472,0
1789869600000,81098.0,81152.03,-0.011147472219733778,0.0,0.0025,low_liquidity,0.29700971879714694,0.5766867356706921,0.12630354553216114,0
1789870500000,81152.03,80984.49,-0.007431422979881752,0.0,0.0025,ranging,0.29766183260280715,0.4877025325978631,0.21463563479932962,0
1789871400000,80984.49,80562.86,-0.0021706031786855595,1.0,0.0025,ranging,0.3105183030114185,0.3795260050383461,0.3099556919502354,0
1789872300000,80562.87,80331.52,0.0019277613569368413,1.0,0.0025,trending,0.19774221916312454,0.2819701707886781,0.5202876100481973,0
1789873200000,80331.52,80247.39,0.002270603442678931,1.0,0.0025,trending,0.17460552849286556,0.3896402657260087,0.43575420578112567,0
1789874100000,80247.39,80382.66,0.0005443960177480278,1.0,0.0025,trending,0.2273356956857311,0.36695977949216796,0.405704524822101,0
1789875000000,80382.65,80387.99,-5.025626340460221e-05,1.0,0.0025,trending,0.24086256634320066,0.35075916100152255,0.4083782726552768,0
1789875900000,80388.0,80486.38,-0.0006706724789959928,1.0,0.0025,trending,0.22264600517840313,0.3804175940494677,0.39693640077212916,0
1789876800000,80486.38,80429.6,0.00211862299451937,1.0,0.0025,trending,0.21038775425273754,0.3031696349795116,0.4864426107677509,0
1789877700000,80429.6,80426.42,0.0015922628409916761,1.0,0.0025,trending,0.28535696211814743,0.3219826124276629,0.39266042545418967,0
1789878600000,80426.41,80383.95,0.001941307935228398,1.0,0.0025,trending,0.26810439837610506,0.3748270082876704,0.35706859333622454,0
1789879500000,80383.94,80432.4,0.0007697146920893072,1.0,0.0025,trending,0.24950724400459234,0.3863046103897295,0.36418814560567825,0
1789880400000,80432.4,80600.0,-0.0009925558312655625,1.0,0.0025,trending,0.3112402121834567,0.36711387374889276,0.3216459140676506,0
1789881300000,80600.0,80554.48,-0.0011093113629434548,1.0,0.0025,trending,0.23679081120722303,0.37103223715787587,0.3921769516349011,0
1789882200000,80554.48,80540.0,-0.0019982617333001995,1.0,0.0025,trending,0.23789673618936416,0.37470414558078496,0.3873991182298508,0
1789883100000,80540.01,80494.31,-0.002296684076178779,1.0,0.0025,trending,0.23681286853637967,0.32440085839387345,0.438786273069747,0
1789884000000,80494.31,80520.0,-0.0021856681569797365,1.0,0.0025,trending,0.2465042513631543,0.3600020007093534,0.39349374792749237,0
1789884900000,80520.0,80465.12,-0.000839369903381626,1.0,0.0025,trending,0.29693434904399413,0.34431758630279763,0.3587480646532083,0
1789885800000,80465.11,80379.06,-0.0004858230489384052,1.0,0.0025,trending,0.30003141783474147,0.3305587142361915,0.369409867929067,0
1789886700000,80379.07,80309.44,2.7020484764994634e-05,1.0,0.0025,trending,0.21418368343520663,0.3144667790822712,0.47134953748252223,0
1789887600000,80309.45,80344.01,0.0009469280908434019,1.0,0.0025,trending,0.23072035091175222,0.3725946721144219,0.3966849769738258,0
1789888500000,80344.01,80397.58,-0.00023184777452256444,1.0,0.0025,trending,0.2786139703190913,0.36298125623453703,0.35840477344637156,0
1789889400000,80397.57,80340.01,-0.0010456807262034795,1.0,0.0025,trending,0.28347670367245403,0.37456742539832694,0.341955870929219,0
1789890300000,80340.0,80311.61,-0.0005822321330626323,1.0,0.0025,trending,0.27883287763330616,0.533931801059453,0.18723532130724083,0
1789891200000,80311.6,80420.09,-0.0018925619207836863,1.0,0.0025,trending,0.28455400387454394,0.5377408249922471,0.17770517113320908,0
1789892100000,80420.1,80378.94,3.8194084171605525e-05,1.0,0.0025,trending,0.2654387617374109,0.5683926507056051,0.1661685875569842,0
1789893000000,80378.94,80256.0,0.0036881977671452404,2.0,0.0025,trending,0.27096427204512946,0.5072883554846334,0.22174737247023707,0
1789893900000,80256.01,80264.85,0.002556037916970899,2.0,0.0025,trending,0.24998231269504106,0.5110572586335032,0.23896042867145573,0
1789894800000,80264.85,80267.89,0.0017841505488682685,1.0,0.0025,trending,0.24300227075665454,0.556110976990481,0.20088675225286445,0
1789895700000,80267.88,80382.01,-2.4881189211400923e-05,1.0,0.0025,trending,0.28544688186907896,0.5523940206285313,0.16215909750238985,0
1789896600000,80382.01,80552.0,-0.0024124788956202403,1.0,0.0025,trending,0.3156451635696321,0.5015392556690274,0.18281558076134052,0
1789897500000,80552.01,80470.01,-0.0018693920878100068,1.0,0.0025,trending,0.2558552440471173,0.5570367806016651,0.18710797535121762,0
1789898400000,80470.01,80411.1,-0.0005586293434614031,1.0,0.0025,trending,0.28807080828181214,0.5123546641908739,0.199574527527314,0
1789899300000,80411.11,80380.01,-9.405323537525767e-05,1.0,0.0025,trending,0.2501155530065003,0.5348135594822695,0.2150708875112302,0
1789900200000,80380.0,80357.67,0.0012604895089667334,1.0,0.0025,trending,0.2669000472693832,0.5234146226514103,0.2096853300792064,0
1789901100000,80357.67,80319.58,0.002161614888922525,1.0,0.0025,trending,0.2213628754758237,0.6052958482318476,0.17334127629232868,0
1789902000000,80319.58,80366.18,0.0015159361811150074,1.0,0.0025,ranging,0.25443516877375644,0.5974163965120922,0.14814843471415134,0
1789902900000,80366.18,80372.45,-5.3003236805571063e-05,1.0,0.0025,ranging,0.22341532756690485,0.6068581281039298,0.1697265443291653,0
1789903800000,80372.45,80458.96,-0.0012795343116541735,1.0,0.0025,ranging,0.22776761291440278,0.625665263185626,0.14656712389997123,0
1789904700000,80458.96,80493.2,6.957109420335783e-06,1.0,0.0025,ranging,0.2881085665981261,0.5525398806088448,0.159351552793029,0
1789905600000,80493.21,80488.01,0.0010744457466398405,1.0,0.0025,ranging,0.2994179051781853,0.5225894662965377,0.1779926285252771,0
1789906500000,80488.01,80368.19,0.001669690458376616,1.0,0.0025,ranging,0.22898879366438357,0.5615084728178129,0.2095027335178035,0
1789907400000,80368.2,80356.01,0.0025756629777908824,2.0,0.0025,ranging,0.2501057845070437,0.5884415505965004,0.161452664896456,0
1789908300000,80356.0,80493.76,0.0008796955192553746,1.0,0.0025,ranging,0.24568754489819755,0.5892749991373287,0.16503745596447375,0
1789909200000,80493.76,80574.49,0.00021743854661671058,1.0,0.0025,ranging,0.28047370202435506,0.5748499074930782,0.14467639048256675,0
1789910100000,80574.5,80502.38,0.0003417290271416906,1.0,0.0025,ranging,0.21602557059221245,0.6095837989828028,0.1743906304249847,0
1789911000000,80502.39,80562.98,0.0008732298631457525,1.0,0.0025,ranging,0.22553595731628118,0.6199516036207477,0.1545124390629711,0
1789911900000,80562.98,80564.57,0.0014577127389867606,1.0,0.0025,ranging,0.24512984049168696,0.6401975431425594,0.11467261636575365,0
1789912800000,80564.58,80592.01,0.002158898878437343,1.0,0.0025,ranging,0.2815156951836833,0.5774800899310758,0.14100421488524087,0
1789913700000,80592.01,80529.89,0.0017050811816581302,1.0,0.0025,ranging,0.22386151197938525,0.5763780103990286,0.19976047762158614,0
1789914600000,80529.88,80633.33,0.002556883115208075,2.0,0.0025,ranging,0.24760824195865616,0.5873916837075497,0.1650000743337941,0
1789915500000,80633.32,80682.01,0.0028505735045520897,2.0,0.0025,ranging,0.28738848979185255,0.5437827058063137,0.16882880440183368,0
1789916400000,80682.01,80766.0,0.004879280885521142,2.0,0.0025,ranging,0.3904528139052113,0.43710673734582867,0.17244044874895995,0
1789917300000,80766.0,80667.2,0.006389709820100453,2.0,0.0025,ranging,0.31559268707424604,0.4860562629370458,0.19835104998870814,0
1789918200000,80667.2,80839.5,0.006636730806103497,2.0,0.0025,ranging,0.33699456803994865,0.4792828223534755,0.18372260960657585,0
1789919100000,80839.51,80912.0,0.0052156664030056366,2.0,0.0025,ranging,0.3555752946710411,0.4953739966026888,0.1490507087262702,0
1789920000000,80912.0,81160.08,0.000984843780341249,1.0,0.0025,trending,0.39743876257515603,0.42936571238661336,0.17319552503823066,0
1789920900000,81160.07,81182.64,-0.00026274090125677496,1.0,0.0025,trending,0.3515783138791513,0.44445742908048647,0.20396425704036217,0
1789921800000,81182.65,81376.01,0.0001964952570174816,1.0,0.0025,trending,0.31555909515758307,0.4545419099005018,0.22989899494191515,0
1789922700000,81376.0,81334.01,-0.0022877268685017604,1.0,0.0025,trending,0.3632437964192813,0.3687236147338128,0.26803258884690595,0
1789923600000,81334.01,81240.01,-0.001674051984976388,1.0,0.0025,trending,0.36931971080924936,0.36000470836424725,0.27067558082650334,0
1789924500000,81240.0,81161.31,0.0013539702599674186,1.0,0.0025,trending,0.2921050237570431,0.45233716308288563,0.2555578131600713,0
1789925400000,81161.31,81392.0,-0.0021371879300176033,1.0,0.0025,trending,0.31191339494330617,0.4429497590611631,0.24513684599553068,0
1789926300000,81392.01,81147.94,-0.001379455843241395,1.0,0.0025,trending,0.4032010313789872,0.34830290839460637,0.2484960602264064,0
1789927200000,81147.94,81104.01,-0.00017261785206423852,1.0,0.0025,trending,0.37749731253320423,0.39006748117685563,0.23243520628994002,0
1789928100000,81104.01,81271.2,-0.0019017807046037838,1.0,0.0025,trending,0.46249246992203996,0.36562390672982603,0.1718836233481341,0
1789929000000,81271.2,81218.05,0.00014725790633973723,1.0,0.0025,trending,0.45296692843579045,0.36886098930032163,0.17817208226388784,0
1789929900000,81218.06,81036.0,0.001743916284120628,1.0,0.0025,trending,0.3619678606136336,0.44309048540669516,0.19494165397967123,0
1789930800000,81036.0,81090.01,0.0007892464188867798,1.0,0.0025,trending,0.33701503923419046,0.5132141346763404,0.1497708260894692,0
1789931700000,81090.01,81116.64,0.0008715844246014459,1.0,0.0025,low_liquidity,0.4063583054154658,0.42946469697385203,0.1641769976106822,0
1789932600000,81116.63,81230.01,-0.0011114119030638525,1.0,0.0025,trending,0.43540032055276057,0.3933027876252649,0.17129689182197452,0
1789933500000,81230.0,81177.32,-0.0010528802872526999,1.0,0.0025,trending,0.4040965301770828,0.431063835008086,0.1648396348148313,0
1789934400000,81177.32,81154.01,-0.00473741223631452,0.0,0.0025,trending,0.3853269834404091,0.443937597984978,0.17073541857461288,0
1789935300000,81154.01,81187.34,-0.0037609311993717087,0.0,0.0025,trending,0.4027731529561961,0.4012613118324486,0.19596553521135532,0
1789936200000,81187.34,81139.73,-0.004133733252501437,0.0,0.0025,trending,0.4218618397324829,0.37929707085760445,0.1988410894099127,0
1789937100000,81139.73,81091.85,-0.0019710982053068316,1.0,0.0025,trending,0.4357683041423774,0.3590446513302096,0.2051870445274131,0
1789938000000,81091.86,80769.55,0.006506907615555502,2.0,0.0025,trending,0.3551236200352584,0.3742066509540517,0.2706697290106899,0
1789938900000,80769.55,80882.0,0.0034618332879998714,2.0,0.0025,trending,0.30664849032866864,0.42521288363022214,0.2681386260411092,0
1789939800000,80882.0,80804.32,0.0038179889392051525,2.0,0.0025,trending,0.3141969036332404,0.4162333822237639,0.26956971414299563,0
1789940700000,80804.32,80932.01,0.0035936337179813815,2.0,0.0025,trending,0.4445260089647339,0.34017027074324746,0.2153037202920187,0
1789941600000,80932.01,81295.11,-0.0016924757220944109,1.0,0.0025,trending,0.45124042066217884,0.29560566392913007,0.25315391540869114,0
1789942500000,81295.1,81162.0,1.2690668046655418e-05,1.0,0.0025,high_volatility,0.42140348123141136,0.3040625570942305,0.2745339616743581,0
1789943400000,81162.01,81112.83,0.001839166504238543,1.0,0.0025,trending,0.45188008239750943,0.27293942726691567,0.2751804903355749,0
1789944300000,81112.83,81222.85,-0.0005521845145793902,1.0,0.0025,trending,0.44793130275221377,0.28879425429184213,0.2632744429559442,0
1789945200000,81222.84,81157.52,0.006486644737295988,2.0,0.0025,ranging,0.46214278755570254,0.2859223336388737,0.25193487880542376,0
1789946100000,81157.52,81163.03,0.007093377366517828,2.0,0.0025,ranging,0.4412646552760056,0.3128031425968269,0.24593220212716765,0
1789947000000,81163.03,81262.01,0.005315029741449928,2.0,0.0025,ranging,0.4050527667794519,0.35473322698389637,0.2402140062366518,0
1789947900000,81262.01,81178.0,0.005293552440316374,2.0,0.0025,ranging,0.482305587484012,0.26901741695961995,0.2486769955563681,0
1789948800000,81178.01,81683.96,0.0013471433069600636,1.0,0.0025,high_volatility,0.5119247930821086,0.21118939692075886,0.2768858099971325,0
1789949700000,81683.96,81738.75,-0.0018932268966677102,1.0,0.0025,high_volatility,0.5525141217595828,0.22759109019016724,0.2198947880502499,0
1789950600000,81738.76,81693.92,-0.0027647100298283656,0.0,0.0025,high_volatility,0.5333357665503149,0.2373130747319125,0.22935115871777273,0
1789951500000,81694.01,81607.72,-0.007483973329974192,0.0,0.0025,high_volatility,0.4427844223189997,0.22311320406748242,0.3341023736135179,0
1789952400000,81607.72,81794.0,-0.005208083722522461,0.0,0.0025,high_volatility,0.4550252347402126,0.24037438571592604,0.3046003795438614,0
1789953300000,81794.0,81584.0,-0.001887625024514561,1.0,0.0025,high_volatility,0.39997596703705024,0.15558805562645145,0.4444359773364983,0
1789954200000,81584.0,81468.06,-0.0025904630600015466,0.0,0.0025,high_volatility,0.3592529952784347,0.28479354508035526,0.35595345964121,0
1789955100000,81468.01,80996.97,0.0038722436160265605,2.0,0.0025,high_volatility,0.23773356694670297,0.2695915170175972,0.4926749160356997,0
1789956000000,80996.98,81368.01,-0.0005408759535840968,1.0,0.0025,high_volatility,0.343274551115203,0.30928921635358575,0.34743623253121114,0
1789956900000,81368.01,81430.0,0.0001838388800197155,1.0,0.0025,high_volatility,0.4900302762774602,0.26148808347641184,0.24848164024612784,0
1789957800000,81430.0,81257.02,0.00262118891389318,2.0,0.0025,high_volatility,0.4895826687162428,0.24660578192056293,0.26381154936319434,0
1789958700000,81257.03,81310.61,0.0014096561322070045,1.0,0.0025,high_volatility,0.4541680215016266,0.24941099557600113,0.29642098292237223,0
1789959600000,81310.61,81324.0,-0.0005095666715853042,1.0,0.0025,high_volatility,0.4600871033321921,0.22901819571087229,0.3108947009569356,0
1789960500000,81324.0,81444.97,-0.001719320419664938,1.0,0.0025,high_volatility,0.559059187212004,0.18349145325872127,0.25744935952927483,0
1789961400000,81444.96,81470.01,-0.0006213329297491965,1.0,0.0025,high_volatility,0.5373618433559635,0.21052553243192468,0.25211262421211184,0
1789962300000,81470.01,81425.23,-0.00030973200812578483,1.0,0.0025,high_volatility,0.4996692983724122,0.2831245642908983,0.21720613733668956,0
1789963200000,81425.24,81282.56,0.0005345550140152255,1.0,0.0025,high_volatility,0.4489054218720144,0.2918800685121376,0.259214509615848,0
1789964100000,81282.55,81304.94,0.0034079110076215002,2.0,0.0025,high_volatility,0.3782491769733348,0.31558315430035316,0.3061676687263121,0
1789965000000,81304.93,81419.39,0.0025621660884465047,2.0,0.0025,high_volatility,0.3919775737604331,0.30097762857327715,0.3070447976662898,0
1789965900000,81419.38,81400.01,0.0018426287662618446,1.0,0.0025,high_volatility,0.4736707219002501,0.2584769290764887,0.26785234902326105,0
1789966800000,81400.0,81326.01,0.004214149938008838,2.0,0.0025,high_volatility,0.4373790027399506,0.25794963717096914,0.3046713600890802,0
1789967700000,81326.01,81582.02,0.002843641282723741,2.0,0.0025,high_volatility,0.5146681497238303,0.21987183580679928,0.2654600144693704,0
1789968600000,81582.02,81628.0,-0.0027930367030921666,0.0,0.0025,high_volatility,0.5286753749952213,0.21559548036988901,0.2557291446348896,0
1789969500000,81628.0,81550.0,0.0011023911710605905,1.0,0.0025,ranging,0.40552391245901653,0.2972221638534383,0.2972539236875451,0
1789970400000,81550.01,81668.73,-0.0013134770186825628,1.0,0.0025,ranging,0.43170084202552217,0.28849845584346606,0.27980070213101166,0
1789971300000,81668.73,81814.01,-0.0024445690903062145,1.0,0.0025,ranging,0.5581732563616825,0.21220948888634814,0.2296172547519694,0
1789972200000,81814.01,81400.01,0.001274447017881375,1.0,0.0025,high_volatility,0.44675769483274563,0.2428554009691239,0.31038690419813053,0
1789973100000,81400.01,81639.9,0.0009812603886090177,1.0,0.0025,high_volatility,0.39776352274797794,0.26384290268939486,0.3383935745626271,0
1789974000000,81639.91,81561.46,0.0040771707617788255,2.0,0.0025,high_volatility,0.35971335009832867,0.2800132801900329,0.3602733697116384,0
1789974900000,81561.46,81614.01,0.007670129184927932,2.0,0.0025,high_volatility,0.44326002543284093,0.2676893723058397,0.2890506022613193,0
1789975800000,81614.02,81503.75,0.02487591061760952,2.0,0.0025,ranging,0.4080842488940476,0.26507460565284885,0.32684114545310355,0
1789976700000,81503.74,81720.01,0.024963163856685844,2.0,0.0025,ranging,0.41679780385511556,0.2636271227568392,0.3195750733880452,0
1789977600000,81720.01,81894.0,0.024806945563777383,2.0,0.0025,ranging,0.4755258312701001,0.2564065558893695,0.2680676128405303,0
1789978500000,81894.01,82240.0,0.02695987354085605,2.0,0.0025,high_volatility,0.5127737684145379,0.20671607393902325,0.2805101576464389,0
1789979400000,82240.0,83531.23,0.017947419186811864,2.0,0.002625361136207672,abnormal,0.5485270931051676,0.16773713505229662,0.2837357718425358,0
1789980300000,83531.22,83760.0,0.010669890162368745,2.0,0.0027319342540942744,high_volatility,0.5683218255022798,0.1337051291956383,0.2979730453020818,0
1789981200000,83760.0,83925.54,0.007622351908608493,2.0,0.0027107111601530278,high_volatility,0.5809082850270166,0.1406968448940465,0.278394870078937,0
1789982100000,83925.54,84457.18,-0.0010540252468764777,1.0,0.002856453981175771,high_volatility,0.5060760468459005,0.14192612782267397,0.3519978253314256,0
1789983000000,84457.18,85030.4,-0.009031593406593319,0.0,0.003124474662379922,high_volatility,0.5346609875598674,0.17260393925944878,0.29273507318068387,0
1789983900000,85030.4,84653.71,-0.0025036114778667073,1.0,0.0031720585078031348,high_volatility,0.5847735670725518,0.173818081089869,0.24140835183757922,0
1789984800000,84653.7,84565.25,0.0004110435432993498,1.0,0.0031089237290509737,high_volatility,0.5562831795591462,0.220510177535172,0.22320664290568185,0
1789985700000,84565.25,84368.16,0.0036251827703719375,2.0,0.0030831789258240054,high_volatility,0.38585009819476457,0.35640838998887575,0.2577415118163596,0
1789986600000,84368.16,84262.44,0.006721856143733662,2.0,0.0030373317052169034,high_volatility,0.41338070989911113,0.32161881367578593,0.265000476425103,0
1789987500000,84262.45,84441.77,0.005274877587241544,2.0,0.0029635593408859273,high_volatility,0.56420723819791,0.23514772373234422,0.20064503806974573,0
1789988400000,84441.77,84600.01,0.004733805587020745,2.0,0.0028742723309520446,high_volatility,0.5858245602725692,0.22776556949954058,0.18640987022789013,0
1789989300000,84600.01,84674.01,0.004847768518344786,2.0,0.002756550920774575,high_volatility,0.590462549997646,0.2346121577752781,0.17492529222707598,0
1789990200000,84674.0,84828.84,0.00544072039650656,2.0,0.002691270414136513,high_volatility,0.6011180337676657,0.21071899009177406,0.18816297614056027,0
1789991100000,84828.85,84887.19,0.0051339901815574684,2.0,0.002596960503570983,high_volatility,0.46243986374610535,0.27833397287143613,0.2592261633824585,0
1789992000000,84887.19,85000.49,0.0019841062092700312,1.0,0.0025854547056633256,high_volatility,0.48021022376020384,0.2438481137694513,0.27594166247034474,0
1789992900000,85000.49,85084.49,-0.0016172160166912919,1.0,0.002646728747511061,high_volatility,0.42436560219718716,0.19489123574652062,0.3807431620562922,0
1789993800000,85084.48,85290.37,-0.002459714971338456,1.0,0.0026397992389779984,high_volatility,0.43481256182605504,0.21062347863736863,0.35456395953657643,0
1789994700000,85290.36,85323.0,0.0016799690587532279,1.0,0.002580669840853479,high_volatility,0.436278718471818,0.2118386959753428,0.3518825855528392,0
1789995600000,85323.0,85169.14,0.0017926680955098195,1.0,0.0025846856928333065,high_volatility,0.3762659802866017,0.17514507963296694,0.4485889400804313,0
1789996500000,85169.15,84946.89,0.009133118351949188,2.0,0.0025543901179867637,high_volatility,0.2690384132064811,0.20816903404965983,0.5227925527438592,0
1789997400000,84946.89,85080.58,0.008443995092652035,2.0,0.002595889897055081,high_volatility,0.25830220716252483,0.24341664759987613,0.4982811452375991,0
1789998300000,85080.57,85466.34,0.004420453713122718,2.0,0.0028040793894069252,high_volatility,0.370703972765292,0.15262209055495832,0.4766739366797497,0
1789999200000,85466.35,85321.82,0.011337310901244235,2.0,0.00285473217943427,high_volatility,0.37893929121873626,0.15876282038285672,0.462297888398407,0
1790000100000,85321.82,85722.72,0.0014846705750821698,1.0,0.0029171831884281553,high_volatility,0.4226224373423614,0.15958537095246023,0.4177921917051784,0
1790001000000,85722.71,85799.0,0.003741185794706281,2.0,0.0029196988721599646,high_volatility,0.42121582132033186,0.16379362529397087,0.41499055338569724,0
1790001900000,85799.0,85844.14,0.0009735085004056732,1.0,0.002922840465724018,high_volatility,0.39075066744057596,0.16737757856863344,0.4418717539907907,0
1790002800000,85844.13,86289.14,-0.006511132223591454,0.0,0.0029706100739449177,high_volatility,0.37214356281278366,0.1575691735523513,0.4702872636348651,0
1790003700000,86289.14,85849.99,-3.610949750842973e-05,1.0,0.003009428798193353,high_volatility,0.24301984779015678,0.1561757559634709,0.6008043962463723,0
1790004600000,85849.99,86119.99,-0.003051440205694478,0.0,0.0029449497638601605,high_volatility,0.3101395658766412,0.1978494222029759,0.49201101192038277,0
1790005500000,86119.99,85927.71,0.0003980089775463824,1.0,0.002878502318804467,high_volatility,0.32084113502283906,0.1573527728977668,0.5218060920793941,0
1790006400000,85927.71,85727.3,0.0025994053236249037,1.0,0.0028255413738841133,high_volatility,0.3349390516702325,0.14861739321061848,0.5164435551191491,0
1790007300000,85727.3,85846.89,0.0004431144797441,1.0,0.002743710700092986,high_volatility,0.32135569186946805,0.14891078647382985,0.529733521656702,0
1790008200000,85846.89,85857.2,0.0004273374859651291,1.0,0.0027219843768948996,trending,0.3025584951812074,0.13567111531685738,0.5617703895019351,0
1790009100000,85857.21,85961.91,-0.0007526589392906624,1.0,0.0026549013241290117,trending,0.4722477753903102,0.12630961560877582,0.40144260900091383,0
1790010000000,85961.91,85950.14,0.0004362994638520412,1.0,0.0025734164456007094,trending,0.4274697013403457,0.13559360148403712,0.4369366971756171,0
1790010900000,85950.14,85884.93,0.00044350039058094204,1.0,0.0025089164146807367,trending,0.37757778820788124,0.1415700072624909,0.48085220452962807,0
1790011800000,85884.93,85893.89,0.00034042002289114137,1.0,0.0025,low_liquidity,0.3678620179919331,0.1491544796370187,0.4829835023710482,0
1790012700000,85893.89,85897.21,0.0017991271194954805,1.0,0.0025,trending,0.3487161083647458,0.148473456990017,0.5028104346452372,0
1790013600000,85897.2,85987.64,0.0007909276263424747,1.0,0.0025,trending,0.38624678708684684,0.16124114632972703,0.45251206658342624,0
1790014500000,85987.64,85923.02,0.005233056286894966,2.0,0.0025,trending,0.38631264676382066,0.16352852577271715,0.45015882746346214,0
1790015400000,85923.01,85923.13,0.007617273718962592,2.0,0.0025,trending,0.3469504439480912,0.1607548540983469,0.492294701953562,0
1790016300000,85923.14,86051.75,0.0050941439308322956,2.0,0.0025,trending,0.42563870820954086,0.1466060810975371,0.42775521069292205,0
1790017200000,86051.75,86055.65,0.008073264219141896,2.0,0.0025,trending,0.4232608388362015,0.21116778458497618,0.3655713765788224,0
1790018100000,86055.66,86372.66,0.010486651678899284,2.0,0.0025,trending,0.5227786386330247,0.12694243226705682,0.3502789290999186,0
1790019000000,86372.67,86577.63,0.004289445206573594,2.0,0.0025,trending,0.5039799670211969,0.1202040314259883,0.37581600155281475,0
1790019900000,86577.64,86490.11,0.00591478031418835,2.0,0.0025,trending,0.4423827129022385,0.16460350174484736,0.3930137853529141,0
1790020800000,86490.11,86750.4,-0.0017941127648979371,1.0,0.0025,low_liquidity,0.4672045150726227,0.1438766159977967,0.3889188689295806,0
1790021700000,86750.41,87278.42,-0.007475845690148808,0.0,0.0025,trending,0.4437897484949186,0.12388884703704266,0.4323214044680388,0
1790022600000,87278.42,86949.0,-0.0018246328307397475,1.0,0.0025,trending,0.45821675391060535,0.16083202006387332,0.3809512260255214,0
1790023500000,86948.99,87001.68,-0.004751517441962005,0.0,0.0025,trending,0.39200661167512674,0.1658179540203479,0.44217543430452544,0
1790024400000,87001.68,86594.76,0.00031479964838521113,1.0,0.0025,low_liquidity,0.29910853033660784,0.17478509118268762,0.5261063784807045,0
1790025300000,86594.75,86625.94,-0.002389469020480539,1.0,0.0025,low_liquidity,0.46205749684302466,0.17780185256273806,0.36014065059423733,0
1790026200000,86625.94,86790.35,-0.004171661941679172,0.0,0.0025,trending,0.47233000644087186,0.18223464277104864,0.3454353507880796,0
1790027100000,86790.35,86588.29,-0.0015539052682526089,1.0,0.0025,low_liquidity,0.4799113969805,0.1979990493007351,0.32208955371876485,0
1790028000000,86588.29,86622.02,0.00031354613988443525,1.0,0.0025,trending,0.47175054464159005,0.2007476608162779,0.3275017945421321,0
1790028900000,86622.01,86418.95,0.0009378730012341574,1.0,0.0025,trending,0.3069507298265883,0.2596599055161756,0.43338936465723615,0
1790029800000,86418.95,86428.29,0.00039015003073639143,1.0,0.0025,trending,0.34028951001869,0.2770227770349096,0.3826877129464004,0
1790030700000,86428.29,86453.74,0.0019231093993157256,1.0,0.0025,trending,0.330443265636152,0.2747621338821256,0.39479460048172244,0
1790031600000,86453.73,86649.18,-0.0019737059254338885,1.0,0.0025,trending,0.37488858655703544,0.26527756112958834,0.35983385231337633,0
1790032500000,86649.17,86500.0,-0.0010754913294797053,1.0,0.0025,low_liquidity,0.34810119275610296,0.2659836998728158,0.38591510737108137,0
1790033400000,86500.01,86462.01,-0.001205616200687376,1.0,0.0025,trending,0.3473495080853481,0.23287380214446854,0.41977668977018334,0
1790034300000,86462.01,86620.0,-0.008419418148233548,0.0,0.0025,trending,0.45341719486694076,0.21835523238708385,0.3282275727459753,0
1790035200000,86620.01,86478.16,-0.00800144221384913,0.0,0.0025,trending,0.4260763926493447,0.1639696785764857,0.40995392877416953,0
1790036100000,86478.16,86406.97,-0.007339222750201824,0.0,0.0025,trending,0.4652449313691517,0.16954823311126008,0.3652068355195882,0
1790037000000,86406.98,86357.77,-0.007828479128166532,0.0,0.0025,trending,0.43022295689732726,0.1798017949319224,0.38997524817075024,0
1790037900000,86357.78,85890.71,-0.003195689033191229,0.0,0.0025,trending,0.33079699012589586,0.18268602560254846,0.48651698427155576,0
1790038800000,85890.72,85786.21,-0.002111411612659042,1.0,0.0025,trending,0.3418421562143405,0.20500430203718945,0.45315354174847006,0
1790039700000,85780.02,85772.81,-0.00033588732839695545,1.0,0.0025,trending,0.33484697204914093,0.20384840470820942,0.46130462324264976,0
1790040600000,85772.8,85681.72,0.0015265799986274864,1.0,0.0025,trending,0.35623649558431264,0.1952566687975351,0.4485068356181523,0
1790041500000,85681.71,85616.23,0.0011524684046471112,1.0,0.0025,trending,0.448336310962795,0.22340723124055079,0.32825645779665413,0
1790042400000,85616.23,85605.08,-0.0007131586116151389,1.0,0.0025,trending,0.41823385807889746,0.2162067307949355,0.3655594111261671,0
1790043300000,85605.09,85744.0,-0.001539466318343008,1.0,0.0025,trending,0.4073122713139578,0.22800790394014464,0.3646798247458975,0
1790044200000,85744.0,85812.52,-0.0037952503900363643,0.0,0.0025,low_liquidity,0.42332639605159905,0.22721047311070428,0.34946313083769664,0
1790045100000,85812.51,85714.9,-0.0002574814880492715,1.0,0.0025,trending,0.4941257056491921,0.20667926540302362,0.2991950289477842,0
1790046000000,85714.91,85544.03,0.0009348402220470398,1.0,0.0025,trending,0.43878161778147984,0.250642152399182,0.31057622981933813,0
1790046900000,85544.02,85612.0,-0.0005374246600943211,1.0,0.0025,trending,0.42891412458081823,0.19311579292004027,0.37797008249914155,0
1790047800000,85612.01,85486.84,0.0004581991801311247,1.0,0.0025,trending,0.42211648513410777,0.268882832725892,0.3090006821400002,0
1790048700000,85486.84,85692.83,-0.002810386819994126,0.0,0.0025,trending,0.518379817595769,0.2418853306345297,0.23973485176970125,0
1790049600000,85692.83,85624.0,-0.002560964215640449,0.0,0.0025,trending,0.4549175076049855,0.26516825829539015,0.2799142340996244,0
1790050500000,85624.0,85565.99,-0.0041012790245283925,0.0,0.0025,trending,0.46504386054391694,0.2836164309401918,0.25133970851589127,0
1790051400000,85565.99,85526.01,-0.0011926196486893303,1.0,0.0025,trending,0.415175243796561,0.259141380074136,0.32568337612930287,0
1790052300000,85526.0,85452.0,-0.000639306277208318,1.0,0.0025,low_liquidity,0.4598726907295283,0.2670107782429628,0.2731165310275088,0
1790053200000,85452.01,85404.72,-0.0006523058678724603,1.0,0.0025,trending,0.45035389694695044,0.2864403952553135,0.26320570779773594,0
1790054100000,85404.73,85215.06,0.001841693240608011,1.0,0.0025,trending,0.38102376868616866,0.26105063100576775,0.3579256003080635,0
1790055000000,85215.06,85424.01,0.0008278702908000035,1.0,0.0025,trending,0.4687339726665394,0.2880625243008958,0.24320350303256474,0
1790055900000,85424.01,85397.37,-0.00015644509895329506,1.0,0.0025,trending,0.42538750625297106,0.24844424700187237,0.3261682467451565,0
1790056800000,85397.38,85349.01,0.0011031176577209756,1.0,0.0025,trending,0.4537252812532297,0.263846970619466,0.2824277481273042,0
1790057700000,85349.01,85372.0,-0.0005773555732557778,1.0,0.0025,trending,0.41246659014051695,0.2284006665022622,0.35913274335722073,0
1790058600000,85372.01,85494.73,-0.0028964358387937317,0.0,0.0025,trending,0.4957408917100373,0.26913278252221845,0.2351263257677441,0
1790059500000,85494.74,85384.01,-0.0004685889079231176,1.0,0.0025,trending,0.46851368729432047,0.31235927776066674,0.21912703494501282,0
1790060400000,85384.02,85443.16,0.0005247933245913217,1.0,0.0025,trending,0.4495370798822256,0.3299879133068049,0.22047500681096954,0
1790061300000,85443.16,85322.71,0.0011366258760416859,1.0,0.0025,trending,0.406269207017687,0.3559205993894252,0.23781019359288774,0
1790062200000,85322.71,85247.1,0.01058757424006207,2.0,0.0025,trending,0.4288199336989312,0.2673554486674443,0.3038246176336245,0
1790063100000,85247.09,85344.0,0.010308516122984779,2.0,0.0025,trending,0.3550163324008164,0.27733131467202277,0.36765235292716075,0
1790064000000,85344.01,85488.0,0.0052172234699605635,2.0,0.0025,trending,0.422303491825343,0.31452419893942757,0.26317230923522933,0
1790064900000,85488.01,85419.69,0.005627859337817842,2.0,0.0025,trending,0.5352973080519646,0.2624838674487374,0.20221882449929787,0
1790065800000,85419.7,86149.66,-0.0012279793094948088,1.0,0.0025,trending,0.5777555810790719,0.24108292205473258,0.18116149686619556,0
1790066700000,86149.66,86223.77,0.0003504833991834211,1.0,0.0025,trending,0.46847102224619663,0.289723865119281,0.24180511263452234,0
1790067600000,86223.77,85934.01,0.0012799356157127129,1.0,0.0025,trending,0.478901666214726,0.2380477090424719,0.2830506247428019,0
1790068500000,85934.0,85900.42,-0.00040046369971180606,1.0,0.0025,trending,0.37439862919493117,0.28697132888068977,0.338630041924379,0
1790069400000,85900.43,86043.87,-0.0022996408692449455,1.0,0.0025,trending,0.3852012818992055,0.3130212944107093,0.30177742369008526,0
1790070300000,86043.87,86253.99,-0.0040576673612432446,0.0,0.0025,trending,0.5990943674552602,0.23252582286811563,0.16837980967662428,0
1790071200000,86253.99,86044.0,-0.0007347403653944484,1.0,0.0025,trending,0.55653605680591,0.2639146749238022,0.17954926827028786,0
1790072100000,86044.01,85866.02,0.0006788482801460827,1.0,0.0025,trending,0.43750991038412285,0.34443761104690346,0.2180524785689736,0
1790073000000,85866.01,85846.0,0.0030307760408172513,2.0,0.0025,ranging,0.48319859826671674,0.2710882762045105,0.2457131255287727,0
1790073900000,85846.01,85904.0,0.000961771279567758,1.0,0.0025,ranging,0.5566726624149477,0.2679071148972558,0.1754202226877964,0
1790074800000,85904.0,85980.78,-0.0007300468779185554,1.0,0.0025,ranging,0.5805518651235897,0.2513771218778075,0.16807101299860286,0
1790075700000,85980.78,85924.31,0.002091375537377038,1.0,0.0025,ranging,0.57089529741369,0.2668651733649406,0.16223952922136917,0
1790076600000,85924.32,86106.18,-0.0014420567722316369,1.0,0.0025,ranging,0.5547225887364634,0.27831152401329806,0.1669658872502385,0
1790077500000,86106.18,85986.62,0.0004348350941112411,1.0,0.0025,ranging,0.47097540748864375,0.30990755888689503,0.2191170336244612,0
1790078400000,85986.62,85918.01,0.0016827670938841521,1.0,0.0025,ranging,0.5499428796736947,0.27158165172678256,0.17847546859952274,0
1790079300000,85918.0,86104.01,-0.004192023112512433,0.0,0.0025,ranging,0.5314920295064343,0.21248948152260164,0.2560184889709641,0
1790080200000,86104.0,85982.01,-0.0005092925834135897,1.0,0.0025,ranging,0.46913319402009485,0.2694994346416784,0.26136737133822685,0
1790081100000,85982.0,86024.01,0.00374314101377049,2.0,0.0025,ranging,0.5549425052959156,0.24174240258848517,0.20331509211559917,0
1790082000000,86024.01,86062.59,0.003339662447992664,2.0,0.0025,ranging,0.5257376854894948,0.2559858690698913,0.21827644544061392,0
1790082900000,86062.59,85743.06,0.0021902647281308862,1.0,0.0025,ranging,0.41030025212326343,0.24820084039799198,0.34149890747874456,0
1790083800000,85742.75,85938.22,-0.0004335672765853893,1.0,0.0025,ranging,0.43562359744249557,0.22319505740462514,0.34118134515287935,0
1790084700000,85938.22,86346.01,-0.001019155372668612,1.0,0.0025,ranging,0.6362326169028876,0.18430259429683937,0.1794647888002731,0
1790085600000,86346.01,86350.01,-0.00041702369229601466,1.0,0.0025,ranging,0.6274239496492324,0.19210062411712006,0.18047542623364754,0
1790086500000,86350.01,85930.86,0.004115634359995957,2.0,0.0025,ranging,0.4193331611331236,0.24775298871564955,0.3329138501512269,0
1790087400000,85930.87,85900.96,0.007672207621428173,2.0,0.0025,ranging,0.4068497269744629,0.20972477627167682,0.38342549675386034,0
1790088300000,85900.96,86258.01,0.001798209812630791,1.0,0.0025,ranging,0.6138688993073802,0.17974004113149486,0.2063910595611249,0
1790089200000,86258.0,86314.0,-0.0015061287855967498,1.0,0.0025,ranging,0.6246333533468025,0.19013117448846165,0.1852354721647359,0
1790090100000,86314.01,86284.52,-0.0022530113165143417,1.0,0.0025,ranging,0.5222386040993554,0.25141707438384153,0.22634432151680298,0
1790091000000,86284.52,86560.01,-0.0037893942017797055,0.0,0.0025,ranging,0.5257307977227386,0.29033065380077144,0.1839385484764901,0
1790091900000,86560.0,86413.12,9.269425753877236e-05,1.0,0.0025,ranging,0.6007612989406704,0.19981154348091765,0.19942715757841192,0
1790092800000,86413.11,86184.0,0.002854358117515998,2.0,0.0025,ranging,0.586477563618037,0.2149406092110208,0.19858182717094217,0
1790093700000,86184.0,86090.12,0.005745607045268386,2.0,0.0025,ranging,0.4881824521234744,0.30111132472726776,0.21070622314925774,0
1790094600000,86090.12,86232.0,0.00285010205028291,2.0,0.0025,ranging,0.48801561250612807,0.30115716326876196,0.21082722422511,0
1790095500000,86232.01,86421.13,0.0017253882239216534,1.0,0.0025,ranging,0.5636357835902958,0.22868354346187575,0.20768067294782844,0
1790096400000,86421.13,86430.0,0.0011018164989007317,1.0,0.0025,ranging,0.5917060917790015,0.2234912564321174,0.1848026517888812,0
1790097300000,86430.01,86584.76,-0.003405680168195757,0.0,0.0025,ranging,0.6007571703355438,0.21386230732290226,0.185380522341554,0
1790098200000,86584.76,86477.77,-0.0008668123611421663,1.0,0.0025,ranging,0.6163635511616185,0.19335062535800585,0.19028582348037557,0
1790099100000,86478.03,86570.24,-0.0012567829314092949,1.0,0.0025,ranging,0.5562740209116472,0.21554293364734672,0.228183045441006,0
1790100000000,86570.24,86525.23,-0.0005548670601626116,1.0,0.0025,ranging,0.552103210131014,0.2209897112238779,0.226907078645108,0
1790100900000,86525.23,86289.88,0.002804384477067101,2.0,0.0025,ranging,0.48710858362946247,0.27437922934179804,0.2385121870287394,0
1790101800000,86289.88,86402.81,-0.0003100593603378998,1.0,0.0025,ranging,0.4914455455894967,0.29133808286843693,0.21721637154206633,0
1790102700000,86402.8,86461.44,-0.0031112135074317093,0.0,0.0025,ranging,0.547979501132243,0.24569879101169506,0.206321707856062,0
1790103600000,86461.45,86477.22,-0.003113305446220349,0.0,0.0025,ranging,0.5887624634975179,0.22236205482826651,0.18887548167421542,0
1790104500000,86477.22,86531.87,-0.0023406405062087465,1.0,0.0025,ranging,0.5449652333870928,0.24598637443211022,0.20904839218079702,0
1790105400000,86531.87,86376.02,-0.000625289287466746,1.0,0.0025,ranging,0.4708979326930341,0.25881535249279464,0.2702867148141713,0
1790106300000,86376.02,86192.44,0.0008303512465825946,1.0,0.0025,ranging,0.412210905409348,0.29595562266701125,0.29183347192364073,0
1790107200000,86192.45,86207.99,0.0005311572628012851,1.0,0.0025,ranging,0.4187187364028542,0.27317504472570375,0.30810621887144213,0
1790108100000,86208.0,86329.33,-0.0009328231784029306,1.0,0.0025,ranging,0.4610432544786534,0.2512998674176202,0.28765687810372637,0
1790109000000,86329.33,86322.01,-0.0013097470737764016,1.0,0.0025,low_liquidity,0.45891952273328,0.26965919006469025,0.27142128720202985,0
1790109900000,86322.0,86264.01,-0.0009273855922069529,1.0,0.0025,low_liquidity,0.4937080289300782,0.2615026909068145,0.24478928016310728,0
1790110800000,86264.01,86253.78,-0.0025015715253291493,0.0,0.0025,low_liquidity,0.4796746110793186,0.261770458074225,0.2585549308464564,0
1790111700000,86253.78,86248.8,-0.000983086141488454,1.0,0.0025,low_liquidity,0.4791782841564285,0.2910287834487528,0.22979293239481863,0
1790112600000,86248.8,86208.95,8.177805204678812e-05,1.0,0.0025,low_liquidity,0.4815404932881687,0.24846637784507206,0.2699931288667592,0
1790113500000,86208.96,86184.01,-0.0006961848259323666,1.0,0.0025,low_liquidity,0.4462692988227244,0.24717823046245763,0.3065524707148179,0
1790114400000,86184.0,86038.01,0.004020664820118647,2.0,0.0025,ranging,0.4375806189931586,0.2736380166416596,0.2887813643651818,0
1790115300000,86038.01,86164.01,0.0007195579685763676,1.0,0.0025,low_liquidity,0.49145048342164915,0.2984390622885732,0.21011045428977773,0
1790116200000,86164.01,86216.0,-0.0009741811264730726,1.0,0.0025,ranging,0.3402584145756676,0.3782378976644902,0.2815036877598422,1
1790117100000,86216.01,86124.01,0.0009817239118337096,1.0,0.0025,low_liquidity,0.34256972734296975,0.37468216773480295,0.28274810492222724,1
1790118000000,86124.01,86383.94,-0.0003972960714688778,1.0,0.0025,ranging,0.34439959861273867,0.37098580035164913,0.28461460103561215,1
1790118900000,86383.94,86226.01,0.0025977080465628966,2.0,0.0025,low_liquidity,0.3417880222397225,0.371580827413567,0.28663115034671044,1
1790119800000,86226.01,86132.01,0.0036223466745985977,2.0,0.0025,ranging,0.3517118784155111,0.3564184531996961,0.2918696683847928,1
1790120700000,86132.01,86208.56,0.0028853283247047834,2.0,0.0025,ranging,0.34920169905076875,0.3389274380876282,0.31187086286160304,1
1790121600000,86208.57,86349.62,0.004305867240643302,2.0,0.0025,ranging,0.34903947333640095,0.3355958015513389,0.31536472511226016,1
1790122500000,86349.63,86450.0,0.0021131289762867933,1.0,0.0025,low_liquidity,0.3528595491069024,0.370207349512124,0.27693310138097343,1
1790123400000,86449.99,86444.01,-0.0019221690432915661,1.0,0.0025,ranging,0.33636314387067684,0.36980776856388553,0.2938290875654376,1
1790124300000,86444.01,86457.3,-0.0010097470080606685,1.0,0.0025,low_liquidity,0.3347316893501074,0.3650475758512785,0.30022073479861405,1
1790125200000,86457.31,86721.43,-0.003960036175602699,0.0,0.0025,ranging,0.34837061395809404,0.3538977096636584,0.29773167637824755,1
1790126100000,86721.44,86632.68,-0.000504197723076194,1.0,0.0025,ranging,0.3533784003882202,0.3456508771401448,0.3009707224716349,1
1790127000000,86632.68,86277.85,0.002435735243750292,1.0,0.0025,ranging,0.32882610080558794,0.34993281043497787,0.32124108875943425,1
1790127900000,86277.85,86370.0,0.002110223457218785,1.0,0.0025,ranging,0.3218064269210333,0.3809746154901254,0.2972189575888413,1
1790128800000,86370.01,86378.01,0.0019514225900783,1.0,0.0025,ranging,0.32163401746162135,0.38602045373086963,0.29234552880750897,1
1790129700000,86378.01,86589.0,0.0011887191213664217,1.0,0.0025,ranging,0.341879962703742,0.36206129106005946,0.2960587462361985,1
1790130600000,86589.01,86488.0,0.00462480344093974,2.0,0.0025,ranging,0.3378273256953131,0.3570770786963448,0.3050955956083421,1
1790131500000,86488.01,86552.26,0.0017562799631114512,1.0,0.0025,low_liquidity,0.3439751461457178,0.38020586574209203,0.2758189881121901,1
1790132400000,86552.27,86546.57,0.0034135379368587238,2.0,0.0025,low_liquidity,0.3353494357870498,0.3851808364966481,0.27946972771630213,1
1790133300000,86546.56,86691.93,0.003784550649639673,2.0,0.0025,ranging,0.3477899638260088,0.37237848977577725,0.27983154639821384,1
1790134200000,86691.94,86887.99,0.0029283678906599775,2.0,0.0025,ranging,0.3706504813472446,0.3490597485455046,0.28028977010725087,1
1790135100000,86887.99,86704.27,0.005336300046122178,2.0,0.0025,ranging,0.34205032402799773,0.35839593787675394,0.2995537380952482,1
1790136000000,86704.27,86842.0,0.0010163285046405068,1.0,0.0025,ranging,0.346527387741599,0.35369727606996154,0.2997753361884394,1
1790136900000,86842.01,87020.02,-0.002739254714030248,0.0,0.0025,ranging,0.35194266610881314,0.32509814827735894,0.3229591856138279,1
1790137800000,87020.01,87142.43,-0.00461084227281694,0.0,0.0025,trending,0.35327176216115025,0.3258260811041044,0.32090215673474537,1
1790138700000,87142.42,87166.95,-0.007697183393476581,0.0,0.0025,trending,0.3671763126081798,0.321411972710324,0.3114117146814962,1
1790139600000,87166.94,86930.26,-0.0037300014977523777,0.0,0.0025,trending,0.3545038681400459,0.3211349027933275,0.32436122906662657,1
1790140500000,86930.25,86781.65,-0.004121262962849759,0.0,0.0025,trending,0.31697018010190725,0.34067306650461554,0.3423567533934772,1
1790141400000,86781.65,86740.63,-0.002052325421201151,1.0,0.0025,trending,0.31249849797680385,0.3419060928772491,0.345595409145947,1
1790142300000,86740.64,86496.01,-0.0003046383295598476,1.0,0.0025,ranging,0.3095831469040663,0.33964665386450515,0.3507701992314285,1
1790143200000,86496.0,86606.01,-0.0028555754964348923,0.0,0.0025,ranging,0.31257500469808336,0.34099379017064096,0.3464312051312757,1
1790144100000,86606.01,86424.0,-0.00020781264463587412,1.0,0.0025,ranging,0.30071226949632424,0.3519789636235404,0.34730876688013534,1
1790145000000,86424.01,86562.61,-0.005837855397382241,0.0,0.0025,ranging,0.32818812783360835,0.3553275925526835,0.3164842796137081,1
1790145900000,86562.61,86469.66,-0.0039885666255655705,0.0,0.0025,ranging,0.3186098545284469,0.32760422811856743,0.3537859173529857,1
1790146800000,86469.67,86358.7,-0.0020748343826388904,1.0,0.0025,ranging,0.31598191696761896,0.3239778341634978,0.3600402488688833,1
1790147700000,86358.71,86406.04,-0.0029473634019102635,0.0,0.0025,ranging,0.3238656527964153,0.32471538452747595,0.3514189626761088,1
1790148600000,86406.03,86057.27,0.00035720398753058547,1.0,0.0025,ranging,0.31147262431763006,0.33034280009715167,0.35818457558521816,1
1790149500000,86057.26,86124.77,-0.0026099344009858916,0.0,0.0025,ranging,0.30797693918011926,0.3336063368612004,0.3584167239586804,1
1790150400000,86124.77,86179.52,-0.002717699054253342,0.0,0.0025,ranging,0.3023436292251282,0.3366660808969798,0.360990289877892,1
1790151300000,86179.52,86151.37,-0.003052069862615081,0.0,0.0025,ranging,0.31723634265222395,0.35534895335229016,0.3274147039954859,1
1790152200000,86151.37,86088.01,-0.003345413606377967,0.0,0.0025,trending,0.3112975327184736,0.34937540031441316,0.33932706696711323,1
1790153100000,86088.01,85899.99,-0.000531548373870594,1.0,0.0025,trending,0.2898824336877894,0.3286444851952069,0.3814730811170038,1
1790154000000,85899.99,85945.31,-0.0010013344532703305,1.0,0.0025,trending,0.29972575746010494,0.33287646311737185,0.3673977794225231,1
1790154900000,85945.31,85888.43,-0.0010294750992654311,1.0,0.0025,trending,0.31910609617444474,0.3384235471823921,0.3424703566431631,1
1790155800000,85888.42,85800.01,0.0008856642324401864,1.0,0.0025,trending,0.31988302885785486,0.3269351493520368,0.3531818217901083,1
1790156700000,85800.0,85854.33,0.0008006585107589448,1.0,0.0025,trending,0.3290104252386316,0.3364869456556938,0.3345026291056746,1
1790157600000,85854.34,85859.25,-0.001360133008382891,1.0,0.0025,trending,0.32733164575452117,0.3486560506063801,0.3240123036390987,1
1790158500000,85859.25,85800.01,-0.003426573027205948,0.0,0.0025,trending,0.32767218262285325,0.3384020251074716,0.33392579226967517,1
1790159400000,85800.01,85876.0,-0.004262075550794053,0.0,0.0025,trending,0.33308607912615235,0.3377682479556682,0.32914567291817937,1
1790160300000,85876.0,85923.07,-0.0031786573733924017,0.0,0.0025,trending,0.36431268985997184,0.32992392650488817,0.3057633836351399,1
1790161200000,85923.07,85742.47,-0.0031470985148899233,0.0,0.0025,trending,0.34417311865174116,0.32912826167537157,0.32669861967288727,1
1790162100000,85742.46,85506.01,-0.00024091873775877737,1.0,0.0025,trending,0.29846458472086584,0.3283600106311429,0.37317540464799126,1
1790163000000,85506.01,85509.99,-0.0005490586538486886,1.0,0.0025,trending,0.29839307551770006,0.34687440847164663,0.3547325160106533,1
1790163900000,85509.99,85649.95,-0.001623351794134087,1.0,0.0025,trending,0.3329840788060147,0.3302660900934053,0.33674983110057993,1
1790164800000,85649.96,85472.63,-0.0011773359495315106,1.0,0.0025,trending,0.3230037970377668,0.3314577581964909,0.3455384447657423,1
1790165700000,85472.63,85485.41,0.0007321717238064629,1.0,0.0025,trending,0.294416206058814,0.33348069517525925,0.37210309876592673,1
1790166600000,85485.41,85463.04,0.004353226845195346,2.0,0.0025,trending,0.2934229479769503,0.33930059719944816,0.36727645482360155,1
1790167500000,85463.04,85510.91,0.0032872998310975454,2.0,0.0025,trending,0.3361329514102493,0.3340335033362249,0.3298335452535257,1
1790168400000,85510.9,85372.0,-0.005811273016914198,0.0,0.0025,trending,0.3370638009071712,0.3305920069434826,0.33234419214934613,1
1790169300000,85371.99,85548.0,-0.01760812643194465,0.0,0.0025,trending,0.330085889440509,0.3185138815379126,0.35140022902157847,1
1790170200000,85548.01,85835.08,-0.017738318645476925,0.0,0.0025,trending,0.32662987701333784,0.33704624373806813,0.33632387924859397,1
1790171100000,85835.09,85792.01,-0.014663603288930904,0.0,0.0025,trending,0.3160045958350064,0.3308175067463758,0.3531778974186179,1
1790172000000,85792.01,84875.88,-0.0026303114618664303,0.0,0.0025,trending,0.2847817322949735,0.2954799975530297,0.41973827015199666,1
1790172900000,84875.87,84041.66,0.005518691563208167,2.0,0.0025,high_volatility,0.26470783034176104,0.2989385846308415,0.43635358502739746,1
1790173800000,84041.66,84312.51,-0.0001852631359212653,1.0,0.0025902450439873903,high_volatility,0.26647175996260153,0.30469547695728827,0.4288327630801101,1
1790174700000,84312.51,84533.99,-0.006364067282285002,0.0,0.0025915786700180642,high_volatility,0.2651311690753199,0.30216615214698234,0.43270267877769764,1
1790175600000,84534.0,84652.63,-0.0036236322486377093,0.0,0.0025379789566252445,high_volatility,0.2937886141383104,0.30805693839127746,0.3981544474704121,1
1790176500000,84652.63,84505.46,-0.00314867228697413,0.0,0.0025140249740065583,high_volatility,0.2834526065150543,0.3185156129534716,0.3980317805314742,1
1790177400000,84505.45,84296.89,-0.0024408966926300346,1.0,0.0025,high_volatility,0.26393074494148355,0.3017901839859482,0.43427907107256825,1
1790178300000,84296.89,83996.01,0.0004999046978542143,1.0,0.0025002782282732513,high_volatility,0.25804073791119875,0.3394108241150496,0.40254843797375167,1
1790179200000,83996.0,84345.88,-0.006347790787173069,0.0,0.0027506484827226497,high_volatility,0.2692492903573906,0.33058645789350327,0.40016425174910614,1
1790180100000,84345.88,84239.38,-0.0020761073977515476,1.0,0.0026645921496885154,high_volatility,0.29696311672978876,0.335686276261016,0.3673506070091952,1
1790181000000,84239.38,84091.13,0.001999140694149304,1.0,0.0026803308322039298,high_volatility,0.2968034317846598,0.3337800598920455,0.3694165083232947,1
1790181900000,84091.13,84038.0,0.003433684761655398,2.0,0.0026431534628044893,high_volatility,0.2665174802441203,0.3609506902986893,0.3725318294571904,1
1790182800000,84038.01,83810.47,0.004687719803981638,2.0,0.002707867695146923,high_volatility,0.25760685508320696,0.365447551571309,0.376945593345484,1
1790183700000,83810.48,84064.49,0.001112479240640063,1.0,0.0027310662113311937,high_volatility,0.28243688686087626,0.3689768831953521,0.3485862299437717,1
1790184600000,84064.49,84259.24,-0.0003442945841904965,1.0,0.002670521821153434,high_volatility,0.2894661168868823,0.3672951882363313,0.34323869487678643,1
1790185500000,84259.24,84326.56,4.0793790236470784e-05,1.0,0.002546879152817551,high_volatility,0.3050202713783757,0.36084992101440544,0.33412980760721883,1
1790186400000,84326.55,84203.35,0.0019898258204689157,1.0,0.0025,high_volatility,0.2918579884117999,0.3656739048418772,0.3424681067463229,1
1790187300000,84203.36,84158.01,0.0029942485569705024,2.0,0.0025,trending,0.29480555706604417,0.38122079530282016,0.3239736476311357,1
1790188200000,84158.0,84230.23,0.0025854138116445657,2.0,0.0025,trending,0.29471078059171196,0.391636648472765,0.31365257093552296,1
1790189100000,84230.01,84330.0,0.0022293371279498153,1.0,0.0025,trending,0.31754954263897,0.3817699235092806,0.30068053385174937,1
1790190000000,84330.0,84370.9,-0.00036624001877416656,1.0,0.0025,trending,0.3176889612488821,0.37888409372121884,0.3034269450298991,1
1790190900000,84370.91,84410.0,-0.00126371283023341,1.0,0.0025,trending,0.3041062639936479,0.38848884983654763,0.3074048861698045,1
1790191800000,84410.0,84448.0,-0.000554305608184924,1.0,0.0025,trending,0.3017080400170287,0.39777629377544704,0.30051566620752435,1
1790192700000,84448.0,84518.0,-0.0033737192077427647,0.0,0.0025,trending,0.2959090200038308,0.37925285099423217,0.32483812900193704,1
1790193600000,84518.0,84340.0,0.0003643585487311807,1.0,0.0025,trending,0.28488477834578013,0.37401488669692695,0.34110033495729297,1
1790194500000,84340.01,84303.33,0.0013602072421101674,1.0,0.0025,trending,0.2779705540022259,0.4003081442672929,0.32172130173048125,1
1790195400000,84303.34,84401.19,0.0011623058869192349,1.0,0.0025,trending,0.2844212525422228,0.40022167169436146,0.3153570757634159,1
1790196300000,84401.2,84232.86,0.0022155249150983547,1.0,0.0025,trending,0.28171658324635496,0.4026216980132015,0.31566171874044346,1
1790197200000,84232.86,84370.73,0.0026462968851876933,2.0,0.0025,trending,0.2913085656088477,0.40401460182076265,0.30467683257038963,1
1790198100000,84370.74,84418.0,0.0007819422398065434,1.0,0.0025,trending,0.2882846990172074,0.40388992774979077,0.30782537323300185,1
1790199000000,84418.0,84499.29,-3.893523839071378e-05,1.0,0.0025,trending,0.2898249126875588,0.4045514561242549,0.3056236311881863,1
1790199900000,84499.29,84419.48,0.001700200001231833,1.0,0.0025,trending,0.2921583436158566,0.4072396818523689,0.30060197453177456,1
1790200800000,84419.49,84594.0,-0.0012048135801593363,1.0,0.0025,trending,0.30452052466664736,0.40858676792080134,0.2868927074125512,1
1790201700000,84594.0,84484.01,-7.101935620701383e-07,1.0,0.0025,trending,0.2895342104183413,0.4129402266066434,0.2975255629750152,1
1790202600000,84484.0,84496.0,-0.00037871615224394084,1.0,0.0025,trending,0.2912491751793602,0.41101365713946547,0.2977371676811743,1
1790203500000,84496.01,84563.01,-0.001956056199986178,1.0,0.0025,trending,0.2934726863285044,0.4237849222721397,0.2827423913993558,1
1790204400000,84563.01,84492.08,-0.0015868942982585343,1.0,0.0025,trending,0.2901416266757877,0.4215807137822047,0.28827765954200774,1
1790205300000,84492.08,84483.95,-0.0017275470666321402,1.0,0.0025,low_liquidity,0.2969003222832051,0.4267745002919915,0.2763251774248034,1
1790206200000,84483.95,84464.0,-0.0011839363515817602,1.0,0.0025,low_liquidity,0.29633478265168745,0.4244569887757352,0.27920822857257743,1
1790207100000,84464.01,84397.6,-0.0009431547816526331,1.0,0.0025,trending,0.3011679819985402,0.42308968931877866,0.27574232868268106,1
1790208000000,84397.6,84358.0,-0.0009013964295027099,1.0,0.0025,trending,0.3034147297560634,0.41473349057870196,0.28185177966523484,1
1790208900000,84358.0,84338.0,-0.001280561549953707,1.0,0.0025,trending,0.29264286477264273,0.40006539896977905,0.3072917362575782,1
1790209800000,84338.0,84364.0,-0.002677919491726355,0.0,0.0025,trending,0.30091672175443596,0.39725508348190636,0.30182819476365774,1
1790210700000,84364.0,84318.0,-0.0025338599112881832,0.0,0.0025,trending,0.29316371936567853,0.37220602981992995,0.3346302508143915,1
1790211600000,84318.0,84281.96,-0.003979499290239663,0.0,0.0025,trending,0.2862230256979457,0.37171947747730244,0.3420574968247519,1
1790212500000,84281.96,84230.0,-0.0007813130713522076,1.0,0.0025,trending,0.288344692307574,0.3694695805707612,0.34218572712166484,1
1790213400000,84230.0,84138.08,0.002304901656895453,1.0,0.0025,trending,0.27841149536663423,0.3684128374197861,0.3531756672135796,1
1790214300000,84138.08,84104.35,0.0031055468593477187,2.0,0.0025,trending,0.27105061870686076,0.37865063573686164,0.35029874555627755,1
1790215200000,84104.35,83946.56,0.004609956620021283,2.0,0.0025,trending,0.2725786066462097,0.3618558039951293,0.36556558935866107,1
1790216100000,83946.57,84164.19,-0.0012854635682942872,1.0,0.0025,trending,0.2864330558122137,0.36694132146259545,0.3466256227251909,1
1790217000000,84164.2,84332.01,-0.0038182417328841423,0.0,0.0025,trending,0.2940221935588267,0.3833843023827687,0.3225935040584046,1
1790217900000,84332.0,84365.54,-0.005115003116201278,0.0,0.0025,trending,0.30011237756737735,0.4186058586728304,0.2812817637597922,1
1790218800000,84365.55,84333.55,-0.006065794692622362,0.0,0.0025,ranging,0.30935930864495126,0.39671253018923575,0.29392816116581305,1
1790219700000,84333.55,84056.0,-0.0014449890549158573,1.0,0.0025,ranging,0.27587719883930256,0.3886408081685888,0.3354819929921087,1
1790220600000,84056.01,84010.01,-0.001602190024736272,1.0,0.0025,ranging,0.2804094254532428,0.3864398368092822,0.33315073773747494,1
1790221500000,84010.01,83934.01,0.0013342624759618005,1.0,0.0025,ranging,0.2967595959067515,0.37772523020786164,0.32551517388538687,1
1790222400000,83934.01,83822.0,0.004509555963828182,2.0,0.0025,ranging,0.28998151102098224,0.37427340141561494,0.3357450875634028,1
1790223300000,83822.01,83934.54,0.002960163956340356,2.0,0.0025,ranging,0.31852917088328153,0.3734300313430086,0.3080407977737098,1
1790224200000,83934.54,83875.41,0.0037983718946947853,2.0,0.0025,low_liquidity,0.31040887065015516,0.3871054062148959,0.3024857231349489,1
1790225100000,83875.41,84046.0,-0.0008088427765746697,1.0,0.0025,trending,0.3256707011048177,0.40595813859644797,0.2683711602987343,1
1790226000000,84046.0,84200.0,-0.0009737529691211666,1.0,0.0025,ranging,0.33210821226513054,0.40054501023189953,0.2673467775029699,1
1790226900000,84200.01,84183.0,0.0001304301343501013,1.0,0.0025,ranging,0.31422130640420476,0.4211158935742952,0.26466280002149994,1
1790227800000,84183.0,84194.0,-4.7390550395598474e-05,1.0,0.0025,ranging,0.32031761922562185,0.4166040075648741,0.2630783732095041,1
1790228700000,84194.0,83978.02,0.0016191141443915313,1.0,0.0025,ranging,0.2994807496806333,0.4125819338342376,0.28793731648512905,1
1790229600000,83978.02,84118.01,-0.0003403551748309974,1.0,0.0025,ranging,0.31780663028178374,0.4069751980666183,0.2752181716515979,1
1790230500000,84118.01,84193.98,0.002584151503468579,2.0,0.0025,ranging,0.32387439664751044,0.3967864663860287,0.27933913696646095,1
1790231400000,84193.98,84190.01,0.002852594981280987,2.0,0.0025,ranging,0.3249838106569633,0.4045290934795774,0.27048709586345926,1
1790232300000,84190.01,84113.99,0.004874694447380312,2.0,0.0025,ranging,0.30485271470504965,0.4183904558187699,0.2767568294761805,1
1790233200000,84114.0,84089.38,0.0037175919242120603,2.0,0.0025,ranging,0.3126743220040535,0.409396308366389,0.2779293696295575,1
1790234100000,84089.38,84411.55,-0.007505371006692907,0.0,0.0025,ranging,0.333813743051429,0.39552254910008977,0.2706637078484812,1
1790235000000,84411.55,84430.17,-0.008198135808562212,0.0,0.0025,ranging,0.33537666409887307,0.3970108665908007,0.2676124693103261,1
1790235900000,84430.18,84524.02,-0.010222182996028839,0.0,0.0025,ranging,0.3405435084095043,0.372112830586245,0.28734366100425074,1
1790236800000,84524.02,84401.99,-0.011152225202273103,0.0,0.0025,ranging,0.31967114215854053,0.3902209300924077,0.29010792774905186,1
1790237700000,84402.0,83778.01,-0.004941750227774544,0.0,0.0025,ranging,0.2662692723134042,0.36216881634899334,0.37156191133760247,1
1790238600000,83778.01,83738.0,-0.006776851608588652,0.0,0.0025,ranging,0.26870705438512793,0.3740159714903973,0.3572769741244748,1
1790239500000,83738.0,83660.0,-0.004734042553191542,0.0,0.0025,ranging,0.269351222992684,0.35079546937264017,0.3798533076346758,1
1790240400000,83660.01,83460.72,-0.001901732934966316,1.0,0.0025,ranging,0.27114252853334697,0.34916533411348116,0.3796921373531718,1
1790241300000,83460.72,83364.0,-0.0011994386065928841,1.0,0.0025,ranging,0.2641325691763423,0.3536007798530293,0.3822666509706284,1
1790242200000,83364.0,83170.52,0.0027271682322052015,2.0,0.0025,trending,0.25668875732636953,0.33164490737148894,0.4116663353021416,1
1790243100000,83170.52,83263.95,0.002981482382231393,2.0,0.0025,trending,0.25923838578012937,0.35166846174299277,0.3890931524768778,1
1790244000000,83263.96,83302.0,0.0032413387433674057,2.0,0.0025,trending,0.2673871130556053,0.35343389752237203,0.37917898942202266,1
1790244900000,83302.0,83264.01,0.0030984575448624874,2.0,0.0025,trending,0.27978486854412576,0.3629146408771501,0.3573004905787241,1
1790245800000,83264.0,83397.34,0.0006952260108057384,1.0,0.0025,trending,0.2900330343471721,0.3606963855080599,0.3492705801447681,1
1790246700000,83397.34,83512.2,-0.00021098713720868467,1.0,0.0025,trending,0.29652533397041947,0.38162063796250245,0.32185402806707797,1
1790247600000,83512.2,83572.01,-0.00046486856065797166,1.0,0.0025,trending,0.2928515786212475,0.36778544824722215,0.3393629731315303,1
1790248500000,83572.01,83522.0,0.0003353607432772243,1.0,0.0025,trending,0.2935083769875571,0.37347717502664884,0.33301444798579405,1
1790249400000,83522.0,83455.32,0.0005354961193604346,1.0,0.0025,trending,0.291215818541978,0.37569278404742723,0.3330913974105949,1
1790250300000,83455.61,83494.58,0.0013136182013251396,1.0,0.0025,trending,0.31586782245195,0.3870796621964178,0.2970525153516321,1
1790251200000,83494.59,83533.16,0.002666126841124994,2.0,0.0025,trending,0.31321734874971774,0.3909811334374568,0.29580151781282543,1
1790252100000,83533.16,83550.01,0.0027527225909369513,2.0,0.0025,trending,0.2983814956688149,0.3988118657183614,0.30280663861282364,1
1790253000000,83550.01,83500.01,0.005293292779246395,2.0,0.0025,trending,0.3001649153239256,0.39798018571524707,0.30185489896082734,1
1790253900000,83500.01,83604.26,0.007824601282279131,2.0,0.0025,trending,0.3166050668339047,0.3970391113349179,0.28635582183117725,1
1790254800000,83604.26,83755.87,0.00566085696441343,2.0,0.0025,trending,0.31493193195070274,0.4104516126535823,0.274616455395715,1
1790255700000,83755.88,83780.0,0.013072571019336454,2.0,0.0025,trending,0.3311122253423322,0.3940141479742679,0.27487362668339993,1
1790256600000,83780.01,83942.0,0.0056189988325272555,2.0,0.0025,trending,0.3385107976686677,0.37312699115525194,0.2883622111760804,1
1790257500000,83942.01,84258.43,-0.006938890268902376,0.0,0.0025,trending,0.32212914184240427,0.38527444556938784,0.29259641258820784,1
1790258400000,84258.42,84230.0,-0.0039051406862162796,0.0,0.0025,trending,0.3283639036528901,0.3847065072788516,0.2869295890682584,1
1790259300000,84230.0,84875.22,-0.008830728214901717,0.0,0.0025,trending,0.34979707822877,0.352277008619414,0.29792591315181594,1
1790260200000,84875.22,84413.67,0.00016975923449358277,1.0,0.0025,trending,0.3330160578103308,0.36762115135353995,0.2993627908361292,1
1790261100000,84413.66,83673.77,0.00889442414271513,2.0,0.002561311354137412,high_volatility,0.2788846995645803,0.3567408845154298,0.3643744159199899,1
1790262000000,83673.77,83901.07,0.004301971357457024,2.0,0.002587482327935463,high_volatility,0.29033352267970547,0.37785082404566267,0.3318156532746319,1
1790262900000,83901.06,84125.71,0.006906449883157029,2.0,0.002582009171545087,high_volatility,0.3224810351977788,0.37045742018463207,0.30706154461758917,1
1790263800000,84125.71,84428.0,0.0015119391671007953,1.0,0.0025663520668292587,high_volatility,0.36931279448709314,0.3436080696311491,0.2870791358817578,1
1790264700000,84428.0,84418.0,0.0009752659385440232,1.0,0.0025,high_volatility,0.34642092554755494,0.358544126858394,0.29503494759405097,1
1790265600000,84418.01,84262.01,0.002563314119850668,2.0,0.0025,high_volatility,0.32878421655166806,0.36838563405003166,0.30283014939830033,1
1790266500000,84262.01,84706.72,-0.004450768486844892,0.0,0.0025979841523627516,high_volatility,0.3628800185621791,0.3509078779983953,0.28621210343942566,1
1790267400000,84706.73,84555.65,-0.00453713028047209,0.0,0.0026600176587525267,high_volatility,0.3396945231526939,0.3771917060902507,0.2831137707570554,1
1790268300000,84555.65,84500.33,-0.004619271901068367,0.0,0.002615678532104864,high_volatility,0.3546083972629608,0.3608856248625683,0.2845059778744709,1
1790269200000,84500.32,84478.0,-0.002604228319799229,0.0,0.002527246391095986,high_volatility,0.3213201957515871,0.37467662311781413,0.3040031811305987,1
1790270100000,84478.0,84329.71,0.0011182298622869347,1.0,0.0025195249931583056,high_volatility,0.3092859898977728,0.36905754171066024,0.3216564683915668,1
1790271000000,84329.71,84172.01,0.0029918496659400162,2.0,0.0025,ranging,0.3044448699919781,0.38301169479282143,0.3125434352152005,1
1790271900000,84172.0,84110.0,0.00435156342884313,2.0,0.0025,ranging,0.3053389493630783,0.37505923775895866,0.319601812877963,1
1790272800000,84110.0,84258.0,0.0038689501293647233,2.0,0.0025,ranging,0.33845396209882816,0.36776165545581974,0.29378438244535204,1
1790273700000,84258.0,84424.01,0.0026042354538715617,2.0,0.0025,ranging,0.3662570905617953,0.3609461644379878,0.27279674500021683,1
1790274600000,84424.01,84423.84,0.0003245528751121274,1.0,0.0025,ranging,0.35067554263552964,0.3632969640984391,0.2860274932660313,1
1790275500000,84423.84,84476.01,-0.0007500354242583329,1.0,0.0025,ranging,0.34304767489107807,0.373175904930643,0.2837764201782789,1
1790276400000,84476.01,84583.99,-0.003948619591012448,0.0,0.0025,ranging,0.3468853103487948,0.36587931298554666,0.2872353766656586,1
1790277300000,84584.0,84643.87,-0.004464233499720582,0.0,0.0025,ranging,0.3461506372564123,0.37483631040144716,0.2790130523421406,1
1790278200000,84643.87,84451.24,-0.0007567680474556138,1.0,0.0025,ranging,0.33033521919574643,0.3777097661760287,0.2919550146282249,1
1790279100000,84451.24,84412.65,-0.0004859461230038997,1.0,0.0025,ranging,0.3025281626439945,0.38415191609511606,0.3133199212608894,1
1790280000000,84412.64,84250.0,0.001068249258160181,1.0,0.0025,ranging,0.2941721610453634,0.3975825421228256,0.308245296831811,1
1790280900000,84250.01,84266.0,0.0019087176322596378,1.0,0.0025,ranging,0.3065078566729027,0.3868710134881312,0.3066211298389661,1
1790281800000,84266.01,84387.33,0.001203853706474689,1.0,0.0025,ranging,0.3204077349740207,0.389959320292084,0.2896329447338954,1
1790282700000,84387.33,84371.63,-0.00025636579499532797,1.0,0.0025,ranging,0.33308679900990634,0.3869028998156532,0.28001030117444053,1
1790283600000,84371.62,84340.0,-7.149632440117681e-05,1.0,0.0025,ranging,0.3206204713337047,0.38768153379124504,0.2916979948750502,1
1790284500000,84340.01,84426.84,-0.0035216289037940385,0.0,0.0025,low_liquidity,0.31984790536700763,0.39755846792830446,0.28259362670468796,1
1790285400000,84426.84,84488.92,-0.004011295208886656,0.0,0.0025,ranging,0.3161100610849993,0.3989015685035399,0.28498837041146075,1
1790286300000,84488.92,84350.0,-0.0008616478956726681,1.0,0.0025,low_liquidity,0.3127354586066611,0.3932287007898274,0.2940358406035115,1
1790287200000,84350.0,84333.97,-0.0003231200902791276,1.0,0.0025,ranging,0.3222200304488184,0.38936279364188287,0.28841717590929866,1
1790288100000,84333.97,84129.52,0.00363415837865233,2.0,0.0025,ranging,0.28641685371081693,0.3913827853601818,0.32220036092900123,1
1790289000000,84129.51,84150.01,0.0031143192971694322,2.0,0.0025,ranging,0.2963658994776266,0.397647480504284,0.3059866200180894,1
1790289900000,84150.01,84277.32,0.0015771740249928001,1.0,0.0025,low_liquidity,0.3153371918712993,0.3994052127105545,0.28525759541814616,1
1790290800000,84277.32,84306.72,0.004165148400981478,2.0,0.0025,ranging,0.31407609117160384,0.3948911024527451,0.29103280637565115,1
1790291700000,84306.72,84435.26,0.0028205041353577265,2.0,0.0025,low_liquidity,0.3269562748723135,0.3901154902349749,0.2829282348927117,1
1790292600000,84435.26,84412.08,0.0022127164737559823,1.0,0.0025,ranging,0.3181309147105146,0.3925528134385786,0.2893162718509067,1
1790293500000,84412.08,84410.24,0.002129717911002249,1.0,0.0025,low_liquidity,0.3284420305749271,0.3781120732467919,0.2934458961782811,1
1790294400000,84410.24,84657.87,0.0004980044973963427,1.0,0.0025,ranging,0.33382411299208564,0.3887563797350333,0.2774195072728811,1
1790295300000,84657.86,84673.41,-0.0015736935597610024,1.0,0.0025,ranging,0.3418996215157457,0.3766284136297953,0.2814719648544591,1
1790296200000,84673.41,84598.86,-0.0014086478233866773,1.0,0.0025,ranging,0.3529729430587933,0.37243438768057924,0.2745926692606275,1
1790297100000,84598.87,84590.01,0.0002449461821791843,1.0,0.0025,ranging,0.3315297202432196,0.37737367740979855,0.2910966023469819,1
1790298000000,84590.01,84700.03,0.0016706015334351232,1.0,0.0025,ranging,0.3422207655654434,0.38382315542732554,0.27395607900723096,1
1790298900000,84700.02,84540.16,0.0017961877526608827,1.0,0.0025,ranging,0.3342076275057941,0.3761028511251704,0.2896895213690355,1
1790299800000,84540.16,84479.69,6.356557416342667e-05,1.0,0.0025,ranging,0.3340669227789921,0.3731421407104586,0.2927909365105493,1
1790300700000,84479.69,84610.73,-0.004545168207389261,0.0,0.0025,ranging,0.34335168518902476,0.37666527903163294,0.27998303577934236,1
1790301600000,84610.74,84841.53,-0.0069258534116488635,0.0,0.0025,ranging,0.3614136128433251,0.3649422731420385,0.27364411401463634,1
1790302500000,84841.54,84692.01,-0.006446889145741097,0.0,0.0025,ranging,0.35189509111981965,0.3526392341023201,0.29546567477786023,1
1790303400000,84692.0,84485.06,-0.0032178470370974877,0.0,0.0025,ranging,0.3418585952184791,0.3452742818729773,0.31286712290854357,1
1790304300000,84485.06,84226.16,5.9720162951748534e-05,1.0,0.0025,ranging,0.30019009879375375,0.3710280683367138,0.32878183286953244,1
1790305200000,84226.17,84253.93,-0.0021591871144763797,1.0,0.0025,ranging,0.30798883856991766,0.3682841645528985,0.32372699687718387,1
1790306100000,84253.94,84146.01,-0.00030922440648095684,1.0,0.0025,ranging,0.3059407116312286,0.3585641506238179,0.3354951377449535,1
1790307000000,84146.01,84213.2,0.000769475569150746,1.0,0.0025,ranging,0.31371931646669443,0.35074379024563823,0.33553689328766734,1
1790307900000,84213.19,84231.19,-0.00027519497231376366,1.0,0.0025,ranging,0.3061661053567927,0.36773652554819936,0.32609736909500797,1
1790308800000,84231.19,84072.01,0.001147111862794814,1.0,0.0025,ranging,0.3051181428546803,0.37420519714558764,0.320676659999732,1
1790309700000,84072.0,84119.99,0.0008325012877439253,1.0,0.0025,ranging,0.3059616316661118,0.3795801688085968,0.3144581995252914,1
1790310600000,84120.0,84278.0,-0.0002583117776882027,1.0,0.0025,ranging,0.3093089431117577,0.38894296066224854,0.3017480962259937,1
1790311500000,84278.0,84208.01,-0.00016625496790623195,1.0,0.0025,ranging,0.30984882840674344,0.3779274879066941,0.31222368368656234,1
1790312400000,84208.0,84168.45,-0.0005756313678105807,1.0,0.0025,low_liquidity,0.31744318297638974,0.3743709125355672,0.308185904488043,1
1790313300000,84168.45,84190.02,-0.001033732976901569,1.0,0.0025,ranging,0.3244596911284197,0.38524204052475497,0.29029826834682537,1
1790314200000,84190.02,84256.23,-0.0026665090522088875,0.0,0.0025,ranging,0.31534081684157067,0.3833498878549558,0.3013092953034735,1
1790315100000,84256.22,84194.01,-0.0018767368367416104,1.0,0.0025,low_liquidity,0.3167223283389417,0.39833589150680054,0.2849417801542577,1
1790316000000,84194.0,84120.0,-0.003556942463147972,0.0,0.0025,ranging,0.3110828307572896,0.3942400396331828,0.2946771296095276,1
1790316900000,84120.0,84102.99,-0.0006776215685079245,1.0,0.0025,ranging,0.31742798511462544,0.3979761082328438,0.2845959066525309,1
1790317800000,84102.98,84031.56,-0.0013849558427809772,1.0,0.0025,ranging,0.3152004146559846,0.39256597693755996,0.29223360840645535,1
1790318700000,84031.55,84036.0,9.472130991494687e-05,1.0,0.0025,ranging,0.32321986356164484,0.4081903590649954,0.2685897773733597,1
1790319600000,84036.01,83820.79,0.0035905173406263202,2.0,0.0025,ranging,0.3068025590644262,0.39998979283090413,0.2932076481046695,1
1790320500000,83820.79,84046.0,0.0045927230326250346,2.0,0.0025,ranging,0.32114633027827566,0.39025408621201996,0.2885995835097044,1
1790321400000,84046.0,83915.18,0.004853829783836527,2.0,0.0025,ranging,0.3190801810723112,0.38409760860958786,0.29682221031810085,1
1790322300000,83915.18,84043.96,0.0044393434102818485,2.0,0.0025,ranging,0.32071816992532426,0.37170876314339546,0.30757306693128034,1
1790323200000,84043.96,84121.75,0.005647409855358498,2.0,0.0025,ranging,0.3208437329547243,0.38117758629150633,0.2979786807537694,1
1790324100000,84121.75,84432.0,0.004524469395489783,2.0,0.0025,ranging,0.3197558393098342,0.3998524771762804,0.2803916835138855,1
1790325000000,84432.0,84322.49,0.003655133998059057,2.0,0.0025,ranging,0.3149960831526354,0.3882605798006042,0.2967433370467604,1
1790325900000,84322.49,84417.06,0.0018118375598485947,1.0,0.0025,ranging,0.31816135543773333,0.40495263506854945,0.27688600949371733,1
1790326800000,84417.05,84596.82,-0.0011916523576183113,1.0,0.0025,ranging,0.3183404624672077,0.41264230827564174,0.2690172292571506,1
1790327700000,84596.81,84814.01,-0.0010074986432075939,1.0,0.0025,ranging,0.3370866813129683,0.39292222494509244,0.26999109374193914,1
1790328600000,84814.01,84630.7,0.0018113994094342,1.0,0.0025,ranging,0.34045037420786356,0.38096790323645824,0.27858172255567815,1
1790329500000,84630.7,84570.01,0.001698592680786204,1.0,0.0025,ranging,0.3235116450902563,0.39256470707652746,0.2839236478332162,1
1790330400000,84570.02,84496.01,0.008591293245681086,2.0,0.0025,ranging,0.31579698237351583,0.3954859204497086,0.2887170971767755,1
1790331300000,84496.01,84728.56,0.00234194939699206,1.0,0.0025,ranging,0.33705676922934746,0.39402844499011264,0.2689147857805399,1
1790332200000,84728.57,84784.0,-0.0007938997924136215,1.0,0.0025,ranging,0.3388633147948282,0.38616475991293253,0.2749719252922392,1
1790333100000,84784.0,84713.66,-0.00154662187892729,1.0,0.0025,ranging,0.32987463021319524,0.38219717201035613,0.2879281977764487,1
1790334000000,84713.67,85221.94,-0.010015378668920216,0.0,0.0025,ranging,0.34970108925846416,0.3739919449496677,0.27630696579186825,1
1790334900000,85221.94,84926.99,-0.006135740828681291,0.0,0.0025,ranging,0.3527345855543515,0.3545402936094481,0.2927251208362004,1
1790335800000,84927.0,84716.69,-0.0033133966872407328,0.0,0.0025,ranging,0.3503236421087833,0.35524140429052387,0.2944349536006929,1
1790336700000,84716.69,84582.64,-0.0013104343870089519,1.0,0.0025,ranging,0.30314683343751864,0.37674882039697627,0.3201043461655051,1
1790337600000,84582.64,84368.41,0.0010855959001716542,1.0,0.0025,ranging,0.2985969037567247,0.3661960527146723,0.33520704352860303,1
1790338500000,84368.42,84405.9,-0.0035741577306799277,0.0,0.0025,ranging,0.3052427633076203,0.3548480125351222,0.3399092241572576,1
1790339400000,84405.91,84435.99,-0.005045123530854623,0.0,0.0025,ranging,0.3061174996410829,0.3687499998929909,0.3251325004659262,1
1790340300000,84435.99,84471.8,-0.006488437561410931,0.0,0.0025,ranging,0.31117681694774857,0.3660163879685403,0.32280679508371113,1
1790341200000,84471.79,84460.0,-0.010419014918304548,0.0,0.0025,ranging,0.30853312577868347,0.363055661821344,0.3284112123999725,1
1790342100000,84460.01,84104.22,-0.005403533853592712,0.0,0.0025,ranging,0.2907846710104543,0.35850384391454276,0.3507114850750029,1
1790343000000,84104.22,84010.0,-0.00387501487918096,0.0,0.0025,ranging,0.28899487378014255,0.34271047836246354,0.3682946478573939,1
1790343900000,84010.01,83923.71,0.0010998083854967255,1.0,0.0025,ranging,0.27938146153990745,0.3478909333611925,0.37272760509890007,1
1790344800000,83923.71,83580.01,0.00504773808952641,2.0,0.00255112056632115,high_volatility,0.27232522821871197,0.32879581770806526,0.39887895407322277,1
1790345700000,83580.01,83649.76,0.0013951026279097611,1.0,0.002540093421988007,high_volatility,0.27562937179100655,0.3572572595260599,0.3671133686829336,1
1790346600000,83650.01,83684.46,-0.0025107409428225536,0.0,0.002500179728410218,trending,0.2717801483286578,0.37336325877799775,0.3548565928933444,1
1790347500000,83684.46,84016.01,-0.0026185485361659433,0.0,0.0025501487124506912,high_volatility,0.3106193189650985,0.3622070844289181,0.3271735966059835,1
1790348400000,84016.01,84001.9,0.00010214054682089468,1.0,0.0025408431717851235,high_volatility,0.3123835067794037,0.3575207161806697,0.33009577703992654,1
1790349300000,84001.9,83766.46,0.002453846085891609,1.0,0.0025061816442793964,trending,0.29420719664848977,0.37302279380732195,0.3327700095441883,1
1790350200000,83766.45,83474.35,0.005171169347230498,2.0,0.0025596806837390623,high_volatility,0.2787589527017697,0.36995689844384866,0.3512841488543817,1
1790351100000,83474.35,83796.01,-0.000641916005308496,1.0,0.002588861635258864,high_volatility,0.2999297666137879,0.37149058862293594,0.32857964476327606,1
1790352000000,83796.01,84010.48,-0.0006017106437197217,1.0,0.002541476782078675,trending,0.3273089792621214,0.37192061697101864,0.30077040376686,1
1790352900000,84010.48,83972.01,-0.0033007427117678345,0.0,0.0025,trending,0.31984750616706326,0.3704523584591688,0.30970013537376806,1
1790353800000,83972.01,83906.01,-0.0012193405454508088,1.0,0.0025,trending,0.3170925622770387,0.37299606200579377,0.30991137571716754,1
1790354700000,83906.01,83742.22,0.0005121669810044249,1.0,0.0025,trending,0.29527801225943434,0.38459901239432936,0.3201229753462363,1
1790355600000,83742.23,83959.93,0.00046248251993552536,1.0,0.0025,trending,0.3277967078574252,0.37968982482366553,0.29251346731890926,1
1790356500000,83959.92,83694.84,0.0031442798624143897,2.0,0.0025,trending,0.2947196200627301,0.37206174215699656,0.3332186377802734,1
1790357400000,83694.84,83803.7,0.0021101693600640292,1.0,0.0025,trending,0.3173552747226125,0.3666698233847566,0.31597490189263083,1
1790358300000,83803.7,83785.11,0.0021828460928201565,1.0,0.0025,trending,0.3161901039026803,0.3906338357815551,0.2931760603157646,1
1790359200000,83785.11,83998.76,0.0006096518567655362,1.0,0.0025,trending,0.3411502132683563,0.38542926589680904,0.2734205208348347,1
1790360100000,83998.76,83958.0,0.0005871983610852283,1.0,0.0025,trending,0.33459021844398923,0.4011623003481306,0.2642474812078802,1
1790361000000,83958.01,83980.54,7.061159644861092e-05,1.0,0.0025,ranging,0.33234926272011184,0.40899058916419256,0.2586601481156956,1
1790361900000,83980.54,83968.0,0.0006194026295731625,1.0,0.0025,low_liquidity,0.3257774278350454,0.41447218632256216,0.25975038584239246,1
1790362800000,83968.01,84049.97,-0.0008980372033445816,1.0,0.0025,ranging,0.32314066525648666,0.4156243173692821,0.26123501737423116,1
1790363700000,84049.97,84007.3,0.000685892773604202,1.0,0.0025,low_liquidity,0.3135981891697698,0.4208940161665724,0.26550779466365765,1
1790364600000,84007.29,83986.47,0.0016138313706957064,1.0,0.0025,ranging,0.3115480730113789,0.42441435476467837,0.26403757222394275,1
1790365500000,83986.47,84020.01,-0.0015949771965034776,1.0,0.0025,ranging,0.3117146116265092,0.4135553368224888,0.27473005155100194,1
1790366400000,84020.01,83974.49,-0.0033105291857086216,0.0,0.0025,low_liquidity,0.3033389855715306,0.4118788654970477,0.2847821489314218,1
1790367300000,83974.49,84064.92,-0.0034644653203739217,0.0,0.0025,ranging,0.30958062722518,0.4075218108051545,0.2828975619696655,1
1790368200000,84064.91,84122.01,-0.0036543349356487065,0.0,0.0025,ranging,0.3076575550152269,0.41797643135926243,0.2743660136255106,1
1790369100000,84122.01,83886.0,-0.0011205683904346175,1.0,0.0025,ranging,0.29585753702863754,0.40649956817081245,0.29764289480055,1
1790370000000,83886.01,83696.49,0.0028370365352239357,2.0,0.0025,ranging,0.2955844841351565,0.3911513754604855,0.313264140404358,1
1790370900000,83696.49,83773.68,0.0015794937025568334,1.0,0.0025,ranging,0.3072510571938153,0.41238017018998774,0.28036877261619697,1
1790371800000,83773.69,83814.6,0.003162814115917678,2.0,0.0025,low_liquidity,0.3094248396240124,0.4099331508115325,0.280642009564455,1
1790372700000,83814.6,83792.0,0.0034734819553179364,2.0,0.0025,ranging,0.30342119640996695,0.41652824139035466,0.28005056219967844,1
1790373600000,83792.0,83933.94,0.0015011805712921156,1.0,0.0025,low_liquidity,0.3188753278858204,0.41180884769715476,0.26931582441702473,1
1790374500000,83933.94,83906.0,0.0022768335995040356,1.0,0.0025,ranging,0.3260871544238104,0.40281295526257777,0.2710998903136118,1
1790375400000,83906.0,84079.69,3.6869783892612418e-06,1.0,0.0025,ranging,0.32864204763345756,0.4041768017998478,0.2671811505666946,1
1790376300000,84079.69,84083.05,0.00020146747769023143,1.0,0.0025,ranging,0.33159363392383917,0.39079020242082513,0.2776161636553356,1
1790377200000,84083.05,84059.94,0.00016785641293592946,1.0,0.0025,ranging,0.32446027991043996,0.4087683813711339,0.26677133871842607,1
1790378100000,84059.93,84097.04,-0.0017435809869168484,1.0,0.0025,ranging,0.33394087959924135,0.39289563454001764,0.27316348586074113,1
1790379000000,84097.05,84080.0,-0.0023620361560419134,1.0,0.0025,ranging,0.3103873733680822,0.41471851469067483,0.27489411194124297,1
1790379900000,84080.0,84099.99,-0.0022589776764541103,1.0,0.0025,ranging,0.30676834964194355,0.41140781936332216,0.2818238309947343,1
1790380800000,84100.0,84074.05,-0.0016690048831953241,1.0,0.0025,ranging,0.30222786966975657,0.4112034147996675,0.2865687155305759,1
1790381700000,84074.04,83950.41,-6.694428294051757e-05,1.0,0.0025,ranging,0.29247169918778365,0.39361420096487565,0.31391409984734064,1
1790382600000,83950.41,83881.4,0.0019070974018078335,1.0,0.0025,ranging,0.3044931772638149,0.38237156277704015,0.31313525995914493,1
1790383500000,83881.41,83910.01,0.001986056252406776,1.0,0.0025,low_liquidity,0.3064568670479261,0.4031126202494243,0.2904305127026495,1
1790384400000,83910.01,83933.73,0.0024099965532331513,1.0,0.0025,ranging,0.30687094777365465,0.4005304257671107,0.29259862645923457,1
1790385300000,83933.72,83944.79,0.0010123320339476827,1.0,0.0025,ranging,0.30217861526964457,0.4044931071897079,0.2933282775406476,1
1790386200000,83944.79,84041.37,-0.0003732685461933505,1.0,0.0025,ranging,0.30036148886752795,0.40310181592293676,0.29653669520953524,1
1790387100000,84041.37,84076.66,-0.000792847860512147,1.0,0.0025,low_liquidity,0.3058891340419323,0.41715829355045975,0.276952572407608,1
1790388000000,84076.67,84136.01,-0.002282019316104944,1.0,0.0025,ranging,0.3038576697683335,0.4211988530594428,0.2749434771722236,1
1790388900000,84136.02,84029.77,-3.189345871124072e-05,1.0,0.0025,ranging,0.29914298708417125,0.409467022012164,0.29138999090366474,1
1790389800000,84029.78,84010.0,-0.0006989644089989699,1.0,0.0025,ranging,0.3063619594184022,0.42361457482154746,0.2700234657600504,1
1790390700000,84009.99,84010.0,-0.0008451374836329073,1.0,0.0025,ranging,0.29754746954818295,0.42415227181510645,0.27830025863671065,1
1790391600000,84010.0,83944.01,0.0004964023043454446,1.0,0.0025,ranging,0.3141839717431823,0.4134211054816401,0.27239492277517774,1
1790392500000,83944.01,84027.09,-0.0015787765588455294,1.0,0.0025,ranging,0.31521241400893046,0.42091684654056144,0.2638707394505081,1
1790393400000,84027.09,83951.28,0.0003806969947333094,1.0,0.0025,ranging,0.3129685834449219,0.4197875825871016,0.2672438339679764,1
1790394300000,83951.28,83939.0,0.00044079629254567543,1.0,0.0025,ranging,0.31379962579286813,0.44077828365749233,0.24542209054963965,1
1790395200000,83939.01,83985.68,-0.00021086928152502793,1.0,0.0025,ranging,0.3112961216090144,0.4345640993081187,0.25413977908286695,1
1790396100000,83985.68,83894.43,0.00044186485324471114,1.0,0.0025,ranging,0.3260614014607706,0.4159011085472408,0.2580374899919886,1
1790397000000,83894.44,83983.24,-0.00027660280789365554,1.0,0.0025,ranging,0.32261723741429166,0.4197161186875572,0.25766664389815125,1
1790397900000,83983.24,83976.0,-0.0006705487282080425,1.0,0.0025,ranging,0.3270341627028758,0.42726502451009685,0.24570081278702735,1
1790398800000,83976.01,83967.97,-0.0008906967740199834,1.0,0.0025,ranging,0.3317132844562536,0.41609734879765786,0.2521893667460886,1
1790399700000,83967.96,83931.5,5.3615150449992655e-05,1.0,0.0025,ranging,0.3106616970727124,0.43620998513634224,0.2531283177909454,1
1790400600000,83931.5,83960.01,-0.000559909414017401,1.0,0.0025,ranging,0.3077795640252636,0.4448695070285953,0.24735092894614102,1
1790401500000,83960.0,83919.69,-0.00033925292145386976,1.0,0.0025,ranging,0.30429058637196055,0.42956079783283807,0.2661486157952014,1
1790402400000,83919.69,83893.18,0.001396299436974724,1.0,0.0025,ranging,0.30603222806565966,0.442312553004159,0.25165521893018133,1
1790403300000,83893.19,83936.0,0.0009296368661837473,1.0,0.0025,ranging,0.3085423112712669,0.4467127698402812,0.24474491888845185,1
1790404200000,83935.99,83913.0,0.0014897572485788046,1.0,0.0025,ranging,0.3004199677597929,0.45053641075324014,0.2490436214869669,1
1790405100000,83913.0,83891.22,0.0026889583915932214,2.0,0.0025,ranging,0.2940614097632082,0.45818194948061514,0.24775664075617657,1
1790406000000,83891.23,84010.32,0.0008303741730777414,1.0,0.0025,ranging,0.2945210857102897,0.4503350316506374,0.25514388263907295,1
1790406900000,84010.32,84014.03,0.001032446604454007,1.0,0.0025,ranging,0.2970224232128407,0.4609865888056159,0.24199098798154348,1
1790407800000,84014.04,84038.01,0.003035412190269815,2.0,0.0025,ranging,0.2964507046021067,0.45279815945857166,0.2507511359393215,1
1790408700000,84038.01,84116.8,0.00122698438361879,1.0,0.0025,ranging,0.30613647316733267,0.41458887571924896,0.2792746511134184,1
1790409600000,84116.79,84080.08,-0.0007277585844353007,1.0,0.0025,ranging,0.30795000784905735,0.4128538758729301,0.27919611627801244,1
1790410500000,84080.08,84100.77,-0.000827459724804025,1.0,0.0025,ranging,0.300757534446835,0.42011560522652136,0.27912686032664363,1
1790411400000,84100.77,84293.1,-0.003251867590585711,0.0,0.0025,ranging,0.3093955516636898,0.4208058995308436,0.2697985488054665,1
1790412300000,84293.1,84220.01,-0.0023516976547497404,1.0,0.0025,ranging,0.34071032313161853,0.4002724986867307,0.2590171781816507,1
1790413200000,84220.01,84018.89,0.001123556857273389,1.0,0.0025,ranging,0.3360405900688113,0.38078057214635774,0.28317883778483094,1
1790414100000,84018.89,84031.18,0.0013372417238459722,1.0,0.0025,ranging,0.2940753387434435,0.4040583485810486,0.3018663126755078,1
1790415000000,84031.18,84018.99,0.0015354862037735284,1.0,0.0025,ranging,0.2902124169256052,0.41879346832010006,0.2909941147542948,1
1790415900000,84019.0,84021.95,0.0018801039490277116,1.0,0.0025,ranging,0.3005822410302008,0.45221343006428444,0.24720432890551486,1
1790416800000,84021.96,84113.29,0.0006962038935822701,1.0,0.0025,ranging,0.2994958469588338,0.4352496946813744,0.26525445835979183,1
1790417700000,84113.3,84143.55,0.00023531215405103723,1.0,0.0025,ranging,0.32177281499663957,0.4248507071900451,0.25337647781331535,1
1790418600000,84143.55,84148.0,0.0003333412558825799,1.0,0.0025,ranging,0.31451841091460786,0.4380587485973892,0.24742284048800292,1
1790419500000,84148.01,84179.92,-4.6566924748803196e-05,1.0,0.0025,ranging,0.3125783841541543,0.42955924792188915,0.25786236792395656,1
1790420400000,84179.92,84171.85,-0.0002595879738892526,1.0,0.0025,ranging,0.32545205751003353,0.4153594356460763,0.2591885068438901,1
1790421300000,84171.85,84163.35,-0.000709216066138052,1.0,0.0025,low_liquidity,0.3227857868155351,0.41948140408028456,0.25773280910418034,1
1790422200000,84163.36,84176.05,-0.0014973380195436592,1.0,0.0025,ranging,0.3291521469812191,0.41454354357581114,0.25630430944296984,1
1790423100000,84176.05,84176.0,-0.0014742919597034998,1.0,0.0025,ranging,0.32212498533132766,0.4365652372450445,0.24130977742362783,1
1790424000000,84176.0,84150.0,-0.0016873440285205543,1.0,0.0025,ranging,0.3377490168456668,0.410679715865761,0.25157126728857204,1
1790424900000,84150.0,84103.66,-0.00204105267238075,1.0,0.0025,ranging,0.3253014531005548,0.4159049583621754,0.2587935885372697,1
1790425800000,84103.65,84050.01,-0.001400951647715476,1.0,0.0025,low_liquidity,0.32354122677196157,0.4183878467662403,0.2580709264617981,1
1790426700000,84050.0,84051.9,-0.0013420279612952335,1.0,0.0025,ranging,0.30880085066428425,0.44924335229328277,0.24195579704243303,1
1790427600000,84051.89,84008.01,-0.0005713740868281691,1.0,0.0025,ranging,0.31506697369472736,0.43452049171542256,0.2504125345898501,1
1790428500000,84008.0,83932.0,0.0005718915312395989,1.0,0.0025,ranging,0.31164772929420786,0.4225947748795043,0.2657574958262879,1
1790429400000,83932.0,83932.26,0.001065621252186011,1.0,0.0025,ranging,0.3214642069140375,0.4218915545012442,0.2566442385847182,1
1790430300000,83932.26,83939.1,0.0009637939887370273,1.0,0.0025,ranging,0.3186798759008351,0.4249427451667266,0.2563773789324383,1
1790431200000,83939.11,83960.01,0.0007147450315931891,1.0,0.0025,ranging,0.2961363706720491,0.4599844287237788,0.24387920060417215,1
1790432100000,83960.01,83980.0,0.0009346272922123866,1.0,0.0025,low_liquidity,0.29499397478838013,0.47958665185602023,0.22541937335559975,1
1790433000000,83980.01,84021.7,0.0013457237832608104,1.0,0.0025,ranging,0.298216033967872,0.466859189060397,0.23492477697173103,1
1790433900000,84021.69,84020.0,0.0016185432039990122,1.0,0.0025,ranging,0.2980163233936037,0.46860844162301685,0.2333752349833796,1
1790434800000,84020.01,84020.02,0.001377409812566066,1.0,0.0025,ranging,0.3021091290241146,0.4663953849576046,0.23149548601828077,1
1790435700000,84020.02,84058.49,0.0006391977776425417,1.0,0.0025,ranging,0.296977835431183,0.46560990048071665,0.23741226408810015,1
1790436600000,84058.5,84134.77,0.00020859390237837339,1.0,0.0025,ranging,0.2973556291650942,0.4355272851203518,0.26711708571455395,1
1790437500000,84134.77,84155.99,-0.00042765820947510136,1.0,0.0025,ranging,0.29128743500389376,0.4292984031436483,0.2794141618524578,1
1790438400000,84156.0,84135.75,-0.0005677729146053023,1.0,0.0025,ranging,0.28851840209698465,0.43768691760360834,0.273794680299407,1
1790439300000,84135.75,84112.22,-0.0004930318091711516,1.0,0.0025,ranging,0.29199954060494976,0.4493047827574775,0.2586956766375728,1
1790440200000,84112.22,84152.32,-0.0006012906120711481,1.0,0.0025,low_liquidity,0.29476963029144326,0.4453313689535824,0.25989900075497424,1
1790441100000,84152.32,84120.0,0.00014740846409888597,1.0,0.0025,ranging,0.29861424855685503,0.4552504765730127,0.2461352748701323,1
1790442000000,84120.0,84087.98,0.00015019982641995,1.0,0.0025,ranging,0.29656048880501595,0.45707756926814835,0.2463619419268358,1
1790442900000,84087.97,84070.75,-1.7604220254874292e-05,1.0,0.0025,ranging,0.2871057090865953,0.4606841099997339,0.2522101809136707,1
1790443800000,84070.74,84101.72,-0.00113743214764217,1.0,0.0025,ranging,0.28877919418942544,0.45612927136047837,0.2550915344500962,1
1790444700000,84101.73,84132.4,-0.0015893995654469029,1.0,0.0025,ranging,0.2886456897641424,0.45671704894609466,0.2546372612897629,1
1790445600000,84132.4,84100.61,-0.0009234177968507895,1.0,0.0025,ranging,0.28891883784638184,0.451527239578418,0.25955392257520016,1
1790446500000,84100.61,84069.27,-0.00035970337318269596,1.0,0.0025,ranging,0.2839524734823644,0.4589175455837718,0.25712998093386386,1
1790447400000,84069.26,84006.06,0.00012760984148041388,1.0,0.0025,ranging,0.2935729965589721,0.4544278017768373,0.25199920166419065,1
1790448300000,84006.06,83998.68,0.000213693834236528,1.0,0.0025,ranging,0.27593400259235534,0.463363607310571,0.2607023900970735,1
1790449200000,83998.68,84022.95,-5.879346059622925e-05,1.0,0.0025,ranging,0.278716666284331,0.45930167023511914,0.2619816634805498,1
1790450100000,84022.94,84039.03,0.0005213053982178195,1.0,0.0025,ranging,0.28160100245822206,0.4621533832378695,0.2562456143039084,1
1790451000000,84039.03,84016.78,-0.001508865252869751,1.0,0.0025,ranging,0.2870250557748136,0.45803901672782,0.2549359274973664,1
1790451900000,84016.79,84016.63,0.00016318197956755043,1.0,0.0025,ranging,0.3013486432197309,0.4536793853977775,0.2449719713824916,1
1790452800000,84016.63,84018.01,0.001190816111926507,1.0,0.0025,low_liquidity,0.3067449554302765,0.4445107065125746,0.2487443380571488,1
1790453700000,84018.0,84082.84,0.0016427846633153553,1.0,0.0025,low_liquidity,0.31405100170609607,0.439033780890626,0.24691521740327796,1
1790454600000,84082.83,83890.01,0.0032659431081247803,2.0,0.0025,ranging,0.32555721017172967,0.40059281917807243,0.273849970650198,1
1790455500000,83890.01,84030.34,0.0015281385271082026,1.0,0.0025,ranging,0.305954233019874,0.42032935699726054,0.27371640998286534,1
1790456400000,84030.35,84118.06,0.002700965761692542,2.0,0.0025,low_liquidity,0.30649607661535866,0.4323245751723328,0.26117934821230854,1
1790457300000,84118.05,84220.97,0.001698270632598975,1.0,0.0025,ranging,0.3289940893591357,0.41596772588748926,0.25503818475337503,1
1790458200000,84220.98,84163.99,0.001320279611268349,1.0,0.0025,ranging,0.32045566181704227,0.40768662722609106,0.27185771095686667,1
1790459100000,84164.0,84158.75,0.0013933191735855388,1.0,0.0025,ranging,0.3140375250899165,0.4056771631820086,0.28028531172807497,1
1790460000000,84158.74,84345.26,0.00013812275876579072,1.0,0.0025,ranging,0.3182203255771552,0.4142018468611606,0.2675778275616842,1
1790460900000,84345.26,84364.0,0.00024572092361663245,1.0,0.0025,ranging,0.3299101605572497,0.4048042434343166,0.2652855960084337,1
1790461800000,84363.99,84275.11,0.0008861453874102754,1.0,0.0025,ranging,0.33195546159039113,0.40003948972355147,0.2680050486860574,1
1790462700000,84275.11,84276.01,0.0018639942731035752,1.0,0.0025,ranging,0.31950634673950606,0.4078477134958823,0.27264593976461166,1
1790463600000,84276.01,84356.91,-0.00033832438860081915,1.0,0.0025,ranging,0.32779717203728626,0.4107679394756677,0.26143488848704605,1
1790464500000,84356.92,84384.73,-0.0014068896114262097,1.0,0.0025,ranging,0.3285592198131507,0.401343185191288,0.27009759499556124,1
1790465400000,84384.73,84349.79,8.417329788290573e-06,1.0,0.0025,ranging,0.3299095691415961,0.3917794602526171,0.27831097060578686,1
1790466300000,84349.78,84433.1,-0.0015052153716967887,1.0,0.0025,trending,0.29852590950082913,0.3996465877787134,0.30182750272045733,1
1790467200000,84433.11,84328.37,0.000754431752920226,1.0,0.0025,trending,0.2901112954974072,0.3977398040808273,0.31214890042176546,1
1790468100000,84328.37,84266.01,0.0007949824608997069,1.0,0.0025,trending,0.29935101851774154,0.40590755657808864,0.29474142490416966,1
1790469000000,84266.0,84350.5,0.0005985738080984682,1.0,0.0025,trending,0.2998109876392901,0.4123246643075211,0.2878643480531887,1
1790469900000,84350.5,84306.01,0.0022418330555555865,1.0,0.0025,low_liquidity,0.30287592715082773,0.43956257154321804,0.2575615013059541,1
1790470800000,84306.01,84391.99,0.001256280364996698,1.0,0.0025,low_liquidity,0.18214021939653055,0.6642392949635121,0.15362048563995725,2
1790471700000,84391.98,84333.0,0.0021700876288048843,1.0,0.0025,trending,0.16723613157687056,0.6324837078491575,0.20028016057397194,2
1790472600000,84332.99,84400.99,0.0009342307477671064,1.0,0.0025,trending,0.19759375889870756,0.6577189283464303,0.14468731275486227,2
1790473500000,84401.0,84495.01,-0.0005326941792183071,1.0,0.0025,trending,0.20628704908066695,0.5563122359349973,0.23740071498433588,2
1790474400000,84495.01,84498.01,-0.00010887830376116181,1.0,0.0025,trending,0.20846406791504032,0.5444899048786412,0.2470460272063185,2
1790475300000,84498.01,84516.01,-0.0015194754224672202,1.0,0.0025,trending,0.19674969943397963,0.5673046773165052,0.2359456232495151,2
1790476200000,84516.01,84479.84,-0.0009011617446244014,1.0,0.0025,trending,0.18149918575744592,0.5665737803913682,0.2519270338511859,2
1790477100000,84479.84,84450.0,-0.000566607460035562,1.0,0.0025,trending,0.1573824402425819,0.6562778774963068,0.18633968226111125,2
1790478000000,84450.01,84488.81,1.4084705418415666e-05,1.0,0.0025,trending,0.18715000310506813,0.5948097475095763,0.2180402493853556,2
1790478900000,84488.82,84387.59,0.0004551617127590557,1.0,0.0025,trending,0.193715675218202,0.5462891273636161,0.2599951974181819,2
1790479800000,84387.6,84403.71,-0.0010465179788897716,1.0,0.0025,trending,0.1584627946607813,0.6349799009060073,0.20655730443321133,2
1790480700000,84403.7,84402.15,-0.0008595752596348705,1.0,0.0025,trending,0.22721282147405591,0.6107833695906456,0.16200380893529848,2
1790481600000,84402.15,84490.0,-0.00116534501124399,1.0,0.0025,trending,0.26239219840262107,0.5345230310206553,0.2030847705767235,2
1790482500000,84490.01,84426.0,-0.0003214649515551615,1.0,0.0025,trending,0.26607323263010696,0.568017891583562,0.16590887578633112,2
1790483400000,84426.0,84315.38,0.002758927256213406,2.0,0.0025,trending,0.22736980519242284,0.5711441926549161,0.2014860021526612,2
1790484300000,84315.39,84329.6,0.0017604731909079963,1.0,0.0025,trending,0.20897340904546624,0.6163145905214444,0.1747120004330893,2
1790485200000,84329.61,84391.54,0.00254053901611484,2.0,0.0025,trending,0.21771072605865258,0.6045730878642297,0.1777161860771177,2
1790486100000,84391.55,84398.86,0.0023738472296901403,1.0,0.0025,low_liquidity,0.17934570229450889,0.7048999738571087,0.11575432384838258,2
1790487000000,84398.86,84548.0,-0.00023016511330853362,1.0,0.0025,trending,0.24097746402055542,0.5884964659102647,0.17052607006917989,2
1790487900000,84548.01,84478.06,0.00039809152814362925,1.0,0.0025,trending,0.18246394179209482,0.5601620705096308,0.25737398769827446,2
1790488800000,84478.06,84605.94,-0.0007702768859964015,1.0,0.0025,trending,0.23737823721552803,0.5306585640088336,0.23196319877563829,2
1790489700000,84605.95,84599.21,-0.0007637187155766778,1.0,0.0025,trending,0.26045939938017804,0.5233317602947849,0.21620884032503715,2
1790490600000,84599.21,84528.54,0.0011531016624681811,1.0,0.0025,trending,0.23232724660495016,0.5336673081584198,0.23400544523663,2
1790491500000,84528.54,84511.69,0.0033049865645806698,2.0,0.0025,trending,0.23391467400968216,0.5410111173726339,0.2250742086176839,2
1790492400000,84511.69,84540.77,0.003260202148620106,2.0,0.0025,trending,0.20117002584713947,0.6091600271996488,0.18966994695321177,2
1790493300000,84540.78,84534.6,0.0032579559139096492,2.0,0.0025,trending,0.21319352055310659,0.5977008387067068,0.18910564074018665,2
1790494200000,84534.6,84626.01,0.00145333568249284,1.0,0.0025,trending,0.23192107992340144,0.5607304411017109,0.20734847897488778,2
1790495100000,84626.0,84791.0,0.00010614334068481668,1.0,0.0025,trending,0.20664921466436825,0.5452044612883633,0.2481463240472685,2
1790496000000,84790.99,84816.39,-0.0018674456670462192,1.0,0.0025,trending,0.20336973627252014,0.5378992383370522,0.2587310253904277,2
1790496900000,84816.38,84810.01,-0.001290177892916189,1.0,0.0025,trending,0.19297312263249866,0.5253968822063866,0.28162999516111464,2
1790497800000,84810.01,84749.0,0.0006518071009689042,1.0,0.0025,trending,0.18534251477150687,0.4891931367158308,0.3254643485126623,2
1790498700000,84749.01,84800.0,0.0016982311320754562,1.0,0.0025,trending,0.21224641233008745,0.49046310000989346,0.29729048766001903,2
1790499600000,84800.0,84658.0,0.00442261806326627,2.0,0.0025,trending,0.21195739549267326,0.4134379390972754,0.37460466541005133,2
1790500500000,84658.0,84700.59,0.0027084817236811,2.0,0.0025,trending,0.23112338868984247,0.452532128866833,0.31634448244332447,2
1790501400000,84700.59,84804.24,0.0006340484862548124,1.0,0.0025,trending,0.2012997051764592,0.49676090539693896,0.3019393894266018,2
1790502300000,84804.24,84944.01,-0.0007182378133548939,1.0,0.0025,trending,0.21528195353987514,0.46094200691683607,0.3237760395432889,2
1790503200000,84944.01,85032.41,-0.0014393335435276544,1.0,0.0025,trending,0.2383880014416935,0.4336341106173489,0.3279778879409575,2
1790504100000,85032.4,84930.0,-0.00028788413987990147,1.0,0.0025,trending,0.21350195668756078,0.40590814415722465,0.3805898991552146,2
1790505000000,84930.01,84858.01,0.000640245982671539,1.0,0.0025,trending,0.22941982369957648,0.43559038858672827,0.3349897877136952,2
1790505900000,84858.0,84883.0,0.0001767138296242532,1.0,0.0025,trending,0.25464720893046383,0.4804560348197984,0.2648967562497378,2
1790506800000,84882.99,84910.02,0.0010930394316241987,1.0,0.0025,trending,0.2442779826024368,0.5112355204409491,0.24448649695661404,2
1790507700000,84910.01,84905.55,0.0007603743218198566,1.0,0.0025,trending,0.249469320400736,0.4967012494336054,0.2538294301656586,2
1790508600000,84905.55,84912.34,0.0009852513780683747,1.0,0.0025,trending,0.2340837357323624,0.542165800182499,0.2237504640851385,2
1790509500000,84912.33,84898.0,-0.0011306508987255492,1.0,0.0025,trending,0.2251263725540577,0.5724818750785572,0.2023917523673851,2
1790510400000,84898.0,85002.83,-0.004150920622289833,0.0,0.0025,trending,0.25902615933044626,0.5425194232842405,0.19845441738531322,2
1790511300000,85002.83,84970.11,-0.00029539799348277107,1.0,0.0025,trending,0.2501477930228084,0.5005112562134479,0.24934095076374366,2
1790512200000,84970.12,84996.0,-0.002318579697868195,1.0,0.0025,trending,0.26956143964035023,0.5180520970290629,0.21238646333058686,2
1790513100000,84996.01,84802.01,0.002693332386815017,2.0,0.0025,trending,0.2123305052096632,0.5298677703882667,0.2578017244020701,2
1790514000000,84802.01,84649.99,0.004096279278946069,2.0,0.0025,trending,0.2112646222644436,0.5263758946623229,0.2623594830732334,2
1790514900000,84649.99,84945.01,-0.002790158009281507,0.0,0.0025,trending,0.3087402319993446,0.37638983831243245,0.314869929688223,2
1790515800000,84945.0,84798.93,-0.0007655756977121841,1.0,0.0025,trending,0.27932709999359084,0.3609106765806983,0.3597622234257108,2
1790516700000,84798.94,85030.41,-0.005790751802796201,0.0,0.0025,trending,0.338444221800352,0.3203381239613325,0.34121765423831557,2
1790517600000,85030.41,84996.74,-0.0056757470933590515,0.0,0.0025,trending,0.2900882546901941,0.3667549476182173,0.3431567976915885,2
1790518500000,84996.74,84708.0,-0.000991641875619731,1.0,0.0025,trending,0.2189127990491254,0.35934859260118185,0.4217386083496928,2
1790519400000,84708.01,84734.01,-0.0035142913689556465,0.0,0.0025,trending,0.19574916891371263,0.36767860732148333,0.43657222376480403,2
1790520300000,84734.0,84538.02,-0.0008830346393257082,1.0,0.0025,trending,0.20113902782799917,0.410981563710863,0.3878794084611379,2
1790521200000,84538.01,84514.32,0.0005877110529908247,1.0,0.0025,trending,0.2584934805520027,0.39386723268375423,0.3476392867642431,2
1790522100000,84514.32,84624.0,-0.0005434628474192404,1.0,0.0025,trending,0.2501329651591575,0.44700444222953023,0.3028625926113122,2
1790523000000,84624.0,84436.23,-0.000523708839203274,1.0,0.0025,trending,0.22978162779825706,0.42955707832544493,0.34066129387629795,2
1790523900000,84436.23,84463.37,-0.00044244031465945355,1.0,0.0025,trending,0.31574302162072104,0.42383851716017307,0.26041846121910583,2
1790524800000,84463.38,84563.99,-0.0020574951584002577,1.0,0.0025,trending,0.2898127609750787,0.4241628427348632,0.2860243962900581,2
1790525700000,84563.99,84578.01,-0.001584454398962487,1.0,0.0025,ranging,0.32278299603828764,0.3863092266986166,0.29090777726309575,2
1790526600000,84578.0,84392.01,0.0010045974731494045,1.0,0.0025,ranging,0.29918098877543786,0.3916099433315257,0.3092090678930365,2
1790527500000,84392.01,84426.0,0.0017530144742141651,1.0,0.0025,ranging,0.32278685829460163,0.4038197551951839,0.27339338651021444,2
1790528400000,84426.0,84390.0,0.002541059367223708,2.0,0.0025,ranging,0.279674016511584,0.3659542714456934,0.35437171204272255,2
1790529300000,84390.0,84444.0,0.003505400028421146,2.0,0.0025,ranging,0.3318589496355541,0.3884136353628815,0.27972741500156434,2
1790530200000,84444.0,84476.79,0.0033289617183607234,2.0,0.0025,ranging,0.3091104968279967,0.4171578150529225,0.2737316881190808,2
1790531100000,84476.78,84574.0,0.0028953342634852053,2.0,0.0025,low_liquidity,0.26852361133648966,0.5271132959584657,0.20436309270504455,2
1790532000000,84574.0,84604.44,0.002263710982544298,1.0,0.0025,ranging,0.24949675298283722,0.5688591224882914,0.18164412452887138,2
1790532900000,84604.45,84740.01,-0.0004484304403551409,1.0,0.0025,ranging,0.2539118168907562,0.5524961018394734,0.19359208126977043,2
1790533800000,84740.01,84758.01,0.00015797916916637789,1.0,0.0025,ranging,0.2862154425655103,0.5443053531506011,0.1694792042838886,2
1790534700000,84758.0,84818.87,-0.0009769052570495207,1.0,0.0025,ranging,0.29940035555756217,0.45845300911063597,0.2421466353318018,2
1790535600000,84818.87,84795.96,0.00020083503978263195,1.0,0.0025,ranging,0.2800042383541388,0.4546538560803086,0.2653419055655525,2
1790536500000,84795.95,84702.01,-0.0009475572067297877,1.0,0.0025,ranging,0.2349216728244652,0.45888507437362386,0.306193252801911,2
1790537400000,84702.0,84771.4,-0.0015502870071745223,1.0,0.0025,ranging,0.24790883642022318,0.5029218496281157,0.2491693139516611,2
1790538300000,84771.41,84736.01,-0.002171567908378025,1.0,0.0025,ranging,0.19923374995323537,0.5021242109546799,0.2986420390920847,2
1790539200000,84736.02,84812.99,-0.0015443389037458344,1.0,0.0025,low_liquidity,0.25524384874464523,0.5636935996936654,0.1810625515616894,2
1790540100000,84813.0,84621.75,-0.00016827824997711627,1.0,0.0025,ranging,0.18042499234279705,0.41672248765521147,0.40285252000199145,2
1790541000000,84621.74,84639.98,-0.0010782138653623319,1.0,0.0025,ranging,0.18384022582972426,0.48652294255258927,0.3296368316176865,2
1790541900000,84639.98,84552.0,0.0016093055161321423,1.0,0.0025,ranging,0.18188763749680198,0.4847066665178925,0.33340569598530545,2
1790542800000,84552.01,84682.01,-0.004164875160615478,0.0,0.0025,ranging,0.19035553155567647,0.4730660033890333,0.3365784650552904,2
1790543700000,84682.01,84607.51,-0.0006129479522563042,1.0,0.0025,ranging,0.17975470514563444,0.47738736657486225,0.3428579282795033,2
1790544600000,84607.52,84548.72,-0.004309467961194469,0.0,0.0025,ranging,0.19923427893014192,0.4450021028152315,0.3557636182546266,2
1790545500000,84548.72,84688.07,-0.005819001424876014,0.0,0.0025,ranging,0.18404165520903734,0.4061898982582885,0.40976844653267414,2
1790546400000,84688.07,84329.32,-0.0012489131893866912,1.0,0.0025,ranging,0.22610356539782592,0.2955518365530894,0.4783445980490846,2
1790547300000,84329.32,84555.65,-0.0017461872742979834,1.0,0.0025,high_volatility,0.24025849243585917,0.29780896926712536,0.46193253829701547,2
1790548200000,84555.65,84184.36,0.0018562830435486788,1.0,0.0025,high_volatility,0.1787333230845641,0.2772484032448478,0.5440182736705881,2
1790549100000,84184.35,84195.27,0.003286764208963344,2.0,0.0025,high_volatility,0.18929135064359626,0.4376744224543046,0.37303422690209914,2
1790550000000,84195.27,84224.0,0.0024459773936169604,1.0,0.0025,high_volatility,0.1922702862531379,0.4388380932751112,0.36889162047175084,2
1790550900000,84224.0,84408.0,0.00455490000947778,2.0,0.0025,high_volatility,0.2287385697041101,0.4496448220031921,0.32161660829269784,2
1790551800000,84408.0,84340.63,-0.0004816184085891795,1.0,0.0025,high_volatility,0.20194068869374474,0.45531971615160105,0.34273959515465413,2
1790552700000,84340.63,84472.0,-0.003930296429586089,0.0,0.0025,high_volatility,0.27774840560227315,0.32190546561013444,0.40034612878759246,2
1790553600000,84472.01,84430.01,-0.00557124178950108,0.0,0.0025,high_volatility,0.2605256298122019,0.33205559082902675,0.40741877935877135,2
1790554500000,84430.01,84792.47,-0.00842610198759397,0.0,0.0025,high_volatility,0.3625783294779418,0.22646082277494925,0.41096084774710895,2
1790555400000,84792.48,84300.01,-0.0057482792706667896,0.0,0.0025,high_volatility,0.2778713719988626,0.20665921379893112,0.5154694142022063,2
1790556300000,84300.01,84140.0,-0.005295578797242739,0.0,0.0025,high_volatility,0.1958055747787618,0.2402321980841448,0.5639622271370934,2
1790557200000,84140.0,83959.63,-0.0025513452119787505,0.0,0.0025,high_volatility,0.17101576948432723,0.2608189411370036,0.5681652893786691,2
1790558100000,83959.63,84078.0,-0.005360855396179698,0.0,0.0025,high_volatility,0.20273318157597067,0.29996403646677927,0.49730278195725,2
1790559000000,84078.0,83815.43,-0.003845711941106611,0.0,0.0025,high_volatility,0.1647528780925509,0.29800747180553927,0.5372396501019099,2
1790559900000,83815.43,83694.43,-0.0032999806558212663,0.0,0.0025,high_volatility,0.18053647193656913,0.2931874815149798,0.526276046548451,2
1790560800000,83694.42,83745.42,-0.003670767905874728,0.0,0.0025,high_volatility,0.1785656593305362,0.26818102269606164,0.5532533179734022,2
1790561700000,83745.42,83627.27,-0.0035545821357078067,0.0,0.0025,high_volatility,0.20793253061932446,0.2975724183014246,0.49449505107925107,2
1790562600000,83627.27,83493.1,-0.0005758559689363896,1.0,0.0025,high_volatility,0.18096775283261446,0.29469437188475317,0.5243378752826324,2
1790563500000,83493.09,83418.24,-0.0009547072678589563,1.0,0.0025,high_volatility,0.18099931790727186,0.3085659362804444,0.5104347458122838,2
1790564400000,83418.91,83438.01,-8.96473921178087e-05,1.0,0.0025,high_volatility,0.18273444502624145,0.3413303634554664,0.47593519151829217,2
1790565300000,83438.0,83330.01,0.0018547939691835325,1.0,0.0025,high_volatility,0.1947752614830708,0.31170682599278343,0.49351791252414573,2
1790566200000,83330.0,83445.02,0.0006589967861472257,1.0,0.0025,high_volatility,0.20430455951864643,0.31148039491612345,0.4842150455652301,2
1790567100000,83445.03,83338.6,0.001819205026242443,1.0,0.0025,high_volatility,0.2282528593282606,0.3224990756689425,0.44924806500279685,2
1790568000000,83338.6,83430.53,-0.0011404698016420634,1.0,0.0025,high_volatility,0.28558572363594886,0.31847553143299284,0.39593874493105835,2
1790568900000,83430.52,83484.57,-0.005002002166388464,0.0,0.0025,high_volatility,0.25435704054192765,0.3476348640070227,0.3980080954510496,2
1790569800000,83484.58,83500.01,-0.004303592298970926,0.0,0.0025,high_volatility,0.24823440170647607,0.3789434080814803,0.37282219021204355,2
1790570700000,83500.0,83490.21,-0.003667495865683046,0.0,0.0025,high_volatility,0.3698667315411521,0.34596765252806827,0.2841656159307796,2
1790571600000,83490.2,83335.38,-0.0010563340564355705,1.0,0.0025,high_volatility,0.2716067868254516,0.3097382385215897,0.41865497465295864,2
1790572500000,83335.38,83066.98,-5.995161976513064e-05,1.0,0.0025,high_volatility,0.19836036329169557,0.2632633277618922,0.5383763089464123,2
1790573400000,83066.98,83140.66,0.0005567672905169019,1.0,0.0025,high_volatility,0.25200073842992016,0.2262360227758581,0.5217632387942218,2
1790574300000,83140.67,83184.01,-0.0002311742364908831,1.0,0.0025,high_volatility,0.2532293959799035,0.2585704746560018,0.4882001293640947,2
1790575200000,83184.0,83247.35,-0.001938199834589427,1.0,0.0025,high_volatility,0.27499124576464007,0.31198124205255046,0.41302751218280936,2
1790576100000,83247.34,83062.0,-0.0014445835640847227,1.0,0.0025,high_volatility,0.20508042707463853,0.22188743562362975,0.5730321373017317,2
1790577000000,83062.0,83186.95,-0.0029119952107871105,0.0,0.0025,trending,0.27303071626504444,0.277514569423545,0.44945471431141065,2
1790577900000,83186.94,83164.78,-0.0023900742598008673,1.0,0.0025,trending,0.3013950747721918,0.26370980633397684,0.43489511889383137,2
1790578800000,83164.78,83086.0,-0.0005529210697350351,1.0,0.0025,trending,0.31336045257891393,0.2110820843415833,0.47555746307950275,2
1790579700000,83086.01,82942.01,-0.0011815484095454298,1.0,0.0025,trending,0.24626727814614752,0.2398687745598755,0.513863947293977,2
1790580600000,82942.01,82944.71,-0.0002737968461159479,1.0,0.0025,trending,0.276694230657611,0.2665483552356299,0.45675741410675913,2
1790581500000,82944.71,82966.01,-4.8333046267945434e-05,1.0,0.0025,trending,0.22335564977608685,0.26257027351986145,0.5140740767040518,2
1790582400000,82966.0,83040.06,-0.0019382211429037621,1.0,0.0025,trending,0.2554699358684104,0.3403717870678943,0.40415827706369534,2
1790583300000,83040.06,82844.01,-0.0003138428475396582,1.0,0.0025,trending,0.22105453798405197,0.2652169407793577,0.5137285212365904,2
1790584200000,82844.01,82922.0,-0.0035694990472975308,0.0,0.0025,trending,0.2090852088162255,0.2864312968696312,0.5044834943141433,2
1790585100000,82922.0,82962.0,-0.003567778018852108,0.0,0.0025,trending,0.22674431155838243,0.29043981045821055,0.4828158779834069,2
1790586000000,82962.01,82879.11,-0.0014125392997101915,1.0,0.0025,trending,0.23740187245663094,0.21137495297495645,0.5512231745684125,2
1790586900000,82879.11,82818.01,-1.3040641763772953e-05,1.0,0.0025,trending,0.22110343189305384,0.22319474007917983,0.5557018280277664,2
1790587800000,82818.0,82626.01,0.003921162355534413,2.0,0.0025,trending,0.18354454597077238,0.21589222465640637,0.6005632293728213,2
1790588700000,82626.0,82666.01,0.003556358895270284,2.0,0.0025,trending,0.20501773237752566,0.2609850794154367,0.5339971882070377,2
1790589600000,82666.01,82762.04,0.0028028550287064746,2.0,0.0025,trending,0.2144664170537445,0.2890154402374414,0.49651814270881395,2
1790590500000,82762.03,82816.93,0.00246471343480148,1.0,0.0025,trending,0.21300836457561845,0.37325010904159533,0.41374152638278616,2
1790591400000,82816.94,82950.0,0.0014464135021097224,1.0,0.0025,trending,0.23621828349291235,0.3849131921568637,0.378868524350224,2
1790592300000,82950.0,82960.0,0.0014770973963356138,1.0,0.0025,trending,0.2541865825612591,0.35015126758383586,0.39566214985490505,2
1790593200000,82960.01,82994.01,0.004697808914161383,2.0,0.0025,trending,0.24677591023365492,0.37513633148895054,0.37808775827739466,2
1790594100000,82994.01,83021.05,0.004199537346251336,2.0,0.0025,trending,0.26012764667218685,0.36969314610725684,0.3701792072205563,2
1790595000000,83021.05,83069.98,0.003261467018530695,2.0,0.0025,trending,0.24836314064735007,0.3876273973631335,0.3640094619895165,2
1790595900000,83069.98,83082.54,0.005984530564424384,2.0,0.0025,trending,0.21534718295551797,0.39887785806520015,0.3857749589792819,2
1790596800000,83082.53,83383.9,0.00026743771879234046,1.0,0.0025,trending,0.31804184715407646,0.33351775290847435,0.3484403999374492,2
1790597700000,83383.9,83369.7,0.0023722047698384596,1.0,0.0025,trending,0.33049873085297643,0.2927467652763552,0.37675450387066833,2
1790598600000,83369.7,83340.91,0.004808082849107276,2.0,0.0025,trending,0.32549198922640826,0.3057798710627584,0.3687281397108333,2
1790599500000,83340.92,83579.75,0.0007446779871920217,1.0,0.0025,trending,0.3875649024632394,0.27435942802523106,0.33807566951152956,2
1790600400000,83579.75,83406.2,-5.455229946937923e-05,1.0,0.0025,trending,0.29677698065336006,0.320211824298276,0.383011195048364,2
1790601300000,83406.19,83567.47,-0.003870764545103489,0.0,0.0025,trending,0.35328432677401345,0.2981457592473003,0.34856991397868625,2
1790602200000,83567.48,83741.62,-0.009473067275268754,0.0,0.0025,trending,0.36342509660710687,0.25699650256984485,0.3795784008230482,2
1790603100000,83741.62,83641.99,-0.007436336701219126,0.0,0.0025,high_volatility,0.32989410659654556,0.2571848687991867,0.41292102460426766,2
1790604000000,83641.99,83401.65,-0.005333107918128688,0.0,0.0025,high_volatility,0.23712995072107854,0.2573286951413458,0.5055413541375756,2
1790604900000,83401.65,83244.0,-0.002114266493681183,1.0,0.0025,high_volatility,0.18024928570829107,0.1967941156565853,0.6229565986351235,2
1790605800000,83244.0,82948.33,0.0031706485230023063,2.0,0.0025,high_volatility,0.16390187889000807,0.15664188498316442,0.6794562361268276,2
1790606700000,82948.33,83020.0,0.004215851602023646,2.0,0.0025,high_volatility,0.1816984177248376,0.15511500313177884,0.6631865791433835,2
1790607600000,83020.01,82956.86,0.005594112409751162,2.0,0.0025,high_volatility,0.18539060828402112,0.18349170482481014,0.6311176868911686,2
1790608500000,82956.87,83068.0,0.01136430394375676,2.0,0.0025,high_volatility,0.2457137205739248,0.17769426446882536,0.5765920149572499,2
1790609400000,83068.0,83211.33,0.006161060038338606,2.0,0.0025,high_volatility,0.25394690414111604,0.18421758812124403,0.5618355077376399,2
1790610300000,83211.33,83370.0,0.004235336451961169,2.0,0.0025,high_volatility,0.35024129998563874,0.2190266229851705,0.4307320770291907,2
1790611200000,83370.0,83420.93,0.009938273284654242,2.0,0.0025,high_volatility,0.38372185760047806,0.2014600587166918,0.4148180836828302,2
1790612100000,83420.92,84012.01,-0.0012736274254121493,1.0,0.0025,high_volatility,0.4923266172590876,0.1885789463856606,0.3190944363552517,2
1790613000000,84012.01,83724.0,0.0034755864507189926,2.0,0.0025,high_volatility,0.3906282247654148,0.2543016801846277,0.3550700950499575,2
1790613900000,83724.0,83723.1,0.0018779763291134621,1.0,0.0025,high_volatility,0.4336071211021637,0.2537024554334445,0.31269042346439185,2
1790614800000,83723.1,84249.99,-0.0032978045457335847,0.0,0.002520985038708015,high_volatility,0.5402454653548994,0.1910628043585653,0.2686917302865353,2
1790615700000,84249.99,83905.01,0.00039747328556427597,1.0,0.002606594337978916,high_volatility,0.4429352611378713,0.246413289275897,0.3106514495862317,2
1790616600000,83905.01,84014.99,-0.0017318338072764838,1.0,0.0025060053585359613,high_volatility,0.4581584751838704,0.3098588068784812,0.23198271793764852,2
1790617500000,84014.98,83880.33,0.0019177320833143607,1.0,0.0025,high_volatility,0.3238384017495287,0.3856753584214331,0.2904862398290382,2
1790618400000,83880.34,83972.15,-0.002912394168780974,0.0,0.0025,high_volatility,0.43755263601756383,0.32145360860342675,0.24099375537900938,2
1790619300000,83972.15,83938.36,-0.0035783401057633,0.0,0.0025,high_volatility,0.41026883655645047,0.34671518019610004,0.24301598324744955,2
1790620200000,83938.35,83869.49,-0.006545407632739919,0.0,0.0025,high_volatility,0.3979861664157579,0.33951772956402426,0.2624961040202177,2
1790621100000,83869.49,84041.19,-0.007753935897385711,0.0,0.0025,high_volatility,0.43449436527333557,0.23661176254262617,0.3288938721840383,2
1790622000000,84041.19,83727.59,-0.0018758452261673497,1.0,0.0025,high_volatility,0.28559151160424234,0.28860943139075745,0.4257990570050002,2
1790622900000,83727.59,83638.0,-0.0017456180205169813,1.0,0.0025,high_volatility,0.30973544383950724,0.3814652888391587,0.30879926732133406,2
1790623800000,83638.01,83320.53,0.002154090954534116,1.0,0.0025,high_volatility,0.2633165258844286,0.236274176848615,0.5004092972669564,2
1790624700000,83320.53,83389.54,0.0019002383272530565,1.0,0.0025,high_volatility,0.3050598902390593,0.3974544436075871,0.29748566615335365,2
1790625600000,83389.53,83570.53,0.0001851131014725116,1.0,0.0025,high_volatility,0.3704941068554551,0.30516125762673996,0.324344635517805,2
1790626500000,83570.53,83492.0,-0.0002837397594979141,1.0,0.0025,low_liquidity,0.3711462036662877,0.38940359454110196,0.23945020179261026,2
1790627400000,83492.01,83500.01,-0.0008667064830291116,1.0,0.0025,low_liquidity,0.3538224675198571,0.42229965157151683,0.2238778809086261,2
1790628300000,83500.0,83548.0,-0.003949705558481398,0.0,0.0025,low_liquidity,0.36543733704328435,0.3978127186638185,0.2367499442928972,2
1790629200000,83548.01,83586.0,-0.004833584571579008,0.0,0.0025,low_liquidity,0.4081186017969601,0.37278169352753426,0.2190997046755056,2
1790630100000,83586.01,83468.31,-0.0027832119758983698,0.0,0.0025,low_liquidity,0.32489605907841257,0.4160938178500511,0.2590101230715363,2
1790631000000,83468.32,83427.64,0.0007311725466523367,1.0,0.0025,low_liquidity,0.32467402422693564,0.4317113205974489,0.2436146551756155,2
1790631900000,83427.64,83218.01,0.003917421240906771,2.0,0.0025,ranging,0.25520790398391463,0.3658934480628782,0.37889864795320716,2
1790632800000,83218.01,83181.98,0.003282201265226048,2.0,0.0025,ranging,0.27334769328454017,0.3563070403366015,0.3703452663788583,2
1790633700000,83181.98,83236.0,0.004252967466000346,2.0,0.0025,low_liquidity,0.2934151351498061,0.38931822566043883,0.31726663918975506,2
1790634600000,83236.01,83488.64,0.001367970540662844,1.0,0.0025,low_liquidity,0.3385341888855399,0.4031419618954123,0.2583238492190479,2
1790635500000,83488.63,83544.01,-0.0005266685187842457,1.0,0.0025,ranging,0.32678655121499167,0.4364411159996122,0.23677233278539614,2
1790636400000,83544.01,83455.0,0.0008465640165358224,1.0,0.0025,ranging,0.3118580694775334,0.3748461701651856,0.31329576035728096,2
1790637300000,83455.01,83590.0,-0.0004900107668381892,1.0,0.0025,ranging,0.3308651201461556,0.38343618648970246,0.28569869336414194,2
1790638200000,83590.01,83602.85,-0.0008474591476248516,1.0,0.0025,low_liquidity,0.3201727303818095,0.4685092924112385,0.21131797720695195,2
1790639100000,83602.84,83500.01,-0.0037643109264297037,0.0,0.0025,ranging,0.32974074078823096,0.37672398282070546,0.2935352763910636,2
1790640000000,83500.01,83525.65,-0.0058656233145146786,0.0,0.0025,ranging,0.3414432236386769,0.38490648318207654,0.2736502931792465,2
1790640900000,83525.66,83549.04,-0.00863337268746589,0.0,0.0025,ranging,0.39491958332406263,0.3449319000185539,0.26014851665738353,2
1790641800000,83549.05,83532.0,-0.006745319159124574,0.0,0.0025,ranging,0.3729341511790829,0.31940617723221043,0.3076596715887066,2
1790642700000,83532.0,83185.69,-0.001414786605725138,1.0,0.0025,ranging,0.2613759994190859,0.2655603431053274,0.4730636574755866,2
1790643600000,83185.69,83035.72,-0.00018811181501154906,1.0,0.0025,ranging,0.2817162658279034,0.2509625348947652,0.4673211992773313,2
1790644500000,83035.72,82827.73,0.001785150939184188,1.0,0.0025,ranging,0.25151354903447715,0.2815692919399539,0.4669171590255689,2
1790645400000,82827.73,82968.55,0.0007924689535974139,1.0,0.0025,ranging,0.29854349905646316,0.2672990465914617,0.4341574543520752,2
1790646300000,82968.54,83068.0,-0.001211056002311417,1.0,0.0025,ranging,0.31722178973187576,0.20954671445670497,0.4732314958114192,2
1790647200000,83068.01,83020.1,-0.0015016845318183147,1.0,0.0025,ranging,0.3189619286635779,0.21641960917901049,0.4646184621574115,2
1790648100000,83020.1,82975.59,0.0028251682211599682,2.0,0.0025,ranging,0.345277022636952,0.2748987234168124,0.37982425394623565,2
1790649000000,82975.59,83034.3,0.0010699192984102712,1.0,0.0025,ranging,0.3521165336624888,0.29149559391167684,0.3563878724258344,2
1790649900000,83034.3,82967.4,0.0012365097616655607,1.0,0.0025,ranging,0.35819858845955066,0.31419397901190765,0.32760743252854174,2
1790650800000,82967.41,82895.43,0.00280582415701347,2.0,0.0025,ranging,0.34118786682498564,0.3672797022021808,0.29153243097283355,2
1790651700000,82895.43,83210.01,0.0001921643802229589,1.0,0.0025,ranging,0.3631385519522374,0.3076948099534831,0.32916663809427954,2
1790652600000,83210.0,83123.14,0.0004895147127503829,1.0,0.0025,ranging,0.2951831053400188,0.38749332473382975,0.31732356992615146,2
1790653500000,83123.14,83069.99,0.0017213195764196332,1.0,0.0025,ranging,0.3367271068534869,0.3645029320719669,0.2987699610745463,2
1790654400000,83070.0,83128.02,0.0015876716418843362,1.0,0.0025,ranging,0.29641374123752445,0.392449424175395,0.31113683458708047,2
1790655300000,83128.02,83226.0,0.0010815129887293828,1.0,0.0025,ranging,0.3567530621425141,0.42351204511845236,0.21973489273903354,2
1790656200000,83226.01,83163.83,0.0016134418051692023,1.0,0.0025,ranging,0.3311436965321697,0.4029758524504955,0.2658804510173348,2
1790657100000,83163.84,83212.98,0.002620264290499108,2.0,0.0025,ranging,0.39344213110477355,0.32296059529489857,0.28359727360032777,2
1790658000000,83212.98,83260.0,0.007601369204900399,2.0,0.0025,ranging,0.33476777701987975,0.4165044577697345,0.24872776521038575,2
1790658900000,83260.0,83316.01,0.0067924520149247325,2.0,0.0025,ranging,0.35446959401699657,0.4139067620152486,0.23162364396775492,2
1790659800000,83316.01,83298.01,0.007225862898765589,2.0,0.0025,ranging,0.35845889722433943,0.3889604958514362,0.25258060692422435,2
1790660700000,83298.01,83431.02,0.006904386402083906,2.0,0.0025,ranging,0.5160432076368054,0.2945598617722234,0.18939693059097118,2
1790661600000,83431.01,83892.89,0.00112655554004637,1.0,0.0025,ranging,0.5835253096492878,0.23734529933624024,0.17912939101447198,2
1790662500000,83892.88,83881.93,0.001362510376192061,1.0,0.0025,ranging,0.5952436545943876,0.24813092123681682,0.15662542416879552,2
1790663400000,83881.93,83899.91,0.0014032196220472581,1.0,0.0025,ranging,0.5818891574595156,0.26510768112698174,0.15300316141350273,2
1790664300000,83899.91,84007.06,-0.00031056913549876164,1.0,0.0025,ranging,0.5436110502620949,0.29304471873977705,0.16334423099812817,2
1790665200000,84007.07,83987.4,0.0006828405213163968,1.0,0.0025,ranging,0.48694603841465456,0.3314430359595493,0.18161092562579625,2
1790666100000,83987.39,83996.22,0.0020323533606629862,1.0,0.0025,ranging,0.48642008980793383,0.32573448819334033,0.18784542199872578,2
1790667000000,83996.21,84017.64,-0.0019237626765046256,1.0,0.0025,ranging,0.479349931185281,0.29523133986298356,0.2254187289517355,2
1790667900000,84017.64,83980.97,-0.0012736218693354395,1.0,0.0025,ranging,0.36944226296834337,0.3495075872680476,0.2810501497636089,2
1790668800000,83980.97,84044.75,-0.00312631068567637,0.0,0.0025,ranging,0.3877886478701313,0.3399415538428148,0.272269798287054,2
1790669700000,84044.76,84166.93,-0.0037708396872737637,0.0,0.0025,trending,0.4925086514469155,0.2657937004107823,0.24169764814230218,2
1790670600000,84166.93,83856.01,0.001717110079528128,1.0,0.0025,trending,0.3899697227364274,0.32037459901895154,0.2896556782446211,2
1790671500000,83856.01,83874.01,0.004578295469597871,2.0,0.0025,trending,0.34524629936800794,0.41185218723798217,0.24290151339400995,2
1790672400000,83874.01,83782.0,0.005090830966078652,2.0,0.0025,trending,0.3071351353547555,0.38849653418846397,0.3043683304567805,2
1790673300000,83782.01,83849.55,0.0035832034876752683,2.0,0.0025,trending,0.3905783538571042,0.3239208659998362,0.28550078014305963,2
1790674200000,83849.54,84000.0,0.00021440476190459634,1.0,0.0025,trending,0.42398446606772877,0.3353671579350629,0.24064837599720826,2
1790675100000,84000.0,84258.01,-0.0027002773979588612,0.0,0.0025,trending,0.5300733836448407,0.2570040668461961,0.2129225495089633,2
1790676000000,84258.01,84208.52,-0.0021177192046600846,1.0,0.0025,trending,0.4597201988645371,0.2974813638988424,0.24279843723662053,2
1790676900000,84208.51,84150.0,-0.0009708853238264981,1.0,0.0025,trending,0.42760596034130105,0.3230087917021321,0.24938524795656686,2
1790677800000,84150.01,84018.01,0.0029099713263858185,2.0,0.0025,trending,0.36273629005232594,0.35020793115104687,0.2870557787966272,2
1790678700000,84018.0,84030.49,0.003897632871115997,2.0,0.0025,trending,0.3810618645432545,0.4081406826017224,0.21079745285502305,2
1790679600000,84030.5,84030.19,0.003537419110917206,2.0,0.0025,trending,0.4225704063952603,0.3579979286077216,0.21943166499701808,2
1790680500000,84030.2,84068.3,0.001613331065336121,1.0,0.0025,trending,0.4042909272472112,0.37764158368338246,0.21806748906940632,2
1790681400000,84068.29,84262.5,0.001083281412253445,1.0,0.0025,trending,0.49015250261143367,0.3219080560149389,0.1879394413736275,2
1790682300000,84262.5,84358.01,-0.00029825264962968223,1.0,0.0025,trending,0.5611514084185225,0.24460834600650502,0.19424024557497246,2
1790683200000,84358.0,84327.44,0.0009791593341383908,1.0,0.0025,trending,0.5223768532853904,0.2781141810531117,0.19950896566149792,2
1790684100000,84327.45,84203.93,0.0018753281467980276,1.0,0.0025,trending,0.4863185331366576,0.3008767478351662,0.21280471902817627,2
1790685000000,84203.93,84353.78,-0.0019177563827015298,1.0,0.0025,trending,0.5033785868055379,0.29571588622768435,0.20090552696677771,2
1790685900000,84353.78,84332.85,-0.001575186893363778,1.0,0.0025,trending,0.5181199609318672,0.2835482125891654,0.19833182647896735,2
1790686800000,84332.85,84410.01,-0.005742328427635446,0.0,0.0025,trending,0.5454472124433994,0.2605490744201546,0.1940037131364459,2
1790687700000,84410.0,84361.84,-0.004974761100516423,0.0,0.0025,trending,0.5047125911219126,0.27151065959998055,0.22377674927810676,2
1790688600000,84361.84,84192.01,-0.0035770615287601393,0.0,0.0025,trending,0.5026258144659864,0.2467824731288247,0.25059171240518885,2
1790689500000,84192.01,84200.01,-0.005320664451227475,0.0,0.0025,trending,0.4507272076659103,0.29238432616329435,0.25688846617079547,2
1790690400000,84200.01,83925.3,-0.005891906254728907,0.0,0.0025,trending,0.3937827745144341,0.2772402194418355,0.3289770060437303,2
1790691300000,83925.31,83942.16,-0.011288963734076063,0.0,0.0025,ranging,0.40591360617551153,0.2789661462906066,0.31512024753388185,2
1790692200000,83942.17,83890.85,-0.008478517025396703,0.0,0.0025,ranging,0.3659722034710737,0.25190908322578875,0.3821187133031375,2
1790693100000,83890.85,83752.01,-0.008167087571987808,0.0,0.0025,ranging,0.32507605646993176,0.23202933598687864,0.44289460754318954,2
1790694000000,83752.0,83430.82,-0.004804219831472389,0.0,0.0025,ranging,0.3326601442971135,0.23333044099165481,0.43400941471123156,2
1790694900000,83430.83,82994.54,0.003174425691135907,2.0,0.0025,trending,0.20076225433040462,0.19349153310695888,0.6057462125626365,2
1790695800000,82994.53,83179.58,-0.001629847133154616,1.0,0.0025,trending,0.2534568620934474,0.2968078635809127,0.4497352743256398,2
1790696700000,83179.58,83068.0,-8.101796118842319e-05,1.0,0.0025,trending,0.2375806055934627,0.24401764459818562,0.5184017498083517,2
1790697600000,83068.0,83030.0,0.0016436227869445208,1.0,0.0025,trending,0.260750024564596,0.3046039629047918,0.43464601253061225,2
1790698500000,83030.01,83258.0,-0.0009608686252372545,1.0,0.0025,trending,0.30867936297893067,0.29326671482933253,0.39805392219173685,2
1790699400000,83258.01,83044.01,0.0010596790785994958,1.0,0.0025,trending,0.2401264003298564,0.3531037515718639,0.4067698480982797,2
1790700300000,83044.01,83061.27,0.00020153797311306398,1.0,0.0025,trending,0.3276628522682527,0.45357472170906327,0.21876242602268406,2
1790701200000,83061.28,83166.47,0.0031447769756247634,2.0,0.0025,trending,0.3055585853850063,0.48729916398872275,0.20714225062627095,2
1790702100000,83166.48,83178.0,0.0030013945995335245,2.0,0.0025,trending,0.2924479688970967,0.49911712532250274,0.20843490578040053,2
1790703000000,83178.01,83132.01,0.006014530383663175,2.0,0.0025,trending,0.276180871430924,0.4821042223628664,0.2417149062062096,2
1790703900000,83132.01,83078.01,0.006764605940850155,2.0,0.0025,low_liquidity,0.33569277789279034,0.4706899413128239,0.19361728079438595,2
1790704800000,83078.01,83428.01,0.0020602193435994565,1.0,0.0025,trending,0.4442297266598817,0.3674592107827628,0.18831106255735552,2
1790705700000,83428.0,83427.65,0.0014424474379897134,1.0,0.0025,low_liquidity,0.38980484765363876,0.4365519292598815,0.17364322308647978,2
1790706600000,83427.66,83632.01,-0.002343719826893964,1.0,0.0025,ranging,0.4785822086599977,0.33524524400367867,0.1861725473363237,2
1790707500000,83632.0,83640.0,-0.0005498565279771217,1.0,0.0025,low_liquidity,0.38290680238290925,0.4786521608452425,0.13844103677184813,2
1790708400000,83640.0,83599.89,-0.0007434220308183415,1.0,0.0025,low_liquidity,0.38049392875615556,0.4774263951956824,0.14207967604816193,2
1790709300000,83599.89,83547.99,0.0009845838302033894,1.0,0.0025,ranging,0.41477872075348377,0.4299700396126311,0.15525123963388518,2
1790710200000,83547.99,83436.0,0.0024682391293926464,1.0,0.0025,low_liquidity,0.38757189827191185,0.4632725015041549,0.1491556002239333,2
1790711100000,83436.0,83594.01,0.000267722531793968,1.0,0.0025,ranging,0.4392600757875746,0.3081530944318706,0.25258682978055497,2
1790712000000,83594.01,83537.74,0.0002524607440899107,1.0,0.0025,ranging,0.3353596944504881,0.4266549059032412,0.23798539964627075,2
1790712900000,83537.74,83630.25,-0.0024900081011357544,1.0,0.0025,low_liquidity,0.32117121549941047,0.4690292016671981,0.2097995828333914,2
1790713800000,83630.26,83641.94,-0.0016201202411135762,1.0,0.0025,low_liquidity,0.2974981938897965,0.5028397258905244,0.19966208021967904,2
1790714700000,83641.94,83616.39,-0.0013442340670291042,1.0,0.0025,low_liquidity,0.2839165300884622,0.5550556621539777,0.16102780775756007,2
1790715600000,83616.38,83558.83,0.0011917352121852964,1.0,0.0025,ranging,0.3148911027662959,0.43380375117419706,0.25130514605950705,2
1790716500000,83558.84,83422.01,0.002109754967543953,1.0,0.0025,ranging,0.26146649535325056,0.40581739912473475,0.3327161055220148,2
1790717400000,83422.01,83506.43,0.0011926027732236388,1.0,0.0025,ranging,0.283845490450467,0.4546102576535059,0.2615442518960272,2
1790718300000,83506.43,83503.99,0.0012935908811062546,1.0,0.0025,ranging,0.24829707839296522,0.4957729979942803,0.2559299236127545,2
1790719200000,83503.99,83658.41,0.0022414961030217118,1.0,0.0025,ranging,0.29382939239729966,0.4713461894624285,0.2348244181402717,2
1790720100000,83658.4,83598.01,0.0019261224041098313,1.0,0.0025,ranging,0.26814536469228883,0.49304277648192185,0.23881185882578937,2
1790721000000,83598.01,83606.02,0.0006456472871212426,1.0,0.0025,ranging,0.21131074543083264,0.5443768734015971,0.24431238116757018,2
1790721900000,83606.02,83612.01,0.0006177342226314497,1.0,0.0025,ranging,0.23312211621255716,0.5540561820959216,0.21282170169152143,2
1790722800000,83612.0,83845.93,-0.0037794321083921556,0.0,0.0025,ranging,0.34079264781725477,0.4379092088813358,0.2212981433014095,2
1790723700000,83845.93,83759.03,-0.002161199813321635,1.0,0.0025,ranging,0.3258650409056482,0.4083254515572879,0.26580950753706384,2
1790724600000,83759.04,83660.0,-0.002030958642122882,1.0,0.0025,ranging,0.265997029575889,0.4251485662575923,0.3088544041665187,2
1790725500000,83660.01,83663.66,-0.0025136361474026314,0.0,0.0025,low_liquidity,0.1904199769907282,0.4991086150097894,0.31047140799948225,2
1790726400000,83663.66,83529.04,-0.0012168223171247217,1.0,0.0025,ranging,0.21238901236910307,0.38868177418071054,0.39892921345018645,2
1790727300000,83529.03,83578.01,-0.001780611909759422,1.0,0.0025,ranging,0.2801656070248768,0.33613697911637147,0.3836974138587517,2
1790728200000,83578.0,83490.09,-0.0006716964851757323,1.0,0.0025,ranging,0.24023241551039642,0.3542374427228643,0.40553014176673935,2
1790729100000,83490.09,83453.36,-6.410766444886473e-05,1.0,0.0025,ranging,0.24213600395649768,0.35772225626700427,0.40014173977649814,2
1790730000000,83453.36,83427.4,0.0007025269875364781,1.0,0.0025,ranging,0.24483102619309982,0.3551662066812539,0.4000027671256462,2
1790730900000,83427.4,83429.19,-0.00011003343074533767,1.0,0.0025,low_liquidity,0.22078795800643175,0.37723552554024264,0.4019765164533256,2
1790731800000,83429.19,83434.01,-0.0005697916233439182,1.0,0.0025,ranging,0.22809779846783054,0.34490287945561915,0.4269993220765503,2
1790732700000,83434.0,83448.01,-0.0007589156410081621,1.0,0.0025,ranging,0.2228574885996679,0.4292373678925587,0.3479051435077734,2
1790733600000,83448.01,83486.01,-0.0018447402145580494,1.0,0.0025,ranging,0.2275374419922415,0.396801073141782,0.3756614848659766,2
1790734500000,83486.0,83420.01,-0.0011822103593609468,1.0,0.0025,ranging,0.2167578846502083,0.39742853431105873,0.38581358103873303,2
1790735400000,83420.01,83386.47,-0.0002934528827038818,1.0,0.0025,ranging,0.21619817589217222,0.399750760809652,0.38405106329817584,2
1790736300000,83386.47,83384.68,-0.0010077390714936518,1.0,0.0025,ranging,0.20142774506747574,0.4350549302460841,0.36351732468644016,2
1790737200000,83384.68,83332.0,0.00044496711947394907,1.0,0.0025,ranging,0.1763719690018328,0.463999531871912,0.35962849912625516,2
1790738100000,83332.0,83321.39,0.0005835236306066527,1.0,0.0025,ranging,0.19216333331842134,0.3911037544592458,0.416732912222333,2
1790739000000,83321.39,83362.0,-0.0005472517453994907,1.0,0.0025,ranging,0.2082791231744503,0.4422283276125831,0.3494925492129666,2
1790739900000,83362.0,83300.65,-0.0010881067554694424,1.0,0.0025,ranging,0.19691360710629213,0.4372013990546308,0.3658849938390771,2
1790740800000,83300.65,83369.08,-0.001620145022591224,1.0,0.0025,ranging,0.22945349661917994,0.4153969239521022,0.3551495794287179,2
1790741700000,83369.09,83370.01,0.00016744630353304757,1.0,0.0025,ranging,0.23063178712563837,0.45626840529566365,0.313099807578698,2
1790742600000,83370.01,83316.38,0.0018774219427200034,1.0,0.0025,ranging,0.2097247208283806,0.45632812552153756,0.3339471536500818,2
1790743500000,83316.39,83210.01,0.00209097439118211,1.0,0.0025,ranging,0.18528781155193194,0.4356633630288766,0.37904882541919144,2
1790744400000,83210.01,83234.01,-0.0012735178804913483,1.0,0.0025,ranging,0.16297653658155112,0.4755853057223142,0.36143815769613463,2
1790745300000,83234.02,83383.97,-0.002685528165665474,0.0,0.0025,ranging,0.2308649552274304,0.3579699259385806,0.411165118833989,2
1790746200000,83383.96,83472.8,-0.004394245790245499,0.0,0.0025,ranging,0.2442465801597762,0.37974197007971083,0.376011449760513,2
1790747100000,83472.8,83384.0,-0.004087834596565254,0.0,0.0025,ranging,0.24053309845603354,0.36017855666763743,0.399288344876329,2
1790748000000,83384.01,83128.01,-0.0013470790411077571,1.0,0.0025,ranging,0.22485330232196626,0.3083799969600871,0.46676670071794657,2
1790748900000,83128.0,83160.04,0.0017793401734775838,1.0,0.0025,ranging,0.218265964648578,0.3718576340668841,0.4098764012845379,2
1790749800000,83160.05,83106.0,0.0038465333429595905,2.0,0.0025,ranging,0.20608170920448504,0.38553447553615816,0.4083838152593568,2
1790750700000,83106.01,83043.14,0.003152337447740905,2.0,0.0025,ranging,0.23709970002911693,0.33442921286124955,0.4284710871096336,2
1790751600000,83043.14,83016.03,0.0013729878434320941,1.0,0.0025,ranging,0.23194910052231046,0.3688939649835119,0.39915693449417766,2
1790752500000,83016.03,83308.01,-0.0020888747672641594,1.0,0.0025,ranging,0.25302330902103143,0.3120664765851094,0.43491021439385913,2
1790753400000,83308.0,83425.67,-0.004143329025706355,0.0,0.0025,ranging,0.2833340892530522,0.310441068492419,0.4062248422545287,2
1790754300000,83425.67,83304.92,-0.0029111125729428533,0.0,0.0025,ranging,0.2696366952081114,0.3272988933721332,0.4030644114197554,2
1790755200000,83304.92,83130.01,0.00194791267317318,1.0,0.0025,ranging,0.25607362729736094,0.3134444008984675,0.43048197180417164,2
1790756100000,83130.0,83133.99,0.0035239497105816753,2.0,0.0025,ranging,0.22572169811149773,0.3462290945025763,0.42804920738592594,2
1790757000000,83134.0,83080.01,0.0059507696255693965,2.0,0.0025,ranging,0.2061341312392322,0.3447749778629486,0.44909089089781923,2
1790757900000,83080.0,83062.41,0.0068574942624466395,2.0,0.0025,ranging,0.2049047084248078,0.3954033645938177,0.39969192698137446,2
1790758800000,83062.41,83291.94,0.004977552449852762,2.0,0.0025,ranging,0.22655775357363347,0.4105909351723461,0.36285131125402037,2
1790759700000,83291.94,83426.95,0.004326779296138783,2.0,0.0025,ranging,0.28683915261037307,0.4263314900017024,0.28682935738792464,2
1790760600000,83426.96,83574.4,0.003759285139947277,2.0,0.0025,ranging,0.3615130059391169,0.3223034042095734,0.31618358985130973,2
1790761500000,83574.39,83632.01,0.0034197432298948005,2.0,0.0025,ranging,0.3616923107877384,0.37339576671993113,0.2649119224923305,2
1790762400000,83632.01,83706.53,0.0016541122896864824,1.0,0.0025,ranging,0.42027474742888066,0.3478057458994743,0.23191950667164488,2
1790763300000,83706.02,83787.92,0.0008363974186256229,1.0,0.0025,ranging,0.40396502948890206,0.3567063810700013,0.23932858944109664,2
1790764200000,83787.91,83888.58,0.000541551662931905,1.0,0.0025,ranging,0.4049021513978296,0.35434374656229595,0.24075410203987438,2
1790765100000,83888.58,83918.01,-3.396172049352497e-05,1.0,0.0025,ranging,0.40059013068163823,0.35109462820169507,0.2483152411166666,2
1790766000000,83918.0,83844.99,0.00046454773266702,1.0,0.0025,ranging,0.39008893622262353,0.32488222295142694,0.28502884082594965,2
1790766900000,83844.99,83858.0,0.0009731927782681282,1.0,0.0025,ranging,0.32712642114387946,0.3601008924943025,0.312772686361818,2
1790767800000,83858.01,83934.01,0.01065301181249434,2.0,0.0025,ranging,0.3581222157060301,0.33090754325898775,0.31097024103498205,2
1790768700000,83934.01,83915.16,0.016387503759749844,2.0,0.0025,trending,0.3103139963678003,0.38853822256024717,0.3011477810719525,2
1790769600000,83915.17,83883.94,0.018008572320279637,2.0,0.0025,trending,0.30600950540848393,0.40944206246683645,0.2845484321246795,2
1790770500000,83883.95,83939.61,0.014872477963621789,2.0,0.0025,trending,0.2976696748453509,0.3886296694273379,0.31370065572731115,2
1790771400000,83939.61,84828.16,-0.0036863937635804866,0.0,0.0025,trending,0.35245537903871893,0.2060200224545534,0.4415245985067277,2
1790772300000,84828.17,85290.32,-0.007651278597618161,0.0,0.0025,trending,0.4152439505721,0.12322585171879988,0.46153019770910003,2
1790773200000,85290.32,85394.57,-0.012185318106291865,0.0,0.0025,high_volatility,0.4146156973302787,0.1461835034005133,0.43920079926920796,2
1790774100000,85394.57,85188.0,-0.016664553693008344,0.0,0.0025,high_volatility,0.3016093594356382,0.25087535063870625,0.44751528992565553,2
1790775000000,85188.01,84515.45,-0.011376263156618105,0.0,0.0028182484054695635,high_volatility,0.25758495419063043,0.20489639653367137,0.5375186492756983,2
1790775900000,84515.46,84637.74,-0.009897830447741285,0.0,0.002793969686572915,high_volatility,0.4250753966218753,0.25380576589605897,0.3211188374820657,2
1790776800000,84637.74,84354.01,-0.0047541308350367295,0.0,0.00286032861364396,high_volatility,0.3559005194116229,0.2682153768034153,0.3758841037849618,2
1790777700000,84354.01,83768.38,0.0015172789541828546,1.0,0.0030382078111624244,high_volatility,0.26380161980982314,0.19173215438584076,0.5444662258043361,2
1790778600000,83768.38,83553.98,0.0067026130891669755,2.0,0.003063845418749047,high_volatility,0.25179569197689494,0.22275630352296677,0.5254480045001384,2
1790779500000,83553.98,83800.01,0.0039906916478889,2.0,0.0030632933822665946,high_volatility,0.3570110752278443,0.2950879248334365,0.34790099993871915,2
1790780400000,83800.01,83952.98,0.004871774652907002,2.0,0.002980198991719079,high_volatility,0.4832690335933226,0.21704551762053054,0.29968544878614684,2
1790781300000,83952.98,83895.48,0.004750196315701505,2.0,0.0029365651697305446,high_volatility,0.49723694230140814,0.2313238155890449,0.27143924210954706,2
1790782200000,83895.49,84114.01,0.0028770474740176244,1.0,0.0029236484063676856,high_volatility,0.5249964150667645,0.22909778885444843,0.24590579607878715,2
1790783100000,84114.01,84134.43,0.002555553059550242,1.0,0.0028077322096877245,high_volatility,0.5291276903549884,0.23491128508337047,0.23596102456164111,2
1790784000000,84134.43,84361.98,-0.0007582799739882518,1.0,0.002727603407627915,high_volatility,0.5364968736941619,0.23661181819764188,0.22689130810819622,2
1790784900000,84361.97,84294.0,-0.0009090801243267776,1.0,0.002634473487003897,high_volatility,0.44600575471434095,0.2835488147715477,0.27044543051411135,2
1790785800000,84294.01,84356.01,-0.004125491473577214,0.0,0.0025180490615865398,high_volatility,0.4405626133377702,0.30810348559621253,0.2513339010660173,2
1790786700000,84356.01,84349.44,-0.0037697938480681925,0.0,0.0025,high_volatility,0.37616845094208473,0.3405930230345058,0.2832385260234095,2
1790787600000,84349.44,84298.01,-0.00346402008778135,0.0,0.0025,ranging,0.38566443939184675,0.3198336466512116,0.2945019139569416,2
1790788500000,84298.0,84217.37,-0.0035332378581758306,0.0,0.0025,ranging,0.36652098810736894,0.3082855326975438,0.3251934791950873,2
1790789400000,84217.36,84008.0,-0.0018276830778020114,1.0,0.0025,ranging,0.28292889026561685,0.34672683908284996,0.37034427065153325,2
1790790300000,84008.0,84031.46,-0.0009693988418147947,1.0,0.0025,ranging,0.31483599129277007,0.3645523239157524,0.3206116847914776,2
1790791200000,84031.47,84006.0,-0.0029283622598386128,0.0,0.0025,ranging,0.32132038472506186,0.35115941585441157,0.32752019942052657,2
1790792100000,84006.0,83919.81,-0.0020325355836720016,1.0,0.0025,ranging,0.3431833933750164,0.35290188417763646,0.30391472244734713,2
1790793000000,83919.81,83854.46,-0.0003630099102659434,1.0,0.0025,ranging,0.3303646620961905,0.36446333984015905,0.3051719980636505,2
1790793900000,83854.46,83950.0,-0.00413150684931507,0.0,0.0025,ranging,0.31563874444712536,0.356337584163312,0.32802367138956257,2
1790794800000,83950.01,83760.0,-0.0012447468958929342,1.0,0.0025,ranging,0.28002762000578674,0.36038224331363833,0.359590136680575,2
1790795700000,83760.0,83749.24,-0.000277614459546105,1.0,0.0025,ranging,0.28168535167664643,0.3365788579789992,0.38173579034435434,2
1790796600000,83749.24,83824.02,-0.001605983583226056,1.0,0.0025,ranging,0.2842767273423123,0.3919456020504512,0.3237776706072364,2
1790797500000,83824.01,83603.16,0.0008472167798441177,1.0,0.0025,ranging,0.28469274757167173,0.33960636587619897,0.37570088655212935,2
1790798400000,83603.16,83655.74,0.0013181402734587788,1.0,0.0025,ranging,0.3091248573424717,0.3609508100413441,0.32992433261618415,2
1790799300000,83655.75,83725.99,1.1943722610929797e-07,1.0,0.0025,ranging,0.32133878579146946,0.3624620787527851,0.3161991354557456,2
1790800200000,83725.99,83689.4,0.00022523760476245158,1.0,0.0025,ranging,0.299718051560165,0.37654520948717396,0.3237367389526609,2
1790801100000,83689.4,83673.99,0.0010006693836399627,1.0,0.0025,low_liquidity,0.4194158956966115,0.38561934393995756,0.19496476036343094,2
1790802000000,83673.99,83766.01,-0.0004455267715388622,1.0,0.0025,ranging,0.4169859086835072,0.3562905225665321,0.22672356874996072,2
1790802900000,83766.01,83726.0,0.0011706041134174061,1.0,0.0025,ranging,0.41575851700207833,0.3630637587487027,0.22117772424921878,2
1790803800000,83726.0,83708.25,0.0012174427251794295,1.0,0.0025,ranging,0.43219911719485243,0.35256223198056025,0.21523865082458726,2
1790804700000,83708.26,83757.72,-0.0008580701575925387,1.0,0.0025,low_liquidity,0.42154668887204305,0.4222959352044851,0.15615737592347195,2
1790805600000,83757.73,83728.69,-0.00033513004921015277,1.0,0.0025,ranging,0.4190791907952657,0.35776393217356944,0.2231568770311649,2
1790806500000,83728.69,83824.01,-0.0019326204985898876,1.0,0.0025,ranging,0.3763726127748946,0.4080538149009226,0.21557357232418287,2
1790807400000,83824.0,83810.16,-0.002249846557982882,1.0,0.0025,low_liquidity,0.32211334261393654,0.530234321498959,0.1476523358871045,2
1790808300000,83810.17,83685.85,-0.0007438533515522483,1.0,0.0025,ranging,0.24887183373307137,0.5531612691546747,0.19796689711225396,2
1790809200000,83685.86,83700.63,-0.0022888716608227,1.0,0.0025,ranging,0.31173453349318114,0.4966811335473222,0.1915843329594968,2
1790810100000,83700.64,83662.01,-0.002079797030934305,1.0,0.0025,ranging,0.3070234403617746,0.4326135694714122,0.2603629901668133,2
1790811000000,83662.0,83621.6,-0.0006084552316626413,1.0,0.0025,ranging,0.34224638459024387,0.4238457750523549,0.2339078403574013,2
1790811900000,83621.59,83623.6,-0.001370067779909112,1.0,0.0025,ranging,0.3361590685569604,0.35869596965471434,0.30514496178832506,2
1790812800000,83623.59,83509.05,0.0009693560159047543,1.0,0.0025,ranging,0.31634815749043743,0.33663143082019104,0.3470204116893716,2
1790813700000,83509.04,83488.01,0.0017607318703607433,1.0,0.0025,ranging,0.33429773545052216,0.3599238810147432,0.30577838353473463,2
1790814600000,83488.01,83570.72,0.0003567038790619481,1.0,0.0025,ranging,0.3284906841706637,0.3601170705176153,0.311392245311721,2
1790815500000,83570.71,83509.03,0.00010825176630602229,1.0,0.0025,ranging,0.23873474405159467,0.4746810604238554,0.28658419552454995,2
1790816400000,83509.03,83590.0,0.00011975116640750016,1.0,0.0025,ranging,0.24422821545782408,0.45714373130483626,0.29862805323733954,2
1790817300000,83590.0,83635.01,-0.0011203442194841484,1.0,0.0025,ranging,0.23193669067495656,0.4881153275194319,0.2799479818056117,2
1790818200000,83635.01,83600.53,-0.0018275003758947417,1.0,0.0025,ranging,0.21102236051641685,0.5271258327303594,0.2618518067532237,2
1790819100000,83600.52,83518.07,-0.0003267556350381451,1.0,0.0025,ranging,0.23144001677111165,0.5419163567994819,0.2266436264294064,2
1790820000000,83518.07,83600.01,-0.0015071768532085583,1.0,0.0025,ranging,0.19426475020258477,0.593448339248879,0.21228691054853627,2
1790820900000,83600.01,83541.31,-0.0001434021084897319,1.0,0.0025,ranging,0.2796621562381411,0.4653755367017496,0.25496230706010947,2
1790821800000,83541.32,83447.75,0.0031930159890469767,2.0,0.0025,ranging,0.269503962224292,0.4682594379883552,0.2622365997873528,2
1790822700000,83447.75,83490.78,0.0031528032197087885,2.0,0.0025,ranging,0.20930009159428592,0.4941949757465368,0.2965049326591773,2
1790823600000,83490.78,83474.01,0.005521479080734304,2.0,0.0025,ranging,0.22629108330556258,0.45646299657537487,0.31724592011906244,2
1790824500000,83474.01,83529.33,0.003958848945633697,2.0,0.0025,low_liquidity,0.18677858221602542,0.5536471165993472,0.2595743011846274,2
1790825400000,83529.32,83714.2,0.002588330295218766,2.0,0.0025,ranging,0.1843489916709289,0.7114847265138957,0.10416628181517552,3
1790826300000,83714.2,83754.01,0.004250542750132258,2.0,0.0025,ranging,0.22458339400220878,0.627717636755892,0.14769896924189913,3
1790827200000,83754.01,83934.91,0.0037064434810258895,2.0,0.0025,ranging,0.3058873948301548,0.5436172921946051,0.15049531297524005,3
1790828100000,83934.91,83860.01,0.005106009407821466,2.0,0.0025,ranging,0.353597315322135,0.49076616831518743,0.15563651636267767,3
1790829000000,83860.0,83930.88,0.0033495419087705702,2.0,0.0025,ranging,0.33617457846006515,0.509000883521337,0.1548245380185978,3
1790829900000,83930.88,84110.01,0.0021575315470774292,1.0,0.0025,ranging,0.4995668791784821,0.3638574765126129,0.13657564430890498,3
1790830800000,84110.01,84246.01,0.001543099785972002,1.0,0.0025,ranging,0.48039702976551796,0.3862429220240434,0.13336004821043862,3
1790831700000,84246.0,84288.2,0.0007017589650746281,1.0,0.0025,trending,0.4121528843916171,0.44769185104441783,0.14015526456396507,3
1790832600000,84288.21,84212.01,-0.0006070393047261646,1.0,0.0025,trending,0.40089353395587696,0.44154852744687456,0.1575579385972484,3
1790833500000,84212.01,84291.48,-0.002017167096840633,1.0,0.0025,trending,0.2836994785565142,0.6060129288162337,0.11028759262725216,3
1790834400000,84291.49,84376.01,-0.003797169361291153,0.0,0.0025,trending,0.3858006298933549,0.4985936665520681,0.11560570355457703,3
1790835300000,84376.02,84347.35,-0.011654900835651794,0.0,0.0025,trending,0.32639494653176887,0.4804864852846159,0.19311856818361522,3
1790836200000,84347.34,84160.89,-0.007328225735255378,0.0,0.0025,trending,0.3889404367727935,0.39642913305904215,0.21463043016816427,3
1790837100000,84160.89,84121.45,-0.008220495485990797,0.0,0.0025,trending,0.3086339611228863,0.47875884763882187,0.21260719123829183,3
1790838000000,84121.45,84055.62,-0.007883708430203695,0.0,0.0025,trending,0.4213514776869449,0.36564713336428756,0.21300138894876736,3
1790838900000,84055.61,83364.29,0.0008038213964278729,1.0,0.0025,trending,0.37021960011006394,0.23437114309472187,0.39540925679521416,3
1790839800000,83364.3,83544.14,-0.0006339163943755999,1.0,0.0025,trending,0.41339177484092343,0.307392557579332,0.27921566757974453,3
1790840700000,83544.14,83429.93,0.0016425759916136595,1.0,0.0025,trending,0.25611508975968283,0.4671692756892687,0.27671563455104853,3
1790841600000,83429.93,83392.95,0.003566608448316133,2.0,0.0025,trending,0.2860409624092759,0.4685972214701255,0.2453618161205986,3
1790842500000,83392.96,83431.3,0.003962301917865396,2.0,0.0025,trending,0.30042191787274825,0.46441023932009284,0.2351678428071589,3
1790843400000,83431.3,83491.18,0.004743854380786283,2.0,0.0025,trending,0.316872013694825,0.37915097612005044,0.3039770101851245,3
1790844300000,83491.18,83566.97,0.002573265489941745,2.0,0.0025,trending,0.3869217144046907,0.4024061092320532,0.21067217636325605,3
1790845200000,83566.98,83690.38,0.00015748524501857375,1.0,0.0025,trending,0.4019876983248659,0.37143488690728593,0.22657741476784807,3
1790846100000,83690.38,83761.88,-0.0008981412547093282,1.0,0.0025,trending,0.3758064559604748,0.38953405859628193,0.23465948544324314,3
1790847000000,83761.88,83887.25,-3.0040321979840634e-05,1.0,0.0025,trending,0.3897963937822143,0.3960933556370368,0.21411025058074892,3
1790847900000,83887.24,83782.01,0.002199398176291112,1.0,0.0025,trending,0.3779864556955985,0.4111340965426515,0.21087944776175,3
1790848800000,83782.01,83703.56,0.0019484236990636727,1.0,0.0025,trending,0.38931624429197365,0.3836474439224739,0.22703631178555253,3
1790849700000,83703.55,83686.65,0.0022388278178180343,1.0,0.0025,trending,0.36412133862319773,0.42315141544446305,0.2127272459323393,3
1790850600000,83686.64,83884.73,0.000852240926328296,1.0,0.0025,trending,0.3726250854465576,0.46306010578721374,0.16431480876622873,3
1790851500000,83884.73,83966.28,-0.0007207655263518076,1.0,0.0025,trending,0.4219759373502489,0.4024371788328118,0.1755868838169394,3
1790852400000,83966.27,83866.65,0.0015028619838757251,1.0,0.0025,trending,0.35816638564062303,0.4615982381860373,0.18023537617333973,3
1790853300000,83866.65,83874.01,0.00045306048917903574,1.0,0.0025,trending,0.25831217266047357,0.6317982595200635,0.10988956781946281,3
1790854200000,83874.01,83956.22,-0.0006458127819475301,1.0,0.0025,trending,0.3340001580665911,0.5252227339565749,0.14077710797683385,3
1790855100000,83956.23,83905.76,-0.002022983880963447,1.0,0.0025,ranging,0.36467289811935083,0.39718377986323716,0.23814332201741198,3
1790856000000,83905.76,83992.69,-0.00558715288199485,0.0,0.0025,ranging,0.31715388080233825,0.5048121586438785,0.17803396055378326,3
1790856900000,83992.68,83912.01,-0.005195561398183668,0.0,0.0025,ranging,0.3004475720174786,0.44189708051474086,0.2576553474677805,3
1790857800000,83912.01,83902.0,0.0004530285332888795,1.0,0.0025,ranging,0.2864820475281559,0.5148562925977703,0.1986616598740737,3
1790858700000,83902.0,83736.02,0.002432047761524725,1.0,0.0025,ranging,0.25855652487743536,0.45220459277962016,0.28923888234294454,3
1790859600000,83736.02,83523.41,0.0033115266725818326,2.0,0.0025,ranging,0.2189675631616563,0.4585044448198988,0.3225279920184449,3
1790860500000,83523.41,83476.04,0.007714309399439623,2.0,0.0025,ranging,0.24277514314452028,0.4124999037917161,0.34472495306376355,3
1790861400000,83476.04,83940.01,0.0009530615972048739,1.0,0.0025,ranging,0.37195917118177685,0.3696966355002075,0.2583441933180157,3
1790862300000,83940.01,83939.67,0.0013221400560663454,1.0,0.0025,ranging,0.45659592469712956,0.30785350313712184,0.2355505721657487,3
1790863200000,83938.6,83800.0,0.003494033412887898,2.0,0.0025,ranging,0.4801591625191403,0.2696880489387146,0.25015278854214507,3
1790864100000,83800.0,84120.0,-0.00030599144079890284,1.0,0.0025,ranging,0.5014623679441419,0.30441029935567115,0.1941273327001869,3
1790865000000,84120.0,84020.01,-0.0015540345686698709,1.0,0.0025,ranging,0.45595438016295975,0.3312269558847334,0.21281866395230684,3
1790865900000,84020.0,84050.65,0.0013325298495610038,1.0,0.0025,ranging,0.49578808622998044,0.31226171934327984,0.19195019442673963,3
1790866800000,84050.65,84092.8,0.0026695507819931574,2.0,0.0025,high_volatility,0.5060958792294588,0.22030573877521215,0.2735983819953291,3
1790867700000,84092.79,84094.26,0.0025118242315231853,2.0,0.0025,high_volatility,0.424098885722319,0.34890863158075025,0.2269924826969308,3
1790868600000,84094.27,83889.44,0.005249409222424228,2.0,0.0025,ranging,0.36112722237698175,0.3647942406221379,0.2740785370008803,3
1790869500000,83889.44,84162.65,0.0004676658826687774,1.0,0.0025,high_volatility,0.35826670348405143,0.2964975132823382,0.3452357832336103,3
1790870400000,84162.66,84317.29,0.0013710118055265674,1.0,0.0025,ranging,0.3970354782469513,0.31685411144336983,0.28611041030967876,3
1790871300000,84317.29,84305.49,0.0072794784776175625,2.0,0.0025,ranging,0.4147368791741278,0.3105262117459233,0.27473690907994885,3
1790872200000,84305.49,84329.81,0.008599331600533722,2.0,0.0025,ranging,0.4086078153233649,0.30259503276676153,0.2887971519098735,3
1790873100000,84329.82,84202.01,0.008384597944870897,2.0,0.0025,ranging,0.2787233504181529,0.41064251381216427,0.31063413576968285,3
1790874000000,84202.0,84432.89,0.005312740094529644,2.0,0.0025,ranging,0.41674237116809726,0.34837582825767927,0.23488180057422348,3
1790874900000,84432.9,84919.19,-0.0013688307672271582,1.0,0.0025,high_volatility,0.5877756656443449,0.21867579650400243,0.19354853785165274,3
1790875800000,84919.18,85054.99,-0.0009757217066277413,1.0,0.0025,ranging,0.6226052515388131,0.2146256126522145,0.16276913580897243,3
1790876700000,85054.99,84908.01,-0.0012482921222625176,1.0,0.0025,trending,0.4343550339074569,0.3156575426837163,0.24998742340882674,3
1790877600000,84908.0,84881.46,-0.0009574528996084686,1.0,0.0025,trending,0.3941439002678403,0.36548613683697373,0.24036996289518603,3
1790878500000,84881.47,84802.95,-0.0022515726162828376,1.0,0.0025,trending,0.30750142537113034,0.4968921403079889,0.19560643432088082,3
1790879400000,84802.95,84972.0,-0.003807371840135576,0.0,0.0025,trending,0.4775078649628648,0.30050496437098545,0.22198717066614979,3
1790880300000,84972.01,84802.02,-0.0014935964968759707,1.0,0.0025,trending,0.35950058959585385,0.3948054385915698,0.24569397181257635,3
1790881200000,84802.02,84800.19,-0.00016721660647234238,1.0,0.0025,trending,0.37962137454438905,0.4242501670330256,0.19612845842258542,3
1790882100000,84800.18,84612.01,0.0018276365258311777,1.0,0.0025,trending,0.2812927264036175,0.4499468890148211,0.2687603845815614,3
1790883000000,84612.0,84648.48,-0.00045470397105762395,1.0,0.0025,trending,0.35162158045360103,0.406254098353648,0.2421243211927509,3
1790883900000,84648.48,84675.36,-0.0004884537839578984,1.0,0.0025,trending,0.45385602843058154,0.35679702291329757,0.18934694865612087,3
1790884800000,84675.36,84786.01,-0.0019631776515960375,1.0,0.0025,trending,0.46437141595422204,0.3635884702045179,0.1720401138412601,3
1790885700000,84786.0,84766.65,-0.0020680302925736305,1.0,0.0025,trending,0.44414016766845577,0.40889752937832835,0.14696230295321586,3
1790886600000,84766.66,84609.99,-0.0013700509833413088,1.0,0.0025,low_liquidity,0.4084639477456888,0.4066008714470492,0.18493518080726198,3
1790887500000,84609.99,84634.0,-0.001051704988538793,1.0,0.0025,trending,0.373041209892077,0.4398910133651284,0.18706777674279457,3
1790888400000,84634.01,84619.56,0.0015249429328161312,1.0,0.0025,low_liquidity,0.29904145913127766,0.5663906097336163,0.13456793113510612,3
1790889300000,84619.55,84591.35,0.0013120726882829281,1.0,0.0025,trending,0.390049051871203,0.4084971311302317,0.2014538169985652,3
1790890200000,84591.34,84494.07,0.0021789694827103467,1.0,0.0025,trending,0.3503159724730292,0.3963394930974634,0.25334453442950744,3
1790891100000,84494.06,84544.99,0.002421669220139311,1.0,0.0025,trending,0.36546766458416974,0.4294446897251155,0.20508764569071483,3
1790892000000,84544.99,84748.6,-0.0009495142102642351,1.0,0.0025,ranging,0.38516333470592534,0.4218628378792056,0.19297382741486913,3
1790892900000,84748.59,84702.34,0.00032631920204329035,1.0,0.0025,ranging,0.34175936478147045,0.48058805054463344,0.17765258467389597,3
1790893800000,84702.34,84678.18,0.001887499235340151,1.0,0.0025,ranging,0.42381897245982336,0.374512926763457,0.20166810077671957,3
1790894700000,84678.18,84749.73,0.0015377040139243903,1.0,0.0025,low_liquidity,0.4330276755842524,0.3521582441098034,0.21481408030594418,3
1790895600000,84749.74,84668.13,0.002603104615632734,2.0,0.0025,ranging,0.3787868750198339,0.3929990461674225,0.2282140788127436,3
1790896500000,84668.13,84729.98,0.0008502303434982927,1.0,0.0025,ranging,0.41348819038365825,0.3468057833049383,0.23970602631140353,3
1790897400000,84729.99,84838.01,-0.00016337016863077203,1.0,0.0025,ranging,0.46889744421888424,0.36228066124913383,0.16882189453198196,3
1790898300000,84838.0,84880.05,-0.0011211114979314818,1.0,0.0025,ranging,0.340969146285126,0.4507326028221629,0.20829825089271128,3
1790899200000,84880.05,84888.53,-0.002602118330945258,0.0,0.0025,ranging,0.3881531288754244,0.36610535096103497,0.24574152016354073,3
1790900100000,84888.52,84802.02,-0.0022170462448890538,1.0,0.0025,ranging,0.3382087640017482,0.36383940961944217,0.29795182637880957,3
1790901000000,84802.02,84824.15,-0.00290176795169772,0.0,0.0025,ranging,0.31684583526362975,0.37177631242137077,0.31137785231499954,3
1790901900000,84824.15,84784.89,0.0014756167048162183,1.0,0.0025,ranging,0.23948751013044758,0.45423736008165944,0.30627512978789295,3
1790902800000,84784.89,84667.64,0.004941439255895297,2.0,0.0025,ranging,0.17590473118416194,0.42454683196310566,0.39954843685273234,3
1790903700000,84667.65,84614.01,0.0037818796201716243,2.0,0.0025,ranging,0.1814688466437029,0.3997588120229557,0.41877234133334146,3
1790904600000,84614.0,84578.01,0.004847595728487919,2.0,0.0025,ranging,0.14778062466610642,0.5387510928689511,0.3134682824649426,3
1790905500000,84578.01,84910.0,0.0032740548816394544,2.0,0.0025,ranging,0.32794836487836626,0.3789496578960835,0.29310197722555026,3
1790906400000,84910.01,85086.02,0.002585383591805046,2.0,0.0025,ranging,0.38257633619546894,0.35214610042634986,0.26527756337818126,3
1790907300000,85086.02,84934.01,0.004084582842609263,2.0,0.0025,ranging,0.3092458335979431,0.38020864167340646,0.31054552472865043,3
1790908200000,84934.0,84988.01,0.005152020855647699,2.0,0.0025,ranging,0.26914118238304763,0.4578548239097394,0.27300399370721296,3
1790909100000,84988.01,85188.0,0.0038139174531623965,2.0,0.0025,ranging,0.4455128820171377,0.3423631200604805,0.2121239979223817,3
1790910000000,85187.99,85306.0,0.0018472323166014437,1.0,0.0025,ranging,0.4519124466771411,0.3111357079280986,0.23695184539476036,3
1790910900000,85306.01,85280.93,0.01767323597432635,2.0,0.0025,trending,0.29826409196870396,0.4821248906095207,0.21961101742177533,3
1790911800000,85280.94,85425.87,0.012870223036651751,2.0,0.0025,trending,0.368116478857313,0.3832491710692717,0.24863435007341533,3
1790912700000,85425.87,85512.9,0.01332220051009858,2.0,0.0025,trending,0.46191255752389354,0.35213085440088393,0.1859565880752225,3
1790913600000,85512.89,85463.58,0.013016304723017624,2.0,0.0025,trending,0.45037433303017577,0.3656963077682654,0.1839293592015589,3
1790914500000,85463.59,86788.12,-0.005088254014489424,0.0,0.0025,abnormal,0.5790238556264617,0.1296722678678985,0.2913038765056398,3
1790915400000,86788.12,86525.32,-0.004484005375536393,0.0,0.0025,trending,0.6141193304252708,0.20652268450394007,0.17935798507078918,3
1790916300000,86525.33,86652.12,-0.00750252850132227,0.0,0.0025,trending,0.6400383067604164,0.171744408195022,0.18821728504456162,3
1790917200000,86652.12,86576.0,-0.007776635557198319,0.0,0.0025,trending,0.5277422149290385,0.2603274880994337,0.21193029697152782,3
1790918100000,86576.01,86346.52,-0.003712483143501255,0.0,0.0025,trending,0.4398636522316208,0.31627649675611236,0.2438598510122669,3
1790919000000,86346.52,86137.34,-0.0015710956479501048,1.0,0.0025,trending,0.44301123864088354,0.2807320797168156,0.27625668164230077,3
1790919900000,86137.34,86002.01,-0.00010534637504400202,1.0,0.0025,trending,0.3766181158525494,0.361799094190869,0.2615827899565817,3
1790920800000,86002.01,85902.73,0.0006279195084952782,1.0,0.0025,trending,0.4127897904846242,0.298406343969942,0.28880386554543386,3
1790921700000,85902.73,86025.96,-0.0008131266422369832,1.0,0.0025,trending,0.46135235430267924,0.26269394411175484,0.275953701585566,3
1790922600000,86025.97,86002.01,-0.002711448255685922,0.0,0.0025,trending,0.44942799431123115,0.2672805165946065,0.28329148909416224,3
1790923500000,86002.0,85992.95,0.0011245107883843808,1.0,0.0025,trending,0.5178162888531933,0.2682311060378519,0.21395260510895486,3
1790924400000,85992.96,85956.67,0.004227013447589245,2.0,0.0025,trending,0.49592719285930836,0.26975817679313047,0.23431463034756123,3
1790925300000,85956.67,85956.01,0.005165316538075837,2.0,0.0025,trending,0.48505993139654413,0.27762113946730477,0.2373189291361511,3
1790926200000,85956.01,85768.82,0.006471116193506932,2.0,0.0025,trending,0.3699885140357085,0.24380193528835017,0.38620955067594137,3
1790927100000,85768.83,86089.65,0.0016999720640054061,1.0,0.0025,trending,0.4571232125449971,0.24068675606017093,0.302190031394832,3
1790928000000,86089.64,86320.01,-0.001459453028330282,1.0,0.0025,trending,0.5281242243670046,0.24414097704662732,0.22773479858636808,3
1790928900000,86320.01,86400.0,-0.002209837962962924,1.0,0.0025,trending,0.5969233388805864,0.20027610236905544,0.20280055875035813,3
1790929800000,86400.0,86323.84,0.00016565528132206353,1.0,0.0025,trending,0.5486457972408602,0.2389142840584904,0.2124399187006494,3
1790930700000,86323.83,86236.0,0.0014845308223943032,1.0,0.0025,trending,0.5775576820283054,0.2548497243011258,0.1675925936705688,3
1790931600000,86236.01,86194.03,0.0016472138499614708,1.0,0.0025,trending,0.5262803227821329,0.25712307232657444,0.2165966048912926,3
1790932500000,86194.02,86209.07,0.002323653416050009,1.0,0.0025,trending,0.4801394990141441,0.24099496365167022,0.27886553733418573,3
1790933400000,86209.08,86338.14,0.0010409072977479727,1.0,0.0025,trending,0.5334326437291155,0.25916673739797375,0.20740061887291086,3
1790934300000,86338.14,86364.02,-0.0007690702679193917,1.0,0.0025,trending,0.4479785126590878,0.3206140436076773,0.23140744373323482,3
1790935200000,86364.01,86336.01,0.001413083602079812,1.0,0.0025,trending,0.3965191796708776,0.39222069967391354,0.2112601206552089,3
1790936100000,86336.01,86409.39,0.0002539075903671417,1.0,0.0025,trending,0.44876806722380663,0.30319268008723604,0.2480392526889573,3
1790937000000,86408.18,86428.01,0.0008043688614374211,1.0,0.0025,trending,0.4386528071386617,0.3288958227050282,0.23245137015631,3
1790937900000,86428.0,86297.6,0.0014745485390093016,1.0,0.0025,trending,0.3422572682214612,0.44949626331668957,0.2082464684618492,3
1790938800000,86297.6,86458.01,-0.0006012167062369178,1.0,0.0025,trending,0.43064339634707094,0.3629385898814564,0.2064180137714728,3
1790939700000,86458.0,86431.33,0.0021406589485548633,1.0,0.0025,trending,0.3130971772633295,0.4796876247803924,0.20721519795627816,3
1790940600000,86431.34,86497.53,-0.000248908841674389,1.0,0.0025,trending,0.44484096877302215,0.3471765418592774,0.20798248936770058,3
1790941500000,86497.53,86424.85,0.004456472877881756,2.0,0.0025,trending,0.43080694679673853,0.31028318309089903,0.2589098701123625,3
1790942400000,86424.85,86406.03,0.003309606979975843,2.0,0.0025,trending,0.40660923104533253,0.31301137786632716,0.2803793910883404,3
1790943300000,86406.02,86616.35,-0.00011279625613414002,1.0,0.0025,trending,0.5626282569135224,0.23084893134267837,0.20652281174379933,3
1790944200000,86616.35,86476.0,0.004906679309866213,2.0,0.0025,trending,0.5487635291505534,0.17317155046917523,0.27806492038027153,3
1790945100000,86476.01,86810.0,-0.0028216795300080033,0.0,0.0025,trending,0.589381675385495,0.16025310428334025,0.25036522033116476,3
1790946000000,86810.01,86692.0,-0.0038757901536473627,0.0,0.0025,trending,0.5241510843183204,0.19492025926847503,0.2809286564132045,3
1790946900000,86692.01,86606.58,-0.006058662055469677,0.0,0.0025,trending,0.42748338799827024,0.27977696952491293,0.2927396424768167,3
1790947800000,86606.58,86900.31,-0.010889604421434163,0.0,0.0025,trending,0.4936451120765628,0.17294575275661866,0.3334091351668185,3
1790948700000,86900.84,86565.05,-0.010144047742131623,0.0,0.0025,trending,0.46593858145244726,0.19724751328239776,0.336813905265155,3
1790949600000,86565.06,86356.0,-0.008300523414701999,0.0,0.0025,trending,0.3114730736412571,0.2039011246253925,0.4846258017333504,3
1790950500000,86356.0,86081.86,-0.006945133388149394,0.0,0.0025,high_volatility,0.21578420371429205,0.1923531329281551,0.5918626633575529,3
1790951400000,86081.86,85954.0,-0.007126020894897223,0.0,0.0025,high_volatility,0.2675993900328012,0.2251069309923413,0.5072936789748574,3
1790952300000,85954.0,85686.93,-0.0042121943218177416,0.0,0.002524229103392957,high_volatility,0.1898633162667817,0.2077045293109528,0.6024321544222655,3
1790953200000,85686.93,85639.2,-0.0050349606255080115,0.0,0.002541810586342916,high_volatility,0.1945738193723427,0.32036394076933666,0.48506223985832075,3
1790954100000,85639.19,85484.01,-0.0035715451345812443,0.0,0.0025511238276835933,high_volatility,0.14122638227583112,0.40752374534136976,0.45124987238279923,3
1790955000000,85484.0,85341.49,-0.001751668502624093,1.0,0.0025,high_volatility,0.14339918075834895,0.46569286413642735,0.3909079551052238,3
1790955900000,85341.5,85326.0,-0.0019453624920892088,1.0,0.0025,high_volatility,0.14092914931553288,0.5058691428938062,0.35320170779066085,3
1790956800000,85326.0,85208.01,-0.003381137524511968,0.0,0.0025,high_volatility,0.13674929661226728,0.5265586964405744,0.3366920069471583,3
1790957700000,85208.01,85178.7,-0.006973104778541961,0.0,0.0025,high_volatility,0.12136342698162993,0.6347551128878619,0.2438814601305081,3
1790958600000,85178.69,85192.0,-0.00689947412902614,0.0,0.0025,high_volatility,0.12662448843822371,0.5933387483291725,0.2800367632326037,3
1790959500000,85192.0,85160.01,-0.004523954377177675,0.0,0.0025,high_volatility,0.1295761633968014,0.6519815937448763,0.21844224285832226,3
1790960400000,85160.0,84919.91,-0.00033784774383305294,1.0,0.0025,high_volatility,0.12207350637034929,0.5360011775152043,0.34192531611444643,3
1790961300000,84919.91,84584.74,0.00043151991718604066,1.0,0.0025,high_volatility,0.10994203852368652,0.4282736495478519,0.46178431192846153,3
1790962200000,84584.75,84604.22,-0.006660424267252885,0.0,0.002516285632395134,high_volatility,0.12280097080519177,0.5521481997442914,0.3250508294505167,3
1790963100000,84604.21,84774.75,-0.006048263191575365,0.0,0.0025,high_volatility,0.11097962731852185,0.5506519770168803,0.33836839566459775,3
1790964000000,84774.75,84891.22,-0.008969832215864115,0.0,0.0025,high_volatility,0.13118312836044313,0.5240334597765336,0.3447834118630233,3
1790964900000,84891.21,84621.24,-0.005675052740895858,0.0,0.0025,high_volatility,0.10107224686048005,0.5474802881632996,0.35144746497622037,3
1790965800000,84621.25,84040.72,0.0017288047984356236,1.0,0.0025714275260038757,high_volatility,0.078182951045313,0.3613684256664991,0.5604486232881879,3
1790966700000,84040.88,84262.01,0.0006321947458884924,1.0,0.0025890044544827624,high_volatility,0.11167816226548966,0.4488970344477176,0.4394248032867927,3
1790967600000,84262.01,84129.76,0.002903253260201799,2.0,0.0025265641942685776,high_volatility,0.1014635277115691,0.47195919487492377,0.42657727741350715,3
1790968500000,84129.76,84141.01,0.0024600370259402204,1.0,0.0025,high_volatility,0.15061560673976818,0.5597402054811841,0.2896441877790477,3
1790969400000,84141.01,84186.01,0.0006176798258998861,1.0,0.0025,high_volatility,0.1436024934715892,0.467290167262874,0.38910733926553664,3
1790970300000,84186.01,84315.28,0.00170502902913916,1.0,0.0025,high_volatility,0.13010968748095625,0.5322648128161724,0.33762549970287137,3
1790971200000,84315.27,84374.01,0.0014458243717467845,1.0,0.0025,trending,0.14516497429588854,0.5533964384122155,0.301438587291896,3
1790972100000,84374.0,84348.0,0.0010197040830843829,1.0,0.0025,trending,0.12846492930494682,0.6506679371943929,0.2208671335006603,3
1790973000000,84348.0,84238.01,0.0033475387179731086,2.0,0.0025,trending,0.10941520813328867,0.6554593066825132,0.23512548518419826,3
1790973900000,84238.01,84459.04,0.0008601802719994112,1.0,0.0025,trending,0.1449523086301122,0.6360814321840553,0.2189662591858324,3
1790974800000,84459.04,84496.0,0.0005906788487028969,1.0,0.0025,low_liquidity,0.15238940706768647,0.6787942135537449,0.16881637937856878,3
1790975700000,84496.0,84434.01,0.001077764753800059,1.0,0.0025,trending,0.112772343249932,0.692697290861069,0.19453036588899883,3
1790976600000,84434.0,84520.0,-0.00011831519167060378,1.0,0.0025,trending,0.1443262153759194,0.6390670439323763,0.21660674069170419,3
1790977500000,84519.99,84531.69,0.00033490398689539624,1.0,0.0025,trending,0.1243281908625373,0.7141920104803853,0.16147979865707734,3
1790978400000,84531.68,84545.91,-0.0006527814296398704,1.0,0.0025,trending,0.14437079625575258,0.6865941975036112,0.16903500624063614,3
1790979300000,84546.0,84525.01,0.00048494522508790716,1.0,0.0025,trending,0.10046533838674113,0.7066491446966506,0.1928855169166081,3
1790980200000,84525.02,84510.0,0.0008210862619808523,1.0,0.0025,trending,0.12571235346407275,0.6311982743017374,0.24308937223418992,3
1790981100000,84510.0,84560.0,-0.0004965704824977379,1.0,0.0025,trending,0.11770928330345216,0.6853017111455113,0.19698900555103643,3
1790982000000,84559.99,84490.72,0.0003384987132315498,1.0,0.0025,low_liquidity,0.09970184443572017,0.6944457071966382,0.20585244836764166,3
1790982900000,84490.72,84566.0,-8.644135941160425e-05,1.0,0.0025,low_liquidity,0.10588429470820813,0.7241279264898461,0.1699877788019457,3
1790983800000,84566.01,84579.39,0.0006090136143095393,1.0,0.0025,trending,0.08734827136212701,0.7504265556391053,0.16222517299876757,3
1790984700000,84579.39,84518.01,0.00168129845934617,1.0,0.0025,trending,0.10776467585948468,0.6707690514214733,0.2214662727190421,3
1790985600000,84518.0,84519.32,0.0015674522700843685,1.0,0.0025,trending,0.07790230747523787,0.7537421530108726,0.16835553951388965,3
1790986500000,84519.31,84558.69,0.0006610793047998609,1.0,0.0025,trending,0.07326777428969933,0.7947205135013434,0.13201171220895724,3
1790987400000,84558.68,84630.9,-4.419189681303948e-05,1.0,0.0025,trending,0.0885340857855313,0.804129146844337,0.10733676737013172,3
1790988300000,84630.9,84660.11,-0.00023753808021276246,1.0,0.0025,low_liquidity,0.08011250598897351,0.8418949104078357,0.07799258360319071,3
1790989200000,84660.11,84651.8,-0.0004465351002578277,1.0,0.0025,trending,0.05936967916292209,0.8459831333604939,0.09464718747658407,3
1790990100000,84651.79,84614.59,0.00031814844224853367,1.0,0.0025,trending,0.05917011017578464,0.8247360856734322,0.1160938041507831,3
1790991000000,84614.6,84627.16,0.0006130419595788972,1.0,0.0025,trending,0.057689881457905184,0.8508419761960893,0.0914681423460056,3
1790991900000,84627.17,84640.0,-0.0004725897920604405,1.0,0.0025,low_liquidity,0.0623590779468442,0.886856416670897,0.05078450538225888,3
1790992800000,84640.01,84614.0,-0.0009615430070674114,1.0,0.0025,low_liquidity,0.055302632793456465,0.8764265763270118,0.06827079087953178,3
1790993700000,84614.0,84641.51,-0.000561190366287212,1.0,0.0025,ranging,0.053462279111697104,0.8764339295722003,0.07010379131610253,3
1790994600000,84641.52,84679.04,-0.0002791717997747689,1.0,0.0025,ranging,0.05635694955293855,0.8854082714510467,0.05823477899601466,3
1790995500000,84679.03,84600.0,0.0011768321513001556,1.0,0.0025,ranging,0.04900349927183927,0.8746332611924557,0.076363239535705,3
1790996400000,84600.01,84532.64,0.0015496972530373299,1.0,0.0025,ranging,0.05509299913148305,0.8539465575865155,0.09096044328200142,3
1790997300000,84532.64,84594.01,-0.0007803152965557558,1.0,0.0025,ranging,0.08033153967509536,0.8476430680639847,0.07202539226092,3
1790998200000,84594.01,84655.4,-0.001244929443366849,1.0,0.0025,ranging,0.08654298839518934,0.8560179256649371,0.05743908593987363,3
1790999100000,84655.39,84699.56,-0.001444281410670878,1.0,0.0025,ranging,0.10515443949925875,0.839114741554579,0.05573081894616227,3
1791000000000,84699.56,84663.64,-0.001103779615428735,1.0,0.0025,low_liquidity,0.09882264997516743,0.8438466707759842,0.05733067924884835,3
1791000900000,84663.63,84528.0,0.0010840194964982786,1.0,0.0025,ranging,0.09975109582667066,0.7684320784984097,0.13181682567491973,3
1791001800000,84528.0,84550.01,0.0010339442893028128,1.0,0.0025,ranging,0.09502397506822098,0.8193261719791958,0.08564985295258341,3
1791002700000,84550.01,84577.23,0.0008851082022904855,1.0,0.0025,ranging,0.09762737742455346,0.8160319151774778,0.08634070739796879,3
1791003600000,84577.23,84570.19,0.0006879492643920848,1.0,0.0025,ranging,0.10428026844644299,0.8038681692140742,0.09185156233948283,3
1791004500000,84570.2,84619.63,0.000353582259813745,1.0,0.0025,ranging,0.1347324794736633,0.8080642846354975,0.057203235890839255,3
1791005400000,84619.64,84637.43,0.00018183444369723745,1.0,0.0025,low_liquidity,0.11700699258127839,0.8023912990722705,0.08060170834645101,3
1791006300000,84637.44,84652.09,-0.00078072496497128,1.0,0.0025,ranging,0.13966532864694048,0.8123313178911865,0.04800335346187293,3
1791007200000,84652.09,84628.37,-0.0004771449574177966,1.0,0.0025,ranging,0.11094514101559769,0.8125307942511073,0.07652406473329497,3
1791008100000,84628.37,84649.55,-0.00023508689650453274,1.0,0.0025,ranging,0.11543989303177125,0.8098527653936836,0.07470734157454524,3
1791009000000,84649.55,84652.82,-0.0009782308492500835,1.0,0.0025,ranging,0.1535641927729658,0.7632136228070913,0.08322218441994292,3
1791009900000,84652.82,84586.0,-0.000307379471780167,1.0,0.0025,ranging,0.1633060138643261,0.6288361982642532,0.20785778787142067,3
1791010800000,84586.01,84587.99,0.0006557668529538763,1.0,0.0025,ranging,0.15280425026837594,0.707630513628147,0.13956523610347704,3
1791011700000,84587.99,84629.65,-0.00047004802690309155,1.0,0.0025,ranging,0.19577237074646783,0.6475217706710199,0.15670585858251238,3
1791012600000,84629.66,84570.01,0.0006576799506115005,1.0,0.0025,ranging,0.2160217593156912,0.5893950627788865,0.1945831779054223,3
1791013500000,84570.0,84560.0,0.0006623699148533557,1.0,0.0025,ranging,0.16917612617549793,0.6756507071361272,0.15517316668837494,3
1791014400000,84560.0,84643.46,-4.075920336921168e-05,1.0,0.0025,ranging,0.17855107707623769,0.646827860609688,0.1746210623140743,3
1791015300000,84643.46,84589.87,9.682010387290774e-05,1.0,0.0025,ranging,0.20007657542420523,0.6292067705565842,0.17071665401921055,3
1791016200000,84589.86,84625.63,-0.0004203218339409176,1.0,0.0025,ranging,0.15858049792916387,0.7396074748278708,0.10181202724296527,3
1791017100000,84625.63,84616.01,-0.0001890895115475022,1.0,0.0025,ranging,0.16492624945327708,0.7081884517204563,0.12688529882626653,3
1791018000000,84616.02,84640.01,-0.0007000235467835569,1.0,0.0025,ranging,0.1366603717705739,0.7637174477899872,0.09962218043943884,3
1791018900000,84640.01,84598.06,-0.0001398377220470648,1.0,0.0025,ranging,0.10316033167423881,0.8033131263121541,0.09352654201360693,3
1791019800000,84598.06,84590.06,0.00012932961626943573,1.0,0.0025,ranging,0.10864350089299799,0.816115216349284,0.07524128275771805,3
1791020700000,84590.06,84600.01,0.00042695030414319213,1.0,0.0025,ranging,0.12601294679131786,0.8085991951206255,0.06538785808805665,3
1791021600000,84600.0,84580.76,0.0007595107918161315,1.0,0.0025,ranging,0.14522015713819267,0.7737359922928048,0.08104385056900265,3
1791022500000,84580.76,84586.23,0.0007683283673951546,1.0,0.0025,ranging,0.14335432568530868,0.7487086580244514,0.10793701629024,3
1791023400000,84586.24,84601.0,0.000691008380515612,1.0,0.0025,ranging,0.14918000796714181,0.7709440058642152,0.07987598616864292,3
1791024300000,84601.0,84636.13,0.00042393242696703304,1.0,0.0025,ranging,0.12470102693596612,0.79502330688097,0.0802756661830639,3
1791025200000,84636.13,84645.0,0.0006023982515210857,1.0,0.0025,ranging,0.1503591497079226,0.7689562311770977,0.08068461911497986,3
1791026100000,84645.0,84651.22,0.0024828939263958905,1.0,0.0025,ranging,0.11601806302757012,0.8284027749384704,0.05557916203395965,3
1791027000000,84651.22,84659.46,0.0019200453203929158,1.0,0.0025,ranging,0.1293835695880146,0.8078366705041536,0.06277975990783191,3
1791027900000,84659.46,84672.01,0.0025511382096634616,2.0,0.0025,ranging,0.1446908920073952,0.7854913072004739,0.06981780079213097,3
1791028800000,84672.01,84695.99,0.0018575849931030675,1.0,0.0025,ranging,0.1660586188848564,0.7770261227077981,0.056915258407345494,3
1791029700000,84696.0,84861.4,-0.0005820078386640226,1.0,0.0025,ranging,0.35437195289703893,0.5693825483891911,0.07624549871376991,3
1791030600000,84861.41,84822.01,0.00013463486658715773,1.0,0.0025,ranging,0.271576798824223,0.6111388212723208,0.11728437990345626,3
1791031500000,84822.02,84888.02,-0.0002118084507096718,1.0,0.0025,trending,0.26043805411424714,0.6008965959591519,0.13866534992660093,3
1791032400000,84888.02,84853.32,-0.0007177091008343517,1.0,0.0025,trending,0.20656956728256995,0.6710602327309266,0.1223701999865033,3
1791033300000,84853.32,84812.01,0.00016495305322927756,1.0,0.0025,trending,0.1366178668493025,0.7366327506002911,0.12674938255040638,3
1791034200000,84812.01,84833.43,-0.0009598810280333492,1.0,0.0025,trending,0.1769059080361555,0.6828167051188218,0.14027738684502283,3
1791035100000,84833.43,84870.04,-0.0001653115752037193,1.0,0.0025,trending,0.13383302913934553,0.7938003862286176,0.0723665846320368,3
1791036000000,84870.03,84792.42,0.0009515001458857419,1.0,0.0025,trending,0.22594073229183928,0.580217333352785,0.19384193435537575,3
1791036900000,84792.42,84826.0,0.0001492466932309089,1.0,0.0025,trending,0.1675209866366857,0.7174252534095277,0.1150537599537867,3
1791037800000,84826.01,84752.0,0.0008052907306022039,1.0,0.0025,trending,0.1834856311570528,0.6307491944935204,0.18576517434942688,3
1791038700000,84752.0,84856.01,0.00013281322089042646,1.0,0.0025,trending,0.29147058427998584,0.5791215730193477,0.12940784270066635,3
1791039600000,84856.01,84873.1,-0.0003881088354260598,1.0,0.0025,trending,0.27276387711674277,0.5887898387032843,0.13844628417997293,3
1791040500000,84873.1,84838.66,-0.0002998632934561041,1.0,0.0025,trending,0.21267942790534472,0.6583722290012745,0.12894834309338093,3
1791041400000,84838.66,84820.25,0.000280475476080122,1.0,0.0025,trending,0.2520082179669176,0.556290409265576,0.19170137276750626,3
1791042300000,84820.25,84867.28,8.837328119959409e-06,1.0,0.0025,trending,0.20048424243154225,0.6723890261372154,0.12712673143124242,3
1791043200000,84867.27,84840.16,0.0005843930515925244,1.0,0.0025,trending,0.1899500049991916,0.678809089153618,0.1312409058471904,3
1791044100000,84840.16,84813.22,0.0009525637630547479,1.0,0.0025,trending,0.1686408768123089,0.7072223059126762,0.12413681727501506,3
1791045000000,84813.23,84844.04,0.0017024177537985352,1.0,0.0025,trending,0.20135175776282682,0.6629071075491688,0.13574113468800428,3
1791045900000,84844.04,84868.03,0.0016963985142579574,1.0,0.0025,ranging,0.23032563600341122,0.6659521954712931,0.10372216852529564,3
1791046800000,84868.02,84889.74,0.0011722264669440374,1.0,0.0025,ranging,0.24314174731993246,0.6390188043299366,0.117839448350131,3
1791047700000,84889.74,84894.01,0.0011987889369344806,1.0,0.0025,ranging,0.26381616843048805,0.5953478668885304,0.1408359646809816,3
1791048600000,84894.01,84988.48,-0.0005467799871229362,1.0,0.0025,ranging,0.35450289914766664,0.5233838743469627,0.12211322650537058,3
1791049500000,84988.49,85012.0,-0.000729426433915159,1.0,0.0025,ranging,0.3391803239661699,0.4866600200706982,0.17415965596313177,3
1791050400000,85012.01,84989.25,-0.0014048835588029718,1.0,0.0025,ranging,0.29689552247359785,0.535907007793593,0.1671974697328092,3
1791051300000,84989.25,84995.78,-0.0019726861733605494,1.0,0.0025,ranging,0.23309364599865062,0.6538160951255694,0.11309025887578007,3
1791052200000,84995.78,84942.01,-0.001848555267293439,1.0,0.0025,ranging,0.2521115057848332,0.5569139140813033,0.19097458013386362,3
1791053100000,84942.0,84949.99,-0.0012653326975082813,1.0,0.0025,ranging,0.24289456330087683,0.6648220232136457,0.09228341348547744,3
1791054000000,84950.0,84869.85,0.00021008638521213818,1.0,0.0025,ranging,0.25797734774987513,0.5882923154273746,0.15373033682275028,3
1791054900000,84869.85,84828.11,0.0007195727925566331,1.0,0.0025,ranging,0.2494907973384016,0.6403785842849071,0.11013061837669127,3
1791055800000,84828.1,84784.99,0.000866544891967358,1.0,0.0025,ranging,0.2091849555630115,0.6773208757644199,0.11349416867256869,3
1791056700000,84784.99,84842.5,-0.001093202109791691,1.0,0.0025,ranging,0.27218372838016114,0.642887286796386,0.08492898482345293,3
1791057600000,84842.5,84887.68,-0.002387154413926673,1.0,0.0025,ranging,0.22002911912469056,0.7213172088982918,0.05865367197701756,3
1791058500000,84887.68,84889.15,-0.002102388821186185,1.0,0.0025,ranging,0.22915033170295898,0.720924991280321,0.04992467701672012,3
1791059400000,84889.16,84858.46,-0.0018502574758015866,1.0,0.0025,low_liquidity,0.19871305047250507,0.7416518595057412,0.05963509002175367,3
1791060300000,84858.46,84749.75,-0.0004082607913298286,1.0,0.0025,ranging,0.28066162589701665,0.5392428722206872,0.180095501882296,3
1791061200000,84749.76,84685.04,0.0012106034312553415,1.0,0.0025,ranging,0.3182825384576673,0.5149048695843373,0.16681259195799544,3
1791062100000,84685.04,84710.68,0.0008656523593011389,1.0,0.0025,trending,0.23710167433371487,0.6447700551153221,0.1181282705509629,3
1791063000000,84710.69,84701.45,0.0011871107283287774,1.0,0.0025,trending,0.21713667997151528,0.6551106554109822,0.1277526646175024,3
1791063900000,84701.71,84715.15,0.0007184075103450205,1.0,0.0025,trending,0.18510273116149037,0.6724445252190341,0.14245274361947552,3
1791064800000,84715.15,84787.56,-0.0003249297420517827,1.0,0.0025,trending,0.23725613362283532,0.5815961576531132,0.18114770872405145,3
1791065700000,84787.57,84784.01,-0.0005425551351014857,1.0,0.0025,trending,0.29444406934650064,0.5040665631647774,0.20148936748872204,3
1791066600000,84784.01,84802.0,-0.00027888493195904474,1.0,0.0025,low_liquidity,0.23352075930204394,0.6556358240652461,0.11084341663270982,3
1791067500000,84802.0,84776.01,-0.0002648154825874993,1.0,0.0025,trending,0.22475784405346722,0.6310061654007507,0.1442359905457821,3
1791068400000,84776.02,84760.01,0.0007081169527942688,1.0,0.0025,low_liquidity,0.2113636385233755,0.6722963918614802,0.1163399696151443,3
1791069300000,84760.01,84738.01,0.0008369325642647585,1.0,0.0025,trending,0.27130102212926754,0.5100833108320957,0.21861566703863677,3
1791070200000,84738.0,84778.35,0.0003032613868987344,1.0,0.0025,low_liquidity,0.20652153445997212,0.6212804418475358,0.172198023692492,3
1791071100000,84778.35,84753.56,0.0004299524409359101,1.0,0.0025,trending,0.22064019272568544,0.4926249223355283,0.28673488493878624,3
1791072000000,84753.57,84820.03,-0.000589837093903367,1.0,0.0025,trending,0.18990859467880405,0.48514035845598324,0.3249510468652126,3
1791072900000,84820.03,84808.93,-0.000724334100194346,1.0,0.0025,trending,0.1581654986473673,0.5941318139308196,0.24770268742181314,3
1791073800000,84808.93,84804.06,-0.0003443231373592148,1.0,0.0025,trending,0.1651836388479566,0.6405985806517004,0.19421778050034297,3
1791074700000,84804.05,84790.0,0.00014848449109550188,1.0,0.0025,trending,0.20871270443025303,0.5183308674427195,0.27295642812702736,3
1791075600000,84790.0,84770.0,0.0006843222838268659,1.0,0.0025,trending,0.15205427917844447,0.606940968196972,0.24100475262458348,3
1791076500000,84770.0,84747.5,0.0010443965898698782,1.0,0.0025,trending,0.14818369116902935,0.6163230185975962,0.23549329023337442,3
1791077400000,84747.51,84774.86,0.00029666813958750815,1.0,0.0025,trending,0.14263476358648713,0.6360613506531767,0.221303885760336,3
1791078300000,84774.86,84802.59,-4.9526789216436384e-06,1.0,0.0025,trending,0.1375536717847431,0.704042501409925,0.15840382680533194,3
1791079200000,84802.6,84828.01,-0.0001844909482138224,1.0,0.0025,trending,0.1319590689352331,0.7107377419896471,0.15730318907511967,3
1791080100000,84828.0,84836.01,-0.0004667829144722191,1.0,0.0025,ranging,0.1424228943088621,0.6849678010309672,0.17260930466017071,3
1791081000000,84836.0,84800.01,0.0010018866743057853,1.0,0.0025,ranging,0.12380416839410917,0.703275982590469,0.17291984901542187,3
1791081900000,84800.01,84802.17,0.00045635624654405404,1.0,0.0025,ranging,0.1251780902361296,0.7178125859693932,0.15700932379447716,3
1791082800000,84802.17,84812.36,-4.999271332628563e-05,1.0,0.0025,ranging,0.14835070884691737,0.7481461983201173,0.1035030928329653,3
1791083700000,84812.35,84796.41,0.00018397005250569975,1.0,0.0025,ranging,0.12062224414260728,0.7055197410441332,0.17385801481325955,3
1791084600000,84796.42,84884.97,-0.0008596339257703756,1.0,0.0025,ranging,0.1691268728256803,0.6433679591366036,0.18750516803771605,3
1791085500000,84884.97,84840.87,-0.00034099131703846375,1.0,0.0025,ranging,0.11501344891926651,0.7192067313900593,0.1657798196906742,3
1791086400000,84840.88,84808.12,0.0003052773720251256,1.0,0.0025,ranging,0.09463726750619153,0.7635129971755366,0.141849735318272,3
1791087300000,84808.11,84812.01,0.000581639322072558,1.0,0.0025,low_liquidity,0.11069895635918543,0.8009520666530422,0.08834897698777251,3
1791088200000,84812.0,84812.0,0.0013166768853463129,1.0,0.0025,low_liquidity,0.102482033210897,0.8086558341723752,0.08886213261672773,3
1791089100000,84812.0,84811.94,0.0011799046219198583,1.0,0.0025,low_liquidity,0.11280718899004906,0.8147495595327087,0.07244325147724227,3
1791090000000,84811.94,84834.01,0.0010442745780849805,1.0,0.0025,ranging,0.12344703721324517,0.7966001192419959,0.07995284354475908,3
1791090900000,84834.01,84861.34,0.0010165995493354174,1.0,0.0025,ranging,0.18817501722893573,0.67513908700993,0.13668589576113435,3
1791091800000,84861.34,84923.67,0.0004029500844699996,1.0,0.0025,ranging,0.2863459528963582,0.6309115754813956,0.0827424716222461,3
1791092700000,84923.68,84912.01,0.0014100478836858166,1.0,0.0025,ranging,0.1554102654844901,0.6933884013893243,0.1512013331261855,3
1791093600000,84912.01,84922.6,0.0007834192547095942,1.0,0.0025,ranging,0.1937857588326679,0.6613558822668463,0.14485835890048582,3
1791094500000,84922.6,84947.61,0.0002958293941408563,1.0,0.0025,ranging,0.19413073856150695,0.584391977267825,0.2214772841706681,3
1791095400000,84947.62,84957.89,0.0001660822791149652,1.0,0.0025,trending,0.17499751760845142,0.6024831924122966,0.22251928997925197,3
1791096300000,84957.89,85031.74,0.0008733209505062955,1.0,0.0025,trending,0.17701254365338842,0.5042923259445496,0.31869513040206193,3
1791097200000,85031.74,84989.13,0.0018916536738284861,1.0,0.0025,trending,0.13423637136551367,0.5858770333840496,0.2798865952504367,3
1791098100000,84989.13,84972.74,0.0019447413370452526,1.0,0.0025,trending,0.12610774357308122,0.5548527318577794,0.31903952456913937,3
1791099000000,84972.73,84972.0,0.0012361719154543316,1.0,0.0025,trending,0.13082265970689913,0.5660244036517005,0.3031529366414004,3
1791099900000,84972.01,85106.0,5.640025380060365e-06,1.0,0.0025,trending,0.21840734499516296,0.4429271339079251,0.3386655210969119,3
1791100800000,85106.01,85149.9,-0.00025707605058844507,1.0,0.0025,trending,0.2068911580845221,0.44902565977867875,0.34408318213679906,3
1791101700000,85149.9,85137.99,0.0014808900233609368,1.0,0.0025,trending,0.15237125345692826,0.48432588342458127,0.3633028631184904,3
1791102600000,85137.99,85077.04,0.002338586297783829,1.0,0.0025,trending,0.17070698942079476,0.38554875259544025,0.443744257983765,3
1791103500000,85077.05,85106.48,0.0014964782940147803,1.0,0.0025,trending,0.19663429758153222,0.39667061311458274,0.406695089303885,3
1791104400000,85106.48,85128.01,0.0016096934487250802,1.0,0.0025,trending,0.17534045729155545,0.4239449900241802,0.4007145526842644,3
1791105300000,85128.02,85264.07,0.001301720642704396,1.0,0.0025,trending,0.27820015982095303,0.3509322109158216,0.3708676292632254,3
1791106200000,85264.08,85276.0,0.0007271682536704738,1.0,0.0025,trending,0.2352305253894597,0.37519808717732406,0.3895713874332162,3
1791107100000,85276.01,85233.84,0.0003539673913552921,1.0,0.0025,trending,0.20189555944632367,0.3317292906484968,0.46637514990517936,3
1791108000000,85233.84,85265.04,-1.8765017878230594e-05,1.0,0.0025,trending,0.1857818481114435,0.3871454885406646,0.4270726633478918,3
1791108900000,85265.03,85375.06,-0.0007385060695711543,1.0,0.0025,trending,0.24971181091515546,0.33972933530806954,0.410558853776775,3
1791109800000,85375.07,85338.01,-0.0007415218611260821,1.0,0.0025,trending,0.22456448689887887,0.4397629705814153,0.33567254251970574,3
1791110700000,85338.01,85264.01,0.0005330502283438232,1.0,0.0025,trending,0.15737474521063113,0.33578873183823343,0.5068365229511353,3
1791111600000,85264.01,85263.44,-0.0003167829024961488,1.0,0.0025,trending,0.16545453069957802,0.30278773726158104,0.5317577320388409,3
1791112500000,85263.43,85312.01,-0.0004220976624509376,1.0,0.0025,trending,0.1966521586739762,0.30476534321516413,0.4985824981108596,3
1791113400000,85312.0,85274.73,-0.0009084754651231819,1.0,0.0025,trending,0.19199443885836612,0.30065449257335247,0.5073510685682814,3
1791114300000,85274.72,85309.46,-0.002127782780479537,1.0,0.0025,trending,0.2917932749454932,0.3704501184678185,0.33775660658668827,3
1791115200000,85309.47,85236.43,-0.0008753299498815981,1.0,0.0025,trending,0.1919383144651667,0.23769176136520123,0.5703699241696321,3
1791116100000,85236.42,85276.0,-0.0005863314414372711,1.0,0.0025,trending,0.20743339389746937,0.2613194761358838,0.5312471299666469,3
1791117000000,85276.01,85197.26,0.00036104447490448166,1.0,0.0025,trending,0.13897038429449304,0.28634478575639505,0.5746848299491119,3
1791117900000,85197.27,85127.94,0.0013297631776358898,1.0,0.0025,trending,0.2463496883475629,0.31537166404738903,0.43827864760504814,3
1791118800000,85127.94,85161.82,0.0005656290577162881,1.0,0.0025,trending,0.22101278444229994,0.38567039442136214,0.393316821136338,3
1791119700000,85161.83,85226.0,-0.000448572032008987,1.0,0.0025,trending,0.2754217956275473,0.38363122145624684,0.3409469829162058,3
1791120600000,85226.01,85228.02,-0.0011870509252708272,1.0,0.0025,trending,0.309511984932114,0.32824510435756926,0.3622429107103167,3
1791121500000,85228.02,85241.14,0.000437582134636072,1.0,0.0025,trending,0.26854979743059815,0.3406623577970855,0.3907878447723163,3
1791122400000,85241.15,85209.99,0.0016149514863221803,1.0,0.0025,trending,0.27907612837472473,0.3079085200076118,0.4130153516176634,3
1791123300000,85209.99,85187.77,0.0015523355054369858,1.0,0.0025,trending,0.2550327726512848,0.3128128125407807,0.4321544148079345,3
1791124200000,85187.78,85126.85,0.0025365674872264155,2.0,0.0025,trending,0.25510223436470275,0.31074372024768404,0.43415404538761326,3
1791125100000,85126.85,85278.44,-0.00026302075882256304,1.0,0.0025,trending,0.23272045321236243,0.31844560970513514,0.4488339370825024,3
1791126000000,85278.45,85347.6,-0.0006619986970928249,1.0,0.0025,trending,0.2557584925921278,0.3246897416433333,0.41955176576453884,3
1791126900000,85347.6,85320.01,-0.0008942802514907422,1.0,0.0025,trending,0.30345616289442046,0.2886355827839927,0.4079082543215869,3
1791127800000,85320.01,85342.78,3.0348202858965223e-05,1.0,0.0025,trending,0.2680528650292197,0.32330066139792685,0.40864647357285344,3
1791128700000,85342.77,85256.01,0.001383949354420988,1.0,0.0025,trending,0.2396827259290755,0.32652096753856724,0.4337963065323573,3
1791129600000,85256.01,85291.1,0.0003135145402040074,1.0,0.0025,trending,0.31199317601579557,0.3258946597072526,0.3621121642769518,3
1791130500000,85291.09,85243.71,0.0016692140686977996,1.0,0.0025,trending,0.26420960701737134,0.33303640243292587,0.4027539905497028,3
1791131400000,85243.7,85345.37,0.0008744469676562616,1.0,0.0025,trending,0.2512492515999469,0.382951200780391,0.3657995476196621,3
1791132300000,85345.37,85374.0,-0.0006380162578770721,1.0,0.0025,trending,0.2679094838704593,0.39137210177257953,0.3407184143569611,3
1791133200000,85374.0,85317.84,1.7581317107939753e-05,1.0,0.0025,trending,0.2395596564422351,0.42778743117976686,0.33265291237799793,3
1791134100000,85317.85,85386.0,-0.0007029255381444388,1.0,0.0025,low_liquidity,0.309968169911657,0.41865266064171397,0.2713791694466291,3
1791135000000,85386.0,85420.0,-0.0009103254507140113,1.0,0.0025,trending,0.33427068739826526,0.4185273500252187,0.2472019625765162,3
1791135900000,85420.0,85319.53,0.00022632567244573742,1.0,0.0025,trending,0.2130705461185072,0.38574181258972623,0.40118764129176665,3
1791136800000,85319.54,85319.34,0.0008046241332857473,1.0,0.0025,low_liquidity,0.19023874568655114,0.520729415635722,0.28903183867772697,3
1791137700000,85319.34,85325.98,0.0015999816234164577,1.0,0.0025,low_liquidity,0.1822180323023544,0.5189574341037485,0.2988245335938971,3
1791138600000,85325.97,85342.24,0.0011321474571091006,1.0,0.0025,trending,0.1712712521823492,0.5295830064193822,0.29914574139826866,3
1791139500000,85342.24,85338.84,0.0010447763292775747,1.0,0.0025,trending,0.2051338957207109,0.4313690402276965,0.3634970640515926,3
1791140400000,85338.84,85387.99,0.000555113195661372,1.0,0.0025,trending,0.22853628630797124,0.40797281265415064,0.3634909010378781,3
1791141300000,85387.99,85462.5,0.00013807225391260225,1.0,0.0025,trending,0.24495547450490818,0.47826950268960977,0.27677502280548216,3
1791142200000,85462.5,85438.86,0.003746772838495227,2.0,0.0025,trending,0.30415727734012277,0.3951901061456494,0.30065261651422787,3
1791143100000,85438.86,85428.0,0.004640633047712672,2.0,0.0025,trending,0.18686006258177135,0.333581393185545,0.47955854423268374,3
1791144000000,85428.0,85435.39,0.006936703864756755,2.0,0.0025,trending,0.19226860865323678,0.35904247521107774,0.4486889161356855,3
1791144900000,85435.39,85474.3,0.0041302473375037785,2.0,0.0025,trending,0.2374452719582783,0.3399850399937021,0.4225696880480196,3
1791145800000,85474.3,85758.98,0.0026352925372945535,2.0,0.0025,trending,0.2455481209391788,0.5042471239073539,0.2502047551534673,3
1791146700000,85758.98,85824.44,0.0004774863663543627,1.0,0.0025,trending,0.20928441582821095,0.473726412746845,0.31698917142494404,3
1791147600000,85824.45,86028.03,0.0034486434247071873,2.0,0.0025,trending,0.3058373481123269,0.3490039728945226,0.34515867899315045,3
1791148500000,86028.02,85827.33,0.004864301382788039,2.0,0.0025,trending,0.2495955113290699,0.29410542757132685,0.4562990610996033,3
1791149400000,85827.34,85984.98,0.004547538418919306,2.0,0.0025,trending,0.2599719017704324,0.31947682197426297,0.4205512762553046,3
1791150300000,85984.99,85865.42,0.00655199729996081,2.0,0.0025,high_volatility,0.2395892858974185,0.22534009900580637,0.5350706150967751,3
1791151200000,85865.43,86324.71,0.0029806065957243,2.0,0.0025,high_volatility,0.3481583627051392,0.12023349887935682,0.5316081384155039,3
1791152100000,86324.71,86244.82,0.0051387434051111125,2.0,0.0025,high_volatility,0.2801964342665087,0.10050901699300224,0.6192945487404892,3
1791153000000,86244.83,86376.0,0.0017038297675280312,1.0,0.0025,high_volatility,0.29699001963273564,0.10324605226618451,0.5997639281010798,3
1791153900000,86376.0,86428.01,0.0011800572522728814,1.0,0.0025,high_volatility,0.3476339990802864,0.15597351716110452,0.49639248375860906,3
1791154800000,86428.01,86582.01,-0.0025642740333701175,0.0,0.0025,high_volatility,0.3925314975960293,0.14034524891524408,0.4671232534887267,3
1791155700000,86582.0,86688.01,-0.0047758623136001654,0.0,0.0025,high_volatility,0.39910180650534066,0.12272853384775252,0.47816965964690683,3
1791156600000,86688.0,86523.17,0.001142352967419047,1.0,0.0025,high_volatility,0.3748511895940401,0.15892568706659682,0.466223123339363,3
1791157500000,86523.18,86530.0,0.0014152317115452284,1.0,0.0025,high_volatility,0.5193874317097431,0.14461205465024154,0.3360005136400154,3
1791158400000,86530.0,86359.99,0.004530222849724597,2.0,0.0025,high_volatility,0.4250065348559359,0.1430729989671019,0.43192046617696217,3
1791159300000,86359.99,86274.0,0.007773720935623674,2.0,0.0025,high_volatility,0.40681004298677637,0.16905481906810266,0.4241351379451211,3
1791160200000,86274.01,86622.01,0.0011543255576729194,1.0,0.0025,high_volatility,0.5320766484608316,0.1539527134068713,0.31397063813229714,3
1791161100000,86622.01,86652.46,-0.00042872412393146764,1.0,0.0025,high_volatility,0.518917274426238,0.1476234087357498,0.3334593168380121,3
1791162000000,86652.45,86751.22,-0.0009591795942467396,1.0,0.0025,high_volatility,0.5724457491492994,0.10826351301015844,0.3192907378405421,3
1791162900000,86751.23,86944.67,-0.0049789136010292,0.0,0.0025,high_volatility,0.5946776133799664,0.10267001675343845,0.3026523698665951,3
1791163800000,86944.68,86722.0,-0.0004613592859942228,1.0,0.0025,high_volatility,0.5113913322821917,0.13532587546893354,0.3532827922488747,3
1791164700000,86722.01,86615.31,-0.0010772922246655714,1.0,0.0025,high_volatility,0.4303351000312493,0.11267226350544322,0.4569926364633074,3
1791165600000,86615.31,86668.01,-0.001938662258427204,1.0,0.0025,high_volatility,0.3823634827329187,0.11065621288768909,0.5069803043793922,3
1791166500000,86668.0,86511.78,-0.0006678859225875966,1.0,0.0025,high_volatility,0.3149312005778596,0.13970316498608756,0.5453656344360529,3
1791167400000,86511.79,86681.99,-0.004868139275528982,0.0,0.0025,high_volatility,0.37062886136738815,0.1421547958023492,0.4872163428302626,3
1791168300000,86681.99,86522.0,-0.00505039180786393,0.0,0.0025,high_volatility,0.29817680914692546,0.16152856398281545,0.540294626870259,3
1791169200000,86522.01,86499.99,-0.006167746377774286,0.0,0.0025,high_volatility,0.3907058115386652,0.17991102108189252,0.42938316737944215,3
1791170100000,86499.99,86454.0,-0.007807620237351709,0.0,0.0025,high_volatility,0.37865584339817177,0.1836661166051652,0.43767803999666305,3
1791171000000,86454.0,86260.01,-0.0074232544141833445,0.0,0.0025,high_volatility,0.3243116194410454,0.18279367664739687,0.4928947039115577,3
1791171900000,86260.02,86085.03,-0.00635429876716076,0.0,0.0025,high_volatility,0.42433539257840536,0.30177192683558735,0.27389268058600724,3
1791172800000,86085.02,85966.48,-0.005216800780955544,0.0,0.0025,high_volatility,0.39081075076705857,0.32644898872234007,0.2827402605106014,3
1791173700000,85966.47,85779.0,-0.0027626808426304272,0.0,0.0025,high_volatility,0.4463231834923057,0.2612278884791277,0.2924489280285665,3
1791174600000,85778.99,85619.68,0.001919184935052387,1.0,0.0025,high_volatility,0.38457997547892114,0.2914422962804557,0.32397772824062315,3
1791175500000,85619.68,85538.02,0.002683601981902317,2.0,0.0025,high_volatility,0.2847354160575611,0.4600941909468112,0.25517039299562766,3
1791176400000,85538.02,85518.01,0.0046641637241091605,2.0,0.0025,high_volatility,0.29384708596225373,0.4951170475194242,0.21103586651832215,3
1791177300000,85518.01,85542.02,0.003951040669836869,2.0,0.0025,high_volatility,0.3201014243181058,0.4888449286566552,0.19105364702523903,3
1791178200000,85542.03,85784.0,0.0003498321365289492,1.0,0.0025,high_volatility,0.35179303425644437,0.42939060171788657,0.21881636402566912,3
1791179100000,85784.0,85767.57,0.0057414474958308315,2.0,0.0025,high_volatility,0.3661771311258904,0.3723225695644031,0.2615002993097064,3
1791180000000,85767.58,85916.88,0.004831646586794136,2.0,0.0025,trending,0.6454574952034778,0.2285967619617511,0.1259457428347711,4
1791180900000,85916.87,85880.0,0.00477410340009321,2.0,0.0025,trending,0.5922063876082346,0.2635536822890005,0.14423993010276487,4
1791181800000,85880.01,85814.01,0.006707995582539539,2.0,0.0025,trending,0.5811228039289096,0.272505547316809,0.14637164875428124,4
1791182700000,85814.01,86260.0,-8.39322977046475e-05,1.0,0.0025,high_volatility,0.7462536080712204,0.13400074668157536,0.11974564524720427,4
1791183600000,86260.01,86332.0,0.0011351526664504785,1.0,0.0025,high_volatility,0.7552559718321779,0.14227569979550092,0.10246832837232106,4
1791184500000,86332.01,86290.0,0.0016413257619656285,1.0,0.0025,high_volatility,0.6791034816119464,0.18826158130018106,0.1326349370878724,4
1791185400000,86290.01,86389.65,-0.0014543408845851813,1.0,0.0025,high_volatility,0.6682840858642618,0.22933498963671967,0.1023809244990185,4
1791186300000,86389.65,86252.76,-0.0004841584199739568,1.0,0.0025,high_volatility,0.6202840845791721,0.19059291198001532,0.1891230034408126,4
1791187200000,86252.76,86430.0,-0.005351035520074099,0.0,0.0025,high_volatility,0.665945772625671,0.1621431358576771,0.17191109151665177,4
1791188100000,86430.0,86431.63,-0.0064515733418426535,0.0,0.0025,high_volatility,0.568358399552307,0.2665960750049416,0.1650455254427513,4
1791189000000,86431.63,86264.01,-0.0032286929392685293,0.0,0.0025,high_volatility,0.5203310766580869,0.22282182240647028,0.25684710093544283,4
1791189900000,86264.0,86211.0,-0.0027839834823861764,0.0,0.0025,high_volatility,0.5513369802615656,0.2208245032937714,0.2278385164446629,4
1791190800000,86211.0,85967.51,0.0007269025239884375,1.0,0.0025,high_volatility,0.5070208821219757,0.17534474285178392,0.31763437502624037,4
1791191700000,85967.51,85874.01,0.0022215103265819103,1.0,0.0025,high_volatility,0.5285899252034408,0.176538028994176,0.2948720458023832,4
1791192600000,85874.0,85985.49,0.0005276471646553649,1.0,0.0025,high_volatility,0.61023734835575,0.18741637045076923,0.20234628119348075,4
1791193500000,85984.12,85970.99,0.001699992055459676,1.0,0.0025,low_liquidity,0.4411653414123627,0.4111594692573373,0.1476751893303,4
1791194400000,85970.99,86030.0,-0.0009545507381145679,1.0,0.0025,ranging,0.4433151117137186,0.3576512763791239,0.19903361190715735,4
1791195300000,86030.01,86064.78,0.001687449848823075,1.0,0.0025,ranging,0.4630306176624771,0.23693374039287368,0.30003564194464927,4
1791196200000,86064.78,86030.86,0.0005480591499376075,1.0,0.0025,ranging,0.38514262824203704,0.24120765966596228,0.37364971209200054,4
1791197100000,86030.86,86117.14,0.0011479712401039066,1.0,0.0025,low_liquidity,0.37821634865306647,0.2977477396472671,0.3240359116996664,4
1791198000000,86117.15,85947.88,0.0023016274514273682,1.0,0.0025,ranging,0.34039855133275987,0.25924324505111523,0.4003582036161249,4
1791198900000,85947.87,86210.01,-0.0018560489669354752,1.0,0.0025,ranging,0.36068079252189816,0.3098192703888845,0.3294999370892174,4
1791199800000,86210.01,86078.01,-0.0019517179823278497,1.0,0.0025,ranging,0.3155690763884912,0.2717496048003389,0.41268131881116993,4
1791200700000,86078.01,86216.0,-0.0036187018650830627,0.0,0.0025,ranging,0.34607171616519433,0.3965979889168889,0.25733029491791687,4
1791201600000,86216.01,86145.7,-0.0001962953461404071,1.0,0.0025,ranging,0.3120984240355925,0.4016505729858155,0.2862510029785919,4
1791202500000,86145.7,86050.0,0.0006972690296338513,1.0,0.0025,ranging,0.3110366219038724,0.44610527005763023,0.24285810803849736,4
1791203400000,86050.01,85910.01,0.0008845302194704363,1.0,0.0025,ranging,0.3361292554019838,0.34317992645159434,0.3206908181464219,4
1791204300000,85910.0,85904.01,0.006146395261408699,2.0,0.0025,ranging,0.2976485606093883,0.5299934065156852,0.17235803287492643,4
1791205200000,85904.0,86128.79,0.0059718707298686,2.0,0.0025,ranging,0.3104133165939011,0.5326434717357128,0.15694321167038602,4
1791206100000,86128.79,86110.0,0.0019974451283242267,1.0,0.0025,ranging,0.34410682120264297,0.46134246918006155,0.19455070961729548,4
1791207000000,86110.0,85986.0,-0.002655315981671569,0.0,0.0025,ranging,0.4938750810103925,0.29303791168112525,0.21308700730848226,4
1791207900000,85986.0,86432.01,-0.009102530416682408,0.0,0.0025,high_volatility,0.4630708997112904,0.13206254007247725,0.4048665602162324,4
1791208800000,86432.0,86643.14,-0.012847295238838319,0.0,0.0025,high_volatility,0.4798111368106349,0.12475111982060777,0.39543774336875726,4
1791209700000,86643.15,86282.0,-0.008524025868663188,0.0,0.0025,high_volatility,0.4496966595229945,0.28738101639127583,0.26292232408572974,4
1791210600000,86282.0,85757.68,-0.004769135545644287,0.0,0.0025,high_volatility,0.5343900518398457,0.10900745988200936,0.35660248827814506,4
1791211500000,85757.68,85645.26,-0.004384130540324049,0.0,0.0025,high_volatility,0.4730404048458231,0.1652349420040409,0.36172465315013597,4
1791212400000,85645.25,85530.01,-0.0031334031178062993,0.0,0.0025,high_volatility,0.4476430042312356,0.19065256919895446,0.36170442656981,4
1791213300000,85530.01,85546.53,-0.0048045198326570615,0.0,0.0025,high_volatility,0.3887868076680177,0.2591763379588623,0.35203685437311993,4
1791214200000,85546.52,85348.69,-0.0018827471165638876,1.0,0.0025,high_volatility,0.4429488257599516,0.16240259392896977,0.39464858031107863,4
1791215100000,85348.7,85269.78,0.0003544045733436807,1.0,0.0025,high_volatility,0.3368216709719303,0.279888495161758,0.38328983386631166,4
1791216000000,85269.79,85262.01,4.6796926321590604e-05,1.0,0.0025,high_volatility,0.2951504672474598,0.35478894804073885,0.35006058471180124,4
1791216900000,85262.01,85135.52,0.0027073306182894274,2.0,0.0025,high_volatility,0.3444253060884464,0.32214753365692855,0.33342716025462515,4
1791217800000,85135.52,85188.0,0.001649645489975038,1.0,0.0025,high_volatility,0.39649568957932624,0.3391634793064029,0.2643408311142708,4
1791218700000,85188.0,85300.0,0.0015151230949590477,1.0,0.0025,high_volatility,0.3698425016145746,0.3900307053995922,0.24012679298583317,4
1791219600000,85300.0,85266.0,0.0021499777167921508,1.0,0.0025,high_volatility,0.3020460455316861,0.48557258206658926,0.21238137240172467,4
1791220500000,85266.01,85366.01,0.002342852852089461,1.0,0.0025,high_volatility,0.3954427097981395,0.41447848277870014,0.1900788074231603,4
1791221400000,85366.01,85328.53,0.0033853858726968777,2.0,0.0025,high_volatility,0.2789436193295369,0.478417469782018,0.24263891088844505,4
1791222300000,85328.53,85429.24,0.002574060122740196,2.0,0.0025,trending,0.3822368674033808,0.4932452115766147,0.1245179210200045,4
1791223200000,85429.24,85449.32,0.0025720508951971865,2.0,0.0025,ranging,0.31467179545536494,0.5499838977170054,0.13534430682762955,4
1791224100000,85449.33,85566.01,0.0018933920139552196,1.0,0.0025,ranging,0.3511750881554415,0.5039226580388526,0.1449022538057058,4
1791225000000,85566.01,85617.4,0.001160394966443823,1.0,0.0025,ranging,0.2712808824995418,0.6038553038894154,0.12486381361104275,4
1791225900000,85617.41,85649.14,0.0008740309593300299,1.0,0.0025,ranging,0.24699703456113595,0.614598851026282,0.1384041144125821,4
1791226800000,85649.15,85669.1,0.00013610508339634286,1.0,0.0025,ranging,0.20544458940914173,0.6670729720165747,0.12748243857428357,4
1791227700000,85669.09,85728.02,0.000489804850269282,1.0,0.0025,ranging,0.26964648909908634,0.557737977285238,0.17261553361567558,4
1791228600000,85728.01,85716.75,0.00100307116170395,1.0,0.0025,ranging,0.2098646680330405,0.6534755722518399,0.13665975971511954,4
1791229500000,85716.74,85724.0,0.0006992207549811891,1.0,0.0025,ranging,0.1863922935310019,0.6779599948619556,0.13564771160704253,4
1791230400000,85724.0,85680.76,0.0008146519708742694,1.0,0.0025,ranging,0.1840427949491436,0.6507013494522059,0.16525585559865055,4
1791231300000,85680.76,85770.01,0.00039629236372951127,1.0,0.0025,ranging,0.22897349510584378,0.6482971328712902,0.12272937202286605,4
1791232200000,85770.01,85802.73,0.001428625872393674,1.0,0.0025,ranging,0.1508549731156208,0.7429172150377686,0.10622781184661056,4
1791233100000,85802.72,85783.94,0.0019240198107011164,1.0,0.0025,ranging,0.11713918166896013,0.7889338153074738,0.09392700302356609,4
1791234000000,85783.95,85750.56,0.0024937446472652613,1.0,0.0025,ranging,0.11675587552183382,0.783141280573126,0.10010284390504016,4
1791234900000,85750.57,85804.0,0.0023579320311408747,1.0,0.0025,ranging,0.07784251910920509,0.8225556724131593,0.0996018084776357,4
1791235800000,85803.99,85925.31,0.0005860904080532414,1.0,0.0025,ranging,0.11303214696896996,0.7719457886181957,0.11502206441283429,4
1791236700000,85925.31,85948.99,-0.00024409827270810425,1.0,0.0025,ranging,0.1252962723954004,0.730398888694975,0.1443048389096246,4
1791237600000,85948.99,85964.4,-0.001144776209686671,1.0,0.0025,ranging,0.1323508087254871,0.7180340887966699,0.14961510247784293,4
1791238500000,85964.41,86006.32,-0.0009812069624652864,1.0,0.0025,ranging,0.1604976878447007,0.6238790673996663,0.21562324475563308,4
1791239400000,86006.33,85975.67,-0.0015992896595048434,1.0,0.0025,ranging,0.10341373865830246,0.6446970629893746,0.2518891983523229,4
1791240300000,85975.68,85928.01,-0.0018752907230134008,1.0,0.0025,ranging,0.06103481424773634,0.8138487202025827,0.125116465549681,4
1791241200000,85928.01,85865.99,-0.0005039247785998402,1.0,0.0025,ranging,0.09179421852996054,0.6655455338330255,0.2426602476370139,4
1791242100000,85866.0,85921.93,-0.0011673387690428472,1.0,0.0025,ranging,0.09048994888463945,0.6781428971924849,0.23136715392287568,4
1791243000000,85921.94,85838.17,-0.0005538328694565386,1.0,0.0025,ranging,0.06586367281312998,0.6883186757281672,0.24581765145870277,4
1791243900000,85838.17,85766.87,0.0015756666880812897,1.0,0.0025,ranging,0.16237198954265145,0.6833591802120805,0.1542688302452681,4
1791244800000,85766.87,85822.72,0.0028567027472445883,2.0,0.0025,ranging,0.12796968758562138,0.7836889497668631,0.0883413626475155,4
1791245700000,85822.71,85821.63,0.0017754265445668604,1.0,0.0025,ranging,0.19527934768503252,0.6475539269703477,0.15716672534461967,4
1791246600000,85821.62,85790.63,-0.0014713728060979925,1.0,0.0025,ranging,0.18396677679459023,0.7409916136633432,0.07504160954206664,4
1791247500000,85790.63,85902.01,-0.0027134405818909357,0.0,0.0025,ranging,0.20515572661084439,0.7095686207105433,0.08527565267861222,4
1791248400000,85902.01,86067.89,-0.007045136112898809,0.0,0.0025,ranging,0.2556076548969807,0.49736724703045593,0.24702509807256343,4
1791249300000,86067.89,85974.0,-0.004001093353804719,0.0,0.0025,ranging,0.24073345056293394,0.5462235310651681,0.2130430183718979,4
1791250200000,85974.0,85664.4,-0.0008450418143359784,1.0,0.0025,ranging,0.3129564796241314,0.3333884531995001,0.35365506717636847,4
1791251100000,85664.41,85668.92,-0.0015290259291235175,1.0,0.0025,ranging,0.2728204909279537,0.4706693155213242,0.256510193550722,4
1791252000000,85668.92,85461.53,0.0007778938663980384,1.0,0.0025,ranging,0.2464271737716414,0.4112542543046775,0.342318571923681,4
1791252900000,85461.54,85630.01,-0.0019034214757185364,1.0,0.0025,ranging,0.2803551939849728,0.45482166223106113,0.264823143783966,4
1791253800000,85630.01,85592.01,-0.0013768808560518098,1.0,0.0025,ranging,0.2642381105947614,0.4436820275952932,0.29207986180994544,4
1791254700000,85592.0,85537.93,-0.00025322099798286146,1.0,0.0025,ranging,0.21810768144506035,0.4661671786937715,0.3157251398611682,4
1791255600000,85537.94,85528.01,0.0011692076081275538,1.0,0.0025,ranging,0.19421346649481389,0.5979645925908283,0.20782194091435774,4
1791256500000,85528.0,85467.02,0.0014150487521384925,1.0,0.0025,ranging,0.22864570287497166,0.47863808419292037,0.2927162129321079,4
1791257400000,85467.01,85474.16,0.001355263391883632,1.0,0.0025,ranging,0.27692992805875943,0.4225161620689669,0.30055390987227376,4
1791258300000,85474.16,85516.27,0.0012598772140084424,1.0,0.0025,ranging,0.32261011042870613,0.31580429957972456,0.36158558999156937,4
1791259200000,85516.27,85628.01,0.0009559955906952577,1.0,0.0025,low_liquidity,0.2780739559093593,0.39670957541085056,0.3252164686797902,4
1791260100000,85628.0,85587.96,0.001075268063405188,1.0,0.0025,ranging,0.19286308006536965,0.6587770271468762,0.14835989278775394,4
1791261000000,85587.97,85590.0,4.673443159242119e-05,1.0,0.0025,ranging,0.21973389016662104,0.5849636961589885,0.19530241367439047,4
1791261900000,85589.99,85624.01,-0.0012339996690179378,1.0,0.0025,ranging,0.17096839240295936,0.7510018996767828,0.0780297079202578,4
1791262800000,85624.0,85709.87,-0.006405446653926727,0.0,0.0025,ranging,0.2245375373679019,0.6258258151712371,0.14963664746086106,4
1791263700000,85709.87,85679.99,-0.004871849308105691,0.0,0.0025,low_liquidity,0.14775933337359426,0.7727041913785512,0.07953647524785448,4
1791264600000,85679.99,85594.0,-0.0029033577119891296,0.0,0.0025,ranging,0.18974471183088248,0.6776286885192403,0.13262659964987716,4
1791265500000,85594.01,85518.35,-0.0024363192227165875,1.0,0.0025,ranging,0.1506727747320071,0.6829064170574427,0.1664208082105502,4
1791266400000,85518.36,85160.86,0.002526277916873987,2.0,0.0025,ranging,0.24414591844929137,0.3326399232360981,0.4232141583146105,4
1791267300000,85160.86,85262.57,0.0005239110198063113,1.0,0.0025,ranging,0.29086593045809644,0.33691327604875265,0.37222079349315096,4
1791268200000,85262.57,85345.49,0.002067830414940408,1.0,0.0025,ranging,0.23839520280109566,0.5924252061145575,0.1691795910843469,4
1791269100000,85345.49,85310.0,0.0028718790294222085,2.0,0.0025,ranging,0.24119273531259605,0.5470328600783999,0.21177440460900399,4
1791270000000,85310.0,85376.0,0.00484773238380809,2.0,0.0025,ranging,0.27880963834633105,0.5029672333947891,0.21822312825887988,4
1791270900000,85376.01,85307.24,0.006767538136270623,2.0,0.0025,ranging,0.2276289303488539,0.5779709857304405,0.19440008392070554,4
1791271800000,85307.24,85521.97,0.005145344523752149,2.0,0.0025,ranging,0.3918453588951553,0.4653156581301749,0.14283898297466982,4
1791272700000,85521.98,85555.0,0.005515633218397431,2.0,0.0025,ranging,0.3301417417747162,0.38093282370233844,0.28892543452294545,4
1791273600000,85555.01,85789.88,0.0016061334973307417,1.0,0.0025,ranging,0.4769330671403535,0.15508800876262416,0.3679789240970223,4
1791274500000,85788.64,85884.56,-0.0012408516734555564,1.0,0.0025,ranging,0.40684653512344277,0.2809309037156345,0.3122225611609227,4
1791275400000,85884.56,85962.01,-0.0006271374994604173,1.0,0.0025,ranging,0.4282573820434954,0.30445576924816664,0.2672868487083379,4
1791276300000,85962.0,86026.89,-0.0004054546200612519,1.0,0.0025,ranging,0.41961793243863266,0.3835281519726108,0.19685391558875656,4
1791277200000,86026.89,85927.67,0.002800145750490035,2.0,0.0025,ranging,0.4577131354174756,0.35714271032437944,0.18514415425814504,4
1791278100000,85927.67,85777.99,0.004178344584665483,2.0,0.0025,ranging,0.547454823441935,0.16258350134991165,0.2899616752081534,4
1791279000000,85777.99,85908.1,0.00329340306676551,2.0,0.0025,ranging,0.4675001157386444,0.2366333083316268,0.2958665759297288,4
1791279900000,85908.1,85992.01,0.001920410977717557,1.0,0.0025,ranging,0.5133501175238748,0.239592552856915,0.24705732961921026,4
1791280800000,85992.0,86168.28,0.00019102156849371,1.0,0.0025,ranging,0.5088667100387017,0.22120098567398785,0.2699323042873104,4
1791281700000,86168.28,86136.4,0.0007370867600688946,1.0,0.0025,ranging,0.5121242622086684,0.2223903189194617,0.26548541887186994,4
1791282600000,86136.41,86191.03,0.0015427359436359644,1.0,0.0025,ranging,0.5211690780515722,0.21975114154794487,0.25907978040048285,4
1791283500000,86191.04,86157.15,0.0009849443719993634,1.0,0.0025,ranging,0.5120446982248954,0.28302475359727436,0.2049305481778303,4
1791284400000,86157.15,86184.74,0.0023002912116460994,1.0,0.0025,ranging,0.49534156046910865,0.27137142126791136,0.23328701826297996,4
1791285300000,86184.74,86199.89,-0.0006013928788075606,1.0,0.0025,ranging,0.5209114178731075,0.2819372257429159,0.19715135638397654,4
1791286200000,86199.89,86324.0,-0.0006950558361521475,1.0,0.0025,trending,0.49854206336339335,0.3194464647334414,0.1820114719031653,4
1791287100000,86324.01,86242.01,-0.000324667757627628,1.0,0.0025,trending,0.3077061344146271,0.4191728650535599,0.273121000531813,4
1791288000000,86242.01,86382.99,-0.003450216298370834,0.0,0.0025,trending,0.410317325174863,0.3394405236107374,0.2502421512143995,4
1791288900000,86382.99,86148.05,-0.0014622501612050476,1.0,0.0025,trending,0.33159684635399056,0.3242668769914769,0.34413627665453256,4
1791289800000,86148.05,86264.0,0.0012287860521191796,1.0,0.0025,trending,0.43665619680566264,0.2993182265097397,0.26402557668459753,4
1791290700000,86264.0,86214.01,0.0012758947182713865,1.0,0.0025,trending,0.4466964606690607,0.304273973450581,0.2490295658803583,4
1791291600000,86214.0,86084.95,0.0027505388572566236,2.0,0.0025,trending,0.3748266882494081,0.29433178197465987,0.33084152977593206,4
1791292500000,86084.95,86022.08,6.881954028536974e-05,1.0,0.0025,trending,0.39517678229935627,0.26040838304823327,0.3444148346524104,4
1791293400000,86022.09,86370.0,-0.0006462892207943494,1.0,0.0025,trending,0.5010299584523781,0.2596547830878707,0.23931525845975116,4
1791294300000,86370.0,86324.01,0.003146285720508235,2.0,0.0025,trending,0.5855066677191157,0.2260950549842561,0.1883982772966283,4
1791295200000,86324.01,86321.73,0.0032242171235448147,2.0,0.0025,trending,0.5882362938368595,0.22781719097035014,0.1839465151927904,4
1791296100000,86321.74,86028.0,0.002837564513879176,2.0,0.0025,ranging,0.4824722379263772,0.19160448664681964,0.3259232754268031,4
1791297000000,86028.01,86314.18,-0.002515461538301067,0.0,0.0025,ranging,0.5141361884740691,0.21504614455675716,0.2708176669691739,4
1791297900000,86314.17,86595.61,-0.010103976402499049,0.0,0.0025,high_volatility,0.7102072337076871,0.12872546058015324,0.16106730571215963,4
1791298800000,86595.6,86600.05,-0.009229555872080852,0.0,0.0025,high_volatility,0.7016660021028032,0.1412543208731052,0.15707967702409173,4
1791299700000,86600.06,86272.11,-0.006422817292865535,0.0,0.0025,high_volatility,0.5180716719266087,0.17008281367094874,0.3118455144024426,4
1791300600000,86272.1,86097.06,-0.0043919037421255025,0.0,0.0025,high_volatility,0.513815493752378,0.13442561922173715,0.3517588870258849,4
1791301500000,86097.07,85720.65,-0.001556567758177252,1.0,0.0025,high_volatility,0.6675687272734471,0.14790292808015013,0.18452834464640283,4
1791302400000,85720.65,85800.77,-0.0029773625574689433,0.0,0.0025,high_volatility,0.6191699452790486,0.19518141106452477,0.18564864365642675,4
1791303300000,85800.76,85718.0,-0.0009737744697729811,1.0,0.0025,high_volatility,0.5117664778913729,0.27009771920127007,0.218135802907357,4
1791304200000,85718.0,85718.93,-0.0013870915094249536,1.0,0.0025,high_volatility,0.5622906378242417,0.2364073578715302,0.2013020043042282,4
1791305100000,85718.92,85587.22,0.00154462313415471,1.0,0.0025,high_volatility,0.4254533301918506,0.2808344833133201,0.2937121864948292,4
1791306000000,85587.22,85545.31,0.002747900498577982,2.0,0.0025,ranging,0.46078218859416586,0.229461651036045,0.3097561603697892,4
1791306900000,85545.31,85634.53,0.0010447888252553827,1.0,0.0025,ranging,0.5585870110767486,0.21126511212407045,0.23014787679918106,4
1791307800000,85634.53,85600.03,0.00033644848021663343,1.0,0.0025,trending,0.4932085304923307,0.29199038359497387,0.2148010859126955,4
1791308700000,85600.03,85719.42,-0.0024772682782966404,1.0,0.0025,trending,0.45889708654668615,0.29957293892215453,0.2415299745311593,4
1791309600000,85719.43,85780.38,-0.0032939933350726314,0.0,0.0025,trending,0.44146395880954137,0.3267850312070684,0.23175100998339018,4
1791310500000,85780.37,85724.0,-0.0026374177593205816,0.0,0.0025,ranging,0.45839245513496074,0.306481379772334,0.23512616509270534,4
1791311400000,85724.0,85628.83,-0.0015045166446862046,1.0,0.0025,trending,0.41036528464323213,0.4070749487855665,0.18255976657120135,4
1791312300000,85628.82,85507.07,0.0012505398676390111,1.0,0.0025,trending,0.2856773530629455,0.35152332944139936,0.3627993174956551,4
1791313200000,85507.07,85497.82,0.001475944065006507,1.0,0.0025,trending,0.35111696734224856,0.2642057816504892,0.38467725100726236,4
1791314100000,85497.83,85497.91,0.0012704404119352475,1.0,0.0025,trending,0.3891536276338226,0.36376937266820064,0.2470769996979767,4
1791315000000,85497.91,85500.0,0.0014485380116959767,1.0,0.0025,trending,0.39411463937634905,0.3565067706808566,0.24937858994279435,4
1791315900000,85500.0,85614.0,-3.0252061578694978e-05,1.0,0.0025,trending,0.4014526495849482,0.3211539849497181,0.2773933654653338,4
1791316800000,85614.0,85624.01,-0.0007265485463714416,1.0,0.0025,low_liquidity,0.32798688713598734,0.5506388160326707,0.12137429683134206,4
1791317700000,85624.0,85606.53,-0.00030978945180937245,1.0,0.0025,trending,0.26880729112362695,0.567838228417566,0.16335448045880696,4
1791318600000,85606.54,85623.85,-0.0004550134103992187,1.0,0.0025,low_liquidity,0.2692940120781895,0.5830153161733691,0.14769067174844144,4
1791319500000,85623.85,85611.41,-1.646976728919558e-05,1.0,0.0025,low_liquidity,0.20378394309871584,0.6749305207985272,0.1212855361027571,4
1791320400000,85611.42,85561.8,0.00025361785282673743,1.0,0.0025,ranging,0.21957202415612942,0.5572533994268107,0.22317457641705976,4
1791321300000,85561.79,85580.01,-0.0010668379216126622,1.0,0.0025,ranging,0.17209371058039452,0.6614223036679334,0.16648398575167206,4
1791322200000,85580.0,85584.89,-0.00038417996447748237,1.0,0.0025,low_liquidity,0.1478478083871299,0.7764792019153792,0.07567298969749083,4
1791323100000,85584.88,85610.0,-0.0008815558930032052,1.0,0.0025,low_liquidity,0.14728930349310218,0.8062277800913811,0.04648291641551676,4
1791324000000,85609.99,85583.5,-0.0010006601739821486,1.0,0.0025,ranging,0.16395333702429332,0.7686482012674285,0.06739846170827828,4
1791324900000,85583.51,85488.71,0.00011685753592471926,1.0,0.0025,ranging,0.18861605115814728,0.6458226472638475,0.16556130157800517,4
1791325800000,85488.72,85552.01,0.0002728165007461758,1.0,0.0025,low_liquidity,0.17219490489854056,0.7437528624432664,0.08405223265819298,4
1791326700000,85552.01,85534.53,0.000180044246458122,1.0,0.0025,low_liquidity,0.13750585593131393,0.8208390114482834,0.04165513262040268,4
1791327600000,85534.53,85497.86,0.0009140579658952763,1.0,0.0025,ranging,0.1327681669856953,0.8168850887434215,0.05034674427088327,4
1791328500000,85497.86,85498.7,-0.0009904244158097653,1.0,0.0025,ranging,0.212024373726021,0.6988777676318082,0.08909785864217082,4
1791329400000,85498.69,85575.35,-0.0007401664147446141,1.0,0.0025,trending,0.2736957021212957,0.5652823264213348,0.16102197145736954,4
1791330300000,85575.34,85549.93,-0.00011595567641020654,1.0,0.0025,trending,0.1185190194185568,0.8205044852299079,0.06097649535153525,4
1791331200000,85549.94,85576.01,-0.001431008526805444,1.0,0.0025,trending,0.15902589105013662,0.7870642664592723,0.05390984249059099,4
1791332100000,85576.0,85414.02,-0.0017155263269426069,1.0,0.0025,trending,0.17870698435753807,0.517653464368945,0.30363955127351705,4
1791333000000,85414.02,85512.01,-0.002510758430307014,0.0,0.0025,low_liquidity,0.25294785817162413,0.5591236465203303,0.1879284953080457,4
1791333900000,85512.01,85540.01,-0.013425881058466094,0.0,0.0025,trending,0.1446980956760956,0.8168127615540997,0.03848914276980466,4
1791334800000,85540.0,85453.55,-0.017687737958224092,0.0,0.0025,trending,0.18728542917830546,0.7150579546433976,0.09765661617829685,4
1791335700000,85453.54,85267.49,-0.016540536141031126,0.0,0.0025,trending,0.2073375139297573,0.46898384712272734,0.32367863894751536,4
1791336600000,85267.49,85297.31,-0.017366315537969523,0.0,0.0025,trending,0.19750395858030034,0.5199744866296265,0.28252155479007307,4
1791337500000,85297.31,84391.56,-0.006199079623602111,0.0,0.0025,trending,0.13133419981493827,0.12860733454403306,0.7400584656410287,4
1791338400000,84391.49,83942.07,0.00016594777803313754,1.0,0.0025,high_volatility,0.10897708497959675,0.08160348942471476,0.8094194255956885,4
1791339300000,83942.07,83857.12,0.001416456944860478,1.0,0.0025,high_volatility,0.13255153213989126,0.11740235168394135,0.7500461161761675,4
1791340200000,83857.12,83816.01,0.0038361406132312315,2.0,0.0025,high_volatility,0.1529944766483526,0.1826442646360805,0.6643612587155668,4
1791341100000,83816.01,83868.41,0.0033621717640766047,2.0,0.0025,trending,0.26107642857056157,0.30042611387108153,0.43849745755835695,4
1791342000000,83868.41,83956.0,0.0023108533041116264,1.0,0.0025,trending,0.2721396631897574,0.35029630434711145,0.3775640324631312,4
1791342900000,83956.01,83975.9,0.002071189472217627,1.0,0.0025,trending,0.30970029946211114,0.3795195295811618,0.31078017095672705,4
1791343800000,83975.89,84137.54,-0.0002409150540887417,1.0,0.0025,trending,0.3105910562782666,0.40994690031452485,0.2794620434072084,4
1791344700000,84137.53,84150.39,-0.0005624454028080317,1.0,0.0025,trending,0.23847450921009028,0.5557085861906029,0.20581690459930688,4
1791345600000,84150.39,84150.01,0.0002975638386735202,1.0,0.0025,trending,0.2346736213966211,0.5588223647364057,0.20650401386697326,4
1791346500000,84150.01,84149.83,0.0005248970794118346,1.0,0.0025,trending,0.2074853292896285,0.530103720410419,0.26241095029995254,4
1791347400000,84149.84,84117.27,0.0013163765300514552,1.0,0.0025,trending,0.19582221566482796,0.507353151186895,0.29682463314827706,4
1791348300000,84117.26,84103.06,0.002732243036103643,2.0,0.0025,trending,0.20272892213977078,0.5529857981485553,0.244285279711674,4
1791349200000,84103.07,84175.05,0.0014465093872828572,1.0,0.0025,trending,0.24895319930658655,0.5259986762359514,0.22504812445746203,4
1791350100000,84175.05,84194.0,-2.4467301707908895e-05,1.0,0.0025,trending,0.21850166532509155,0.6376599329170638,0.1438384017578447,4
1791351000000,84194.01,84228.0,0.0012348625160278903,1.0,0.0025,trending,0.26572278464317617,0.5994918830521189,0.13478533230470496,4
1791351900000,84227.99,84332.85,-0.001223485272939362,1.0,0.0025,trending,0.27865983809440165,0.5050846016515703,0.21625556025402798,4
1791352800000,84332.84,84296.81,-0.00036881585436032704,1.0,0.0025,trending,0.24999043365358944,0.5168443250463209,0.2331652413000896,4
1791353700000,84296.82,84191.94,0.0004291384662238329,1.0,0.0025,trending,0.281381770433304,0.3841639911973714,0.3344542383693247,4
1791354600000,84191.95,84332.01,-0.00026241518493386184,1.0,0.0025,trending,0.32488794016470407,0.35218267913595425,0.32292938069934174,4
1791355500000,84332.01,84229.67,-0.0010032094391442259,1.0,0.0025,trending,0.20553158154484394,0.25140312126880004,0.543065297186356,4
1791356400000,84229.68,84265.72,-0.0024998302987263576,1.0,0.0025,trending,0.26142524151346413,0.2749719969850502,0.4636027615014857,4
1791357300000,84265.73,84228.07,-0.002081728810834793,1.0,0.0025,trending,0.20804274047363108,0.33781532932605507,0.454141930200314,4
1791358200000,84228.08,84309.88,-0.0035613856881305805,0.0,0.0025,trending,0.26157004357857117,0.43397710842699344,0.3044528479944355,4
1791359100000,84309.89,84145.17,-0.002290684064219062,1.0,0.0025,trending,0.23273430309061674,0.2152112201368642,0.5520544767725191,4
1791360000000,84145.16,84055.07,-0.0015323287459043655,1.0,0.0025,trending,0.24707701873631002,0.23990606547729237,0.5130169157863975,4
1791360900000,84055.07,84052.73,-0.0023755325972160124,1.0,0.0025,trending,0.2439583645121633,0.2267869888808142,0.5292546466070226,4
1791361800000,84052.73,84009.62,-0.0027090945060814775,0.0,0.0025,trending,0.2117381443384968,0.26652720831521476,0.5217346473462884,4
1791362700000,84009.63,83952.42,-0.0017679061544622066,1.0,0.0025,trending,0.2173443153809952,0.34391266879929666,0.4387430158197081,4
1791363600000,83952.41,83926.27,-0.0010754677885721486,1.0,0.0025,trending,0.21446128034870307,0.3374836260469846,0.4480550936043123,4
1791364500000,83926.27,83853.06,0.0002736930530620185,1.0,0.0025,trending,0.19393332657575538,0.20663707624489044,0.5994295971793542,4
1791365400000,83853.05,83782.03,-0.0016416408148620665,1.0,0.0025,trending,0.19295705438047148,0.19250948955321556,0.6145334560663129,4
1791366300000,83782.03,83804.0,-0.0006794425087108813,1.0,0.0025,trending,0.1978312771084654,0.28405850289465095,0.5181102199968836,4
1791367200000,83804.0,83836.01,-2.3975377644980256e-05,1.0,0.0025,trending,0.2401182337038198,0.30452793208216544,0.45535383421401476,4
1791368100000,83836.0,83876.01,-0.0016452857020737843,1.0,0.0025,trending,0.22453689601116703,0.44003212765922217,0.3354309763296106,4
1791369000000,83876.0,83644.49,0.00011931449399704697,1.0,0.0025,trending,0.1598017098479746,0.19035016256431533,0.6498481275877102,4
1791369900000,83644.49,83747.06,-8.251035916961857e-05,1.0,0.0025,trending,0.21164329345058497,0.263105779334143,0.525250927215272,4
1791370800000,83747.06,83834.0,-0.002123243552735188,1.0,0.0025,trending,0.2109283239018673,0.2996486801205881,0.48942299597754463,4
1791371700000,83834.01,83738.01,-0.003055840471967275,0.0,0.0025,trending,0.2137814729591741,0.2345153941076062,0.5517031329332197,4
1791372600000,83738.01,83654.47,-0.0016739093559495766,1.0,0.0025,trending,0.18958553377117565,0.22921469403353933,0.581199772195285,4
1791373500000,83654.47,83740.15,-0.0029636918491308117,0.0,0.0025,trending,0.2171982517082976,0.331618080749058,0.4511836675426445,4
1791374400000,83740.15,83656.0,-0.0032099311466003977,0.0,0.0025,trending,0.17810018264273672,0.231221638414586,0.5906781789426774,4
1791375300000,83656.01,83482.12,-0.0018699812606579602,1.0,0.0025,trending,0.163124646466418,0.1771067474352074,0.6597686060983746,4
1791376200000,83482.11,83514.44,-0.004962614848402214,0.0,0.0025,trending,0.17756697832563384,0.19823543436300678,0.6241975873113594,4
1791377100000,83514.45,83491.97,-0.003592680829066608,0.0,0.0025,trending,0.19970123315194893,0.2087526054711813,0.5915461613768698,4
1791378000000,83491.97,83387.47,-0.0025090100467132226,0.0,0.0025,trending,0.19597783836065433,0.15241751416458843,0.6516046474747572,4
1791378900000,83387.47,83326.01,-0.003000383673717133,0.0,0.0025,trending,0.18149553460776777,0.14744405402801175,0.6710604113642206,4
1791379800000,83326.01,83099.99,-0.0012955476889949802,1.0,0.0025,trending,0.17214815365745192,0.15615926999797247,0.6716925763445757,4
1791380700000,83100.0,83192.01,-0.002182421124336309,1.0,0.0025,trending,0.18146376109224258,0.0813066459437757,0.7372295929639818,4
1791381600000,83192.02,83178.25,-0.0012052429571431933,1.0,0.0025,trending,0.2076546276144227,0.18818313573148715,0.6041622366540901,4
1791382500000,83178.26,83076.0,-0.00012711252347241686,1.0,0.0025,trending,0.22665071617570862,0.19887020754357732,0.5744790762807142,4
1791383400000,83076.01,82992.33,0.004004466436838161,2.0,0.0025,trending,0.20055271540840214,0.1742526916332317,0.6251945929583662,4
1791384300000,82992.34,83010.45,0.00534619436468553,2.0,0.0025,trending,0.24944108294154663,0.2624891985707736,0.4880697184876798,4
1791385200000,83010.45,83078.0,0.0052816630154792765,2.0,0.0025,trending,0.29443562561226605,0.2583544014197137,0.4472099729680201,4
1791386100000,83078.0,83065.44,0.006058476304946936,2.0,0.0025,trending,0.2804018898690723,0.2535842707106593,0.46601383942026836,4
1791387000000,83065.45,83324.67,0.0016724938724630434,1.0,0.0025,high_volatility,0.35875028914564705,0.37284761929707544,0.2684020915572775,4
1791387900000,83324.66,83454.24,-0.000816615189354164,1.0,0.0025,trending,0.3100987928039838,0.34277088845981557,0.34713031873620065,4
1791388800000,83454.25,83516.79,0.0001342245074313908,1.0,0.0025,trending,0.30433397047424343,0.23101048199879465,0.4646555475269619,4
1791389700000,83516.79,83568.69,-0.004244292928368254,0.0,0.0025,trending,0.2904255759694033,0.4524018781912904,0.2571725458393063,4
1791390600000,83568.68,83464.03,-0.004145857802456909,0.0,0.0025,trending,0.28818638420666515,0.3094971678437565,0.4023164479495783,4
1791391500000,83464.03,83386.09,-0.0027234758219265576,0.0,0.0025,low_liquidity,0.3119179171196219,0.3591004141065332,0.32898166877384494,4
1791392400000,83386.09,83528.0,-0.002035245666123897,1.0,0.0025,trending,0.37935930508308313,0.28374555135448554,0.3368951435624314,4
1791393300000,83528.0,83214.0,0.0018507703030739009,1.0,0.0025,high_volatility,0.21015378623450212,0.26086743834192594,0.5289787754235719,4
1791394200000,83214.01,83118.0,0.002329098390240425,1.0,0.0025,high_volatility,0.25007867276414536,0.18977238384880288,0.5601489433870518,4
1791395100000,83118.01,83158.99,0.0031629773281276474,2.0,0.0025,trending,0.22850714106271003,0.25117972568245167,0.5203131332548383,4
1791396000000,83158.98,83358.0,0.0005038508601453717,1.0,0.0025,trending,0.29843225932912315,0.46636095296585794,0.23520678770501902,4
1791396900000,83358.01,83368.01,0.001011419128272406,1.0,0.0025,trending,0.2935424928535098,0.4491116170958664,0.2573458900506238,4
1791397800000,83368.01,83311.59,0.0017500566247745653,1.0,0.0025,low_liquidity,0.2974518688408925,0.4637304917186729,0.23881763944043458,4
1791398700000,83311.59,83422.02,0.00015175849254167595,1.0,0.0025,low_liquidity,0.2902944791795131,0.4716322697188316,0.23807325110165517,4
1791399600000,83422.02,83400.0,0.001757913669064859,1.0,0.0025,low_liquidity,0.26318068172240977,0.5042102822421338,0.23260903603545635,4
1791400500000,83400.0,83452.33,0.001379350342884278,1.0,0.0025,low_liquidity,0.2782153204285755,0.5401108706472282,0.18167380892419632,4
1791401400000,83452.34,83457.39,-0.0007703332203414792,1.0,0.0025,trending,0.24169399613964987,0.5089705175328664,0.24933548632748373,4
1791402300000,83457.39,83434.68,-3.200108156464765e-05,1.0,0.0025,trending,0.23520743648072923,0.41380848543696713,0.3509840780823037,4
1791403200000,83434.67,83546.61,-0.002043889033917612,1.0,0.0025,low_liquidity,0.29733464221826317,0.45273374617543605,0.24993161160630067,4
1791404100000,83546.61,83567.44,-0.0027842183510706775,0.0,0.0025,trending,0.22385183975683262,0.6179330849563516,0.15821507528681591,4
1791405000000,83567.44,83393.1,-0.00231553929521755,1.0,0.0025,ranging,0.2283921720649061,0.4974386656937419,0.274169162241352,4
1791405900000,83393.09,83432.01,-0.0032697282493852065,0.0,0.0025,low_liquidity,0.26410385548953125,0.5269628307233156,0.2089333137871531,4
1791406800000,83432.01,83375.85,-0.001803999599404471,1.0,0.0025,low_liquidity,0.28267952454978373,0.42368568903857134,0.29363478641164487,4
1791407700000,83375.85,83334.77,-0.0004930714994474394,1.0,0.0025,low_liquidity,0.27148724197732227,0.4714045238826506,0.25710823414002726,4
1791408600000,83334.77,83200.0,0.0011015624999999307,1.0,0.0025,ranging,0.22897144167297553,0.347420681206189,0.42360787712083553,4
1791409500000,83200.01,83159.21,0.0008018354190713062,1.0,0.0025,ranging,0.19955169784984828,0.31541363233680564,0.4850346698133462,4
1791410400000,83159.21,83225.44,-0.0005327697876994497,1.0,0.0025,ranging,0.23831126475002426,0.3916343644634122,0.3700543707865635,4
1791411300000,83225.45,83293.68,0.0008803789195050982,1.0,0.0025,ranging,0.33427740908155995,0.2784081213850641,0.38731446953337584,4
1791412200000,83293.68,83291.65,0.000567163695280426,1.0,0.0025,ranging,0.2892981514446474,0.3832663120797366,0.327435536475616,4
1791413100000,83291.66,83225.89,0.0011525259747897643,1.0,0.0025,ranging,0.22596248418512563,0.4040159749761249,0.37002154083874944,4
1791414000000,83225.9,83181.1,0.0009274943466723862,1.0,0.0025,ranging,0.2226846800012104,0.274708734687233,0.5026065853115566,4
1791414900000,83181.11,83367.01,-0.0014034328447187772,1.0,0.0025,ranging,0.31476617984208444,0.2552967538075881,0.4299370663503274,4
1791415800000,83367.02,83338.89,-0.00070663288171946,1.0,0.0025,ranging,0.26628664114520667,0.38088368698898534,0.352829671865808,4
1791416700000,83338.89,83321.81,0.0005764397100831431,1.0,0.0025,ranging,0.29101748016034307,0.38277632435958325,0.3262061954800737,4
1791417600000,83321.81,83258.25,0.001486459299829157,1.0,0.0025,ranging,0.2638409057340827,0.31326469273197755,0.4228944015339398,4
1791418500000,83258.26,83250.01,0.0004324323804885122,1.0,0.0025,ranging,0.24991739141084104,0.2598933118497733,0.49018929673938566,4
1791419400000,83250.01,83280.0,-0.00021109510086458894,1.0,0.0025,ranging,0.28581000342049656,0.28025682103243527,0.43393317554706823,4
1791420300000,83280.0,83369.84,-0.003246137931894655,0.0,0.0025,ranging,0.2973185972086905,0.40742556351542897,0.29525583927588045,4
1791421200000,83369.84,83382.01,-0.003304429816455623,0.0,0.0025,ranging,0.30792630914173574,0.3488830827945597,0.34319060806370455,4
1791422100000,83382.01,83286.01,-0.001448382507458268,1.0,0.0025,ranging,0.28985597283872855,0.18014554067364483,0.5299984864876266,4
1791423000000,83286.0,83262.42,-7.698551159096567e-05,1.0,0.0025,ranging,0.3059406435669754,0.2021395551321951,0.4919198013008294,4
1791423900000,83262.42,83099.21,0.0008279260416552692,1.0,0.0025,ranging,0.2405869382854624,0.1761749003592182,0.5832381613553194,4
1791424800000,83099.21,83106.48,-0.0021485689202574987,1.0,0.0025,ranging,0.30102447028474233,0.15004011254333147,0.5489354171719262,4
1791425700000,83106.48,83165.38,-0.0024213200252317657,1.0,0.0025,ranging,0.28630320116524505,0.19408165254350357,0.5196151462912514,4
1791426600000,83165.38,83256.01,-0.004946790027530623,0.0,0.0025,ranging,0.33220314020853114,0.3080503490179197,0.3597465107735491,4
1791427500000,83256.01,83168.01,-0.004941924184551194,0.0,0.0025,ranging,0.3148387629988944,0.20752535907534542,0.4776358779257603,4
1791428400000,83168.01,82927.92,-0.002391353840781263,1.0,0.0025,ranging,0.2199573890376313,0.12868446519274027,0.6513581457696285,4
1791429300000,82927.92,82964.01,-0.001034906581781625,1.0,0.0025,ranging,0.2210776481273971,0.1252954187870089,0.653626933085594,4
1791430200000,82964.01,82844.16,-0.0038455335898148757,0.0,0.0025,ranging,0.18783822705966402,0.16204134230372289,0.6501204306366131,4
1791431100000,82844.15,82757.0,-0.0012686540111410682,1.0,0.0025,ranging,0.15422841153926872,0.1126976354873694,0.7330739529733619,4
1791432000000,82757.0,82729.61,0.0005414022863154955,1.0,0.0025,trending,0.166661520023757,0.12168607646330971,0.7116524035129332,4
1791432900000,82729.62,82878.15,0.0005850758010406132,1.0,0.0025,trending,0.1550574863509646,0.09247290925703469,0.7524696043920006,4
1791433800000,82878.15,82525.58,0.004391608032321637,2.0,0.0025,high_volatility,0.12820062199434792,0.08445245630711704,0.787346921698535,4
1791434700000,82525.57,82652.01,0.00038716541799765913,1.0,0.0025,high_volatility,0.18480790616632356,0.0950369727737684,0.7201551210599081,4
1791435600000,82652.0,82774.4,0.0016615040398963998,1.0,0.0025,high_volatility,0.2148723508430953,0.141178768482688,0.6439488806742167,4
1791436500000,82774.4,82926.64,-0.003943123705482443,0.0,0.0025,high_volatility,0.28228248850717574,0.23067590678110775,0.4870416047117165,4
1791437400000,82926.65,82888.0,-0.0023062445709873813,1.0,0.0025,trending,0.25667198161783744,0.23637441259905195,0.5069536057831107,4
1791438300000,82888.0,82684.01,0.002435416472907015,1.0,0.0025,trending,0.22337844311018656,0.2049262526312308,0.5716953042585826,4
1791439200000,82684.0,82911.93,0.0017917807485607895,1.0,0.0025,high_volatility,0.2716555304780739,0.23669285591869113,0.49165161360323484,4
1791440100000,82911.94,82599.65,0.006648575387426137,2.0,0.0025,high_volatility,0.19236925246993108,0.15020926827391362,0.6574214792561553,4
1791441000000,82599.65,82696.84,0.004830414318128806,2.0,0.0025,high_volatility,0.2588241805411363,0.1628873863629493,0.5782884330959143,4
1791441900000,82696.85,82885.38,0.0013677924864432534,1.0,0.0025,high_volatility,0.26768805011408264,0.26918535229212565,0.4631265975937916,4
1791442800000,82885.38,83060.49,-0.0012339200021574959,1.0,0.0025,high_volatility,0.3165311785185294,0.3026917933401598,0.3807770281413108,4
1791443700000,83060.49,83148.82,-0.0019151203829471664,1.0,0.0025,high_volatility,0.3747988610493386,0.3074663571696809,0.31773478178098047,4
1791444600000,83148.82,83096.3,-0.0029634291779537802,0.0,0.0025,high_volatility,0.37312190728848865,0.37589636338592214,0.2509817293255891,4
1791445500000,83096.3,82998.75,-0.0015988192593261452,1.0,0.0025,trending,0.3204286941281697,0.29731484296350846,0.3822564629083218,4
1791446400000,82998.75,82958.0,0.0009526507389281402,1.0,0.0025,trending,0.2830276871423032,0.2694383852306264,0.4475339276270704,4
1791447300000,82958.0,82989.58,0.00048716959406225335,1.0,0.0025,trending,0.24432335420729032,0.2916373793742911,0.46403926641841853,4
1791448200000,82989.57,82850.05,0.0032101368677508457,2.0,0.0025,trending,0.228764607715256,0.22233837453549024,0.5488970177492537,4
1791449100000,82850.04,82866.05,0.0030583091627993664,2.0,0.0025,trending,0.21814781991142274,0.24185800737419222,0.539994172714385,4
1791450000000,82866.05,83037.03,0.00039861733975810054,1.0,0.0025,ranging,0.228797352741529,0.2565696682412594,0.5146329790172116,4
1791450900000,83037.02,83030.01,-0.002962904617258233,0.0,0.0025,ranging,0.30468898169557856,0.25031293556941553,0.44499808273500596,4
1791451800000,83030.01,83116.01,-0.004866812061839809,0.0,0.0025,ranging,0.33114708987773733,0.3021374085403713,0.36671550158189137,4
1791452700000,83116.0,83119.48,-0.004637661352068112,0.0,0.0025,ranging,0.24058101346459518,0.4438628906855635,0.3155560958498414,4
1791453600000,83119.49,83070.13,-0.007191032444514023,0.0,0.0025,low_liquidity,0.26370486482370525,0.4440417766215593,0.29225335855473555,4
1791454500000,83070.13,82784.0,-0.002778314650173974,0.0,0.0025,ranging,0.1727138266671695,0.206642286666437,0.6206438866663936,4
1791455400000,82783.99,82711.5,-0.0010889658632717847,1.0,0.0025,ranging,0.16102479298990788,0.25714051021772616,0.581834696792366,4
1791456300000,82711.5,82734.0,-0.0027556989871153625,0.0,0.0025,ranging,0.16344303704011817,0.15546079818548297,0.6810961647743989,4
1791457200000,82734.0,82472.77,-0.000785228870086585,1.0,0.0025,ranging,0.14898390242982779,0.0746960506375174,0.7763200469326549,4
1791458100000,82472.78,82554.0,-0.0009932892409816318,1.0,0.0025,trending,0.1694350915301483,0.18298551667733942,0.6475793917925122,4
1791459000000,82554.01,82621.43,-0.003212483734546856,0.0,0.0025,trending,0.17334799811151344,0.1760663405784672,0.6505856613100193,4
1791459900000,82621.44,82506.01,-0.0023757057213165123,1.0,0.0025,low_liquidity,0.24656145077580174,0.2535440649315115,0.4998944842926869,4
1791460800000,82506.0,82408.01,0.0008251625054409573,1.0,0.0025,trending,0.2008686824011395,0.1536961154432547,0.6454352021556058,4
1791461700000,82408.01,82472.0,-0.0013336647589485828,1.0,0.0025,trending,0.20829392959130127,0.227326598169632,0.5643794722390667,4
1791462600000,82472.01,82356.01,-0.0039053616123461143,0.0,0.0025,trending,0.17324307148142343,0.2220105330086427,0.6047463955099339,4
1791463500000,82356.01,82310.0,-0.0015549750941562523,1.0,0.0025,trending,0.14014926357146684,0.12736254036901554,0.7324881960595175,4
1791464400000,82310.01,82476.01,0.0007563411469591053,1.0,0.0025,high_volatility,0.17125906895821694,0.16081805712381245,0.6679228739179707,4
1791465300000,82476.0,82362.01,0.004372647049288858,2.0,0.0025,high_volatility,0.18238575206471158,0.11910108767395937,0.698513160261329,4
1791466200000,82362.01,82034.38,0.006431815538802121,2.0,0.0025,high_volatility,0.11098468317039023,0.05836120935065758,0.8306541074789523,4
1791467100000,82034.37,82182.01,0.006351633404926504,2.0,0.0025,high_volatility,0.1702677884068083,0.08765828946648663,0.7420739221267052,4
1791468000000,82182.01,82538.39,-0.004546732738547443,0.0,0.0025,high_volatility,0.2986149869776429,0.29935595522873865,0.4020290577936184,4
1791468900000,82538.38,82722.15,-0.016512506021664097,0.0,0.0025,high_volatility,0.3764176219299926,0.2494519159351245,0.3741304621348829,4
1791469800000,82722.16,82562.01,-0.016052782629686346,0.0,0.0025,high_volatility,0.3271814774323784,0.2525859939487579,0.4202325286188638,4
1791470700000,82562.01,82704.0,-0.020144249371251588,0.0,0.0025,high_volatility,0.31957558273009923,0.24357902939048864,0.4368453878794121,4
1791471600000,82704.0,82163.11,-0.013803153264281276,0.0,0.0025,high_volatility,0.15266183041715273,0.1306620496155931,0.7166761199672542,4
1791472500000,82163.11,81356.2,-0.0005945459596194969,1.0,0.0026325485289205165,high_volatility,0.08385081608131834,0.06696351191587124,0.8491856720028105,4
1791473400000,81356.2,81236.66,0.0006319806845824782,1.0,0.0027766755622851288,high_volatility,0.10436717978558627,0.07120499522771466,0.8244278249866991,4
1791474300000,81236.66,81037.99,-0.0010384018655942295,1.0,0.0028659433429993344,high_volatility,0.041135316997411665,0.046757938942935,0.9121067440596532,4
1791475200000,81037.99,81029.0,-0.0012068518678497453,1.0,0.0029267085537427627,high_volatility,0.049738607290314124,0.04800725254692567,0.9022541401627601,4
1791476100000,81029.0,81307.83,-0.006981738413139316,0.0,0.002979055449092922,high_volatility,0.10913031432320354,0.07543483887202264,0.8154348468047738,4
1791477000000,81307.83,81288.0,-0.005446191319752103,0.0,0.002951469679411891,high_volatility,0.1094274908589052,0.10194172433538415,0.7886307848057107,4
1791477900000,81288.01,80953.84,-0.0025370013331053043,1.0,0.003000882861941042,high_volatility,0.1762270780832042,0.11924035895073451,0.7045325629660613,4
1791478800000,80953.85,80931.21,-0.0015362429401463151,1.0,0.0029691237461649963,high_volatility,0.15525076729087992,0.12152172801767873,0.7232275046914415,4
1791479700000,80931.21,80740.16,0.00870347544518113,2.0,0.003051236129773104,high_volatility,0.11631578427446722,0.08781210718729342,0.7958721085382394,4
1791480600000,80740.16,80845.29,0.008518863622110961,2.0,0.002949348257909466,high_volatility,0.2075166339132534,0.15917861776150471,0.6333047483252419,4
1791481500000,80845.28,80748.46,0.009455784048389093,2.0,0.002922987100826008,high_volatility,0.11688353651482224,0.12419322050061571,0.758923242984562,4
1791482400000,80748.46,80806.88,0.00866460875608599,2.0,0.0028615802364586004,high_volatility,0.1395249862226563,0.14232176373065475,0.718153250046689,4
1791483300000,80806.87,81442.88,0.0031079451021378546,2.0,0.0029864487497358876,high_volatility,0.2708399836872696,0.24134633312970535,0.48781368318302504,4
1791484200000,81442.88,81534.0,0.0025756126278608793,1.0,0.0028890198593413846,high_volatility,0.2998012356427694,0.34347054079217015,0.3567282235650605,4
1791485100000,81534.0,81512.0,0.003232898223574532,2.0,0.0027391229755391166,high_volatility,0.36129011998531313,0.409734628730347,0.22897525128433982,4
1791486000000,81512.01,81507.04,0.004710758727098918,2.0,0.0026480044771661753,high_volatility,0.32442681611308083,0.21110100699697273,0.4644721768899466,4
1791486900000,81507.04,81696.0,0.000881316098707341,1.0,0.0025915144376078185,high_volatility,0.37189742725910424,0.25778198395707747,0.37032058878381824,4
1791487800000,81696.0,81744.0,0.0009623947935015753,1.0,0.0025,high_volatility,0.37895886394397627,0.30565536470305943,0.3153857713529643,4
1791488700000,81744.01,81775.52,0.0004705564697111697,1.0,0.0025,high_volatility,0.2665066606998548,0.30557162396727033,0.42792171533287493,4
1791489600000,81775.52,81891.0,-0.0016807707806718586,1.0,0.0025,high_volatility,0.2841494798901525,0.3316686314398929,0.3841818886699546,4
1791490500000,81891.0,81768.0,-0.0010726690147735418,1.0,0.0025,trending,0.14757914772928546,0.27880996098444694,0.5736108912862676,4
1791491400000,81768.01,81822.67,-0.0015048396734059777,1.0,0.0025,trending,0.19248174432886558,0.24796936976555628,0.5595488859055782,4
1791492300000,81822.67,81814.0,-0.001222529151490015,1.0,0.0025,trending,0.16345758651063866,0.2204848442471286,0.6160575692422326,4
1791493200000,81814.0,81753.36,0.0009863814771648993,1.0,0.0025,trending,0.1458445193610415,0.2201586878036594,0.6339967928352992,4
1791494100000,81754.01,81680.29,0.0013156172682542433,1.0,0.0025,trending,0.11435259434893245,0.31346869232593266,0.5721787133251348,4
1791495000000,81680.29,81699.54,0.0027473838897991154,2.0,0.0025,trending,0.12866821755703017,0.2873066524210206,0.5840251300219492,4
1791495900000,81699.54,81713.98,0.002236459416124381,1.0,0.0025,trending,0.10772830826955744,0.27325284733483,0.6190188443956126,4
1791496800000,81713.98,81834.0,9.788107632524579e-05,1.0,0.0025,low_liquidity,0.143064539407816,0.48774263662461603,0.3691928239675681,4
1791497700000,81834.01,81787.75,0.0006388487273460974,1.0,0.0025,low_liquidity,0.11232470189256441,0.4870270744135098,0.40064822369392594,4
1791498600000,81787.75,81924.0,-0.001367120746057271,1.0,0.0025,ranging,0.13892677182954016,0.5488085912575255,0.3122646369129343,4
1791499500000,81924.0,81896.73,-0.001737309902361206,1.0,0.0025,ranging,0.12382344111570542,0.45662598212792155,0.419550576756373,4
1791500400000,81896.72,81842.01,-3.5434124846078774e-05,1.0,0.0025,ranging,0.10777041898290467,0.48737576415983075,0.40485381685726446,4
1791501300000,81842.01,81840.0,-0.0011258553274682281,1.0,0.0025,ranging,0.09761863563296179,0.3857139697125358,0.5166673946545024,4
1791502200000,81840.0,81812.0,0.000339314525986234,1.0,0.0025,ranging,0.12151669116794986,0.3279120702239268,0.5505712386081233,4
1791503100000,81812.01,81754.45,0.0006550102165692184,1.0,0.0025,ranging,0.15139974035077847,0.27013906736259996,0.5784611922866215,4
1791504000000,81754.46,81839.11,-0.0013086652579678004,1.0,0.0025,ranging,0.15814100102864126,0.21730961686085293,0.6245493821105058,4
1791504900000,81839.11,81747.86,0.000882469583913359,1.0,0.0025,ranging,0.14558915800101221,0.3091908107546548,0.5452200312443329,4
1791505800000,81747.85,81839.76,0.0017381527023050403,1.0,0.0025,ranging,0.19529119305810017,0.39354738952192525,0.4111614174199745,4
1791506700000,81839.75,81808.0,0.00202914140426369,1.0,0.0025,ranging,0.16292481726216523,0.3457725790880447,0.49130260364979006,4
1791507600000,81808.0,81732.01,0.0036274649308147833,2.0,0.0025,ranging,0.15369541733323328,0.28658446381298397,0.5597201188537827,4
1791508500000,81732.01,81820.0,0.0011978733805915187,1.0,0.0025,ranging,0.16066600917044113,0.25047179217871873,0.5888621986508401,4
1791509400000,81820.0,81982.01,0.0007479689751448415,1.0,0.0025,ranging,0.24514655480530817,0.306718636073413,0.4481348091212789,4
1791510300000,81982.01,81974.0,0.0017005391953546223,1.0,0.0025,ranging,0.17145968844917744,0.42623992512824077,0.40230038642258187,4
1791511200000,81974.01,82028.49,0.0006768380107935457,1.0,0.0025,ranging,0.23230042288345606,0.32514832302568564,0.4425512540908582,4
1791512100000,82028.49,81918.01,0.0037690124552585136,2.0,0.0025,ranging,0.17712395308216505,0.19594844071827136,0.6269276061995637,4
1791513000000,81918.0,82043.33,0.004335148268603817,2.0,0.0025,ranging,0.22508360456658746,0.19299428990165532,0.5819221055317572,4
1791513900000,82043.33,82113.4,0.0038278770578250576,2.0,0.0025,ranging,0.3351701093832552,0.2025983039320874,0.46223158668465736,4
1791514800000,82113.41,82084.01,0.005243530378206573,2.0,0.0025,ranging,0.2958196045455453,0.2645774804082661,0.43960291504618865,4
1791515700000,82084.01,82226.76,0.0025213203098359838,2.0,0.0025,ranging,0.3488634364269968,0.34763073452897164,0.30350582904403156,4
1791516600000,82226.76,82399.0,-0.0007548635298971762,1.0,0.0025,ranging,0.30986199963736377,0.34857212174641194,0.3415658786162242,4
1791517500000,82398.99,82427.72,-0.002155949479131558,1.0,0.0025,ranging,0.40892672190366275,0.2723859620483837,0.3186873160479535,4
1791518400000,82427.73,82514.42,-0.0017016419675495165,1.0,0.0025,ranging,0.4929819016164501,0.25699754253977164,0.25002055584377825,4
1791519300000,82514.42,82434.08,0.0011953793867778284,1.0,0.0025,ranging,0.34942863343002856,0.300072021211093,0.35049934535887844,4
1791520200000,82434.09,82336.8,0.0020933531543612105,1.0,0.0025,ranging,0.37663369294749754,0.2849124212422648,0.3384538858102377,4
1791521100000,82336.79,82250.01,0.0012447414900012,1.0,0.0025,ranging,0.2958351241103373,0.26159117139573224,0.44257370449393035,4
1791522000000,82250.0,82374.01,0.0011657803231868158,1.0,0.0025,ranging,0.37540803039992704,0.24786825256830408,0.37672371703176893,4
1791522900000,82374.01,82532.62,-0.000612363935617144,1.0,0.0025,ranging,0.4649321622746588,0.227118418295754,0.30794941942958715,4
1791523800000,82532.61,82509.16,0.0010237651189273222,1.0,0.0025,ranging,0.44585505699288946,0.20990979084251518,0.3442351521645954,4
1791524700000,82509.16,82352.39,0.0027001037856946297,2.0,0.0025,ranging,0.3016622129301436,0.27979101654382726,0.4185467705260291,4
1791525600000,82352.39,82470.04,0.0007653688539499548,1.0,0.0025,low_liquidity,0.4291047184002033,0.31577884471061224,0.25511643688918445,4
1791526500000,82470.05,82482.08,0.0004992599604665138,1.0,0.0025,ranging,0.41485234249586195,0.2731441014128338,0.3120035560913043,4
1791527400000,82482.08,82593.63,-0.0005482262978391272,1.0,0.0025,ranging,0.5159393226243291,0.24696427307090385,0.23709640430476703,4
1791528300000,82593.64,82574.75,0.001080959978685847,1.0,0.0025,ranging,0.3834229550863599,0.26638818631881983,0.3501888585948203,4
1791529200000,82574.75,82533.16,0.0019324353992988819,1.0,0.0025,ranging,0.2994030087810243,0.3125449546218332,0.3880520365971425,4
1791530100000,82533.17,82523.26,0.0004452078117127556,1.0,0.0025,ranging,0.23820539853071387,0.38730570690109345,0.3744888945681926,4
1791531000000,82523.26,82548.35,0.00039237610442843796,1.0,0.0025,ranging,0.2625821673819214,0.398671121228854,0.3387467113892247,4
1791531900000,82548.36,82664.01,0.0004837655468201696,1.0,0.0025,trending,0.27541838288490733,0.20765166482925024,0.5169299522858425,4
1791532800000,82664.01,82692.65,-0.0013863384472501128,1.0,0.0025,trending,0.2415754532981044,0.21340207346233242,0.5450224732395631,4
1791533700000,82692.66,82560.0,0.0010660125968990908,1.0,0.0025,trending,0.2070168094429718,0.12376327762702975,0.6692199129299984,4
