open_ts,open,close,fwd_return,label,label_threshold,regime,p_down,p_flat,p_up,p_naive_down,p_naive_flat,p_naive_up,fold
1789767900000,81220.7,81238.2,-0.001220854228675572,1.0,0.0025,trending,0.15234475838321845,0.6328274491757054,0.21482779244107605,0.1701482479784367,0.6260107816711591,0.20384097035040433,0
1789768800000,81238.2,81241.98,-0.0008165729097198149,1.0,0.0025,trending,0.154633721642469,0.617225147373323,0.22814113098420805,0.1701482479784367,0.6260107816711591,0.20384097035040433,0
1789769700000,81241.98,81265.0,-0.0032715191041653435,0.0,0.0025,trending,0.14214082515767545,0.6353586450765898,0.22250052976573464,0.1701482479784367,0.6260107816711591,0.20384097035040433,0
1789770600000,81265.0,81124.0,-0.0027613283368669306,0.0,0.0025,trending,0.13125201469977485,0.6412542605010787,0.2274937247991465,0.1701482479784367,0.6260107816711591,0.20384097035040433,0
1789771500000,81124.0,81139.02,-0.0031446029296386957,0.0,0.0025,trending,0.14633272059099225,0.6342322948509778,0.21943498455803004,0.1701482479784367,0.6260107816711591,0.20384097035040433,0
1789772400000,81139.03,81175.64,-0.00245923530753811,1.0,0.0025,trending,0.15326146310856775,0.6268317247388527,0.2199068121525794,0.1701482479784367,0.6260107816711591,0.20384097035040433,0
1789773300000,81175.65,80999.14,0.0012451984058101662,1.0,0.0025,trending,0.14599802704411996,0.6238973975007839,0.2301045754550962,0.1701482479784367,0.6260107816711591,0.20384097035040433,0
1789774200000,80999.13,80899.99,0.005216811522473552,2.0,0.0025,trending,0.15521062175035422,0.6076896607719244,0.2370997174777215,0.1701482479784367,0.6260107816711591,0.20384097035040433,0
1789775100000,80899.99,80883.87,0.009706632484326017,2.0,0.0025,trending,0.14853219524279307,0.6134582572708764,0.2380095474863304,0.1701482479784367,0.6260107816711591,0.20384097035040433,0
1789776000000,80883.86,80976.01,0.003767288608070629,2.0,0.0025,trending,0.15596231372589828,0.6372228304928761,0.2068148557812257,0.1701482479784367,0.6260107816711591,0.20384097035040433,0
1789776900000,80976.0,81100.0,0.0019848335388410465,1.0,0.0025,trending,0.15163885150654174,0.6416946642778683,0.20666648421559008,0.1701482479784367,0.6260107816711591,0.20384097035040433,0
1789777800000,81100.0,81322.03,-0.0018448875415431054,1.0,0.0025,trending,0.1671530228143551,0.6287391276550421,0.20410784953060285,0.1701482479784367,0.6260107816711591,0.20384097035040433,0
1789778700000,81322.04,81668.98,-0.004750763386539014,0.0,0.0025,trending,0.17996885384569117,0.6004693815369063,0.21956176461740254,0.1701482479784367,0.6260107816711591,0.20384097035040433,0
1789779600000,81668.99,81281.07,0.0011670614080250274,1.0,0.0025,trending,0.16728781731181744,0.6142100097981681,0.21850217289001447,0.1701482479784367,0.6260107816711591,0.20384097035040433,0
1789780500000,81281.08,81260.97,0.0011571360765199046,1.0,0.0025,trending,0.14830281940206763,0.6412036042427905,0.2104935763551418,0.1701482479784367,0.6260107816711591,0.20384097035040433,0
1789781400000,81260.96,81172.0,0.001848051052086852,1.0,0.0025,trending,0.14777620821769347,0.6406480799932345,0.21157571178907197,0.1701482479784367,0.6260107816711591,0.20384097035040433,0
1789782300000,81172.01,81280.99,0.00029195018416960927,1.0,0.0025,trending,0.1462101580129322,0.6355005552492706,0.21828928673779724,0.1701482479784367,0.6260107816711591,0.20384097035040433,0
1789783200000,81281.0,81375.93,-0.0010805406463556544,1.0,0.0025,trending,0.16105059041725586,0.6443477104699719,0.1946016991127723,0.1701482479784367,0.6260107816711591,0.20384097035040433,0
1789784100000,81375.93,81355.0,-0.002615696638190723,0.0,0.0025,trending,0.1487591698095922,0.6588661813462001,0.1923746488442078,0.1701482479784367,0.6260107816711591,0.20384097035040433,0
1789785000000,81355.01,81322.01,-0.0018937062672208516,1.0,0.0025,trending,0.15673550954485477,0.6472550728118862,0.19600941764325902,0.1701482479784367,0.6260107816711591,0.20384097035040433,0
1789785900000,81322.0,81304.72,-0.002075033282200711,1.0,0.0025,trending,0.14414056852981397,0.6628571672905673,0.19300226417961877,0.1701482479784367,0.6260107816711591,0.20384097035040433,0
1789786800000,81304.73,81288.0,-0.0009804645212084795,1.0,0.0025,trending,0.16096594739136175,0.6444745970859833,0.19455945552265488,0.1701482479784367,0.6260107816711591,0.20384097035040433,0
1789787700000,81288.01,81142.2,-5.558143604678101e-05,1.0,0.0025,trending,0.1504068477063669,0.6442649988064799,0.20532815348715308,0.1701482479784367,0.6260107816711591,0.20384097035040433,0
1789788600000,81142.2,81168.01,-0.002415483636964866,1.0,0.0025,low_liquidity,0.15414956017739923,0.6650059074746116,0.18084453234798922,0.1701482479784367,0.6260107816711591,0.20384097035040433,0
1789789500000,81168.01,81136.01,-0.0013805214232249785,1.0,0.0025,low_liquidity,0.1660398616658515,0.6463711687069178,0.18758896962723076,0.1701482479784367,0.6260107816711591,0.20384097035040433,0
1789790400000,81136.02,81208.3,-0.0020192517267323407,1.0,0.0025,trending,0.1728076267069893,0.6383783460300242,0.18881402726298657,0.1701482479784367,0.6260107816711591,0.20384097035040433,0
1789791300000,81208.29,81137.69,-0.0007933427732536025,1.0,0.0025,low_liquidity,0.17862235919575764,0.6221467624234752,0.19923087838076708,0.1701482479784367,0.6260107816711591,0.20384097035040433,0
1789792200000,81137.7,80971.95,0.0006751720811959405,1.0,0.0025,trending,0.1541778177966826,0.6328373674975201,0.21298481470579736,0.1701482479784367,0.6260107816711591,0.20384097035040433,0
1789793100000,80971.95,81024.0,0.000197595774091619,1.0,0.0025,low_liquidity,0.16225954070736087,0.6474948574103103,0.19024560188232886,0.1701482479784367,0.6260107816711591,0.20384097035040433,0
1789794000000,81024.01,81044.32,-0.0005282294922088759,1.0,0.0025,low_liquidity,0.17988527243303926,0.6123682552483407,0.2077464723186201,0.1701482479784367,0.6260107816711591,0.20384097035040433,0
1789794900000,81044.32,81073.32,-0.0013170794041740264,1.0,0.0025,ranging,0.18269646334498543,0.6061739263926093,0.21112961026240534,0.1701482479784367,0.6260107816711591,0.20384097035040433,0
1789795800000,81073.32,81026.62,0.0005335283638885358,1.0,0.0025,low_liquidity,0.16751141622064775,0.625449195334404,0.20703938844494824,0.1701482479784367,0.6260107816711591,0.20384097035040433,0
1789796700000,81026.62,81040.01,0.0001480750064073444,1.0,0.0025,ranging,0.1426421602009755,0.6473112739812902,0.21004656581773426,0.1701482479784367,0.6260107816711591,0.20384097035040433,0
1789797600000,81040.01,81001.51,0.0020060119866902593,1.0,0.0025,low_liquidity,0.1295487664941929,0.6728461752965872,0.19760505820921992,0.1701482479784367,0.6260107816711591,0.20384097035040433,0
1789798500000,81001.51,80966.54,0.0016878577249317406,1.0,0.0025,ranging,0.12581465691396923,0.6850581620757966,0.18912718101023424,0.1701482479784367,0.6260107816711591,0.20384097035040433,0
1789799400000,80966.55,81069.85,-0.00019538706436494913,1.0,0.0025,ranging,0.13866753739781887,0.6540601498155585,0.20727231278662261,0.1701482479784367,0.6260107816711591,0.20384097035040433,0
1789800300000,81069.85,81052.01,0.0005940629973273381,1.0,0.0025,ranging,0.12062713911450089,0.716010013879055,0.16336284700644407,0.1701482479784367,0.6260107816711591,0.20384097035040433,0
1789801200000,81052.02,81164.0,0.000961017199743619,1.0,0.0025,low_liquidity,0.1219837132560287,0.6976801817965006,0.18033610494747074,0.1701482479784367,0.6260107816711591,0.20384097035040433,0
1789802100000,81164.0,81103.2,0.0024018781009873535,1.0,0.0025,ranging,0.12792536759756068,0.6781251221655771,0.19394951023686227,0.1701482479784367,0.6260107816711591,0.20384097035040433,0
1789803000000,81103.2,81054.01,0.0033064372755895466,2.0,0.0025,ranging,0.12337613371075463,0.6979653896772626,0.17865847661198278,0.1701482479784367,0.6260107816711591,0.20384097035040433,0
1789803900000,81054.0,81100.16,0.0026122019981216216,2.0,0.0025,ranging,0.13809152365638064,0.6504765483718495,0.21143192797176982,0.1701482479784367,0.6260107816711591,0.20384097035040433,0
1789804800000,81100.17,81242.0,0.002376972501907826,1.0,0.0025,ranging,0.19756044793660898,0.6168399140677857,0.18559963799560536,0.1701482479784367,0.6260107816711591,0.20384097035040433,0
1789805700000,81242.01,81298.0,0.0013776476666091941,1.0,0.0025,ranging,0.17972643119372242,0.5993933904090973,0.22088017839718027,0.1701482479784367,0.6260107816711591,0.20384097035040433,0
1789806600000,81298.0,81322.01,-0.0007284620731827784,1.0,0.0025,ranging,0.15578963354783062,0.6662617169602258,0.17794864949194358,0.1701482479784367,0.6260107816711591,0.20384097035040433,0
1789807500000,81322.0,81312.01,0.00016922469386759786,1.0,0.0025,low_liquidity,0.13844067124325227,0.6795955562683527,0.18196377248839501,0.1701482479784367,0.6260107816711591,0.20384097035040433,0
1789808400000,81312.01,81435.11,-0.0015608746645028315,1.0,0.0025,ranging,0.1635476650999652,0.637858906246132,0.19859342865390295,0.1701482479784367,0.6260107816711591,0.20384097035040433,0
1789809300000,81435.11,81410.0,-0.001266920525733961,1.0,0.0025,trending,0.14971649791949193,0.6540061323514472,0.19627736972906096,0.1701482479784367,0.6260107816711591,0.20384097035040433,0
1789810200000,81410.0,81262.77,-5.8698466714912634e-05,1.0,0.0025,trending,0.135182582078713,0.6639148283157409,0.20090258960554602,0.1701482479784367,0.6260107816711591,0.20384097035040433,0
1789811100000,81262.77,81325.77,-0.0013411493060564439,1.0,0.0025,trending,0.14481766511578273,0.6780766810987695,0.1771056537854478,0.1701482479784367,0.6260107816711591,0.20384097035040433,0
1789812000000,81325.38,81308.0,6.764402026870897e-05,1.0,0.0025,trending,0.13344648946594886,0.6904654015516145,0.17608810898243651,0.1701482479784367,0.6260107816711591,0.20384097035040433,0
1789812900000,81308.01,81306.86,-0.00042874611072174496,1.0,0.0025,trending,0.14253521443036082,0.6649492226474728,0.19251556292216648,0.1701482479784367,0.6260107816711591,0.20384097035040433,0
1789813800000,81306.86,81258.0,0.0003447045214008959,1.0,0.0025,trending,0.13839906484781964,0.695300164427647,0.16630077072453336,0.1701482479784367,0.6260107816711591,0.20384097035040433,0
1789814700000,81258.01,81216.7,0.0010580336310144212,1.0,0.0025,ranging,0.14586147543419647,0.6708855467175374,0.18325297784826602,0.1701482479784367,0.6260107816711591,0.20384097035040433,0
1789815600000,81216.71,81313.5,0.00042416080970575365,1.0,0.0025,ranging,0.141721064177524,0.6800538230974482,0.17822511272502783,0.1701482479784367,0.6260107816711591,0.20384097035040433,0
1789816500000,81313.5,81272.0,-0.0005999606260458368,1.0,0.0025,ranging,0.14102454449462962,0.6824602188428893,0.17651523666248112,0.1701482479784367,0.6260107816711591,0.20384097035040433,0
1789817400000,81272.01,81286.01,-7.344437253098413e-05,1.0,0.0025,ranging,0.12801555410245544,0.7085083413578681,0.1634761045396765,0.1701482479784367,0.6260107816711591,0.20384097035040433,0
1789818300000,81286.0,81302.63,0.0003366434763549808,1.0,0.0025,ranging,0.12155189245362254,0.7189450659610356,0.15950304158534181,0.1701482479784367,0.6260107816711591,0.20384097035040433,0
1789819200000,81302.63,81347.99,-0.0013454542638362543,1.0,0.0025,ranging,0.12031331051706383,0.7011891834160277,0.1784975060669085,0.1701482479784367,0.6260107816711591,0.20384097035040433,0
1789820100000,81347.99,81223.24,0.00012139382767784035,1.0,0.0025,ranging,0.14917812318982818,0.6577226050865316,0.19309927172364028,0.1701482479784367,0.6260107816711591,0.20384097035040433,0
1789821000000,81223.25,81280.04,-0.00020853828319966627,1.0,0.0025,ranging,0.13416613817172413,0.7241322681105361,0.14170159371773972,0.1701482479784367,0.6260107816711591,0.20384097035040433,0
1789821900000,81280.05,81330.0,0.0004181728759373726,1.0,0.0025,ranging,0.16812583113380156,0.6750565888481312,0.15681758001806723,0.1701482479784367,0.6260107816711591,0.20384097035040433,0
1789822800000,81330.01,81238.54,0.001785851887539991,1.0,0.0025,ranging,0.1330321727768553,0.6907073176903175,0.17626050953282735,0.1701482479784367,0.6260107816711591,0.20384097035040433,0
1789823700000,81238.54,81233.1,0.00419915034634899,2.0,0.0025,ranging,0.11976295060131477,0.7234028992636289,0.15683415013505647,0.1701482479784367,0.6260107816711591,0.20384097035040433,0
1789824600000,81233.1,81263.09,0.0033679497050875806,2.0,0.0025,ranging,0.11905847741301412,0.7299278156431604,0.15101370694382538,0.1701482479784367,0.6260107816711591,0.20384097035040433,0
1789825500000,81263.09,81364.01,0.002728479090448044,2.0,0.0025,ranging,0.1720684080886509,0.6707016767703123,0.15722991514103687,0.1701482479784367,0.6260107816711591,0.20384097035040433,0
1789826400000,81364.0,81383.62,0.003887514465441555,2.0,0.0025,ranging,0.12698005873655177,0.7112135449359623,0.16180639632748586,0.1701482479784367,0.6260107816711591,0.20384097035040433,0
1789827300000,81383.63,81574.21,-5.884212669671207e-05,1.0,0.0025,ranging,0.15709983898734717,0.6600778634418897,0.18282229757076313,0.1701482479784367,0.6260107816711591,0.20384097035040433,0
1789828200000,81574.21,81536.78,0.004688313666544097,2.0,0.0025,ranging,0.15330264744592811,0.6693073580225773,0.17738999453149468,0.1701482479784367,0.6260107816711591,0.20384097035040433,0
1789829100000,81536.79,81586.01,0.0006128501687974186,1.0,0.0025,ranging,0.14949392007809115,0.6724805488135512,0.17802553110835762,0.1701482479784367,0.6260107816711591,0.20384097035040433,0
1789830000000,81586.02,81700.0,0.0007369645042840656,1.0,0.0025,ranging,0.13890107145208402,0.6804503493082221,0.18064857923969377,0.1701482479784367,0.6260107816711591,0.20384097035040433,0
1789830900000,81700.01,81569.41,0.003145296747886217,2.0,0.0025,trending,0.13067308994977547,0.6939795062760468,0.17534740377417773,0.1701482479784367,0.6260107816711591,0.20384097035040433,0
1789831800000,81569.4,81919.05,-0.0007076498079506832,1.0,0.0025,trending,0.1626918468701969,0.6399853661088082,0.19732278702099493,0.1701482479784367,0.6260107816711591,0.20384097035040433,0
1789832700000,81919.05,81636.01,0.0024925275010379,1.0,0.0025,trending,0.17092094379619255,0.6125954401458464,0.21648361605796093,0.1701482479784367,0.6260107816711591,0.20384097035040433,0
1789833600000,81636.01,81760.21,-0.0005407275739630624,1.0,0.0025,trending,0.1627650315192084,0.6437620660624982,0.19347290241829343,0.1701482479784367,0.6260107816711591,0.20384097035040433,0
1789834500000,81760.21,81825.97,-0.0035191761246460285,0.0,0.0025,trending,0.1501350366861966,0.6632476268623952,0.18661733645140824,0.1701482479784367,0.6260107816711591,0.20384097035040433,0
1789835400000,81825.97,81861.08,-0.004435074641087056,0.0,0.0025,trending,0.15157612738188653,0.6666145518279467,0.18180932079016687,0.1701482479784367,0.6260107816711591,0.20384097035040433,0
1789836300000,81861.08,81839.49,-0.0045880051305305924,0.0,0.0025,trending,0.13932269792611468,0.6805868384949291,0.1800904635789561,0.1701482479784367,0.6260107816711591,0.20384097035040433,0
1789837200000,81839.48,81716.0,-0.004078271085221963,0.0,0.0025,trending,0.1434353092032028,0.6671702565700798,0.18939443422671737,0.1701482479784367,0.6260107816711591,0.20384097035040433,0
1789838100000,81716.0,81538.01,-0.0011538177102924374,1.0,0.0025,trending,0.13814560720217056,0.663297959897545,0.19855643290028438,0.1701482479784367,0.6260107816711591,0.20384097035040433,0
1789839000000,81538.01,81498.02,-9.853000109694143e-05,1.0,0.0025,trending,0.162819493799743,0.6599119514185917,0.17726855478166537,0.1701482479784367,0.6260107816711591,0.20384097035040433,0
1789839900000,81498.02,81464.01,-0.0004411764164320431,1.0,0.0025,trending,0.17038873657478107,0.6630608058015527,0.16655045762366624,0.1701482479784367,0.6260107816711591,0.20384097035040433,0
1789840800000,81464.0,81382.74,-2.3100721356916765e-05,1.0,0.0025,trending,0.17068614386853917,0.6475763776261022,0.18173747850535868,0.1701482479784367,0.6260107816711591,0.20384097035040433,0
1789841700000,81382.73,81443.93,-0.0005677525630208846,1.0,0.0025,trending,0.1819473585832955,0.6405529602452518,0.17749968117145273,0.1701482479784367,0.6260107816711591,0.20384097035040433,0
1789842600000,81443.92,81489.99,-0.001991655662247682,1.0,0.0025,trending,0.1768449423090567,0.6388200515285802,0.1843350061623631,0.1701482479784367,0.6260107816711591,0.20384097035040433,0
1789843500000,81490.0,81428.07,-0.0009095143726237653,1.0,0.0025,ranging,0.15876157431733123,0.6683527060793418,0.17288571960332694,0.1701482479784367,0.6260107816711591,0.20384097035040433,0
1789844400000,81428.07,81380.86,0.00039407300438942805,1.0,0.0025,low_liquidity,0.1564964370931904,0.6704318045827116,0.17307175832409818,0.1701482479784367,0.6260107816711591,0.20384097035040433,0
1789845300000,81380.86,81397.69,-0.0018262189012981933,1.0,0.0025,ranging,0.15667120279173927,0.6254207418343125,0.2179080553739481,0.1701482479784367,0.6260107816711591,0.20384097035040433,0
1789846200000,81397.69,81327.69,-0.0004990920066707538,1.0,0.0025,ranging,0.15541106037793156,0.6548514658822824,0.18973747373978608,0.1701482479784367,0.6260107816711591,0.20384097035040433,0
1789847100000,81327.69,81354.01,-0.0024421660345936846,1.0,0.0025,ranging,0.13137666230515632,0.7037743202419657,0.16484901745287786,0.1701482479784367,0.6260107816711591,0.20384097035040433,0
1789848000000,81354.01,81412.93,-0.005072044452889668,0.0,0.0025,ranging,0.12452040422060759,0.6889037880625287,0.18657580771686366,0.1701482479784367,0.6260107816711591,0.20384097035040433,0
1789848900000,81412.93,81249.04,-0.002326673644390098,1.0,0.0025,ranging,0.13769664374769433,0.676124075423323,0.18617928082898272,0.1701482479784367,0.6260107816711591,0.20384097035040433,0
1789849800000,81249.04,81287.1,-0.003285884230093128,0.0,0.0025,ranging,0.11981123233287096,0.7316901658589108,0.14849860180821817,0.1701482479784367,0.6260107816711591,0.20384097035040433,0
1789850700000,81287.1,81155.33,-0.0006767269629732731,1.0,0.0025,ranging,0.1273717691168205,0.6792538127763725,0.1933744181068069,0.1701482479784367,0.6260107816711591,0.20384097035040433,0
1789851600000,81155.33,81000.0,7.419753086423952e-05,1.0,0.0025,trending,0.13282930223494033,0.6549000391714112,0.21227065859364846,0.1701482479784367,0.6260107816711591,0.20384097035040433,0
1789852500000,81000.0,81060.0,3.478904515175074e-05,1.0,0.0025,trending,0.14485419155701337,0.6586720193587553,0.19647378908423144,0.1701482479784367,0.6260107816711591,0.20384097035040433,0
1789853400000,81060.0,81020.0,0.002789558133794001,2.0,0.0025,trending,0.14753007929940587,0.6622952664354916,0.19017465426510263,0.1701482479784367,0.6260107816711591,0.20384097035040433,0
1789854300000,81020.0,81100.41,0.00198445359277466,1.0,0.0025,trending,0.15386469315390736,0.6521335763188714,0.1940017305272213,0.1701482479784367,0.6260107816711591,0.20384097035040433,0
1789855200000,81100.42,81006.01,0.0033949332895177875,2.0,0.0025,trending,0.15288086738316334,0.6499049304127532,0.19721420220408348,0.1701482479784367,0.6260107816711591,0.20384097035040433,0
1789856100000,81006.0,81062.82,0.0029998956364951646,2.0,0.0025,trending,0.12618028414498667,0.672606616801956,0.20121309905305731,0.1701482479784367,0.6260107816711591,0.20384097035040433,0
1789857000000,81062.83,81246.01,0.00041429726825970015,1.0,0.0025,trending,0.156568290836766,0.6518659970359812,0.1915657121272527,0.1701482479784367,0.6260107816711591,0.20384097035040433,0
1789857900000,81246.01,81261.35,-0.00013979585620960133,1.0,0.0025,trending,0.12495214214768831,0.7033032372083087,0.17174462064400306,0.1701482479784367,0.6260107816711591,0.20384097035040433,0
1789858800000,81261.35,81281.02,6.114588621053407e-05,1.0,0.0025,low_liquidity,0.1168032781154313,0.7153408157176627,0.16785590616690613,0.1701482479784367,0.6260107816711591,0.20384097035040433,0
1789859700000,81281.03,81306.0,0.00014771357587384237,1.0,0.0025,trending,0.11750811311366703,0.7110912708846678,0.17140061600166506,0.1701482479784367,0.6260107816711591,0.20384097035040433,0
1789860600000,81306.01,81279.67,0.0006192200337427067,1.0,0.0025,ranging,0.11539577832643484,0.7031464950075251,0.1814577266660401,0.1701482479784367,0.6260107816711591,0.20384097035040433,0
1789861500000,81279.67,81249.99,0.0005339077580193141,1.0,0.0025,ranging,0.11944063449220595,0.7054340911504127,0.1751252743573814,0.1701482479784367,0.6260107816711591,0.20384097035040433,0
1789862400000,81249.99,81285.99,-0.0018144578173927561,1.0,0.0025,ranging,0.1104181794248542,0.7469569090792455,0.14262491149590031,0.1701482479784367,0.6260107816711591,0.20384097035040433,0
1789863300000,81286.0,81318.01,-0.002410413142180823,1.0,0.0025,ranging,0.12104043170163252,0.7205344281070949,0.15842514019127257,0.1701482479784367,0.6260107816711591,0.20384097035040433,0
1789864200000,81318.0,81330.0,-0.0030983646870773596,0.0,0.0025,ranging,0.11835094318116841,0.7349893647073604,0.14665969211147104,0.1701482479784367,0.6260107816711591,0.20384097035040433,0
1789865100000,81330.0,81293.37,-0.002403394028319794,1.0,0.0025,ranging,0.10725568746066971,0.7576020110127563,0.13514230152657417,0.1701482479784367,0.6260107816711591,0.20384097035040433,0
1789866000000,81293.37,81138.5,0.00016675191185444582,1.0,0.0025,low_liquidity,0.11783732541036455,0.723236916607565,0.1589257579820705,0.1701482479784367,0.6260107816711591,0.20384097035040433,0
1789866900000,81138.5,81122.0,-0.001695101205591465,1.0,0.0025,ranging,0.10912033119205661,0.7474328988931401,0.1434467699148033,0.1701482479784367,0.6260107816711591,0.20384097035040433,0
1789867800000,81122.0,81078.01,-0.0063537573258148905,0.0,0.0025,ranging,0.12252947188195724,0.7056186535120523,0.17185187460599047,0.1701482479784367,0.6260107816711591,0.20384097035040433,0
1789868700000,81078.01,81097.99,-0.009451159023793343,0.0,0.0025,ranging,0.1141093969974075,0.7447584319467379,0.14113217105585457,0.1701482479784367,0.6260107816711591,0.20384097035040433,0
1789869600000,81098.0,81152.03,-0.011147472219733778,0.0,0.0025,low_liquidity,0.10493985395450099,0.7707162199106423,0.12434392613485651,0.1701482479784367,0.6260107816711591,0.20384097035040433,0
1789870500000,81152.03,80984.49,-0.007431422979881752,0.0,0.0025,ranging,0.12294886830277664,0.7162240155105989,0.16082711618662454,0.1701482479784367,0.6260107816711591,0.20384097035040433,0
1789871400000,80984.49,80562.86,-0.0021706031786855595,1.0,0.0025,ranging,0.17746518547071577,0.6113355278612093,0.21119928666807503,0.1701482479784367,0.6260107816711591,0.20384097035040433,0
1789872300000,80562.87,80331.52,0.0019277613569368413,1.0,0.0025,trending,0.17109989755790614,0.6111260661001671,0.2177740363419268,0.1701482479784367,0.6260107816711591,0.20384097035040433,0
1789873200000,80331.52,80247.39,0.002270603442678931,1.0,0.0025,trending,0.13325349224953334,0.6765569015546683,0.19018960619579833,0.1701482479784367,0.6260107816711591,0.20384097035040433,0
1789874100000,80247.39,80382.66,0.0005443960177480278,1.0,0.0025,trending,0.14893091263796301,0.6697721680176731,0.18129691934436393,0.1701482479784367,0.6260107816711591,0.20384097035040433,0
1789875000000,80382.65,80387.99,-5.025626340460221e-05,1.0,0.0025,trending,0.13620227172144198,0.6987355791992552,0.16506214907930275,0.1701482479784367,0.6260107816711591,0.20384097035040433,0
1789875900000,80388.0,80486.38,-0.0006706724789959928,1.0,0.0025,trending,0.12944878474215823,0.714381776840525,0.15616943841731673,0.1701482479784367,0.6260107816711591,0.20384097035040433,0
1789876800000,80486.38,80429.6,0.00211862299451937,1.0,0.0025,trending,0.1379217850432945,0.6910569254105895,0.17102128954611595,0.1701482479784367,0.6260107816711591,0.20384097035040433,0
1789877700000,80429.6,80426.42,0.0015922628409916761,1.0,0.0025,trending,0.1446550165016643,0.6796110048776673,0.17573397862066834,0.1701482479784367,0.6260107816711591,0.20384097035040433,0
1789878600000,80426.41,80383.95,0.001941307935228398,1.0,0.0025,trending,0.14455498902584163,0.7010516027912564,0.1543934081829019,0.1701482479784367,0.6260107816711591,0.20384097035040433,0
1789879500000,80383.94,80432.4,0.0007697146920893072,1.0,0.0025,trending,0.13687323354811848,0.6968993324175456,0.16622743403433585,0.1701482479784367,0.6260107816711591,0.20384097035040433,0
1789880400000,80432.4,80600.0,-0.0009925558312655625,1.0,0.0025,trending,0.1560259626579246,0.6866619029252831,0.15731213441679232,0.1701482479784367,0.6260107816711591,0.20384097035040433,0
1789881300000,80600.0,80554.48,-0.0011093113629434548,1.0,0.0025,trending,0.14953569460971666,0.6900148417289452,0.16044946366133805,0.1701482479784367,0.6260107816711591,0.20384097035040433,0
1789882200000,80554.48,80540.0,-0.0019982617333001995,1.0,0.0025,trending,0.14123561468733611,0.695763634489827,0.16300075082283683,0.1701482479784367,0.6260107816711591,0.20384097035040433,0
1789883100000,80540.01,80494.31,-0.002296684076178779,1.0,0.0025,trending,0.14157708119272186,0.6748483506027959,0.18357456820448229,0.1701482479784367,0.6260107816711591,0.20384097035040433,0
1789884000000,80494.31,80520.0,-0.0021856681569797365,1.0,0.0025,trending,0.13220301624591574,0.7202978200450257,0.14749916370905855,0.1701482479784367,0.6260107816711591,0.20384097035040433,0
1789884900000,80520.0,80465.12,-0.000839369903381626,1.0,0.0025,trending,0.14598597429121232,0.6829826445978741,0.17103138111091357,0.1701482479784367,0.6260107816711591,0.20384097035040433,0
1789885800000,80465.11,80379.06,-0.0004858230489384052,1.0,0.0025,trending,0.15801681861955072,0.6638091202113915,0.17817406116905782,0.1701482479784367,0.6260107816711591,0.20384097035040433,0
1789886700000,80379.07,80309.44,2.7020484764994634e-05,1.0,0.0025,trending,0.1533581702720553,0.6641132334053572,0.18252859632258742,0.1701482479784367,0.6260107816711591,0.20384097035040433,0
1789887600000,80309.45,80344.01,0.0009469280908434019,1.0,0.0025,trending,0.13236664417472618,0.71941646221665,0.14821689360862392,0.1701482479784367,0.6260107816711591,0.20384097035040433,0
1789888500000,80344.01,80397.58,-0.00023184777452256444,1.0,0.0025,trending,0.12971994482971153,0.6981659677020932,0.17211408746819531,0.1701482479784367,0.6260107816711591,0.20384097035040433,0
1789889400000,80397.57,80340.01,-0.0010456807262034795,1.0,0.0025,trending,0.12672078790130656,0.6958762674638808,0.17740294463481285,0.1701482479784367,0.6260107816711591,0.20384097035040433,0
1789890300000,80340.0,80311.61,-0.0005822321330626323,1.0,0.0025,trending,0.11870400021201556,0.7419129449590872,0.1393830548288973,0.1701482479784367,0.6260107816711591,0.20384097035040433,0
1789891200000,80311.6,80420.09,-0.0018925619207836863,1.0,0.0025,trending,0.15406358493830424,0.680687176532441,0.16524923852925474,0.1701482479784367,0.6260107816711591,0.20384097035040433,0
1789892100000,80420.1,80378.94,3.8194084171605525e-05,1.0,0.0025,trending,0.11428717244811547,0.7610095615690635,0.12470326598282098,0.1701482479784367,0.6260107816711591,0.20384097035040433,0
1789893000000,80378.94,80256.0,0.0036881977671452404,2.0,0.0025,trending,0.12052752689889039,0.7304206078968866,0.14905186520422292,0.1701482479784367,0.6260107816711591,0.20384097035040433,0
1789893900000,80256.01,80264.85,0.002556037916970899,2.0,0.0025,trending,0.11610342099998652,0.7187984566643473,0.1650981223356662,0.1701482479784367,0.6260107816711591,0.20384097035040433,0
1789894800000,80264.85,80267.89,0.0017841505488682685,1.0,0.0025,trending,0.10438456481604827,0.7570260770230937,0.13858935816085824,0.1701482479784367,0.6260107816711591,0.20384097035040433,0
1789895700000,80267.88,80382.01,-2.4881189211400923e-05,1.0,0.0025,trending,0.11236336522955744,0.7542913185485748,0.13334531622186782,0.1701482479784367,0.6260107816711591,0.20384097035040433,0
1789896600000,80382.01,80552.0,-0.0024124788956202403,1.0,0.0025,trending,0.14217722647661982,0.7094465975598573,0.14837617596352293,0.1701482479784367,0.6260107816711591,0.20384097035040433,0
1789897500000,80552.01,80470.01,-0.0018693920878100068,1.0,0.0025,trending,0.10446489041801622,0.7516989423215833,0.14383616726040038,0.1701482479784367,0.6260107816711591,0.20384097035040433,0
1789898400000,80470.01,80411.1,-0.0005586293434614031,1.0,0.0025,trending,0.12569263844646725,0.718245514750094,0.15606184680343857,0.1701482479784367,0.6260107816711591,0.20384097035040433,0
1789899300000,80411.11,80380.01,-9.405323537525767e-05,1.0,0.0025,trending,0.10224434677234122,0.7550547248501771,0.14270092837748183,0.1701482479784367,0.6260107816711591,0.20384097035040433,0
1789900200000,80380.0,80357.67,0.0012604895089667334,1.0,0.0025,trending,0.10764538655120935,0.7394080901686994,0.15294652328009134,0.1701482479784367,0.6260107816711591,0.20384097035040433,0
1789901100000,80357.67,80319.58,0.002161614888922525,1.0,0.0025,trending,0.10077557139609696,0.7699069464066018,0.12931748219730108,0.1701482479784367,0.6260107816711591,0.20384097035040433,0
1789902000000,80319.58,80366.18,0.0015159361811150074,1.0,0.0025,ranging,0.12941389549901036,0.73807676349631,0.13250934100467948,0.1701482479784367,0.6260107816711591,0.20384097035040433,0
1789902900000,80366.18,80372.45,-5.3003236805571063e-05,1.0,0.0025,ranging,0.13142062357896422,0.7493632734777673,0.11921610294326833,0.1701482479784367,0.6260107816711591,0.20384097035040433,0
1789903800000,80372.45,80458.96,-0.0012795343116541735,1.0,0.0025,ranging,0.1379580412932703,0.7382679083735537,0.12377405033317605,0.1701482479784367,0.6260107816711591,0.20384097035040433,0
1789904700000,80458.96,80493.2,6.957109420335783e-06,1.0,0.0025,ranging,0.13159634263088044,0.7504406957051954,0.1179629616639241,0.1701482479784367,0.6260107816711591,0.20384097035040433,0
1789905600000,80493.21,80488.01,0.0010744457466398405,1.0,0.0025,ranging,0.11138913034045593,0.7566570441248254,0.13195382553471868,0.1701482479784367,0.6260107816711591,0.20384097035040433,0
1789906500000,80488.01,80368.19,0.001669690458376616,1.0,0.0025,ranging,0.10039069008027597,0.7666375116762295,0.13297179824349456,0.1701482479784367,0.6260107816711591,0.20384097035040433,0
1789907400000,80368.2,80356.01,0.0025756629777908824,2.0,0.0025,ranging,0.0931353390406706,0.7977790417080918,0.10908561925123753,0.1701482479784367,0.6260107816711591,0.20384097035040433,0
1789908300000,80356.0,80493.76,0.0008796955192553746,1.0,0.0025,ranging,0.10491451203347262,0.7478324238585952,0.14725306410793224,0.1701482479784367,0.6260107816711591,0.20384097035040433,0
1789909200000,80493.76,80574.49,0.00021743854661671058,1.0,0.0025,ranging,0.10673259021300449,0.7579587570390787,0.13530865274791679,0.1701482479784367,0.6260107816711591,0.20384097035040433,0
1789910100000,80574.5,80502.38,0.0003417290271416906,1.0,0.0025,ranging,0.10316113949621633,0.7482482724635792,0.14859058804020456,0.1701482479784367,0.6260107816711591,0.20384097035040433,0
1789911000000,80502.39,80562.98,0.0008732298631457525,1.0,0.0025,ranging,0.0982489277807566,0.7592961810870474,0.14245489113219598,0.1701482479784367,0.6260107816711591,0.20384097035040433,0
1789911900000,80562.98,80564.57,0.0014577127389867606,1.0,0.0025,ranging,0.09287193183249737,0.7880919289775442,0.11903613918995849,0.1701482479784367,0.6260107816711591,0.20384097035040433,0
1789912800000,80564.58,80592.01,0.002158898878437343,1.0,0.0025,ranging,0.11559442239055594,0.7212463873677702,0.1631591902416739,0.1701482479784367,0.6260107816711591,0.20384097035040433,0
1789913700000,80592.01,80529.89,0.0017050811816581302,1.0,0.0025,ranging,0.10620573528385335,0.7414271047061887,0.15236716000995806,0.1701482479784367,0.6260107816711591,0.20384097035040433,0
1789914600000,80529.88,80633.33,0.002556883115208075,2.0,0.0025,ranging,0.11159625493317332,0.7397835582969641,0.14862018676986266,0.1701482479784367,0.6260107816711591,0.20384097035040433,0
1789915500000,80633.32,80682.01,0.0028505735045520897,2.0,0.0025,ranging,0.11257270770321852,0.7300036481332824,0.15742364416349905,0.1701482479784367,0.6260107816711591,0.20384097035040433,0
1789916400000,80682.01,80766.0,0.004879280885521142,2.0,0.0025,ranging,0.14544760258372702,0.6911195593701408,0.16343283804613207,0.1701482479784367,0.6260107816711591,0.20384097035040433,0
1789917300000,80766.0,80667.2,0.006389709820100453,2.0,0.0025,ranging,0.14078649938381943,0.7047443030845091,0.15446919753167146,0.1701482479784367,0.6260107816711591,0.20384097035040433,0
1789918200000,80667.2,80839.5,0.006636730806103497,2.0,0.0025,ranging,0.16401637992031184,0.6822222275912854,0.15376139248840293,0.1701482479784367,0.6260107816711591,0.20384097035040433,0
1789919100000,80839.51,80912.0,0.0052156664030056366,2.0,0.0025,ranging,0.16130922684720397,0.6845556940781214,0.1541350790746746,0.1701482479784367,0.6260107816711591,0.20384097035040433,0
1789920000000,80912.0,81160.08,0.000984843780341249,1.0,0.0025,trending,0.15661381030236599,0.6597500495664859,0.18363614013114818,0.1701482479784367,0.6260107816711591,0.20384097035040433,0
1789920900000,81160.07,81182.64,-0.00026274090125677496,1.0,0.0025,trending,0.14628271205163382,0.683367112341976,0.17035017560639004,0.1701482479784367,0.6260107816711591,0.20384097035040433,0
1789921800000,81182.65,81376.01,0.0001964952570174816,1.0,0.0025,trending,0.14678562469847858,0.6293258014697337,0.22388857383178765,0.1701482479784367,0.6260107816711591,0.20384097035040433,0
1789922700000,81376.0,81334.01,-0.0022877268685017604,1.0,0.0025,trending,0.14176368444383447,0.6581405793690589,0.2000957361871066,0.1701482479784367,0.6260107816711591,0.20384097035040433,0
1789923600000,81334.01,81240.01,-0.001674051984976388,1.0,0.0025,trending,0.14869087098662004,0.6545673482960973,0.1967417807172825,0.1701482479784367,0.6260107816711591,0.20384097035040433,0
1789924500000,81240.0,81161.31,0.0013539702599674186,1.0,0.0025,trending,0.14976901587315034,0.6557725929196309,0.1944583912072188,0.1701482479784367,0.6260107816711591,0.20384097035040433,0
1789925400000,81161.31,81392.0,-0.0021371879300176033,1.0,0.0025,trending,0.14231086713669922,0.6722188687699381,0.18547026409336267,0.1701482479784367,0.6260107816711591,0.20384097035040433,0
1789926300000,81392.01,81147.94,-0.001379455843241395,1.0,0.0025,trending,0.1536477345562871,0.6476383107908467,0.1987139546528662,0.1701482479784367,0.6260107816711591,0.20384097035040433,0
1789927200000,81147.94,81104.01,-0.00017261785206423852,1.0,0.0025,trending,0.15277536871655942,0.6589588022446005,0.18826582903884004,0.1701482479784367,0.6260107816711591,0.20384097035040433,0
1789928100000,81104.01,81271.2,-0.0019017807046037838,1.0,0.0025,trending,0.1497173609007585,0.6871101575982931,0.16317248150094843,0.1701482479784367,0.6260107816711591,0.20384097035040433,0
1789929000000,81271.2,81218.05,0.00014725790633973723,1.0,0.0025,trending,0.14038616144744043,0.6963076202810721,0.16330621827148742,0.1701482479784367,0.6260107816711591,0.20384097035040433,0
1789929900000,81218.06,81036.0,0.001743916284120628,1.0,0.0025,trending,0.14544838881523212,0.6604739002118657,0.19407771097290225,0.1701482479784367,0.6260107816711591,0.20384097035040433,0
1789930800000,81036.0,81090.01,0.0007892464188867798,1.0,0.0025,trending,0.1362246588744568,0.7021930614210118,0.16158227970453137,0.1701482479784367,0.6260107816711591,0.20384097035040433,0
1789931700000,81090.01,81116.64,0.0008715844246014459,1.0,0.0025,low_liquidity,0.13562497136343474,0.7100417541782701,0.1543332744582952,0.1701482479784367,0.6260107816711591,0.20384097035040433,0
1789932600000,81116.63,81230.01,-0.0011114119030638525,1.0,0.0025,trending,0.15370092711257266,0.6838706182698037,0.16242845461762356,0.1701482479784367,0.6260107816711591,0.20384097035040433,0
1789933500000,81230.0,81177.32,-0.0010528802872526999,1.0,0.0025,trending,0.15563886077902997,0.6844905269590299,0.1598706122619403,0.1701482479784367,0.6260107816711591,0.20384097035040433,0
1789934400000,81177.32,81154.01,-0.00473741223631452,0.0,0.0025,trending,0.14726445107309774,0.6896658267726408,0.16306972215426146,0.1701482479784367,0.6260107816711591,0.20384097035040433,0
1789935300000,81154.01,81187.34,-0.0037609311993717087,0.0,0.0025,trending,0.1540796705880925,0.6638480638923254,0.18207226551958217,0.1701482479784367,0.6260107816711591,0.20384097035040433,0
1789936200000,81187.34,81139.73,-0.004133733252501437,0.0,0.0025,trending,0.1670756121735787,0.6650345005580265,0.16788988726839474,0.1701482479784367,0.6260107816711591,0.20384097035040433,0
1789937100000,81139.73,81091.85,-0.0019710982053068316,1.0,0.0025,trending,0.18429253031413947,0.6391987593382338,0.17650871034762683,0.1701482479784367,0.6260107816711591,0.20384097035040433,0
1789938000000,81091.86,80769.55,0.006506907615555502,2.0,0.0025,trending,0.15529147206271302,0.6178770089371313,0.22683151900015572,0.1701482479784367,0.6260107816711591,0.20384097035040433,0
1789938900000,80769.55,80882.0,0.0034618332879998714,2.0,0.0025,trending,0.16040174119634576,0.6396517450035049,0.1999465138001494,0.1701482479784367,0.6260107816711591,0.20384097035040433,0
1789939800000,80882.0,80804.32,0.0038179889392051525,2.0,0.0025,trending,0.1595967950211977,0.654533941337338,0.18586926364146442,0.1701482479784367,0.6260107816711591,0.20384097035040433,0
1789940700000,80804.32,80932.01,0.0035936337179813815,2.0,0.0025,trending,0.17072958725909865,0.6588722383535817,0.17039817438731972,0.1701482479784367,0.6260107816711591,0.20384097035040433,0
1789941600000,80932.01,81295.11,-0.0016924757220944109,1.0,0.0025,trending,0.19135056012533433,0.6006386809659464,0.20801075890871923,0.1701482479784367,0.6260107816711591,0.20384097035040433,0
1789942500000,81295.1,81162.0,1.2690668046655418e-05,1.0,0.0025,high_volatility,0.16380201768433716,0.6489147366789083,0.18728324563675441,0.1701482479784367,0.6260107816711591,0.20384097035040433,0
1789943400000,81162.01,81112.83,0.001839166504238543,1.0,0.0025,trending,0.17806765271754188,0.626226710009679,0.1957056372727792,0.1701482479784367,0.6260107816711591,0.20384097035040433,0
1789944300000,81112.83,81222.85,-0.0005521845145793902,1.0,0.0025,trending,0.16248938478074176,0.6522962073293426,0.18521440788991567,0.1701482479784367,0.6260107816711591,0.20384097035040433,0
1789945200000,81222.84,81157.52,0.006486644737295988,2.0,0.0025,ranging,0.17246533115006035,0.6560301514802859,0.17150451736965378,0.1701482479784367,0.6260107816711591,0.20384097035040433,0
1789946100000,81157.52,81163.03,0.007093377366517828,2.0,0.0025,ranging,0.1797117818630975,0.6441086967873088,0.1761795213495937,0.1701482479784367,0.6260107816711591,0.20384097035040433,0
1789947000000,81163.03,81262.01,0.005315029741449928,2.0,0.0025,ranging,0.17857554544939833,0.651495685505206,0.16992876904539567,0.1701482479784367,0.6260107816711591,0.20384097035040433,0
1789947900000,81262.01,81178.0,0.005293552440316374,2.0,0.0025,ranging,0.1676530607667008,0.6536491803573913,0.1786977588759079,0.1701482479784367,0.6260107816711591,0.20384097035040433,0
1789948800000,81178.01,81683.96,0.0013471433069600636,1.0,0.0025,high_volatility,0.20537262268885959,0.5556261245848634,0.23900125272627695,0.1701482479784367,0.6260107816711591,0.20384097035040433,0
1789949700000,81683.96,81738.75,-0.0018932268966677102,1.0,0.0025,high_volatility,0.18594341911040793,0.6055325007375009,0.2085240801520912,0.1701482479784367,0.6260107816711591,0.20384097035040433,0
1789950600000,81738.76,81693.92,-0.0027647100298283656,0.0,0.0025,high_volatility,0.1796530884416652,0.6059394088269567,0.21440750273137796,0.1701482479784367,0.6260107816711591,0.20384097035040433,0
1789951500000,81694.01,81607.72,-0.007483973329974192,0.0,0.0025,high_volatility,0.18209612456818297,0.5832585651768991,0.23464531025491797,0.1701482479784367,0.6260107816711591,0.20384097035040433,0
1789952400000,81607.72,81794.0,-0.005208083722522461,0.0,0.0025,high_volatility,0.16858848623733666,0.6139465808100348,0.2174649329526285,0.1701482479784367,0.6260107816711591,0.20384097035040433,0
1789953300000,81794.0,81584.0,-0.001887625024514561,1.0,0.0025,high_volatility,0.18126878285969805,0.5241348041310009,0.29459641300930106,0.1701482479784367,0.6260107816711591,0.20384097035040433,0
1789954200000,81584.0,81468.06,-0.0025904630600015466,0.0,0.0025,high_volatility,0.16462043869011792,0.6117761340607573,0.22360342724912483,0.1701482479784367,0.6260107816711591,0.20384097035040433,0
1789955100000,81468.01,80996.97,0.0038722436160265605,2.0,0.0025,high_volatility,0.14116705667975557,0.6076843283704942,0.25114861494975016,0.1701482479784367,0.6260107816711591,0.20384097035040433,0
1789956000000,80996.98,81368.01,-0.0005408759535840968,1.0,0.0025,high_volatility,0.16884631083673043,0.6106663331128936,0.2204873560503759,0.1701482479784367,0.6260107816711591,0.20384097035040433,0
1789956900000,81368.01,81430.0,0.0001838388800197155,1.0,0.0025,high_volatility,0.18299788755748386,0.6272899448751004,0.1897121675674158,0.1701482479784367,0.6260107816711591,0.20384097035040433,0
1789957800000,81430.0,81257.02,0.00262118891389318,2.0,0.0025,high_volatility,0.17733998828456135,0.6034207247299354,0.21923928698550346,0.1701482479784367,0.6260107816711591,0.20384097035040433,0
1789958700000,81257.03,81310.61,0.0014096561322070045,1.0,0.0025,high_volatility,0.18317490230508413,0.6038183195770503,0.21300677811786561,0.1701482479784367,0.6260107816711591,0.20384097035040433,0
1789959600000,81310.61,81324.0,-0.0005095666715853042,1.0,0.0025,high_volatility,0.1803244618646584,0.5953636799276204,0.22431185820772118,0.1701482479784367,0.6260107816711591,0.20384097035040433,0
1789960500000,81324.0,81444.97,-0.001719320419664938,1.0,0.0025,high_volatility,0.18084076301996624,0.6096664223896624,0.20949281459037128,0.1701482479784367,0.6260107816711591,0.20384097035040433,0
1789961400000,81444.96,81470.01,-0.0006213329297491965,1.0,0.0025,high_volatility,0.1773471237433635,0.623972989892138,0.1986798863644986,0.1701482479784367,0.6260107816711591,0.20384097035040433,0
1789962300000,81470.01,81425.23,-0.00030973200812578483,1.0,0.0025,high_volatility,0.1703296113842725,0.6160622125134851,0.2136081761022424,0.1701482479784367,0.6260107816711591,0.20384097035040433,0
1789963200000,81425.24,81282.56,0.0005345550140152255,1.0,0.0025,high_volatility,0.14298869339649595,0.6014850836052829,0.25552622299822125,0.1701482479784367,0.6260107816711591,0.20384097035040433,0
1789964100000,81282.55,81304.94,0.0034079110076215002,2.0,0.0025,high_volatility,0.14247585776440574,0.6427217129762645,0.21480242925932974,0.1701482479784367,0.6260107816711591,0.20384097035040433,0
1789965000000,81304.93,81419.39,0.0025621660884465047,2.0,0.0025,high_volatility,0.15327904334655287,0.6341663080503084,0.2125546486031387,0.1701482479784367,0.6260107816711591,0.20384097035040433,0
1789965900000,81419.38,81400.01,0.0018426287662618446,1.0,0.0025,high_volatility,0.15315016627727596,0.6439444027459296,0.20290543097679445,0.1701482479784367,0.6260107816711591,0.20384097035040433,0
1789966800000,81400.0,81326.01,0.004214149938008838,2.0,0.0025,high_volatility,0.14837815225791431,0.657862574120731,0.19375927362135476,0.1701482479784367,0.6260107816711591,0.20384097035040433,0
1789967700000,81326.01,81582.02,0.002843641282723741,2.0,0.0025,high_volatility,0.15225273500888326,0.646837255865164,0.20091000912595264,0.1701482479784367,0.6260107816711591,0.20384097035040433,0
1789968600000,81582.02,81628.0,-0.0027930367030921666,0.0,0.0025,high_volatility,0.15178908839204164,0.6463387369946586,0.20187217461329973,0.1701482479784367,0.6260107816711591,0.20384097035040433,0
1789969500000,81628.0,81550.0,0.0011023911710605905,1.0,0.0025,ranging,0.16216242903438294,0.6425535826138798,0.19528398835173721,0.1701482479784367,0.6260107816711591,0.20384097035040433,0
1789970400000,81550.01,81668.73,-0.0013134770186825628,1.0,0.0025,ranging,0.16582887837538368,0.6473034491302557,0.1868676724943607,0.1701482479784367,0.6260107816711591,0.20384097035040433,0
1789971300000,81668.73,81814.01,-0.0024445690903062145,1.0,0.0025,ranging,0.1992305958655561,0.619703600012573,0.18106580412187098,0.1701482479784367,0.6260107816711591,0.20384097035040433,0
1789972200000,81814.01,81400.01,0.001274447017881375,1.0,0.0025,high_volatility,0.15362790830738723,0.6245365758593682,0.22183551583324462,0.1701482479784367,0.6260107816711591,0.20384097035040433,0
1789973100000,81400.01,81639.9,0.0009812603886090177,1.0,0.0025,high_volatility,0.15491232518015793,0.6412238115362043,0.20386386328363765,0.1701482479784367,0.6260107816711591,0.20384097035040433,0
1789974000000,81639.91,81561.46,0.0040771707617788255,2.0,0.0025,high_volatility,0.14854598192364332,0.6559211672165426,0.19553285085981417,0.1701482479784367,0.6260107816711591,0.20384097035040433,0
1789974900000,81561.46,81614.01,0.007670129184927932,2.0,0.0025,high_volatility,0.1522665847670381,0.6563812287505673,0.19135218648239466,0.1701482479784367,0.6260107816711591,0.20384097035040433,0
1789975800000,81614.02,81503.75,0.02487591061760952,2.0,0.0025,ranging,0.14637119152408565,0.632973724039458,0.22065508443645648,0.1701482479784367,0.6260107816711591,0.20384097035040433,0
1789976700000,81503.74,81720.01,0.024963163856685844,2.0,0.0025,ranging,0.15788033038629048,0.6230827518437938,0.2190369177699157,0.1701482479784367,0.6260107816711591,0.20384097035040433,0
1789977600000,81720.01,81894.0,0.024806945563777383,2.0,0.0025,ranging,0.1726871071659443,0.6374850708808325,0.18982782195322317,0.1701482479784367,0.6260107816711591,0.20384097035040433,0
1789978500000,81894.01,82240.0,0.02695987354085605,2.0,0.0025,high_volatility,0.1827455294794868,0.5625555198465658,0.25469895067394743,0.1701482479784367,0.6260107816711591,0.20384097035040433,0
1789979400000,82240.0,83531.23,0.017947419186811864,2.0,0.002625361136207672,abnormal,0.24119153269919866,0.4377603697259775,0.3210480975748238,0.1701482479784367,0.6260107816711591,0.20384097035040433,0
1789980300000,83531.22,83760.0,0.010669890162368745,2.0,0.0027319342540942744,high_volatility,0.239524442196592,0.4796418494318676,0.2808337083715403,0.1701482479784367,0.6260107816711591,0.20384097035040433,0
1789981200000,83760.0,83925.54,0.007622351908608493,2.0,0.0027107111601530278,high_volatility,0.22998936856604377,0.4850764798121246,0.2849341516218317,0.1701482479784367,0.6260107816711591,0.20384097035040433,0
1789982100000,83925.54,84457.18,-0.0010540252468764777,1.0,0.002856453981175771,high_volatility,0.20476803113155292,0.4620505160421299,0.33318145282631717,0.1701482479784367,0.6260107816711591,0.20384097035040433,0
1789983000000,84457.18,85030.4,-0.009031593406593319,0.0,0.003124474662379922,high_volatility,0.19204785712121325,0.5258941843005948,0.28205795857819205,0.1701482479784367,0.6260107816711591,0.20384097035040433,0
1789983900000,85030.4,84653.71,-0.0025036114778667073,1.0,0.0031720585078031348,high_volatility,0.19126286915650068,0.5573972448230744,0.2513398860204249,0.1701482479784367,0.6260107816711591,0.20384097035040433,0
1789984800000,84653.7,84565.25,0.0004110435432993498,1.0,0.0031089237290509737,high_volatility,0.19111567068747573,0.610531843358928,0.19835248595359628,0.1701482479784367,0.6260107816711591,0.20384097035040433,0
1789985700000,84565.25,84368.16,0.0036251827703719375,2.0,0.0030831789258240054,high_volatility,0.16132426984734063,0.6327215481198264,0.20595418203283308,0.1701482479784367,0.6260107816711591,0.20384097035040433,0
1789986600000,84368.16,84262.44,0.006721856143733662,2.0,0.0030373317052169034,high_volatility,0.1670081473600252,0.6070174055476586,0.22597444709231626,0.1701482479784367,0.6260107816711591,0.20384097035040433,0
1789987500000,84262.45,84441.77,0.005274877587241544,2.0,0.0029635593408859273,high_volatility,0.18107155781351927,0.6266339488037374,0.19229449338274335,0.1701482479784367,0.6260107816711591,0.20384097035040433,0
1789988400000,84441.77,84600.01,0.004733805587020745,2.0,0.0028742723309520446,high_volatility,0.1949608489798705,0.6252880970269881,0.1797510539931416,0.1701482479784367,0.6260107816711591,0.20384097035040433,0
1789989300000,84600.01,84674.01,0.004847768518344786,2.0,0.002756550920774575,high_volatility,0.19689337774069723,0.6165877895437542,0.18651883271554864,0.1701482479784367,0.6260107816711591,0.20384097035040433,0
1789990200000,84674.0,84828.84,0.00544072039650656,2.0,0.002691270414136513,high_volatility,0.19319233887517345,0.6060800101242557,0.20072765100057094,0.1701482479784367,0.6260107816711591,0.20384097035040433,0
1789991100000,84828.85,84887.19,0.0051339901815574684,2.0,0.002596960503570983,high_volatility,0.16301827291816987,0.6400391378592295,0.19694258922260063,0.1701482479784367,0.6260107816711591,0.20384097035040433,0
1789992000000,84887.19,85000.49,0.0019841062092700312,1.0,0.0025854547056633256,high_volatility,0.16760401415661294,0.6197837718500322,0.21261221399335473,0.1701482479784367,0.6260107816711591,0.20384097035040433,0
1789992900000,85000.49,85084.49,-0.0016172160166912919,1.0,0.002646728747511061,high_volatility,0.1580050298191295,0.6140624537913465,0.22793251638952414,0.1701482479784367,0.6260107816711591,0.20384097035040433,0
1789993800000,85084.48,85290.37,-0.002459714971338456,1.0,0.0026397992389779984,high_volatility,0.16796848600899764,0.5998535311888316,0.23217798280217078,0.1701482479784367,0.6260107816711591,0.20384097035040433,0
1789994700000,85290.36,85323.0,0.0016799690587532279,1.0,0.002580669840853479,high_volatility,0.1550878417334971,0.6198484799366113,0.22506367832989152,0.1701482479784367,0.6260107816711591,0.20384097035040433,0
1789995600000,85323.0,85169.14,0.0017926680955098195,1.0,0.0025846856928333065,high_volatility,0.14171585225493996,0.5951732771965834,0.26311087054847665,0.1701482479784367,0.6260107816711591,0.20384097035040433,0
1789996500000,85169.15,84946.89,0.009133118351949188,2.0,0.0025543901179867637,high_volatility,0.13858869221783243,0.5607405037950592,0.30067080398710844,0.1701482479784367,0.6260107816711591,0.20384097035040433,0
1789997400000,84946.89,85080.58,0.008443995092652035,2.0,0.002595889897055081,high_volatility,0.148394690641355,0.5917838085647329,0.2598215007939122,0.1701482479784367,0.6260107816711591,0.20384097035040433,0
1789998300000,85080.57,85466.34,0.004420453713122718,2.0,0.0028040793894069252,high_volatility,0.16235581409849487,0.5435943072602153,0.2940498786412899,0.1701482479784367,0.6260107816711591,0.20384097035040433,0
1789999200000,85466.35,85321.82,0.011337310901244235,2.0,0.00285473217943427,high_volatility,0.1752345266785242,0.546819146329849,0.2779463269916268,0.1701482479784367,0.6260107816711591,0.20384097035040433,0
1790000100000,85321.82,85722.72,0.0014846705750821698,1.0,0.0029171831884281553,high_volatility,0.18919927462480482,0.5276384262902535,0.2831622990849417,0.1701482479784367,0.6260107816711591,0.20384097035040433,0
1790001000000,85722.71,85799.0,0.003741185794706281,2.0,0.0029196988721599646,high_volatility,0.18259963134773297,0.5472553946357035,0.27014497401656357,0.1701482479784367,0.6260107816711591,0.20384097035040433,0
1790001900000,85799.0,85844.14,0.0009735085004056732,1.0,0.002922840465724018,high_volatility,0.16665248602184066,0.5349829519437855,0.2983645620343737,0.1701482479784367,0.6260107816711591,0.20384097035040433,0
1790002800000,85844.13,86289.14,-0.006511132223591454,0.0,0.0029706100739449177,high_volatility,0.18022625579146753,0.4864110991990019,0.33336264500953067,0.1701482479784367,0.6260107816711591,0.20384097035040433,0
1790003700000,86289.14,85849.99,-3.610949750842973e-05,1.0,0.003009428798193353,high_volatility,0.16123775228565398,0.533005112443531,0.30575713527081505,0.1701482479784367,0.6260107816711591,0.20384097035040433,0
1790004600000,85849.99,86119.99,-0.003051440205694478,0.0,0.0029449497638601605,high_volatility,0.1761466683281085,0.549690272764413,0.2741630589074785,0.1701482479784367,0.6260107816711591,0.20384097035040433,0
1790005500000,86119.99,85927.71,0.0003980089775463824,1.0,0.002878502318804467,high_volatility,0.15319671639865068,0.5705127009585854,0.27629058264276396,0.1701482479784367,0.6260107816711591,0.20384097035040433,0
1790006400000,85927.71,85727.3,0.0025994053236249037,1.0,0.0028255413738841133,high_volatility,0.1698507588801489,0.5673499241764269,0.2627993169434242,0.1701482479784367,0.6260107816711591,0.20384097035040433,0
1790007300000,85727.3,85846.89,0.0004431144797441,1.0,0.002743710700092986,high_volatility,0.16422664901873235,0.5859194257860716,0.24985392519519606,0.1701482479784367,0.6260107816711591,0.20384097035040433,0
1790008200000,85846.89,85857.2,0.0004273374859651291,1.0,0.0027219843768948996,trending,0.16028898449510587,0.5666295389836637,0.2730814765212304,0.1701482479784367,0.6260107816711591,0.20384097035040433,0
1790009100000,85857.21,85961.91,-0.0007526589392906624,1.0,0.0026549013241290117,trending,0.18377223323230338,0.5911433890078329,0.2250843777598637,0.1701482479784367,0.6260107816711591,0.20384097035040433,0
1790010000000,85961.91,85950.14,0.0004362994638520412,1.0,0.0025734164456007094,trending,0.17474090455989832,0.6027180489559164,0.22254104648418532,0.1701482479784367,0.6260107816711591,0.20384097035040433,0
1790010900000,85950.14,85884.93,0.00044350039058094204,1.0,0.0025089164146807367,trending,0.1766315655757208,0.6017195576267652,0.2216488767975139,0.1701482479784367,0.6260107816711591,0.20384097035040433,0
1790011800000,85884.93,85893.89,0.00034042002289114137,1.0,0.0025,low_liquidity,0.1879524126022031,0.5846558788472761,0.22739170855052085,0.1701482479784367,0.6260107816711591,0.20384097035040433,0
1790012700000,85893.89,85897.21,0.0017991271194954805,1.0,0.0025,trending,0.1822382818707652,0.595407854861288,0.2223538632679469,0.1701482479784367,0.6260107816711591,0.20384097035040433,0
1790013600000,85897.2,85987.64,0.0007909276263424747,1.0,0.0025,trending,0.18554567888939377,0.5935083638140008,0.22094595729660538,0.1701482479784367,0.6260107816711591,0.20384097035040433,0
1790014500000,85987.64,85923.02,0.005233056286894966,2.0,0.0025,trending,0.16964044568869704,0.6297294594923942,0.20063009481890862,0.1701482479784367,0.6260107816711591,0.20384097035040433,0
1790015400000,85923.01,85923.13,0.007617273718962592,2.0,0.0025,trending,0.15664074169952433,0.6356145390073002,0.2077447192931755,0.1701482479784367,0.6260107816711591,0.20384097035040433,0
1790016300000,85923.14,86051.75,0.0050941439308322956,2.0,0.0025,trending,0.16085558671473404,0.6260160536278083,0.21312835965745772,0.1701482479784367,0.6260107816711591,0.20384097035040433,0
1790017200000,86051.75,86055.65,0.008073264219141896,2.0,0.0025,trending,0.1410748532976424,0.6624790562368574,0.19644609046550007,0.1701482479784367,0.6260107816711591,0.20384097035040433,0
1790018100000,86055.66,86372.66,0.010486651678899284,2.0,0.0025,trending,0.19685143247200598,0.5747300231158186,0.22841854441217535,0.1701482479784367,0.6260107816711591,0.20384097035040433,0
1790019000000,86372.67,86577.63,0.004289445206573594,2.0,0.0025,trending,0.1907121992590316,0.5409059815489151,0.2683818191920533,0.1701482479784367,0.6260107816711591,0.20384097035040433,0
1790019900000,86577.64,86490.11,0.00591478031418835,2.0,0.0025,trending,0.18686275051250975,0.5964890702679844,0.21664817921950588,0.1701482479784367,0.6260107816711591,0.20384097035040433,0
1790020800000,86490.11,86750.4,-0.0017941127648979371,1.0,0.0025,low_liquidity,0.20414042242273187,0.5548066278143382,0.24105294976292993,0.1701482479784367,0.6260107816711591,0.20384097035040433,0
1790021700000,86750.41,87278.42,-0.007475845690148808,0.0,0.0025,trending,0.19069564851324852,0.4809076593053512,0.3283966921814001,0.1701482479784367,0.6260107816711591,0.20384097035040433,0
1790022600000,87278.42,86949.0,-0.0018246328307397475,1.0,0.0025,trending,0.19379364066708696,0.5422698030361156,0.26393655629679746,0.1701482479784367,0.6260107816711591,0.20384097035040433,0
1790023500000,86948.99,87001.68,-0.004751517441962005,0.0,0.0025,trending,0.19150328258128146,0.5561241538723329,0.2523725635463856,0.1701482479784367,0.6260107816711591,0.20384097035040433,0
1790024400000,87001.68,86594.76,0.00031479964838521113,1.0,0.0025,low_liquidity,0.17295280236596908,0.5778949739500537,0.24915222368397716,0.1701482479784367,0.6260107816711591,0.20384097035040433,0
1790025300000,86594.75,86625.94,-0.002389469020480539,1.0,0.0025,low_liquidity,0.18103434836385246,0.5934253455761791,0.22554030605996842,0.1701482479784367,0.6260107816711591,0.20384097035040433,0
1790026200000,86625.94,86790.35,-0.004171661941679172,0.0,0.0025,trending,0.16937779834549302,0.6132885698695056,0.21733363178500134,0.1701482479784367,0.6260107816711591,0.20384097035040433,0
1790027100000,86790.35,86588.29,-0.0015539052682526089,1.0,0.0025,low_liquidity,0.167359002718282,0.6100885298802662,0.22255246740145182,0.1701482479784367,0.6260107816711591,0.20384097035040433,0
1790028000000,86588.29,86622.02,0.00031354613988443525,1.0,0.0025,trending,0.18150871156074275,0.6109849160588052,0.2075063723804521,0.1701482479784367,0.6260107816711591,0.20384097035040433,0
1790028900000,86622.01,86418.95,0.0009378730012341574,1.0,0.0025,trending,0.13872934608686063,0.643321054392266,0.21794959952087334,0.1701482479784367,0.6260107816711591,0.20384097035040433,0
1790029800000,86418.95,86428.29,0.00039015003073639143,1.0,0.0025,trending,0.15305855002738647,0.6440757108048006,0.20286573916781278,0.1701482479784367,0.6260107816711591,0.20384097035040433,0
1790030700000,86428.29,86453.74,0.0019231093993157256,1.0,0.0025,trending,0.16367937149438194,0.6284687810077978,0.20785184749782026,0.1701482479784367,0.6260107816711591,0.20384097035040433,0
1790031600000,86453.73,86649.18,-0.0019737059254338885,1.0,0.0025,trending,0.1499876823234629,0.6473345376802299,0.20267777999630726,0.1701482479784367,0.6260107816711591,0.20384097035040433,0
1790032500000,86649.17,86500.0,-0.0010754913294797053,1.0,0.0025,low_liquidity,0.1514800866442729,0.6246749117827686,0.2238450015729585,0.1701482479784367,0.6260107816711591,0.20384097035040433,0
1790033400000,86500.01,86462.01,-0.001205616200687376,1.0,0.0025,trending,0.1460429497100912,0.6293855436220605,0.2245715066678483,0.1701482479784367,0.6260107816711591,0.20384097035040433,0
1790034300000,86462.01,86620.0,-0.008419418148233548,0.0,0.0025,trending,0.14653135436242873,0.6502759853274792,0.20319266031009206,0.1701482479784367,0.6260107816711591,0.20384097035040433,0
1790035200000,86620.01,86478.16,-0.00800144221384913,0.0,0.0025,trending,0.14575886244512973,0.6037859788198311,0.25045515873503915,0.1701482479784367,0.6260107816711591,0.20384097035040433,0
1790036100000,86478.16,86406.97,-0.007339222750201824,0.0,0.0025,trending,0.17184442903041472,0.6136161579685901,0.21453941300099508,0.1701482479784367,0.6260107816711591,0.20384097035040433,0
1790037000000,86406.98,86357.77,-0.007828479128166532,0.0,0.0025,trending,0.1581255828703925,0.5943262350882338,0.24754818204137366,0.1701482479784367,0.6260107816711591,0.20384097035040433,0
1790037900000,86357.78,85890.71,-0.003195689033191229,0.0,0.0025,trending,0.153517262058505,0.5819802576926855,0.2645024802488097,0.1701482479784367,0.6260107816711591,0.20384097035040433,0
1790038800000,85890.72,85786.21,-0.002111411612659042,1.0,0.0025,trending,0.16582950132943292,0.5902730390022515,0.24389745966831564,0.1701482479784367,0.6260107816711591,0.20384097035040433,0
1790039700000,85780.02,85772.81,-0.00033588732839695545,1.0,0.0025,trending,0.16437406824801987,0.5860875959825811,0.24953833576939907,0.1701482479784367,0.6260107816711591,0.20384097035040433,0
1790040600000,85772.8,85681.72,0.0015265799986274864,1.0,0.0025,trending,0.19632107797986853,0.6020599826879828,0.2016189393321487,0.1701482479784367,0.6260107816711591,0.20384097035040433,0
1790041500000,85681.71,85616.23,0.0011524684046471112,1.0,0.0025,trending,0.1799270203303647,0.6226025864255628,0.1974703932440726,0.1701482479784367,0.6260107816711591,0.20384097035040433,0
1790042400000,85616.23,85605.08,-0.0007131586116151389,1.0,0.0025,trending,0.15360184487603307,0.6008367003330901,0.24556145479087693,0.1701482479784367,0.6260107816711591,0.20384097035040433,0
1790043300000,85605.09,85744.0,-0.001539466318343008,1.0,0.0025,trending,0.1714902587642997,0.6223742067035883,0.20613553453211192,0.1701482479784367,0.6260107816711591,0.20384097035040433,0
1790044200000,85744.0,85812.52,-0.0037952503900363643,0.0,0.0025,low_liquidity,0.16715078488010982,0.6268327032975731,0.20601651182231703,0.1701482479784367,0.6260107816711591,0.20384097035040433,0
1790045100000,85812.51,85714.9,-0.0002574814880492715,1.0,0.0025,trending,0.16898357109762632,0.5750889776257613,0.2559274512766125,0.1701482479784367,0.6260107816711591,0.20384097035040433,0
1790046000000,85714.91,85544.03,0.0009348402220470398,1.0,0.0025,trending,0.1553687612603275,0.6107989235659447,0.23383231517372782,0.1701482479784367,0.6260107816711591,0.20384097035040433,0
1790046900000,85544.02,85612.0,-0.0005374246600943211,1.0,0.0025,trending,0.16769987871069858,0.5746728740885703,0.25762724720073116,0.1701482479784367,0.6260107816711591,0.20384097035040433,0
1790047800000,85612.01,85486.84,0.0004581991801311247,1.0,0.0025,trending,0.14360167182258243,0.6619086436840242,0.19448968449339332,0.1701482479784367,0.6260107816711591,0.20384097035040433,0
1790048700000,85486.84,85692.83,-0.002810386819994126,0.0,0.0025,trending,0.15527110281637863,0.6577401519003008,0.1869887452833206,0.1701482479784367,0.6260107816711591,0.20384097035040433,0
1790049600000,85692.83,85624.0,-0.002560964215640449,0.0,0.0025,trending,0.14284356705723222,0.6647597514245406,0.19239668151822714,0.1701482479784367,0.6260107816711591,0.20384097035040433,0
1790050500000,85624.0,85565.99,-0.0041012790245283925,0.0,0.0025,trending,0.15723309333298213,0.6519002909894657,0.19086661567755225,0.1701482479784367,0.6260107816711591,0.20384097035040433,0
1790051400000,85565.99,85526.01,-0.0011926196486893303,1.0,0.0025,trending,0.15922003165648307,0.6511677265752763,0.1896122417682405,0.1701482479784367,0.6260107816711591,0.20384097035040433,0
1790052300000,85526.0,85452.0,-0.000639306277208318,1.0,0.0025,low_liquidity,0.16219431945313645,0.6268528684224768,0.21095281212438674,0.1701482479784367,0.6260107816711591,0.20384097035040433,0
1790053200000,85452.01,85404.72,-0.0006523058678724603,1.0,0.0025,trending,0.15862601810439364,0.6352381048068778,0.20613587708872855,0.1701482479784367,0.6260107816711591,0.20384097035040433,0
1790054100000,85404.73,85215.06,0.001841693240608011,1.0,0.0025,trending,0.15619771087148931,0.5826318413054276,0.2611704478230831,0.1701482479784367,0.6260107816711591,0.20384097035040433,0
1790055000000,85215.06,85424.01,0.0008278702908000035,1.0,0.0025,trending,0.14367285963157528,0.6640697651774529,0.19225737519097189,0.1701482479784367,0.6260107816711591,0.20384097035040433,0
1790055900000,85424.01,85397.37,-0.00015644509895329506,1.0,0.0025,trending,0.16927210913184165,0.6281535071556305,0.20257438371252798,0.1701482479784367,0.6260107816711591,0.20384097035040433,0
1790056800000,85397.38,85349.01,0.0011031176577209756,1.0,0.0025,trending,0.17556461590675942,0.6234528924816558,0.20098249161158482,0.1701482479784367,0.6260107816711591,0.20384097035040433,0
1790057700000,85349.01,85372.0,-0.0005773555732557778,1.0,0.0025,trending,0.15325636682685798,0.626595416485758,0.22014821668738394,0.1701482479784367,0.6260107816711591,0.20384097035040433,0
1790058600000,85372.01,85494.73,-0.0028964358387937317,0.0,0.0025,trending,0.1621815207587381,0.656732692100946,0.18108578714031587,0.1701482479784367,0.6260107816711591,0.20384097035040433,0
1790059500000,85494.74,85384.01,-0.0004685889079231176,1.0,0.0025,trending,0.1394270004590927,0.6819478469213714,0.1786251526195359,0.1701482479784367,0.6260107816711591,0.20384097035040433,0
1790060400000,85384.02,85443.16,0.0005247933245913217,1.0,0.0025,trending,0.14378374238388963,0.6631366093054258,0.19307964831068442,0.1701482479784367,0.6260107816711591,0.20384097035040433,0
1790061300000,85443.16,85322.71,0.0011366258760416859,1.0,0.0025,trending,0.1557297868507788,0.6359179742153621,0.20835223893385899,0.1701482479784367,0.6260107816711591,0.20384097035040433,0
1790062200000,85322.71,85247.1,0.01058757424006207,2.0,0.0025,trending,0.15095991325666466,0.624789758945952,0.2242503277973834,0.1701482479784367,0.6260107816711591,0.20384097035040433,0
1790063100000,85247.09,85344.0,0.010308516122984779,2.0,0.0025,trending,0.13556979602669994,0.6573161753564671,0.20711402861683287,0.1701482479784367,0.6260107816711591,0.20384097035040433,0
1790064000000,85344.01,85488.0,0.0052172234699605635,2.0,0.0025,trending,0.14949348717680527,0.6817278239258563,0.16877868889733852,0.1701482479784367,0.6260107816711591,0.20384097035040433,0
1790064900000,85488.01,85419.69,0.005627859337817842,2.0,0.0025,trending,0.16488119083071068,0.6470894472949095,0.18802936187437988,0.1701482479784367,0.6260107816711591,0.20384097035040433,0
1790065800000,85419.7,86149.66,-0.0012279793094948088,1.0,0.0025,trending,0.1769868214753917,0.5546263490535304,0.2683868294710779,0.1701482479784367,0.6260107816711591,0.20384097035040433,0
1790066700000,86149.66,86223.77,0.0003504833991834211,1.0,0.0025,trending,0.15553313447729655,0.5427821165429904,0.30168474897971304,0.1701482479784367,0.6260107816711591,0.20384097035040433,0
1790067600000,86223.77,85934.01,0.0012799356157127129,1.0,0.0025,trending,0.15679773631052826,0.5237036160092112,0.31949864768026054,0.1701482479784367,0.6260107816711591,0.20384097035040433,0
1790068500000,85934.0,85900.42,-0.00040046369971180606,1.0,0.0025,trending,0.1481672031875223,0.5988666250225271,0.25296617178995057,0.1701482479784367,0.6260107816711591,0.20384097035040433,0
1790069400000,85900.43,86043.87,-0.0022996408692449455,1.0,0.0025,trending,0.1511732783656265,0.6169682990783746,0.23185842255599892,0.1701482479784367,0.6260107816711591,0.20384097035040433,0
1790070300000,86043.87,86253.99,-0.0040576673612432446,0.0,0.0025,trending,0.16442532682293567,0.6281127845400363,0.20746188863702805,0.1701482479784367,0.6260107816711591,0.20384097035040433,0
1790071200000,86253.99,86044.0,-0.0007347403653944484,1.0,0.0025,trending,0.15021751960476892,0.643110229202654,0.20667225119257698,0.1701482479784367,0.6260107816711591,0.20384097035040433,0
1790072100000,86044.01,85866.02,0.0006788482801460827,1.0,0.0025,trending,0.14597508794552455,0.640709541441553,0.21331537061292238,0.1701482479784367,0.6260107816711591,0.20384097035040433,0
1790073000000,85866.01,85846.0,0.0030307760408172513,2.0,0.0025,ranging,0.16409418725045996,0.6116583998985969,0.2242474128509432,0.1701482479784367,0.6260107816711591,0.20384097035040433,0
1790073900000,85846.01,85904.0,0.000961771279567758,1.0,0.0025,ranging,0.17402702123010189,0.6578726706542907,0.1681003081156073,0.1701482479784367,0.6260107816711591,0.20384097035040433,0
1790074800000,85904.0,85980.78,-0.0007300468779185554,1.0,0.0025,ranging,0.18121021598893605,0.6283328771395942,0.19045690687146968,0.1701482479784367,0.6260107816711591,0.20384097035040433,0
1790075700000,85980.78,85924.31,0.002091375537377038,1.0,0.0025,ranging,0.17577847206575392,0.6381099001147432,0.1861116278195029,0.1701482479784367,0.6260107816711591,0.20384097035040433,0
1790076600000,85924.32,86106.18,-0.0014420567722316369,1.0,0.0025,ranging,0.1720326167557239,0.6431245010981754,0.1848428821461007,0.1701482479784367,0.6260107816711591,0.20384097035040433,0
1790077500000,86106.18,85986.62,0.0004348350941112411,1.0,0.0025,ranging,0.1508119464103633,0.6445209530365875,0.2046671005530491,0.1701482479784367,0.6260107816711591,0.20384097035040433,0
1790078400000,85986.62,85918.01,0.0016827670938841521,1.0,0.0025,ranging,0.16554591315194858,0.6488445509617682,0.1856095358862832,0.1701482479784367,0.6260107816711591,0.20384097035040433,0
1790079300000,85918.0,86104.01,-0.004192023112512433,0.0,0.0025,ranging,0.1595296487937138,0.5900810316367281,0.250389319569558,0.1701482479784367,0.6260107816711591,0.20384097035040433,0
1790080200000,86104.0,85982.01,-0.0005092925834135897,1.0,0.0025,ranging,0.14240462660801073,0.6682740345743543,0.18932133881763485,0.1701482479784367,0.6260107816711591,0.20384097035040433,0
1790081100000,85982.0,86024.01,0.00374314101377049,2.0,0.0025,ranging,0.1521535968835486,0.644240979559078,0.2036054235573734,0.1701482479784367,0.6260107816711591,0.20384097035040433,0
1790082000000,86024.01,86062.59,0.003339662447992664,2.0,0.0025,ranging,0.146462223394322,0.6717341738573664,0.18180360274831162,0.1701482479784367,0.6260107816711591,0.20384097035040433,0
1790082900000,86062.59,85743.06,0.0021902647281308862,1.0,0.0025,ranging,0.13281796622293862,0.6417959877181678,0.2253860460588937,0.1701482479784367,0.6260107816711591,0.20384097035040433,0
1790083800000,85742.75,85938.22,-0.0004335672765853893,1.0,0.0025,ranging,0.14949293723274615,0.5887416955085032,0.2617653672587507,0.1701482479784367,0.6260107816711591,0.20384097035040433,0
1790084700000,85938.22,86346.01,-0.001019155372668612,1.0,0.0025,ranging,0.17010910824224543,0.6057391077788806,0.2241517839788739,0.1701482479784367,0.6260107816711591,0.20384097035040433,0
1790085600000,86346.01,86350.01,-0.00041702369229601466,1.0,0.0025,ranging,0.1759720741137545,0.6126310592030935,0.21139686668315216,0.1701482479784367,0.6260107816711591,0.20384097035040433,0
1790086500000,86350.01,85930.86,0.004115634359995957,2.0,0.0025,ranging,0.14917400953557222,0.6213682312678969,0.22945775919653094,0.1701482479784367,0.6260107816711591,0.20384097035040433,0
1790087400000,85930.87,85900.96,0.007672207621428173,2.0,0.0025,ranging,0.15331270671407354,0.5396203841568126,0.30706690912911394,0.1701482479784367,0.6260107816711591,0.20384097035040433,0
1790088300000,85900.96,86258.01,0.001798209812630791,1.0,0.0025,ranging,0.16996752607074891,0.6131974338418988,0.2168350400873522,0.1701482479784367,0.6260107816711591,0.20384097035040433,0
1790089200000,86258.0,86314.0,-0.0015061287855967498,1.0,0.0025,ranging,0.1766626614810555,0.6217309606307679,0.2016063778881767,0.1701482479784367,0.6260107816711591,0.20384097035040433,0
1790090100000,86314.01,86284.52,-0.0022530113165143417,1.0,0.0025,ranging,0.1715948635955526,0.6135678564383337,0.21483727996611365,0.1701482479784367,0.6260107816711591,0.20384097035040433,0
1790091000000,86284.52,86560.01,-0.0037893942017797055,0.0,0.0025,ranging,0.17352859637009754,0.6396003051241381,0.18687109850576447,0.1701482479784367,0.6260107816711591,0.20384097035040433,0
1790091900000,86560.0,86413.12,9.269425753877236e-05,1.0,0.0025,ranging,0.16256424990035867,0.6344726218112892,0.202963128288352,0.1701482479784367,0.6260107816711591,0.20384097035040433,0
1790092800000,86413.11,86184.0,0.002854358117515998,2.0,0.0025,ranging,0.17039815035151687,0.6218959141461766,0.20770593550230648,0.1701482479784367,0.6260107816711591,0.20384097035040433,0
1790093700000,86184.0,86090.12,0.005745607045268386,2.0,0.0025,ranging,0.16363679265019684,0.6495298279653227,0.18683337938448047,0.1701482479784367,0.6260107816711591,0.20384097035040433,0
1790094600000,86090.12,86232.0,0.00285010205028291,2.0,0.0025,ranging,0.1598862562865335,0.6450259827645324,0.19508776094893412,0.1701482479784367,0.6260107816711591,0.20384097035040433,0
1790095500000,86232.01,86421.13,0.0017253882239216534,1.0,0.0025,ranging,0.16607344030066135,0.6409839618309001,0.19294259786843854,0.1701482479784367,0.6260107816711591,0.20384097035040433,0
1790096400000,86421.13,86430.0,0.0011018164989007317,1.0,0.0025,ranging,0.16748932453007284,0.6514965695367403,0.18101410593318693,0.1701482479784367,0.6260107816711591,0.20384097035040433,0
1790097300000,86430.01,86584.76,-0.003405680168195757,0.0,0.0025,ranging,0.1646803586033395,0.6486062904928894,0.1867133509037712,0.1701482479784367,0.6260107816711591,0.20384097035040433,0
1790098200000,86584.76,86477.77,-0.0008668123611421663,1.0,0.0025,ranging,0.1697022093254361,0.6421637375781996,0.18813405309636433,0.1701482479784367,0.6260107816711591,0.20384097035040433,0
1790099100000,86478.03,86570.24,-0.0012567829314092949,1.0,0.0025,ranging,0.1697213627383818,0.6337810451369302,0.1964975921246881,0.1701482479784367,0.6260107816711591,0.20384097035040433,0
1790100000000,86570.24,86525.23,-0.0005548670601626116,1.0,0.0025,ranging,0.17178130521463802,0.6269447090163465,0.20127398576901534,0.1701482479784367,0.6260107816711591,0.20384097035040433,0
1790100900000,86525.23,86289.88,0.002804384477067101,2.0,0.0025,ranging,0.14986488139376244,0.6384197209172797,0.21171539768895786,0.1701482479784367,0.6260107816711591,0.20384097035040433,0
1790101800000,86289.88,86402.81,-0.0003100593603378998,1.0,0.0025,ranging,0.15645515615207267,0.6496013042186806,0.19394353962924674,0.1701482479784367,0.6260107816711591,0.20384097035040433,0
1790102700000,86402.8,86461.44,-0.0031112135074317093,0.0,0.0025,ranging,0.15754776033751994,0.6624630419015131,0.17998919776096703,0.1701482479784367,0.6260107816711591,0.20384097035040433,0
1790103600000,86461.45,86477.22,-0.003113305446220349,0.0,0.0025,ranging,0.16885564489061652,0.6566334752532509,0.17451087985613267,0.1701482479784367,0.6260107816711591,0.20384097035040433,0
1790104500000,86477.22,86531.87,-0.0023406405062087465,1.0,0.0025,ranging,0.18306695094129988,0.636828599524609,0.18010444953409116,0.1701482479784367,0.6260107816711591,0.20384097035040433,0
1790105400000,86531.87,86376.02,-0.000625289287466746,1.0,0.0025,ranging,0.16292520823154366,0.6362879683803178,0.20078682338813855,0.1701482479784367,0.6260107816711591,0.20384097035040433,0
1790106300000,86376.02,86192.44,0.0008303512465825946,1.0,0.0025,ranging,0.14919954356753837,0.6138838293102635,0.23691662712219805,0.1701482479784367,0.6260107816711591,0.20384097035040433,0
1790107200000,86192.45,86207.99,0.0005311572628012851,1.0,0.0025,ranging,0.1441866512134128,0.6276207640041733,0.2281925847824138,0.1701482479784367,0.6260107816711591,0.20384097035040433,0
1790108100000,86208.0,86329.33,-0.0009328231784029306,1.0,0.0025,ranging,0.1403455821657839,0.6370735550753824,0.2225808627588337,0.1701482479784367,0.6260107816711591,0.20384097035040433,0
1790109000000,86329.33,86322.01,-0.0013097470737764016,1.0,0.0025,low_liquidity,0.1394194053584235,0.6603052769352918,0.20027531770628476,0.1701482479784367,0.6260107816711591,0.20384097035040433,0
1790109900000,86322.0,86264.01,-0.0009273855922069529,1.0,0.0025,low_liquidity,0.13550430343708755,0.6660345349174998,0.19846116164541266,0.1701482479784367,0.6260107816711591,0.20384097035040433,0
1790110800000,86264.01,86253.78,-0.0025015715253291493,0.0,0.0025,low_liquidity,0.13503090573714277,0.6583173203298175,0.20665177393303974,0.1701482479784367,0.6260107816711591,0.20384097035040433,0
1790111700000,86253.78,86248.8,-0.000983086141488454,1.0,0.0025,low_liquidity,0.13312763334720873,0.679450588809529,0.18742177784326233,0.1701482479784367,0.6260107816711591,0.20384097035040433,0
1790112600000,86248.8,86208.95,8.177805204678812e-05,1.0,0.0025,low_liquidity,0.14276749735349328,0.6357899166642903,0.22144258598221647,0.1701482479784367,0.6260107816711591,0.20384097035040433,0
1790113500000,86208.96,86184.01,-0.0006961848259323666,1.0,0.0025,low_liquidity,0.14135861672775324,0.6171688627958639,0.24147252047638282,0.1701482479784367,0.6260107816711591,0.20384097035040433,0
1790114400000,86184.0,86038.01,0.004020664820118647,2.0,0.0025,ranging,0.16011360437289796,0.5979484351285298,0.2419379604985723,0.1701482479784367,0.6260107816711591,0.20384097035040433,0
1790115300000,86038.01,86164.01,0.0007195579685763676,1.0,0.0025,low_liquidity,0.14395035434393205,0.6587010974023069,0.19734854825376097,0.1701482479784367,0.6260107816711591,0.20384097035040433,0
1790116200000,86164.01,86216.0,-0.0009741811264730726,1.0,0.0025,ranging,0.13827453208700194,0.679836685005383,0.18188878290761512,0.1701482479784367,0.6260107816711591,0.20384097035040433,0
1790117100000,86216.01,86124.01,0.0009817239118337096,1.0,0.0025,low_liquidity,0.1558273588133948,0.6553203587548881,0.18885228243171706,0.1701482479784367,0.6260107816711591,0.20384097035040433,0
1790118000000,86124.01,86383.94,-0.0003972960714688778,1.0,0.0025,ranging,0.14343527983943158,0.6712237941026908,0.18534092605787747,0.1701482479784367,0.6260107816711591,0.20384097035040433,0
1790118900000,86383.94,86226.01,0.0025977080465628966,2.0,0.0025,low_liquidity,0.14971960109160118,0.6615616928016856,0.18871870610671326,0.1701482479784367,0.6260107816711591,0.20384097035040433,0
1790119800000,86226.01,86132.01,0.0036223466745985977,2.0,0.0025,ranging,0.16506114306589229,0.6264967868452803,0.20844207008882729,0.1701482479784367,0.6260107816711591,0.20384097035040433,0
1790120700000,86132.01,86208.56,0.0028853283247047834,2.0,0.0025,ranging,0.15513235980133364,0.6492741509814909,0.19559348921717545,0.1701482479784367,0.6260107816711591,0.20384097035040433,0
1790121600000,86208.57,86349.62,0.004305867240643302,2.0,0.0025,ranging,0.14594469606483262,0.6476258645594665,0.2064294393757008,0.1701482479784367,0.6260107816711591,0.20384097035040433,0
1790122500000,86349.63,86450.0,0.0021131289762867933,1.0,0.0025,low_liquidity,0.15052899574101736,0.6823768822613059,0.1670941219976768,0.1701482479784367,0.6260107816711591,0.20384097035040433,0
1790123400000,86449.99,86444.01,-0.0019221690432915661,1.0,0.0025,ranging,0.16750906251484846,0.6257446557868216,0.20674628169832998,0.1701482479784367,0.6260107816711591,0.20384097035040433,0
1790124300000,86444.01,86457.3,-0.0010097470080606685,1.0,0.0025,low_liquidity,0.11076548719324696,0.6736524585346746,0.21558205427207852,0.16409036860879908,0.631985731272295,0.2039239001189061,1
1790125200000,86457.31,86721.43,-0.003960036175602699,0.0,0.0025,ranging,0.1281091720208345,0.6533507175609075,0.21854011041825805,0.16409036860879908,0.631985731272295,0.2039239001189061,1
1790126100000,86721.44,86632.68,-0.000504197723076194,1.0,0.0025,ranging,0.12331126428926208,0.6662993628848929,0.21038937282584513,0.16409036860879908,0.631985731272295,0.2039239001189061,1
1790127000000,86632.68,86277.85,0.002435735243750292,1.0,0.0025,ranging,0.10757218035063149,0.6689159189169872,0.22351190073238128,0.16409036860879908,0.631985731272295,0.2039239001189061,1
1790127900000,86277.85,86370.0,0.002110223457218785,1.0,0.0025,ranging,0.10539917264592868,0.6824955366583709,0.2121052906957004,0.16409036860879908,0.631985731272295,0.2039239001189061,1
1790128800000,86370.01,86378.01,0.0019514225900783,1.0,0.0025,ranging,0.1064820820115377,0.6802548567015602,0.2132630612869022,0.16409036860879908,0.631985731272295,0.2039239001189061,1
1790129700000,86378.01,86589.0,0.0011887191213664217,1.0,0.0025,ranging,0.11814737295557666,0.6657685004439173,0.21608412660050602,0.16409036860879908,0.631985731272295,0.2039239001189061,1
1790130600000,86589.01,86488.0,0.00462480344093974,2.0,0.0025,ranging,0.11432967346854155,0.6746787954769955,0.2109915310544629,0.16409036860879908,0.631985731272295,0.2039239001189061,1
1790131500000,86488.01,86552.26,0.0017562799631114512,1.0,0.0025,low_liquidity,0.10924380918662364,0.6803634526619958,0.21039273815138043,0.16409036860879908,0.631985731272295,0.2039239001189061,1
1790132400000,86552.27,86546.57,0.0034135379368587238,2.0,0.0025,low_liquidity,0.10833596636155039,0.6914983170494078,0.20016571658904178,0.16409036860879908,0.631985731272295,0.2039239001189061,1
1790133300000,86546.56,86691.93,0.003784550649639673,2.0,0.0025,ranging,0.11930758294230424,0.6733408514860488,0.20735156557164697,0.16409036860879908,0.631985731272295,0.2039239001189061,1
1790134200000,86691.94,86887.99,0.0029283678906599775,2.0,0.0025,ranging,0.13117957838781805,0.6603371432894233,0.20848327832275865,0.16409036860879908,0.631985731272295,0.2039239001189061,1
1790135100000,86887.99,86704.27,0.005336300046122178,2.0,0.0025,ranging,0.11678194336348949,0.6835096845576027,0.1997083720789078,0.16409036860879908,0.631985731272295,0.2039239001189061,1
1790136000000,86704.27,86842.0,0.0010163285046405068,1.0,0.0025,ranging,0.11995819768355129,0.676308347414881,0.20373345490156766,0.16409036860879908,0.631985731272295,0.2039239001189061,1
1790136900000,86842.01,87020.02,-0.002739254714030248,0.0,0.0025,ranging,0.1107203046363131,0.6674295228053556,0.2218501725583312,0.16409036860879908,0.631985731272295,0.2039239001189061,1
1790137800000,87020.01,87142.43,-0.00461084227281694,0.0,0.0025,trending,0.10755408222080595,0.6907305985975163,0.2017153191816777,0.16409036860879908,0.631985731272295,0.2039239001189061,1
1790138700000,87142.42,87166.95,-0.007697183393476581,0.0,0.0025,trending,0.11664389056590607,0.6790052242016111,0.20435088523248282,0.16409036860879908,0.631985731272295,0.2039239001189061,1
1790139600000,87166.94,86930.26,-0.0037300014977523777,0.0,0.0025,trending,0.11679723079611883,0.6788405813394117,0.20436218786446944,0.16409036860879908,0.631985731272295,0.2039239001189061,1
1790140500000,86930.25,86781.65,-0.004121262962849759,0.0,0.0025,trending,0.1122891054626936,0.6739318802411468,0.21377901429615961,0.16409036860879908,0.631985731272295,0.2039239001189061,1
1790141400000,86781.65,86740.63,-0.002052325421201151,1.0,0.0025,trending,0.1078956062560105,0.6901913800497067,0.20191301369428294,0.16409036860879908,0.631985731272295,0.2039239001189061,1
1790142300000,86740.64,86496.01,-0.0003046383295598476,1.0,0.0025,ranging,0.1163260801963479,0.6533789893620995,0.2302949304415526,0.16409036860879908,0.631985731272295,0.2039239001189061,1
1790143200000,86496.0,86606.01,-0.0028555754964348923,0.0,0.0025,ranging,0.12026267901290949,0.6596185567140138,0.22011876427307672,0.16409036860879908,0.631985731272295,0.2039239001189061,1
1790144100000,86606.01,86424.0,-0.00020781264463587412,1.0,0.0025,ranging,0.11079907192269205,0.6564709679297626,0.2327299601475454,0.16409036860879908,0.631985731272295,0.2039239001189061,1
1790145000000,86424.01,86562.61,-0.005837855397382241,0.0,0.0025,ranging,0.1127513159732816,0.6740086258787957,0.21324005814792274,0.16409036860879908,0.631985731272295,0.2039239001189061,1
1790145900000,86562.61,86469.66,-0.0039885666255655705,0.0,0.0025,ranging,0.11319742153640232,0.6512231154997049,0.23557946296389284,0.16409036860879908,0.631985731272295,0.2039239001189061,1
1790146800000,86469.67,86358.7,-0.0020748343826388904,1.0,0.0025,ranging,0.11609725914004591,0.6388846132850727,0.24501812757488142,0.16409036860879908,0.631985731272295,0.2039239001189061,1
1790147700000,86358.71,86406.04,-0.0029473634019102635,0.0,0.0025,ranging,0.11410915486496963,0.647826723834426,0.23806412130060428,0.16409036860879908,0.631985731272295,0.2039239001189061,1
1790148600000,86406.03,86057.27,0.00035720398753058547,1.0,0.0025,ranging,0.13137324499316994,0.6262296123810204,0.24239714262580966,0.16409036860879908,0.631985731272295,0.2039239001189061,1
1790149500000,86057.26,86124.77,-0.0026099344009858916,0.0,0.0025,ranging,0.12306449713674418,0.6489665232034859,0.22796897965976992,0.16409036860879908,0.631985731272295,0.2039239001189061,1
1790150400000,86124.77,86179.52,-0.002717699054253342,0.0,0.0025,ranging,0.11717328394061732,0.6511712119068084,0.2316555041525743,0.16409036860879908,0.631985731272295,0.2039239001189061,1
1790151300000,86179.52,86151.37,-0.003052069862615081,0.0,0.0025,ranging,0.11281102259991745,0.6608479639283547,0.22634101347172791,0.16409036860879908,0.631985731272295,0.2039239001189061,1
1790152200000,86151.37,86088.01,-0.003345413606377967,0.0,0.0025,trending,0.10840366838040005,0.6516000519158339,0.23999627970376594,0.16409036860879908,0.631985731272295,0.2039239001189061,1
1790153100000,86088.01,85899.99,-0.000531548373870594,1.0,0.0025,trending,0.12693798318245883,0.6218740517833535,0.25118796503418767,0.16409036860879908,0.631985731272295,0.2039239001189061,1
1790154000000,85899.99,85945.31,-0.0010013344532703305,1.0,0.0025,trending,0.11976130767445198,0.6482696072599174,0.23196908506563058,0.16409036860879908,0.631985731272295,0.2039239001189061,1
1790154900000,85945.31,85888.43,-0.0010294750992654311,1.0,0.0025,trending,0.11691478633504929,0.652121217282999,0.2309639963819518,0.16409036860879908,0.631985731272295,0.2039239001189061,1
1790155800000,85888.42,85800.01,0.0008856642324401864,1.0,0.0025,trending,0.12342884405554899,0.6392165184170873,0.2373546375273637,0.16409036860879908,0.631985731272295,0.2039239001189061,1
1790156700000,85800.0,85854.33,0.0008006585107589448,1.0,0.0025,trending,0.11912139421694518,0.6552066869711871,0.22567191881186766,0.16409036860879908,0.631985731272295,0.2039239001189061,1
1790157600000,85854.34,85859.25,-0.001360133008382891,1.0,0.0025,trending,0.1186488418002304,0.679332659349555,0.20201849885021478,0.16409036860879908,0.631985731272295,0.2039239001189061,1
1790158500000,85859.25,85800.01,-0.003426573027205948,0.0,0.0025,trending,0.12039711624987115,0.6595304772313196,0.22007240651880927,0.16409036860879908,0.631985731272295,0.2039239001189061,1
1790159400000,85800.01,85876.0,-0.004262075550794053,0.0,0.0025,trending,0.12341487488509748,0.6523072775673786,0.22427784754752406,0.16409036860879908,0.631985731272295,0.2039239001189061,1
1790160300000,85876.0,85923.07,-0.0031786573733924017,0.0,0.0025,trending,0.126171155705781,0.6593001413881279,0.21452870290609105,0.16409036860879908,0.631985731272295,0.2039239001189061,1
1790161200000,85923.07,85742.47,-0.0031470985148899233,0.0,0.0025,trending,0.12382742118388623,0.6531368014965153,0.2230357773195986,0.16409036860879908,0.631985731272295,0.2039239001189061,1
1790162100000,85742.46,85506.01,-0.00024091873775877737,1.0,0.0025,trending,0.11419846644725305,0.649772070075524,0.23602946347722292,0.16409036860879908,0.631985731272295,0.2039239001189061,1
1790163000000,85506.01,85509.99,-0.0005490586538486886,1.0,0.0025,trending,0.10989681763853497,0.6804572824647729,0.209645899896692,0.16409036860879908,0.631985731272295,0.2039239001189061,1
1790163900000,85509.99,85649.95,-0.001623351794134087,1.0,0.0025,trending,0.11340277396233191,0.6823127536294312,0.20428447240823672,0.16409036860879908,0.631985731272295,0.2039239001189061,1
1790164800000,85649.96,85472.63,-0.0011773359495315106,1.0,0.0025,trending,0.11284960215741051,0.6721586441061421,0.2149917537364473,0.16409036860879908,0.631985731272295,0.2039239001189061,1
1790165700000,85472.63,85485.41,0.0007321717238064629,1.0,0.0025,trending,0.10955587793483658,0.6640581214147748,0.22638600065038855,0.16409036860879908,0.631985731272295,0.2039239001189061,1
1790166600000,85485.41,85463.04,0.004353226845195346,2.0,0.0025,trending,0.11528883145319323,0.6697623972571243,0.21494877128968246,0.16409036860879908,0.631985731272295,0.2039239001189061,1
1790167500000,85463.04,85510.91,0.0032872998310975454,2.0,0.0025,trending,0.12078272063225112,0.6687093957546113,0.21050788361313752,0.16409036860879908,0.631985731272295,0.2039239001189061,1
1790168400000,85510.9,85372.0,-0.005811273016914198,0.0,0.0025,trending,0.11931031944554842,0.6563695454385395,0.22432013511591195,0.16409036860879908,0.631985731272295,0.2039239001189061,1
1790169300000,85371.99,85548.0,-0.01760812643194465,0.0,0.0025,trending,0.12994910732617496,0.648939029402996,0.22111186327082905,0.16409036860879908,0.631985731272295,0.2039239001189061,1
1790170200000,85548.01,85835.08,-0.017738318645476925,0.0,0.0025,trending,0.1127206159640724,0.6579648366156068,0.2293145474203208,0.16409036860879908,0.631985731272295,0.2039239001189061,1
1790171100000,85835.09,85792.01,-0.014663603288930904,0.0,0.0025,trending,0.11498663849765721,0.662954490221629,0.22205887128071378,0.16409036860879908,0.631985731272295,0.2039239001189061,1
1790172000000,85792.01,84875.88,-0.0026303114618664303,0.0,0.0025,trending,0.11712816952256098,0.5445342089947771,0.33833762148266183,0.16409036860879908,0.631985731272295,0.2039239001189061,1
1790172900000,84875.87,84041.66,0.005518691563208167,2.0,0.0025,high_volatility,0.10751759081015168,0.5581210364753616,0.3343613727144868,0.16409036860879908,0.631985731272295,0.2039239001189061,1
1790173800000,84041.66,84312.51,-0.0001852631359212653,1.0,0.0025902450439873903,high_volatility,0.1115059562297376,0.5759336379908715,0.3125604057793909,0.16409036860879908,0.631985731272295,0.2039239001189061,1
1790174700000,84312.51,84533.99,-0.006364067282285002,0.0,0.0025915786700180642,high_volatility,0.11749460898587372,0.5978514545818577,0.28465393643226855,0.16409036860879908,0.631985731272295,0.2039239001189061,1
1790175600000,84534.0,84652.63,-0.0036236322486377093,0.0,0.0025379789566252445,high_volatility,0.12536902208227083,0.6237334185692647,0.2508975593484644,0.16409036860879908,0.631985731272295,0.2039239001189061,1
1790176500000,84652.63,84505.46,-0.00314867228697413,0.0,0.0025140249740065583,high_volatility,0.12104863068824619,0.6091930702792493,0.26975829903250453,0.16409036860879908,0.631985731272295,0.2039239001189061,1
1790177400000,84505.45,84296.89,-0.0024408966926300346,1.0,0.0025,high_volatility,0.11073185555376093,0.603495923399275,0.285772221046964,0.16409036860879908,0.631985731272295,0.2039239001189061,1
1790178300000,84296.89,83996.01,0.0004999046978542143,1.0,0.0025002782282732513,high_volatility,0.10845069732667345,0.6014608001930273,0.29008850248029927,0.16409036860879908,0.631985731272295,0.2039239001189061,1
1790179200000,83996.0,84345.88,-0.006347790787173069,0.0,0.0027506484827226497,high_volatility,0.12205798741509877,0.5694947572832044,0.3084472553016968,0.16409036860879908,0.631985731272295,0.2039239001189061,1
1790180100000,84345.88,84239.38,-0.0020761073977515476,1.0,0.0026645921496885154,high_volatility,0.12484214000108614,0.6162741693461868,0.2588836906527269,0.16409036860879908,0.631985731272295,0.2039239001189061,1
1790181000000,84239.38,84091.13,0.001999140694149304,1.0,0.0026803308322039298,high_volatility,0.12094600316472824,0.6182931753751782,0.2607608214600935,0.16409036860879908,0.631985731272295,0.2039239001189061,1
1790181900000,84091.13,84038.0,0.003433684761655398,2.0,0.0026431534628044893,high_volatility,0.10944937661428489,0.6219820174808597,0.2685686059048555,0.16409036860879908,0.631985731272295,0.2039239001189061,1
1790182800000,84038.01,83810.47,0.004687719803981638,2.0,0.002707867695146923,high_volatility,0.10948533187170041,0.5910215121396682,0.29949315598863135,0.16409036860879908,0.631985731272295,0.2039239001189061,1
1790183700000,83810.48,84064.49,0.001112479240640063,1.0,0.0027310662113311937,high_volatility,0.11635877893861941,0.6476029255563396,0.23603829550504107,0.16409036860879908,0.631985731272295,0.2039239001189061,1
1790184600000,84064.49,84259.24,-0.0003442945841904965,1.0,0.002670521821153434,high_volatility,0.12077399185257441,0.6442865836330008,0.23493942451442473,0.16409036860879908,0.631985731272295,0.2039239001189061,1
1790185500000,84259.24,84326.56,4.0793790236470784e-05,1.0,0.002546879152817551,high_volatility,0.12157658430936076,0.6561168044541024,0.22230661123653683,0.16409036860879908,0.631985731272295,0.2039239001189061,1
1790186400000,84326.55,84203.35,0.0019898258204689157,1.0,0.0025,high_volatility,0.11291846045707375,0.6608885631143683,0.22619297642855798,0.16409036860879908,0.631985731272295,0.2039239001189061,1
1790187300000,84203.36,84158.01,0.0029942485569705024,2.0,0.0025,trending,0.10968550487871921,0.6712506653942115,0.21906382972706934,0.16409036860879908,0.631985731272295,0.2039239001189061,1
1790188200000,84158.0,84230.23,0.0025854138116445657,2.0,0.0025,trending,0.11424237744583979,0.6798878522619232,0.205869770292237,0.16409036860879908,0.631985731272295,0.2039239001189061,1
1790189100000,84230.01,84330.0,0.0022293371279498153,1.0,0.0025,trending,0.12156766208021312,0.6576721263482935,0.2207602115714935,0.16409036860879908,0.631985731272295,0.2039239001189061,1
1790190000000,84330.0,84370.9,-0.00036624001877416656,1.0,0.0025,trending,0.12254537628145692,0.6493360961387743,0.22811852757976883,0.16409036860879908,0.631985731272295,0.2039239001189061,1
1790190900000,84370.91,84410.0,-0.00126371283023341,1.0,0.0025,trending,0.11716383601465684,0.6626154434761441,0.22022072050919894,0.16409036860879908,0.631985731272295,0.2039239001189061,1
1790191800000,84410.0,84448.0,-0.000554305608184924,1.0,0.0025,trending,0.11261404180309101,0.6708139449272265,0.2165720132696825,0.16409036860879908,0.631985731272295,0.2039239001189061,1
1790192700000,84448.0,84518.0,-0.0033737192077427647,0.0,0.0025,trending,0.11427942306729796,0.6651089174745162,0.2206116594581859,0.16409036860879908,0.631985731272295,0.2039239001189061,1
1790193600000,84518.0,84340.0,0.0003643585487311807,1.0,0.0025,trending,0.1082964202796262,0.6307495108026411,0.2609540689177327,0.16409036860879908,0.631985731272295,0.2039239001189061,1
1790194500000,84340.01,84303.33,0.0013602072421101674,1.0,0.0025,trending,0.10329755872281673,0.6635327809466309,0.23316966033055245,0.16409036860879908,0.631985731272295,0.2039239001189061,1
1790195400000,84303.34,84401.19,0.0011623058869192349,1.0,0.0025,trending,0.10352729367665309,0.6755535152020388,0.22091919112130817,0.16409036860879908,0.631985731272295,0.2039239001189061,1
1790196300000,84401.2,84232.86,0.0022155249150983547,1.0,0.0025,trending,0.10164012721779371,0.6732327505509075,0.22512712223129883,0.16409036860879908,0.631985731272295,0.2039239001189061,1
1790197200000,84232.86,84370.73,0.0026462968851876933,2.0,0.0025,trending,0.10783531823520497,0.670107092173852,0.22205758959094307,0.16409036860879908,0.631985731272295,0.2039239001189061,1
1790198100000,84370.74,84418.0,0.0007819422398065434,1.0,0.0025,trending,0.10065235837674585,0.7025839046197996,0.19676373700345465,0.16409036860879908,0.631985731272295,0.2039239001189061,1
1790199000000,84418.0,84499.29,-3.893523839071378e-05,1.0,0.0025,trending,0.10024121069906802,0.7035507859083105,0.19620800339262137,0.16409036860879908,0.631985731272295,0.2039239001189061,1
1790199900000,84499.29,84419.48,0.001700200001231833,1.0,0.0025,trending,0.10161348189153153,0.6905008258905448,0.20788569221792352,0.16409036860879908,0.631985731272295,0.2039239001189061,1
1790200800000,84419.49,84594.0,-0.0012048135801593363,1.0,0.0025,trending,0.11422635500867699,0.6786410994589194,0.2071325455324036,0.16409036860879908,0.631985731272295,0.2039239001189061,1
1790201700000,84594.0,84484.01,-7.101935620701383e-07,1.0,0.0025,trending,0.10648958519024539,0.6845557104447376,0.208954704365017,0.16409036860879908,0.631985731272295,0.2039239001189061,1
1790202600000,84484.0,84496.0,-0.00037871615224394084,1.0,0.0025,trending,0.10865460034862613,0.6941821920291384,0.1971632076222354,0.16409036860879908,0.631985731272295,0.2039239001189061,1
1790203500000,84496.01,84563.01,-0.001956056199986178,1.0,0.0025,trending,0.10226575661960983,0.7023126303210474,0.19542161305934283,0.16409036860879908,0.631985731272295,0.2039239001189061,1
1790204400000,84563.01,84492.08,-0.0015868942982585343,1.0,0.0025,trending,0.10526386935633553,0.7008967517363659,0.19383937890729863,0.16409036860879908,0.631985731272295,0.2039239001189061,1
1790205300000,84492.08,84483.95,-0.0017275470666321402,1.0,0.0025,low_liquidity,0.10541485707107434,0.7203245990077282,0.17426054392119739,0.16409036860879908,0.631985731272295,0.2039239001189061,1
1790206200000,84483.95,84464.0,-0.0011839363515817602,1.0,0.0025,low_liquidity,0.10890491837254224,0.7029114424963557,0.18818363913110203,0.16409036860879908,0.631985731272295,0.2039239001189061,1
1790207100000,84464.01,84397.6,-0.0009431547816526331,1.0,0.0025,trending,0.10959297380017827,0.6954188557985568,0.19498817040126504,0.16409036860879908,0.631985731272295,0.2039239001189061,1
1790208000000,84397.6,84358.0,-0.0009013964295027099,1.0,0.0025,trending,0.1176364657888369,0.6786885022568426,0.20367503195432032,0.16409036860879908,0.631985731272295,0.2039239001189061,1
1790208900000,84358.0,84338.0,-0.001280561549953707,1.0,0.0025,trending,0.11718281538243369,0.6669379618403,0.21587922277726634,0.16409036860879908,0.631985731272295,0.2039239001189061,1
1790209800000,84338.0,84364.0,-0.002677919491726355,0.0,0.0025,trending,0.12118100630392545,0.6672039536217151,0.2116150400743593,0.16409036860879908,0.631985731272295,0.2039239001189061,1
1790210700000,84364.0,84318.0,-0.0025338599112881832,0.0,0.0025,trending,0.11620113544380356,0.6774580992016663,0.20634076535453005,0.16409036860879908,0.631985731272295,0.2039239001189061,1
1790211600000,84318.0,84281.96,-0.003979499290239663,0.0,0.0025,trending,0.11105677385037642,0.6773144820610625,0.21162874408856105,0.16409036860879908,0.631985731272295,0.2039239001189061,1
1790212500000,84281.96,84230.0,-0.0007813130713522076,1.0,0.0025,trending,0.11199968846320943,0.6645318826955382,0.22346842884125231,0.16409036860879908,0.631985731272295,0.2039239001189061,1
1790213400000,84230.0,84138.08,0.002304901656895453,1.0,0.0025,trending,0.11008411915761065,0.6503164461388569,0.2395994347035325,0.16409036860879908,0.631985731272295,0.2039239001189061,1
1790214300000,84138.08,84104.35,0.0031055468593477187,2.0,0.0025,trending,0.10570143844508832,0.668210529659331,0.22608803189558072,0.16409036860879908,0.631985731272295,0.2039239001189061,1
1790215200000,84104.35,83946.56,0.004609956620021283,2.0,0.0025,trending,0.10631544760925701,0.6210254732851801,0.2726590791055628,0.16409036860879908,0.631985731272295,0.2039239001189061,1
1790216100000,83946.57,84164.19,-0.0012854635682942872,1.0,0.0025,trending,0.10674006346133948,0.6544336867691525,0.23882624976950814,0.16409036860879908,0.631985731272295,0.2039239001189061,1
1790217000000,84164.2,84332.01,-0.0038182417328841423,0.0,0.0025,trending,0.11302482389897144,0.6743564369877593,0.21261873911326926,0.16409036860879908,0.631985731272295,0.2039239001189061,1
1790217900000,84332.0,84365.54,-0.005115003116201278,0.0,0.0025,trending,0.10799218275354035,0.7058283200155591,0.1861794972309005,0.16409036860879908,0.631985731272295,0.2039239001189061,1
1790218800000,84365.55,84333.55,-0.006065794692622362,0.0,0.0025,ranging,0.11669135554973495,0.6705435341507527,0.21276511029951237,0.16409036860879908,0.631985731272295,0.2039239001189061,1
1790219700000,84333.55,84056.0,-0.0014449890549158573,1.0,0.0025,ranging,0.11978620349933196,0.6345299062968716,0.2456838902037966,0.16409036860879908,0.631985731272295,0.2039239001189061,1
1790220600000,84056.01,84010.01,-0.001602190024736272,1.0,0.0025,ranging,0.12349613738457026,0.6335476054132986,0.24295625720213124,0.16409036860879908,0.631985731272295,0.2039239001189061,1
1790221500000,84010.01,83934.01,0.0013342624759618005,1.0,0.0025,ranging,0.12100913878415212,0.64268960637957,0.236301254836278,0.16409036860879908,0.631985731272295,0.2039239001189061,1
1790222400000,83934.01,83822.0,0.004509555963828182,2.0,0.0025,ranging,0.11567309861627521,0.6249048638820976,0.25942203750162723,0.16409036860879908,0.631985731272295,0.2039239001189061,1
1790223300000,83822.01,83934.54,0.002960163956340356,2.0,0.0025,ranging,0.11666851736159457,0.6475312105301247,0.23580027210828072,0.16409036860879908,0.631985731272295,0.2039239001189061,1
1790224200000,83934.54,83875.41,0.0037983718946947853,2.0,0.0025,low_liquidity,0.10968581902065748,0.6746711594194706,0.2156430215598719,0.16409036860879908,0.631985731272295,0.2039239001189061,1
1790225100000,83875.41,84046.0,-0.0008088427765746697,1.0,0.0025,trending,0.1109489290337293,0.6815506159768427,0.20750045498942796,0.16409036860879908,0.631985731272295,0.2039239001189061,1
1790226000000,84046.0,84200.0,-0.0009737529691211666,1.0,0.0025,ranging,0.11752176522114927,0.6667854807388948,0.21569275403995586,0.16409036860879908,0.631985731272295,0.2039239001189061,1
1790226900000,84200.01,84183.0,0.0001304301343501013,1.0,0.0025,ranging,0.10740476949448895,0.6936942268718151,0.1989010036336959,0.16409036860879908,0.631985731272295,0.2039239001189061,1
1790227800000,84183.0,84194.0,-4.7390550395598474e-05,1.0,0.0025,ranging,0.10904424838687568,0.6882800770960822,0.2026756745170421,0.16409036860879908,0.631985731272295,0.2039239001189061,1
1790228700000,84194.0,83978.02,0.0016191141443915313,1.0,0.0025,ranging,0.1075362735616268,0.6486234871594764,0.24384023927889692,0.16409036860879908,0.631985731272295,0.2039239001189061,1
1790229600000,83978.02,84118.01,-0.0003403551748309974,1.0,0.0025,ranging,0.11770379878060076,0.6436669798307243,0.23862922138867493,0.16409036860879908,0.631985731272295,0.2039239001189061,1
1790230500000,84118.01,84193.98,0.002584151503468579,2.0,0.0025,ranging,0.10984018288580703,0.6685557247355747,0.22160409237861836,0.16409036860879908,0.631985731272295,0.2039239001189061,1
1790231400000,84193.98,84190.01,0.002852594981280987,2.0,0.0025,ranging,0.11817391510467606,0.6852865038684697,0.1965395810268542,0.16409036860879908,0.631985731272295,0.2039239001189061,1
1790232300000,84190.01,84113.99,0.004874694447380312,2.0,0.0025,ranging,0.11293233779073371,0.6863798024658503,0.20068785974341594,0.16409036860879908,0.631985731272295,0.2039239001189061,1
1790233200000,84114.0,84089.38,0.0037175919242120603,2.0,0.0025,ranging,0.12364640942096863,0.6616155820938868,0.21473800848514452,0.16409036860879908,0.631985731272295,0.2039239001189061,1
1790234100000,84089.38,84411.55,-0.007505371006692907,0.0,0.0025,ranging,0.12319019046551671,0.6693158520377573,0.2074939574967259,0.16409036860879908,0.631985731272295,0.2039239001189061,1
1790235000000,84411.55,84430.17,-0.008198135808562212,0.0,0.0025,ranging,0.11953569388511762,0.6697870829265675,0.21067722318831478,0.16409036860879908,0.631985731272295,0.2039239001189061,1
1790235900000,84430.18,84524.02,-0.010222182996028839,0.0,0.0025,ranging,0.13012619153466912,0.6550283346430794,0.21484547382225141,0.16409036860879908,0.631985731272295,0.2039239001189061,1
1790236800000,84524.02,84401.99,-0.011152225202273103,0.0,0.0025,ranging,0.11527499965502919,0.6600620200190088,0.22466298032596188,0.16409036860879908,0.631985731272295,0.2039239001189061,1
1790237700000,84402.0,83778.01,-0.004941750227774544,0.0,0.0025,ranging,0.11330358531969889,0.595562787960362,0.2911336267199392,0.16409036860879908,0.631985731272295,0.2039239001189061,1
1790238600000,83778.01,83738.0,-0.006776851608588652,0.0,0.0025,ranging,0.11438559984318294,0.6137536052430999,0.2718607949137172,0.16409036860879908,0.631985731272295,0.2039239001189061,1
1790239500000,83738.0,83660.0,-0.004734042553191542,0.0,0.0025,ranging,0.11146411042136795,0.6005289247593043,0.2880069648193278,0.16409036860879908,0.631985731272295,0.2039239001189061,1
1790240400000,83660.01,83460.72,-0.001901732934966316,1.0,0.0025,ranging,0.11161121067946067,0.6274932286806315,0.26089556063990793,0.16409036860879908,0.631985731272295,0.2039239001189061,1
1790241300000,83460.72,83364.0,-0.0011994386065928841,1.0,0.0025,ranging,0.1067482340375007,0.6215623547698774,0.27168941119262185,0.16409036860879908,0.631985731272295,0.2039239001189061,1
1790242200000,83364.0,83170.52,0.0027271682322052015,2.0,0.0025,trending,0.10617254925187633,0.5883154536429477,0.30551199710517596,0.16409036860879908,0.631985731272295,0.2039239001189061,1
1790243100000,83170.52,83263.95,0.002981482382231393,2.0,0.0025,trending,0.1056867597468621,0.6452209047709327,0.24909233548220508,0.16409036860879908,0.631985731272295,0.2039239001189061,1
1790244000000,83263.96,83302.0,0.0032413387433674057,2.0,0.0025,trending,0.10687638672960449,0.6479827216792124,0.2451408915911831,0.16409036860879908,0.631985731272295,0.2039239001189061,1
1790244900000,83302.0,83264.01,0.0030984575448624874,2.0,0.0025,trending,0.11279181901083818,0.6562892938554282,0.23091888713373362,0.16409036860879908,0.631985731272295,0.2039239001189061,1
1790245800000,83264.0,83397.34,0.0006952260108057384,1.0,0.0025,trending,0.11872542299081465,0.6594635231650039,0.2218110538441815,0.16409036860879908,0.631985731272295,0.2039239001189061,1
1790246700000,83397.34,83512.2,-0.00021098713720868467,1.0,0.0025,trending,0.10829449999605631,0.6745687754721804,0.21713672453176341,0.16409036860879908,0.631985731272295,0.2039239001189061,1
1790247600000,83512.2,83572.01,-0.00046486856065797166,1.0,0.0025,trending,0.1110386006978964,0.6736215943568015,0.2153398049453021,0.16409036860879908,0.631985731272295,0.2039239001189061,1
1790248500000,83572.01,83522.0,0.0003353607432772243,1.0,0.0025,trending,0.10455631590245952,0.6787685999886792,0.21667508410886122,0.16409036860879908,0.631985731272295,0.2039239001189061,1
1790249400000,83522.0,83455.32,0.0005354961193604346,1.0,0.0025,trending,0.10207230907929551,0.672779972535922,0.22514771838478248,0.16409036860879908,0.631985731272295,0.2039239001189061,1
1790250300000,83455.61,83494.58,0.0013136182013251396,1.0,0.0025,trending,0.10474488369315453,0.6788788325401452,0.21637628376670023,0.16409036860879908,0.631985731272295,0.2039239001189061,1
1790251200000,83494.59,83533.16,0.002666126841124994,2.0,0.0025,trending,0.1068031890973575,0.6842513901044945,0.20894542079814793,0.16409036860879908,0.631985731272295,0.2039239001189061,1
1790252100000,83533.16,83550.01,0.0027527225909369513,2.0,0.0025,trending,0.10417150733693212,0.6988057705739823,0.19702272208908544,0.16409036860879908,0.631985731272295,0.2039239001189061,1
1790253000000,83550.01,83500.01,0.005293292779246395,2.0,0.0025,trending,0.10646359954113606,0.6889806987811268,0.2045557016777372,0.16409036860879908,0.631985731272295,0.2039239001189061,1
1790253900000,83500.01,83604.26,0.007824601282279131,2.0,0.0025,trending,0.11589620156946961,0.6733641704404568,0.2107396279900736,0.16409036860879908,0.631985731272295,0.2039239001189061,1
1790254800000,83604.26,83755.87,0.00566085696441343,2.0,0.0025,trending,0.11752311148818735,0.6873197617998807,0.19515712671193194,0.16409036860879908,0.631985731272295,0.2039239001189061,1
1790255700000,83755.88,83780.0,0.013072571019336454,2.0,0.0025,trending,0.12714947305110574,0.6677629333998293,0.20508759354906492,0.16409036860879908,0.631985731272295,0.2039239001189061,1
1790256600000,83780.01,83942.0,0.0056189988325272555,2.0,0.0025,trending,0.13679459080095266,0.6155603145585855,0.24764509464046172,0.16409036860879908,0.631985731272295,0.2039239001189061,1
1790257500000,83942.01,84258.43,-0.006938890268902376,0.0,0.0025,trending,0.12905167973555612,0.635064757460599,0.23588356280384482,0.16409036860879908,0.631985731272295,0.2039239001189061,1
1790258400000,84258.42,84230.0,-0.0039051406862162796,0.0,0.0025,trending,0.1354477180022071,0.6368551607495061,0.22769712124828684,0.16409036860879908,0.631985731272295,0.2039239001189061,1
1790259300000,84230.0,84875.22,-0.008830728214901717,0.0,0.0025,trending,0.1338389530434627,0.5471243900268026,0.3190366569297348,0.16409036860879908,0.631985731272295,0.2039239001189061,1
1790260200000,84875.22,84413.67,0.00016975923449358277,1.0,0.0025,trending,0.12382383999238616,0.5889510773323882,0.2872250826752257,0.16409036860879908,0.631985731272295,0.2039239001189061,1
1790261100000,84413.66,83673.77,0.00889442414271513,2.0,0.002561311354137412,high_volatility,0.12398906265066861,0.5820659122771814,0.2939450250721498,0.16409036860879908,0.631985731272295,0.2039239001189061,1
1790262000000,83673.77,83901.07,0.004301971357457024,2.0,0.002587482327935463,high_volatility,0.11582404776047546,0.6231514596519582,0.2610244925875663,0.16409036860879908,0.631985731272295,0.2039239001189061,1
1790262900000,83901.06,84125.71,0.006906449883157029,2.0,0.002582009171545087,high_volatility,0.12429011909212381,0.6271008991597182,0.24860898174815788,0.16409036860879908,0.631985731272295,0.2039239001189061,1
1790263800000,84125.71,84428.0,0.0015119391671007953,1.0,0.0025663520668292587,high_volatility,0.15257045108535158,0.6089666097053037,0.23846293920934467,0.16409036860879908,0.631985731272295,0.2039239001189061,1
1790264700000,84428.0,84418.0,0.0009752659385440232,1.0,0.0025,high_volatility,0.14265782994181467,0.6233987458085113,0.23394342424967396,0.16409036860879908,0.631985731272295,0.2039239001189061,1
1790265600000,84418.01,84262.01,0.002563314119850668,2.0,0.0025,high_volatility,0.1347610575499187,0.6288433898888514,0.2363955525612299,0.16409036860879908,0.631985731272295,0.2039239001189061,1
1790266500000,84262.01,84706.72,-0.004450768486844892,0.0,0.0025979841523627516,high_volatility,0.1579621120890538,0.5874359294427982,0.25460195846814787,0.16409036860879908,0.631985731272295,0.2039239001189061,1
1790267400000,84706.73,84555.65,-0.00453713028047209,0.0,0.0026600176587525267,high_volatility,0.13808503867435065,0.621021326899699,0.2408936344259504,0.16409036860879908,0.631985731272295,0.2039239001189061,1
1790268300000,84555.65,84500.33,-0.004619271901068367,0.0,0.002615678532104864,high_volatility,0.14724679294469364,0.6122943569456535,0.24045885010965296,0.16409036860879908,0.631985731272295,0.2039239001189061,1
1790269200000,84500.32,84478.0,-0.002604228319799229,0.0,0.002527246391095986,high_volatility,0.12369336030238962,0.6336707461950204,0.24263589350259004,0.16409036860879908,0.631985731272295,0.2039239001189061,1
1790270100000,84478.0,84329.71,0.0011182298622869347,1.0,0.0025195249931583056,high_volatility,0.11809266933775953,0.6190001966392977,0.26290713402294275,0.16409036860879908,0.631985731272295,0.2039239001189061,1
1790271000000,84329.71,84172.01,0.0029918496659400162,2.0,0.0025,ranging,0.12006817542635562,0.6214410251683359,0.2584907994053085,0.16409036860879908,0.631985731272295,0.2039239001189061,1
1790271900000,84172.0,84110.0,0.00435156342884313,2.0,0.0025,ranging,0.11922511181164877,0.6285721790928521,0.25220270909549913,0.16409036860879908,0.631985731272295,0.2039239001189061,1
1790272800000,84110.0,84258.0,0.0038689501293647233,2.0,0.0025,ranging,0.13127590600686384,0.6391783279230099,0.2295457660701261,0.16409036860879908,0.631985731272295,0.2039239001189061,1
1790273700000,84258.0,84424.01,0.0026042354538715617,2.0,0.0025,ranging,0.13078369080276356,0.6509846054410334,0.21823170375620302,0.16409036860879908,0.631985731272295,0.2039239001189061,1
1790274600000,84424.01,84423.84,0.0003245528751121274,1.0,0.0025,ranging,0.1251102496175993,0.6384709375252323,0.23641881285716837,0.16409036860879908,0.631985731272295,0.2039239001189061,1
1790275500000,84423.84,84476.01,-0.0007500354242583329,1.0,0.0025,ranging,0.1303439609827848,0.6412145530595466,0.22844148595766853,0.16409036860879908,0.631985731272295,0.2039239001189061,1
1790276400000,84476.01,84583.99,-0.003948619591012448,0.0,0.0025,ranging,0.1290097733364941,0.6297264290651955,0.24126379759831051,0.16409036860879908,0.631985731272295,0.2039239001189061,1
1790277300000,84584.0,84643.87,-0.004464233499720582,0.0,0.0025,ranging,0.12416483233697273,0.6449541637932652,0.2308810038697621,0.16409036860879908,0.631985731272295,0.2039239001189061,1
1790278200000,84643.87,84451.24,-0.0007567680474556138,1.0,0.0025,ranging,0.11768679866229573,0.6210900034728256,0.2612231978648785,0.16409036860879908,0.631985731272295,0.2039239001189061,1
1790279100000,84451.24,84412.65,-0.0004859461230038997,1.0,0.0025,ranging,0.11428981171402827,0.6171771923034565,0.2685329959825153,0.16409036860879908,0.631985731272295,0.2039239001189061,1
1790280000000,84412.64,84250.0,0.001068249258160181,1.0,0.0025,ranging,0.10835958482060365,0.6395092710295435,0.2521311441498528,0.16409036860879908,0.631985731272295,0.2039239001189061,1
1790280900000,84250.01,84266.0,0.0019087176322596378,1.0,0.0025,ranging,0.11016792595307476,0.6647926528747972,0.22503942117212805,0.16409036860879908,0.631985731272295,0.2039239001189061,1
1790281800000,84266.01,84387.33,0.001203853706474689,1.0,0.0025,ranging,0.11135529187127322,0.6754384556916883,0.21320625243703845,0.16409036860879908,0.631985731272295,0.2039239001189061,1
1790282700000,84387.33,84371.63,-0.00025636579499532797,1.0,0.0025,ranging,0.1133672969430888,0.6745627064908943,0.21206999656601683,0.16409036860879908,0.631985731272295,0.2039239001189061,1
1790283600000,84371.62,84340.0,-7.149632440117681e-05,1.0,0.0025,ranging,0.11058842191345233,0.6772049177408753,0.21220666034567234,0.16409036860879908,0.631985731272295,0.2039239001189061,1
1790284500000,84340.01,84426.84,-0.0035216289037940385,0.0,0.0025,low_liquidity,0.11069153700967702,0.6759471493365429,0.21336131365378003,0.16409036860879908,0.631985731272295,0.2039239001189061,1
1790285400000,84426.84,84488.92,-0.004011295208886656,0.0,0.0025,ranging,0.11067396259679682,0.6700319458529916,0.2192940915502115,0.16409036860879908,0.631985731272295,0.2039239001189061,1
1790286300000,84488.92,84350.0,-0.0008616478956726681,1.0,0.0025,low_liquidity,0.10970773601270885,0.64638608481377,0.24390617917352111,0.16409036860879908,0.631985731272295,0.2039239001189061,1
1790287200000,84350.0,84333.97,-0.0003231200902791276,1.0,0.0025,ranging,0.11674259984141716,0.6639994613431341,0.2192579388154486,0.16409036860879908,0.631985731272295,0.2039239001189061,1
1790288100000,84333.97,84129.52,0.00363415837865233,2.0,0.0025,ranging,0.1187686954733325,0.6278549376850002,0.25337636684166726,0.16409036860879908,0.631985731272295,0.2039239001189061,1
1790289000000,84129.51,84150.01,0.0031143192971694322,2.0,0.0025,ranging,0.11990031358180485,0.6542513652379892,0.2258483211802059,0.16409036860879908,0.631985731272295,0.2039239001189061,1
1790289900000,84150.01,84277.32,0.0015771740249928001,1.0,0.0025,low_liquidity,0.1111034001251902,0.6824504336374849,0.20644616623732479,0.16409036860879908,0.631985731272295,0.2039239001189061,1
1790290800000,84277.32,84306.72,0.004165148400981478,2.0,0.0025,ranging,0.10861668840612604,0.6842336670979121,0.20714964449596193,0.16409036860879908,0.631985731272295,0.2039239001189061,1
1790291700000,84306.72,84435.26,0.0028205041353577265,2.0,0.0025,low_liquidity,0.10858905989860047,0.6882624819071245,0.20314845819427493,0.16409036860879908,0.631985731272295,0.2039239001189061,1
1790292600000,84435.26,84412.08,0.0022127164737559823,1.0,0.0025,ranging,0.10917026946311106,0.6669256363528518,0.22390409418403706,0.16409036860879908,0.631985731272295,0.2039239001189061,1
1790293500000,84412.08,84410.24,0.002129717911002249,1.0,0.0025,low_liquidity,0.1104971822890589,0.671965182956762,0.21753763475417912,0.16409036860879908,0.631985731272295,0.2039239001189061,1
1790294400000,84410.24,84657.87,0.0004980044973963427,1.0,0.0025,ranging,0.12140133931415213,0.6559831892396669,0.2226154714461808,0.16409036860879908,0.631985731272295,0.2039239001189061,1
1790295300000,84657.86,84673.41,-0.0015736935597610024,1.0,0.0025,ranging,0.11921409954559407,0.6598901213196147,0.22089577913479122,0.16409036860879908,0.631985731272295,0.2039239001189061,1
1790296200000,84673.41,84598.86,-0.0014086478233866773,1.0,0.0025,ranging,0.11999212922528772,0.6603694216560789,0.21963844911863345,0.16409036860879908,0.631985731272295,0.2039239001189061,1
1790297100000,84598.87,84590.01,0.0002449461821791843,1.0,0.0025,ranging,0.11563459844025371,0.6742385079072087,0.21012689365253762,0.16409036860879908,0.631985731272295,0.2039239001189061,1
1790298000000,84590.01,84700.03,0.0016706015334351232,1.0,0.0025,ranging,0.12698573318638645,0.651542892091935,0.22147137472167835,0.16409036860879908,0.631985731272295,0.2039239001189061,1
1790298900000,84700.02,84540.16,0.0017961877526608827,1.0,0.0025,ranging,0.1240516469824042,0.6398723837152286,0.23607596930236724,0.16409036860879908,0.631985731272295,0.2039239001189061,1
1790299800000,84540.16,84479.69,6.356557416342667e-05,1.0,0.0025,ranging,0.12062567902675528,0.6516595945410748,0.22771472643216994,0.16409036860879908,0.631985731272295,0.2039239001189061,1
1790300700000,84479.69,84610.73,-0.004545168207389261,0.0,0.0025,ranging,0.12307069361875271,0.6688846089312546,0.2080446974499927,0.16409036860879908,0.631985731272295,0.2039239001189061,1
1790301600000,84610.74,84841.53,-0.0069258534116488635,0.0,0.0025,ranging,0.1303954043709307,0.6397417573728111,0.2298628382562582,0.16409036860879908,0.631985731272295,0.2039239001189061,1
1790302500000,84841.54,84692.01,-0.006446889145741097,0.0,0.0025,ranging,0.12502066075926516,0.6308174849867123,0.2441618542540225,0.16409036860879908,0.631985731272295,0.2039239001189061,1
1790303400000,84692.0,84485.06,-0.0032178470370974877,0.0,0.0025,ranging,0.11547321645561615,0.6191330081057286,0.2653937754386552,0.16409036860879908,0.631985731272295,0.2039239001189061,1
1790304300000,84485.06,84226.16,5.9720162951748534e-05,1.0,0.0025,ranging,0.11178143063028925,0.6215722742966991,0.26664629507301163,0.16409036860879908,0.631985731272295,0.2039239001189061,1
1790305200000,84226.17,84253.93,-0.0021591871144763797,1.0,0.0025,ranging,0.12073895550344944,0.6273483271039284,0.2519127173926222,0.16409036860879908,0.631985731272295,0.2039239001189061,1
1790306100000,84253.94,84146.01,-0.00030922440648095684,1.0,0.0025,ranging,0.11322730279717268,0.6215719099283449,0.26520078727448243,0.16409036860879908,0.631985731272295,0.2039239001189061,1
1790307000000,84146.01,84213.2,0.000769475569150746,1.0,0.0025,ranging,0.11786276195887439,0.6312289541742948,0.2509082838668308,0.16409036860879908,0.631985731272295,0.2039239001189061,1
1790307900000,84213.19,84231.19,-0.00027519497231376366,1.0,0.0025,ranging,0.11554550266924792,0.6544584057098161,0.22999609162093607,0.16409036860879908,0.631985731272295,0.2039239001189061,1
1790308800000,84231.19,84072.01,0.001147111862794814,1.0,0.0025,ranging,0.11768131378587028,0.6411121178361601,0.2412065683779695,0.16409036860879908,0.631985731272295,0.2039239001189061,1
1790309700000,84072.0,84119.99,0.0008325012877439253,1.0,0.0025,ranging,0.1152080742752053,0.6475170184509695,0.23727490727382525,0.16409036860879908,0.631985731272295,0.2039239001189061,1
1790310600000,84120.0,84278.0,-0.0002583117776882027,1.0,0.0025,ranging,0.11160355582428502,0.6610302569923128,0.2273661871834023,0.16409036860879908,0.631985731272295,0.2039239001189061,1
1790311500000,84278.0,84208.01,-0.00016625496790623195,1.0,0.0025,ranging,0.10993373731433363,0.6532509625070806,0.2368153001785857,0.16409036860879908,0.631985731272295,0.2039239001189061,1
1790312400000,84208.0,84168.45,-0.0005756313678105807,1.0,0.0025,low_liquidity,0.10730541006408557,0.6824908547084289,0.21020373522748553,0.16409036860879908,0.631985731272295,0.2039239001189061,1
1790313300000,84168.45,84190.02,-0.001033732976901569,1.0,0.0025,ranging,0.11399881134279552,0.6696328051072485,0.2163683835499561,0.16409036860879908,0.631985731272295,0.2039239001189061,1
1790314200000,84190.02,84256.23,-0.0026665090522088875,0.0,0.0025,ranging,0.11423607955490021,0.6603459406838398,0.22541797976126007,0.16409036860879908,0.631985731272295,0.2039239001189061,1
1790315100000,84256.22,84194.01,-0.0018767368367416104,1.0,0.0025,low_liquidity,0.11365835506650465,0.6842796866516091,0.20206195828188625,0.16409036860879908,0.631985731272295,0.2039239001189061,1
1790316000000,84194.0,84120.0,-0.003556942463147972,0.0,0.0025,ranging,0.12133932173854202,0.6367103416564397,0.24195033660501833,0.16409036860879908,0.631985731272295,0.2039239001189061,1
1790316900000,84120.0,84102.99,-0.0006776215685079245,1.0,0.0025,ranging,0.11558107901180924,0.6585264587007227,0.22589246228746815,0.16409036860879908,0.631985731272295,0.2039239001189061,1
1790317800000,84102.98,84031.56,-0.0013849558427809772,1.0,0.0025,ranging,0.12111717330473297,0.6480122685478009,0.2308705581474661,0.16409036860879908,0.631985731272295,0.2039239001189061,1
1790318700000,84031.55,84036.0,9.472130991494687e-05,1.0,0.0025,ranging,0.12308912136876073,0.6635752732003535,0.21333560543088587,0.16409036860879908,0.631985731272295,0.2039239001189061,1
1790319600000,84036.01,83820.79,0.0035905173406263202,2.0,0.0025,ranging,0.13080801398106082,0.6082756153188608,0.26091637070007845,0.16409036860879908,0.631985731272295,0.2039239001189061,1
1790320500000,83820.79,84046.0,0.0045927230326250346,2.0,0.0025,ranging,0.12063009736832973,0.6514284615947631,0.2279414410369071,0.16409036860879908,0.631985731272295,0.2039239001189061,1
1790321400000,84046.0,83915.18,0.004853829783836527,2.0,0.0025,ranging,0.1201656810736048,0.6183383583076565,0.26149596061873864,0.16409036860879908,0.631985731272295,0.2039239001189061,1
1790322300000,83915.18,84043.96,0.0044393434102818485,2.0,0.0025,ranging,0.1312175777119954,0.6079515453145798,0.2608308769734247,0.16409036860879908,0.631985731272295,0.2039239001189061,1
1790323200000,84043.96,84121.75,0.005647409855358498,2.0,0.0025,ranging,0.1307138630528999,0.6287913823896487,0.24049475455745142,0.16409036860879908,0.631985731272295,0.2039239001189061,1
1790324100000,84121.75,84432.0,0.004524469395489783,2.0,0.0025,ranging,0.11967979122512239,0.6678112410678442,0.2125089677070334,0.16409036860879908,0.631985731272295,0.2039239001189061,1
1790325000000,84432.0,84322.49,0.003655133998059057,2.0,0.0025,ranging,0.11014946131998554,0.6792137574779215,0.210636781202093,0.16409036860879908,0.631985731272295,0.2039239001189061,1
1790325900000,84322.49,84417.06,0.0018118375598485947,1.0,0.0025,ranging,0.11565118970100134,0.6662133941117936,0.21813541618720514,0.16409036860879908,0.631985731272295,0.2039239001189061,1
1790326800000,84417.05,84596.82,-0.0011916523576183113,1.0,0.0025,ranging,0.12235253081408244,0.6406286517829376,0.23701881740298003,0.16409036860879908,0.631985731272295,0.2039239001189061,1
1790327700000,84596.81,84814.01,-0.0010074986432075939,1.0,0.0025,ranging,0.1213171953028503,0.6391348905471167,0.239547914150033,0.16409036860879908,0.631985731272295,0.2039239001189061,1
1790328600000,84814.01,84630.7,0.0018113994094342,1.0,0.0025,ranging,0.12262269712213533,0.6378878595615157,0.23948944331634894,0.16409036860879908,0.631985731272295,0.2039239001189061,1
1790329500000,84630.7,84570.01,0.001698592680786204,1.0,0.0025,ranging,0.12024442719756138,0.6642596016862132,0.21549597111622534,0.16409036860879908,0.631985731272295,0.2039239001189061,1
1790330400000,84570.02,84496.01,0.008591293245681086,2.0,0.0025,ranging,0.11494026544157522,0.6559168027925573,0.2291429317658675,0.16409036860879908,0.631985731272295,0.2039239001189061,1
1790331300000,84496.01,84728.56,0.00234194939699206,1.0,0.0025,ranging,0.12614545576205416,0.6497467997018377,0.22410774453610807,0.16409036860879908,0.631985731272295,0.2039239001189061,1
1790332200000,84728.57,84784.0,-0.0007938997924136215,1.0,0.0025,ranging,0.12943511181232745,0.6417476130397747,0.22881727514789796,0.16409036860879908,0.631985731272295,0.2039239001189061,1
1790333100000,84784.0,84713.66,-0.00154662187892729,1.0,0.0025,ranging,0.1210178533015037,0.6619029206877319,0.2170792260107643,0.16409036860879908,0.631985731272295,0.2039239001189061,1
1790334000000,84713.67,85221.94,-0.010015378668920216,0.0,0.0025,ranging,0.13514845281289628,0.6037640224205614,0.26108752476654223,0.16409036860879908,0.631985731272295,0.2039239001189061,1
1790334900000,85221.94,84926.99,-0.006135740828681291,0.0,0.0025,ranging,0.12310115776139482,0.6209713725654871,0.25592746967311814,0.16409036860879908,0.631985731272295,0.2039239001189061,1
1790335800000,84927.0,84716.69,-0.0033133966872407328,0.0,0.0025,ranging,0.11594794762857173,0.6532051168402281,0.2308469355312002,0.16409036860879908,0.631985731272295,0.2039239001189061,1
1790336700000,84716.69,84582.64,-0.0013104343870089519,1.0,0.0025,ranging,0.10932775110934344,0.6388105834106051,0.25186166548005146,0.16409036860879908,0.631985731272295,0.2039239001189061,1
1790337600000,84582.64,84368.41,0.0010855959001716542,1.0,0.0025,ranging,0.11481942628383598,0.5994382810024823,0.28574229271368173,0.16409036860879908,0.631985731272295,0.2039239001189061,1
1790338500000,84368.42,84405.9,-0.0035741577306799277,0.0,0.0025,ranging,0.12237627729554838,0.5852668159710853,0.2923569067333663,0.16409036860879908,0.631985731272295,0.2039239001189061,1
1790339400000,84405.91,84435.99,-0.005045123530854623,0.0,0.0025,ranging,0.115811476795854,0.6297364980282565,0.2544520251758895,0.16409036860879908,0.631985731272295,0.2039239001189061,1
1790340300000,84435.99,84471.8,-0.006488437561410931,0.0,0.0025,ranging,0.12339806691900244,0.6320326461475234,0.2445692869334741,0.16409036860879908,0.631985731272295,0.2039239001189061,1
1790341200000,84471.79,84460.0,-0.010419014918304548,0.0,0.0025,ranging,0.12046767493301548,0.6347969875142887,0.24473533755269591,0.16409036860879908,0.631985731272295,0.2039239001189061,1
1790342100000,84460.01,84104.22,-0.005403533853592712,0.0,0.0025,ranging,0.11631600837675607,0.5926002418800588,0.2910837497431852,0.16409036860879908,0.631985731272295,0.2039239001189061,1
1790343000000,84104.22,84010.0,-0.00387501487918096,0.0,0.0025,ranging,0.12477683415783845,0.5790895524968631,0.2961336133452984,0.16409036860879908,0.631985731272295,0.2039239001189061,1
1790343900000,84010.01,83923.71,0.0010998083854967255,1.0,0.0025,ranging,0.11927232629889008,0.590181758562957,0.290545915138153,0.16409036860879908,0.631985731272295,0.2039239001189061,1
1790344800000,83923.71,83580.01,0.00504773808952641,2.0,0.00255112056632115,high_volatility,0.11598075539512309,0.5593253270129668,0.32469391759191,0.16409036860879908,0.631985731272295,0.2039239001189061,1
1790345700000,83580.01,83649.76,0.0013951026279097611,1.0,0.002540093421988007,high_volatility,0.10864278611277847,0.6360193683851417,0.25533784550207983,0.16409036860879908,0.631985731272295,0.2039239001189061,1
1790346600000,83650.01,83684.46,-0.0025107409428225536,0.0,0.002500179728410218,trending,0.10673933027986227,0.6487623083601635,0.2444983613599742,0.16409036860879908,0.631985731272295,0.2039239001189061,1
1790347500000,83684.46,84016.01,-0.0026185485361659433,0.0,0.0025501487124506912,high_volatility,0.11641876326983669,0.6223339533552782,0.2612472833748851,0.16409036860879908,0.631985731272295,0.2039239001189061,1
1790348400000,84016.01,84001.9,0.00010214054682089468,1.0,0.0025408431717851235,high_volatility,0.12431434822561276,0.6075424032261652,0.2681432485482221,0.16409036860879908,0.631985731272295,0.2039239001189061,1
1790349300000,84001.9,83766.46,0.002453846085891609,1.0,0.0025061816442793964,trending,0.11985594408146866,0.6296060628066446,0.25053799311188674,0.16409036860879908,0.631985731272295,0.2039239001189061,1
1790350200000,83766.45,83474.35,0.005171169347230498,2.0,0.0025596806837390623,high_volatility,0.11107161124420349,0.6362597164246375,0.25266867233115897,0.16409036860879908,0.631985731272295,0.2039239001189061,1
1790351100000,83474.35,83796.01,-0.000641916005308496,1.0,0.002588861635258864,high_volatility,0.11444616068811939,0.6365258611563253,0.24902797815555536,0.16409036860879908,0.631985731272295,0.2039239001189061,1
1790352000000,83796.01,84010.48,-0.0006017106437197217,1.0,0.002541476782078675,trending,0.13995018013102314,0.6236312777509881,0.2364185421179887,0.16409036860879908,0.631985731272295,0.2039239001189061,1
1790352900000,84010.48,83972.01,-0.0033007427117678345,0.0,0.0025,trending,0.13937554541494027,0.6273696411213331,0.23325481346372667,0.16409036860879908,0.631985731272295,0.2039239001189061,1
1790353800000,83972.01,83906.01,-0.0012193405454508088,1.0,0.0025,trending,0.14028601266456456,0.6258730613294242,0.23384092600601122,0.16409036860879908,0.631985731272295,0.2039239001189061,1
1790354700000,83906.01,83742.22,0.0005121669810044249,1.0,0.0025,trending,0.11904500581614333,0.6518426933977067,0.22911230078614994,0.16409036860879908,0.631985731272295,0.2039239001189061,1
1790355600000,83742.23,83959.93,0.00046248251993552536,1.0,0.0025,trending,0.138312715998379,0.640305369092428,0.22138191490919293,0.16409036860879908,0.631985731272295,0.2039239001189061,1
1790356500000,83959.92,83694.84,0.0031442798624143897,2.0,0.0025,trending,0.119168805570525,0.6359428558741171,0.24488833855535788,0.16409036860879908,0.631985731272295,0.2039239001189061,1
1790357400000,83694.84,83803.7,0.0021101693600640292,1.0,0.0025,trending,0.14606984541680865,0.6195064240616218,0.23442373052156956,0.16409036860879908,0.631985731272295,0.2039239001189061,1
1790358300000,83803.7,83785.11,0.0021828460928201565,1.0,0.0025,trending,0.12679557188733032,0.6525503432257711,0.22065408488689864,0.16409036860879908,0.631985731272295,0.2039239001189061,1
1790359200000,83785.11,83998.76,0.0006096518567655362,1.0,0.0025,trending,0.13925811201555707,0.6485621765394973,0.21217971144494563,0.16409036860879908,0.631985731272295,0.2039239001189061,1
1790360100000,83998.76,83958.0,0.0005871983610852283,1.0,0.0025,trending,0.13146334191085426,0.6596239966357528,0.20891266145339296,0.16409036860879908,0.631985731272295,0.2039239001189061,1
1790361000000,83958.01,83980.54,7.061159644861092e-05,1.0,0.0025,ranging,0.12646599747326145,0.6673009340678804,0.20623306845885828,0.16409036860879908,0.631985731272295,0.2039239001189061,1
1790361900000,83980.54,83968.0,0.0006194026295731625,1.0,0.0025,low_liquidity,0.11813578821501035,0.6906071685544078,0.1912570432305818,0.16409036860879908,0.631985731272295,0.2039239001189061,1
1790362800000,83968.01,84049.97,-0.0008980372033445816,1.0,0.0025,ranging,0.1220272249103011,0.6687434816505039,0.2092292934391951,0.16409036860879908,0.631985731272295,0.2039239001189061,1
1790363700000,84049.97,84007.3,0.000685892773604202,1.0,0.0025,low_liquidity,0.11900756013763623,0.6804504587420453,0.20054198112031835,0.16409036860879908,0.631985731272295,0.2039239001189061,1
1790364600000,84007.29,83986.47,0.0016138313706957064,1.0,0.0025,ranging,0.11628144097331794,0.6856585699655756,0.19805998906110645,0.16409036860879908,0.631985731272295,0.2039239001189061,1
1790365500000,83986.47,84020.01,-0.0015949771965034776,1.0,0.0025,ranging,0.11183611141097899,0.6915362927378212,0.19662759585119977,0.16409036860879908,0.631985731272295,0.2039239001189061,1
1790366400000,84020.01,83974.49,-0.0033105291857086216,0.0,0.0025,low_liquidity,0.10864286806349309,0.6978437659108115,0.19351336602569533,0.16409036860879908,0.631985731272295,0.2039239001189061,1
1790367300000,83974.49,84064.92,-0.0034644653203739217,0.0,0.0025,ranging,0.10692237015152829,0.6981185954134099,0.19495903443506188,0.16409036860879908,0.631985731272295,0.2039239001189061,1
1790368200000,84064.91,84122.01,-0.0036543349356487065,0.0,0.0025,ranging,0.10246627124404542,0.7084948096735397,0.18903891908241488,0.16409036860879908,0.631985731272295,0.2039239001189061,1
1790369100000,84122.01,83886.0,-0.0011205683904346175,1.0,0.0025,ranging,0.10479701658062093,0.6773347178660263,0.21786826555335284,0.16409036860879908,0.631985731272295,0.2039239001189061,1
1790370000000,83886.01,83696.49,0.0028370365352239357,2.0,0.0025,ranging,0.10799715886614379,0.6451793862429207,0.24682345489093555,0.16409036860879908,0.631985731272295,0.2039239001189061,1
1790370900000,83696.49,83773.68,0.0015794937025568334,1.0,0.0025,ranging,0.10702285321374364,0.6810112408982788,0.21196590588797767,0.16409036860879908,0.631985731272295,0.2039239001189061,1
1790371800000,83773.69,83814.6,0.003162814115917678,2.0,0.0025,low_liquidity,0.10906538624809355,0.6777437471218138,0.21319086663009265,0.16409036860879908,0.631985731272295,0.2039239001189061,1
1790372700000,83814.6,83792.0,0.0034734819553179364,2.0,0.0025,ranging,0.10902066443203137,0.6660426313168124,0.22493670425115625,0.16409036860879908,0.631985731272295,0.2039239001189061,1
1790373600000,83792.0,83933.94,0.0015011805712921156,1.0,0.0025,low_liquidity,0.11448958675476067,0.6863486432553414,0.1991617699898979,0.16409036860879908,0.631985731272295,0.2039239001189061,1
1790374500000,83933.94,83906.0,0.0022768335995040356,1.0,0.0025,ranging,0.12227778965835799,0.6589163135783624,0.21880589676327963,0.16409036860879908,0.631985731272295,0.2039239001189061,1
1790375400000,83906.0,84079.69,3.6869783892612418e-06,1.0,0.0025,ranging,0.10942450155148752,0.6829314879916997,0.20764401045681288,0.16409036860879908,0.631985731272295,0.2039239001189061,1
1790376300000,84079.69,84083.05,0.00020146747769023143,1.0,0.0025,ranging,0.10996726604798923,0.6804341833173729,0.20959855063463764,0.16409036860879908,0.631985731272295,0.2039239001189061,1
1790377200000,84083.05,84059.94,0.00016785641293592946,1.0,0.0025,ranging,0.10288096205123838,0.7085331229749066,0.18858591497385516,0.16409036860879908,0.631985731272295,0.2039239001189061,1
1790378100000,84059.93,84097.04,-0.0017435809869168484,1.0,0.0025,ranging,0.10510642505998345,0.6869813083321309,0.2079122666078857,0.16409036860879908,0.631985731272295,0.2039239001189061,1
1790379000000,84097.05,84080.0,-0.0023620361560419134,1.0,0.0025,ranging,0.09503882062656055,0.7194029153642458,0.1855582640091936,0.16409036860879908,0.631985731272295,0.2039239001189061,1
1790379900000,84080.0,84099.99,-0.0022589776764541103,1.0,0.0025,ranging,0.0983711494725206,0.6948469304743441,0.20678192005313514,0.16409036860879908,0.631985731272295,0.2039239001189061,1
1790380800000,84100.0,84074.05,-0.0016690048831953241,1.0,0.0025,ranging,0.09643356779027179,0.6971044270297054,0.20646200518002275,0.16409036860879908,0.631985731272295,0.2039239001189061,1
1790381700000,84074.04,83950.41,-6.694428294051757e-05,1.0,0.0025,ranging,0.09895941370529936,0.6702466713692025,0.2307939149254981,0.16409036860879908,0.631985731272295,0.2039239001189061,1
1790382600000,83950.41,83881.4,0.0019070974018078335,1.0,0.0025,ranging,0.10866404099135646,0.6517344384731463,0.23960152053549721,0.16409036860879908,0.631985731272295,0.2039239001189061,1
1790383500000,83881.41,83910.01,0.001986056252406776,1.0,0.0025,low_liquidity,0.11363876285732473,0.687963984990848,0.19839725215182727,0.16409036860879908,0.631985731272295,0.2039239001189061,1
1790384400000,83910.01,83933.73,0.0024099965532331513,1.0,0.0025,ranging,0.10176591637980877,0.6931312892285346,0.2051027943916567,0.16409036860879908,0.631985731272295,0.2039239001189061,1
1790385300000,83933.72,83944.79,0.0010123320339476827,1.0,0.0025,ranging,0.09997534040002683,0.6917288405444308,0.20829581905554226,0.16409036860879908,0.631985731272295,0.2039239001189061,1
1790386200000,83944.79,84041.37,-0.0003732685461933505,1.0,0.0025,ranging,0.09523001708717681,0.6869899555343153,0.21778002737850796,0.16409036860879908,0.631985731272295,0.2039239001189061,1
1790387100000,84041.37,84076.66,-0.000792847860512147,1.0,0.0025,low_liquidity,0.086272765935203,0.7227886646940955,0.19093856937070147,0.16409036860879908,0.631985731272295,0.2039239001189061,1
1790388000000,84076.67,84136.01,-0.002282019316104944,1.0,0.0025,ranging,0.08937516549182033,0.6976494520149573,0.2129753824932224,0.16409036860879908,0.631985731272295,0.2039239001189061,1
1790388900000,84136.02,84029.77,-3.189345871124072e-05,1.0,0.0025,ranging,0.08953283478062281,0.6822612137177962,0.22820595150158096,0.16409036860879908,0.631985731272295,0.2039239001189061,1
1790389800000,84029.78,84010.0,-0.0006989644089989699,1.0,0.0025,ranging,0.0925990019145356,0.7001051429711578,0.20729585511430657,0.16409036860879908,0.631985731272295,0.2039239001189061,1
1790390700000,84009.99,84010.0,-0.0008451374836329073,1.0,0.0025,ranging,0.09525514140195641,0.704256688921479,0.20048816967656455,0.16409036860879908,0.631985731272295,0.2039239001189061,1
1790391600000,84010.0,83944.01,0.0004964023043454446,1.0,0.0025,ranging,0.10523219669591354,0.7149639134504335,0.17980388985365306,0.16409036860879908,0.631985731272295,0.2039239001189061,1
1790392500000,83944.01,84027.09,-0.0015787765588455294,1.0,0.0025,ranging,0.10100951639852931,0.7140685624969865,0.18492192110448422,0.16409036860879908,0.631985731272295,0.2039239001189061,1
1790393400000,84027.09,83951.28,0.0003806969947333094,1.0,0.0025,ranging,0.10717634205058958,0.7138349595875045,0.1789886983619059,0.16409036860879908,0.631985731272295,0.2039239001189061,1
1790394300000,83951.28,83939.0,0.00044079629254567543,1.0,0.0025,ranging,0.09553033816464891,0.7448770226178401,0.159592639217511,0.16409036860879908,0.631985731272295,0.2039239001189061,1
1790395200000,83939.01,83985.68,-0.00021086928152502793,1.0,0.0025,ranging,0.0952022474207973,0.7358138920104547,0.16898386056874803,0.16409036860879908,0.631985731272295,0.2039239001189061,1
1790396100000,83985.68,83894.43,0.00044186485324471114,1.0,0.0025,ranging,0.101926233856041,0.7127738246746423,0.18529994146931675,0.16409036860879908,0.631985731272295,0.2039239001189061,1
1790397000000,83894.44,83983.24,-0.00027660280789365554,1.0,0.0025,ranging,0.10211605302815698,0.7149303391560574,0.18295360781578554,0.16409036860879908,0.631985731272295,0.2039239001189061,1
1790397900000,83983.24,83976.0,-0.0006705487282080425,1.0,0.0025,ranging,0.09155256439599119,0.7417427264070324,0.16670470919697647,0.16409036860879908,0.631985731272295,0.2039239001189061,1
1790398800000,83976.01,83967.97,-0.0008906967740199834,1.0,0.0025,ranging,0.09897068446695657,0.7249340953239853,0.17609522020905807,0.16409036860879908,0.631985731272295,0.2039239001189061,1
1790399700000,83967.96,83931.5,5.3615150449992655e-05,1.0,0.0025,ranging,0.09334619784177149,0.7404266554466481,0.16622714671158045,0.16409036860879908,0.631985731272295,0.2039239001189061,1
1790400600000,83931.5,83960.01,-0.000559909414017401,1.0,0.0025,ranging,0.08900801051443741,0.7488152465476595,0.1621767429379032,0.16409036860879908,0.631985731272295,0.2039239001189061,1
1790401500000,83960.0,83919.69,-0.00033925292145386976,1.0,0.0025,ranging,0.0890441507239869,0.7318797944765467,0.1790760547994664,0.16409036860879908,0.631985731272295,0.2039239001189061,1
1790402400000,83919.69,83893.18,0.001396299436974724,1.0,0.0025,ranging,0.08441450497689149,0.7450220314636536,0.17056346355945487,0.16409036860879908,0.631985731272295,0.2039239001189061,1
1790403300000,83893.19,83936.0,0.0009296368661837473,1.0,0.0025,ranging,0.08738640958000482,0.7530531065235658,0.1595604838964295,0.16409036860879908,0.631985731272295,0.2039239001189061,1
1790404200000,83935.99,83913.0,0.0014897572485788046,1.0,0.0025,ranging,0.08536246511774145,0.755092086108847,0.15954544877341156,0.16409036860879908,0.631985731272295,0.2039239001189061,1
1790405100000,83913.0,83891.22,0.0026889583915932214,2.0,0.0025,ranging,0.08010150436300903,0.7517396626974634,0.16815883293952752,0.16409036860879908,0.631985731272295,0.2039239001189061,1
1790406000000,83891.23,84010.32,0.0008303741730777414,1.0,0.0025,ranging,0.08709689830807099,0.737441032635637,0.17546206905629194,0.16409036860879908,0.631985731272295,0.2039239001189061,1
1790406900000,84010.32,84014.03,0.001032446604454007,1.0,0.0025,ranging,0.08374316417261428,0.7396853688915718,0.17657146693581388,0.16409036860879908,0.631985731272295,0.2039239001189061,1
1790407800000,84014.04,84038.01,0.003035412190269815,2.0,0.0025,ranging,0.09015858319762209,0.6995232060260755,0.2103182107763024,0.16409036860879908,0.631985731272295,0.2039239001189061,1
1790408700000,84038.01,84116.8,0.00122698438361879,1.0,0.0025,ranging,0.09907412741080034,0.6899057588484313,0.21102011374076837,0.16409036860879908,0.631985731272295,0.2039239001189061,1
1790409600000,84116.79,84080.08,-0.0007277585844353007,1.0,0.0025,ranging,0.10608159561191038,0.6916106194535661,0.2023077849345236,0.16409036860879908,0.631985731272295,0.2039239001189061,1
1790410500000,84080.08,84100.77,-0.000827459724804025,1.0,0.0025,ranging,0.08754724527035904,0.7079629711402574,0.2044897835893835,0.16409036860879908,0.631985731272295,0.2039239001189061,1
1790411400000,84100.77,84293.1,-0.003251867590585711,0.0,0.0025,ranging,0.09391217556896576,0.7088672613040414,0.19722056312699277,0.16409036860879908,0.631985731272295,0.2039239001189061,1
1790412300000,84293.1,84220.01,-0.0023516976547497404,1.0,0.0025,ranging,0.09238722773343826,0.6987433879211966,0.20886938434536498,0.16409036860879908,0.631985731272295,0.2039239001189061,1
1790413200000,84220.01,84018.89,0.001123556857273389,1.0,0.0025,ranging,0.09779677794367167,0.6913621740073825,0.21084104804894577,0.16409036860879908,0.631985731272295,0.2039239001189061,1
1790414100000,84018.89,84031.18,0.0013372417238459722,1.0,0.0025,ranging,0.08724764086040765,0.7150393575940485,0.19771300154554391,0.16409036860879908,0.631985731272295,0.2039239001189061,1
1790415000000,84031.18,84018.99,0.0015354862037735284,1.0,0.0025,ranging,0.08746023578734502,0.742625154420378,0.1699146097922771,0.16409036860879908,0.631985731272295,0.2039239001189061,1
1790415900000,84019.0,84021.95,0.0018801039490277116,1.0,0.0025,ranging,0.08794691321027008,0.7490082900555132,0.1630447967342167,0.16409036860879908,0.631985731272295,0.2039239001189061,1
1790416800000,84021.96,84113.29,0.0006962038935822701,1.0,0.0025,ranging,0.090617785244969,0.721879292187807,0.187502922567224,0.16409036860879908,0.631985731272295,0.2039239001189061,1
1790417700000,84113.3,84143.55,0.00023531215405103723,1.0,0.0025,ranging,0.09017481413238183,0.7285802321910767,0.18124495367654161,0.16409036860879908,0.631985731272295,0.2039239001189061,1
1790418600000,84143.55,84148.0,0.0003333412558825799,1.0,0.0025,ranging,0.09015949975244972,0.729735590254224,0.18010490999332632,0.16409036860879908,0.631985731272295,0.2039239001189061,1
1790419500000,84148.01,84179.92,-4.6566924748803196e-05,1.0,0.0025,ranging,0.08903955765764315,0.7286825331641154,0.1822779091782414,0.16409036860879908,0.631985731272295,0.2039239001189061,1
1790420400000,84179.92,84171.85,-0.0002595879738892526,1.0,0.0025,ranging,0.09756162827558505,0.6962611376417542,0.20617723408266073,0.16409036860879908,0.631985731272295,0.2039239001189061,1
1790421300000,84171.85,84163.35,-0.000709216066138052,1.0,0.0025,low_liquidity,0.09448148358988329,0.6981582493623788,0.20736026704773786,0.16409036860879908,0.631985731272295,0.2039239001189061,1
1790422200000,84163.36,84176.05,-0.0014973380195436592,1.0,0.0025,ranging,0.09127439892479076,0.698486316323527,0.21023928475168238,0.16409036860879908,0.631985731272295,0.2039239001189061,1
1790423100000,84176.05,84176.0,-0.0014742919597034998,1.0,0.0025,ranging,0.09546056834016821,0.7163258224175758,0.18821360924225594,0.16409036860879908,0.631985731272295,0.2039239001189061,1
1790424000000,84176.0,84150.0,-0.0016873440285205543,1.0,0.0025,ranging,0.10528548217189153,0.7148120398023445,0.17990247802576392,0.16409036860879908,0.631985731272295,0.2039239001189061,1
1790424900000,84150.0,84103.66,-0.00204105267238075,1.0,0.0025,ranging,0.11595159070195134,0.7004021417292494,0.18364626756879923,0.16409036860879908,0.631985731272295,0.2039239001189061,1
1790425800000,84103.65,84050.01,-0.001400951647715476,1.0,0.0025,low_liquidity,0.11389088915641378,0.7146532064899856,0.1714559043536005,0.16409036860879908,0.631985731272295,0.2039239001189061,1
1790426700000,84050.0,84051.9,-0.0013420279612952335,1.0,0.0025,ranging,0.09377224651036348,0.7346073611031794,0.17162039238645707,0.16409036860879908,0.631985731272295,0.2039239001189061,1
1790427600000,84051.89,84008.01,-0.0005713740868281691,1.0,0.0025,ranging,0.0985622864133702,0.7125486638881506,0.18888904969847908,0.16409036860879908,0.631985731272295,0.2039239001189061,1
1790428500000,84008.0,83932.0,0.0005718915312395989,1.0,0.0025,ranging,0.10287283604611201,0.7011493050037922,0.19597785895009587,0.16409036860879908,0.631985731272295,0.2039239001189061,1
1790429400000,83932.0,83932.26,0.001065621252186011,1.0,0.0025,ranging,0.10754702612402937,0.6974867036593754,0.19496627021659535,0.16409036860879908,0.631985731272295,0.2039239001189061,1
1790430300000,83932.26,83939.1,0.0009637939887370273,1.0,0.0025,ranging,0.09844251864561099,0.7135344687693764,0.1880230125850125,0.16409036860879908,0.631985731272295,0.2039239001189061,1
1790431200000,83939.11,83960.01,0.0007147450315931891,1.0,0.0025,ranging,0.08633688317348459,0.7471602292952838,0.1665028875312315,0.16409036860879908,0.631985731272295,0.2039239001189061,1
1790432100000,83960.01,83980.0,0.0009346272922123866,1.0,0.0025,low_liquidity,0.07973421397098923,0.7771341793521145,0.1431316066768962,0.16409036860879908,0.631985731272295,0.2039239001189061,1
1790433000000,83980.01,84021.7,0.0013457237832608104,1.0,0.0025,ranging,0.07979820670294252,0.7634850781022496,0.15671671519480787,0.16409036860879908,0.631985731272295,0.2039239001189061,1
1790433900000,84021.69,84020.0,0.0016185432039990122,1.0,0.0025,ranging,0.07856216549063214,0.7644933169332951,0.1569445175760729,0.16409036860879908,0.631985731272295,0.2039239001189061,1
1790434800000,84020.01,84020.02,0.001377409812566066,1.0,0.0025,ranging,0.07990933449010203,0.7606808058806461,0.15940985962925175,0.16409036860879908,0.631985731272295,0.2039239001189061,1
1790435700000,84020.02,84058.49,0.0006391977776425417,1.0,0.0025,ranging,0.07948544290195582,0.7663735104876149,0.15414104661042935,0.16409036860879908,0.631985731272295,0.2039239001189061,1
1790436600000,84058.5,84134.77,0.00020859390237837339,1.0,0.0025,ranging,0.08128473200757831,0.7323203588299727,0.1863949091624489,0.16409036860879908,0.631985731272295,0.2039239001189061,1
1790437500000,84134.77,84155.99,-0.00042765820947510136,1.0,0.0025,ranging,0.08071322904604633,0.7334943234301528,0.1857924475238008,0.16409036860879908,0.631985731272295,0.2039239001189061,1
1790438400000,84156.0,84135.75,-0.0005677729146053023,1.0,0.0025,ranging,0.07957672649748208,0.7436922304281652,0.17673104307435256,0.16409036860879908,0.631985731272295,0.2039239001189061,1
1790439300000,84135.75,84112.22,-0.0004930318091711516,1.0,0.0025,ranging,0.08091223412493069,0.7526363393411105,0.16645142653395878,0.16409036860879908,0.631985731272295,0.2039239001189061,1
1790440200000,84112.22,84152.32,-0.0006012906120711481,1.0,0.0025,low_liquidity,0.08513932166835303,0.7506347502103474,0.16422592812129944,0.16409036860879908,0.631985731272295,0.2039239001189061,1
1790441100000,84152.32,84120.0,0.00014740846409888597,1.0,0.0025,ranging,0.08690987035028719,0.7432997314224923,0.16979039822722047,0.16409036860879908,0.631985731272295,0.2039239001189061,1
1790442000000,84120.0,84087.98,0.00015019982641995,1.0,0.0025,ranging,0.08618604426064393,0.7484901299657782,0.16532382577357782,0.16409036860879908,0.631985731272295,0.2039239001189061,1
1790442900000,84087.97,84070.75,-1.7604220254874292e-05,1.0,0.0025,ranging,0.08579337670404147,0.7444331626591709,0.1697734606367875,0.16409036860879908,0.631985731272295,0.2039239001189061,1
1790443800000,84070.74,84101.72,-0.00113743214764217,1.0,0.0025,ranging,0.08464944315459733,0.7433501655842166,0.17200039126118605,0.16409036860879908,0.631985731272295,0.2039239001189061,1
1790444700000,84101.73,84132.4,-0.0015893995654469029,1.0,0.0025,ranging,0.08937131161264421,0.7396869031947776,0.17094178519257805,0.16409036860879908,0.631985731272295,0.2039239001189061,1
1790445600000,84132.4,84100.61,-0.0009234177968507895,1.0,0.0025,ranging,0.08725356242848649,0.7402802696213608,0.17246616795015254,0.16409036860879908,0.631985731272295,0.2039239001189061,1
1790446500000,84100.61,84069.27,-0.00035970337318269596,1.0,0.0025,ranging,0.08459876868823993,0.7454930131834151,0.16990821812834492,0.16409036860879908,0.631985731272295,0.2039239001189061,1
1790447400000,84069.26,84006.06,0.00012760984148041388,1.0,0.0025,ranging,0.08852203375615952,0.7426643890907483,0.16881357715309225,0.16409036860879908,0.631985731272295,0.2039239001189061,1
1790448300000,84006.06,83998.68,0.000213693834236528,1.0,0.0025,ranging,0.08290450344083916,0.7447983639836765,0.1722971325754843,0.16409036860879908,0.631985731272295,0.2039239001189061,1
1790449200000,83998.68,84022.95,-5.879346059622925e-05,1.0,0.0025,ranging,0.08306482427198446,0.7447315716265646,0.172203604101451,0.16409036860879908,0.631985731272295,0.2039239001189061,1
1790450100000,84022.94,84039.03,0.0005213053982178195,1.0,0.0025,ranging,0.08362199974309785,0.7523374366940584,0.16404056356284383,0.16409036860879908,0.631985731272295,0.2039239001189061,1
1790451000000,84039.03,84016.78,-0.001508865252869751,1.0,0.0025,ranging,0.0857577702201661,0.7530093301256215,0.16123289965421256,0.16409036860879908,0.631985731272295,0.2039239001189061,1
1790451900000,84016.79,84016.63,0.00016318197956755043,1.0,0.0025,ranging,0.08402115520925617,0.7660861044580837,0.1498927403326602,0.16409036860879908,0.631985731272295,0.2039239001189061,1
1790452800000,84016.63,84018.01,0.001190816111926507,1.0,0.0025,low_liquidity,0.08419380541513766,0.7732232408324193,0.1425829537524431,0.16409036860879908,0.631985731272295,0.2039239001189061,1
1790453700000,84018.0,84082.84,0.0016427846633153553,1.0,0.0025,low_liquidity,0.09225290671901508,0.7630783786678835,0.14466871461310135,0.16409036860879908,0.631985731272295,0.2039239001189061,1
1790454600000,84082.83,83890.01,0.0032659431081247803,2.0,0.0025,ranging,0.13073663610210418,0.6684322657001982,0.20083109819769765,0.16409036860879908,0.631985731272295,0.2039239001189061,1
1790455500000,83890.01,84030.34,0.0015281385271082026,1.0,0.0025,ranging,0.11158634837374823,0.6933764898245588,0.195037161801693,0.16409036860879908,0.631985731272295,0.2039239001189061,1
1790456400000,84030.35,84118.06,0.002700965761692542,2.0,0.0025,low_liquidity,0.09799322101963111,0.7282709520669504,0.1737358269134185,0.16409036860879908,0.631985731272295,0.2039239001189061,1
1790457300000,84118.05,84220.97,0.001698270632598975,1.0,0.0025,ranging,0.09945308484494003,0.7133257346443526,0.18722118051070735,0.16409036860879908,0.631985731272295,0.2039239001189061,1
1790458200000,84220.98,84163.99,0.001320279611268349,1.0,0.0025,ranging,0.09772561140011332,0.6930536961648895,0.20922069243499725,0.16409036860879908,0.631985731272295,0.2039239001189061,1
1790459100000,84164.0,84158.75,0.0013933191735855388,1.0,0.0025,ranging,0.09437412244302205,0.6992159948364621,0.20640988272051583,0.16409036860879908,0.631985731272295,0.2039239001189061,1
1790460000000,84158.74,84345.26,0.00013812275876579072,1.0,0.0025,ranging,0.10069737100128874,0.7028888935200233,0.196413735478688,0.16409036860879908,0.631985731272295,0.2039239001189061,1
1790460900000,84345.26,84364.0,0.00024572092361663245,1.0,0.0025,ranging,0.10009973919592004,0.7080613310846752,0.19183892971940467,0.16409036860879908,0.631985731272295,0.2039239001189061,1
1790461800000,84363.99,84275.11,0.0008861453874102754,1.0,0.0025,ranging,0.10266673170631721,0.7108664129795971,0.18646685531408586,0.16409036860879908,0.631985731272295,0.2039239001189061,1
1790462700000,84275.11,84276.01,0.0018639942731035752,1.0,0.0025,ranging,0.10310893218610724,0.7004194393815436,0.19647162843234914,0.16409036860879908,0.631985731272295,0.2039239001189061,1
1790463600000,84276.01,84356.91,-0.00033832438860081915,1.0,0.0025,ranging,0.10487652067583214,0.7162216070562385,0.17890187226792942,0.16409036860879908,0.631985731272295,0.2039239001189061,1
1790464500000,84356.92,84384.73,-0.0014068896114262097,1.0,0.0025,ranging,0.10370467089247232,0.6971816311230583,0.1991136979844695,0.16409036860879908,0.631985731272295,0.2039239001189061,1
1790465400000,84384.73,84349.79,8.417329788290573e-06,1.0,0.0025,ranging,0.10908218334304881,0.686653735931421,0.20426408072553012,0.16409036860879908,0.631985731272295,0.2039239001189061,1
1790466300000,84349.78,84433.1,-0.0015052153716967887,1.0,0.0025,trending,0.10427366116964586,0.7091394071196581,0.18658693171069607,0.16409036860879908,0.631985731272295,0.2039239001189061,1
1790467200000,84433.11,84328.37,0.000754431752920226,1.0,0.0025,trending,0.10294287303635863,0.7122238110175421,0.18483331594609936,0.16409036860879908,0.631985731272295,0.2039239001189061,1
1790468100000,84328.37,84266.01,0.0007949824608997069,1.0,0.0025,trending,0.10097949156299109,0.7245784564076303,0.17444205202937862,0.16409036860879908,0.631985731272295,0.2039239001189061,1
1790469000000,84266.0,84350.5,0.0005985738080984682,1.0,0.0025,trending,0.10063628714323136,0.7178419549869293,0.18152175786983946,0.16409036860879908,0.631985731272295,0.2039239001189061,1
1790469900000,84350.5,84306.01,0.0022418330555555865,1.0,0.0025,low_liquidity,0.09881976757803836,0.7313221895559018,0.16985804286605982,0.16409036860879908,0.631985731272295,0.2039239001189061,1
1790470800000,84306.01,84391.99,0.001256280364996698,1.0,0.0025,low_liquidity,0.10580889992009224,0.7142739541252978,0.17991714595460995,0.16409036860879908,0.631985731272295,0.2039239001189061,1
1790471700000,84391.98,84333.0,0.0021700876288048843,1.0,0.0025,trending,0.10313700452070985,0.7061573762213276,0.1907056192579625,0.16409036860879908,0.631985731272295,0.2039239001189061,1
1790472600000,84332.99,84400.99,0.0009342307477671064,1.0,0.0025,trending,0.10150418784776616,0.7225442166018625,0.17595159555037126,0.16409036860879908,0.631985731272295,0.2039239001189061,1
1790473500000,84401.0,84495.01,-0.0005326941792183071,1.0,0.0025,trending,0.10383265279070997,0.7029020707339653,0.19326527647532474,0.16409036860879908,0.631985731272295,0.2039239001189061,1
1790474400000,84495.01,84498.01,-0.00010887830376116181,1.0,0.0025,trending,0.103681722073132,0.7037244402740311,0.1925938376528368,0.16409036860879908,0.631985731272295,0.2039239001189061,1
1790475300000,84498.01,84516.01,-0.0015194754224672202,1.0,0.0025,trending,0.10059168862098128,0.708140875390926,0.19126743598809265,0.16409036860879908,0.631985731272295,0.2039239001189061,1
1790476200000,84516.01,84479.84,-0.0009011617446244014,1.0,0.0025,trending,0.09806023306549635,0.7134123173190436,0.18852744961546003,0.16409036860879908,0.631985731272295,0.2039239001189061,1
1790477100000,84479.84,84450.0,-0.000566607460035562,1.0,0.0025,trending,0.10104107016153144,0.709756728710242,0.1892022011282267,0.16409036860879908,0.631985731272295,0.2039239001189061,1
1790478000000,84450.01,84488.81,1.4084705418415666e-05,1.0,0.0025,trending,0.10737427063253406,0.6923376536034987,0.2002880757639671,0.16409036860879908,0.631985731272295,0.2039239001189061,1
1790478900000,84488.82,84387.59,0.0004551617127590557,1.0,0.0025,trending,0.1091666131994281,0.6986912299560827,0.19214215684448926,0.16409036860879908,0.631985731272295,0.2039239001189061,1
1790479800000,84387.6,84403.71,-0.0010465179788897716,1.0,0.0025,trending,0.10195543257945604,0.7152597884943396,0.18278477892620434,0.16409036860879908,0.631985731272295,0.2039239001189061,1
1790480700000,84403.7,84402.15,-0.0008595752596348705,1.0,0.0025,trending,0.09653587373363684,0.8127602154280166,0.09070391083834654,0.16648936170212766,0.6337765957446808,0.1997340425531915,2
1790481600000,84402.15,84490.0,-0.00116534501124399,1.0,0.0025,trending,0.10526124211382866,0.7899129381115813,0.10482581977459,0.16648936170212766,0.6337765957446808,0.1997340425531915,2
1790482500000,84490.01,84426.0,-0.0003214649515551615,1.0,0.0025,trending,0.09579314613347689,0.8112250988464405,0.09298175502008256,0.16648936170212766,0.6337765957446808,0.1997340425531915,2
1790483400000,84426.0,84315.38,0.002758927256213406,2.0,0.0025,trending,0.08658345157288588,0.8021419140498837,0.1112746343772303,0.16648936170212766,0.6337765957446808,0.1997340425531915,2
1790484300000,84315.39,84329.6,0.0017604731909079963,1.0,0.0025,trending,0.07372962205927866,0.8306640346310545,0.09560634330966684,0.16648936170212766,0.6337765957446808,0.1997340425531915,2
1790485200000,84329.61,84391.54,0.00254053901611484,2.0,0.0025,trending,0.07554759697718473,0.8335464417851567,0.09090596123765853,0.16648936170212766,0.6337765957446808,0.1997340425531915,2
1790486100000,84391.55,84398.86,0.0023738472296901403,1.0,0.0025,low_liquidity,0.06582639545140674,0.8642978425797415,0.06987576196885179,0.16648936170212766,0.6337765957446808,0.1997340425531915,2
1790487000000,84398.86,84548.0,-0.00023016511330853362,1.0,0.0025,trending,0.09946503554599828,0.7692775962649087,0.13125736818909303,0.16648936170212766,0.6337765957446808,0.1997340425531915,2
1790487900000,84548.01,84478.06,0.00039809152814362925,1.0,0.0025,trending,0.08010943093817215,0.8043225710954386,0.11556799796638942,0.16648936170212766,0.6337765957446808,0.1997340425531915,2
1790488800000,84478.06,84605.94,-0.0007702768859964015,1.0,0.0025,trending,0.10123823918182391,0.7891872777711234,0.10957448304705249,0.16648936170212766,0.6337765957446808,0.1997340425531915,2
1790489700000,84605.95,84599.21,-0.0007637187155766778,1.0,0.0025,trending,0.10014153995626801,0.779596607350606,0.12026185269312596,0.16648936170212766,0.6337765957446808,0.1997340425531915,2
1790490600000,84599.21,84528.54,0.0011531016624681811,1.0,0.0025,trending,0.10259431937034898,0.7821974325513212,0.11520824807832986,0.16648936170212766,0.6337765957446808,0.1997340425531915,2
1790491500000,84528.54,84511.69,0.0033049865645806698,2.0,0.0025,trending,0.10394527713304198,0.7787631878956763,0.11729153497128185,0.16648936170212766,0.6337765957446808,0.1997340425531915,2
1790492400000,84511.69,84540.77,0.003260202148620106,2.0,0.0025,trending,0.09361248561869656,0.8053466675367661,0.10104084684453736,0.16648936170212766,0.6337765957446808,0.1997340425531915,2
1790493300000,84540.78,84534.6,0.0032579559139096492,2.0,0.0025,trending,0.09656158704195877,0.8026865251113241,0.10075188784671722,0.16648936170212766,0.6337765957446808,0.1997340425531915,2
1790494200000,84534.6,84626.01,0.00145333568249284,1.0,0.0025,trending,0.1030653176716391,0.778931814877673,0.1180028674506879,0.16648936170212766,0.6337765957446808,0.1997340425531915,2
1790495100000,84626.0,84791.0,0.00010614334068481668,1.0,0.0025,trending,0.10818844014280751,0.7564573201574617,0.13535423969973084,0.16648936170212766,0.6337765957446808,0.1997340425531915,2
1790496000000,84790.99,84816.39,-0.0018674456670462192,1.0,0.0025,trending,0.09839927649171812,0.7599316445251345,0.14166907898314743,0.16648936170212766,0.6337765957446808,0.1997340425531915,2
1790496900000,84816.38,84810.01,-0.001290177892916189,1.0,0.0025,trending,0.09638576475113114,0.7594757300727343,0.14413850517613463,0.16648936170212766,0.6337765957446808,0.1997340425531915,2
1790497800000,84810.01,84749.0,0.0006518071009689042,1.0,0.0025,trending,0.10691074309864682,0.7277080693544619,0.16538118754689124,0.16648936170212766,0.6337765957446808,0.1997340425531915,2
1790498700000,84749.01,84800.0,0.0016982311320754562,1.0,0.0025,trending,0.10368146550184416,0.7508877038515002,0.14543083064665568,0.16648936170212766,0.6337765957446808,0.1997340425531915,2
1790499600000,84800.0,84658.0,0.00442261806326627,2.0,0.0025,trending,0.12029030749542106,0.715434963753339,0.16427472875123977,0.16648936170212766,0.6337765957446808,0.1997340425531915,2
1790500500000,84658.0,84700.59,0.0027084817236811,2.0,0.0025,trending,0.125490689863157,0.7451370026967649,0.12937230744007822,0.16648936170212766,0.6337765957446808,0.1997340425531915,2
1790501400000,84700.59,84804.24,0.0006340484862548124,1.0,0.0025,trending,0.11987928944802878,0.7424824633729984,0.1376382471789727,0.16648936170212766,0.6337765957446808,0.1997340425531915,2
1790502300000,84804.24,84944.01,-0.0007182378133548939,1.0,0.0025,trending,0.11748516633353462,0.7366959507123899,0.14581888295407533,0.16648936170212766,0.6337765957446808,0.1997340425531915,2
1790503200000,84944.01,85032.41,-0.0014393335435276544,1.0,0.0025,trending,0.12852543786532936,0.7317464898869724,0.13972807224769818,0.16648936170212766,0.6337765957446808,0.1997340425531915,2
1790504100000,85032.4,84930.0,-0.00028788413987990147,1.0,0.0025,trending,0.115624340598684,0.692363902639232,0.19201175676208396,0.16648936170212766,0.6337765957446808,0.1997340425531915,2
1790505000000,84930.01,84858.01,0.000640245982671539,1.0,0.0025,trending,0.10325822427739,0.7404933959065358,0.1562483798160741,0.16648936170212766,0.6337765957446808,0.1997340425531915,2
1790505900000,84858.0,84883.0,0.0001767138296242532,1.0,0.0025,trending,0.11234954204912297,0.749694323468692,0.13795613448218508,0.16648936170212766,0.6337765957446808,0.1997340425531915,2
1790506800000,84882.99,84910.02,0.0010930394316241987,1.0,0.0025,trending,0.10965619727030475,0.7523945074851631,0.13794929524453206,0.16648936170212766,0.6337765957446808,0.1997340425531915,2
1790507700000,84910.01,84905.55,0.0007603743218198566,1.0,0.0025,trending,0.10780907386625345,0.7490953417624356,0.14309558437131084,0.16648936170212766,0.6337765957446808,0.1997340425531915,2
1790508600000,84905.55,84912.34,0.0009852513780683747,1.0,0.0025,trending,0.10955262640484718,0.7717246725857034,0.11872270100944937,0.16648936170212766,0.6337765957446808,0.1997340425531915,2
1790509500000,84912.33,84898.0,-0.0011306508987255492,1.0,0.0025,trending,0.10510405750406776,0.7748257689696658,0.12007017352626652,0.16648936170212766,0.6337765957446808,0.1997340425531915,2
1790510400000,84898.0,85002.83,-0.004150920622289833,0.0,0.0025,trending,0.10516707547981778,0.7761048431922312,0.11872808132795105,0.16648936170212766,0.6337765957446808,0.1997340425531915,2
1790511300000,85002.83,84970.11,-0.00029539799348277107,1.0,0.0025,trending,0.10491819672542892,0.759568531157389,0.13551327211718203,0.16648936170212766,0.6337765957446808,0.1997340425531915,2
1790512200000,84970.12,84996.0,-0.002318579697868195,1.0,0.0025,trending,0.10351158233275713,0.7795106792392685,0.11697773842797435,0.16648936170212766,0.6337765957446808,0.1997340425531915,2
1790513100000,84996.01,84802.01,0.002693332386815017,2.0,0.0025,trending,0.11152166005827269,0.7283830843225012,0.16009525561922613,0.16648936170212766,0.6337765957446808,0.1997340425531915,2
1790514000000,84802.01,84649.99,0.004096279278946069,2.0,0.0025,trending,0.12022370450231147,0.7208861072346093,0.1588901882630792,0.16648936170212766,0.6337765957446808,0.1997340425531915,2
1790514900000,84649.99,84945.01,-0.002790158009281507,0.0,0.0025,trending,0.14387288792792466,0.6799701416991178,0.1761569703729575,0.16648936170212766,0.6337765957446808,0.1997340425531915,2
1790515800000,84945.0,84798.93,-0.0007655756977121841,1.0,0.0025,trending,0.13512386169921045,0.6890970977708154,0.17577904052997412,0.16648936170212766,0.6337765957446808,0.1997340425531915,2
1790516700000,84798.94,85030.41,-0.005790751802796201,0.0,0.0025,trending,0.16964262778790615,0.6638113567299782,0.16654601548211556,0.16648936170212766,0.6337765957446808,0.1997340425531915,2
1790517600000,85030.41,84996.74,-0.0056757470933590515,0.0,0.0025,trending,0.1343587803391142,0.7040960136642724,0.16154520599661332,0.16648936170212766,0.6337765957446808,0.1997340425531915,2
1790518500000,84996.74,84708.0,-0.000991641875619731,1.0,0.0025,trending,0.14552125189201656,0.6615998928304861,0.19287885527749737,0.16648936170212766,0.6337765957446808,0.1997340425531915,2
1790519400000,84708.01,84734.01,-0.0035142913689556465,0.0,0.0025,trending,0.13153425258358944,0.6691073614812875,0.19935838593512314,0.16648936170212766,0.6337765957446808,0.1997340425531915,2
1790520300000,84734.0,84538.02,-0.0008830346393257082,1.0,0.0025,trending,0.141384731932164,0.6172328714539935,0.24138239661384253,0.16648936170212766,0.6337765957446808,0.1997340425531915,2
1790521200000,84538.01,84514.32,0.0005877110529908247,1.0,0.0025,trending,0.19340007044186927,0.6043690599181164,0.20223086964001438,0.16648936170212766,0.6337765957446808,0.1997340425531915,2
1790522100000,84514.32,84624.0,-0.0005434628474192404,1.0,0.0025,trending,0.22886266554378787,0.590949122148822,0.1801882123073901,0.16648936170212766,0.6337765957446808,0.1997340425531915,2
1790523000000,84624.0,84436.23,-0.000523708839203274,1.0,0.0025,trending,0.2054904765926372,0.603230694951362,0.1912788284560008,0.16648936170212766,0.6337765957446808,0.1997340425531915,2
1790523900000,84436.23,84463.37,-0.00044244031465945355,1.0,0.0025,trending,0.17477152015213326,0.7030547322051652,0.12217374764270145,0.16648936170212766,0.6337765957446808,0.1997340425531915,2
1790524800000,84463.38,84563.99,-0.0020574951584002577,1.0,0.0025,trending,0.1457153356690666,0.7227325245720531,0.13155213975888022,0.16648936170212766,0.6337765957446808,0.1997340425531915,2
1790525700000,84563.99,84578.01,-0.001584454398962487,1.0,0.0025,ranging,0.18240404941124305,0.6451265685996825,0.1724693819890743,0.16648936170212766,0.6337765957446808,0.1997340425531915,2
1790526600000,84578.0,84392.01,0.0010045974731494045,1.0,0.0025,ranging,0.15144642887866888,0.6731653940970495,0.17538817702428175,0.16648936170212766,0.6337765957446808,0.1997340425531915,2
1790527500000,84392.01,84426.0,0.0017530144742141651,1.0,0.0025,ranging,0.1503177348262224,0.7329731419710663,0.1167091232027112,0.16648936170212766,0.6337765957446808,0.1997340425531915,2
1790528400000,84426.0,84390.0,0.002541059367223708,2.0,0.0025,ranging,0.14291632149267763,0.6804411625452959,0.17664251596202657,0.16648936170212766,0.6337765957446808,0.1997340425531915,2
1790529300000,84390.0,84444.0,0.003505400028421146,2.0,0.0025,ranging,0.1302834690731755,0.7564543238934367,0.11326220703338774,0.16648936170212766,0.6337765957446808,0.1997340425531915,2
1790530200000,84444.0,84476.79,0.0033289617183607234,2.0,0.0025,ranging,0.13098335574151898,0.7416987613277818,0.12731788293069926,0.16648936170212766,0.6337765957446808,0.1997340425531915,2
1790531100000,84476.78,84574.0,0.0028953342634852053,2.0,0.0025,low_liquidity,0.1368814829159504,0.7698107848315556,0.09330773225249399,0.16648936170212766,0.6337765957446808,0.1997340425531915,2
1790532000000,84574.0,84604.44,0.002263710982544298,1.0,0.0025,ranging,0.11513082966987301,0.7948077073480188,0.09006146298210826,0.16648936170212766,0.6337765957446808,0.1997340425531915,2
1790532900000,84604.45,84740.01,-0.0004484304403551409,1.0,0.0025,ranging,0.11478186519225869,0.7540685149734085,0.13114961983433282,0.16648936170212766,0.6337765957446808,0.1997340425531915,2
1790533800000,84740.01,84758.01,0.00015797916916637789,1.0,0.0025,ranging,0.13951800330295144,0.6809028591261835,0.17957913757086497,0.16648936170212766,0.6337765957446808,0.1997340425531915,2
1790534700000,84758.0,84818.87,-0.0009769052570495207,1.0,0.0025,ranging,0.11663199906288776,0.7571637583317002,0.12620424260541208,0.16648936170212766,0.6337765957446808,0.1997340425531915,2
1790535600000,84818.87,84795.96,0.00020083503978263195,1.0,0.0025,ranging,0.08773178255649464,0.7877550944591137,0.1245131229843916,0.16648936170212766,0.6337765957446808,0.1997340425531915,2
1790536500000,84795.95,84702.01,-0.0009475572067297877,1.0,0.0025,ranging,0.09757733985704149,0.7466700403638327,0.15575261977912577,0.16648936170212766,0.6337765957446808,0.1997340425531915,2
1790537400000,84702.0,84771.4,-0.0015502870071745223,1.0,0.0025,ranging,0.0972041070126599,0.7303368602330169,0.17245903275432312,0.16648936170212766,0.6337765957446808,0.1997340425531915,2
1790538300000,84771.41,84736.01,-0.002171567908378025,1.0,0.0025,ranging,0.07045555947088067,0.7770079946910313,0.15253644583808798,0.16648936170212766,0.6337765957446808,0.1997340425531915,2
1790539200000,84736.02,84812.99,-0.0015443389037458344,1.0,0.0025,low_liquidity,0.07999457741365971,0.8201921867164802,0.09981323586986007,0.16648936170212766,0.6337765957446808,0.1997340425531915,2
1790540100000,84813.0,84621.75,-0.00016827824997711627,1.0,0.0025,ranging,0.09442201020455245,0.7131787637777343,0.19239922601771345,0.16648936170212766,0.6337765957446808,0.1997340425531915,2
1790541000000,84621.74,84639.98,-0.0010782138653623319,1.0,0.0025,ranging,0.07718243493918642,0.8109208066883411,0.11189675837247262,0.16648936170212766,0.6337765957446808,0.1997340425531915,2
1790541900000,84639.98,84552.0,0.0016093055161321423,1.0,0.0025,ranging,0.08231345048524026,0.7475190617238079,0.17016748779095195,0.16648936170212766,0.6337765957446808,0.1997340425531915,2
1790542800000,84552.01,84682.01,-0.004164875160615478,0.0,0.0025,ranging,0.08548351568106437,0.7266164116109732,0.18790007270796247,0.16648936170212766,0.6337765957446808,0.1997340425531915,2
1790543700000,84682.01,84607.51,-0.0006129479522563042,1.0,0.0025,ranging,0.08051045701330435,0.7527471863935588,0.16674235659313683,0.16648936170212766,0.6337765957446808,0.1997340425531915,2
1790544600000,84607.52,84548.72,-0.004309467961194469,0.0,0.0025,ranging,0.09601340588181075,0.694018337454579,0.2099682566636103,0.16648936170212766,0.6337765957446808,0.1997340425531915,2
1790545500000,84548.72,84688.07,-0.005819001424876014,0.0,0.0025,ranging,0.08673788808460525,0.7077778345437419,0.20548427737165292,0.16648936170212766,0.6337765957446808,0.1997340425531915,2
1790546400000,84688.07,84329.32,-0.0012489131893866912,1.0,0.0025,ranging,0.14320187965156347,0.6207738104725667,0.23602430987586975,0.16648936170212766,0.6337765957446808,0.1997340425531915,2
1790547300000,84329.32,84555.65,-0.0017461872742979834,1.0,0.0025,high_volatility,0.16533014269861326,0.624238654133989,0.2104312031673977,0.16648936170212766,0.6337765957446808,0.1997340425531915,2
1790548200000,84555.65,84184.36,0.0018562830435486788,1.0,0.0025,high_volatility,0.14019998234785383,0.5862757146148475,0.27352430303729874,0.16648936170212766,0.6337765957446808,0.1997340425531915,2
1790549100000,84184.35,84195.27,0.003286764208963344,2.0,0.0025,high_volatility,0.1735043505743016,0.6335852798053383,0.19291036962035993,0.16648936170212766,0.6337765957446808,0.1997340425531915,2
1790550000000,84195.27,84224.0,0.0024459773936169604,1.0,0.0025,high_volatility,0.17513656377710574,0.6310377736495724,0.1938256625733219,0.16648936170212766,0.6337765957446808,0.1997340425531915,2
1790550900000,84224.0,84408.0,0.00455490000947778,2.0,0.0025,high_volatility,0.2147113086856997,0.6088585242909497,0.1764301670233506,0.16648936170212766,0.6337765957446808,0.1997340425531915,2
1790551800000,84408.0,84340.63,-0.0004816184085891795,1.0,0.0025,high_volatility,0.19804805981580867,0.6256495748098017,0.1763023653743897,0.16648936170212766,0.6337765957446808,0.1997340425531915,2
1790552700000,84340.63,84472.0,-0.003930296429586089,0.0,0.0025,high_volatility,0.18078533745828818,0.6318318120270786,0.18738285051463324,0.16648936170212766,0.6337765957446808,0.1997340425531915,2
1790553600000,84472.01,84430.01,-0.00557124178950108,0.0,0.0025,high_volatility,0.18738127467288437,0.626772903642469,0.18584582168464667,0.16648936170212766,0.6337765957446808,0.1997340425531915,2
1790554500000,84430.01,84792.47,-0.00842610198759397,0.0,0.0025,high_volatility,0.20410464554003785,0.5005311942573913,0.2953641602025707,0.16648936170212766,0.6337765957446808,0.1997340425531915,2
1790555400000,84792.48,84300.01,-0.0057482792706667896,0.0,0.0025,high_volatility,0.18775859075110363,0.42946016974477297,0.38278123950412346,0.16648936170212766,0.6337765957446808,0.1997340425531915,2
1790556300000,84300.01,84140.0,-0.005295578797242739,0.0,0.0025,high_volatility,0.17601945880900424,0.5142856756180514,0.30969486557294446,0.16648936170212766,0.6337765957446808,0.1997340425531915,2
1790557200000,84140.0,83959.63,-0.0025513452119787505,0.0,0.0025,high_volatility,0.14894188647804896,0.4574852075832161,0.39357290593873495,0.16648936170212766,0.6337765957446808,0.1997340425531915,2
1790558100000,83959.63,84078.0,-0.005360855396179698,0.0,0.0025,high_volatility,0.15699346714067933,0.5346730111378917,0.30833352172142886,0.16648936170212766,0.6337765957446808,0.1997340425531915,2
1790559000000,84078.0,83815.43,-0.003845711941106611,0.0,0.0025,high_volatility,0.14754111904059444,0.5346531125354347,0.3178057684239709,0.16648936170212766,0.6337765957446808,0.1997340425531915,2
1790559900000,83815.43,83694.43,-0.0032999806558212663,0.0,0.0025,high_volatility,0.15476295830880135,0.4799576475990427,0.36527939409215593,0.16648936170212766,0.6337765957446808,0.1997340425531915,2
1790560800000,83694.42,83745.42,-0.003670767905874728,0.0,0.0025,high_volatility,0.15259478321745795,0.4656184665715925,0.38178675021094954,0.16648936170212766,0.6337765957446808,0.1997340425531915,2
1790561700000,83745.42,83627.27,-0.0035545821357078067,0.0,0.0025,high_volatility,0.13106580199858775,0.5715626546386637,0.2973715433627484,0.16648936170212766,0.6337765957446808,0.1997340425531915,2
1790562600000,83627.27,83493.1,-0.0005758559689363896,1.0,0.0025,high_volatility,0.11946096806659114,0.5536086445765903,0.3269303873568185,0.16648936170212766,0.6337765957446808,0.1997340425531915,2
1790563500000,83493.09,83418.24,-0.0009547072678589563,1.0,0.0025,high_volatility,0.11982978868567387,0.5735716626555197,0.3065985486588063,0.16648936170212766,0.6337765957446808,0.1997340425531915,2
1790564400000,83418.91,83438.01,-8.96473921178087e-05,1.0,0.0025,high_volatility,0.11701120014218062,0.584226737757465,0.2987620621003545,0.16648936170212766,0.6337765957446808,0.1997340425531915,2
1790565300000,83438.0,83330.01,0.0018547939691835325,1.0,0.0025,high_volatility,0.12386226247200585,0.5600407612841749,0.31609697624381927,0.16648936170212766,0.6337765957446808,0.1997340425531915,2
1790566200000,83330.0,83445.02,0.0006589967861472257,1.0,0.0025,high_volatility,0.12945206558999928,0.5730086642227253,0.29753927018727544,0.16648936170212766,0.6337765957446808,0.1997340425531915,2
1790567100000,83445.03,83338.6,0.001819205026242443,1.0,0.0025,high_volatility,0.12069484255548532,0.6174997385740209,0.26180541887049386,0.16648936170212766,0.6337765957446808,0.1997340425531915,2
1790568000000,83338.6,83430.53,-0.0011404698016420634,1.0,0.0025,high_volatility,0.13388747587551775,0.6710416563096054,0.1950708678148768,0.16648936170212766,0.6337765957446808,0.1997340425531915,2
1790568900000,83430.52,83484.57,-0.005002002166388464,0.0,0.0025,high_volatility,0.12217949488023125,0.7022783002755294,0.1755422048442392,0.16648936170212766,0.6337765957446808,0.1997340425531915,2
1790569800000,83484.58,83500.01,-0.004303592298970926,0.0,0.0025,high_volatility,0.12433266839092143,0.69915267082512,0.1765146607839585,0.16648936170212766,0.6337765957446808,0.1997340425531915,2
1790570700000,83500.0,83490.21,-0.003667495865683046,0.0,0.0025,high_volatility,0.12036251828186377,0.7496088646167104,0.13002861710142583,0.16648936170212766,0.6337765957446808,0.1997340425531915,2
1790571600000,83490.2,83335.38,-0.0010563340564355705,1.0,0.0025,high_volatility,0.11379228911357785,0.6207857163048347,0.26542199458158744,0.16648936170212766,0.6337765957446808,0.1997340425531915,2
1790572500000,83335.38,83066.98,-5.995161976513064e-05,1.0,0.0025,high_volatility,0.11798633233491294,0.5519110026544534,0.33010266501063357,0.16648936170212766,0.6337765957446808,0.1997340425531915,2
1790573400000,83066.98,83140.66,0.0005567672905169019,1.0,0.0025,high_volatility,0.14649445803452468,0.48546961813164874,0.36803592383382655,0.16648936170212766,0.6337765957446808,0.1997340425531915,2
1790574300000,83140.67,83184.01,-0.0002311742364908831,1.0,0.0025,high_volatility,0.12841001968746765,0.6545305902596986,0.21705939005283378,0.16648936170212766,0.6337765957446808,0.1997340425531915,2
1790575200000,83184.0,83247.35,-0.001938199834589427,1.0,0.0025,high_volatility,0.13215385062185975,0.6980616018056088,0.16978454757253147,0.16648936170212766,0.6337765957446808,0.1997340425531915,2
1790576100000,83247.34,83062.0,-0.0014445835640847227,1.0,0.0025,high_volatility,0.11202873060641096,0.6243675052761434,0.2636037641174457,0.16648936170212766,0.6337765957446808,0.1997340425531915,2
1790577000000,83062.0,83186.95,-0.0029119952107871105,0.0,0.0025,trending,0.1334254623074657,0.6479859014307372,0.21858863626179714,0.16648936170212766,0.6337765957446808,0.1997340425531915,2
1790577900000,83186.94,83164.78,-0.0023900742598008673,1.0,0.0025,trending,0.14965516778014767,0.5701233367570021,0.2802214954628502,0.16648936170212766,0.6337765957446808,0.1997340425531915,2
1790578800000,83164.78,83086.0,-0.0005529210697350351,1.0,0.0025,trending,0.16738015556686311,0.5424143514872978,0.29020549294583914,0.16648936170212766,0.6337765957446808,0.1997340425531915,2
1790579700000,83086.01,82942.01,-0.0011815484095454298,1.0,0.0025,trending,0.14695286658780798,0.530051938363277,0.3229951950489149,0.16648936170212766,0.6337765957446808,0.1997340425531915,2
1790580600000,82942.01,82944.71,-0.0002737968461159479,1.0,0.0025,trending,0.14565262219857766,0.6367577839347525,0.21758959386666973,0.16648936170212766,0.6337765957446808,0.1997340425531915,2
1790581500000,82944.71,82966.01,-4.8333046267945434e-05,1.0,0.0025,trending,0.15336646428454323,0.6337959334554577,0.21283760225999912,0.16648936170212766,0.6337765957446808,0.1997340425531915,2
1790582400000,82966.0,83040.06,-0.0019382211429037621,1.0,0.0025,trending,0.16062658551710005,0.6794817529325665,0.15989166155033344,0.16648936170212766,0.6337765957446808,0.1997340425531915,2
1790583300000,83040.06,82844.01,-0.0003138428475396582,1.0,0.0025,trending,0.14727602237328286,0.6299816209951636,0.2227423566315535,0.16648936170212766,0.6337765957446808,0.1997340425531915,2
1790584200000,82844.01,82922.0,-0.0035694990472975308,0.0,0.0025,trending,0.1304525084231593,0.6550463195710796,0.2145011720057611,0.16648936170212766,0.6337765957446808,0.1997340425531915,2
1790585100000,82922.0,82962.0,-0.003567778018852108,0.0,0.0025,trending,0.12339787495903136,0.6573663512080492,0.2192357738329194,0.16648936170212766,0.6337765957446808,0.1997340425531915,2
1790586000000,82962.01,82879.11,-0.0014125392997101915,1.0,0.0025,trending,0.15421937479855505,0.552059501537913,0.29372112366353176,0.16648936170212766,0.6337765957446808,0.1997340425531915,2
1790586900000,82879.11,82818.01,-1.3040641763772953e-05,1.0,0.0025,trending,0.1692299183413729,0.5379741687981672,0.29279591286045986,0.16648936170212766,0.6337765957446808,0.1997340425531915,2
1790587800000,82818.0,82626.01,0.003921162355534413,2.0,0.0025,trending,0.16576894051633695,0.4969192165789342,0.33731184290472876,0.16648936170212766,0.6337765957446808,0.1997340425531915,2
1790588700000,82626.0,82666.01,0.003556358895270284,2.0,0.0025,trending,0.14847662852197996,0.5544967265214923,0.29702664495652775,0.16648936170212766,0.6337765957446808,0.1997340425531915,2
1790589600000,82666.01,82762.04,0.0028028550287064746,2.0,0.0025,trending,0.13225616889751218,0.6642935231967002,0.20345030790578772,0.16648936170212766,0.6337765957446808,0.1997340425531915,2
1790590500000,82762.03,82816.93,0.00246471343480148,1.0,0.0025,trending,0.12939549634408018,0.6961328185250861,0.1744716851308337,0.16648936170212766,0.6337765957446808,0.1997340425531915,2
1790591400000,82816.94,82950.0,0.0014464135021097224,1.0,0.0025,trending,0.1391031929754365,0.7200687848941563,0.14082802213040727,0.16648936170212766,0.6337765957446808,0.1997340425531915,2
1790592300000,82950.0,82960.0,0.0014770973963356138,1.0,0.0025,trending,0.15769463357610097,0.6576098597355325,0.1846955066883664,0.16648936170212766,0.6337765957446808,0.1997340425531915,2
1790593200000,82960.01,82994.01,0.004697808914161383,2.0,0.0025,trending,0.15509012635874106,0.683320362839056,0.16158951080220293,0.16648936170212766,0.6337765957446808,0.1997340425531915,2
1790594100000,82994.01,83021.05,0.004199537346251336,2.0,0.0025,trending,0.11967072420343865,0.6781607692006555,0.2021685065959058,0.16648936170212766,0.6337765957446808,0.1997340425531915,2
1790595000000,83021.05,83069.98,0.003261467018530695,2.0,0.0025,trending,0.13219636813003846,0.7122486638459722,0.15555496802398933,0.16648936170212766,0.6337765957446808,0.1997340425531915,2
1790595900000,83069.98,83082.54,0.005984530564424384,2.0,0.0025,trending,0.09977455584798833,0.7656178587223806,0.13460758542963097,0.16648936170212766,0.6337765957446808,0.1997340425531915,2
1790596800000,83082.53,83383.9,0.00026743771879234046,1.0,0.0025,trending,0.20288311411596668,0.6014852317749798,0.19563165410905353,0.16648936170212766,0.6337765957446808,0.1997340425531915,2
1790597700000,83383.9,83369.7,0.0023722047698384596,1.0,0.0025,trending,0.20791708289092103,0.5886650523951006,0.20341786471397838,0.16648936170212766,0.6337765957446808,0.1997340425531915,2
1790598600000,83369.7,83340.91,0.004808082849107276,2.0,0.0025,trending,0.2073706780610698,0.6133754721238458,0.1792538498150844,0.16648936170212766,0.6337765957446808,0.1997340425531915,2
1790599500000,83340.92,83579.75,0.0007446779871920217,1.0,0.0025,trending,0.22949858796255626,0.5764081524640182,0.19409325957342538,0.16648936170212766,0.6337765957446808,0.1997340425531915,2
1790600400000,83579.75,83406.2,-5.455229946937923e-05,1.0,0.0025,trending,0.17853925365842455,0.6194174091645918,0.20204333717698367,0.16648936170212766,0.6337765957446808,0.1997340425531915,2
1790601300000,83406.19,83567.47,-0.003870764545103489,0.0,0.0025,trending,0.2558903623065695,0.5533812458200373,0.19072839187339322,0.16648936170212766,0.6337765957446808,0.1997340425531915,2
1790602200000,83567.48,83741.62,-0.009473067275268754,0.0,0.0025,trending,0.29254942282886087,0.44283079214767174,0.26461978502346734,0.16648936170212766,0.6337765957446808,0.1997340425531915,2
1790603100000,83741.62,83641.99,-0.007436336701219126,0.0,0.0025,high_volatility,0.2658852079452775,0.5108778878644412,0.22323690419028128,0.16648936170212766,0.6337765957446808,0.1997340425531915,2
1790604000000,83641.99,83401.65,-0.005333107918128688,0.0,0.0025,high_volatility,0.20355147432234938,0.4829353351050735,0.31351319057257715,0.16648936170212766,0.6337765957446808,0.1997340425531915,2
1790604900000,83401.65,83244.0,-0.002114266493681183,1.0,0.0025,high_volatility,0.1539522083904275,0.4669664495166499,0.3790813420929226,0.16648936170212766,0.6337765957446808,0.1997340425531915,2
1790605800000,83244.0,82948.33,0.0031706485230023063,2.0,0.0025,high_volatility,0.149362261598689,0.40445735734853144,0.4461803810527795,0.16648936170212766,0.6337765957446808,0.1997340425531915,2
1790606700000,82948.33,83020.0,0.004215851602023646,2.0,0.0025,high_volatility,0.19375978754916406,0.40696222537827326,0.3992779870725626,0.16648936170212766,0.6337765957446808,0.1997340425531915,2
1790607600000,83020.01,82956.86,0.005594112409751162,2.0,0.0025,high_volatility,0.17666222062074713,0.4918962103348028,0.33144156904445016,0.16648936170212766,0.6337765957446808,0.1997340425531915,2
1790608500000,82956.87,83068.0,0.01136430394375676,2.0,0.0025,high_volatility,0.2314044215160719,0.4215891183607385,0.3470064601231896,0.16648936170212766,0.6337765957446808,0.1997340425531915,2
1790609400000,83068.0,83211.33,0.006161060038338606,2.0,0.0025,high_volatility,0.20994296553557457,0.5360356719912664,0.254021362473159,0.16648936170212766,0.6337765957446808,0.1997340425531915,2
1790610300000,83211.33,83370.0,0.004235336451961169,2.0,0.0025,high_volatility,0.2010904030384201,0.5735717679572668,0.22533782900431312,0.16648936170212766,0.6337765957446808,0.1997340425531915,2
1790611200000,83370.0,83420.93,0.009938273284654242,2.0,0.0025,high_volatility,0.23016204368098966,0.5515720775694518,0.21826587874955858,0.16648936170212766,0.6337765957446808,0.1997340425531915,2
1790612100000,83420.92,84012.01,-0.0012736274254121493,1.0,0.0025,high_volatility,0.2778394972671021,0.43099127802044324,0.2911692247124547,0.16648936170212766,0.6337765957446808,0.1997340425531915,2
1790613000000,84012.01,83724.0,0.0034755864507189926,2.0,0.0025,high_volatility,0.22814551965149135,0.5344453721494486,0.23740910819906003,0.16648936170212766,0.6337765957446808,0.1997340425531915,2
1790613900000,83724.0,83723.1,0.0018779763291134621,1.0,0.0025,high_volatility,0.23997863305212286,0.5419938582202568,0.21802750872762033,0.16648936170212766,0.6337765957446808,0.1997340425531915,2
1790614800000,83723.1,84249.99,-0.0032978045457335847,0.0,0.002520985038708015,high_volatility,0.2668369227879815,0.40416922050931436,0.32899385670270426,0.16648936170212766,0.6337765957446808,0.1997340425531915,2
1790615700000,84249.99,83905.01,0.00039747328556427597,1.0,0.002606594337978916,high_volatility,0.2337154272101538,0.4952821031131911,0.27100246967665503,0.16648936170212766,0.6337765957446808,0.1997340425531915,2
1790616600000,83905.01,84014.99,-0.0017318338072764838,1.0,0.0025060053585359613,high_volatility,0.21864464877377154,0.5882974441813432,0.1930579070448853,0.16648936170212766,0.6337765957446808,0.1997340425531915,2
1790617500000,84014.98,83880.33,0.0019177320833143607,1.0,0.0025,high_volatility,0.16288898695440085,0.6303571261121038,0.20675388693349528,0.16648936170212766,0.6337765957446808,0.1997340425531915,2
1790618400000,83880.34,83972.15,-0.002912394168780974,0.0,0.0025,high_volatility,0.19991253205477594,0.6205620028541629,0.1795254650910612,0.16648936170212766,0.6337765957446808,0.1997340425531915,2
1790619300000,83972.15,83938.36,-0.0035783401057633,0.0,0.0025,high_volatility,0.20157222902840158,0.6106604463411305,0.18776732463046789,0.16648936170212766,0.6337765957446808,0.1997340425531915,2
1790620200000,83938.35,83869.49,-0.006545407632739919,0.0,0.0025,high_volatility,0.17633232976306368,0.6598029621219395,0.16386470811499684,0.16648936170212766,0.6337765957446808,0.1997340425531915,2
1790621100000,83869.49,84041.19,-0.007753935897385711,0.0,0.0025,high_volatility,0.24645541597426351,0.5478295115039993,0.2057150725217372,0.16648936170212766,0.6337765957446808,0.1997340425531915,2
1790622000000,84041.19,83727.59,-0.0018758452261673497,1.0,0.0025,high_volatility,0.15789136525999403,0.6224395519085625,0.21966908283144354,0.16648936170212766,0.6337765957446808,0.1997340425531915,2
1790622900000,83727.59,83638.0,-0.0017456180205169813,1.0,0.0025,high_volatility,0.16015214920947313,0.6110141289329014,0.22883372185762532,0.16648936170212766,0.6337765957446808,0.1997340425531915,2
1790623800000,83638.01,83320.53,0.002154090954534116,1.0,0.0025,high_volatility,0.14515380354946716,0.47982123041136165,0.3750249660391711,0.16648936170212766,0.6337765957446808,0.1997340425531915,2
1790624700000,83320.53,83389.54,0.0019002383272530565,1.0,0.0025,high_volatility,0.1600492084998063,0.6162885169876442,0.22366227451254947,0.16648936170212766,0.6337765957446808,0.1997340425531915,2
1790625600000,83389.53,83570.53,0.0001851131014725116,1.0,0.0025,high_volatility,0.2136655936279533,0.5663281606575344,0.22000624571451222,0.16648936170212766,0.6337765957446808,0.1997340425531915,2
1790626500000,83570.53,83492.0,-0.0002837397594979141,1.0,0.0025,low_liquidity,0.20801520014127856,0.6030991566565517,0.1888856432021698,0.16648936170212766,0.6337765957446808,0.1997340425531915,2
1790627400000,83492.01,83500.01,-0.0008667064830291116,1.0,0.0025,low_liquidity,0.20133074666347064,0.6320016915110839,0.16666756182544532,0.16648936170212766,0.6337765957446808,0.1997340425531915,2
1790628300000,83500.0,83548.0,-0.003949705558481398,0.0,0.0025,low_liquidity,0.19570787348195287,0.642985422536904,0.16130670398114308,0.16648936170212766,0.6337765957446808,0.1997340425531915,2
1790629200000,83548.01,83586.0,-0.004833584571579008,0.0,0.0025,low_liquidity,0.21174832661174747,0.6163317213925041,0.1719199519957483,0.16648936170212766,0.6337765957446808,0.1997340425531915,2
1790630100000,83586.01,83468.31,-0.0027832119758983698,0.0,0.0025,low_liquidity,0.14266788103224418,0.6828378183695621,0.1744943005981937,0.16648936170212766,0.6337765957446808,0.1997340425531915,2
1790631000000,83468.32,83427.64,0.0007311725466523367,1.0,0.0025,low_liquidity,0.16319906751235871,0.6813847772143171,0.15541615527332403,0.16648936170212766,0.6337765957446808,0.1997340425531915,2
1790631900000,83427.64,83218.01,0.003917421240906771,2.0,0.0025,ranging,0.1320449455646457,0.6549798947417852,0.21297515969356912,0.16648936170212766,0.6337765957446808,0.1997340425531915,2
1790632800000,83218.01,83181.98,0.003282201265226048,2.0,0.0025,ranging,0.15514093757258016,0.6070567259801755,0.2378023364472444,0.16648936170212766,0.6337765957446808,0.1997340425531915,2
1790633700000,83181.98,83236.0,0.004252967466000346,2.0,0.0025,low_liquidity,0.12216240061245257,0.7221612031987135,0.155676396188834,0.16648936170212766,0.6337765957446808,0.1997340425531915,2
1790634600000,83236.01,83488.64,0.001367970540662844,1.0,0.0025,low_liquidity,0.1549124280466554,0.6685499599163042,0.17653761203704044,0.16648936170212766,0.6337765957446808,0.1997340425531915,2
1790635500000,83488.63,83544.01,-0.0005266685187842457,1.0,0.0025,ranging,0.13733153044661028,0.7290711278657364,0.13359734168765336,0.16648936170212766,0.6337765957446808,0.1997340425531915,2
1790636400000,83544.01,83455.0,0.0008465640165358224,1.0,0.0025,ranging,0.13907529363761936,0.6643037655221032,0.19662094084027731,0.16648936170212766,0.6337765957446808,0.1997340425531915,2
1790637300000,83455.01,83590.0,-0.0004900107668381892,1.0,0.0025,ranging,0.144390218197341,0.6825592888053402,0.1730504929973187,0.16648936170212766,0.6337765957446808,0.1997340425531915,2
1790638200000,83590.01,83602.85,-0.0008474591476248516,1.0,0.0025,low_liquidity,0.15845245202527078,0.7023475146549102,0.13920003331981887,0.16648936170212766,0.6337765957446808,0.1997340425531915,2
1790639100000,83602.84,83500.01,-0.0037643109264297037,0.0,0.0025,ranging,0.12750622416837615,0.6782744550752731,0.19421932075635082,0.16648936170212766,0.6337765957446808,0.1997340425531915,2
1790640000000,83500.01,83525.65,-0.0058656233145146786,0.0,0.0025,ranging,0.13832616231781455,0.672544890722162,0.18912894696002355,0.16648936170212766,0.6337765957446808,0.1997340425531915,2
1790640900000,83525.66,83549.04,-0.00863337268746589,0.0,0.0025,ranging,0.15087613992756926,0.6703805092733395,0.17874335079909115,0.16648936170212766,0.6337765957446808,0.1997340425531915,2
1790641800000,83549.05,83532.0,-0.006745319159124574,0.0,0.0025,ranging,0.14100075065394788,0.6831677534310264,0.17583149591502562,0.16648936170212766,0.6337765957446808,0.1997340425531915,2
1790642700000,83532.0,83185.69,-0.001414786605725138,1.0,0.0025,ranging,0.13247323940862732,0.60977667836121,0.2577500822301627,0.16648936170212766,0.6337765957446808,0.1997340425531915,2
1790643600000,83185.69,83035.72,-0.00018811181501154906,1.0,0.0025,ranging,0.12370709397650002,0.5612817215236489,0.31501118449985105,0.16648936170212766,0.6337765957446808,0.1997340425531915,2
1790644500000,83035.72,82827.73,0.001785150939184188,1.0,0.0025,ranging,0.13332486028318577,0.565795454017897,0.3008796856989173,0.16648936170212766,0.6337765957446808,0.1997340425531915,2
1790645400000,82827.73,82968.55,0.0007924689535974139,1.0,0.0025,ranging,0.14863863928467994,0.5869974233401467,0.2643639373751734,0.16648936170212766,0.6337765957446808,0.1997340425531915,2
1790646300000,82968.54,83068.0,-0.001211056002311417,1.0,0.0025,ranging,0.16204856260810913,0.5821260817501145,0.2558253556417764,0.16648936170212766,0.6337765957446808,0.1997340425531915,2
1790647200000,83068.01,83020.1,-0.0015016845318183147,1.0,0.0025,ranging,0.17868596053615576,0.5757460656124587,0.24556797385138554,0.16648936170212766,0.6337765957446808,0.1997340425531915,2
1790648100000,83020.1,82975.59,0.0028251682211599682,2.0,0.0025,ranging,0.17240014226903752,0.6171555721773182,0.21044428555364417,0.16648936170212766,0.6337765957446808,0.1997340425531915,2
1790649000000,82975.59,83034.3,0.0010699192984102712,1.0,0.0025,ranging,0.1658790055407452,0.6459557669368104,0.18816522752244447,0.16648936170212766,0.6337765957446808,0.1997340425531915,2
1790649900000,83034.3,82967.4,0.0012365097616655607,1.0,0.0025,ranging,0.1733891224128285,0.63372569630871,0.19288518127846152,0.16648936170212766,0.6337765957446808,0.1997340425531915,2
1790650800000,82967.41,82895.43,0.00280582415701347,2.0,0.0025,ranging,0.168987110226901,0.6731216869570918,0.15789120281600716,0.16648936170212766,0.6337765957446808,0.1997340425531915,2
1790651700000,82895.43,83210.01,0.0001921643802229589,1.0,0.0025,ranging,0.21404848398055348,0.5933444519061473,0.19260706411329923,0.16648936170212766,0.6337765957446808,0.1997340425531915,2
1790652600000,83210.0,83123.14,0.0004895147127503829,1.0,0.0025,ranging,0.1419462064924337,0.690068017181216,0.1679857763263503,0.16648936170212766,0.6337765957446808,0.1997340425531915,2
1790653500000,83123.14,83069.99,0.0017213195764196332,1.0,0.0025,ranging,0.18448371900158675,0.6469818041396949,0.1685344768587183,0.16648936170212766,0.6337765957446808,0.1997340425531915,2
1790654400000,83070.0,83128.02,0.0015876716418843362,1.0,0.0025,ranging,0.14943341286438705,0.6446729781584186,0.20589360897719436,0.16648936170212766,0.6337765957446808,0.1997340425531915,2
1790655300000,83128.02,83226.0,0.0010815129887293828,1.0,0.0025,ranging,0.18473443254217617,0.6522907184908836,0.16297484896694017,0.16648936170212766,0.6337765957446808,0.1997340425531915,2
1790656200000,83226.01,83163.83,0.0016134418051692023,1.0,0.0025,ranging,0.17672565315017505,0.6682447581901361,0.15502958865968897,0.16648936170212766,0.6337765957446808,0.1997340425531915,2
1790657100000,83163.84,83212.98,0.002620264290499108,2.0,0.0025,ranging,0.19039721532987913,0.643001023307155,0.16660176136296587,0.16648936170212766,0.6337765957446808,0.1997340425531915,2
1790658000000,83212.98,83260.0,0.007601369204900399,2.0,0.0025,ranging,0.12422547699663178,0.7537112398485574,0.12206328315481084,0.16648936170212766,0.6337765957446808,0.1997340425531915,2
1790658900000,83260.0,83316.01,0.0067924520149247325,2.0,0.0025,ranging,0.17424398457103962,0.6824313348072962,0.14332468062166415,0.16648936170212766,0.6337765957446808,0.1997340425531915,2
1790659800000,83316.01,83298.01,0.007225862898765589,2.0,0.0025,ranging,0.19830176849510395,0.6404474584293691,0.1612507730755269,0.16648936170212766,0.6337765957446808,0.1997340425531915,2
1790660700000,83298.01,83431.02,0.006904386402083906,2.0,0.0025,ranging,0.1870732172555395,0.6692246622035252,0.14370212054093526,0.16648936170212766,0.6337765957446808,0.1997340425531915,2
1790661600000,83431.01,83892.89,0.00112655554004637,1.0,0.0025,ranging,0.21968559486051736,0.5538933700532024,0.22642103508628028,0.16648936170212766,0.6337765957446808,0.1997340425531915,2
1790662500000,83892.88,83881.93,0.001362510376192061,1.0,0.0025,ranging,0.19463909071078003,0.599077753395871,0.20628315589334895,0.16648936170212766,0.6337765957446808,0.1997340425531915,2
1790663400000,83881.93,83899.91,0.0014032196220472581,1.0,0.0025,ranging,0.1987245970588947,0.6004434649048996,0.20083193803620566,0.16648936170212766,0.6337765957446808,0.1997340425531915,2
1790664300000,83899.91,84007.06,-0.00031056913549876164,1.0,0.0025,ranging,0.19828295604321505,0.5975617287333161,0.2041553152234688,0.16648936170212766,0.6337765957446808,0.1997340425531915,2
1790665200000,84007.07,83987.4,0.0006828405213163968,1.0,0.0025,ranging,0.16540911754272328,0.6071021712606927,0.22748871119658404,0.16648936170212766,0.6337765957446808,0.1997340425531915,2
1790666100000,83987.39,83996.22,0.0020323533606629862,1.0,0.0025,ranging,0.16593501046608136,0.6068440511951386,0.22722093833877985,0.16648936170212766,0.6337765957446808,0.1997340425531915,2
1790667000000,83996.21,84017.64,-0.0019237626765046256,1.0,0.0025,ranging,0.19168016746278368,0.5797754059567097,0.22854442658050642,0.16648936170212766,0.6337765957446808,0.1997340425531915,2
1790667900000,84017.64,83980.97,-0.0012736218693354395,1.0,0.0025,ranging,0.1833027463542754,0.5862096084932941,0.23048764515243053,0.16648936170212766,0.6337765957446808,0.1997340425531915,2
1790668800000,83980.97,84044.75,-0.00312631068567637,0.0,0.0025,ranging,0.19432139787824632,0.5717239539308585,0.23395464819089512,0.16648936170212766,0.6337765957446808,0.1997340425531915,2
1790669700000,84044.76,84166.93,-0.0037708396872737637,0.0,0.0025,trending,0.1901773155598367,0.5781693105993256,0.23165337384083773,0.16648936170212766,0.6337765957446808,0.1997340425531915,2
1790670600000,84166.93,83856.01,0.001717110079528128,1.0,0.0025,trending,0.2210819708735457,0.5696126759672483,0.20930535315920612,0.16648936170212766,0.6337765957446808,0.1997340425531915,2
1790671500000,83856.01,83874.01,0.004578295469597871,2.0,0.0025,trending,0.15228257511088808,0.6718849990103124,0.17583242587879946,0.16648936170212766,0.6337765957446808,0.1997340425531915,2
1790672400000,83874.01,83782.0,0.005090830966078652,2.0,0.0025,trending,0.14455979522234955,0.6420657076181213,0.2133744971595291,0.16648936170212766,0.6337765957446808,0.1997340425531915,2
1790673300000,83782.01,83849.55,0.0035832034876752683,2.0,0.0025,trending,0.18816691972769561,0.626982375355301,0.18485070491700337,0.16648936170212766,0.6337765957446808,0.1997340425531915,2
1790674200000,83849.54,84000.0,0.00021440476190459634,1.0,0.0025,trending,0.20704784184604333,0.6160185545780856,0.17693360357587112,0.16648936170212766,0.6337765957446808,0.1997340425531915,2
1790675100000,84000.0,84258.01,-0.0027002773979588612,0.0,0.0025,trending,0.22984763239919606,0.5675349513512717,0.20261741624953208,0.16648936170212766,0.6337765957446808,0.1997340425531915,2
1790676000000,84258.01,84208.52,-0.0021177192046600846,1.0,0.0025,trending,0.2132806599322017,0.5419899806285966,0.24472935943920165,0.16648936170212766,0.6337765957446808,0.1997340425531915,2
1790676900000,84208.51,84150.0,-0.0009708853238264981,1.0,0.0025,trending,0.19755618771644107,0.6020392225901265,0.20040458969343228,0.16648936170212766,0.6337765957446808,0.1997340425531915,2
1790677800000,84150.01,84018.01,0.0029099713263858185,2.0,0.0025,trending,0.15336913742647937,0.6264181361507453,0.2202127264227753,0.16648936170212766,0.6337765957446808,0.1997340425531915,2
1790678700000,84018.0,84030.49,0.003897632871115997,2.0,0.0025,trending,0.14302483925328324,0.6697171868068884,0.18725797393982835,0.16648936170212766,0.6337765957446808,0.1997340425531915,2
1790679600000,84030.5,84030.19,0.003537419110917206,2.0,0.0025,trending,0.15740868179444542,0.6490029809323611,0.19358833727319355,0.16648936170212766,0.6337765957446808,0.1997340425531915,2
1790680500000,84030.2,84068.3,0.001613331065336121,1.0,0.0025,trending,0.13899600104387266,0.6911223142164924,0.1698816847396349,0.16648936170212766,0.6337765957446808,0.1997340425531915,2
1790681400000,84068.29,84262.5,0.001083281412253445,1.0,0.0025,trending,0.2183983847186105,0.584475347689476,0.19712626759191354,0.16648936170212766,0.6337765957446808,0.1997340425531915,2
1790682300000,84262.5,84358.01,-0.00029825264962968223,1.0,0.0025,trending,0.24287620493409567,0.5567483892020558,0.20037540586384844,0.16648936170212766,0.6337765957446808,0.1997340425531915,2
1790683200000,84358.0,84327.44,0.0009791593341383908,1.0,0.0025,trending,0.21967139320390194,0.5748099658626883,0.20551864093340982,0.16648936170212766,0.6337765957446808,0.1997340425531915,2
1790684100000,84327.45,84203.93,0.0018753281467980276,1.0,0.0025,trending,0.22591725611101468,0.5760155216519489,0.1980672222370364,0.16648936170212766,0.6337765957446808,0.1997340425531915,2
1790685000000,84203.93,84353.78,-0.0019177563827015298,1.0,0.0025,trending,0.18539316035340786,0.6148534639940024,0.19975337565258963,0.16648936170212766,0.6337765957446808,0.1997340425531915,2
1790685900000,84353.78,84332.85,-0.001575186893363778,1.0,0.0025,trending,0.1894108677630063,0.608032032946195,0.2025570992907987,0.16648936170212766,0.6337765957446808,0.1997340425531915,2
1790686800000,84332.85,84410.01,-0.005742328427635446,0.0,0.0025,trending,0.20271228628049906,0.6027887624336303,0.1944989512858706,0.16648936170212766,0.6337765957446808,0.1997340425531915,2
1790687700000,84410.0,84361.84,-0.004974761100516423,0.0,0.0025,trending,0.197242997024672,0.5870259643676977,0.21573103860763032,0.16648936170212766,0.6337765957446808,0.1997340425531915,2
1790688600000,84361.84,84192.01,-0.0035770615287601393,0.0,0.0025,trending,0.1963108549382723,0.5404614876665208,0.2632276573952068,0.16648936170212766,0.6337765957446808,0.1997340425531915,2
1790689500000,84192.01,84200.01,-0.005320664451227475,0.0,0.0025,trending,0.16690417669099217,0.5980329718981938,0.235062851410814,0.16648936170212766,0.6337765957446808,0.1997340425531915,2
1790690400000,84200.01,83925.3,-0.005891906254728907,0.0,0.0025,trending,0.17065000363408675,0.55683580741103,0.2725141889548831,0.16648936170212766,0.6337765957446808,0.1997340425531915,2
1790691300000,83925.31,83942.16,-0.011288963734076063,0.0,0.0025,ranging,0.15060257622552395,0.5906151369714092,0.25878228680306675,0.16648936170212766,0.6337765957446808,0.1997340425531915,2
1790692200000,83942.17,83890.85,-0.008478517025396703,0.0,0.0025,ranging,0.1881782110758057,0.4927410635258209,0.31908072539837323,0.16648936170212766,0.6337765957446808,0.1997340425531915,2
1790693100000,83890.85,83752.01,-0.008167087571987808,0.0,0.0025,ranging,0.20103612937810666,0.473143515050081,0.3258203555718125,0.16648936170212766,0.6337765957446808,0.1997340425531915,2
1790694000000,83752.0,83430.82,-0.004804219831472389,0.0,0.0025,ranging,0.2510756037050545,0.41414900645724545,0.33477538983769994,0.16648936170212766,0.6337765957446808,0.1997340425531915,2
1790694900000,83430.83,82994.54,0.003174425691135907,2.0,0.0025,trending,0.15282617922003933,0.41888583688654396,0.4282879838934167,0.16648936170212766,0.6337765957446808,0.1997340425531915,2
1790695800000,82994.53,83179.58,-0.001629847133154616,1.0,0.0025,trending,0.14436473219164475,0.6150971620264908,0.24053810578186446,0.16648936170212766,0.6337765957446808,0.1997340425531915,2
1790696700000,83179.58,83068.0,-8.101796118842319e-05,1.0,0.0025,trending,0.12910608847491467,0.5324967066997653,0.33839720482531993,0.16648936170212766,0.6337765957446808,0.1997340425531915,2
1790697600000,83068.0,83030.0,0.0016436227869445208,1.0,0.0025,trending,0.1437076935356039,0.643939997900365,0.2123523085640311,0.16648936170212766,0.6337765957446808,0.1997340425531915,2
1790698500000,83030.01,83258.0,-0.0009608686252372545,1.0,0.0025,trending,0.18544824821273725,0.5964320680315323,0.2181196837557306,0.16648936170212766,0.6337765957446808,0.1997340425531915,2
1790699400000,83258.01,83044.01,0.0010596790785994958,1.0,0.0025,trending,0.12773770726995007,0.6900652062601261,0.18219708646992372,0.16648936170212766,0.6337765957446808,0.1997340425531915,2
1790700300000,83044.01,83061.27,0.00020153797311306398,1.0,0.0025,trending,0.162205847802089,0.6686678450502039,0.16912630714770707,0.16648936170212766,0.6337765957446808,0.1997340425531915,2
1790701200000,83061.28,83166.47,0.0031447769756247634,2.0,0.0025,trending,0.16344990406557966,0.67250316840338,0.16404692753104036,0.16648936170212766,0.6337765957446808,0.1997340425531915,2
1790702100000,83166.48,83178.0,0.0030013945995335245,2.0,0.0025,trending,0.147389946103453,0.7164381793335521,0.1361718745629947,0.16648936170212766,0.6337765957446808,0.1997340425531915,2
1790703000000,83178.01,83132.01,0.006014530383663175,2.0,0.0025,trending,0.1332519925150651,0.7166492217046967,0.15009878578023822,0.16648936170212766,0.6337765957446808,0.1997340425531915,2
1790703900000,83132.01,83078.01,0.006764605940850155,2.0,0.0025,low_liquidity,0.14948790707265783,0.7079238042775134,0.14258828864982875,0.16648936170212766,0.6337765957446808,0.1997340425531915,2
1790704800000,83078.01,83428.01,0.0020602193435994565,1.0,0.0025,trending,0.21305842523090235,0.6126664086165888,0.17427516615250885,0.16648936170212766,0.6337765957446808,0.1997340425531915,2
1790705700000,83428.0,83427.65,0.0014424474379897134,1.0,0.0025,low_liquidity,0.16678343796702128,0.7012654252970184,0.13195113673596037,0.16648936170212766,0.6337765957446808,0.1997340425531915,2
1790706600000,83427.66,83632.01,-0.002343719826893964,1.0,0.0025,ranging,0.21133345559149758,0.5894630344876695,0.19920350992083294,0.16648936170212766,0.6337765957446808,0.1997340425531915,2
1790707500000,83632.0,83640.0,-0.0005498565279771217,1.0,0.0025,low_liquidity,0.1517054224320773,0.7018990561996165,0.14639552136830628,0.16648936170212766,0.6337765957446808,0.1997340425531915,2
1790708400000,83640.0,83599.89,-0.0007434220308183415,1.0,0.0025,low_liquidity,0.14013701760074002,0.72514967590509,0.13471330649417002,0.16648936170212766,0.6337765957446808,0.1997340425531915,2
1790709300000,83599.89,83547.99,0.0009845838302033894,1.0,0.0025,ranging,0.1443745248932448,0.7081217123222044,0.14750376278455077,0.16648936170212766,0.6337765957446808,0.1997340425531915,2
1790710200000,83547.99,83436.0,0.0024682391293926464,1.0,0.0025,low_liquidity,0.12805947643995524,0.7314926610070461,0.14044786255299854,0.16648936170212766,0.6337765957446808,0.1997340425531915,2
1790711100000,83436.0,83594.01,0.000267722531793968,1.0,0.0025,ranging,0.1965763009324666,0.6172126523901525,0.18621104667738086,0.16648936170212766,0.6337765957446808,0.1997340425531915,2
1790712000000,83594.01,83537.74,0.0002524607440899107,1.0,0.0025,ranging,0.10994186305574573,0.7514197869275453,0.13863835001670896,0.16648936170212766,0.6337765957446808,0.1997340425531915,2
1790712900000,83537.74,83630.25,-0.0024900081011357544,1.0,0.0025,low_liquidity,0.11310493073681858,0.7251334619063212,0.16176160735686015,0.16648936170212766,0.6337765957446808,0.1997340425531915,2
1790713800000,83630.26,83641.94,-0.0016201202411135762,1.0,0.0025,low_liquidity,0.099990486889908,0.7770206247978478,0.12298888831224403,0.16648936170212766,0.6337765957446808,0.1997340425531915,2
1790714700000,83641.94,83616.39,-0.0013442340670291042,1.0,0.0025,low_liquidity,0.09545523215159886,0.7891511008247902,0.11539366702361091,0.16648936170212766,0.6337765957446808,0.1997340425531915,2
1790715600000,83616.38,83558.83,0.0011917352121852964,1.0,0.0025,ranging,0.12411844897300639,0.7066190688475505,0.1692624821794431,0.16648936170212766,0.6337765957446808,0.1997340425531915,2
1790716500000,83558.84,83422.01,0.002109754967543953,1.0,0.0025,ranging,0.13285449203165978,0.673783493273819,0.19336201469452116,0.16648936170212766,0.6337765957446808,0.1997340425531915,2
1790717400000,83422.01,83506.43,0.0011926027732236388,1.0,0.0025,ranging,0.11284244358062222,0.7393994153384206,0.14775814108095725,0.16648936170212766,0.6337765957446808,0.1997340425531915,2
1790718300000,83506.43,83503.99,0.0012935908811062546,1.0,0.0025,ranging,0.0985974581614347,0.7698092204142648,0.13159332142430052,0.16648936170212766,0.6337765957446808,0.1997340425531915,2
1790719200000,83503.99,83658.41,0.0022414961030217118,1.0,0.0025,ranging,0.12865236613434536,0.7121007385244973,0.1592468953411573,0.16648936170212766,0.6337765957446808,0.1997340425531915,2
1790720100000,83658.4,83598.01,0.0019261224041098313,1.0,0.0025,ranging,0.11676145437668578,0.7370034974217569,0.14623504820155747,0.16648936170212766,0.6337765957446808,0.1997340425531915,2
1790721000000,83598.01,83606.02,0.0006456472871212426,1.0,0.0025,ranging,0.09048098892655007,0.786129184874084,0.12338982619936603,0.16648936170212766,0.6337765957446808,0.1997340425531915,2
1790721900000,83606.02,83612.01,0.0006177342226314497,1.0,0.0025,ranging,0.08737818109908202,0.7964089683493772,0.11621285055154063,0.16648936170212766,0.6337765957446808,0.1997340425531915,2
1790722800000,83612.0,83845.93,-0.0037794321083921556,0.0,0.0025,ranging,0.2289654990782912,0.5961552796611644,0.17487922126054442,0.16648936170212766,0.6337765957446808,0.1997340425531915,2
1790723700000,83845.93,83759.03,-0.002161199813321635,1.0,0.0025,ranging,0.16789549438324772,0.6261460039281801,0.2059585016885721,0.16648936170212766,0.6337765957446808,0.1997340425531915,2
1790724600000,83759.04,83660.0,-0.002030958642122882,1.0,0.0025,ranging,0.12668548916311761,0.6461111261163572,0.22720338472052515,0.16648936170212766,0.6337765957446808,0.1997340425531915,2
1790725500000,83660.01,83663.66,-0.0025136361474026314,0.0,0.0025,low_liquidity,0.1029210275958337,0.7499565883495781,0.14712238405458825,0.16648936170212766,0.6337765957446808,0.1997340425531915,2
1790726400000,83663.66,83529.04,-0.0012168223171247217,1.0,0.0025,ranging,0.13442657385586215,0.6250320868016366,0.2405413393425012,0.16648936170212766,0.6337765957446808,0.1997340425531915,2
1790727300000,83529.03,83578.01,-0.001780611909759422,1.0,0.0025,ranging,0.15003347254852434,0.6409825891725568,0.20898393827891895,0.16648936170212766,0.6337765957446808,0.1997340425531915,2
1790728200000,83578.0,83490.09,-0.0006716964851757323,1.0,0.0025,ranging,0.1317364145450679,0.664766777781607,0.20349680767332515,0.16648936170212766,0.6337765957446808,0.1997340425531915,2
1790729100000,83490.09,83453.36,-6.410766444886473e-05,1.0,0.0025,ranging,0.12979744866309,0.6678012247162671,0.20240132662064278,0.16648936170212766,0.6337765957446808,0.1997340425531915,2
1790730000000,83453.36,83427.4,0.0007025269875364781,1.0,0.0025,ranging,0.12645307034905948,0.6457618461002339,0.2277850835507066,0.16648936170212766,0.6337765957446808,0.1997340425531915,2
1790730900000,83427.4,83429.19,-0.00011003343074533767,1.0,0.0025,low_liquidity,0.10932390864164727,0.7240794719746421,0.16659661938371045,0.16648936170212766,0.6337765957446808,0.1997340425531915,2
1790731800000,83429.19,83434.01,-0.0005697916233439182,1.0,0.0025,ranging,0.10807495373422454,0.7017435439979743,0.19018150226780114,0.16648936170212766,0.6337765957446808,0.1997340425531915,2
1790732700000,83434.0,83448.01,-0.0007589156410081621,1.0,0.0025,ranging,0.09818683330387615,0.6929901529737216,0.2088230137224021,0.16648936170212766,0.6337765957446808,0.1997340425531915,2
1790733600000,83448.01,83486.01,-0.0018447402145580494,1.0,0.0025,ranging,0.11417952836335014,0.7010666394445436,0.18475383219210614,0.16648936170212766,0.6337765957446808,0.1997340425531915,2
1790734500000,83486.0,83420.01,-0.0011822103593609468,1.0,0.0025,ranging,0.10043563364376311,0.7386126133850731,0.1609517529711638,0.16648936170212766,0.6337765957446808,0.1997340425531915,2
1790735400000,83420.01,83386.47,-0.0002934528827038818,1.0,0.0025,ranging,0.10349613486060655,0.7388247886304686,0.15767907650892482,0.16648936170212766,0.6337765957446808,0.1997340425531915,2
1790736300000,83386.47,83384.68,-0.0010077390714936518,1.0,0.0025,ranging,0.09178053876353613,0.7633007139377993,0.1449187472986645,0.16648936170212766,0.6337765957446808,0.1997340425531915,2
1790737200000,83384.68,83332.0,0.00044496711947394907,1.0,0.0025,ranging,0.07680649495187138,0.7526158174603945,0.17057768758773417,0.16648936170212766,0.6337765957446808,0.1997340425531915,2
1790738100000,83332.0,83321.39,0.0005835236306066527,1.0,0.0025,ranging,0.10365619379977836,0.6685415423072723,0.2278022638929493,0.16648936170212766,0.6337765957446808,0.1997340425531915,2
1790739000000,83321.39,83362.0,-0.0005472517453994907,1.0,0.0025,ranging,0.09604489207058572,0.7650858813044321,0.1388692266249821,0.16648936170212766,0.6337765957446808,0.1997340425531915,2
1790739900000,83362.0,83300.65,-0.0010881067554694424,1.0,0.0025,ranging,0.08267071711046647,0.7665512379179302,0.1507780449716033,0.16648936170212766,0.6337765957446808,0.1997340425531915,2
1790740800000,83300.65,83369.08,-0.001620145022591224,1.0,0.0025,ranging,0.0867447901228018,0.711900494671265,0.2013547152059332,0.16648936170212766,0.6337765957446808,0.1997340425531915,2
1790741700000,83369.09,83370.01,0.00016744630353304757,1.0,0.0025,ranging,0.09136980135901526,0.7784822009831112,0.13014799765787366,0.16648936170212766,0.6337765957446808,0.1997340425531915,2
1790742600000,83370.01,83316.38,0.0018774219427200034,1.0,0.0025,ranging,0.07938088811256157,0.7846059447216348,0.13601316716580364,0.16648936170212766,0.6337765957446808,0.1997340425531915,2
1790743500000,83316.39,83210.01,0.00209097439118211,1.0,0.0025,ranging,0.08594114415557629,0.6461104188891478,0.26794843695527587,0.16648936170212766,0.6337765957446808,0.1997340425531915,2
1790744400000,83210.01,83234.01,-0.0012735178804913483,1.0,0.0025,ranging,0.07474736963102767,0.7531877364774557,0.1720648938915166,0.16648936170212766,0.6337765957446808,0.1997340425531915,2
1790745300000,83234.02,83383.97,-0.002685528165665474,0.0,0.0025,ranging,0.13288571875070723,0.655153561072613,0.21196072017667972,0.16648936170212766,0.6337765957446808,0.1997340425531915,2
1790746200000,83383.96,83472.8,-0.004394245790245499,0.0,0.0025,ranging,0.11675891439158036,0.6905955251314696,0.19264556047694997,0.16648936170212766,0.6337765957446808,0.1997340425531915,2
1790747100000,83472.8,83384.0,-0.004087834596565254,0.0,0.0025,ranging,0.12314126842684116,0.6686070257034576,0.20825170586970118,0.16648936170212766,0.6337765957446808,0.1997340425531915,2
1790748000000,83384.01,83128.01,-0.0013470790411077571,1.0,0.0025,ranging,0.15642605718038002,0.5983977056558545,0.24517623716376538,0.16648936170212766,0.6337765957446808,0.1997340425531915,2
1790748900000,83128.0,83160.04,0.0017793401734775838,1.0,0.0025,ranging,0.15500159172268582,0.6625401762526522,0.18245823202466202,0.16648936170212766,0.6337765957446808,0.1997340425531915,2
1790749800000,83160.05,83106.0,0.0038465333429595905,2.0,0.0025,ranging,0.1264308888193794,0.6598207691500103,0.21374834203061033,0.16648936170212766,0.6337765957446808,0.1997340425531915,2
1790750700000,83106.01,83043.14,0.003152337447740905,2.0,0.0025,ranging,0.16419041244852167,0.6176442483055272,0.21816533924595108,0.16648936170212766,0.6337765957446808,0.1997340425531915,2
1790751600000,83043.14,83016.03,0.0013729878434320941,1.0,0.0025,ranging,0.14967243543605185,0.6555955149353542,0.19473204962859408,0.16648936170212766,0.6337765957446808,0.1997340425531915,2
1790752500000,83016.03,83308.01,-0.0020888747672641594,1.0,0.0025,ranging,0.1906822875640392,0.6191616342461284,0.1901560781898325,0.16648936170212766,0.6337765957446808,0.1997340425531915,2
1790753400000,83308.0,83425.67,-0.004143329025706355,0.0,0.0025,ranging,0.18830324233842405,0.6319687080287675,0.17972804963280845,0.16648936170212766,0.6337765957446808,0.1997340425531915,2
1790754300000,83425.67,83304.92,-0.0029111125729428533,0.0,0.0025,ranging,0.1751197419590989,0.6520455504267197,0.17283470761418127,0.16648936170212766,0.6337765957446808,0.1997340425531915,2
1790755200000,83304.92,83130.01,0.00194791267317318,1.0,0.0025,ranging,0.1905100399848156,0.6148065050027376,0.19468345501244683,0.16648936170212766,0.6337765957446808,0.1997340425531915,2
1790756100000,83130.0,83133.99,0.0035239497105816753,2.0,0.0025,ranging,0.16690885408735326,0.6541794806965029,0.17891166521614388,0.16648936170212766,0.6337765957446808,0.1997340425531915,2
1790757000000,83134.0,83080.01,0.0059507696255693965,2.0,0.0025,ranging,0.16524537340117978,0.6619363646802298,0.17281826191859045,0.16648936170212766,0.6337765957446808,0.1997340425531915,2
1790757900000,83080.0,83062.41,0.0068574942624466395,2.0,0.0025,ranging,0.15287960379960286,0.6790239730009988,0.16809642319939833,0.16648936170212766,0.6337765957446808,0.1997340425531915,2
1790758800000,83062.41,83291.94,0.004977552449852762,2.0,0.0025,ranging,0.15542477145901612,0.7082715009313848,0.1363037276095989,0.16648936170212766,0.6337765957446808,0.1997340425531915,2
1790759700000,83291.94,83426.95,0.004326779296138783,2.0,0.0025,ranging,0.17070002269799994,0.6922441414011474,0.1370558359008527,0.16648936170212766,0.6337765957446808,0.1997340425531915,2
1790760600000,83426.96,83574.4,0.003759285139947277,2.0,0.0025,ranging,0.21300984318959162,0.5696004081919039,0.21738974861850452,0.16648936170212766,0.6337765957446808,0.1997340425531915,2
1790761500000,83574.39,83632.01,0.0034197432298948005,2.0,0.0025,ranging,0.17081957863029415,0.65195413328165,0.17722628808805585,0.16648936170212766,0.6337765957446808,0.1997340425531915,2
1790762400000,83632.01,83706.53,0.0016541122896864824,1.0,0.0025,ranging,0.2112671847967095,0.6091125182312843,0.1796202969720063,0.16648936170212766,0.6337765957446808,0.1997340425531915,2
1790763300000,83706.02,83787.92,0.0008363974186256229,1.0,0.0025,ranging,0.2073141393013856,0.6086371017138547,0.18404875898475964,0.16648936170212766,0.6337765957446808,0.1997340425531915,2
1790764200000,83787.91,83888.58,0.000541551662931905,1.0,0.0025,ranging,0.19268571606649226,0.5836059253809556,0.22370835855255208,0.16648936170212766,0.6337765957446808,0.1997340425531915,2
1790765100000,83888.58,83918.01,-3.396172049352497e-05,1.0,0.0025,ranging,0.17771074537474807,0.6169450038213811,0.20534425080387086,0.16648936170212766,0.6337765957446808,0.1997340425531915,2
1790766000000,83918.0,83844.99,0.00046454773266702,1.0,0.0025,ranging,0.1861541134744726,0.6355746656894785,0.17827122083604885,0.16648936170212766,0.6337765957446808,0.1997340425531915,2
1790766900000,83844.99,83858.0,0.0009731927782681282,1.0,0.0025,ranging,0.14722800137926684,0.6750238575055689,0.17774814111516415,0.16648936170212766,0.6337765957446808,0.1997340425531915,2
1790767800000,83858.01,83934.01,0.01065301181249434,2.0,0.0025,ranging,0.16482327922739262,0.6527963504011417,0.18238037037146568,0.16648936170212766,0.6337765957446808,0.1997340425531915,2
1790768700000,83934.01,83915.16,0.016387503759749844,2.0,0.0025,trending,0.1485938126119539,0.6738027080041085,0.17760347938393778,0.16648936170212766,0.6337765957446808,0.1997340425531915,2
1790769600000,83915.17,83883.94,0.018008572320279637,2.0,0.0025,trending,0.14983095199903257,0.6720732262971397,0.1780958217038277,0.16648936170212766,0.6337765957446808,0.1997340425531915,2
1790770500000,83883.95,83939.61,0.014872477963621789,2.0,0.0025,trending,0.1884258677329477,0.6013893857209669,0.21018474654608538,0.16648936170212766,0.6337765957446808,0.1997340425531915,2
1790771400000,83939.61,84828.16,-0.0036863937635804866,0.0,0.0025,trending,0.21636400852045953,0.25507936307128043,0.52855662840826,0.16648936170212766,0.6337765957446808,0.1997340425531915,2
1790772300000,84828.17,85290.32,-0.007651278597618161,0.0,0.0025,trending,0.2594073310496428,0.25475065119501894,0.48584201775533825,0.16648936170212766,0.6337765957446808,0.1997340425531915,2
1790773200000,85290.32,85394.57,-0.012185318106291865,0.0,0.0025,high_volatility,0.23500129514536736,0.2814119307871964,0.4835867740674362,0.16648936170212766,0.6337765957446808,0.1997340425531915,2
1790774100000,85394.57,85188.0,-0.016664553693008344,0.0,0.0025,high_volatility,0.19758402011814208,0.3984255139638599,0.4039904659179979,0.16648936170212766,0.6337765957446808,0.1997340425531915,2
1790775000000,85188.01,84515.45,-0.011376263156618105,0.0,0.0028182484054695635,high_volatility,0.21218009628093354,0.3688550314888966,0.41896487223017,0.16648936170212766,0.6337765957446808,0.1997340425531915,2
1790775900000,84515.46,84637.74,-0.009897830447741285,0.0,0.002793969686572915,high_volatility,0.2400613871019322,0.48622220595505444,0.2737164069430134,0.16648936170212766,0.6337765957446808,0.1997340425531915,2
1790776800000,84637.74,84354.01,-0.0047541308350367295,0.0,0.00286032861364396,high_volatility,0.16836759864387144,0.464588021980999,0.36704437937512957,0.16648936170212766,0.6337765957446808,0.1997340425531915,2
1790777700000,84354.01,83768.38,0.0015172789541828546,1.0,0.0030382078111624244,high_volatility,0.15215085211216653,0.42502585576876684,0.4228232921190666,0.16648936170212766,0.6337765957446808,0.1997340425531915,2
1790778600000,83768.38,83553.98,0.0067026130891669755,2.0,0.003063845418749047,high_volatility,0.15190427638378584,0.5094705662092229,0.33862515740699123,0.16648936170212766,0.6337765957446808,0.1997340425531915,2
1790779500000,83553.98,83800.01,0.0039906916478889,2.0,0.0030632933822665946,high_volatility,0.16635699241920193,0.5450167077988542,0.28862629978194376,0.16648936170212766,0.6337765957446808,0.1997340425531915,2
1790780400000,83800.01,83952.98,0.004871774652907002,2.0,0.002980198991719079,high_volatility,0.297407241904573,0.4914852238787227,0.21110753421670425,0.16648936170212766,0.6337765957446808,0.1997340425531915,2
1790781300000,83952.98,83895.48,0.004750196315701505,2.0,0.0029365651697305446,high_volatility,0.29781872823269967,0.49002752785584086,0.21215374391145936,0.16648936170212766,0.6337765957446808,0.1997340425531915,2
1790782200000,83895.49,84114.01,0.0028770474740176244,1.0,0.0029236484063676856,high_volatility,0.2820124059840108,0.5046291521607615,0.21335844185522768,0.16648936170212766,0.6337765957446808,0.1997340425531915,2
1790783100000,84114.01,84134.43,0.002555553059550242,1.0,0.0028077322096877245,high_volatility,0.317437577301082,0.5005689236680285,0.1819934990308894,0.16648936170212766,0.6337765957446808,0.1997340425531915,2
1790784000000,84134.43,84361.98,-0.0007582799739882518,1.0,0.002727603407627915,high_volatility,0.28961968642064184,0.5277335436449936,0.18264676993436452,0.16648936170212766,0.6337765957446808,0.1997340425531915,2
1790784900000,84361.97,84294.0,-0.0009090801243267776,1.0,0.002634473487003897,high_volatility,0.23646315236313942,0.568653502866204,0.19488334477065658,0.16648936170212766,0.6337765957446808,0.1997340425531915,2
1790785800000,84294.01,84356.01,-0.004125491473577214,0.0,0.0025180490615865398,high_volatility,0.22969077426905987,0.5957384206520389,0.17457080507890127,0.16648936170212766,0.6337765957446808,0.1997340425531915,2
1790786700000,84356.01,84349.44,-0.0037697938480681925,0.0,0.0025,high_volatility,0.20286230339474082,0.6087269291596393,0.18841076744562,0.16648936170212766,0.6337765957446808,0.1997340425531915,2
1790787600000,84349.44,84298.01,-0.00346402008778135,0.0,0.0025,ranging,0.19256902343066676,0.5998025279601683,0.20762844860916493,0.16648936170212766,0.6337765957446808,0.1997340425531915,2
1790788500000,84298.0,84217.37,-0.0035332378581758306,0.0,0.0025,ranging,0.20542850301303828,0.5762106223581441,0.2183608746288176,0.16648936170212766,0.6337765957446808,0.1997340425531915,2
1790789400000,84217.36,84008.0,-0.0018276830778020114,1.0,0.0025,ranging,0.14529848247521207,0.5621701923686596,0.2925313251561284,0.16648936170212766,0.6337765957446808,0.1997340425531915,2
1790790300000,84008.0,84031.46,-0.0009693988418147947,1.0,0.0025,ranging,0.14609019597570455,0.5736520583955889,0.2802577456287066,0.16648936170212766,0.6337765957446808,0.1997340425531915,2
1790791200000,84031.47,84006.0,-0.0029283622598386128,0.0,0.0025,ranging,0.14510833476795149,0.567311922829587,0.2875797424024616,0.16648936170212766,0.6337765957446808,0.1997340425531915,2
1790792100000,84006.0,83919.81,-0.0020325355836720016,1.0,0.0025,ranging,0.17235843814594778,0.5835211446237175,0.2441204172303348,0.16648936170212766,0.6337765957446808,0.1997340425531915,2
1790793000000,83919.81,83854.46,-0.0003630099102659434,1.0,0.0025,ranging,0.15413118365931583,0.5731220822147896,0.2727467341258947,0.16648936170212766,0.6337765957446808,0.1997340425531915,2
1790793900000,83854.46,83950.0,-0.00413150684931507,0.0,0.0025,ranging,0.18119412201390944,0.5818632840255898,0.23694259396050063,0.16648936170212766,0.6337765957446808,0.1997340425531915,2
1790794800000,83950.01,83760.0,-0.0012447468958929342,1.0,0.0025,ranging,0.17140122598326404,0.5869423013247688,0.2416564726919672,0.16648936170212766,0.6337765957446808,0.1997340425531915,2
1790795700000,83760.0,83749.24,-0.000277614459546105,1.0,0.0025,ranging,0.19860561910220922,0.5622474252425337,0.2391469556552571,0.16648936170212766,0.6337765957446808,0.1997340425531915,2
1790796600000,83749.24,83824.02,-0.001605983583226056,1.0,0.0025,ranging,0.16269563590245953,0.6175045485556047,0.21979981554193576,0.16648936170212766,0.6337765957446808,0.1997340425531915,2
1790797500000,83824.01,83603.16,0.0008472167798441177,1.0,0.0025,ranging,0.20069848861424958,0.5174412147588576,0.2818602966268929,0.16648936170212766,0.6337765957446808,0.1997340425531915,2
1790798400000,83603.16,83655.74,0.0013181402734587788,1.0,0.0025,ranging,0.2180933098917812,0.5419636333142378,0.23994305679398098,0.16648936170212766,0.6337765957446808,0.1997340425531915,2
1790799300000,83655.75,83725.99,1.1943722610929797e-07,1.0,0.0025,ranging,0.20841165398655873,0.5703531817744106,0.22123516423903059,0.16648936170212766,0.6337765957446808,0.1997340425531915,2
1790800200000,83725.99,83689.4,0.00022523760476245158,1.0,0.0025,ranging,0.168985657292891,0.5990120637723337,0.23200227893477515,0.16648936170212766,0.6337765957446808,0.1997340425531915,2
1790801100000,83689.4,83673.99,0.0010006693836399627,1.0,0.0025,low_liquidity,0.15957161159458969,0.6637216075667295,0.17670678083868085,0.16648936170212766,0.6337765957446808,0.1997340425531915,2
1790802000000,83673.99,83766.01,-0.0004455267715388622,1.0,0.0025,ranging,0.15742288768012447,0.6104020530530768,0.23217505926679874,0.16648936170212766,0.6337765957446808,0.1997340425531915,2
1790802900000,83766.01,83726.0,0.0011706041134174061,1.0,0.0025,ranging,0.13221968023924008,0.6356395294532124,0.23214079030754745,0.16648936170212766,0.6337765957446808,0.1997340425531915,2
1790803800000,83726.0,83708.25,0.0012174427251794295,1.0,0.0025,ranging,0.15620945438984823,0.6575561680876896,0.18623437752246225,0.16648936170212766,0.6337765957446808,0.1997340425531915,2
1790804700000,83708.26,83757.72,-0.0008580701575925387,1.0,0.0025,low_liquidity,0.1461786750255203,0.7168579741988742,0.13696335077560556,0.16648936170212766,0.6337765957446808,0.1997340425531915,2
1790805600000,83757.73,83728.69,-0.00033513004921015277,1.0,0.0025,ranging,0.15331090067766007,0.6168301611476934,0.22985893817464653,0.16648936170212766,0.6337765957446808,0.1997340425531915,2
1790806500000,83728.69,83824.01,-0.0019326204985898876,1.0,0.0025,ranging,0.13831392844507176,0.662078616123414,0.19960745543151429,0.16648936170212766,0.6337765957446808,0.1997340425531915,2
1790807400000,83824.0,83810.16,-0.002249846557982882,1.0,0.0025,low_liquidity,0.09077947198804584,0.7852484751004609,0.12397205291149319,0.16648936170212766,0.6337765957446808,0.1997340425531915,2
1790808300000,83810.17,83685.85,-0.0007438533515522483,1.0,0.0025,ranging,0.11552631275725156,0.7168517612858931,0.16762192595685543,0.16648936170212766,0.6337765957446808,0.1997340425531915,2
1790809200000,83685.86,83700.63,-0.0022888716608227,1.0,0.0025,ranging,0.16625335463867094,0.6410274531367672,0.19271919222456177,0.16648936170212766,0.6337765957446808,0.1997340425531915,2
1790810100000,83700.64,83662.01,-0.002079797030934305,1.0,0.0025,ranging,0.15243771540503054,0.6179456261983768,0.2296166583965927,0.16648936170212766,0.6337765957446808,0.1997340425531915,2
1790811000000,83662.0,83621.6,-0.0006084552316626413,1.0,0.0025,ranging,0.17397256447905557,0.63271336286715,0.19331407265379447,0.16648936170212766,0.6337765957446808,0.1997340425531915,2
1790811900000,83621.59,83623.6,-0.001370067779909112,1.0,0.0025,ranging,0.18297791981658781,0.6406238660739837,0.17639821410942844,0.16648936170212766,0.6337765957446808,0.1997340425531915,2
1790812800000,83623.59,83509.05,0.0009693560159047543,1.0,0.0025,ranging,0.191112430683523,0.5902523779947754,0.21863519132170162,0.16648936170212766,0.6337765957446808,0.1997340425531915,2
1790813700000,83509.04,83488.01,0.0017607318703607433,1.0,0.0025,ranging,0.14318068328854822,0.6716883051708628,0.18513101154058909,0.16648936170212766,0.6337765957446808,0.1997340425531915,2
1790814600000,83488.01,83570.72,0.0003567038790619481,1.0,0.0025,ranging,0.1383953763016643,0.6830974454975224,0.17850717820081344,0.16648936170212766,0.6337765957446808,0.1997340425531915,2
1790815500000,83570.71,83509.03,0.00010825176630602229,1.0,0.0025,ranging,0.09105345856015938,0.7678320775941955,0.1411144638456451,0.16648936170212766,0.6337765957446808,0.1997340425531915,2
1790816400000,83509.03,83590.0,0.00011975116640750016,1.0,0.0025,ranging,0.08999127427898015,0.7518870869367472,0.15812163878427257,0.16648936170212766,0.6337765957446808,0.1997340425531915,2
1790817300000,83590.0,83635.01,-0.0011203442194841484,1.0,0.0025,ranging,0.08912191552625102,0.7476470190778295,0.16323106539591958,0.16648936170212766,0.6337765957446808,0.1997340425531915,2
1790818200000,83635.01,83600.53,-0.0018275003758947417,1.0,0.0025,ranging,0.08683206229747926,0.7444596780018753,0.16870825970064562,0.16648936170212766,0.6337765957446808,0.1997340425531915,2
1790819100000,83600.52,83518.07,-0.0003267556350381451,1.0,0.0025,ranging,0.09196781420062902,0.7653998925210144,0.14263229327835658,0.16648936170212766,0.6337765957446808,0.1997340425531915,2
1790820000000,83518.07,83600.01,-0.0015071768532085583,1.0,0.0025,ranging,0.07976432805496284,0.7866986735197676,0.13353699842526967,0.16648936170212766,0.6337765957446808,0.1997340425531915,2
1790820900000,83600.01,83541.31,-0.0001434021084897319,1.0,0.0025,ranging,0.10437217318013936,0.7138414881177073,0.18178633870215333,0.16648936170212766,0.6337765957446808,0.1997340425531915,2
1790821800000,83541.32,83447.75,0.0031930159890469767,2.0,0.0025,ranging,0.11565197652809321,0.6959754011644264,0.18837262230748048,0.16648936170212766,0.6337765957446808,0.1997340425531915,2
1790822700000,83447.75,83490.78,0.0031528032197087885,2.0,0.0025,ranging,0.08683372150361499,0.7631740829232709,0.14999219557311408,0.16648936170212766,0.6337765957446808,0.1997340425531915,2
1790823600000,83490.78,83474.01,0.005521479080734304,2.0,0.0025,ranging,0.08937446005410503,0.7485267330284296,0.16209880691746545,0.16648936170212766,0.6337765957446808,0.1997340425531915,2
1790824500000,83474.01,83529.33,0.003958848945633697,2.0,0.0025,low_liquidity,0.07199383312810899,0.808307560996189,0.11969860587570212,0.16648936170212766,0.6337765957446808,0.1997340425531915,2
1790825400000,83529.32,83714.2,0.002588330295218766,2.0,0.0025,ranging,0.13349530830377546,0.6782551497075663,0.18824954198865823,0.16648936170212766,0.6337765957446808,0.1997340425531915,2
1790826300000,83714.2,83754.01,0.004250542750132258,2.0,0.0025,ranging,0.11797379482570765,0.7008822169391603,0.18114398823513195,0.16648936170212766,0.6337765957446808,0.1997340425531915,2
1790827200000,83754.01,83934.91,0.0037064434810258895,2.0,0.0025,ranging,0.13431424582745013,0.7018810485023119,0.16380470567023797,0.16648936170212766,0.6337765957446808,0.1997340425531915,2
1790828100000,83934.91,83860.01,0.005106009407821466,2.0,0.0025,ranging,0.16377860506556233,0.6529431744521788,0.18327822048225895,0.16648936170212766,0.6337765957446808,0.1997340425531915,2
1790829000000,83860.0,83930.88,0.0033495419087705702,2.0,0.0025,ranging,0.16593803051161687,0.6493622719703045,0.1846996975180787,0.16648936170212766,0.6337765957446808,0.1997340425531915,2
1790829900000,83930.88,84110.01,0.0021575315470774292,1.0,0.0025,ranging,0.19041066244848548,0.5816671377060898,0.2279221998454248,0.16648936170212766,0.6337765957446808,0.1997340425531915,2
1790830800000,84110.01,84246.01,0.001543099785972002,1.0,0.0025,ranging,0.17513001788212693,0.605274149443667,0.21959583267420615,0.16648936170212766,0.6337765957446808,0.1997340425531915,2
1790831700000,84246.0,84288.2,0.0007017589650746281,1.0,0.0025,trending,0.1526232442608278,0.6066505790237925,0.2407261767153798,0.16648936170212766,0.6337765957446808,0.1997340425531915,2
1790832600000,84288.21,84212.01,-0.0006070393047261646,1.0,0.0025,trending,0.1501302069398624,0.6311834155496654,0.21868637751047215,0.16648936170212766,0.6337765957446808,0.1997340425531915,2
1790833500000,84212.01,84291.48,-0.002017167096840633,1.0,0.0025,trending,0.11670447980699063,0.6956161963554636,0.18767932383754574,0.16648936170212766,0.6337765957446808,0.1997340425531915,2
1790834400000,84291.49,84376.01,-0.003797169361291153,0.0,0.0025,trending,0.13572131950007685,0.646254748921976,0.21802393157794708,0.16648936170212766,0.6337765957446808,0.1997340425531915,2
1790835300000,84376.02,84347.35,-0.011654900835651794,0.0,0.0025,trending,0.11896481904297072,0.6596448410747832,0.22139033988224616,0.16648936170212766,0.6337765957446808,0.1997340425531915,2
1790836200000,84347.34,84160.89,-0.007328225735255378,0.0,0.0025,trending,0.15728416051456454,0.6546600593355639,0.18805578014987157,0.16648936170212766,0.6337765957446808,0.1997340425531915,2
1790837100000,84160.89,84121.45,-0.008220495485990797,0.0,0.0025,trending,0.18685255240971724,0.582212343552028,0.23093510403825473,0.16819056785370548,0.6323387872954764,0.19947064485081809,3
1790838000000,84121.45,84055.62,-0.007883708430203695,0.0,0.0025,trending,0.22570262832231414,0.5321802443620719,0.24211712731561402,0.16819056785370548,0.6323387872954764,0.19947064485081809,3
1790838900000,84055.61,83364.29,0.0008038213964278729,1.0,0.0025,trending,0.20649020129404205,0.467946752551693,0.32556304615426496,0.16819056785370548,0.6323387872954764,0.19947064485081809,3
1790839800000,83364.3,83544.14,-0.0006339163943755999,1.0,0.0025,trending,0.24903255467517407,0.4938465063411255,0.2571209389837005,0.16819056785370548,0.6323387872954764,0.19947064485081809,3
1790840700000,83544.14,83429.93,0.0016425759916136595,1.0,0.0025,trending,0.20447543822623965,0.5948641946369174,0.20066036713684285,0.16819056785370548,0.6323387872954764,0.19947064485081809,3
1790841600000,83429.93,83392.95,0.003566608448316133,2.0,0.0025,trending,0.25983184745829757,0.550088543967904,0.19007960857379846,0.16819056785370548,0.6323387872954764,0.19947064485081809,3
1790842500000,83392.96,83431.3,0.003962301917865396,2.0,0.0025,trending,0.2536585583526036,0.5673818883493252,0.17895955329807112,0.16819056785370548,0.6323387872954764,0.19947064485081809,3
1790843400000,83431.3,83491.18,0.004743854380786283,2.0,0.0025,trending,0.2507551313903021,0.5157979725867975,0.2334468960229005,0.16819056785370548,0.6323387872954764,0.19947064485081809,3
1790844300000,83491.18,83566.97,0.002573265489941745,2.0,0.0025,trending,0.20569311053593325,0.6147600580513203,0.17954683141274652,0.16819056785370548,0.6323387872954764,0.19947064485081809,3
1790845200000,83566.98,83690.38,0.00015748524501857375,1.0,0.0025,trending,0.18394437593831647,0.6235493064309845,0.19250631763069903,0.16819056785370548,0.6323387872954764,0.19947064485081809,3
1790846100000,83690.38,83761.88,-0.0008981412547093282,1.0,0.0025,trending,0.16371913130635996,0.621863182762143,0.2144176859314971,0.16819056785370548,0.6323387872954764,0.19947064485081809,3
1790847000000,83761.88,83887.25,-3.0040321979840634e-05,1.0,0.0025,trending,0.18126483499094379,0.6336237516024036,0.18511141340665266,0.16819056785370548,0.6323387872954764,0.19947064485081809,3
1790847900000,83887.24,83782.01,0.002199398176291112,1.0,0.0025,trending,0.17547126204542696,0.6190037998466382,0.20552493810793487,0.16819056785370548,0.6323387872954764,0.19947064485081809,3
1790848800000,83782.01,83703.56,0.0019484236990636727,1.0,0.0025,trending,0.20286069700584278,0.6100168988365757,0.18712240415758152,0.16819056785370548,0.6323387872954764,0.19947064485081809,3
1790849700000,83703.55,83686.65,0.0022388278178180343,1.0,0.0025,trending,0.18574172729504745,0.6346348123099811,0.17962346039497143,0.16819056785370548,0.6323387872954764,0.19947064485081809,3
1790850600000,83686.64,83884.73,0.000852240926328296,1.0,0.0025,trending,0.17547791194568482,0.6586031428267252,0.16591894522758996,0.16819056785370548,0.6323387872954764,0.19947064485081809,3
1790851500000,83884.73,83966.28,-0.0007207655263518076,1.0,0.0025,trending,0.18480602459167342,0.6239106980030469,0.19128327740527973,0.16819056785370548,0.6323387872954764,0.19947064485081809,3
1790852400000,83966.27,83866.65,0.0015028619838757251,1.0,0.0025,trending,0.15429880785470673,0.6703571572543866,0.17534403489090658,0.16819056785370548,0.6323387872954764,0.19947064485081809,3
1790853300000,83866.65,83874.01,0.00045306048917903574,1.0,0.0025,trending,0.1438346933336271,0.7276459651201023,0.1285193415462706,0.16819056785370548,0.6323387872954764,0.19947064485081809,3
1790854200000,83874.01,83956.22,-0.0006458127819475301,1.0,0.0025,trending,0.16651004601390945,0.6563193188524505,0.17717063513364015,0.16819056785370548,0.6323387872954764,0.19947064485081809,3
1790855100000,83956.23,83905.76,-0.002022983880963447,1.0,0.0025,ranging,0.19011253179815668,0.6207806340540969,0.1891068341477464,0.16819056785370548,0.6323387872954764,0.19947064485081809,3
1790856000000,83905.76,83992.69,-0.00558715288199485,0.0,0.0025,ranging,0.1622982316462274,0.6982634607161745,0.1394383076375983,0.16819056785370548,0.6323387872954764,0.19947064485081809,3
1790856900000,83992.68,83912.01,-0.005195561398183668,0.0,0.0025,ranging,0.19163349799971957,0.6387053682055551,0.1696611337947253,0.16819056785370548,0.6323387872954764,0.19947064485081809,3
1790857800000,83912.01,83902.0,0.0004530285332888795,1.0,0.0025,ranging,0.14802589816443143,0.6715223374770929,0.18045176435847562,0.16819056785370548,0.6323387872954764,0.19947064485081809,3
1790858700000,83902.0,83736.02,0.002432047761524725,1.0,0.0025,ranging,0.1934588460807423,0.5494826402914513,0.2570585136278064,0.16819056785370548,0.6323387872954764,0.19947064485081809,3
1790859600000,83736.02,83523.41,0.0033115266725818326,2.0,0.0025,ranging,0.16633652129513612,0.5896006991371086,0.24406277956775524,0.16819056785370548,0.6323387872954764,0.19947064485081809,3
1790860500000,83523.41,83476.04,0.007714309399439623,2.0,0.0025,ranging,0.17180849929369804,0.5793749637264152,0.24881653697988682,0.16819056785370548,0.6323387872954764,0.19947064485081809,3
1790861400000,83476.04,83940.01,0.0009530615972048739,1.0,0.0025,ranging,0.27914033632038027,0.4882678872903761,0.23259177638924347,0.16819056785370548,0.6323387872954764,0.19947064485081809,3
1790862300000,83940.01,83939.67,0.0013221400560663454,1.0,0.0025,ranging,0.2369416715397258,0.5615207287599269,0.2015375997003473,0.16819056785370548,0.6323387872954764,0.19947064485081809,3
1790863200000,83938.6,83800.0,0.003494033412887898,2.0,0.0025,ranging,0.24460028565744493,0.49793461713337656,0.2574650972091786,0.16819056785370548,0.6323387872954764,0.19947064485081809,3
1790864100000,83800.0,84120.0,-0.00030599144079890284,1.0,0.0025,ranging,0.23087730861523315,0.5342204025308402,0.23490228885392658,0.16819056785370548,0.6323387872954764,0.19947064485081809,3
1790865000000,84120.0,84020.01,-0.0015540345686698709,1.0,0.0025,ranging,0.21837294760135254,0.5611406114274856,0.22048644097116185,0.16819056785370548,0.6323387872954764,0.19947064485081809,3
1790865900000,84020.0,84050.65,0.0013325298495610038,1.0,0.0025,ranging,0.2147850732994441,0.5703770505213898,0.21483787617916617,0.16819056785370548,0.6323387872954764,0.19947064485081809,3
1790866800000,84050.65,84092.8,0.0026695507819931574,2.0,0.0025,high_volatility,0.22766358397761652,0.40598823371673676,0.3663481823056468,0.16819056785370548,0.6323387872954764,0.19947064485081809,3
1790867700000,84092.79,84094.26,0.0025118242315231853,2.0,0.0025,high_volatility,0.20087892477230682,0.6016497135082549,0.1974713617194383,0.16819056785370548,0.6323387872954764,0.19947064485081809,3
1790868600000,84094.27,83889.44,0.005249409222424228,2.0,0.0025,ranging,0.19692570090230535,0.5490525879032754,0.2540217111944192,0.16819056785370548,0.6323387872954764,0.19947064485081809,3
1790869500000,83889.44,84162.65,0.0004676658826687774,1.0,0.0025,high_volatility,0.23138092335837304,0.5639364570403529,0.2046826196012741,0.16819056785370548,0.6323387872954764,0.19947064485081809,3
1790870400000,84162.66,84317.29,0.0013710118055265674,1.0,0.0025,ranging,0.24698494120555212,0.578908399426618,0.17410665936782993,0.16819056785370548,0.6323387872954764,0.19947064485081809,3
1790871300000,84317.29,84305.49,0.0072794784776175625,2.0,0.0025,ranging,0.26744959368231946,0.5620401296134264,0.17051027670425403,0.16819056785370548,0.6323387872954764,0.19947064485081809,3
1790872200000,84305.49,84329.81,0.008599331600533722,2.0,0.0025,ranging,0.2674823163142997,0.5270668649065958,0.2054508187791044,0.16819056785370548,0.6323387872954764,0.19947064485081809,3
1790873100000,84329.82,84202.01,0.008384597944870897,2.0,0.0025,ranging,0.24791665760516732,0.5419852725708472,0.21009806982398557,0.16819056785370548,0.6323387872954764,0.19947064485081809,3
1790874000000,84202.0,84432.89,0.005312740094529644,2.0,0.0025,ranging,0.30375060764066886,0.5085156918367416,0.1877337005225897,0.16819056785370548,0.6323387872954764,0.19947064485081809,3
1790874900000,84432.9,84919.19,-0.0013688307672271582,1.0,0.0025,high_volatility,0.34974063672551164,0.4347208903727618,0.21553847290172654,0.16819056785370548,0.6323387872954764,0.19947064485081809,3
1790875800000,84919.18,85054.99,-0.0009757217066277413,1.0,0.0025,ranging,0.333310207672355,0.4297220504099309,0.236967741917714,0.16819056785370548,0.6323387872954764,0.19947064485081809,3
1790876700000,85054.99,84908.01,-0.0012482921222625176,1.0,0.0025,trending,0.2659087545966737,0.49723030663315304,0.23686093877017325,0.16819056785370548,0.6323387872954764,0.19947064485081809,3
1790877600000,84908.0,84881.46,-0.0009574528996084686,1.0,0.0025,trending,0.22583804971904906,0.49720387623551565,0.2769580740454352,0.16819056785370548,0.6323387872954764,0.19947064485081809,3
1790878500000,84881.47,84802.95,-0.0022515726162828376,1.0,0.0025,trending,0.21615913709266552,0.5848005025131725,0.199040360394162,0.16819056785370548,0.6323387872954764,0.19947064485081809,3
1790879400000,84802.95,84972.0,-0.003807371840135576,0.0,0.0025,trending,0.2669124013972525,0.42937828961066227,0.30370930899208526,0.16819056785370548,0.6323387872954764,0.19947064485081809,3
1790880300000,84972.01,84802.02,-0.0014935964968759707,1.0,0.0025,trending,0.23798454078606837,0.5448564010854849,0.21715905812844669,0.16819056785370548,0.6323387872954764,0.19947064485081809,3
1790881200000,84802.02,84800.19,-0.00016721660647234238,1.0,0.0025,trending,0.2424439846324477,0.5814338104323448,0.17612220493520753,0.16819056785370548,0.6323387872954764,0.19947064485081809,3
1790882100000,84800.18,84612.01,0.0018276365258311777,1.0,0.0025,trending,0.1875517470195233,0.6279431422697502,0.18450511071072648,0.16819056785370548,0.6323387872954764,0.19947064485081809,3
1790883000000,84612.0,84648.48,-0.00045470397105762395,1.0,0.0025,trending,0.22570103097985883,0.5956224056611995,0.1786765633589418,0.16819056785370548,0.6323387872954764,0.19947064485081809,3
1790883900000,84648.48,84675.36,-0.0004884537839578984,1.0,0.0025,trending,0.21800218838207494,0.5907962216923964,0.1912015899255287,0.16819056785370548,0.6323387872954764,0.19947064485081809,3
1790884800000,84675.36,84786.01,-0.0019631776515960375,1.0,0.0025,trending,0.21995138417717516,0.6060891657355282,0.1739594500872967,0.16819056785370548,0.6323387872954764,0.19947064485081809,3
1790885700000,84786.0,84766.65,-0.0020680302925736305,1.0,0.0025,trending,0.2083200196689138,0.6440376899111657,0.14764229041992047,0.16819056785370548,0.6323387872954764,0.19947064485081809,3
1790886600000,84766.66,84609.99,-0.0013700509833413088,1.0,0.0025,low_liquidity,0.1868931352556613,0.6554207114646354,0.15768615327970326,0.16819056785370548,0.6323387872954764,0.19947064485081809,3
1790887500000,84609.99,84634.0,-0.001051704988538793,1.0,0.0025,trending,0.24466744251291653,0.5883401376857256,0.16699241980135804,0.16819056785370548,0.6323387872954764,0.19947064485081809,3
1790888400000,84634.01,84619.56,0.0015249429328161312,1.0,0.0025,low_liquidity,0.16767747307971598,0.7136686219148163,0.11865390500546762,0.16819056785370548,0.6323387872954764,0.19947064485081809,3
1790889300000,84619.55,84591.35,0.0013120726882829281,1.0,0.0025,trending,0.2335586492624716,0.6128160601736261,0.15362529056390223,0.16819056785370548,0.6323387872954764,0.19947064485081809,3
1790890200000,84591.34,84494.07,0.0021789694827103467,1.0,0.0025,trending,0.22196000763832446,0.6180161842961112,0.16002380806556424,0.16819056785370548,0.6323387872954764,0.19947064485081809,3
1790891100000,84494.06,84544.99,0.002421669220139311,1.0,0.0025,trending,0.22841853286535962,0.629093638563763,0.14248782857087733,0.16819056785370548,0.6323387872954764,0.19947064485081809,3
1790892000000,84544.99,84748.6,-0.0009495142102642351,1.0,0.0025,ranging,0.20619238548116217,0.6287151358186701,0.16509247870016772,0.16819056785370548,0.6323387872954764,0.19947064485081809,3
1790892900000,84748.59,84702.34,0.00032631920204329035,1.0,0.0025,ranging,0.15921887584677408,0.7107617786354943,0.13001934551773162,0.16819056785370548,0.6323387872954764,0.19947064485081809,3
1790893800000,84702.34,84678.18,0.001887499235340151,1.0,0.0025,ranging,0.24541164437420704,0.5680067446323988,0.18658161099339426,0.16819056785370548,0.6323387872954764,0.19947064485081809,3
1790894700000,84678.18,84749.73,0.0015377040139243903,1.0,0.0025,low_liquidity,0.25010386038638693,0.5769463022608667,0.17294983735274624,0.16819056785370548,0.6323387872954764,0.19947064485081809,3
1790895600000,84749.74,84668.13,0.002603104615632734,2.0,0.0025,ranging,0.22766766984674763,0.6068221660252274,0.165510164128025,0.16819056785370548,0.6323387872954764,0.19947064485081809,3
1790896500000,84668.13,84729.98,0.0008502303434982927,1.0,0.0025,ranging,0.2572789467036423,0.532822194441843,0.20989885885451462,0.16819056785370548,0.6323387872954764,0.19947064485081809,3
1790897400000,84729.99,84838.01,-0.00016337016863077203,1.0,0.0025,ranging,0.2950384389437907,0.5382906251481349,0.1666709359080744,0.16819056785370548,0.6323387872954764,0.19947064485081809,3
1790898300000,84838.0,84880.05,-0.0011211114979314818,1.0,0.0025,ranging,0.2671878739777288,0.5891391694880193,0.14367295653425186,0.16819056785370548,0.6323387872954764,0.19947064485081809,3
1790899200000,84880.05,84888.53,-0.002602118330945258,0.0,0.0025,ranging,0.26138289203603016,0.5227221626767686,0.21589494528720127,0.16819056785370548,0.6323387872954764,0.19947064485081809,3
1790900100000,84888.52,84802.02,-0.0022170462448890538,1.0,0.0025,ranging,0.2337226750496342,0.5597924434512,0.20648488149916572,0.16819056785370548,0.6323387872954764,0.19947064485081809,3
1790901000000,84802.02,84824.15,-0.00290176795169772,0.0,0.0025,ranging,0.2569945389391077,0.5585298358163276,0.1844756252445646,0.16819056785370548,0.6323387872954764,0.19947064485081809,3
1790901900000,84824.15,84784.89,0.0014756167048162183,1.0,0.0025,ranging,0.23111724898979308,0.6073229486716264,0.1615598023385806,0.16819056785370548,0.6323387872954764,0.19947064485081809,3
1790902800000,84784.89,84667.64,0.004941439255895297,2.0,0.0025,ranging,0.15687972980957654,0.6566902463880826,0.18643002380234086,0.16819056785370548,0.6323387872954764,0.19947064485081809,3
1790903700000,84667.65,84614.01,0.0037818796201716243,2.0,0.0025,ranging,0.1922425838701729,0.6162705342312883,0.19148688189853874,0.16819056785370548,0.6323387872954764,0.19947064485081809,3
1790904600000,84614.0,84578.01,0.004847595728487919,2.0,0.0025,ranging,0.14585858964048037,0.6758847035446792,0.17825670681484035,0.16819056785370548,0.6323387872954764,0.19947064485081809,3
1790905500000,84578.01,84910.0,0.0032740548816394544,2.0,0.0025,ranging,0.2648485118966043,0.5733721796473091,0.16177930845608654,0.16819056785370548,0.6323387872954764,0.19947064485081809,3
1790906400000,84910.01,85086.02,0.002585383591805046,2.0,0.0025,ranging,0.28607089727352863,0.5420556938442149,0.17187340888225644,0.16819056785370548,0.6323387872954764,0.19947064485081809,3
1790907300000,85086.02,84934.01,0.004084582842609263,2.0,0.0025,ranging,0.31149107331715276,0.49968594168607,0.18882298499677727,0.16819056785370548,0.6323387872954764,0.19947064485081809,3
1790908200000,84934.0,84988.01,0.005152020855647699,2.0,0.0025,ranging,0.2036421484972033,0.6345119881940892,0.16184586330870743,0.16819056785370548,0.6323387872954764,0.19947064485081809,3
1790909100000,84988.01,85188.0,0.0038139174531623965,2.0,0.0025,ranging,0.2736423770087653,0.5643387044739336,0.16201891851730102,0.16819056785370548,0.6323387872954764,0.19947064485081809,3
1790910000000,85187.99,85306.0,0.0018472323166014437,1.0,0.0025,ranging,0.30366729466529174,0.49484798142982694,0.20148472390488142,0.16819056785370548,0.6323387872954764,0.19947064485081809,3
1790910900000,85306.01,85280.93,0.01767323597432635,2.0,0.0025,trending,0.20951341104781554,0.6350472479194625,0.15543934103272192,0.16819056785370548,0.6323387872954764,0.19947064485081809,3
1790911800000,85280.94,85425.87,0.012870223036651751,2.0,0.0025,trending,0.285233530437639,0.5177753254410514,0.19699114412130944,0.16819056785370548,0.6323387872954764,0.19947064485081809,3
1790912700000,85425.87,85512.9,0.01332220051009858,2.0,0.0025,trending,0.24775864198028152,0.534636708140342,0.21760464987937647,0.16819056785370548,0.6323387872954764,0.19947064485081809,3
1790913600000,85512.89,85463.58,0.013016304723017624,2.0,0.0025,trending,0.26758167504669395,0.5237923703244971,0.208625954628809,0.16819056785370548,0.6323387872954764,0.19947064485081809,3
1790914500000,85463.59,86788.12,-0.005088254014489424,0.0,0.0025,abnormal,0.3294493432895145,0.2168131978322879,0.45373745887819755,0.16819056785370548,0.6323387872954764,0.19947064485081809,3
1790915400000,86788.12,86525.32,-0.004484005375536393,0.0,0.0025,trending,0.3189714111036505,0.2930439241347108,0.3879846647616386,0.16819056785370548,0.6323387872954764,0.19947064485081809,3
1790916300000,86525.33,86652.12,-0.00750252850132227,0.0,0.0025,trending,0.3335368088731675,0.34510198119884583,0.32136120992798667,0.16819056785370548,0.6323387872954764,0.19947064485081809,3
1790917200000,86652.12,86576.0,-0.007776635557198319,0.0,0.0025,trending,0.25896067934877515,0.44503415154416365,0.2960051691070612,0.16819056785370548,0.6323387872954764,0.19947064485081809,3
1790918100000,86576.01,86346.52,-0.003712483143501255,0.0,0.0025,trending,0.2705017363789614,0.4346226878412813,0.29487557577975737,0.16819056785370548,0.6323387872954764,0.19947064485081809,3
1790919000000,86346.52,86137.34,-0.0015710956479501048,1.0,0.0025,trending,0.26312555542129373,0.45503330740369613,0.2818411371750102,0.16819056785370548,0.6323387872954764,0.19947064485081809,3
1790919900000,86137.34,86002.01,-0.00010534637504400202,1.0,0.0025,trending,0.22254521392581872,0.5398102005769468,0.2376445854972344,0.16819056785370548,0.6323387872954764,0.19947064485081809,3
1790920800000,86002.01,85902.73,0.0006279195084952782,1.0,0.0025,trending,0.227394453033069,0.5353028528487886,0.23730269411814234,0.16819056785370548,0.6323387872954764,0.19947064485081809,3
1790921700000,85902.73,86025.96,-0.0008131266422369832,1.0,0.0025,trending,0.3085639306173755,0.487412125757185,0.20402394362543955,0.16819056785370548,0.6323387872954764,0.19947064485081809,3
1790922600000,86025.97,86002.01,-0.002711448255685922,0.0,0.0025,trending,0.22857106636809688,0.5513924546729185,0.2200364789589847,0.16819056785370548,0.6323387872954764,0.19947064485081809,3
1790923500000,86002.0,85992.95,0.0011245107883843808,1.0,0.0025,trending,0.23022248728159292,0.5675959131741333,0.20218159954427384,0.16819056785370548,0.6323387872954764,0.19947064485081809,3
1790924400000,85992.96,85956.67,0.004227013447589245,2.0,0.0025,trending,0.23066749729887084,0.5623258279328822,0.207006674768247,0.16819056785370548,0.6323387872954764,0.19947064485081809,3
1790925300000,85956.67,85956.01,0.005165316538075837,2.0,0.0025,trending,0.2048781786005042,0.5725061442797611,0.22261567711973482,0.16819056785370548,0.6323387872954764,0.19947064485081809,3
1790926200000,85956.01,85768.82,0.006471116193506932,2.0,0.0025,trending,0.22275110434039055,0.5372707427009948,0.23997815295861455,0.16819056785370548,0.6323387872954764,0.19947064485081809,3
1790927100000,85768.83,86089.65,0.0016999720640054061,1.0,0.0025,trending,0.2747947522498456,0.486571360914376,0.23863388683577838,0.16819056785370548,0.6323387872954764,0.19947064485081809,3
1790928000000,86089.64,86320.01,-0.001459453028330282,1.0,0.0025,trending,0.30287745189446214,0.5334217696033112,0.16370077850222658,0.16819056785370548,0.6323387872954764,0.19947064485081809,3
1790928900000,86320.01,86400.0,-0.002209837962962924,1.0,0.0025,trending,0.31938835070692545,0.47882993198612295,0.20178171730695166,0.16819056785370548,0.6323387872954764,0.19947064485081809,3
1790929800000,86400.0,86323.84,0.00016565528132206353,1.0,0.0025,trending,0.3079226283492476,0.5013694878307892,0.19070788381996331,0.16819056785370548,0.6323387872954764,0.19947064485081809,3
1790930700000,86323.83,86236.0,0.0014845308223943032,1.0,0.0025,trending,0.2793884410155235,0.5191963932562982,0.20141516572817822,0.16819056785370548,0.6323387872954764,0.19947064485081809,3
1790931600000,86236.01,86194.03,0.0016472138499614708,1.0,0.0025,trending,0.30067505906550446,0.4536825644298348,0.24564237650466064,0.16819056785370548,0.6323387872954764,0.19947064485081809,3
1790932500000,86194.02,86209.07,0.002323653416050009,1.0,0.0025,trending,0.3081540358874549,0.47802210236908976,0.21382386174345525,0.16819056785370548,0.6323387872954764,0.19947064485081809,3
1790933400000,86209.08,86338.14,0.0010409072977479727,1.0,0.0025,trending,0.3031934853521909,0.5198221149445368,0.17698439970327237,0.16819056785370548,0.6323387872954764,0.19947064485081809,3
1790934300000,86338.14,86364.02,-0.0007690702679193917,1.0,0.0025,trending,0.27002339788570195,0.5617137157605606,0.16826288635373737,0.16819056785370548,0.6323387872954764,0.19947064485081809,3
1790935200000,86364.01,86336.01,0.001413083602079812,1.0,0.0025,trending,0.2383148184515373,0.6196961456175106,0.1419890359309521,0.16819056785370548,0.6323387872954764,0.19947064485081809,3
1790936100000,86336.01,86409.39,0.0002539075903671417,1.0,0.0025,trending,0.2700624975536125,0.5377983795206569,0.19213912292573054,0.16819056785370548,0.6323387872954764,0.19947064485081809,3
1790937000000,86408.18,86428.01,0.0008043688614374211,1.0,0.0025,trending,0.2803735753609105,0.5541928436890069,0.1654335809500825,0.16819056785370548,0.6323387872954764,0.19947064485081809,3
1790937900000,86428.0,86297.6,0.0014745485390093016,1.0,0.0025,trending,0.20196873074262253,0.623753550679106,0.17427771857827154,0.16819056785370548,0.6323387872954764,0.19947064485081809,3
1790938800000,86297.6,86458.01,-0.0006012167062369178,1.0,0.0025,trending,0.24808902026222873,0.5780894806424637,0.17382149909530753,0.16819056785370548,0.6323387872954764,0.19947064485081809,3
1790939700000,86458.0,86431.33,0.0021406589485548633,1.0,0.0025,trending,0.22441002484799055,0.6018543228449986,0.17373565230701088,0.16819056785370548,0.6323387872954764,0.19947064485081809,3
1790940600000,86431.34,86497.53,-0.000248908841674389,1.0,0.0025,trending,0.28592195745254884,0.54300478938541,0.17107325316204114,0.16819056785370548,0.6323387872954764,0.19947064485081809,3
1790941500000,86497.53,86424.85,0.004456472877881756,2.0,0.0025,trending,0.22688839686420295,0.5931685049333928,0.17994309820240428,0.16819056785370548,0.6323387872954764,0.19947064485081809,3
1790942400000,86424.85,86406.03,0.003309606979975843,2.0,0.0025,trending,0.20331439111326582,0.6036240184626916,0.19306159042404245,0.16819056785370548,0.6323387872954764,0.19947064485081809,3
1790943300000,86406.02,86616.35,-0.00011279625613414002,1.0,0.0025,trending,0.2705086911740709,0.5505869553395645,0.17890435348636458,0.16819056785370548,0.6323387872954764,0.19947064485081809,3
1790944200000,86616.35,86476.0,0.004906679309866213,2.0,0.0025,trending,0.30851868929695264,0.3679112317134493,0.32357007898959794,0.16819056785370548,0.6323387872954764,0.19947064485081809,3
1790945100000,86476.01,86810.0,-0.0028216795300080033,0.0,0.0025,trending,0.3123920501747155,0.495124086739319,0.1924838630859656,0.16819056785370548,0.6323387872954764,0.19947064485081809,3
1790946000000,86810.01,86692.0,-0.0038757901536473627,0.0,0.0025,trending,0.285644372315598,0.5079902878594508,0.20636533982495112,0.16819056785370548,0.6323387872954764,0.19947064485081809,3
1790946900000,86692.01,86606.58,-0.006058662055469677,0.0,0.0025,trending,0.26184475210154434,0.541414788771791,0.19674045912666457,0.16819056785370548,0.6323387872954764,0.19947064485081809,3
1790947800000,86606.58,86900.31,-0.010889604421434163,0.0,0.0025,trending,0.3556513481504193,0.3903035014240006,0.25404515042557996,0.16819056785370548,0.6323387872954764,0.19947064485081809,3
1790948700000,86900.84,86565.05,-0.010144047742131623,0.0,0.0025,trending,0.2648694461683597,0.4599628363928738,0.27516771743876645,0.16819056785370548,0.6323387872954764,0.19947064485081809,3
1790949600000,86565.06,86356.0,-0.008300523414701999,0.0,0.0025,trending,0.19870283194615906,0.45642891732608304,0.34486825072775795,0.16819056785370548,0.6323387872954764,0.19947064485081809,3
1790950500000,86356.0,86081.86,-0.006945133388149394,0.0,0.0025,high_volatility,0.19486874918334013,0.45196077518959127,0.35317047562706855,0.16819056785370548,0.6323387872954764,0.19947064485081809,3
1790951400000,86081.86,85954.0,-0.007126020894897223,0.0,0.0025,high_volatility,0.2377022770722887,0.3954669632519796,0.3668307596757317,0.16819056785370548,0.6323387872954764,0.19947064485081809,3
1790952300000,85954.0,85686.93,-0.0042121943218177416,0.0,0.002524229103392957,high_volatility,0.2167070765867932,0.35415592219018016,0.4291370012230268,0.16819056785370548,0.6323387872954764,0.19947064485081809,3
1790953200000,85686.93,85639.2,-0.0050349606255080115,0.0,0.002541810586342916,high_volatility,0.2155550486856636,0.47844729827175797,0.30599765304257853,0.16819056785370548,0.6323387872954764,0.19947064485081809,3
1790954100000,85639.19,85484.01,-0.0035715451345812443,0.0,0.0025511238276835933,high_volatility,0.18712223284730534,0.468439854346292,0.34443791280640274,0.16819056785370548,0.6323387872954764,0.19947064485081809,3
1790955000000,85484.0,85341.49,-0.001751668502624093,1.0,0.0025,high_volatility,0.20239845065425727,0.5071704511462245,0.29043109819951823,0.16819056785370548,0.6323387872954764,0.19947064485081809,3
1790955900000,85341.5,85326.0,-0.0019453624920892088,1.0,0.0025,high_volatility,0.19679989576159237,0.5109348305494044,0.29226527368900324,0.16819056785370548,0.6323387872954764,0.19947064485081809,3
1790956800000,85326.0,85208.01,-0.003381137524511968,0.0,0.0025,high_volatility,0.17319714790063945,0.537649658033052,0.2891531940663086,0.16819056785370548,0.6323387872954764,0.19947064485081809,3
1790957700000,85208.01,85178.7,-0.006973104778541961,0.0,0.0025,high_volatility,0.17670367216064345,0.6395032871661609,0.18379304067319574,0.16819056785370548,0.6323387872954764,0.19947064485081809,3
1790958600000,85178.69,85192.0,-0.00689947412902614,0.0,0.0025,high_volatility,0.16037837335228186,0.6402582957428182,0.1993633309048998,0.16819056785370548,0.6323387872954764,0.19947064485081809,3
1790959500000,85192.0,85160.01,-0.004523954377177675,0.0,0.0025,high_volatility,0.1654476677701958,0.6603907841103046,0.1741615481194996,0.16819056785370548,0.6323387872954764,0.19947064485081809,3
1790960400000,85160.0,84919.91,-0.00033784774383305294,1.0,0.0025,high_volatility,0.16853748094096288,0.5412196903780655,0.2902428286809717,0.16819056785370548,0.6323387872954764,0.19947064485081809,3
1790961300000,84919.91,84584.74,0.00043151991718604066,1.0,0.0025,high_volatility,0.1597959637552604,0.3283498330810388,0.5118542031637009,0.16819056785370548,0.6323387872954764,0.19947064485081809,3
1790962200000,84584.75,84604.22,-0.006660424267252885,0.0,0.002516285632395134,high_volatility,0.18979358195914667,0.4181775983912272,0.39202881964962605,0.16819056785370548,0.6323387872954764,0.19947064485081809,3
1790963100000,84604.21,84774.75,-0.006048263191575365,0.0,0.0025,high_volatility,0.20600435832651703,0.5868747559918839,0.20712088568159906,0.16819056785370548,0.6323387872954764,0.19947064485081809,3
1790964000000,84774.75,84891.22,-0.008969832215864115,0.0,0.0025,high_volatility,0.18784134822505336,0.5855899029126942,0.22656874886225248,0.16819056785370548,0.6323387872954764,0.19947064485081809,3
1790964900000,84891.21,84621.24,-0.005675052740895858,0.0,0.0025,high_volatility,0.1664123982619721,0.5400423422617362,0.29354525947629173,0.16819056785370548,0.6323387872954764,0.19947064485081809,3
1790965800000,84621.25,84040.72,0.0017288047984356236,1.0,0.0025714275260038757,high_volatility,0.1356624316258123,0.40170800623275604,0.4626295621414318,0.16819056785370548,0.6323387872954764,0.19947064485081809,3
1790966700000,84040.88,84262.01,0.0006321947458884924,1.0,0.0025890044544827624,high_volatility,0.15332421146266184,0.4711514920131583,0.37552429652417985,0.16819056785370548,0.6323387872954764,0.19947064485081809,3
1790967600000,84262.01,84129.76,0.002903253260201799,2.0,0.0025265641942685776,high_volatility,0.14637197552756384,0.526905772842109,0.3267222516303272,0.16819056785370548,0.6323387872954764,0.19947064485081809,3
1790968500000,84129.76,84141.01,0.0024600370259402204,1.0,0.0025,high_volatility,0.2009676551508975,0.6032624916926965,0.195769853156406,0.16819056785370548,0.6323387872954764,0.19947064485081809,3
1790969400000,84141.01,84186.01,0.0006176798258998861,1.0,0.0025,high_volatility,0.1971050952215218,0.5632718440770891,0.23962306070138906,0.16819056785370548,0.6323387872954764,0.19947064485081809,3
1790970300000,84186.01,84315.28,0.00170502902913916,1.0,0.0025,high_volatility,0.17259937158444513,0.6278488252110804,0.19955180320447452,0.16819056785370548,0.6323387872954764,0.19947064485081809,3
1790971200000,84315.27,84374.01,0.0014458243717467845,1.0,0.0025,trending,0.21024634719406274,0.6144624304373355,0.17529122236860187,0.16819056785370548,0.6323387872954764,0.19947064485081809,3
1790972100000,84374.0,84348.0,0.0010197040830843829,1.0,0.0025,trending,0.18294181165244625,0.6734595841738374,0.14359860417371648,0.16819056785370548,0.6323387872954764,0.19947064485081809,3
1790973000000,84348.0,84238.01,0.0033475387179731086,2.0,0.0025,trending,0.17524481469104486,0.6617119992523733,0.16304318605658175,0.16819056785370548,0.6323387872954764,0.19947064485081809,3
1790973900000,84238.01,84459.04,0.0008601802719994112,1.0,0.0025,trending,0.19878426940618318,0.641833982222839,0.15938174837097768,0.16819056785370548,0.6323387872954764,0.19947064485081809,3
1790974800000,84459.04,84496.0,0.0005906788487028969,1.0,0.0025,low_liquidity,0.21736648510117854,0.6165839542413869,0.16604956065743448,0.16819056785370548,0.6323387872954764,0.19947064485081809,3
1790975700000,84496.0,84434.01,0.001077764753800059,1.0,0.0025,trending,0.15999301722063833,0.6736733391945211,0.16633364358484046,0.16819056785370548,0.6323387872954764,0.19947064485081809,3
1790976600000,84434.0,84520.0,-0.00011831519167060378,1.0,0.0025,trending,0.17059927569462932,0.6597905538643979,0.16961017044097287,0.16819056785370548,0.6323387872954764,0.19947064485081809,3
1790977500000,84519.99,84531.69,0.00033490398689539624,1.0,0.0025,trending,0.13556306639705998,0.7373229738544352,0.12711395974850467,0.16819056785370548,0.6323387872954764,0.19947064485081809,3
1790978400000,84531.68,84545.91,-0.0006527814296398704,1.0,0.0025,trending,0.18106105595221458,0.6741428814741457,0.14479606257363975,0.16819056785370548,0.6323387872954764,0.19947064485081809,3
1790979300000,84546.0,84525.01,0.00048494522508790716,1.0,0.0025,trending,0.12184068117471401,0.7526672232010558,0.12549209562423014,0.16819056785370548,0.6323387872954764,0.19947064485081809,3
1790980200000,84525.02,84510.0,0.0008210862619808523,1.0,0.0025,trending,0.15612270297831782,0.7194595881457291,0.1244177088759531,0.16819056785370548,0.6323387872954764,0.19947064485081809,3
1790981100000,84510.0,84560.0,-0.0004965704824977379,1.0,0.0025,trending,0.11804461761149843,0.7682118209143562,0.11374356147414538,0.16819056785370548,0.6323387872954764,0.19947064485081809,3
1790982000000,84559.99,84490.72,0.0003384987132315498,1.0,0.0025,low_liquidity,0.10997815767983644,0.7873916558120267,0.10263018650813684,0.16819056785370548,0.6323387872954764,0.19947064485081809,3
1790982900000,84490.72,84566.0,-8.644135941160425e-05,1.0,0.0025,low_liquidity,0.13132193861016248,0.7570123357186554,0.11166572567118217,0.16819056785370548,0.6323387872954764,0.19947064485081809,3
1790983800000,84566.01,84579.39,0.0006090136143095393,1.0,0.0025,trending,0.13715999544904797,0.7535889986687387,0.10925100588221329,0.16819056785370548,0.6323387872954764,0.19947064485081809,3
1790984700000,84579.39,84518.01,0.00168129845934617,1.0,0.0025,trending,0.11210066945432269,0.7598257229835844,0.12807360756209274,0.16819056785370548,0.6323387872954764,0.19947064485081809,3
1790985600000,84518.0,84519.32,0.0015674522700843685,1.0,0.0025,trending,0.07638224023334195,0.8242749648360037,0.0993427949306543,0.16819056785370548,0.6323387872954764,0.19947064485081809,3
1790986500000,84519.31,84558.69,0.0006610793047998609,1.0,0.0025,trending,0.06898319768702559,0.8530032796064603,0.07801352270651411,0.16819056785370548,0.6323387872954764,0.19947064485081809,3
1790987400000,84558.68,84630.9,-4.419189681303948e-05,1.0,0.0025,trending,0.07562414296589272,0.8411727684505449,0.08320308858356235,0.16819056785370548,0.6323387872954764,0.19947064485081809,3
1790988300000,84630.9,84660.11,-0.00023753808021276246,1.0,0.0025,low_liquidity,0.06202213830450581,0.8810131410370675,0.05696472065842655,0.16819056785370548,0.6323387872954764,0.19947064485081809,3
1790989200000,84660.11,84651.8,-0.0004465351002578277,1.0,0.0025,trending,0.0546827494474363,0.8856316745590915,0.05968557599347219,0.16819056785370548,0.6323387872954764,0.19947064485081809,3
1790990100000,84651.79,84614.59,0.00031814844224853367,1.0,0.0025,trending,0.059361110676301114,0.8705229484728237,0.07011594085087505,0.16819056785370548,0.6323387872954764,0.19947064485081809,3
1790991000000,84614.6,84627.16,0.0006130419595788972,1.0,0.0025,trending,0.05713488627644012,0.8874796698975358,0.0553854438260241,0.16819056785370548,0.6323387872954764,0.19947064485081809,3
1790991900000,84627.17,84640.0,-0.0004725897920604405,1.0,0.0025,low_liquidity,0.04922020303108273,0.9134243430048098,0.03735545396410747,0.16819056785370548,0.6323387872954764,0.19947064485081809,3
1790992800000,84640.01,84614.0,-0.0009615430070674114,1.0,0.0025,low_liquidity,0.04376895184367825,0.9133414783413191,0.042889569815002616,0.16819056785370548,0.6323387872954764,0.19947064485081809,3
1790993700000,84614.0,84641.51,-0.000561190366287212,1.0,0.0025,ranging,0.042023973064792414,0.9171811671419645,0.04079485979324308,0.16819056785370548,0.6323387872954764,0.19947064485081809,3
1790994600000,84641.52,84679.04,-0.0002791717997747689,1.0,0.0025,ranging,0.04072518998497696,0.9237335200037073,0.03554129001131567,0.16819056785370548,0.6323387872954764,0.19947064485081809,3
1790995500000,84679.03,84600.0,0.0011768321513001556,1.0,0.0025,ranging,0.04039433695490857,0.9115891709903053,0.04801649205478607,0.16819056785370548,0.6323387872954764,0.19947064485081809,3
1790996400000,84600.01,84532.64,0.0015496972530373299,1.0,0.0025,ranging,0.04321339307181398,0.9009064483820994,0.0558801585460865,0.16819056785370548,0.6323387872954764,0.19947064485081809,3
1790997300000,84532.64,84594.01,-0.0007803152965557558,1.0,0.0025,ranging,0.04541586887778272,0.90448885914271,0.05009527197950716,0.16819056785370548,0.6323387872954764,0.19947064485081809,3
1790998200000,84594.01,84655.4,-0.001244929443366849,1.0,0.0025,ranging,0.04419605845547366,0.9133266280518568,0.042477313492669345,0.16819056785370548,0.6323387872954764,0.19947064485081809,3
1790999100000,84655.39,84699.56,-0.001444281410670878,1.0,0.0025,ranging,0.045054671828200915,0.9039767873731771,0.05096854079862217,0.16819056785370548,0.6323387872954764,0.19947064485081809,3
1791000000000,84699.56,84663.64,-0.001103779615428735,1.0,0.0025,low_liquidity,0.0420644885502391,0.9052681104698836,0.0526674009798773,0.16819056785370548,0.6323387872954764,0.19947064485081809,3
1791000900000,84663.63,84528.0,0.0010840194964982786,1.0,0.0025,ranging,0.051047926154357305,0.8707685134610162,0.0781835603846265,0.16819056785370548,0.6323387872954764,0.19947064485081809,3
1791001800000,84528.0,84550.01,0.0010339442893028128,1.0,0.0025,ranging,0.04261131812288179,0.9017770262602415,0.05561165561687684,0.16819056785370548,0.6323387872954764,0.19947064485081809,3
1791002700000,84550.01,84577.23,0.0008851082022904855,1.0,0.0025,ranging,0.03864321371392571,0.9105377266785398,0.050819059607534495,0.16819056785370548,0.6323387872954764,0.19947064485081809,3
1791003600000,84577.23,84570.19,0.0006879492643920848,1.0,0.0025,ranging,0.04052982033241885,0.9068455041779019,0.05262467548967919,0.16819056785370548,0.6323387872954764,0.19947064485081809,3
1791004500000,84570.2,84619.63,0.000353582259813745,1.0,0.0025,ranging,0.050832384717286835,0.8929048837288911,0.05626273155382203,0.16819056785370548,0.6323387872954764,0.19947064485081809,3
1791005400000,84619.64,84637.43,0.00018183444369723745,1.0,0.0025,low_liquidity,0.040484791780415176,0.9047915524646951,0.0547236557548897,0.16819056785370548,0.6323387872954764,0.19947064485081809,3
1791006300000,84637.44,84652.09,-0.00078072496497128,1.0,0.0025,ranging,0.04881862438600248,0.8901743583209641,0.06100701729303342,0.16819056785370548,0.6323387872954764,0.19947064485081809,3
1791007200000,84652.09,84628.37,-0.0004771449574177966,1.0,0.0025,ranging,0.04623429472752567,0.8709426417955487,0.08282306347692553,0.16819056785370548,0.6323387872954764,0.19947064485081809,3
1791008100000,84628.37,84649.55,-0.00023508689650453274,1.0,0.0025,ranging,0.046389875705429705,0.8579480349513452,0.09566208934322502,0.16819056785370548,0.6323387872954764,0.19947064485081809,3
1791009000000,84649.55,84652.82,-0.0009782308492500835,1.0,0.0025,ranging,0.054711465447158186,0.8591485947301954,0.08613993982264644,0.16819056785370548,0.6323387872954764,0.19947064485081809,3
1791009900000,84652.82,84586.0,-0.000307379471780167,1.0,0.0025,ranging,0.12482328545586047,0.7639782085599314,0.11119850598420794,0.16819056785370548,0.6323387872954764,0.19947064485081809,3
1791010800000,84586.01,84587.99,0.0006557668529538763,1.0,0.0025,ranging,0.08892589119088395,0.8363315275123197,0.07474258129679649,0.16819056785370548,0.6323387872954764,0.19947064485081809,3
1791011700000,84587.99,84629.65,-0.00047004802690309155,1.0,0.0025,ranging,0.10768417680229757,0.812265905825983,0.08004991737171938,0.16819056785370548,0.6323387872954764,0.19947064485081809,3
1791012600000,84629.66,84570.01,0.0006576799506115005,1.0,0.0025,ranging,0.10568300963763125,0.7942334964463903,0.10008349391597832,0.16819056785370548,0.6323387872954764,0.19947064485081809,3
1791013500000,84570.0,84560.0,0.0006623699148533557,1.0,0.0025,ranging,0.05290761448835625,0.8622014769115868,0.08489090860005709,0.16819056785370548,0.6323387872954764,0.19947064485081809,3
1791014400000,84560.0,84643.46,-4.075920336921168e-05,1.0,0.0025,ranging,0.1175486498615974,0.7731292548393295,0.10932209529907301,0.16819056785370548,0.6323387872954764,0.19947064485081809,3
1791015300000,84643.46,84589.87,9.682010387290774e-05,1.0,0.0025,ranging,0.11234017535627824,0.7561013624717468,0.13155846217197503,0.16819056785370548,0.6323387872954764,0.19947064485081809,3
1791016200000,84589.86,84625.63,-0.0004203218339409176,1.0,0.0025,ranging,0.04613710072225118,0.8685943043543841,0.08526859492336461,0.16819056785370548,0.6323387872954764,0.19947064485081809,3
1791017100000,84625.63,84616.01,-0.0001890895115475022,1.0,0.0025,ranging,0.05090077445868821,0.8377763793120322,0.11132284622927961,0.16819056785370548,0.6323387872954764,0.19947064485081809,3
1791018000000,84616.02,84640.01,-0.0007000235467835569,1.0,0.0025,ranging,0.08747432280082552,0.8031847429533938,0.10934093424578065,0.16819056785370548,0.6323387872954764,0.19947064485081809,3
1791018900000,84640.01,84598.06,-0.0001398377220470648,1.0,0.0025,ranging,0.03457640444192836,0.9145372163477942,0.05088637921027753,0.16819056785370548,0.6323387872954764,0.19947064485081809,3
1791019800000,84598.06,84590.06,0.00012932961626943573,1.0,0.0025,ranging,0.03200814624455061,0.9281101679768852,0.03988168577856422,0.16819056785370548,0.6323387872954764,0.19947064485081809,3
1791020700000,84590.06,84600.01,0.00042695030414319213,1.0,0.0025,ranging,0.03773109029969217,0.9193958677482266,0.04287304195208126,0.16819056785370548,0.6323387872954764,0.19947064485081809,3
1791021600000,84600.0,84580.76,0.0007595107918161315,1.0,0.0025,ranging,0.04559411950776128,0.8980797861178679,0.056326094374371,0.16819056785370548,0.6323387872954764,0.19947064485081809,3
1791022500000,84580.76,84586.23,0.0007683283673951546,1.0,0.0025,ranging,0.045188647392600784,0.897355893236703,0.05745545937069628,0.16819056785370548,0.6323387872954764,0.19947064485081809,3
1791023400000,84586.24,84601.0,0.000691008380515612,1.0,0.0025,ranging,0.04096765966517252,0.9200643485331934,0.038967991801633906,0.16819056785370548,0.6323387872954764,0.19947064485081809,3
1791024300000,84601.0,84636.13,0.00042393242696703304,1.0,0.0025,ranging,0.03702772307762311,0.9225664128551914,0.04040586406718546,0.16819056785370548,0.6323387872954764,0.19947064485081809,3
1791025200000,84636.13,84645.0,0.0006023982515210857,1.0,0.0025,ranging,0.04410895108834452,0.9094893129134072,0.046401735998248386,0.16819056785370548,0.6323387872954764,0.19947064485081809,3
1791026100000,84645.0,84651.22,0.0024828939263958905,1.0,0.0025,ranging,0.031713975485814457,0.9306222163057243,0.03766380820846138,0.16819056785370548,0.6323387872954764,0.19947064485081809,3
1791027000000,84651.22,84659.46,0.0019200453203929158,1.0,0.0025,ranging,0.03556657628751793,0.9249955921887262,0.03943783152375592,0.16819056785370548,0.6323387872954764,0.19947064485081809,3
1791027900000,84659.46,84672.01,0.0025511382096634616,2.0,0.0025,ranging,0.039217158025087906,0.909772830448123,0.05101001152678926,0.16819056785370548,0.6323387872954764,0.19947064485081809,3
1791028800000,84672.01,84695.99,0.0018575849931030675,1.0,0.0025,ranging,0.041338465098266226,0.9156114014998726,0.04305013340186104,0.16819056785370548,0.6323387872954764,0.19947064485081809,3
1791029700000,84696.0,84861.4,-0.0005820078386640226,1.0,0.0025,ranging,0.16822677851376364,0.7016349273338983,0.13013829415233807,0.16819056785370548,0.6323387872954764,0.19947064485081809,3
1791030600000,84861.41,84822.01,0.00013463486658715773,1.0,0.0025,ranging,0.0753817478388954,0.7859973367178736,0.1386209154432308,0.16819056785370548,0.6323387872954764,0.19947064485081809,3
1791031500000,84822.02,84888.02,-0.0002118084507096718,1.0,0.0025,trending,0.1070035058846516,0.7913935299132413,0.10160296420210699,0.16819056785370548,0.6323387872954764,0.19947064485081809,3
1791032400000,84888.02,84853.32,-0.0007177091008343517,1.0,0.0025,trending,0.06915886118170649,0.8226172113966299,0.10822392742166367,0.16819056785370548,0.6323387872954764,0.19947064485081809,3
1791033300000,84853.32,84812.01,0.00016495305322927756,1.0,0.0025,trending,0.05594881939340553,0.8595321863054364,0.0845189943011583,0.16819056785370548,0.6323387872954764,0.19947064485081809,3
1791034200000,84812.01,84833.43,-0.0009598810280333492,1.0,0.0025,trending,0.07301304765080657,0.8248657917066552,0.1021211606425383,0.16819056785370548,0.6323387872954764,0.19947064485081809,3
1791035100000,84833.43,84870.04,-0.0001653115752037193,1.0,0.0025,trending,0.06041469935385421,0.8509835236571239,0.0886017769890217,0.16819056785370548,0.6323387872954764,0.19947064485081809,3
1791036000000,84870.03,84792.42,0.0009515001458857419,1.0,0.0025,trending,0.09585273248091328,0.7785941964758392,0.12555307104324753,0.16819056785370548,0.6323387872954764,0.19947064485081809,3
1791036900000,84792.42,84826.0,0.0001492466932309089,1.0,0.0025,trending,0.0884482429654963,0.807145090301239,0.10440666673326468,0.16819056785370548,0.6323387872954764,0.19947064485081809,3
1791037800000,84826.01,84752.0,0.0008052907306022039,1.0,0.0025,trending,0.09356962304859683,0.7634841661564683,0.14294621079493486,0.16819056785370548,0.6323387872954764,0.19947064485081809,3
1791038700000,84752.0,84856.01,0.00013281322089042646,1.0,0.0025,trending,0.1264499034638713,0.7705044874860898,0.10304560905003883,0.16819056785370548,0.6323387872954764,0.19947064485081809,3
1791039600000,84856.01,84873.1,-0.0003881088354260598,1.0,0.0025,trending,0.11379726785202601,0.7768403222930755,0.10936240985489848,0.16819056785370548,0.6323387872954764,0.19947064485081809,3
1791040500000,84873.1,84838.66,-0.0002998632934561041,1.0,0.0025,trending,0.09802641041221952,0.801367123957826,0.10060646562995444,0.16819056785370548,0.6323387872954764,0.19947064485081809,3
1791041400000,84838.66,84820.25,0.000280475476080122,1.0,0.0025,trending,0.10882231091158179,0.7640794624710738,0.12709822661734443,0.16819056785370548,0.6323387872954764,0.19947064485081809,3
1791042300000,84820.25,84867.28,8.837328119959409e-06,1.0,0.0025,trending,0.0901866742732136,0.8204920683625231,0.0893212573642634,0.16819056785370548,0.6323387872954764,0.19947064485081809,3
1791043200000,84867.27,84840.16,0.0005843930515925244,1.0,0.0025,trending,0.08522901440326419,0.8260940383005491,0.0886769472961868,0.16819056785370548,0.6323387872954764,0.19947064485081809,3
1791044100000,84840.16,84813.22,0.0009525637630547479,1.0,0.0025,trending,0.07875959808372615,0.8358352858974253,0.08540511601884852,0.16819056785370548,0.6323387872954764,0.19947064485081809,3
1791045000000,84813.23,84844.04,0.0017024177537985352,1.0,0.0025,trending,0.0873251879503377,0.8253305383813324,0.08734427366832995,0.16819056785370548,0.6323387872954764,0.19947064485081809,3
1791045900000,84844.04,84868.03,0.0016963985142579574,1.0,0.0025,ranging,0.10170899974899106,0.8010423573298667,0.09724864292114221,0.16819056785370548,0.6323387872954764,0.19947064485081809,3
1791046800000,84868.02,84889.74,0.0011722264669440374,1.0,0.0025,ranging,0.11365938790399208,0.7877030374332412,0.09863757466276674,0.16819056785370548,0.6323387872954764,0.19947064485081809,3
1791047700000,84889.74,84894.01,0.0011987889369344806,1.0,0.0025,ranging,0.13804900129939646,0.7684444397710296,0.09350655892957377,0.16819056785370548,0.6323387872954764,0.19947064485081809,3
1791048600000,84894.01,84988.48,-0.0005467799871229362,1.0,0.0025,ranging,0.16633381173294856,0.7194664429003371,0.11419974536671439,0.16819056785370548,0.6323387872954764,0.19947064485081809,3
1791049500000,84988.49,85012.0,-0.000729426433915159,1.0,0.0025,ranging,0.15011470579088726,0.7458875182942482,0.10399777591486471,0.16819056785370548,0.6323387872954764,0.19947064485081809,3
1791050400000,85012.01,84989.25,-0.0014048835588029718,1.0,0.0025,ranging,0.11336187289377041,0.7909357647254657,0.09570236238076403,0.16819056785370548,0.6323387872954764,0.19947064485081809,3
1791051300000,84989.25,84995.78,-0.0019726861733605494,1.0,0.0025,ranging,0.08468886144120041,0.8426644842443048,0.07264665431449462,0.16819056785370548,0.6323387872954764,0.19947064485081809,3
1791052200000,84995.78,84942.01,-0.001848555267293439,1.0,0.0025,ranging,0.12388427476252559,0.7865714108844567,0.08954431435301753,0.16819056785370548,0.6323387872954764,0.19947064485081809,3
1791053100000,84942.0,84949.99,-0.0012653326975082813,1.0,0.0025,ranging,0.11887396112077422,0.8040263731898722,0.07709966568935342,0.16819056785370548,0.6323387872954764,0.19947064485081809,3
1791054000000,84950.0,84869.85,0.00021008638521213818,1.0,0.0025,ranging,0.10895189710514926,0.7942595762891335,0.09678852660571721,0.16819056785370548,0.6323387872954764,0.19947064485081809,3
1791054900000,84869.85,84828.11,0.0007195727925566331,1.0,0.0025,ranging,0.09258362786485068,0.8304337932610734,0.07698257887407602,0.16819056785370548,0.6323387872954764,0.19947064485081809,3
1791055800000,84828.1,84784.99,0.000866544891967358,1.0,0.0025,ranging,0.08077488800967997,0.8309470224937103,0.08827808949660973,0.16819056785370548,0.6323387872954764,0.19947064485081809,3
1791056700000,84784.99,84842.5,-0.001093202109791691,1.0,0.0025,ranging,0.09192870962040461,0.8390753820388994,0.06899590834069598,0.16819056785370548,0.6323387872954764,0.19947064485081809,3
1791057600000,84842.5,84887.68,-0.002387154413926673,1.0,0.0025,ranging,0.0608128385563057,0.8869887904898299,0.05219837095386433,0.16819056785370548,0.6323387872954764,0.19947064485081809,3
1791058500000,84887.68,84889.15,-0.002102388821186185,1.0,0.0025,ranging,0.06460228087079352,0.8825911073722945,0.05280661175691183,0.16819056785370548,0.6323387872954764,0.19947064485081809,3
1791059400000,84889.16,84858.46,-0.0018502574758015866,1.0,0.0025,low_liquidity,0.05384691083745959,0.8930353024638115,0.05311778669872895,0.16819056785370548,0.6323387872954764,0.19947064485081809,3
1791060300000,84858.46,84749.75,-0.0004082607913298286,1.0,0.0025,ranging,0.1740823167694191,0.7180816794476931,0.10783600378288788,0.16819056785370548,0.6323387872954764,0.19947064485081809,3
1791061200000,84749.76,84685.04,0.0012106034312553415,1.0,0.0025,ranging,0.16527639852482814,0.7050489309435861,0.1296746705315857,0.16819056785370548,0.6323387872954764,0.19947064485081809,3
1791062100000,84685.04,84710.68,0.0008656523593011389,1.0,0.0025,trending,0.1050339372304579,0.8245781938047739,0.07038786896476816,0.16819056785370548,0.6323387872954764,0.19947064485081809,3
1791063000000,84710.69,84701.45,0.0011871107283287774,1.0,0.0025,trending,0.11046063546973542,0.8144142671211323,0.07512509740913224,0.16819056785370548,0.6323387872954764,0.19947064485081809,3
1791063900000,84701.71,84715.15,0.0007184075103450205,1.0,0.0025,trending,0.12230595320161897,0.8113309367923375,0.06636311000604354,0.16819056785370548,0.6323387872954764,0.19947064485081809,3
1791064800000,84715.15,84787.56,-0.0003249297420517827,1.0,0.0025,trending,0.12835352364503208,0.7656558904240859,0.10599058593088195,0.16819056785370548,0.6323387872954764,0.19947064485081809,3
1791065700000,84787.57,84784.01,-0.0005425551351014857,1.0,0.0025,trending,0.12368669681081218,0.7773530727920285,0.09896023039715937,0.16819056785370548,0.6323387872954764,0.19947064485081809,3
1791066600000,84784.01,84802.0,-0.00027888493195904474,1.0,0.0025,low_liquidity,0.08505393853885286,0.858683588503263,0.05626247295788418,0.16819056785370548,0.6323387872954764,0.19947064485081809,3
1791067500000,84802.0,84776.01,-0.0002648154825874993,1.0,0.0025,trending,0.08548061155359052,0.8450816264894948,0.06943776195691462,0.16819056785370548,0.6323387872954764,0.19947064485081809,3
1791068400000,84776.02,84760.01,0.0007081169527942688,1.0,0.0025,low_liquidity,0.07595824198298255,0.8636737655825999,0.06036799243441756,0.16819056785370548,0.6323387872954764,0.19947064485081809,3
1791069300000,84760.01,84738.01,0.0008369325642647585,1.0,0.0025,trending,0.13410432789032772,0.7644626634019365,0.10143300870773574,0.16819056785370548,0.6323387872954764,0.19947064485081809,3
1791070200000,84738.0,84778.35,0.0003032613868987344,1.0,0.0025,low_liquidity,0.07573019561810428,0.8697972844956469,0.05447251988624896,0.16819056785370548,0.6323387872954764,0.19947064485081809,3
1791071100000,84778.35,84753.56,0.0004299524409359101,1.0,0.0025,trending,0.11447090569820273,0.803494135439816,0.08203495886198132,0.16819056785370548,0.6323387872954764,0.19947064485081809,3
1791072000000,84753.57,84820.03,-0.000589837093903367,1.0,0.0025,trending,0.08177122450654066,0.8533295713022772,0.0648992041911821,0.16819056785370548,0.6323387872954764,0.19947064485081809,3
1791072900000,84820.03,84808.93,-0.000724334100194346,1.0,0.0025,trending,0.08109482802183494,0.858047424600155,0.06085774737801002,0.16819056785370548,0.6323387872954764,0.19947064485081809,3
1791073800000,84808.93,84804.06,-0.0003443231373592148,1.0,0.0025,trending,0.07308858497510098,0.87490741713006,0.05200399789483908,0.16819056785370548,0.6323387872954764,0.19947064485081809,3
1791074700000,84804.05,84790.0,0.00014848449109550188,1.0,0.0025,trending,0.084034880848174,0.8446722399171446,0.0712928792346814,0.16819056785370548,0.6323387872954764,0.19947064485081809,3
1791075600000,84790.0,84770.0,0.0006843222838268659,1.0,0.0025,trending,0.07210424375691529,0.8733371340437911,0.05455862219929346,0.16819056785370548,0.6323387872954764,0.19947064485081809,3
1791076500000,84770.0,84747.5,0.0010443965898698782,1.0,0.0025,trending,0.07350071413284132,0.8716555381408732,0.0548437477262855,0.16819056785370548,0.6323387872954764,0.19947064485081809,3
1791077400000,84747.51,84774.86,0.00029666813958750815,1.0,0.0025,trending,0.05967357842580074,0.8909746415104771,0.04935178006372232,0.16819056785370548,0.6323387872954764,0.19947064485081809,3
1791078300000,84774.86,84802.59,-4.9526789216436384e-06,1.0,0.0025,trending,0.06473956190649949,0.8949854287726787,0.04027500932082183,0.16819056785370548,0.6323387872954764,0.19947064485081809,3
1791079200000,84802.6,84828.01,-0.0001844909482138224,1.0,0.0025,trending,0.06487904266793679,0.8860707608287632,0.049050196503299934,0.16819056785370548,0.6323387872954764,0.19947064485081809,3
1791080100000,84828.0,84836.01,-0.0004667829144722191,1.0,0.0025,ranging,0.06443034820617884,0.8829578898804319,0.05261176191338937,0.16819056785370548,0.6323387872954764,0.19947064485081809,3
1791081000000,84836.0,84800.01,0.0010018866743057853,1.0,0.0025,ranging,0.06200050879124175,0.8808886737450433,0.057110817463715,0.16819056785370548,0.6323387872954764,0.19947064485081809,3
1791081900000,84800.01,84802.17,0.00045635624654405404,1.0,0.0025,ranging,0.05756163563329058,0.8984438124887996,0.04399455187790969,0.16819056785370548,0.6323387872954764,0.19947064485081809,3
1791082800000,84802.17,84812.36,-4.999271332628563e-05,1.0,0.0025,ranging,0.05752512504357183,0.9065064500984019,0.03596842485802637,0.16819056785370548,0.6323387872954764,0.19947064485081809,3
1791083700000,84812.35,84796.41,0.00018397005250569975,1.0,0.0025,ranging,0.05696143175531687,0.889121312958429,0.05391725528625409,0.16819056785370548,0.6323387872954764,0.19947064485081809,3
1791084600000,84796.42,84884.97,-0.0008596339257703756,1.0,0.0025,ranging,0.07056919632636109,0.8755024826992925,0.053928320974346335,0.16819056785370548,0.6323387872954764,0.19947064485081809,3
1791085500000,84884.97,84840.87,-0.00034099131703846375,1.0,0.0025,ranging,0.05491406857860226,0.8919948327279903,0.05309109869340764,0.16819056785370548,0.6323387872954764,0.19947064485081809,3
1791086400000,84840.88,84808.12,0.0003052773720251256,1.0,0.0025,ranging,0.04760255596740679,0.9030418048165662,0.04935563921602704,0.16819056785370548,0.6323387872954764,0.19947064485081809,3
1791087300000,84808.11,84812.01,0.000581639322072558,1.0,0.0025,low_liquidity,0.060150411363907544,0.9019682298567173,0.03788135877937527,0.16819056785370548,0.6323387872954764,0.19947064485081809,3
1791088200000,84812.0,84812.0,0.0013166768853463129,1.0,0.0025,low_liquidity,0.05088032392029154,0.9140033142904084,0.035116361789300096,0.16819056785370548,0.6323387872954764,0.19947064485081809,3
1791089100000,84812.0,84811.94,0.0011799046219198583,1.0,0.0025,low_liquidity,0.048398448104333,0.9087208162813021,0.04288073561436475,0.16819056785370548,0.6323387872954764,0.19947064485081809,3
1791090000000,84811.94,84834.01,0.0010442745780849805,1.0,0.0025,ranging,0.05457583889251489,0.8978116973711149,0.04761246373637027,0.16819056785370548,0.6323387872954764,0.19947064485081809,3
1791090900000,84834.01,84861.34,0.0010165995493354174,1.0,0.0025,ranging,0.06379301424645159,0.8747004224311822,0.061506563322366266,0.16819056785370548,0.6323387872954764,0.19947064485081809,3
1791091800000,84861.34,84923.67,0.0004029500844699996,1.0,0.0025,ranging,0.09110056214204272,0.8579432668013407,0.050956171056616685,0.16819056785370548,0.6323387872954764,0.19947064485081809,3
1791092700000,84923.68,84912.01,0.0014100478836858166,1.0,0.0025,ranging,0.06216538326526735,0.8848567186479854,0.05297789808674718,0.16819056785370548,0.6323387872954764,0.19947064485081809,3
1791093600000,84912.01,84922.6,0.0007834192547095942,1.0,0.0025,ranging,0.09438027259448732,0.8517683608782273,0.05385136652728551,0.16819056785370548,0.6323387872954764,0.19947064485081809,3
1791094500000,84922.6,84947.61,0.0002958293941408563,1.0,0.0025,ranging,0.08692447346000143,0.8211059427540206,0.09196958378597793,0.16819056785370548,0.6323387872954764,0.19947064485081809,3
1791095400000,84947.62,84957.89,0.0001660822791149652,1.0,0.0025,trending,0.07066633892533523,0.8459455378696407,0.08338812320502403,0.16819056785370548,0.6323387872954764,0.19947064485081809,3
1791096300000,84957.89,85031.74,0.0008733209505062955,1.0,0.0025,trending,0.0730152349062689,0.8568367054513174,0.07014805964241373,0.16819056785370548,0.6323387872954764,0.19947064485081809,3
1791097200000,85031.74,84989.13,0.0018916536738284861,1.0,0.0025,trending,0.06803829394375377,0.8576924198814289,0.07426928617481739,0.16819056785370548,0.6323387872954764,0.19947064485081809,3
1791098100000,84989.13,84972.74,0.0019447413370452526,1.0,0.0025,trending,0.07871703016682617,0.8415213741123344,0.07976159572083932,0.16819056785370548,0.6323387872954764,0.19947064485081809,3
1791099000000,84972.73,84972.0,0.0012361719154543316,1.0,0.0025,trending,0.07776905657278874,0.8499854378116212,0.07224550561558997,0.16819056785370548,0.6323387872954764,0.19947064485081809,3
1791099900000,84972.01,85106.0,5.640025380060365e-06,1.0,0.0025,trending,0.10095476556826696,0.797041375621092,0.10200385881064111,0.16819056785370548,0.6323387872954764,0.19947064485081809,3
1791100800000,85106.01,85149.9,-0.00025707605058844507,1.0,0.0025,trending,0.10310304429943241,0.7912836301564956,0.10561332554407192,0.16819056785370548,0.6323387872954764,0.19947064485081809,3
1791101700000,85149.9,85137.99,0.0014808900233609368,1.0,0.0025,trending,0.0872723735032168,0.8109610887488616,0.10176653774792158,0.16819056785370548,0.6323387872954764,0.19947064485081809,3
1791102600000,85137.99,85077.04,0.002338586297783829,1.0,0.0025,trending,0.10157858758221483,0.7866381503754157,0.11178326204236938,0.16819056785370548,0.6323387872954764,0.19947064485081809,3
1791103500000,85077.05,85106.48,0.0014964782940147803,1.0,0.0025,trending,0.10239587125075253,0.8035461065856107,0.09405802216363673,0.16819056785370548,0.6323387872954764,0.19947064485081809,3
1791104400000,85106.48,85128.01,0.0016096934487250802,1.0,0.0025,trending,0.0888013169226962,0.8089469019323307,0.10225178114497313,0.16819056785370548,0.6323387872954764,0.19947064485081809,3
1791105300000,85128.02,85264.07,0.001301720642704396,1.0,0.0025,trending,0.13227152023251285,0.7374353149269832,0.13029316484050388,0.16819056785370548,0.6323387872954764,0.19947064485081809,3
1791106200000,85264.08,85276.0,0.0007271682536704738,1.0,0.0025,trending,0.12788927382008736,0.7147240987876416,0.15738662739227105,0.16819056785370548,0.6323387872954764,0.19947064485081809,3
1791107100000,85276.01,85233.84,0.0003539673913552921,1.0,0.0025,trending,0.12790776616254199,0.7131934285218898,0.15889880531556821,0.16819056785370548,0.6323387872954764,0.19947064485081809,3
1791108000000,85233.84,85265.04,-1.8765017878230594e-05,1.0,0.0025,trending,0.11084629973015361,0.7314828433565703,0.15767085691327612,0.16819056785370548,0.6323387872954764,0.19947064485081809,3
1791108900000,85265.03,85375.06,-0.0007385060695711543,1.0,0.0025,trending,0.13422752144875882,0.674231446546759,0.1915410320044822,0.16819056785370548,0.6323387872954764,0.19947064485081809,3
1791109800000,85375.07,85338.01,-0.0007415218611260821,1.0,0.0025,trending,0.12105028601717464,0.7297155773964212,0.14923413658640408,0.16819056785370548,0.6323387872954764,0.19947064485081809,3
1791110700000,85338.01,85264.01,0.0005330502283438232,1.0,0.0025,trending,0.11709291077813494,0.7338336482905319,0.14907344093133326,0.16819056785370548,0.6323387872954764,0.19947064485081809,3
1791111600000,85264.01,85263.44,-0.0003167829024961488,1.0,0.0025,trending,0.1587584910482977,0.6540569079769718,0.18718460097473044,0.16819056785370548,0.6323387872954764,0.19947064485081809,3
1791112500000,85263.43,85312.01,-0.0004220976624509376,1.0,0.0025,trending,0.14020924177431762,0.6998443279706525,0.1599464302550299,0.16819056785370548,0.6323387872954764,0.19947064485081809,3
1791113400000,85312.0,85274.73,-0.0009084754651231819,1.0,0.0025,trending,0.18384709180571437,0.6610935361239051,0.15505937207038056,0.16819056785370548,0.6323387872954764,0.19947064485081809,3
1791114300000,85274.72,85309.46,-0.002127782780479537,1.0,0.0025,trending,0.201984202354185,0.6608786595022366,0.13713713814357845,0.16819056785370548,0.6323387872954764,0.19947064485081809,3
1791115200000,85309.47,85236.43,-0.0008753299498815981,1.0,0.0025,trending,0.18384960817242896,0.589452342022546,0.2266980498050251,0.16819056785370548,0.6323387872954764,0.19947064485081809,3
1791116100000,85236.42,85276.0,-0.0005863314414372711,1.0,0.0025,trending,0.2022746295721757,0.6068784594202005,0.190846911007624,0.16819056785370548,0.6323387872954764,0.19947064485081809,3
1791117000000,85276.01,85197.26,0.00036104447490448166,1.0,0.0025,trending,0.15013346684500942,0.6437640365518826,0.20610249660310803,0.16819056785370548,0.6323387872954764,0.19947064485081809,3
1791117900000,85197.27,85127.94,0.0013297631776358898,1.0,0.0025,trending,0.152638867428651,0.6370567874613159,0.21030434511003315,0.16819056785370548,0.6323387872954764,0.19947064485081809,3
1791118800000,85127.94,85161.82,0.0005656290577162881,1.0,0.0025,trending,0.13952025444042088,0.6865903938741323,0.17388935168544684,0.16819056785370548,0.6323387872954764,0.19947064485081809,3
1791119700000,85161.83,85226.0,-0.000448572032008987,1.0,0.0025,trending,0.15301060047817516,0.6309105225515265,0.2160788769702984,0.16819056785370548,0.6323387872954764,0.19947064485081809,3
1791120600000,85226.01,85228.02,-0.0011870509252708272,1.0,0.0025,trending,0.148888032762003,0.6536987349017556,0.19741323233624145,0.16819056785370548,0.6323387872954764,0.19947064485081809,3
1791121500000,85228.02,85241.14,0.000437582134636072,1.0,0.0025,trending,0.13939078906307031,0.6815897051008755,0.17901950583605405,0.16819056785370548,0.6323387872954764,0.19947064485081809,3
1791122400000,85241.15,85209.99,0.0016149514863221803,1.0,0.0025,trending,0.1472234801346092,0.6370570129111641,0.2157195069542267,0.16819056785370548,0.6323387872954764,0.19947064485081809,3
1791123300000,85209.99,85187.77,0.0015523355054369858,1.0,0.0025,trending,0.15466894561907618,0.6388445378240709,0.20648651655685296,0.16819056785370548,0.6323387872954764,0.19947064485081809,3
1791124200000,85187.78,85126.85,0.0025365674872264155,2.0,0.0025,trending,0.146960925799406,0.6868833312192014,0.1661557429813925,0.16819056785370548,0.6323387872954764,0.19947064485081809,3
1791125100000,85126.85,85278.44,-0.00026302075882256304,1.0,0.0025,trending,0.13367271993259836,0.7437635001458611,0.12256377992154048,0.16819056785370548,0.6323387872954764,0.19947064485081809,3
1791126000000,85278.45,85347.6,-0.0006619986970928249,1.0,0.0025,trending,0.16232774965049002,0.7140339795480682,0.12363827080144181,0.16819056785370548,0.6323387872954764,0.19947064485081809,3
1791126900000,85347.6,85320.01,-0.0008942802514907422,1.0,0.0025,trending,0.15585105615897404,0.71067494758262,0.13347399625840597,0.16819056785370548,0.6323387872954764,0.19947064485081809,3
1791127800000,85320.01,85342.78,3.0348202858965223e-05,1.0,0.0025,trending,0.15572703503068938,0.7294683964657213,0.11480456850358943,0.16819056785370548,0.6323387872954764,0.19947064485081809,3
1791128700000,85342.77,85256.01,0.001383949354420988,1.0,0.0025,trending,0.13427925868626167,0.7267544149894872,0.138966326324251,0.16819056785370548,0.6323387872954764,0.19947064485081809,3
1791129600000,85256.01,85291.1,0.0003135145402040074,1.0,0.0025,trending,0.16353680887225358,0.7117717897057705,0.12469140142197582,0.16819056785370548,0.6323387872954764,0.19947064485081809,3
1791130500000,85291.09,85243.71,0.0016692140686977996,1.0,0.0025,trending,0.12012229578573871,0.7513262084048757,0.12855149580938557,0.16819056785370548,0.6323387872954764,0.19947064485081809,3
1791131400000,85243.7,85345.37,0.0008744469676562616,1.0,0.0025,trending,0.14628686494700696,0.7332297260342179,0.12048340901877498,0.16819056785370548,0.6323387872954764,0.19947064485081809,3
1791132300000,85345.37,85374.0,-0.0006380162578770721,1.0,0.0025,trending,0.14024136047052996,0.7344143483842768,0.12534429114519335,0.16819056785370548,0.6323387872954764,0.19947064485081809,3
1791133200000,85374.0,85317.84,1.7581317107939753e-05,1.0,0.0025,trending,0.12982154940195734,0.7010276116594186,0.16915083893862404,0.16819056785370548,0.6323387872954764,0.19947064485081809,3
1791134100000,85317.85,85386.0,-0.0007029255381444388,1.0,0.0025,low_liquidity,0.15312033668733013,0.7069828379993888,0.13989682531328101,0.16819056785370548,0.6323387872954764,0.19947064485081809,3
1791135000000,85386.0,85420.0,-0.0009103254507140113,1.0,0.0025,trending,0.19375125135077173,0.6823269256278105,0.12392182302141777,0.16819056785370548,0.6323387872954764,0.19947064485081809,3
1791135900000,85420.0,85319.53,0.00022632567244573742,1.0,0.0025,trending,0.14165109504701823,0.6844294789794335,0.1739194259735482,0.16819056785370548,0.6323387872954764,0.19947064485081809,3
1791136800000,85319.54,85319.34,0.0008046241332857473,1.0,0.0025,low_liquidity,0.11195600866307681,0.76674365065308,0.12130034068384314,0.16819056785370548,0.6323387872954764,0.19947064485081809,3
1791137700000,85319.34,85325.98,0.0015999816234164577,1.0,0.0025,low_liquidity,0.10921684690036627,0.7640683704762093,0.1267147826234243,0.16819056785370548,0.6323387872954764,0.19947064485081809,3
1791138600000,85325.97,85342.24,0.0011321474571091006,1.0,0.0025,trending,0.10710423787467437,0.7800228684777162,0.11287289364760954,0.16819056785370548,0.6323387872954764,0.19947064485081809,3
1791139500000,85342.24,85338.84,0.0010447763292775747,1.0,0.0025,trending,0.11630231814677357,0.7269376156200271,0.15676006623319924,0.16819056785370548,0.6323387872954764,0.19947064485081809,3
1791140400000,85338.84,85387.99,0.000555113195661372,1.0,0.0025,trending,0.1273262934122898,0.7035445057668612,0.169129200820849,0.16819056785370548,0.6323387872954764,0.19947064485081809,3
1791141300000,85387.99,85462.5,0.00013807225391260225,1.0,0.0025,trending,0.1307834942329272,0.7280441505636049,0.14117235520346788,0.16819056785370548,0.6323387872954764,0.19947064485081809,3
1791142200000,85462.5,85438.86,0.003746772838495227,2.0,0.0025,trending,0.14064522690089887,0.6578490790183836,0.20150569408071753,0.16819056785370548,0.6323387872954764,0.19947064485081809,3
1791143100000,85438.86,85428.0,0.004640633047712672,2.0,0.0025,trending,0.1386504369710405,0.6425198487051866,0.21882971432377288,0.16819056785370548,0.6323387872954764,0.19947064485081809,3
1791144000000,85428.0,85435.39,0.006936703864756755,2.0,0.0025,trending,0.14393822937729794,0.6742089810941249,0.18185278952857709,0.16819056785370548,0.6323387872954764,0.19947064485081809,3
1791144900000,85435.39,85474.3,0.0041302473375037785,2.0,0.0025,trending,0.16783683755936937,0.6455330890044405,0.18663007343619012,0.16819056785370548,0.6323387872954764,0.19947064485081809,3
1791145800000,85474.3,85758.98,0.0026352925372945535,2.0,0.0025,trending,0.14632739486853572,0.6727660965170272,0.18090650861443708,0.16819056785370548,0.6323387872954764,0.19947064485081809,3
1791146700000,85758.98,85824.44,0.0004774863663543627,1.0,0.0025,trending,0.11293323740331748,0.7396814348559628,0.14738532774071983,0.16819056785370548,0.6323387872954764,0.19947064485081809,3
1791147600000,85824.45,86028.03,0.0034486434247071873,2.0,0.0025,trending,0.15586647365795753,0.677159932697748,0.16697359364429443,0.16819056785370548,0.6323387872954764,0.19947064485081809,3
1791148500000,86028.02,85827.33,0.004864301382788039,2.0,0.0025,trending,0.14873418766439028,0.6246982698178878,0.22656754251772185,0.16819056785370548,0.6323387872954764,0.19947064485081809,3
1791149400000,85827.34,85984.98,0.004547538418919306,2.0,0.0025,trending,0.16158419125811835,0.6277384068057228,0.2106774019361587,0.16819056785370548,0.6323387872954764,0.19947064485081809,3
1791150300000,85984.99,85865.42,0.00655199729996081,2.0,0.0025,high_volatility,0.15592052258495714,0.5989741436881448,0.24510533372689805,0.16819056785370548,0.6323387872954764,0.19947064485081809,3
1791151200000,85865.43,86324.71,0.0029806065957243,2.0,0.0025,high_volatility,0.24428174729521787,0.42223177703333026,0.3334864756714519,0.16819056785370548,0.6323387872954764,0.19947064485081809,3
1791152100000,86324.71,86244.82,0.0051387434051111125,2.0,0.0025,high_volatility,0.23532283724842584,0.41694847623945397,0.3477286865121203,0.16819056785370548,0.6323387872954764,0.19947064485081809,3
1791153000000,86244.83,86376.0,0.0017038297675280312,1.0,0.0025,high_volatility,0.2729573412846175,0.40590756342614936,0.3211350952892332,0.16819056785370548,0.6323387872954764,0.19947064485081809,3
1791153900000,86376.0,86428.01,0.0011800572522728814,1.0,0.0025,high_volatility,0.22442039520588244,0.4300427960269862,0.3455368087671315,0.16819056785370548,0.6323387872954764,0.19947064485081809,3
1791154800000,86428.01,86582.01,-0.0025642740333701175,0.0,0.0025,high_volatility,0.22103298033948995,0.35965887667046603,0.41930814299004415,0.16819056785370548,0.6323387872954764,0.19947064485081809,3
1791155700000,86582.0,86688.01,-0.0047758623136001654,0.0,0.0025,high_volatility,0.23481261374665,0.3371861423827003,0.42800124387064975,0.16819056785370548,0.6323387872954764,0.19947064485081809,3
1791156600000,86688.0,86523.17,0.001142352967419047,1.0,0.0025,high_volatility,0.23725272337929285,0.3881596297097671,0.37458764691094015,0.16819056785370548,0.6323387872954764,0.19947064485081809,3
1791157500000,86523.18,86530.0,0.0014152317115452284,1.0,0.0025,high_volatility,0.2190789418932642,0.39014024317380713,0.3907808149329287,0.16819056785370548,0.6323387872954764,0.19947064485081809,3
1791158400000,86530.0,86359.99,0.004530222849724597,2.0,0.0025,high_volatility,0.28031744730885716,0.44734001701493137,0.2723425356762114,0.16819056785370548,0.6323387872954764,0.19947064485081809,3
1791159300000,86359.99,86274.0,0.007773720935623674,2.0,0.0025,high_volatility,0.2983745351876759,0.4819801197020483,0.21964534511027595,0.16819056785370548,0.6323387872954764,0.19947064485081809,3
1791160200000,86274.01,86622.01,0.0011543255576729194,1.0,0.0025,high_volatility,0.32433433453760996,0.42096409536874574,0.2547015700936443,0.16819056785370548,0.6323387872954764,0.19947064485081809,3
1791161100000,86622.01,86652.46,-0.00042872412393146764,1.0,0.0025,high_volatility,0.30278718802796534,0.4656921105311373,0.23152070144089734,0.16819056785370548,0.6323387872954764,0.19947064485081809,3
1791162000000,86652.45,86751.22,-0.0009591795942467396,1.0,0.0025,high_volatility,0.37767793014240925,0.3710036397560348,0.25131843010155597,0.16819056785370548,0.6323387872954764,0.19947064485081809,3
1791162900000,86751.23,86944.67,-0.0049789136010292,0.0,0.0025,high_volatility,0.44790674241985257,0.3129603762920775,0.23913288128806984,0.16819056785370548,0.6323387872954764,0.19947064485081809,3
1791163800000,86944.68,86722.0,-0.0004613592859942228,1.0,0.0025,high_volatility,0.3530301638790826,0.4117535895639309,0.2352162465569865,0.16819056785370548,0.6323387872954764,0.19947064485081809,3
1791164700000,86722.01,86615.31,-0.0010772922246655714,1.0,0.0025,high_volatility,0.34203745514234307,0.4506064068396267,0.20735613801803016,0.16819056785370548,0.6323387872954764,0.19947064485081809,3
1791165600000,86615.31,86668.01,-0.001938662258427204,1.0,0.0025,high_volatility,0.33592994067323445,0.43014239123254844,0.23392766809421714,0.16819056785370548,0.6323387872954764,0.19947064485081809,3
1791166500000,86668.0,86511.78,-0.0006678859225875966,1.0,0.0025,high_volatility,0.19986464776364324,0.5506852670849421,0.24945008515141467,0.16819056785370548,0.6323387872954764,0.19947064485081809,3
1791167400000,86511.79,86681.99,-0.004868139275528982,0.0,0.0025,high_volatility,0.26160270442348293,0.4980963135576547,0.2403009820188623,0.16819056785370548,0.6323387872954764,0.19947064485081809,3
1791168300000,86681.99,86522.0,-0.00505039180786393,0.0,0.0025,high_volatility,0.17130508124899482,0.5474885258182577,0.2812063929327476,0.16819056785370548,0.6323387872954764,0.19947064485081809,3
1791169200000,86522.01,86499.99,-0.006167746377774286,0.0,0.0025,high_volatility,0.21029338290655547,0.5331778917473377,0.25652872534610677,0.16819056785370548,0.6323387872954764,0.19947064485081809,3
1791170100000,86499.99,86454.0,-0.007807620237351709,0.0,0.0025,high_volatility,0.20859249564083074,0.5338064646947969,0.25760103966437237,0.16819056785370548,0.6323387872954764,0.19947064485081809,3
1791171000000,86454.0,86260.01,-0.0074232544141833445,0.0,0.0025,high_volatility,0.24600370063147053,0.5016219055053551,0.2523743938631743,0.16819056785370548,0.6323387872954764,0.19947064485081809,3
1791171900000,86260.02,86085.03,-0.00635429876716076,0.0,0.0025,high_volatility,0.21070335706369947,0.5725812461689201,0.21671539676738044,0.16819056785370548,0.6323387872954764,0.19947064485081809,3
1791172800000,86085.02,85966.48,-0.005216800780955544,0.0,0.0025,high_volatility,0.22409296078299296,0.5588682885904652,0.21703875062654185,0.16819056785370548,0.6323387872954764,0.19947064485081809,3
1791173700000,85966.47,85779.0,-0.0027626808426304272,0.0,0.0025,high_volatility,0.2539399261273721,0.46728403778421473,0.2787760360884133,0.16819056785370548,0.6323387872954764,0.19947064485081809,3
1791174600000,85778.99,85619.68,0.001919184935052387,1.0,0.0025,high_volatility,0.1994136326333558,0.5194366365916084,0.2811497307750357,0.16819056785370548,0.6323387872954764,0.19947064485081809,3
1791175500000,85619.68,85538.02,0.002683601981902317,2.0,0.0025,high_volatility,0.1909657953558682,0.6047241203340548,0.204310084310077,0.16819056785370548,0.6323387872954764,0.19947064485081809,3
1791176400000,85538.02,85518.01,0.0046641637241091605,2.0,0.0025,high_volatility,0.19461724974524292,0.6525524640463745,0.15283028620838252,0.16819056785370548,0.6323387872954764,0.19947064485081809,3
1791177300000,85518.01,85542.02,0.003951040669836869,2.0,0.0025,high_volatility,0.1723854876989367,0.6985762374709292,0.12903827483013403,0.16819056785370548,0.6323387872954764,0.19947064485081809,3
1791178200000,85542.03,85784.0,0.0003498321365289492,1.0,0.0025,high_volatility,0.1997127563410451,0.6321238278852755,0.1681634157736793,0.16819056785370548,0.6323387872954764,0.19947064485081809,3
1791179100000,85784.0,85767.57,0.0057414474958308315,2.0,0.0025,high_volatility,0.17917829534359692,0.6864273653369444,0.1343943393194587,0.16819056785370548,0.6323387872954764,0.19947064485081809,3
1791180000000,85767.58,85916.88,0.004831646586794136,2.0,0.0025,trending,0.2062323511751309,0.6427739376161622,0.15099371120870697,0.16819056785370548,0.6323387872954764,0.19947064485081809,3
1791180900000,85916.87,85880.0,0.00477410340009321,2.0,0.0025,trending,0.1746108634154572,0.6476476695846297,0.17774146699991303,0.16819056785370548,0.6323387872954764,0.19947064485081809,3
1791181800000,85880.01,85814.01,0.006707995582539539,2.0,0.0025,trending,0.18791726447419743,0.6481189365345436,0.163963798991259,0.16819056785370548,0.6323387872954764,0.19947064485081809,3
1791182700000,85814.01,86260.0,-8.39322977046475e-05,1.0,0.0025,high_volatility,0.3583568350612409,0.4584933305604681,0.183149834378291,0.16819056785370548,0.6323387872954764,0.19947064485081809,3
1791183600000,86260.01,86332.0,0.0011351526664504785,1.0,0.0025,high_volatility,0.3250252170059184,0.5124196243899678,0.16255515860411388,0.16819056785370548,0.6323387872954764,0.19947064485081809,3
1791184500000,86332.01,86290.0,0.0016413257619656285,1.0,0.0025,high_volatility,0.27449822554498643,0.5556821172917862,0.16981965716322742,0.16819056785370548,0.6323387872954764,0.19947064485081809,3
1791185400000,86290.01,86389.65,-0.0014543408845851813,1.0,0.0025,high_volatility,0.24532283580291725,0.5782117902720795,0.1764653739250032,0.16819056785370548,0.6323387872954764,0.19947064485081809,3
1791186300000,86389.65,86252.76,-0.0004841584199739568,1.0,0.0025,high_volatility,0.2552567899033933,0.5606053637592364,0.18413784633737035,0.16819056785370548,0.6323387872954764,0.19947064485081809,3
1791187200000,86252.76,86430.0,-0.005351035520074099,0.0,0.0025,high_volatility,0.2733157204736831,0.5552879886111172,0.1713962909151999,0.16819056785370548,0.6323387872954764,0.19947064485081809,3
1791188100000,86430.0,86431.63,-0.0064515733418426535,0.0,0.0025,high_volatility,0.20093091853140269,0.6528629548521919,0.14620612661640542,0.16819056785370548,0.6323387872954764,0.19947064485081809,3
1791189000000,86431.63,86264.01,-0.0032286929392685293,0.0,0.0025,high_volatility,0.19912271089955583,0.607036958560587,0.1938403305398571,0.16819056785370548,0.6323387872954764,0.19947064485081809,3
1791189900000,86264.0,86211.0,-0.0027839834823861764,0.0,0.0025,high_volatility,0.19500579679187727,0.6101850020063752,0.19480920120174755,0.16819056785370548,0.6323387872954764,0.19947064485081809,3
1791190800000,86211.0,85967.51,0.0007269025239884375,1.0,0.0025,high_volatility,0.19452612845878178,0.5534802155371333,0.25199365600408496,0.16819056785370548,0.6323387872954764,0.19947064485081809,3
1791191700000,85967.51,85874.01,0.0022215103265819103,1.0,0.0025,high_volatility,0.1901635410265851,0.55243417421644,0.257402284756975,0.16819056785370548,0.6323387872954764,0.19947064485081809,3
1791192600000,85874.0,85985.49,0.0005276471646553649,1.0,0.0025,high_volatility,0.23112078332326016,0.5570258061208818,0.21185341055585802,0.16819056785370548,0.6323387872954764,0.19947064485081809,3
1791193500000,85984.12,85970.99,0.001699992055459676,1.0,0.0025,low_liquidity,0.18085712132550355,0.7152246067318975,0.10391827194259888,0.16432337434094904,0.6410369068541301,0.19463971880492092,4
1791194400000,85970.99,86030.0,-0.0009545507381145679,1.0,0.0025,ranging,0.18055833307184796,0.6670788614681175,0.15236280546003456,0.16432337434094904,0.6410369068541301,0.19463971880492092,4
1791195300000,86030.01,86064.78,0.001687449848823075,1.0,0.0025,ranging,0.2561281618000149,0.5890855325877281,0.154786305612257,0.16432337434094904,0.6410369068541301,0.19463971880492092,4
1791196200000,86064.78,86030.86,0.0005480591499376075,1.0,0.0025,ranging,0.18248855781842666,0.6291684044130469,0.1883430377685264,0.16432337434094904,0.6410369068541301,0.19463971880492092,4
1791197100000,86030.86,86117.14,0.0011479712401039066,1.0,0.0025,low_liquidity,0.1978058916488534,0.6530110219194724,0.14918308643167438,0.16432337434094904,0.6410369068541301,0.19463971880492092,4
1791198000000,86117.15,85947.88,0.0023016274514273682,1.0,0.0025,ranging,0.17469282232119562,0.6472722015074105,0.1780349761713939,0.16432337434094904,0.6410369068541301,0.19463971880492092,4
1791198900000,85947.87,86210.01,-0.0018560489669354752,1.0,0.0025,ranging,0.20978946400607618,0.6642085942027709,0.126001941791153,0.16432337434094904,0.6410369068541301,0.19463971880492092,4
1791199800000,86210.01,86078.01,-0.0019517179823278497,1.0,0.0025,ranging,0.1615838993660531,0.6300593089574619,0.208356791676485,0.16432337434094904,0.6410369068541301,0.19463971880492092,4
1791200700000,86078.01,86216.0,-0.0036187018650830627,0.0,0.0025,ranging,0.14105064250959296,0.7257931608977866,0.13315619659262048,0.16432337434094904,0.6410369068541301,0.19463971880492092,4
1791201600000,86216.01,86145.7,-0.0001962953461404071,1.0,0.0025,ranging,0.13670262031931174,0.731321957658165,0.1319754220225233,0.16432337434094904,0.6410369068541301,0.19463971880492092,4
1791202500000,86145.7,86050.0,0.0006972690296338513,1.0,0.0025,ranging,0.11693005493629335,0.7323164990999282,0.15075344596377832,0.16432337434094904,0.6410369068541301,0.19463971880492092,4
1791203400000,86050.01,85910.01,0.0008845302194704363,1.0,0.0025,ranging,0.1266553834953307,0.6194668640453002,0.25387775245936917,0.16432337434094904,0.6410369068541301,0.19463971880492092,4
1791204300000,85910.0,85904.01,0.006146395261408699,2.0,0.0025,ranging,0.10962417046659037,0.7267772737052962,0.1635985558281135,0.16432337434094904,0.6410369068541301,0.19463971880492092,4
1791205200000,85904.0,86128.79,0.0059718707298686,2.0,0.0025,ranging,0.13406226736094617,0.7256305852956442,0.14030714734340954,0.16432337434094904,0.6410369068541301,0.19463971880492092,4
1791206100000,86128.79,86110.0,0.0019974451283242267,1.0,0.0025,ranging,0.13814452342485867,0.6616421470110783,0.20021332956406307,0.16432337434094904,0.6410369068541301,0.19463971880492092,4
1791207000000,86110.0,85986.0,-0.002655315981671569,0.0,0.0025,ranging,0.21208107860612824,0.5348709203428045,0.2530480010510672,0.16432337434094904,0.6410369068541301,0.19463971880492092,4
1791207900000,85986.0,86432.01,-0.009102530416682408,0.0,0.0025,high_volatility,0.21410545477207427,0.5526733115271178,0.23322123370080788,0.16432337434094904,0.6410369068541301,0.19463971880492092,4
1791208800000,86432.0,86643.14,-0.012847295238838319,0.0,0.0025,high_volatility,0.24524671836448755,0.45292153600751844,0.301831745627994,0.16432337434094904,0.6410369068541301,0.19463971880492092,4
1791209700000,86643.15,86282.0,-0.008524025868663188,0.0,0.0025,high_volatility,0.18804453386503453,0.6044825471788188,0.2074729189561467,0.16432337434094904,0.6410369068541301,0.19463971880492092,4
1791210600000,86282.0,85757.68,-0.004769135545644287,0.0,0.0025,high_volatility,0.23377776936389097,0.2915252135860116,0.4746970170500975,0.16432337434094904,0.6410369068541301,0.19463971880492092,4
1791211500000,85757.68,85645.26,-0.004384130540324049,0.0,0.0025,high_volatility,0.16815524679466853,0.4874713124013491,0.34437344080398236,0.16432337434094904,0.6410369068541301,0.19463971880492092,4
1791212400000,85645.25,85530.01,-0.0031334031178062993,0.0,0.0025,high_volatility,0.19245601162746653,0.5447627538090698,0.2627812345634637,0.16432337434094904,0.6410369068541301,0.19463971880492092,4
1791213300000,85530.01,85546.53,-0.0048045198326570615,0.0,0.0025,high_volatility,0.20391052002424176,0.5424728688924008,0.2536166110833575,0.16432337434094904,0.6410369068541301,0.19463971880492092,4
1791214200000,85546.52,85348.69,-0.0018827471165638876,1.0,0.0025,high_volatility,0.26955113185196194,0.37210604606894965,0.3583428220790886,0.16432337434094904,0.6410369068541301,0.19463971880492092,4
1791215100000,85348.7,85269.78,0.0003544045733436807,1.0,0.0025,high_volatility,0.22299186950491384,0.5140223896741634,0.26298574082092285,0.16432337434094904,0.6410369068541301,0.19463971880492092,4
1791216000000,85269.79,85262.01,4.6796926321590604e-05,1.0,0.0025,high_volatility,0.23204988518714087,0.5604978131825771,0.20745230163028205,0.16432337434094904,0.6410369068541301,0.19463971880492092,4
1791216900000,85262.01,85135.52,0.0027073306182894274,2.0,0.0025,high_volatility,0.21304221645586013,0.5505091264647989,0.236448657079341,0.16432337434094904,0.6410369068541301,0.19463971880492092,4
1791217800000,85135.52,85188.0,0.001649645489975038,1.0,0.0025,high_volatility,0.22037586634996378,0.6074648967252736,0.17215923692476268,0.16432337434094904,0.6410369068541301,0.19463971880492092,4
1791218700000,85188.0,85300.0,0.0015151230949590477,1.0,0.0025,high_volatility,0.25811477493770235,0.5852983628466631,0.1565868622156344,0.16432337434094904,0.6410369068541301,0.19463971880492092,4
1791219600000,85300.0,85266.0,0.0021499777167921508,1.0,0.0025,high_volatility,0.19773017818057365,0.6811134228110661,0.12115639900836034,0.16432337434094904,0.6410369068541301,0.19463971880492092,4
1791220500000,85266.01,85366.01,0.002342852852089461,1.0,0.0025,high_volatility,0.19107195411815522,0.6644017739183306,0.14452627196351414,0.16432337434094904,0.6410369068541301,0.19463971880492092,4
1791221400000,85366.01,85328.53,0.0033853858726968777,2.0,0.0025,high_volatility,0.1971006796775115,0.693024190858762,0.10987512946372652,0.16432337434094904,0.6410369068541301,0.19463971880492092,4
1791222300000,85328.53,85429.24,0.002574060122740196,2.0,0.0025,trending,0.18928162263180254,0.687199489189056,0.12351888817914145,0.16432337434094904,0.6410369068541301,0.19463971880492092,4
1791223200000,85429.24,85449.32,0.0025720508951971865,2.0,0.0025,ranging,0.1372831738536285,0.7371137062416099,0.12560311990476164,0.16432337434094904,0.6410369068541301,0.19463971880492092,4
1791224100000,85449.33,85566.01,0.0018933920139552196,1.0,0.0025,ranging,0.15418804727727528,0.7112340774790546,0.13457787524367001,0.16432337434094904,0.6410369068541301,0.19463971880492092,4
1791225000000,85566.01,85617.4,0.001160394966443823,1.0,0.0025,ranging,0.14390025576517845,0.7356452126352414,0.12045453159958013,0.16432337434094904,0.6410369068541301,0.19463971880492092,4
1791225900000,85617.41,85649.14,0.0008740309593300299,1.0,0.0025,ranging,0.14347146535538924,0.7384420181321562,0.11808651651245454,0.16432337434094904,0.6410369068541301,0.19463971880492092,4
1791226800000,85649.15,85669.1,0.00013610508339634286,1.0,0.0025,ranging,0.10638690518717844,0.8044653201629907,0.08914777464983092,0.16432337434094904,0.6410369068541301,0.19463971880492092,4
1791227700000,85669.09,85728.02,0.000489804850269282,1.0,0.0025,ranging,0.16915881905471636,0.7133047303523982,0.11753645059288555,0.16432337434094904,0.6410369068541301,0.19463971880492092,4
1791228600000,85728.01,85716.75,0.00100307116170395,1.0,0.0025,ranging,0.10309472005772931,0.7986735423839713,0.0982317375582994,0.16432337434094904,0.6410369068541301,0.19463971880492092,4
1791229500000,85716.74,85724.0,0.0006992207549811891,1.0,0.0025,ranging,0.11763203704130638,0.786004312449118,0.09636365050957571,0.16432337434094904,0.6410369068541301,0.19463971880492092,4
1791230400000,85724.0,85680.76,0.0008146519708742694,1.0,0.0025,ranging,0.1204790259234171,0.7810724015251349,0.09844857255144782,0.16432337434094904,0.6410369068541301,0.19463971880492092,4
1791231300000,85680.76,85770.01,0.00039629236372951127,1.0,0.0025,ranging,0.1648657360020894,0.7246996323280017,0.11043463166990883,0.16432337434094904,0.6410369068541301,0.19463971880492092,4
1791232200000,85770.01,85802.73,0.001428625872393674,1.0,0.0025,ranging,0.07923102646891449,0.7789262648418928,0.1418427086891927,0.16432337434094904,0.6410369068541301,0.19463971880492092,4
1791233100000,85802.72,85783.94,0.0019240198107011164,1.0,0.0025,ranging,0.10092963067701814,0.8088833655402015,0.09018700378278052,0.16432337434094904,0.6410369068541301,0.19463971880492092,4
1791234000000,85783.95,85750.56,0.0024937446472652613,1.0,0.0025,ranging,0.0951924833326365,0.8268077157641651,0.07799980090319836,0.16432337434094904,0.6410369068541301,0.19463971880492092,4
1791234900000,85750.57,85804.0,0.0023579320311408747,1.0,0.0025,ranging,0.05003657787903431,0.8731676153205383,0.07679580680042732,0.16432337434094904,0.6410369068541301,0.19463971880492092,4
1791235800000,85803.99,85925.31,0.0005860904080532414,1.0,0.0025,ranging,0.06675537694048204,0.8328752876244241,0.10036933543509383,0.16432337434094904,0.6410369068541301,0.19463971880492092,4
1791236700000,85925.31,85948.99,-0.00024409827270810425,1.0,0.0025,ranging,0.07193574637184454,0.7989381567543623,0.12912609687379317,0.16432337434094904,0.6410369068541301,0.19463971880492092,4
1791237600000,85948.99,85964.4,-0.001144776209686671,1.0,0.0025,ranging,0.07651538096857885,0.7935187604391692,0.12996585859225196,0.16432337434094904,0.6410369068541301,0.19463971880492092,4
1791238500000,85964.41,86006.32,-0.0009812069624652864,1.0,0.0025,ranging,0.07768438456252066,0.8015108977793779,0.12080471765810136,0.16432337434094904,0.6410369068541301,0.19463971880492092,4
1791239400000,86006.33,85975.67,-0.0015992896595048434,1.0,0.0025,ranging,0.059717295716860075,0.8269327144139023,0.11334998986923783,0.16432337434094904,0.6410369068541301,0.19463971880492092,4
1791240300000,85975.68,85928.01,-0.0018752907230134008,1.0,0.0025,ranging,0.045285714106447994,0.8739493805808625,0.08076490531268946,0.16432337434094904,0.6410369068541301,0.19463971880492092,4
1791241200000,85928.01,85865.99,-0.0005039247785998402,1.0,0.0025,ranging,0.07531631121860743,0.7922476994494227,0.1324359893319698,0.16432337434094904,0.6410369068541301,0.19463971880492092,4
1791242100000,85866.0,85921.93,-0.0011673387690428472,1.0,0.0025,ranging,0.059839493489913395,0.8337694390777697,0.10639106743231684,0.16432337434094904,0.6410369068541301,0.19463971880492092,4
1791243000000,85921.94,85838.17,-0.0005538328694565386,1.0,0.0025,ranging,0.05144200697977789,0.8485588367042918,0.09999915631593043,0.16432337434094904,0.6410369068541301,0.19463971880492092,4
1791243900000,85838.17,85766.87,0.0015756666880812897,1.0,0.0025,ranging,0.07458035861557165,0.7781435958747842,0.1472760455096441,0.16432337434094904,0.6410369068541301,0.19463971880492092,4
1791244800000,85766.87,85822.72,0.0028567027472445883,2.0,0.0025,ranging,0.06153483161170001,0.8416020777911808,0.09686309059711926,0.16432337434094904,0.6410369068541301,0.19463971880492092,4
1791245700000,85822.71,85821.63,0.0017754265445668604,1.0,0.0025,ranging,0.07184342463394391,0.7709228506702513,0.15723372469580474,0.16432337434094904,0.6410369068541301,0.19463971880492092,4
1791246600000,85821.62,85790.63,-0.0014713728060979925,1.0,0.0025,ranging,0.07897378253208612,0.8463868898623187,0.07463932760559529,0.16432337434094904,0.6410369068541301,0.19463971880492092,4
1791247500000,85790.63,85902.01,-0.0027134405818909357,0.0,0.0025,ranging,0.07600414077181714,0.8555166899288724,0.06847916929931035,0.16432337434094904,0.6410369068541301,0.19463971880492092,4
1791248400000,85902.01,86067.89,-0.007045136112898809,0.0,0.0025,ranging,0.09407323899918642,0.6418426824138767,0.2640840785869369,0.16432337434094904,0.6410369068541301,0.19463971880492092,4
1791249300000,86067.89,85974.0,-0.004001093353804719,0.0,0.0025,ranging,0.08615050026567231,0.7179530956384714,0.19589640409585632,0.16432337434094904,0.6410369068541301,0.19463971880492092,4
1791250200000,85974.0,85664.4,-0.0008450418143359784,1.0,0.0025,ranging,0.17125671613752314,0.6335395879289648,0.19520369593351203,0.16432337434094904,0.6410369068541301,0.19463971880492092,4
1791251100000,85664.41,85668.92,-0.0015290259291235175,1.0,0.0025,ranging,0.13377041839933945,0.6658962330649476,0.20033334853571305,0.16432337434094904,0.6410369068541301,0.19463971880492092,4
1791252000000,85668.92,85461.53,0.0007778938663980384,1.0,0.0025,ranging,0.13043720743871193,0.6723170292145123,0.1972457633467758,0.16432337434094904,0.6410369068541301,0.19463971880492092,4
1791252900000,85461.54,85630.01,-0.0019034214757185364,1.0,0.0025,ranging,0.1298732227277183,0.721025320489099,0.14910145678318268,0.16432337434094904,0.6410369068541301,0.19463971880492092,4
1791253800000,85630.01,85592.01,-0.0013768808560518098,1.0,0.0025,ranging,0.12421288588922332,0.717274443361454,0.1585126707493226,0.16432337434094904,0.6410369068541301,0.19463971880492092,4
1791254700000,85592.0,85537.93,-0.00025322099798286146,1.0,0.0025,ranging,0.11152867204013839,0.7497638384490056,0.13870748951085596,0.16432337434094904,0.6410369068541301,0.19463971880492092,4
1791255600000,85537.94,85528.01,0.0011692076081275538,1.0,0.0025,ranging,0.10418785246597047,0.7904444939002272,0.10536765363380238,0.16432337434094904,0.6410369068541301,0.19463971880492092,4
1791256500000,85528.0,85467.02,0.0014150487521384925,1.0,0.0025,ranging,0.1035090883507462,0.7387241359058877,0.15776677574336595,0.16432337434094904,0.6410369068541301,0.19463971880492092,4
1791257400000,85467.01,85474.16,0.001355263391883632,1.0,0.0025,ranging,0.1359614897215831,0.6728594296554605,0.19117908062295638,0.16432337434094904,0.6410369068541301,0.19463971880492092,4
1791258300000,85474.16,85516.27,0.0012598772140084424,1.0,0.0025,ranging,0.13112086130233844,0.7017618123028295,0.16711732639483196,0.16432337434094904,0.6410369068541301,0.19463971880492092,4
1791259200000,85516.27,85628.01,0.0009559955906952577,1.0,0.0025,low_liquidity,0.09715305428792215,0.7743460722543388,0.12850087345773908,0.16432337434094904,0.6410369068541301,0.19463971880492092,4
1791260100000,85628.0,85587.96,0.001075268063405188,1.0,0.0025,ranging,0.0749166467342627,0.8280995060576075,0.09698384720812989,0.16432337434094904,0.6410369068541301,0.19463971880492092,4
1791261000000,85587.97,85590.0,4.673443159242119e-05,1.0,0.0025,ranging,0.09565843509828942,0.7601933192487458,0.14414824565296475,0.16432337434094904,0.6410369068541301,0.19463971880492092,4
1791261900000,85589.99,85624.01,-0.0012339996690179378,1.0,0.0025,ranging,0.0901087869224472,0.8554008306588989,0.054490382418653886,0.16432337434094904,0.6410369068541301,0.19463971880492092,4
1791262800000,85624.0,85709.87,-0.006405446653926727,0.0,0.0025,ranging,0.10346160490017062,0.798559720807951,0.09797867429187825,0.16432337434094904,0.6410369068541301,0.19463971880492092,4
1791263700000,85709.87,85679.99,-0.004871849308105691,0.0,0.0025,low_liquidity,0.04876965595417015,0.895922224022767,0.05530812002306287,0.16432337434094904,0.6410369068541301,0.19463971880492092,4
1791264600000,85679.99,85594.0,-0.0029033577119891296,0.0,0.0025,ranging,0.07028410242383414,0.8521426422782673,0.07757325529789873,0.16432337434094904,0.6410369068541301,0.19463971880492092,4
1791265500000,85594.01,85518.35,-0.0024363192227165875,1.0,0.0025,ranging,0.06544447493218002,0.8392858311939462,0.09526969387387377,0.16432337434094904,0.6410369068541301,0.19463971880492092,4
1791266400000,85518.36,85160.86,0.002526277916873987,2.0,0.0025,ranging,0.154134607744386,0.591104895285702,0.25476049696991204,0.16432337434094904,0.6410369068541301,0.19463971880492092,4
1791267300000,85160.86,85262.57,0.0005239110198063113,1.0,0.0025,ranging,0.14172672674275677,0.668294886703187,0.18997838655405622,0.16432337434094904,0.6410369068541301,0.19463971880492092,4
1791268200000,85262.57,85345.49,0.002067830414940408,1.0,0.0025,ranging,0.08947712661636292,0.769255872317366,0.14126700106627102,0.16432337434094904,0.6410369068541301,0.19463971880492092,4
1791269100000,85345.49,85310.0,0.0028718790294222085,2.0,0.0025,ranging,0.09420481468356194,0.7764975580860146,0.1292976272304234,0.16432337434094904,0.6410369068541301,0.19463971880492092,4
1791270000000,85310.0,85376.0,0.00484773238380809,2.0,0.0025,ranging,0.11109568456914143,0.7443260709549928,0.14457824447586576,0.16432337434094904,0.6410369068541301,0.19463971880492092,4
1791270900000,85376.01,85307.24,0.006767538136270623,2.0,0.0025,ranging,0.07191372089704087,0.8460195564112538,0.08206672269170527,0.16432337434094904,0.6410369068541301,0.19463971880492092,4
1791271800000,85307.24,85521.97,0.005145344523752149,2.0,0.0025,ranging,0.15572815726125055,0.7407657385944606,0.10350610414428886,0.16432337434094904,0.6410369068541301,0.19463971880492092,4
1791272700000,85521.98,85555.0,0.005515633218397431,2.0,0.0025,ranging,0.11130959217382148,0.7332613567803855,0.155429051045793,0.16432337434094904,0.6410369068541301,0.19463971880492092,4
1791273600000,85555.01,85789.88,0.0016061334973307417,1.0,0.0025,ranging,0.22763133866967192,0.537484009669508,0.23488465166081998,0.16432337434094904,0.6410369068541301,0.19463971880492092,4
1791274500000,85788.64,85884.56,-0.0012408516734555564,1.0,0.0025,ranging,0.15332930476127773,0.66723795905692,0.17943273618180244,0.16432337434094904,0.6410369068541301,0.19463971880492092,4
1791275400000,85884.56,85962.01,-0.0006271374994604173,1.0,0.0025,ranging,0.14642353448782452,0.6840626773871852,0.16951378812499027,0.16432337434094904,0.6410369068541301,0.19463971880492092,4
1791276300000,85962.0,86026.89,-0.0004054546200612519,1.0,0.0025,ranging,0.12845709202372402,0.7313526607812412,0.14019024719503484,0.16432337434094904,0.6410369068541301,0.19463971880492092,4
1791277200000,86026.89,85927.67,0.002800145750490035,2.0,0.0025,ranging,0.15247912332006647,0.6986640589912334,0.14885681768870015,0.16432337434094904,0.6410369068541301,0.19463971880492092,4
1791278100000,85927.67,85777.99,0.004178344584665483,2.0,0.0025,ranging,0.2578221835448104,0.5035149690603038,0.2386628473948858,0.16432337434094904,0.6410369068541301,0.19463971880492092,4
1791279000000,85777.99,85908.1,0.00329340306676551,2.0,0.0025,ranging,0.22948165034970372,0.5974163579440998,0.1731019917061966,0.16432337434094904,0.6410369068541301,0.19463971880492092,4
1791279900000,85908.1,85992.01,0.001920410977717557,1.0,0.0025,ranging,0.2213649982226105,0.6103616251854882,0.16827337659190125,0.16432337434094904,0.6410369068541301,0.19463971880492092,4
1791280800000,85992.0,86168.28,0.00019102156849371,1.0,0.0025,ranging,0.22239039284424106,0.5960707681993813,0.18153883895637754,0.16432337434094904,0.6410369068541301,0.19463971880492092,4
1791281700000,86168.28,86136.4,0.0007370867600688946,1.0,0.0025,ranging,0.20657905420459288,0.627897885520216,0.16552306027519118,0.16432337434094904,0.6410369068541301,0.19463971880492092,4
1791282600000,86136.41,86191.03,0.0015427359436359644,1.0,0.0025,ranging,0.21639060767288096,0.5839138104879008,0.1996955818392182,0.16432337434094904,0.6410369068541301,0.19463971880492092,4
1791283500000,86191.04,86157.15,0.0009849443719993634,1.0,0.0025,ranging,0.19091249802503707,0.6189403713066252,0.19014713066833774,0.16432337434094904,0.6410369068541301,0.19463971880492092,4
1791284400000,86157.15,86184.74,0.0023002912116460994,1.0,0.0025,ranging,0.22258476823246878,0.5938682917176025,0.18354694004992875,0.16432337434094904,0.6410369068541301,0.19463971880492092,4
1791285300000,86184.74,86199.89,-0.0006013928788075606,1.0,0.0025,ranging,0.2231965510485257,0.5753562777605002,0.20144717119097397,0.16432337434094904,0.6410369068541301,0.19463971880492092,4
1791286200000,86199.89,86324.0,-0.0006950558361521475,1.0,0.0025,trending,0.2021774112997572,0.6251790546091086,0.1726435340911342,0.16432337434094904,0.6410369068541301,0.19463971880492092,4
1791287100000,86324.01,86242.01,-0.000324667757627628,1.0,0.0025,trending,0.15379617446922067,0.6909102468685854,0.15529357866219398,0.16432337434094904,0.6410369068541301,0.19463971880492092,4
1791288000000,86242.01,86382.99,-0.003450216298370834,0.0,0.0025,trending,0.19737808921938216,0.6059199612535026,0.1967019495271153,0.16432337434094904,0.6410369068541301,0.19463971880492092,4
1791288900000,86382.99,86148.05,-0.0014622501612050476,1.0,0.0025,trending,0.17463780299468518,0.6410449078173355,0.18431728918797952,0.16432337434094904,0.6410369068541301,0.19463971880492092,4
1791289800000,86148.05,86264.0,0.0012287860521191796,1.0,0.0025,trending,0.20941165633662312,0.6355295232702356,0.1550588203931412,0.16432337434094904,0.6410369068541301,0.19463971880492092,4
1791290700000,86264.0,86214.01,0.0012758947182713865,1.0,0.0025,trending,0.17161575747670135,0.6544000508659209,0.17398419165737772,0.16432337434094904,0.6410369068541301,0.19463971880492092,4
1791291600000,86214.0,86084.95,0.0027505388572566236,2.0,0.0025,trending,0.1672973502253681,0.629308814008459,0.20339383576617298,0.16432337434094904,0.6410369068541301,0.19463971880492092,4
1791292500000,86084.95,86022.08,6.881954028536974e-05,1.0,0.0025,trending,0.18325143326586843,0.5968850774959313,0.2198634892382002,0.16432337434094904,0.6410369068541301,0.19463971880492092,4
1791293400000,86022.09,86370.0,-0.0006462892207943494,1.0,0.0025,trending,0.2120230286301209,0.5784453261354116,0.20953164523446755,0.16432337434094904,0.6410369068541301,0.19463971880492092,4
1791294300000,86370.0,86324.01,0.003146285720508235,2.0,0.0025,trending,0.193730531621297,0.6417427863262043,0.16452668205249868,0.16432337434094904,0.6410369068541301,0.19463971880492092,4
1791295200000,86324.01,86321.73,0.0032242171235448147,2.0,0.0025,trending,0.16711205022259604,0.6658292699815407,0.1670586797958634,0.16432337434094904,0.6410369068541301,0.19463971880492092,4
1791296100000,86321.74,86028.0,0.002837564513879176,2.0,0.0025,ranging,0.19208385886767426,0.5691206337134662,0.2387955074188596,0.16432337434094904,0.6410369068541301,0.19463971880492092,4
1791297000000,86028.01,86314.18,-0.002515461538301067,0.0,0.0025,ranging,0.18610928869568155,0.6168952565262367,0.1969954547780818,0.16432337434094904,0.6410369068541301,0.19463971880492092,4
1791297900000,86314.17,86595.61,-0.010103976402499049,0.0,0.0025,high_volatility,0.3196150704099989,0.47877599030804774,0.20160893928195325,0.16432337434094904,0.6410369068541301,0.19463971880492092,4
1791298800000,86595.6,86600.05,-0.009229555872080852,0.0,0.0025,high_volatility,0.31747534399414507,0.4722014217560497,0.21032323424980523,0.16432337434094904,0.6410369068541301,0.19463971880492092,4
1791299700000,86600.06,86272.11,-0.006422817292865535,0.0,0.0025,high_volatility,0.23056944021872688,0.5798011771530398,0.1896293826282334,0.16432337434094904,0.6410369068541301,0.19463971880492092,4
1791300600000,86272.1,86097.06,-0.0043919037421255025,0.0,0.0025,high_volatility,0.24826356213460934,0.5256477637587388,0.22608867410665184,0.16432337434094904,0.6410369068541301,0.19463971880492092,4
1791301500000,86097.07,85720.65,-0.001556567758177252,1.0,0.0025,high_volatility,0.26578071950619014,0.5293400346433603,0.20487924585044937,0.16432337434094904,0.6410369068541301,0.19463971880492092,4
1791302400000,85720.65,85800.77,-0.0029773625574689433,0.0,0.0025,high_volatility,0.2071116888553151,0.5507020581799927,0.24218625296469223,0.16432337434094904,0.6410369068541301,0.19463971880492092,4
1791303300000,85800.76,85718.0,-0.0009737744697729811,1.0,0.0025,high_volatility,0.18102310765114554,0.6365598046701252,0.18241708767872927,0.16432337434094904,0.6410369068541301,0.19463971880492092,4
1791304200000,85718.0,85718.93,-0.0013870915094249536,1.0,0.0025,high_volatility,0.21797544175131722,0.5879788958552471,0.19404566239343568,0.16432337434094904,0.6410369068541301,0.19463971880492092,4
1791305100000,85718.92,85587.22,0.00154462313415471,1.0,0.0025,high_volatility,0.15518246727072615,0.6981267414048444,0.14669079132442947,0.16432337434094904,0.6410369068541301,0.19463971880492092,4
1791306000000,85587.22,85545.31,0.002747900498577982,2.0,0.0025,ranging,0.1716365046346972,0.6342709980208994,0.1940924973444034,0.16432337434094904,0.6410369068541301,0.19463971880492092,4
1791306900000,85545.31,85634.53,0.0010447888252553827,1.0,0.0025,ranging,0.1741650270872133,0.6330017617734469,0.19283321113933974,0.16432337434094904,0.6410369068541301,0.19463971880492092,4
1791307800000,85634.53,85600.03,0.00033644848021663343,1.0,0.0025,trending,0.12188752995807116,0.7346600566491576,0.14345241339277118,0.16432337434094904,0.6410369068541301,0.19463971880492092,4
1791308700000,85600.03,85719.42,-0.0024772682782966404,1.0,0.0025,trending,0.12049131159323492,0.6918547729705845,0.18765391543618065,0.16432337434094904,0.6410369068541301,0.19463971880492092,4
1791309600000,85719.43,85780.38,-0.0032939933350726314,0.0,0.0025,trending,0.10110730042253172,0.7267257167363781,0.17216698284109008,0.16432337434094904,0.6410369068541301,0.19463971880492092,4
1791310500000,85780.37,85724.0,-0.0026374177593205816,0.0,0.0025,ranging,0.11995458009587272,0.7096104833519457,0.1704349365521817,0.16432337434094904,0.6410369068541301,0.19463971880492092,4
1791311400000,85724.0,85628.83,-0.0015045166446862046,1.0,0.0025,trending,0.10643725543006399,0.7723811518020867,0.12118159276784937,0.16432337434094904,0.6410369068541301,0.19463971880492092,4
1791312300000,85628.82,85507.07,0.0012505398676390111,1.0,0.0025,trending,0.08979404043943935,0.7721073897462263,0.1380985698143344,0.16432337434094904,0.6410369068541301,0.19463971880492092,4
1791313200000,85507.07,85497.82,0.001475944065006507,1.0,0.0025,trending,0.11497228436728592,0.694206525938787,0.19082118969392708,0.16432337434094904,0.6410369068541301,0.19463971880492092,4
1791314100000,85497.83,85497.91,0.0012704404119352475,1.0,0.0025,trending,0.10106760366781284,0.7875666650556016,0.11136573127658558,0.16432337434094904,0.6410369068541301,0.19463971880492092,4
1791315000000,85497.91,85500.0,0.0014485380116959767,1.0,0.0025,trending,0.10387009393227103,0.7788265046761798,0.11730340139154934,0.16432337434094904,0.6410369068541301,0.19463971880492092,4
1791315900000,85500.0,85614.0,-3.0252061578694978e-05,1.0,0.0025,trending,0.1347017941664254,0.7292484072143803,0.13604979861919425,0.16432337434094904,0.6410369068541301,0.19463971880492092,4
1791316800000,85614.0,85624.01,-0.0007265485463714416,1.0,0.0025,low_liquidity,0.08343788536201296,0.8455108369859303,0.07105127765205681,0.16432337434094904,0.6410369068541301,0.19463971880492092,4
1791317700000,85624.0,85606.53,-0.00030978945180937245,1.0,0.0025,trending,0.0685579517238143,0.8529984280278539,0.07844362024833192,0.16432337434094904,0.6410369068541301,0.19463971880492092,4
1791318600000,85606.54,85623.85,-0.0004550134103992187,1.0,0.0025,low_liquidity,0.07611742006839821,0.8442454561275887,0.07963712380401305,0.16432337434094904,0.6410369068541301,0.19463971880492092,4
1791319500000,85623.85,85611.41,-1.646976728919558e-05,1.0,0.0025,low_liquidity,0.04517695446474432,0.8846044699977813,0.07021857553747429,0.16432337434094904,0.6410369068541301,0.19463971880492092,4
1791320400000,85611.42,85561.8,0.00025361785282673743,1.0,0.0025,ranging,0.06036169761351498,0.8050828092741773,0.13455549311230777,0.16432337434094904,0.6410369068541301,0.19463971880492092,4
1791321300000,85561.79,85580.01,-0.0010668379216126622,1.0,0.0025,ranging,0.05356037954557884,0.8431195060399355,0.1033201144144856,0.16432337434094904,0.6410369068541301,0.19463971880492092,4
1791322200000,85580.0,85584.89,-0.00038417996447748237,1.0,0.0025,low_liquidity,0.03694156216640279,0.9141928146091804,0.04886562322441676,0.16432337434094904,0.6410369068541301,0.19463971880492092,4
1791323100000,85584.88,85610.0,-0.0008815558930032052,1.0,0.0025,low_liquidity,0.04261943886857383,0.9167750431342868,0.04060551799713925,0.16432337434094904,0.6410369068541301,0.19463971880492092,4
1791324000000,85609.99,85583.5,-0.0010006601739821486,1.0,0.0025,ranging,0.05021872348765866,0.8962398884894685,0.05354138802287267,0.16432337434094904,0.6410369068541301,0.19463971880492092,4
1791324900000,85583.51,85488.71,0.00011685753592471926,1.0,0.0025,ranging,0.0788363082380562,0.8397926613730942,0.08137103038884974,0.16432337434094904,0.6410369068541301,0.19463971880492092,4
1791325800000,85488.72,85552.01,0.0002728165007461758,1.0,0.0025,low_liquidity,0.0660682356094824,0.8903570410577789,0.04357472333273866,0.16432337434094904,0.6410369068541301,0.19463971880492092,4
1791326700000,85552.01,85534.53,0.000180044246458122,1.0,0.0025,low_liquidity,0.04477908978681087,0.9151858246321048,0.04003508558108426,0.16432337434094904,0.6410369068541301,0.19463971880492092,4
1791327600000,85534.53,85497.86,0.0009140579658952763,1.0,0.0025,ranging,0.03990374985175151,0.9185410677909451,0.041555182357303266,0.16432337434094904,0.6410369068541301,0.19463971880492092,4
1791328500000,85497.86,85498.7,-0.0009904244158097653,1.0,0.0025,ranging,0.04231873799698156,0.912113237773642,0.045568024229376454,0.16432337434094904,0.6410369068541301,0.19463971880492092,4
1791329400000,85498.69,85575.35,-0.0007401664147446141,1.0,0.0025,trending,0.11307486403725436,0.788229067504516,0.09869606845822962,0.16432337434094904,0.6410369068541301,0.19463971880492092,4
1791330300000,85575.34,85549.93,-0.00011595567641020654,1.0,0.0025,trending,0.022437673264539965,0.9435657761095178,0.03399655062594217,0.16432337434094904,0.6410369068541301,0.19463971880492092,4
1791331200000,85549.94,85576.01,-0.001431008526805444,1.0,0.0025,trending,0.027063954156930563,0.942630558286986,0.030305487556083435,0.16432337434094904,0.6410369068541301,0.19463971880492092,4
1791332100000,85576.0,85414.02,-0.0017155263269426069,1.0,0.0025,trending,0.05984734105506786,0.8506333406326596,0.0895193183122726,0.16432337434094904,0.6410369068541301,0.19463971880492092,4
1791333000000,85414.02,85512.01,-0.002510758430307014,0.0,0.0025,low_liquidity,0.07189983971089535,0.8620436663218646,0.06605649396724016,0.16432337434094904,0.6410369068541301,0.19463971880492092,4
1791333900000,85512.01,85540.01,-0.013425881058466094,0.0,0.0025,trending,0.03783073970355443,0.9244736534526995,0.0376956068437461,0.16432337434094904,0.6410369068541301,0.19463971880492092,4
1791334800000,85540.0,85453.55,-0.017687737958224092,0.0,0.0025,trending,0.061299202550622274,0.863720338362591,0.07498045908678676,0.16432337434094904,0.6410369068541301,0.19463971880492092,4
1791335700000,85453.54,85267.49,-0.016540536141031126,0.0,0.0025,trending,0.10029904850022121,0.6999621983172227,0.19973875318255616,0.16432337434094904,0.6410369068541301,0.19463971880492092,4
1791336600000,85267.49,85297.31,-0.017366315537969523,0.0,0.0025,trending,0.06708625112469897,0.8369448155142751,0.09596893336102594,0.16432337434094904,0.6410369068541301,0.19463971880492092,4
1791337500000,85297.31,84391.56,-0.006199079623602111,0.0,0.0025,trending,0.13473531725879834,0.4173721343956738,0.44789254834552783,0.16432337434094904,0.6410369068541301,0.19463971880492092,4
1791338400000,84391.49,83942.07,0.00016594777803313754,1.0,0.0025,high_volatility,0.1064970166394278,0.3239773479815474,0.5695256353790248,0.16432337434094904,0.6410369068541301,0.19463971880492092,4
1791339300000,83942.07,83857.12,0.001416456944860478,1.0,0.0025,high_volatility,0.08938256406889722,0.49180987284082806,0.4188075630902747,0.16432337434094904,0.6410369068541301,0.19463971880492092,4
1791340200000,83857.12,83816.01,0.0038361406132312315,2.0,0.0025,high_volatility,0.09094961023581977,0.5678134094486031,0.34123698031557714,0.16432337434094904,0.6410369068541301,0.19463971880492092,4
1791341100000,83816.01,83868.41,0.0033621717640766047,2.0,0.0025,trending,0.09450606047932057,0.6126293684605421,0.29286457106013736,0.16432337434094904,0.6410369068541301,0.19463971880492092,4
1791342000000,83868.41,83956.0,0.0023108533041116264,1.0,0.0025,trending,0.08703239669899565,0.6701750049008521,0.24279259840015213,0.16432337434094904,0.6410369068541301,0.19463971880492092,4
1791342900000,83956.01,83975.9,0.002071189472217627,1.0,0.0025,trending,0.08173782399224622,0.7239685049540729,0.19429367105368087,0.16432337434094904,0.6410369068541301,0.19463971880492092,4
1791343800000,83975.89,84137.54,-0.0002409150540887417,1.0,0.0025,trending,0.08903817998181844,0.7536606885278524,0.1573011314903291,0.16432337434094904,0.6410369068541301,0.19463971880492092,4
1791344700000,84137.53,84150.39,-0.0005624454028080317,1.0,0.0025,trending,0.06761157013421273,0.7905834550258013,0.14180497483998603,0.16432337434094904,0.6410369068541301,0.19463971880492092,4
1791345600000,84150.39,84150.01,0.0002975638386735202,1.0,0.0025,trending,0.0668888860517867,0.8036772512742933,0.12943386267392,0.16432337434094904,0.6410369068541301,0.19463971880492092,4
1791346500000,84150.01,84149.83,0.0005248970794118346,1.0,0.0025,trending,0.058792146440253074,0.839985007588704,0.10122284597104281,0.16432337434094904,0.6410369068541301,0.19463971880492092,4
1791347400000,84149.84,84117.27,0.0013163765300514552,1.0,0.0025,trending,0.05312876289326406,0.8154831457358888,0.1313880913708472,0.16432337434094904,0.6410369068541301,0.19463971880492092,4
1791348300000,84117.26,84103.06,0.002732243036103643,2.0,0.0025,trending,0.05147628591852897,0.7988677789707076,0.14965593511076336,0.16432337434094904,0.6410369068541301,0.19463971880492092,4
1791349200000,84103.07,84175.05,0.0014465093872828572,1.0,0.0025,trending,0.06093435759151675,0.8375352954649645,0.10153034694351878,0.16432337434094904,0.6410369068541301,0.19463971880492092,4
1791350100000,84175.05,84194.0,-2.4467301707908895e-05,1.0,0.0025,trending,0.0532600985665313,0.8720854828143192,0.07465441861914941,0.16432337434094904,0.6410369068541301,0.19463971880492092,4
1791351000000,84194.01,84228.0,0.0012348625160278903,1.0,0.0025,trending,0.05431383970214204,0.8768580846498332,0.06882807564802486,0.16432337434094904,0.6410369068541301,0.19463971880492092,4
1791351900000,84227.99,84332.85,-0.001223485272939362,1.0,0.0025,trending,0.06349382679191931,0.8576079581168076,0.07889821509127312,0.16432337434094904,0.6410369068541301,0.19463971880492092,4
1791352800000,84332.84,84296.81,-0.00036881585436032704,1.0,0.0025,trending,0.06080540447885457,0.8641241981806581,0.07507039734048725,0.16432337434094904,0.6410369068541301,0.19463971880492092,4
1791353700000,84296.82,84191.94,0.0004291384662238329,1.0,0.0025,trending,0.07996787079403693,0.8137813527213852,0.10625077648457802,0.16432337434094904,0.6410369068541301,0.19463971880492092,4
1791354600000,84191.95,84332.01,-0.00026241518493386184,1.0,0.0025,trending,0.11765106578269027,0.7792486145443456,0.10310031967296424,0.16432337434094904,0.6410369068541301,0.19463971880492092,4
1791355500000,84332.01,84229.67,-0.0010032094391442259,1.0,0.0025,trending,0.07157710057007545,0.816444427198027,0.11197847223189751,0.16432337434094904,0.6410369068541301,0.19463971880492092,4
1791356400000,84229.68,84265.72,-0.0024998302987263576,1.0,0.0025,trending,0.08270788116088194,0.7791940746195751,0.13809804421954297,0.16432337434094904,0.6410369068541301,0.19463971880492092,4
1791357300000,84265.73,84228.07,-0.002081728810834793,1.0,0.0025,trending,0.05728627081649629,0.8048302366348649,0.13788349254863883,0.16432337434094904,0.6410369068541301,0.19463971880492092,4
1791358200000,84228.08,84309.88,-0.0035613856881305805,0.0,0.0025,trending,0.06839144525459923,0.8043692510993589,0.12723930364604194,0.16432337434094904,0.6410369068541301,0.19463971880492092,4
1791359100000,84309.89,84145.17,-0.002290684064219062,1.0,0.0025,trending,0.094558205598791,0.722132310533244,0.183309483867965,0.16432337434094904,0.6410369068541301,0.19463971880492092,4
1791360000000,84145.16,84055.07,-0.0015323287459043655,1.0,0.0025,trending,0.09535277021199641,0.7109947418992523,0.1936524878887511,0.16432337434094904,0.6410369068541301,0.19463971880492092,4
1791360900000,84055.07,84052.73,-0.0023755325972160124,1.0,0.0025,trending,0.08687549535235586,0.733420548465305,0.1797039561823391,0.16432337434094904,0.6410369068541301,0.19463971880492092,4
1791361800000,84052.73,84009.62,-0.0027090945060814775,0.0,0.0025,trending,0.08377842515647607,0.710414219484612,0.20580735535891198,0.16432337434094904,0.6410369068541301,0.19463971880492092,4
1791362700000,84009.63,83952.42,-0.0017679061544622066,1.0,0.0025,trending,0.06824488624003508,0.7698072233483516,0.1619478904116133,0.16432337434094904,0.6410369068541301,0.19463971880492092,4
1791363600000,83952.41,83926.27,-0.0010754677885721486,1.0,0.0025,trending,0.07244251557168813,0.7580641247504287,0.16949335967788307,0.16432337434094904,0.6410369068541301,0.19463971880492092,4
1791364500000,83926.27,83853.06,0.0002736930530620185,1.0,0.0025,trending,0.0751268079629696,0.7016879507875319,0.22318524124949846,0.16432337434094904,0.6410369068541301,0.19463971880492092,4
1791365400000,83853.05,83782.03,-0.0016416408148620665,1.0,0.0025,trending,0.08773350721794954,0.6530450526034497,0.2592214401786008,0.16432337434094904,0.6410369068541301,0.19463971880492092,4
1791366300000,83782.03,83804.0,-0.0006794425087108813,1.0,0.0025,trending,0.07567389702269073,0.7181718142712377,0.20615428870607155,0.16432337434094904,0.6410369068541301,0.19463971880492092,4
1791367200000,83804.0,83836.01,-2.3975377644980256e-05,1.0,0.0025,trending,0.09038233869104664,0.6683471369494735,0.24127052435948002,0.16432337434094904,0.6410369068541301,0.19463971880492092,4
1791368100000,83836.0,83876.01,-0.0016452857020737843,1.0,0.0025,trending,0.11995580837198866,0.7571202247547517,0.12292396687325953,0.16432337434094904,0.6410369068541301,0.19463971880492092,4
1791369000000,83876.0,83644.49,0.00011931449399704697,1.0,0.0025,trending,0.07781606564043374,0.6317399785029538,0.2904439558566126,0.16432337434094904,0.6410369068541301,0.19463971880492092,4
1791369900000,83644.49,83747.06,-8.251035916961857e-05,1.0,0.0025,trending,0.09061898122827707,0.6768284636654848,0.23255255510623807,0.16432337434094904,0.6410369068541301,0.19463971880492092,4
1791370800000,83747.06,83834.0,-0.002123243552735188,1.0,0.0025,trending,0.12134102394929557,0.7012924210563156,0.17736655499438886,0.16432337434094904,0.6410369068541301,0.19463971880492092,4
1791371700000,83834.01,83738.01,-0.003055840471967275,0.0,0.0025,trending,0.09365420176560058,0.7252642881629553,0.18108151007144418,0.16432337434094904,0.6410369068541301,0.19463971880492092,4
1791372600000,83738.01,83654.47,-0.0016739093559495766,1.0,0.0025,trending,0.08349015472896684,0.6578672673975436,0.2586425778734896,0.16432337434094904,0.6410369068541301,0.19463971880492092,4
1791373500000,83654.47,83740.15,-0.0029636918491308117,0.0,0.0025,trending,0.0876458845463476,0.6731791333081908,0.23917498214546157,0.16432337434094904,0.6410369068541301,0.19463971880492092,4
1791374400000,83740.15,83656.0,-0.0032099311466003977,0.0,0.0025,trending,0.079677344241378,0.6495636480824273,0.27075900767619476,0.16432337434094904,0.6410369068541301,0.19463971880492092,4
1791375300000,83656.01,83482.12,-0.0018699812606579602,1.0,0.0025,trending,0.08581050432044532,0.5802404610290688,0.3339490346504859,0.16432337434094904,0.6410369068541301,0.19463971880492092,4
1791376200000,83482.11,83514.44,-0.004962614848402214,0.0,0.0025,trending,0.08938964205654172,0.5758257199037118,0.3347846380397464,0.16432337434094904,0.6410369068541301,0.19463971880492092,4
1791377100000,83514.45,83491.97,-0.003592680829066608,0.0,0.0025,trending,0.07378291404857436,0.5881324905813446,0.338084595370081,0.16432337434094904,0.6410369068541301,0.19463971880492092,4
1791378000000,83491.97,83387.47,-0.0025090100467132226,0.0,0.0025,trending,0.09425585265035503,0.5682148247333926,0.33752932261625246,0.16432337434094904,0.6410369068541301,0.19463971880492092,4
1791378900000,83387.47,83326.01,-0.003000383673717133,0.0,0.0025,trending,0.08502368859894609,0.4867290686757575,0.4282472427252964,0.16432337434094904,0.6410369068541301,0.19463971880492092,4
1791379800000,83326.01,83099.99,-0.0012955476889949802,1.0,0.0025,trending,0.0984989119654989,0.5189389385675967,0.3825621494669044,0.16432337434094904,0.6410369068541301,0.19463971880492092,4
1791380700000,83100.0,83192.01,-0.002182421124336309,1.0,0.0025,trending,0.12566846942741275,0.34400617329449207,0.5303253572780952,0.16432337434094904,0.6410369068541301,0.19463971880492092,4
1791381600000,83192.02,83178.25,-0.0012052429571431933,1.0,0.0025,trending,0.09743040265694478,0.5812858645422004,0.3212837328008548,0.16432337434094904,0.6410369068541301,0.19463971880492092,4
1791382500000,83178.26,83076.0,-0.00012711252347241686,1.0,0.0025,trending,0.1004512472884475,0.6149424488309078,0.28460630388064473,0.16432337434094904,0.6410369068541301,0.19463971880492092,4
1791383400000,83076.01,82992.33,0.004004466436838161,2.0,0.0025,trending,0.10075715637640914,0.5410774498967957,0.3581653937267951,0.16432337434094904,0.6410369068541301,0.19463971880492092,4
1791384300000,82992.34,83010.45,0.00534619436468553,2.0,0.0025,trending,0.0918607220286338,0.6095368143465631,0.2986024636248031,0.16432337434094904,0.6410369068541301,0.19463971880492092,4
1791385200000,83010.45,83078.0,0.0052816630154792765,2.0,0.0025,trending,0.11309427978154833,0.583432524983685,0.3034731952347668,0.16432337434094904,0.6410369068541301,0.19463971880492092,4
1791386100000,83078.0,83065.44,0.006058476304946936,2.0,0.0025,trending,0.10782160790296368,0.6559080792106915,0.236270312886345,0.16432337434094904,0.6410369068541301,0.19463971880492092,4
1791387000000,83065.45,83324.67,0.0016724938724630434,1.0,0.0025,high_volatility,0.13831859513849928,0.64415953976802,0.21752186509348065,0.16432337434094904,0.6410369068541301,0.19463971880492092,4
1791387900000,83324.66,83454.24,-0.000816615189354164,1.0,0.0025,trending,0.10363734518646109,0.7026447668520539,0.19371788796148512,0.16432337434094904,0.6410369068541301,0.19463971880492092,4
1791388800000,83454.25,83516.79,0.0001342245074313908,1.0,0.0025,trending,0.12521354964161843,0.6475707927197952,0.22721565763858637,0.16432337434094904,0.6410369068541301,0.19463971880492092,4
1791389700000,83516.79,83568.69,-0.004244292928368254,0.0,0.0025,trending,0.09637971064270416,0.7469159023165638,0.1567043870407321,0.16432337434094904,0.6410369068541301,0.19463971880492092,4
1791390600000,83568.68,83464.03,-0.004145857802456909,0.0,0.0025,trending,0.11799133907377828,0.6421609730750255,0.23984768785119628,0.16432337434094904,0.6410369068541301,0.19463971880492092,4
1791391500000,83464.03,83386.09,-0.0027234758219265576,0.0,0.0025,low_liquidity,0.10342649146849736,0.6486752574443744,0.24789825108712815,0.16432337434094904,0.6410369068541301,0.19463971880492092,4
1791392400000,83386.09,83528.0,-0.002035245666123897,1.0,0.0025,trending,0.1277556782331731,0.6762313192302606,0.19601300253656634,0.16432337434094904,0.6410369068541301,0.19463971880492092,4
1791393300000,83528.0,83214.0,0.0018507703030739009,1.0,0.0025,high_volatility,0.10172637040665028,0.6318838337710143,0.2663897958223354,0.16432337434094904,0.6410369068541301,0.19463971880492092,4
1791394200000,83214.01,83118.0,0.002329098390240425,1.0,0.0025,high_volatility,0.12199184753372867,0.5312654675733108,0.3467426848929605,0.16432337434094904,0.6410369068541301,0.19463971880492092,4
1791395100000,83118.01,83158.99,0.0031629773281276474,2.0,0.0025,trending,0.10832457678964999,0.65234877273715,0.2393266504732,0.16432337434094904,0.6410369068541301,0.19463971880492092,4
1791396000000,83158.98,83358.0,0.0005038508601453717,1.0,0.0025,trending,0.10382539791555297,0.6942212207068352,0.20195338137761176,0.16432337434094904,0.6410369068541301,0.19463971880492092,4
1791396900000,83358.01,83368.01,0.001011419128272406,1.0,0.0025,trending,0.08568683218049664,0.7851707333430792,0.12914243447642412,0.16432337434094904,0.6410369068541301,0.19463971880492092,4
1791397800000,83368.01,83311.59,0.0017500566247745653,1.0,0.0025,low_liquidity,0.0765172444532839,0.7955977397021687,0.12788501584454734,0.16432337434094904,0.6410369068541301,0.19463971880492092,4
1791398700000,83311.59,83422.02,0.00015175849254167595,1.0,0.0025,low_liquidity,0.09214879949301988,0.7868829568359063,0.120968243671074,0.16432337434094904,0.6410369068541301,0.19463971880492092,4
1791399600000,83422.02,83400.0,0.001757913669064859,1.0,0.0025,low_liquidity,0.08314128582707252,0.7930806345662592,0.12377807960666842,0.16432337434094904,0.6410369068541301,0.19463971880492092,4
1791400500000,83400.0,83452.33,0.001379350342884278,1.0,0.0025,low_liquidity,0.07769059535737734,0.8157202168178792,0.10658918782474329,0.16432337434094904,0.6410369068541301,0.19463971880492092,4
1791401400000,83452.34,83457.39,-0.0007703332203414792,1.0,0.0025,trending,0.07225485235519166,0.8233105534041403,0.1044345942406681,0.16432337434094904,0.6410369068541301,0.19463971880492092,4
1791402300000,83457.39,83434.68,-3.200108156464765e-05,1.0,0.0025,trending,0.06619505872057561,0.8320965190827004,0.10170842219672399,0.16432337434094904,0.6410369068541301,0.19463971880492092,4
1791403200000,83434.67,83546.61,-0.002043889033917612,1.0,0.0025,low_liquidity,0.06672595512724663,0.8356322555906271,0.09764178928212625,0.16432337434094904,0.6410369068541301,0.19463971880492092,4
1791404100000,83546.61,83567.44,-0.0027842183510706775,0.0,0.0025,trending,0.0634727689962542,0.8557545115920041,0.08077271941174166,0.16432337434094904,0.6410369068541301,0.19463971880492092,4
1791405000000,83567.44,83393.1,-0.00231553929521755,1.0,0.0025,ranging,0.07895172563781416,0.8080757519502817,0.11297252241190417,0.16432337434094904,0.6410369068541301,0.19463971880492092,4
1791405900000,83393.09,83432.01,-0.0032697282493852065,0.0,0.0025,low_liquidity,0.061680775685517907,0.8655404398521773,0.07277878446230483,0.16432337434094904,0.6410369068541301,0.19463971880492092,4
1791406800000,83432.01,83375.85,-0.001803999599404471,1.0,0.0025,low_liquidity,0.07997218569958216,0.80727663190039,0.11275118240002793,0.16432337434094904,0.6410369068541301,0.19463971880492092,4
1791407700000,83375.85,83334.77,-0.0004930714994474394,1.0,0.0025,low_liquidity,0.09014114450297558,0.8351829303741678,0.07467592512285658,0.16432337434094904,0.6410369068541301,0.19463971880492092,4
1791408600000,83334.77,83200.0,0.0011015624999999307,1.0,0.0025,ranging,0.08747823109050158,0.8008645806587357,0.11165718825076268,0.16432337434094904,0.6410369068541301,0.19463971880492092,4
1791409500000,83200.01,83159.21,0.0008018354190713062,1.0,0.0025,ranging,0.10529659838071294,0.7405726465192402,0.1541307551000468,0.16432337434094904,0.6410369068541301,0.19463971880492092,4
1791410400000,83159.21,83225.44,-0.0005327697876994497,1.0,0.0025,ranging,0.10181916627707663,0.7852430639759851,0.11293776974693823,0.16432337434094904,0.6410369068541301,0.19463971880492092,4
1791411300000,83225.45,83293.68,0.0008803789195050982,1.0,0.0025,ranging,0.09924098838196636,0.7746117210434114,0.12614729057462232,0.16432337434094904,0.6410369068541301,0.19463971880492092,4
1791412200000,83293.68,83291.65,0.000567163695280426,1.0,0.0025,ranging,0.07461179261681401,0.8206346198463992,0.10475358753678676,0.16432337434094904,0.6410369068541301,0.19463971880492092,4
1791413100000,83291.66,83225.89,0.0011525259747897643,1.0,0.0025,ranging,0.06689269177646545,0.8442197815509211,0.08888752667261335,0.16432337434094904,0.6410369068541301,0.19463971880492092,4
1791414000000,83225.9,83181.1,0.0009274943466723862,1.0,0.0025,ranging,0.08680986027182128,0.7607132533865545,0.15247688634162432,0.16432337434094904,0.6410369068541301,0.19463971880492092,4
1791414900000,83181.11,83367.01,-0.0014034328447187772,1.0,0.0025,ranging,0.1535667129593485,0.7213077540821043,0.1251255329585471,0.16432337434094904,0.6410369068541301,0.19463971880492092,4
1791415800000,83367.02,83338.89,-0.00070663288171946,1.0,0.0025,ranging,0.11336137856711198,0.798015867090277,0.08862275434261084,0.16432337434094904,0.6410369068541301,0.19463971880492092,4
1791416700000,83338.89,83321.81,0.0005764397100831431,1.0,0.0025,ranging,0.10875948680691937,0.7899024063902977,0.1013381068027829,0.16432337434094904,0.6410369068541301,0.19463971880492092,4
1791417600000,83321.81,83258.25,0.001486459299829157,1.0,0.0025,ranging,0.0930011634980784,0.8109942707754157,0.09600456572650587,0.16432337434094904,0.6410369068541301,0.19463971880492092,4
1791418500000,83258.26,83250.01,0.0004324323804885122,1.0,0.0025,ranging,0.0949548914037474,0.8074529835517344,0.09759212504451809,0.16432337434094904,0.6410369068541301,0.19463971880492092,4
1791419400000,83250.01,83280.0,-0.00021109510086458894,1.0,0.0025,ranging,0.09941162833828149,0.7987183808814251,0.10186999078029345,0.16432337434094904,0.6410369068541301,0.19463971880492092,4
1791420300000,83280.0,83369.84,-0.003246137931894655,0.0,0.0025,ranging,0.10727809877873071,0.7969428349002426,0.09577906632102666,0.16432337434094904,0.6410369068541301,0.19463971880492092,4
1791421200000,83369.84,83382.01,-0.003304429816455623,0.0,0.0025,ranging,0.12060732394155702,0.7490993770688258,0.13029329898961714,0.16432337434094904,0.6410369068541301,0.19463971880492092,4
1791422100000,83382.01,83286.01,-0.001448382507458268,1.0,0.0025,ranging,0.2797416762090937,0.5904298437624182,0.12982848002848812,0.16432337434094904,0.6410369068541301,0.19463971880492092,4
1791423000000,83286.0,83262.42,-7.698551159096567e-05,1.0,0.0025,ranging,0.22195684830176532,0.6216434365362196,0.1563997151620151,0.16432337434094904,0.6410369068541301,0.19463971880492092,4
1791423900000,83262.42,83099.21,0.0008279260416552692,1.0,0.0025,ranging,0.14777827863506712,0.6400349253273876,0.21218679603754523,0.16432337434094904,0.6410369068541301,0.19463971880492092,4
1791424800000,83099.21,83106.48,-0.0021485689202574987,1.0,0.0025,ranging,0.14180215202300034,0.6180649058246233,0.24013294215237646,0.16432337434094904,0.6410369068541301,0.19463971880492092,4
1791425700000,83106.48,83165.38,-0.0024213200252317657,1.0,0.0025,ranging,0.16638301056315624,0.6961550560702321,0.1374619333666116,0.16432337434094904,0.6410369068541301,0.19463971880492092,4
1791426600000,83165.38,83256.01,-0.004946790027530623,0.0,0.0025,ranging,0.1575200328662033,0.7317086133226163,0.1107713538111804,0.16432337434094904,0.6410369068541301,0.19463971880492092,4
1791427500000,83256.01,83168.01,-0.004941924184551194,0.0,0.0025,ranging,0.21800576250699766,0.6476197035578026,0.13437453393519969,0.16432337434094904,0.6410369068541301,0.19463971880492092,4
1791428400000,83168.01,82927.92,-0.002391353840781263,1.0,0.0025,ranging,0.1456760041553805,0.5694660907571729,0.28485790508744663,0.16432337434094904,0.6410369068541301,0.19463971880492092,4
1791429300000,82927.92,82964.01,-0.001034906581781625,1.0,0.0025,ranging,0.1880996074483024,0.5382433569663967,0.2736570355853009,0.16432337434094904,0.6410369068541301,0.19463971880492092,4
1791430200000,82964.01,82844.16,-0.0038455335898148757,0.0,0.0025,ranging,0.12459392967054198,0.5519308722219421,0.32347519810751585,0.16432337434094904,0.6410369068541301,0.19463971880492092,4
1791431100000,82844.15,82757.0,-0.0012686540111410682,1.0,0.0025,ranging,0.13935497803168226,0.506459276853612,0.35418574511470574,0.16432337434094904,0.6410369068541301,0.19463971880492092,4
1791432000000,82757.0,82729.61,0.0005414022863154955,1.0,0.0025,trending,0.13546862801436643,0.48944855535090753,0.3750828166347261,0.16432337434094904,0.6410369068541301,0.19463971880492092,4
1791432900000,82729.62,82878.15,0.0005850758010406132,1.0,0.0025,trending,0.17321959765230022,0.3488815743699796,0.4778988279777202,0.16432337434094904,0.6410369068541301,0.19463971880492092,4
1791433800000,82878.15,82525.58,0.004391608032321637,2.0,0.0025,high_volatility,0.152052336612181,0.39357908947271797,0.4543685739151009,0.16432337434094904,0.6410369068541301,0.19463971880492092,4
1791434700000,82525.57,82652.01,0.00038716541799765913,1.0,0.0025,high_volatility,0.15585307260955963,0.4844657323189664,0.35968119507147406,0.16432337434094904,0.6410369068541301,0.19463971880492092,4
1791435600000,82652.0,82774.4,0.0016615040398963998,1.0,0.0025,high_volatility,0.14398213240504587,0.5621029617067294,0.2939149058882247,0.16432337434094904,0.6410369068541301,0.19463971880492092,4
1791436500000,82774.4,82926.64,-0.003943123705482443,0.0,0.0025,high_volatility,0.15984490490491318,0.6703766153850172,0.16977847971006965,0.16432337434094904,0.6410369068541301,0.19463971880492092,4
1791437400000,82926.65,82888.0,-0.0023062445709873813,1.0,0.0025,trending,0.15301908158510882,0.6803686545243297,0.16661226389056147,0.16432337434094904,0.6410369068541301,0.19463971880492092,4
1791438300000,82888.0,82684.01,0.002435416472907015,1.0,0.0025,trending,0.1147085745307377,0.5940943740594903,0.29119705140977203,0.16432337434094904,0.6410369068541301,0.19463971880492092,4
1791439200000,82684.0,82911.93,0.0017917807485607895,1.0,0.0025,high_volatility,0.13456526323819165,0.6716925647196015,0.19374217204220692,0.16432337434094904,0.6410369068541301,0.19463971880492092,4
1791440100000,82911.94,82599.65,0.006648575387426137,2.0,0.0025,high_volatility,0.1227323898942894,0.49339974040914475,0.38386786969656594,0.16432337434094904,0.6410369068541301,0.19463971880492092,4
1791441000000,82599.65,82696.84,0.004830414318128806,2.0,0.0025,high_volatility,0.138891826881294,0.5361487482695912,0.32495942484911483,0.16432337434094904,0.6410369068541301,0.19463971880492092,4
1791441900000,82696.85,82885.38,0.0013677924864432534,1.0,0.0025,high_volatility,0.12914833723668617,0.6600313239044743,0.2108203388588397,0.16432337434094904,0.6410369068541301,0.19463971880492092,4
1791442800000,82885.38,83060.49,-0.0012339200021574959,1.0,0.0025,high_volatility,0.16953348171753505,0.6541411095568714,0.17632540872559352,0.16432337434094904,0.6410369068541301,0.19463971880492092,4
1791443700000,83060.49,83148.82,-0.0019151203829471664,1.0,0.0025,high_volatility,0.223731814722009,0.5772965662016856,0.19897161907630542,0.16432337434094904,0.6410369068541301,0.19463971880492092,4
1791444600000,83148.82,83096.3,-0.0029634291779537802,0.0,0.0025,high_volatility,0.16397786987955046,0.6768087440166904,0.15921338610375907,0.16432337434094904,0.6410369068541301,0.19463971880492092,4
1791445500000,83096.3,82998.75,-0.0015988192593261452,1.0,0.0025,trending,0.14749230205761496,0.6767045489745958,0.1758031489677892,0.16432337434094904,0.6410369068541301,0.19463971880492092,4
1791446400000,82998.75,82958.0,0.0009526507389281402,1.0,0.0025,trending,0.1398724034072553,0.6322039704941201,0.22792362609862457,0.16432337434094904,0.6410369068541301,0.19463971880492092,4
1791447300000,82958.0,82989.58,0.00048716959406225335,1.0,0.0025,trending,0.1465057346830162,0.6530442141552254,0.20045005116175843,0.16432337434094904,0.6410369068541301,0.19463971880492092,4
1791448200000,82989.57,82850.05,0.0032101368677508457,2.0,0.0025,trending,0.13415048344589098,0.6784384038365453,0.1874111127175636,0.16432337434094904,0.6410369068541301,0.19463971880492092,4
1791449100000,82850.04,82866.05,0.0030583091627993664,2.0,0.0025,trending,0.11249207000171378,0.7351481794432899,0.15235975055499637,0.16432337434094904,0.6410369068541301,0.19463971880492092,4
1791450000000,82866.05,83037.03,0.00039861733975810054,1.0,0.0025,ranging,0.12785494421162308,0.6918354761109297,0.1803095796774473,0.16432337434094904,0.6410369068541301,0.19463971880492092,4
1791450900000,83037.02,83030.01,-0.002962904617258233,0.0,0.0025,ranging,0.1585329344604475,0.6787149412310219,0.16275212430853053,0.16432337434094904,0.6410369068541301,0.19463971880492092,4
1791451800000,83030.01,83116.01,-0.004866812061839809,0.0,0.0025,ranging,0.15299153367270582,0.688909821245891,0.15809864508140323,0.16432337434094904,0.6410369068541301,0.19463971880492092,4
1791452700000,83116.0,83119.48,-0.004637661352068112,0.0,0.0025,ranging,0.07623053764190116,0.8365192853383143,0.0872501770197845,0.16432337434094904,0.6410369068541301,0.19463971880492092,4
1791453600000,83119.49,83070.13,-0.007191032444514023,0.0,0.0025,low_liquidity,0.08627223250199036,0.8147592257954007,0.0989685417026089,0.16432337434094904,0.6410369068541301,0.19463971880492092,4
1791454500000,83070.13,82784.0,-0.002778314650173974,0.0,0.0025,ranging,0.1280014966188429,0.6398717335314417,0.23212676984971545,0.16432337434094904,0.6410369068541301,0.19463971880492092,4
1791455400000,82783.99,82711.5,-0.0010889658632717847,1.0,0.0025,ranging,0.11233643733547878,0.7217016071376707,0.16596195552685059,0.16432337434094904,0.6410369068541301,0.19463971880492092,4
1791456300000,82711.5,82734.0,-0.0027556989871153625,0.0,0.0025,ranging,0.12023289888926353,0.6862971279541473,0.19346997315658923,0.16432337434094904,0.6410369068541301,0.19463971880492092,4
1791457200000,82734.0,82472.77,-0.000785228870086585,1.0,0.0025,ranging,0.16718453222851284,0.42978587399401635,0.4030295937774707,0.16432337434094904,0.6410369068541301,0.19463971880492092,4
1791458100000,82472.78,82554.0,-0.0009932892409816318,1.0,0.0025,trending,0.13973578118805896,0.6111596584461088,0.24910456036583228,0.16432337434094904,0.6410369068541301,0.19463971880492092,4
1791459000000,82554.01,82621.43,-0.003212483734546856,0.0,0.0025,trending,0.14809999450334,0.5891025546190458,0.26279745087761414,0.16432337434094904,0.6410369068541301,0.19463971880492092,4
1791459900000,82621.44,82506.01,-0.0023757057213165123,1.0,0.0025,low_liquidity,0.1341539935846271,0.6700629719406274,0.19578303447474557,0.16432337434094904,0.6410369068541301,0.19463971880492092,4
1791460800000,82506.0,82408.01,0.0008251625054409573,1.0,0.0025,trending,0.13937504412508636,0.5474193965577131,0.31320555931720045,0.16432337434094904,0.6410369068541301,0.19463971880492092,4
1791461700000,82408.01,82472.0,-0.0013336647589485828,1.0,0.0025,trending,0.13370811555143863,0.5771649207414012,0.2891269637071601,0.16432337434094904,0.6410369068541301,0.19463971880492092,4
1791462600000,82472.01,82356.01,-0.0039053616123461143,0.0,0.0025,trending,0.11780797928923016,0.6486605437741774,0.23353147693659235,0.16432337434094904,0.6410369068541301,0.19463971880492092,4
1791463500000,82356.01,82310.0,-0.0015549750941562523,1.0,0.0025,trending,0.15347217034912838,0.3678481065650912,0.47867972308578044,0.16432337434094904,0.6410369068541301,0.19463971880492092,4
1791464400000,82310.01,82476.01,0.0007563411469591053,1.0,0.0025,high_volatility,0.13801478214745494,0.597728831060462,0.2642563867920831,0.16432337434094904,0.6410369068541301,0.19463971880492092,4
1791465300000,82476.0,82362.01,0.004372647049288858,2.0,0.0025,high_volatility,0.13182440683313107,0.5211519797263905,0.3470236134404784,0.16432337434094904,0.6410369068541301,0.19463971880492092,4
1791466200000,82362.01,82034.38,0.006431815538802121,2.0,0.0025,high_volatility,0.15049605591524795,0.2613214880603861,0.5881824560243659,0.16432337434094904,0.6410369068541301,0.19463971880492092,4
1791467100000,82034.37,82182.01,0.006351633404926504,2.0,0.0025,high_volatility,0.14923403942254385,0.33554246485322137,0.5152234957242348,0.16432337434094904,0.6410369068541301,0.19463971880492092,4
1791468000000,82182.01,82538.39,-0.004546732738547443,0.0,0.0025,high_volatility,0.18109067927663403,0.5747234219405107,0.2441858987828552,0.16432337434094904,0.6410369068541301,0.19463971880492092,4
1791468900000,82538.38,82722.15,-0.016512506021664097,0.0,0.0025,high_volatility,0.20143489039531062,0.5635725209264897,0.23499258867819975,0.16432337434094904,0.6410369068541301,0.19463971880492092,4
1791469800000,82722.16,82562.01,-0.016052782629686346,0.0,0.0025,high_volatility,0.15686908431119834,0.5937640737635647,0.2493668419252371,0.16432337434094904,0.6410369068541301,0.19463971880492092,4
1791470700000,82562.01,82704.0,-0.020144249371251588,0.0,0.0025,high_volatility,0.18635985019713067,0.5971462209001436,0.21649392890272573,0.16432337434094904,0.6410369068541301,0.19463971880492092,4
1791471600000,82704.0,82163.11,-0.013803153264281276,0.0,0.0025,high_volatility,0.14304214637106502,0.478430713491121,0.378527140137814,0.16432337434094904,0.6410369068541301,0.19463971880492092,4
1791472500000,82163.11,81356.2,-0.0005945459596194969,1.0,0.0026325485289205165,high_volatility,0.195314586401702,0.3021998957940289,0.5024855178042691,0.16432337434094904,0.6410369068541301,0.19463971880492092,4
1791473400000,81356.2,81236.66,0.0006319806845824782,1.0,0.0027766755622851288,high_volatility,0.16526791257253257,0.3542794465991029,0.48045264082836453,0.16432337434094904,0.6410369068541301,0.19463971880492092,4
1791474300000,81236.66,81037.99,-0.0010384018655942295,1.0,0.0028659433429993344,high_volatility,0.15539748570046868,0.3181525572108012,0.5264499570887301,0.16432337434094904,0.6410369068541301,0.19463971880492092,4
1791475200000,81037.99,81029.0,-0.0012068518678497453,1.0,0.0029267085537427627,high_volatility,0.17299044691453863,0.26345978894956196,0.5635497641358994,0.16432337434094904,0.6410369068541301,0.19463971880492092,4
1791476100000,81029.0,81307.83,-0.006981738413139316,0.0,0.002979055449092922,high_volatility,0.24273429903595653,0.31464893918260023,0.4426167617814432,0.16432337434094904,0.6410369068541301,0.19463971880492092,4
1791477000000,81307.83,81288.0,-0.005446191319752103,0.0,0.002951469679411891,high_volatility,0.23579854102854106,0.4452445526909545,0.31895690628050427,0.16432337434094904,0.6410369068541301,0.19463971880492092,4
1791477900000,81288.01,80953.84,-0.0025370013331053043,1.0,0.003000882861941042,high_volatility,0.230051254011726,0.37307919307358145,0.39686955291469256,0.16432337434094904,0.6410369068541301,0.19463971880492092,4
1791478800000,80953.85,80931.21,-0.0015362429401463151,1.0,0.0029691237461649963,high_volatility,0.18071520251497675,0.3974374122186177,0.4218473852664056,0.16432337434094904,0.6410369068541301,0.19463971880492092,4
1791479700000,80931.21,80740.16,0.00870347544518113,2.0,0.003051236129773104,high_volatility,0.17343660122870772,0.3762035508097582,0.45035984796153394,0.16432337434094904,0.6410369068541301,0.19463971880492092,4
1791480600000,80740.16,80845.29,0.008518863622110961,2.0,0.002949348257909466,high_volatility,0.20259577337122486,0.5479346659885309,0.24946956064024425,0.16432337434094904,0.6410369068541301,0.19463971880492092,4
1791481500000,80845.28,80748.46,0.009455784048389093,2.0,0.002922987100826008,high_volatility,0.17684596439100833,0.48976673709895335,0.33338729851003834,0.16432337434094904,0.6410369068541301,0.19463971880492092,4
1791482400000,80748.46,80806.88,0.00866460875608599,2.0,0.0028615802364586004,high_volatility,0.1971010905235979,0.5219121643562085,0.28098674512019356,0.16432337434094904,0.6410369068541301,0.19463971880492092,4
1791483300000,80806.87,81442.88,0.0031079451021378546,2.0,0.0029864487497358876,high_volatility,0.2335004393630573,0.5127023009030873,0.2537972597338554,0.16432337434094904,0.6410369068541301,0.19463971880492092,4
1791484200000,81442.88,81534.0,0.0025756126278608793,1.0,0.0028890198593413846,high_volatility,0.21339499399515735,0.5937063559625326,0.19289865004231,0.16432337434094904,0.6410369068541301,0.19463971880492092,4
1791485100000,81534.0,81512.0,0.003232898223574532,2.0,0.0027391229755391166,high_volatility,0.1959357768454347,0.658014598071852,0.14604962508271324,0.16432337434094904,0.6410369068541301,0.19463971880492092,4
1791486000000,81512.01,81507.04,0.004710758727098918,2.0,0.0026480044771661753,high_volatility,0.17996945042171508,0.5982924110851793,0.2217381384931056,0.16432337434094904,0.6410369068541301,0.19463971880492092,4
1791486900000,81507.04,81696.0,0.000881316098707341,1.0,0.0025915144376078185,high_volatility,0.21819442835276365,0.5755883551384195,0.20621721650881672,0.16432337434094904,0.6410369068541301,0.19463971880492092,4
1791487800000,81696.0,81744.0,0.0009623947935015753,1.0,0.0025,high_volatility,0.2056673808503827,0.6202937183917562,0.1740389007578611,0.16432337434094904,0.6410369068541301,0.19463971880492092,4
1791488700000,81744.01,81775.52,0.0004705564697111697,1.0,0.0025,high_volatility,0.23537455908696575,0.6375114317462965,0.1271140091667378,0.16432337434094904,0.6410369068541301,0.19463971880492092,4
1791489600000,81775.52,81891.0,-0.0016807707806718586,1.0,0.0025,high_volatility,0.22766206504776626,0.6288250718707766,0.14351286308145708,0.16432337434094904,0.6410369068541301,0.19463971880492092,4
1791490500000,81891.0,81768.0,-0.0010726690147735418,1.0,0.0025,trending,0.1402900411993476,0.6904790485804397,0.16923091022021264,0.16432337434094904,0.6410369068541301,0.19463971880492092,4
1791491400000,81768.01,81822.67,-0.0015048396734059777,1.0,0.0025,trending,0.16809416805475594,0.651352380038875,0.18055345190636912,0.16432337434094904,0.6410369068541301,0.19463971880492092,4
1791492300000,81822.67,81814.0,-0.001222529151490015,1.0,0.0025,trending,0.14751483086930256,0.6697509643794163,0.18273420475128113,0.16432337434094904,0.6410369068541301,0.19463971880492092,4
1791493200000,81814.0,81753.36,0.0009863814771648993,1.0,0.0025,trending,0.11740833578247939,0.6852505498745054,0.19734111434301527,0.16432337434094904,0.6410369068541301,0.19463971880492092,4
1791494100000,81754.01,81680.29,0.0013156172682542433,1.0,0.0025,trending,0.08598356876691185,0.7241850639595702,0.18983136727351807,0.16432337434094904,0.6410369068541301,0.19463971880492092,4
1791495000000,81680.29,81699.54,0.0027473838897991154,2.0,0.0025,trending,0.08468091285909687,0.699672541675682,0.215646545465221,0.16432337434094904,0.6410369068541301,0.19463971880492092,4
1791495900000,81699.54,81713.98,0.002236459416124381,1.0,0.0025,trending,0.08556415664806817,0.7295629516492709,0.18487289170266089,0.16432337434094904,0.6410369068541301,0.19463971880492092,4
1791496800000,81713.98,81834.0,9.788107632524579e-05,1.0,0.0025,low_liquidity,0.0939796185169353,0.7665680895076722,0.13945229197539247,0.16432337434094904,0.6410369068541301,0.19463971880492092,4
1791497700000,81834.01,81787.75,0.0006388487273460974,1.0,0.0025,low_liquidity,0.07377058940622122,0.815629804441679,0.11059960615209997,0.16432337434094904,0.6410369068541301,0.19463971880492092,4
1791498600000,81787.75,81924.0,-0.001367120746057271,1.0,0.0025,ranging,0.09686115265249293,0.8164104715155607,0.08672837583194642,0.16432337434094904,0.6410369068541301,0.19463971880492092,4
1791499500000,81924.0,81896.73,-0.001737309902361206,1.0,0.0025,ranging,0.07927838697735051,0.8156648749184439,0.10505673810420567,0.16432337434094904,0.6410369068541301,0.19463971880492092,4
1791500400000,81896.72,81842.01,-3.5434124846078774e-05,1.0,0.0025,ranging,0.0664816397847135,0.8328536450527767,0.10066471516250973,0.16432337434094904,0.6410369068541301,0.19463971880492092,4
1791501300000,81842.01,81840.0,-0.0011258553274682281,1.0,0.0025,ranging,0.06135104274216636,0.8205697116380759,0.11807924561975776,0.16432337434094904,0.6410369068541301,0.19463971880492092,4
1791502200000,81840.0,81812.0,0.000339314525986234,1.0,0.0025,ranging,0.08084625198374482,0.7711097950249449,0.1480439529913103,0.16432337434094904,0.6410369068541301,0.19463971880492092,4
1791503100000,81812.01,81754.45,0.0006550102165692184,1.0,0.0025,ranging,0.10047330322373176,0.7789086812792338,0.12061801549703437,0.16432337434094904,0.6410369068541301,0.19463971880492092,4
1791504000000,81754.46,81839.11,-0.0013086652579678004,1.0,0.0025,ranging,0.16323200951641822,0.6898826764531371,0.14688531403044477,0.16432337434094904,0.6410369068541301,0.19463971880492092,4
1791504900000,81839.11,81747.86,0.000882469583913359,1.0,0.0025,ranging,0.18572516488685756,0.6782745800143015,0.13600025509884087,0.16432337434094904,0.6410369068541301,0.19463971880492092,4
1791505800000,81747.85,81839.76,0.0017381527023050403,1.0,0.0025,ranging,0.1952184784152716,0.6988662604961079,0.1059152610886204,0.16432337434094904,0.6410369068541301,0.19463971880492092,4
1791506700000,81839.75,81808.0,0.00202914140426369,1.0,0.0025,ranging,0.17029526481371954,0.7206547662510953,0.10904996893518516,0.16432337434094904,0.6410369068541301,0.19463971880492092,4
1791507600000,81808.0,81732.01,0.0036274649308147833,2.0,0.0025,ranging,0.15333465888863895,0.6785070612492383,0.16815827986212278,0.16432337434094904,0.6410369068541301,0.19463971880492092,4
1791508500000,81732.01,81820.0,0.0011978733805915187,1.0,0.0025,ranging,0.15522703442455288,0.6971928787251264,0.14758008685032079,0.16432337434094904,0.6410369068541301,0.19463971880492092,4
1791509400000,81820.0,81982.01,0.0007479689751448415,1.0,0.0025,ranging,0.28533381057144974,0.5741659770039891,0.1405002124245611,0.16432337434094904,0.6410369068541301,0.19463971880492092,4
1791510300000,81982.01,81974.0,0.0017005391953546223,1.0,0.0025,ranging,0.10860101739350463,0.7526751407847636,0.1387238418217318,0.16432337434094904,0.6410369068541301,0.19463971880492092,4
1791511200000,81974.01,82028.49,0.0006768380107935457,1.0,0.0025,ranging,0.20104359889358736,0.628384628082967,0.17057177302344556,0.16432337434094904,0.6410369068541301,0.19463971880492092,4
1791512100000,82028.49,81918.01,0.0037690124552585136,2.0,0.0025,ranging,0.14864226756487303,0.6642596126332452,0.1870981198018817,0.16432337434094904,0.6410369068541301,0.19463971880492092,4
1791513000000,81918.0,82043.33,0.004335148268603817,2.0,0.0025,ranging,0.17703948503023542,0.6462277195498819,0.1767327954198828,0.16432337434094904,0.6410369068541301,0.19463971880492092,4
1791513900000,82043.33,82113.4,0.0038278770578250576,2.0,0.0025,ranging,0.18103094536983083,0.633781186127651,0.18518786850251812,0.16432337434094904,0.6410369068541301,0.19463971880492092,4
1791514800000,82113.41,82084.01,0.005243530378206573,2.0,0.0025,ranging,0.14259270153370518,0.7119815229653578,0.14542577550093716,0.16432337434094904,0.6410369068541301,0.19463971880492092,4
1791515700000,82084.01,82226.76,0.0025213203098359838,2.0,0.0025,ranging,0.1620362842537867,0.7279755973564179,0.10998811838979533,0.16432337434094904,0.6410369068541301,0.19463971880492092,4
1791516600000,82226.76,82399.0,-0.0007548635298971762,1.0,0.0025,ranging,0.14756141105611095,0.71672191863427,0.13571667030961906,0.16432337434094904,0.6410369068541301,0.19463971880492092,4
1791517500000,82398.99,82427.72,-0.002155949479131558,1.0,0.0025,ranging,0.1654884666837109,0.6824665247557353,0.15204500856055378,0.16432337434094904,0.6410369068541301,0.19463971880492092,4
1791518400000,82427.73,82514.42,-0.0017016419675495165,1.0,0.0025,ranging,0.17308344919905055,0.6985606073267879,0.12835594347416143,0.16432337434094904,0.6410369068541301,0.19463971880492092,4
1791519300000,82514.42,82434.08,0.0011953793867778284,1.0,0.0025,ranging,0.17398916160909864,0.6974344983037761,0.12857634008712515,0.16432337434094904,0.6410369068541301,0.19463971880492092,4
1791520200000,82434.09,82336.8,0.0020933531543612105,1.0,0.0025,ranging,0.18597957750919478,0.6572020341631245,0.1568183883276808,0.16432337434094904,0.6410369068541301,0.19463971880492092,4
1791521100000,82336.79,82250.01,0.0012447414900012,1.0,0.0025,ranging,0.20159722287831622,0.6222880184168011,0.1761147587048827,0.16432337434094904,0.6410369068541301,0.19463971880492092,4
1791522000000,82250.0,82374.01,0.0011657803231868158,1.0,0.0025,ranging,0.181150910041598,0.6889369592036539,0.129912130754748,0.16432337434094904,0.6410369068541301,0.19463971880492092,4
1791522900000,82374.01,82532.62,-0.000612363935617144,1.0,0.0025,ranging,0.2546034216913352,0.6166959802390378,0.1287005980696269,0.16432337434094904,0.6410369068541301,0.19463971880492092,4
1791523800000,82532.61,82509.16,0.0010237651189273222,1.0,0.0025,ranging,0.22187039374728734,0.6275162635554712,0.15061334269724153,0.16432337434094904,0.6410369068541301,0.19463971880492092,4
1791524700000,82509.16,82352.39,0.0027001037856946297,2.0,0.0025,ranging,0.14359491015432682,0.7221411826017369,0.13426390724393633,0.16432337434094904,0.6410369068541301,0.19463971880492092,4
1791525600000,82352.39,82470.04,0.0007653688539499548,1.0,0.0025,low_liquidity,0.18135235609845043,0.7010618927784064,0.11758575112314319,0.16432337434094904,0.6410369068541301,0.19463971880492092,4
1791526500000,82470.05,82482.08,0.0004992599604665138,1.0,0.0025,ranging,0.1847012203388896,0.6953659454715108,0.11993283418959967,0.16432337434094904,0.6410369068541301,0.19463971880492092,4
1791527400000,82482.08,82593.63,-0.0005482262978391272,1.0,0.0025,ranging,0.23258425287182052,0.6567671978281543,0.11064854930002514,0.16432337434094904,0.6410369068541301,0.19463971880492092,4
1791528300000,82593.64,82574.75,0.001080959978685847,1.0,0.0025,ranging,0.1978537867881139,0.6552597155584989,0.14688649765338718,0.16432337434094904,0.6410369068541301,0.19463971880492092,4
1791529200000,82574.75,82533.16,0.0019324353992988819,1.0,0.0025,ranging,0.16144896418162857,0.7252772027114335,0.11327383310693795,0.16432337434094904,0.6410369068541301,0.19463971880492092,4
1791530100000,82533.17,82523.26,0.0004452078117127556,1.0,0.0025,ranging,0.08824176428477265,0.7771744632868032,0.13458377242842406,0.16432337434094904,0.6410369068541301,0.19463971880492092,4
1791531000000,82523.26,82548.35,0.00039237610442843796,1.0,0.0025,ranging,0.10152738248225249,0.7420500268191728,0.15642259069857473,0.16432337434094904,0.6410369068541301,0.19463971880492092,4
1791531900000,82548.36,82664.01,0.0004837655468201696,1.0,0.0025,trending,0.12023631037920406,0.6997093464014019,0.180054343219394,0.16432337434094904,0.6410369068541301,0.19463971880492092,4
1791532800000,82664.01,82692.65,-0.0013863384472501128,1.0,0.0025,trending,0.10505294636149987,0.6632296554636933,0.23171739817480685,0.16432337434094904,0.6410369068541301,0.19463971880492092,4
1791533700000,82692.66,82560.0,0.0010660125968990908,1.0,0.0025,trending,0.15993267418608478,0.6164177176207406,0.22364960819317464,0.16432337434094904,0.6410369068541301,0.19463971880492092,4
1791534600000,82560.0,82580.74,0.0005244564289446085,1.0,0.0025,trending,0.11410498866648688,0.7236219584775703,0.16227305285594273,0.16432337434094904,0.6410369068541301,0.19463971880492092,4
1791535500000,82580.75,82704.0,-0.0005560795124782691,1.0,0.0025,trending,0.12059928335972071,0.7379088968602837,0.14149181977999561,0.16432337434094904,0.6410369068541301,0.19463971880492092,4
1791536400000,82704.0,82578.01,0.0017969674977635908,1.0,0.0025,low_liquidity,0.11079877054327114,0.7386527489865757,0.15054848047015318,0.16432337434094904,0.6410369068541301,0.19463971880492092,4
1791537300000,82578.0,82648.01,7.25970292569933e-05,1.0,0.0025,trending,0.13184425249923298,0.7213906838752027,0.14676506362556418,0.16432337434094904,0.6410369068541301,0.19463971880492092,4
1791538200000,82648.0,82624.05,-0.0021065295153166463,1.0,0.0025,low_liquidity,0.06660137991339297,0.852078292325598,0.08132032776100893,0.16432337434094904,0.6410369068541301,0.19463971880492092,4
1791539100000,82624.04,82658.01,-0.0011005587964191266,1.0,0.0025,trending,0.07304134883655376,0.8525826306524957,0.07437602051095066,0.16432337434094904,0.6410369068541301,0.19463971880492092,4
1791540000000,82658.01,82726.4,-0.0025672578523904255,0.0,0.0025,low_liquidity,0.06994169561690697,0.8235815825934154,0.10647672178967771,0.16432337434094904,0.6410369068541301,0.19463971880492092,4
1791540900000,82726.41,82654.01,-0.0006380815643426407,1.0,0.0025,low_liquidity,0.07470243830157722,0.7793693408495107,0.14592822084891222,0.16432337434094904,0.6410369068541301,0.19463971880492092,4
1791541800000,82654.01,82450.0,0.006694966646452416,2.0,0.0025,trending,0.15793566354157992,0.5983201892763705,0.24374414718204965,0.16432337434094904,0.6410369068541301,0.19463971880492092,4
1791542700000,82449.99,82567.04,0.00823306733534368,2.0,0.0025,trending,0.21955643333604521,0.6194363810768998,0.16100718558705507,0.16432337434094904,0.6410369068541301,0.19463971880492092,4
1791543600000,82567.03,82514.02,0.009404220034364918,2.0,0.0025,ranging,0.10863073761919366,0.7513081602998611,0.14006110208094516,0.16432337434094904,0.6410369068541301,0.19463971880492092,4
1791544500000,82514.02,82601.27,0.006155353301468658,2.0,0.0025,ranging,0.15046963897667798,0.7131997922698082,0.13633056875351374,0.16432337434094904,0.6410369068541301,0.19463971880492092,4
1791545400000,82601.27,83002.0,0.0005322763306907508,1.0,0.0025,ranging,0.22309340835477165,0.5428256205992114,0.2340809710460171,0.16432337434094904,0.6410369068541301,0.19463971880492092,4
1791546300000,83002.01,83246.82,-0.0025843629822738245,0.0,0.0025,trending,0.2998477350191221,0.4470838400713191,0.2530684249095588,0.16432337434094904,0.6410369068541301,0.19463971880492092,4
1791547200000,83246.82,83290.0,-0.0028546043942849764,0.0,0.0025,trending,0.23010983837214993,0.6054296954369318,0.1644604661909182,0.16432337434094904,0.6410369068541301,0.19463971880492092,4
1791548100000,83290.0,83109.71,-0.0016090779284395618,1.0,0.0025,trending,0.2264094279652939,0.6009346735589454,0.1726558984757608,0.16432337434094904,0.6410369068541301,0.19463971880492092,4
1791549000000,83109.71,83046.18,-0.005806046707988233,0.0,0.0025,trending,0.18818428198251835,0.5767573305695899,0.23505838744789176,0.16432337434094904,0.6410369068541301,0.19463971880492092,4
