open_ts,open,close,fwd_return,label,label_threshold,regime,p_down,p_flat,p_up,fold
1789759800000,81257.43,81244.68,-0.0009436925593158119,1.0,0.0025,trending,0.22942227688731814,0.4991667372268875,0.2714109858857943,0
1789760700000,81244.68,81204.76,-0.0011668035223550977,1.0,0.0025,trending,0.22420300519227837,0.509102944811273,0.26669404999644863,0
1789761600000,81204.77,81078.01,0.002461826579118087,1.0,0.0025,trending,0.19685121646731152,0.5294279048525705,0.27372087868011796,0
1789762500000,81078.01,81022.0,0.0020736343215421726,1.0,0.0025,trending,0.22180630083037897,0.5164627018530372,0.26173099731658384,0
1789763400000,81022.01,81168.01,0.0006490241660477292,1.0,0.0025,trending,0.22936332405708143,0.5303112699582319,0.24032540598468674,0
1789764300000,81168.0,81110.01,0.0015804461126314173,1.0,0.0025,trending,0.20050133974333176,0.5231437419431599,0.27635491831350834,0
1789765200000,81110.01,81277.61,-0.00043837411065617005,1.0,0.0025,trending,0.24583440961407704,0.5146966233768324,0.23946896700909062,0
1789766100000,81277.61,81190.01,0.0009236358019910629,1.0,0.0025,trending,0.2217712953185435,0.5153470695746941,0.2628816351067624,0
1789767000000,81190.0,81220.69,-0.0011904602140169196,1.0,0.0025,trending,0.23037305664410274,0.5274908014256525,0.24213614193024477,0
1789767900000,81220.7,81238.2,-0.001220854228675572,1.0,0.0025,trending,0.2318590360924004,0.5414098452518115,0.226731118655788,0
1789768800000,81238.2,81241.98,-0.0008165729097198149,1.0,0.0025,trending,0.22672377389914322,0.5401336471140329,0.23314257898682378,0
1789769700000,81241.98,81265.0,-0.0032715191041653435,0.0,0.0025,trending,0.21890121481130725,0.546445279305013,0.23465350588367978,0
1789770600000,81265.0,81124.0,-0.0027613283368669306,0.0,0.0025,trending,0.1894010032000574,0.5678538206209305,0.24274517617901206,0
1789771500000,81124.0,81139.02,-0.0031446029296386957,0.0,0.0025,trending,0.186005566043264,0.5896207895251231,0.22437364443161295,0
1789772400000,81139.03,81175.64,-0.00245923530753811,1.0,0.0025,trending,0.1944474440394307,0.5835985334600474,0.22195402250052196,0
1789773300000,81175.65,80999.14,0.0012451984058101662,1.0,0.0025,trending,0.171655274429582,0.5632223257549337,0.26512239981548436,0
1789774200000,80999.13,80899.99,0.005216811522473552,2.0,0.0025,trending,0.17834665528346358,0.5467828227556472,0.2748705219608892,0
1789775100000,80899.99,80883.87,0.009706632484326017,2.0,0.0025,trending,0.18133523423082817,0.5547041908438353,0.2639605749253366,0
1789776000000,80883.86,80976.01,0.003767288608070629,2.0,0.0025,trending,0.18209947113748604,0.5968915922121938,0.2210089366503201,0
1789776900000,80976.0,81100.0,0.0019848335388410465,1.0,0.0025,trending,0.20686067579490489,0.5904928713018041,0.20264645290329106,0
1789777800000,81100.0,81322.03,-0.0018448875415431054,1.0,0.0025,trending,0.22351225126485857,0.5746576744418351,0.2018300742933064,0
1789778700000,81322.04,81668.98,-0.004750763386539014,0.0,0.0025,trending,0.22479386463635767,0.5833355844530447,0.1918705509105976,0
1789779600000,81668.99,81281.07,0.0011670614080250274,1.0,0.0025,trending,0.20889327370338823,0.5777311089133748,0.21337561738323702,0
1789780500000,81281.08,81260.97,0.0011571360765199046,1.0,0.0025,trending,0.20115789392688993,0.5863180573360472,0.2125240487370628,0
1789781400000,81260.96,81172.0,0.001848051052086852,1.0,0.0025,trending,0.18749986758916892,0.5963293109531174,0.21617082145771377,0
1789782300000,81172.01,81280.99,0.00029195018416960927,1.0,0.0025,trending,0.22135532544166944,0.584511747322273,0.1941329272360576,0
1789783200000,81281.0,81375.93,-0.0010805406463556544,1.0,0.0025,trending,0.23742017280469854,0.5885033781573071,0.1740764490379943,0
1789784100000,81375.93,81355.0,-0.002615696638190723,0.0,0.0025,trending,0.207794024984722,0.6193279642386433,0.17287801077663467,0
1789785000000,81355.01,81322.01,-0.0018937062672208516,1.0,0.0025,trending,0.21206802788751156,0.6138864599382804,0.17404551217420786,0
1789785900000,81322.0,81304.72,-0.002075033282200711,1.0,0.0025,trending,0.2112591190964705,0.6204530274363267,0.1682878534672028,0
1789786800000,81304.73,81288.0,-0.0009804645212084795,1.0,0.0025,trending,0.22725808795044913,0.5907600075833767,0.18198190446617427,0
1789787700000,81288.01,81142.2,-5.558143604678101e-05,1.0,0.0025,trending,0.20056607386169337,0.6027897604598034,0.1966441656785033,0
1789788600000,81142.2,81168.01,-0.002415483636964866,1.0,0.0025,low_liquidity,0.2051894806789795,0.6294878032148249,0.16532271610619564,0
1789789500000,81168.01,81136.01,-0.0013805214232249785,1.0,0.0025,low_liquidity,0.1793419518908057,0.6579516679443428,0.16270638016485145,0
1789790400000,81136.02,81208.3,-0.0020192517267323407,1.0,0.0025,trending,0.18588265431933115,0.6441458529164908,0.16997149276417817,0
1789791300000,81208.29,81137.69,-0.0007933427732536025,1.0,0.0025,low_liquidity,0.17837490627858701,0.6421816566689251,0.17944343705248786,0
1789792200000,81137.7,80971.95,0.0006751720811959405,1.0,0.0025,trending,0.157459688661043,0.6509666530173047,0.1915736583216523,0
1789793100000,80971.95,81024.0,0.000197595774091619,1.0,0.0025,low_liquidity,0.18006072467000284,0.6408326433712555,0.17910663195874166,0
1789794000000,81024.01,81044.32,-0.0005282294922088759,1.0,0.0025,low_liquidity,0.1920991983403379,0.6053380080295238,0.20256279363013843,0
1789794900000,81044.32,81073.32,-0.0013170794041740264,1.0,0.0025,ranging,0.18634292202243605,0.6206436802853755,0.1930133976921884,0
1789795800000,81073.32,81026.62,0.0005335283638885358,1.0,0.0025,low_liquidity,0.18939449460360655,0.60896954548137,0.2016359599150234,0
1789796700000,81026.62,81040.01,0.0001480750064073444,1.0,0.0025,ranging,0.18467377434572055,0.6189292544882706,0.1963969711660088,0
1789797600000,81040.01,81001.51,0.0020060119866902593,1.0,0.0025,low_liquidity,0.17423263951113757,0.6278820160513433,0.19788534443751918,0
1789798500000,81001.51,80966.54,0.0016878577249317406,1.0,0.0025,ranging,0.16588810013547745,0.646556498941569,0.1875554009229536,0
1789799400000,80966.55,81069.85,-0.00019538706436494913,1.0,0.0025,ranging,0.18218975150623548,0.643066994164154,0.17474325432961052,0
1789800300000,81069.85,81052.01,0.0005940629973273381,1.0,0.0025,ranging,0.16307691705176378,0.6695466925800263,0.16737639036820995,0
1789801200000,81052.02,81164.0,0.000961017199743619,1.0,0.0025,low_liquidity,0.1636585841809681,0.6625415804742297,0.17379983534480206,0
1789802100000,81164.0,81103.2,0.0024018781009873535,1.0,0.0025,ranging,0.1538629228268813,0.673114690866828,0.1730223863062907,0
1789803000000,81103.2,81054.01,0.0033064372755895466,2.0,0.0025,ranging,0.15549979945960168,0.6715230305571218,0.17297716998327656,0
1789803900000,81054.0,81100.16,0.0026122019981216216,2.0,0.0025,ranging,0.17392497176646438,0.6288972521550791,0.19717777607845666,0
1789804800000,81100.17,81242.0,0.002376972501907826,1.0,0.0025,ranging,0.21031455461439513,0.6261854269988678,0.1635000183867369,0
1789805700000,81242.01,81298.0,0.0013776476666091941,1.0,0.0025,ranging,0.22493472673090723,0.5870498710517152,0.18801540221737761,0
1789806600000,81298.0,81322.01,-0.0007284620731827784,1.0,0.0025,ranging,0.21213857492685884,0.6015364607952745,0.18632496427786668,0
1789807500000,81322.0,81312.01,0.00016922469386759786,1.0,0.0025,low_liquidity,0.1871025368974563,0.633559971394238,0.17933749170830568,0
1789808400000,81312.01,81435.11,-0.0015608746645028315,1.0,0.0025,ranging,0.21024235799851382,0.6072641212959415,0.1824935207055446,0
1789809300000,81435.11,81410.0,-0.001266920525733961,1.0,0.0025,trending,0.18986575879096476,0.6076021503644011,0.2025320908446342,0
1789810200000,81410.0,81262.77,-5.8698466714912634e-05,1.0,0.0025,trending,0.17150531078177778,0.6005069963250644,0.22798769289315765,0
1789811100000,81262.77,81325.77,-0.0013411493060564439,1.0,0.0025,trending,0.1815761193286653,0.6398737777603781,0.17855010291095663,0
1789812000000,81325.38,81308.0,6.764402026870897e-05,1.0,0.0025,trending,0.1676150555198465,0.637499792386688,0.19488515209346544,0
1789812900000,81308.01,81306.86,-0.00042874611072174496,1.0,0.0025,trending,0.17326215276505225,0.6289231971124979,0.19781465012244973,0
1789813800000,81306.86,81258.0,0.0003447045214008959,1.0,0.0025,trending,0.17215490147420115,0.6342524595855057,0.19359263894029324,0
1789814700000,81258.01,81216.7,0.0010580336310144212,1.0,0.0025,ranging,0.16851394057349434,0.6358188355616006,0.19566722386490518,0
1789815600000,81216.71,81313.5,0.00042416080970575365,1.0,0.0025,ranging,0.16494719324364385,0.6374785232936644,0.1975742834626918,0
1789816500000,81313.5,81272.0,-0.0005999606260458368,1.0,0.0025,ranging,0.1755366576474835,0.6374130297868602,0.18705031256565627,0
1789817400000,81272.01,81286.01,-7.344437253098413e-05,1.0,0.0025,ranging,0.17223156144067991,0.6477354413865007,0.1800329971728193,0
1789818300000,81286.0,81302.63,0.0003366434763549808,1.0,0.0025,ranging,0.16748571693373412,0.6541592794930396,0.17835500357322617,0
1789819200000,81302.63,81347.99,-0.0013454542638362543,1.0,0.0025,ranging,0.17056105989766945,0.633190845304047,0.1962480947982836,0
1789820100000,81347.99,81223.24,0.00012139382767784035,1.0,0.0025,ranging,0.17379023127374302,0.621568663720276,0.20464110500598098,0
1789821000000,81223.25,81280.04,-0.00020853828319966627,1.0,0.0025,ranging,0.1707471265026289,0.6485619140866586,0.18069095941071242,0
1789821900000,81280.05,81330.0,0.0004181728759373726,1.0,0.0025,ranging,0.1908299077139405,0.6350775436643565,0.1740925486217031,0
1789822800000,81330.01,81238.54,0.001785851887539991,1.0,0.0025,ranging,0.17970911939456202,0.6431745009945912,0.17711637961084675,0
1789823700000,81238.54,81233.1,0.00419915034634899,2.0,0.0025,ranging,0.16319058883643384,0.6712098576759112,0.16559955348765512,0
1789824600000,81233.1,81263.09,0.0033679497050875806,2.0,0.0025,ranging,0.15958066672318294,0.6795890042632137,0.1608303290136033,0
1789825500000,81263.09,81364.01,0.002728479090448044,2.0,0.0025,ranging,0.19818744224063253,0.6220691690733702,0.17974338868599718,0
1789826400000,81364.0,81383.62,0.003887514465441555,2.0,0.0025,ranging,0.18768327018992745,0.6219923318351601,0.19032439797491252,0
1789827300000,81383.63,81574.21,-5.884212669671207e-05,1.0,0.0025,ranging,0.19950575190137834,0.6352553648678221,0.16523888323079963,0
1789828200000,81574.21,81536.78,0.004688313666544097,2.0,0.0025,ranging,0.198970223482368,0.6359353732106627,0.16509440330696937,0
1789829100000,81536.79,81586.01,0.0006128501687974186,1.0,0.0025,ranging,0.16272782274995978,0.681625086189268,0.15564709106077218,0
1789830000000,81586.02,81700.0,0.0007369645042840656,1.0,0.0025,ranging,0.16433507356501753,0.6774376572140143,0.15822726922096822,0
1789830900000,81700.01,81569.41,0.003145296747886217,2.0,0.0025,trending,0.14226020511512238,0.706617957486026,0.15112183739885174,0
1789831800000,81569.4,81919.05,-0.0007076498079506832,1.0,0.0025,trending,0.14923112963451324,0.683405538419526,0.16736333194596073,0
1789832700000,81919.05,81636.01,0.0024925275010379,1.0,0.0025,trending,0.16905527829321138,0.6416482090063266,0.189296512700462,0
1789833600000,81636.01,81760.21,-0.0005407275739630624,1.0,0.0025,trending,0.1801961411678203,0.6446025491930294,0.17520130963915045,0
1789834500000,81760.21,81825.97,-0.0035191761246460285,0.0,0.0025,trending,0.18720062563659723,0.6424481483346287,0.1703512260287741,0
1789835400000,81825.97,81861.08,-0.004435074641087056,0.0,0.0025,trending,0.19271437887482912,0.6352253449965765,0.17206027612859448,0
1789836300000,81861.08,81839.49,-0.0045880051305305924,0.0,0.0025,trending,0.1617807309789468,0.6774134632556189,0.16080580576543435,0
1789837200000,81839.48,81716.0,-0.004078271085221963,0.0,0.0025,trending,0.15236207409490465,0.683507112504023,0.16413081340107233,0
1789838100000,81716.0,81538.01,-0.0011538177102924374,1.0,0.0025,trending,0.15550479068609577,0.6618695893075992,0.18262562000630508,0
1789839000000,81538.01,81498.02,-9.853000109694143e-05,1.0,0.0025,trending,0.15133669134005118,0.6625759922761197,0.18608731638382905,0
1789839900000,81498.02,81464.01,-0.0004411764164320431,1.0,0.0025,trending,0.17631015891018648,0.6710531346968276,0.15263670639298596,0
1789840800000,81464.0,81382.74,-2.3100721356916765e-05,1.0,0.0025,trending,0.17632393420992423,0.6636616738696233,0.1600143919204525,0
1789841700000,81382.73,81443.93,-0.0005677525630208846,1.0,0.0025,trending,0.18192153274803738,0.6454665651164135,0.17261190213554917,0
1789842600000,81443.92,81489.99,-0.001991655662247682,1.0,0.0025,trending,0.19092126607725984,0.6310633901878999,0.17801534373484018,0
1789843500000,81490.0,81428.07,-0.0009095143726237653,1.0,0.0025,ranging,0.19165352956966047,0.6401841290618794,0.1681623413684602,0
1789844400000,81428.07,81380.86,0.00039407300438942805,1.0,0.0025,low_liquidity,0.19092958601566348,0.6352968533452438,0.17377356063909272,0
1789845300000,81380.86,81397.69,-0.0018262189012981933,1.0,0.0025,ranging,0.19380630273228885,0.6238923336566108,0.1823013636111003,0
1789846200000,81397.69,81327.69,-0.0004990920066707538,1.0,0.0025,ranging,0.1872607649657962,0.6437939308680187,0.16894530416618508,0
1789847100000,81327.69,81354.01,-0.0024421660345936846,1.0,0.0025,ranging,0.1848074460541619,0.6631228801207681,0.15206967382507,0
1789848000000,81354.01,81412.93,-0.005072044452889668,0.0,0.0025,ranging,0.17328775608054764,0.6771176735156805,0.14959457040377194,0
1789848900000,81412.93,81249.04,-0.002326673644390098,1.0,0.0025,ranging,0.1679035224703623,0.6521746655107742,0.1799218120188635,0
1789849800000,81249.04,81287.1,-0.003285884230093128,0.0,0.0025,ranging,0.16570353899598303,0.697989607523746,0.13630685348027088,0
1789850700000,81287.1,81155.33,-0.0006767269629732731,1.0,0.0025,ranging,0.15853242115116886,0.6829237381802755,0.1585438406685557,0
1789851600000,81155.33,81000.0,7.419753086423952e-05,1.0,0.0025,trending,0.1539375329519471,0.6660223339957951,0.1800401330522578,0
1789852500000,81000.0,81060.0,3.478904515175074e-05,1.0,0.0025,trending,0.16028237131917317,0.6605885520847683,0.17912907659605856,0
1789853400000,81060.0,81020.0,0.002789558133794001,2.0,0.0025,trending,0.1615724569196963,0.6547812433442689,0.1836462997360348,0
1789854300000,81020.0,81100.41,0.00198445359277466,1.0,0.0025,trending,0.167178229316185,0.6622108124922323,0.17061095819158248,0
1789855200000,81100.42,81006.01,0.0033949332895177875,2.0,0.0025,trending,0.16335244515840136,0.6604706332988338,0.17617692154276482,0
1789856100000,81006.0,81062.82,0.0029998956364951646,2.0,0.0025,trending,0.16775726595542698,0.6753229261844579,0.15691980786011514,0
1789857000000,81062.83,81246.01,0.00041429726825970015,1.0,0.0025,trending,0.18018450333039132,0.6627916791216476,0.15702381754796105,0
1789857900000,81246.01,81261.35,-0.00013979585620960133,1.0,0.0025,trending,0.17302834943815223,0.6754603836369132,0.15151126692493452,0
1789858800000,81261.35,81281.02,6.114588621053407e-05,1.0,0.0025,low_liquidity,0.1789492653895869,0.6782422312921782,0.14280850331823494,0
1789859700000,81281.03,81306.0,0.00014771357587384237,1.0,0.0025,trending,0.14985761957399454,0.6877607654435985,0.16238161498240683,0
1789860600000,81306.01,81279.67,0.0006192200337427067,1.0,0.0025,ranging,0.15188981721279496,0.6652198200501325,0.18289036273707265,0
1789861500000,81279.67,81249.99,0.0005339077580193141,1.0,0.0025,ranging,0.13274165947652575,0.6705141117634901,0.19674422875998424,0
1789862400000,81249.99,81285.99,-0.0018144578173927561,1.0,0.0025,ranging,0.12896925446328114,0.6937629516329225,0.1772677939037964,0
1789863300000,81286.0,81318.01,-0.002410413142180823,1.0,0.0025,ranging,0.14237400768223357,0.6915122463540255,0.1661137459637408,0
1789864200000,81318.0,81330.0,-0.0030983646870773596,0.0,0.0025,ranging,0.13931575301995075,0.7034618644577384,0.15722238252231086,0
1789865100000,81330.0,81293.37,-0.002403394028319794,1.0,0.0025,ranging,0.14069647229064955,0.7139834853549821,0.14532004235436827,0
1789866000000,81293.37,81138.5,0.00016675191185444582,1.0,0.0025,low_liquidity,0.14245166379933474,0.6882675224249017,0.16928081377576357,0
1789866900000,81138.5,81122.0,-0.001695101205591465,1.0,0.0025,ranging,0.15298524404902988,0.7054541036278638,0.14156065232310627,0
1789867800000,81122.0,81078.01,-0.0063537573258148905,0.0,0.0025,ranging,0.15625911525837613,0.6953008815837568,0.14844000315786707,0
1789868700000,81078.01,81097.99,-0.009451159023793343,0.0,0.0025,ranging,0.1476079434753022,0.7166840378419144,0.13570801868278334,0
1789869600000,81098.0,81152.03,-0.011147472219733778,0.0,0.0025,low_liquidity,0.14428442509281575,0.7282797199264933,0.1274358549806911,0
1789870500000,81152.03,80984.49,-0.007431422979881752,0.0,0.0025,ranging,0.14410150217790912,0.6935749035161936,0.16232359430589746,0
1789871400000,80984.49,80562.86,-0.0021706031786855595,1.0,0.0025,ranging,0.15266700964274568,0.6229418612024338,0.22439112915482054,0
1789872300000,80562.87,80331.52,0.0019277613569368413,1.0,0.0025,trending,0.13306070764981956,0.5900776074585089,0.27686168489167157,0
1789873200000,80331.52,80247.39,0.002270603442678931,1.0,0.0025,trending,0.12072354501299228,0.6213321158491617,0.2579443391378461,0
1789874100000,80247.39,80382.66,0.0005443960177480278,1.0,0.0025,trending,0.1346267843409545,0.6153954677960297,0.2499777478630158,0
1789875000000,80382.65,80387.99,-5.025626340460221e-05,1.0,0.0025,trending,0.13968410691377225,0.6147532376493946,0.24556265543683303,0
1789875900000,80388.0,80486.38,-0.0006706724789959928,1.0,0.0025,trending,0.1321783708990961,0.6695623016242537,0.19825932747665023,0
1789876800000,80486.38,80429.6,0.00211862299451937,1.0,0.0025,trending,0.13531809023387018,0.6259602184469066,0.23872169131922327,0
1789877700000,80429.6,80426.42,0.0015922628409916761,1.0,0.0025,trending,0.14596473672247998,0.6312585479525153,0.22277671532500473,0
1789878600000,80426.41,80383.95,0.001941307935228398,1.0,0.0025,trending,0.14249515990608064,0.6479213177708979,0.20958352232302138,0
1789879500000,80383.94,80432.4,0.0007697146920893072,1.0,0.0025,trending,0.14362294818084778,0.6403453725447653,0.21603167927438685,0
1789880400000,80432.4,80600.0,-0.0009925558312655625,1.0,0.0025,trending,0.1519807669892704,0.6635847652583282,0.18443446775240135,0
1789881300000,80600.0,80554.48,-0.0011093113629434548,1.0,0.0025,trending,0.139798301998325,0.6609201471550716,0.19928155084660334,0
1789882200000,80554.48,80540.0,-0.0019982617333001995,1.0,0.0025,trending,0.1427995739567087,0.6582625768746537,0.1989378491686376,0
1789883100000,80540.01,80494.31,-0.002296684076178779,1.0,0.0025,trending,0.13285237337603553,0.635004193354894,0.23214343326907041,0
1789884000000,80494.31,80520.0,-0.0021856681569797365,1.0,0.0025,trending,0.13453980377087116,0.6525351336078817,0.21292506262124708,0
1789884900000,80520.0,80465.12,-0.000839369903381626,1.0,0.0025,trending,0.15853244651547427,0.6304730256886161,0.21099452779590974,0
1789885800000,80465.11,80379.06,-0.0004858230489384052,1.0,0.0025,trending,0.1571030555186326,0.6304786037043324,0.21241834077703503,0
1789886700000,80379.07,80309.44,2.7020484764994634e-05,1.0,0.0025,trending,0.12743317724731476,0.6299974228362182,0.24256939991646706,0
1789887600000,80309.45,80344.01,0.0009469280908434019,1.0,0.0025,trending,0.12466830493861733,0.6643439166951742,0.21098777836620838,0
1789888500000,80344.01,80397.58,-0.00023184777452256444,1.0,0.0025,trending,0.14068276610147568,0.650749123153845,0.20856811074467937,0
1789889400000,80397.57,80340.01,-0.0010456807262034795,1.0,0.0025,trending,0.13865321931971242,0.6488071325443722,0.21253964813591544,0
1789890300000,80340.0,80311.61,-0.0005822321330626323,1.0,0.0025,trending,0.13355224470000088,0.7182092476247516,0.14823850767524754,0
1789891200000,80311.6,80420.09,-0.0018925619207836863,1.0,0.0025,trending,0.1411403240405098,0.7127215283687235,0.14613814759076668,0
1789892100000,80420.1,80378.94,3.8194084171605525e-05,1.0,0.0025,trending,0.1287283659073192,0.7328299568258766,0.13844167726680434,0
1789893000000,80378.94,80256.0,0.0036881977671452404,2.0,0.0025,trending,0.13779546827430894,0.6992426403074558,0.1629618914182352,0
1789893900000,80256.01,80264.85,0.002556037916970899,2.0,0.0025,trending,0.14365003863716314,0.6912882711847795,0.16506169017805722,0
1789894800000,80264.85,80267.89,0.0017841505488682685,1.0,0.0025,trending,0.12449157318633956,0.7261636488143838,0.14934477799927667,0
1789895700000,80267.88,80382.01,-2.4881189211400923e-05,1.0,0.0025,trending,0.1343416662300629,0.7323767851459099,0.1332815486240272,0
1789896600000,80382.01,80552.0,-0.0024124788956202403,1.0,0.0025,trending,0.1446052742026228,0.7133039574436114,0.1420907683537658,0
1789897500000,80552.01,80470.01,-0.0018693920878100068,1.0,0.0025,trending,0.11693565699657567,0.7426473352600074,0.14041700774341698,0
1789898400000,80470.01,80411.1,-0.0005586293434614031,1.0,0.0025,trending,0.12607533624621298,0.7322346524837211,0.14169001127006603,0
1789899300000,80411.11,80380.01,-9.405323537525767e-05,1.0,0.0025,trending,0.12319801650050907,0.7294333315145436,0.14736865198494745,0
1789900200000,80380.0,80357.67,0.0012604895089667334,1.0,0.0025,trending,0.12643782251655736,0.7281031806209832,0.14545899686245944,0
1789901100000,80357.67,80319.58,0.002161614888922525,1.0,0.0025,trending,0.1186195123732229,0.7441456927105269,0.13723479491625026,0
1789902000000,80319.58,80366.18,0.0015159361811150074,1.0,0.0025,ranging,0.12758620694452585,0.7451014500920211,0.12731234296345312,0
1789902900000,80366.18,80372.45,-5.3003236805571063e-05,1.0,0.0025,ranging,0.11947340116108726,0.7465437852225543,0.13398281361635836,0
1789903800000,80372.45,80458.96,-0.0012795343116541735,1.0,0.0025,ranging,0.12025347434199041,0.7522211698926045,0.12752535576540516,0
1789904700000,80458.96,80493.2,6.957109420335783e-06,1.0,0.0025,ranging,0.15169109383663593,0.7114233036821549,0.1368856024812092,0
1789905600000,80493.21,80488.01,0.0010744457466398405,1.0,0.0025,ranging,0.13865934276352826,0.7195724197387598,0.14176823749771197,0
1789906500000,80488.01,80368.19,0.001669690458376616,1.0,0.0025,ranging,0.12097098612265753,0.7311615840173106,0.14786742986003185,0
1789907400000,80368.2,80356.01,0.0025756629777908824,2.0,0.0025,ranging,0.12155420509634689,0.746354613985356,0.13209118091829714,0
1789908300000,80356.0,80493.76,0.0008796955192553746,1.0,0.0025,ranging,0.1352072426467488,0.7295071930386638,0.13528556431458744,0
1789909200000,80493.76,80574.49,0.00021743854661671058,1.0,0.0025,ranging,0.1455843315702969,0.7275040902534123,0.12691157817629067,0
1789910100000,80574.5,80502.38,0.0003417290271416906,1.0,0.0025,ranging,0.1186438842338131,0.7387506457839785,0.14260546998220833,0
1789911000000,80502.39,80562.98,0.0008732298631457525,1.0,0.0025,ranging,0.12042180851433042,0.7532032578915415,0.12637493359412813,0
1789911900000,80562.98,80564.57,0.0014577127389867606,1.0,0.0025,ranging,0.11836768505729381,0.7647618825878985,0.11687043235480772,0
1789912800000,80564.58,80592.01,0.002158898878437343,1.0,0.0025,ranging,0.13232439808037605,0.7398047165105146,0.12787088540910937,0
1789913700000,80592.01,80529.89,0.0017050811816581302,1.0,0.0025,ranging,0.12086628247716251,0.7379819516246059,0.14115176589823156,0
1789914600000,80529.88,80633.33,0.002556883115208075,2.0,0.0025,ranging,0.1253654436345123,0.741505149009537,0.13312940735595077,0
1789915500000,80633.32,80682.01,0.0028505735045520897,2.0,0.0025,ranging,0.1409209476192523,0.7219407714533085,0.13713828092743915,0
1789916400000,80682.01,80766.0,0.004879280885521142,2.0,0.0025,ranging,0.18021526493823847,0.6784116359483565,0.14137309911340487,0
1789917300000,80766.0,80667.2,0.006389709820100453,2.0,0.0025,ranging,0.14893853591658254,0.7068511824810272,0.14421028160239033,0
1789918200000,80667.2,80839.5,0.006636730806103497,2.0,0.0025,ranging,0.15692196812237338,0.7025439649132512,0.14053406696437537,0
1789919100000,80839.51,80912.0,0.0052156664030056366,2.0,0.0025,ranging,0.16414706560094855,0.7015760649303743,0.13427686946867712,0
1789920000000,80912.0,81160.08,0.000984843780341249,1.0,0.0025,trending,0.17655576756939373,0.6694783750424014,0.15396585738820498,0
1789920900000,81160.07,81182.64,-0.00026274090125677496,1.0,0.0025,trending,0.16165808936418083,0.6823220901364803,0.15601982049933888,0
1789921800000,81182.65,81376.01,0.0001964952570174816,1.0,0.0025,trending,0.16152748722292337,0.6635228791536996,0.1749496336233771,0
1789922700000,81376.0,81334.01,-0.0022877268685017604,1.0,0.0025,trending,0.18026708675315792,0.6366571816823564,0.1830757315644856,0
1789923600000,81334.01,81240.01,-0.001674051984976388,1.0,0.0025,trending,0.17857118733736818,0.6315274941322462,0.1899013185303857,0
1789924500000,81240.0,81161.31,0.0013539702599674186,1.0,0.0025,trending,0.15448779130909054,0.6655057864426345,0.180006422248275,0
1789925400000,81161.31,81392.0,-0.0021371879300176033,1.0,0.0025,trending,0.16031440248623696,0.6673471799172985,0.1723384175964645,0
1789926300000,81392.01,81147.94,-0.001379455843241395,1.0,0.0025,trending,0.15955511199101965,0.654679489572163,0.18576539843681739,0
1789927200000,81147.94,81104.01,-0.00017261785206423852,1.0,0.0025,trending,0.1632166643423512,0.6635236496093068,0.1732596860483421,0
1789928100000,81104.01,81271.2,-0.0019017807046037838,1.0,0.0025,trending,0.20336415147779746,0.6402690270112473,0.15636682151095524,0
1789929000000,81271.2,81218.05,0.00014725790633973723,1.0,0.0025,trending,0.18759404719521716,0.6536731134550398,0.15873283934974297,0
1789929900000,81218.06,81036.0,0.001743916284120628,1.0,0.0025,trending,0.15082672676903583,0.6952296713338213,0.15394360189714296,0
1789930800000,81036.0,81090.01,0.0007892464188867798,1.0,0.0025,trending,0.14565768922448322,0.7159112519057477,0.1384310588697691,0
1789931700000,81090.01,81116.64,0.0008715844246014459,1.0,0.0025,low_liquidity,0.1822086978900635,0.6708403830552452,0.14695091905469124,0
1789932600000,81116.63,81230.01,-0.0011114119030638525,1.0,0.0025,trending,0.1915878855354906,0.655409456099761,0.15300265836474844,0
1789933500000,81230.0,81177.32,-0.0010528802872526999,1.0,0.0025,trending,0.1716614281856731,0.6840597458950337,0.14427882591929317,0
1789934400000,81177.32,81154.01,-0.00473741223631452,0.0,0.0025,trending,0.16826486908816088,0.6863726568680422,0.1453624740437968,0
1789935300000,81154.01,81187.34,-0.0037609311993717087,0.0,0.0025,trending,0.17436340158055474,0.669284116630145,0.15635248178930033,0
1789936200000,81187.34,81139.73,-0.004133733252501437,0.0,0.0025,trending,0.17576362980157867,0.6686793652726565,0.1555570049257648,0
1789937100000,81139.73,81091.85,-0.0019710982053068316,1.0,0.0025,trending,0.1800756570562093,0.6646204726487444,0.1553038702950464,0
1789938000000,81091.86,80769.55,0.006506907615555502,2.0,0.0025,trending,0.15424830844283133,0.6568019132895472,0.18894977826762138,0
1789938900000,80769.55,80882.0,0.0034618332879998714,2.0,0.0025,trending,0.15190248683648142,0.6678992263643974,0.18019828679912123,0
1789939800000,80882.0,80804.32,0.0038179889392051525,2.0,0.0025,trending,0.1498831902042859,0.6765903660845773,0.17352644371113676,0
1789940700000,80804.32,80932.01,0.0035936337179813815,2.0,0.0025,trending,0.1853001621579401,0.6368036309190784,0.17789620692298155,0
1789941600000,80932.01,81295.11,-0.0016924757220944109,1.0,0.0025,trending,0.19940666006450194,0.6180741159664559,0.18251922396904213,0
1789942500000,81295.1,81162.0,1.2690668046655418e-05,1.0,0.0025,high_volatility,0.18056439595009444,0.6253453746081412,0.1940902294417644,0
1789943400000,81162.01,81112.83,0.001839166504238543,1.0,0.0025,trending,0.1860233293458763,0.6179200412011455,0.19605662945297822,0
1789944300000,81112.83,81222.85,-0.0005521845145793902,1.0,0.0025,trending,0.1968047123084313,0.6194654451154499,0.18372984257611882,0
1789945200000,81222.84,81157.52,0.006486644737295988,2.0,0.0025,ranging,0.20995750998049476,0.6138759960099783,0.17616649400952683,0
1789946100000,81157.52,81163.03,0.007093377366517828,2.0,0.0025,ranging,0.2032059045215638,0.6188516856774573,0.17794240980097895,0
1789947000000,81163.03,81262.01,0.005315029741449928,2.0,0.0025,ranging,0.19339564355522032,0.6345578310291583,0.17204652541562132,0
1789947900000,81262.01,81178.0,0.005293552440316374,2.0,0.0025,ranging,0.21411380794150003,0.603213278669589,0.18267291338891087,0
1789948800000,81178.01,81683.96,0.0013471433069600636,1.0,0.0025,high_volatility,0.23388516807857482,0.5561713132549666,0.20994351866645866,0
1789949700000,81683.96,81738.75,-0.0018932268966677102,1.0,0.0025,high_volatility,0.24323204915015148,0.5598638437171244,0.19690410713272408,0
1789950600000,81738.76,81693.92,-0.0027647100298283656,0.0,0.0025,high_volatility,0.23809822017358254,0.563162717723711,0.1987390621027064,0
1789951500000,81694.01,81607.72,-0.007483973329974192,0.0,0.0025,high_volatility,0.20012326140885628,0.5894580003406209,0.21041873825052282,0
1789952400000,81607.72,81794.0,-0.005208083722522461,0.0,0.0025,high_volatility,0.19513262920764354,0.596401518584048,0.2084658522083085,0
1789953300000,81794.0,81584.0,-0.001887625024514561,1.0,0.0025,high_volatility,0.19629137841790759,0.5240534636774984,0.279655157904594,0
1789954200000,81584.0,81468.06,-0.0025904630600015466,0.0,0.0025,high_volatility,0.16983764471804377,0.5944539570563097,0.23570839822564665,0
1789955100000,81468.01,80996.97,0.0038722436160265605,2.0,0.0025,high_volatility,0.144505177566719,0.5841618614904894,0.2713329609427916,0
1789956000000,80996.98,81368.01,-0.0005408759535840968,1.0,0.0025,high_volatility,0.17092071947027526,0.6029582217849042,0.22612105874482047,0
1789956900000,81368.01,81430.0,0.0001838388800197155,1.0,0.0025,high_volatility,0.22042897436161601,0.5761558470597229,0.2034151785786611,0
1789957800000,81430.0,81257.02,0.00262118891389318,2.0,0.0025,high_volatility,0.22076407551511645,0.5711257072139515,0.20811021727093204,0
1789958700000,81257.03,81310.61,0.0014096561322070045,1.0,0.0025,high_volatility,0.21804243080249971,0.5821861178574426,0.19977145134005775,0
1789959600000,81310.61,81324.0,-0.0005095666715853042,1.0,0.0025,high_volatility,0.2147972661148656,0.5760866053863619,0.2091161284987724,0
1789960500000,81324.0,81444.97,-0.001719320419664938,1.0,0.0025,high_volatility,0.2528343378414195,0.5445453481235005,0.20262031403507982,0
1789961400000,81444.96,81470.01,-0.0006213329297491965,1.0,0.0025,high_volatility,0.24174836050879966,0.5523372093380389,0.20591443015316147,0
1789962300000,81470.01,81425.23,-0.00030973200812578483,1.0,0.0025,high_volatility,0.2049142241182268,0.614974170619755,0.1801116052620182,0
1789963200000,81425.24,81282.56,0.0005345550140152255,1.0,0.0025,high_volatility,0.18272780727861698,0.6197376917310862,0.19753450099029687,0
1789964100000,81282.55,81304.94,0.0034079110076215002,2.0,0.0025,high_volatility,0.1716813461893544,0.6103517270379086,0.21796692677273688,0
1789965000000,81304.93,81419.39,0.0025621660884465047,2.0,0.0025,high_volatility,0.17997537513761952,0.6139048981586811,0.20611972670369944,0
1789965900000,81419.38,81400.01,0.0018426287662618446,1.0,0.0025,high_volatility,0.19277124003982907,0.6253940855837579,0.18183467437641304,0
1789966800000,81400.0,81326.01,0.004214149938008838,2.0,0.0025,high_volatility,0.18912266288683682,0.6154847965863479,0.19539254052681523,0
1789967700000,81326.01,81582.02,0.002843641282723741,2.0,0.0025,high_volatility,0.21196880134942786,0.5929008554730961,0.1951303431774761,0
1789968600000,81582.02,81628.0,-0.0027930367030921666,0.0,0.0025,high_volatility,0.21646167425507634,0.6016871892540097,0.18185113649091392,0
1789969500000,81628.0,81550.0,0.0011023911710605905,1.0,0.0025,ranging,0.1772201845201367,0.6374074935771912,0.18537232190267222,0
1789970400000,81550.01,81668.73,-0.0013134770186825628,1.0,0.0025,ranging,0.19043249915740992,0.6270810604866045,0.18248644035598569,0
1789971300000,81668.73,81814.01,-0.0024445690903062145,1.0,0.0025,ranging,0.22212671735754014,0.6028806110315084,0.17499267161095144,0
1789972200000,81814.01,81400.01,0.001274447017881375,1.0,0.0025,high_volatility,0.18612447776367258,0.6072817467954851,0.20659377544084234,0
1789973100000,81400.01,81639.9,0.0009812603886090177,1.0,0.0025,high_volatility,0.19313357852945826,0.5912847362245663,0.21558168524597549,0
1789974000000,81639.91,81561.46,0.0040771707617788255,2.0,0.0025,high_volatility,0.1765136078397074,0.612058780565597,0.2114276115946955,0
1789974900000,81561.46,81614.01,0.007670129184927932,2.0,0.0025,high_volatility,0.20055600485512812,0.6052594893381271,0.1941845058067447,0
1789975800000,81614.02,81503.75,0.02487591061760952,2.0,0.0025,ranging,0.18006726121490887,0.6120757003306072,0.20785703845448386,0
1789976700000,81503.74,81720.01,0.024963163856685844,2.0,0.0025,ranging,0.20438761213869946,0.5794083344050539,0.21620405345624674,0
1789977600000,81720.01,81894.0,0.024806945563777383,2.0,0.0025,ranging,0.21551007206349848,0.5888445036482098,0.19564542428829163,0
1789978500000,81894.01,82240.0,0.02695987354085605,2.0,0.0025,high_volatility,0.2228054275432734,0.5576090521295748,0.2195855203271519,0
1789979400000,82240.0,83531.23,0.017947419186811864,2.0,0.002625361136207672,abnormal,0.2539645018079387,0.4773299054287352,0.268705592763326,0
1789980300000,83531.22,83760.0,0.010669890162368745,2.0,0.0027319342540942744,high_volatility,0.27252883324310717,0.47091153711976774,0.2565596296371251,0
1789981200000,83760.0,83925.54,0.007622351908608493,2.0,0.0027107111601530278,high_volatility,0.2743347670894169,0.49011156183535826,0.2355536710752247,0
1789982100000,83925.54,84457.18,-0.0010540252468764777,1.0,0.002856453981175771,high_volatility,0.26814164715037886,0.49517563728681036,0.23668271556281079,0
1789983000000,84457.18,85030.4,-0.009031593406593319,0.0,0.003124474662379922,high_volatility,0.25447164938103856,0.525142084362872,0.22038626625608937,0
1789983900000,85030.4,84653.71,-0.0025036114778667073,1.0,0.0031720585078031348,high_volatility,0.2373174233944331,0.546996004683507,0.21568657192205998,0
1789984800000,84653.7,84565.25,0.0004110435432993498,1.0,0.0031089237290509737,high_volatility,0.23562927555709495,0.5865988831951511,0.177771841247754,0
1789985700000,84565.25,84368.16,0.0036251827703719375,2.0,0.0030831789258240054,high_volatility,0.1791196024805811,0.6361130667688146,0.1847673307506042,0
1789986600000,84368.16,84262.44,0.006721856143733662,2.0,0.0030373317052169034,high_volatility,0.19216012662778703,0.6249597033132329,0.18288017005898005,0
1789987500000,84262.45,84441.77,0.005274877587241544,2.0,0.0029635593408859273,high_volatility,0.23553736907264208,0.5914439207487956,0.17301871017856235,0
1789988400000,84441.77,84600.01,0.004733805587020745,2.0,0.0028742723309520446,high_volatility,0.23702182943901695,0.5982698192775397,0.1647083512834434,0
1789989300000,84600.01,84674.01,0.004847768518344786,2.0,0.002756550920774575,high_volatility,0.26091167240814134,0.5699540350974518,0.16913429249440678,0
1789990200000,84674.0,84828.84,0.00544072039650656,2.0,0.002691270414136513,high_volatility,0.2705235907578019,0.5532379178519902,0.17623849139020786,0
1789991100000,84828.85,84887.19,0.0051339901815574684,2.0,0.002596960503570983,high_volatility,0.2019142764986347,0.6147195800735068,0.18336614342785848,0
1789992000000,84887.19,85000.49,0.0019841062092700312,1.0,0.0025854547056633256,high_volatility,0.20839721558826638,0.6031842222237692,0.1884185621879644,0
1789992900000,85000.49,85084.49,-0.0016172160166912919,1.0,0.002646728747511061,high_volatility,0.1973049970013614,0.580803555106204,0.2218914478924346,0
1789993800000,85084.48,85290.37,-0.002459714971338456,1.0,0.0026397992389779984,high_volatility,0.20035058038240042,0.5716244359829159,0.22802498363468365,0
1789994700000,85290.36,85323.0,0.0016799690587532279,1.0,0.002580669840853479,high_volatility,0.20005884044287398,0.5784660535648446,0.22147510599228148,0
1789995600000,85323.0,85169.14,0.0017926680955098195,1.0,0.0025846856928333065,high_volatility,0.19531738061705142,0.54995422740717,0.2547283919757786,0
1789996500000,85169.15,84946.89,0.009133118351949188,2.0,0.0025543901179867637,high_volatility,0.16984269025300255,0.5492010918845884,0.2809562178624091,0
1789997400000,84946.89,85080.58,0.008443995092652035,2.0,0.002595889897055081,high_volatility,0.16924071639111704,0.570636523470317,0.26012276013856583,0
1789998300000,85080.57,85466.34,0.004420453713122718,2.0,0.0028040793894069252,high_volatility,0.21751620253811568,0.5005456126945586,0.28193818476732563,0
1789999200000,85466.35,85321.82,0.011337310901244235,2.0,0.00285473217943427,high_volatility,0.20895572963536127,0.5128601532384749,0.27818411712616387,0
1790000100000,85321.82,85722.72,0.0014846705750821698,1.0,0.0029171831884281553,high_volatility,0.2376019202261459,0.4890886069600809,0.2733094728137732,0
1790001000000,85722.71,85799.0,0.003741185794706281,2.0,0.0029196988721599646,high_volatility,0.21164757755050137,0.5216577919643078,0.2666946304851908,0
1790001900000,85799.0,85844.14,0.0009735085004056732,1.0,0.002922840465724018,high_volatility,0.1991823191996577,0.5269782831134927,0.2738393976868496,0
1790002800000,85844.13,86289.14,-0.006511132223591454,0.0,0.0029706100739449177,high_volatility,0.2239824988423192,0.48440488141213106,0.2916126197455498,0
1790003700000,86289.14,85849.99,-3.610949750842973e-05,1.0,0.003009428798193353,high_volatility,0.16808789533302385,0.512268780105439,0.31964332456153716,0
1790004600000,85849.99,86119.99,-0.003051440205694478,0.0,0.0029449497638601605,high_volatility,0.18847030642064624,0.529610191764826,0.2819195018145278,0
1790005500000,86119.99,85927.71,0.0003980089775463824,1.0,0.002878502318804467,high_volatility,0.20895174802979521,0.5067059495968713,0.2843423023733334,0
1790006400000,85927.71,85727.3,0.0025994053236249037,1.0,0.0028255413738841133,high_volatility,0.2075747284563478,0.5111560219284734,0.2812692496151788,0
1790007300000,85727.3,85846.89,0.0004431144797441,1.0,0.002743710700092986,high_volatility,0.2054198873611646,0.511539579481615,0.2830405331572204,0
1790008200000,85846.89,85857.2,0.0004273374859651291,1.0,0.0027219843768948996,trending,0.19896319618333694,0.5015563585534051,0.29948044526325796,0
1790009100000,85857.21,85961.91,-0.0007526589392906624,1.0,0.0026549013241290117,trending,0.24959268620502545,0.4953048345519856,0.255102479242989,0
1790010000000,85961.91,85950.14,0.0004362994638520412,1.0,0.0025734164456007094,trending,0.2236425036258882,0.5154162159118907,0.2609412804622211,0
1790010900000,85950.14,85884.93,0.00044350039058094204,1.0,0.0025089164146807367,trending,0.21846467503004136,0.5071213578288333,0.2744139671411253,0
1790011800000,85884.93,85893.89,0.00034042002289114137,1.0,0.0025,low_liquidity,0.21718669244414965,0.5150010955945018,0.2678122119613485,0
1790012700000,85893.89,85897.21,0.0017991271194954805,1.0,0.0025,trending,0.21523799994299436,0.5185913368507645,0.2661706632062411,0
1790013600000,85897.2,85987.64,0.0007909276263424747,1.0,0.0025,trending,0.2183498499365552,0.5269368189349098,0.254713331128535,0
1790014500000,85987.64,85923.02,0.005233056286894966,2.0,0.0025,trending,0.21696966722634334,0.5295948235231395,0.25343550925051733,0
1790015400000,85923.01,85923.13,0.007617273718962592,2.0,0.0025,trending,0.20318003378584182,0.5357975701051304,0.2610223961090279,0
1790016300000,85923.14,86051.75,0.0050941439308322956,2.0,0.0025,trending,0.21512796659957767,0.5151372829008226,0.2697347504995997,0
1790017200000,86051.75,86055.65,0.008073264219141896,2.0,0.0025,trending,0.2091803931765242,0.5533741485673074,0.2374454582561685,0
1790018100000,86055.66,86372.66,0.010486651678899284,2.0,0.0025,trending,0.24907134889897273,0.5013261569622585,0.24960249413876887,0
1790019000000,86372.67,86577.63,0.004289445206573594,2.0,0.0025,trending,0.25208057419865115,0.4840652817974878,0.26385414400386115,0
1790019900000,86577.64,86490.11,0.00591478031418835,2.0,0.0025,trending,0.2298849685622049,0.5118412010586592,0.25827383037913587,0
1790020800000,86490.11,86750.4,-0.0017941127648979371,1.0,0.0025,low_liquidity,0.2519754343610392,0.48599691933581757,0.26202764630314324,0
1790021700000,86750.41,87278.42,-0.007475845690148808,0.0,0.0025,trending,0.24839109123125572,0.4711699043227681,0.2804390044459762,0
1790022600000,87278.42,86949.0,-0.0018246328307397475,1.0,0.0025,trending,0.22741512711417128,0.523304943832222,0.24927992905360682,0
1790023500000,86948.99,87001.68,-0.004751517441962005,0.0,0.0025,trending,0.21926836914200626,0.5281176332663226,0.2526139975916711,0
1790024400000,87001.68,86594.76,0.00031479964838521113,1.0,0.0025,low_liquidity,0.19707123269419247,0.5155475890978128,0.2873811782079947,0
1790025300000,86594.75,86625.94,-0.002389469020480539,1.0,0.0025,low_liquidity,0.24536793212806393,0.5190556441197095,0.23557642375222654,0
1790026200000,86625.94,86790.35,-0.004171661941679172,0.0,0.0025,trending,0.244416815016507,0.5266730102107802,0.22891017477271275,0
1790027100000,86790.35,86588.29,-0.0015539052682526089,1.0,0.0025,low_liquidity,0.24144783192409333,0.5311749672297021,0.22737720084620439,0
1790028000000,86588.29,86622.02,0.00031354613988443525,1.0,0.0025,trending,0.24800867211599067,0.5315468704919335,0.22044445739207574,0
1790028900000,86622.01,86418.95,0.0009378730012341574,1.0,0.0025,trending,0.19431868358385246,0.5615792411180454,0.24410207529810216,0
1790029800000,86418.95,86428.29,0.00039015003073639143,1.0,0.0025,trending,0.21346745253843474,0.5611421709003432,0.22539037656122193,0
1790030700000,86428.29,86453.74,0.0019231093993157256,1.0,0.0025,trending,0.20638473202282182,0.5615906257623101,0.23202464221486813,0
1790031600000,86453.73,86649.18,-0.0019737059254338885,1.0,0.0025,trending,0.21741950016618047,0.5653121849550732,0.2172683148787464,0
1790032500000,86649.17,86500.0,-0.0010754913294797053,1.0,0.0025,low_liquidity,0.20461623981540963,0.5595881191952659,0.23579564098932454,0
1790033400000,86500.01,86462.01,-0.001205616200687376,1.0,0.0025,trending,0.20002761496168434,0.5671805235083589,0.23279186152995676,0
1790034300000,86462.01,86620.0,-0.008419418148233548,0.0,0.0025,trending,0.23143821596161634,0.5197233662794748,0.24883841775890897,0
1790035200000,86620.01,86478.16,-0.00800144221384913,0.0,0.0025,trending,0.22880051817600697,0.48272145230616414,0.2884780295178289,0
1790036100000,86478.16,86406.97,-0.007339222750201824,0.0,0.0025,trending,0.22996593164138165,0.515462504046851,0.2545715643117674,0
1790037000000,86406.98,86357.77,-0.007828479128166532,0.0,0.0025,trending,0.21958706602801192,0.5020772263826405,0.2783357075893475,0
1790037900000,86357.78,85890.71,-0.003195689033191229,0.0,0.0025,trending,0.19887089807099523,0.5088191162772419,0.292309985651763,0
1790038800000,85890.72,85786.21,-0.002111411612659042,1.0,0.0025,trending,0.19823223309891969,0.5190061706308036,0.2827615962702767,0
1790039700000,85780.02,85772.81,-0.00033588732839695545,1.0,0.0025,trending,0.1979416435663416,0.5167843011061691,0.28527405532748934,0
1790040600000,85772.8,85681.72,0.0015265799986274864,1.0,0.0025,trending,0.20296519351624767,0.5229336593721887,0.2741011471115637,0
1790041500000,85681.71,85616.23,0.0011524684046471112,1.0,0.0025,trending,0.225490029336641,0.546557508402068,0.22795246226129087,0
1790042400000,85616.23,85605.08,-0.0007131586116151389,1.0,0.0025,trending,0.21409941658135562,0.5347735246570902,0.2511270587615543,0
1790043300000,85605.09,85744.0,-0.001539466318343008,1.0,0.0025,trending,0.20654436536340648,0.5574179306528588,0.23603770398373466,0
1790044200000,85744.0,85812.52,-0.0037952503900363643,0.0,0.0025,low_liquidity,0.2176455621702481,0.5535201767277969,0.22883426110195493,0
1790045100000,85812.51,85714.9,-0.0002574814880492715,1.0,0.0025,trending,0.2280299621052329,0.5526214394948269,0.21934859839994028,0
1790046000000,85714.91,85544.03,0.0009348402220470398,1.0,0.0025,trending,0.20670141386662363,0.5681561345692202,0.22514245156415608,0
1790046900000,85544.02,85612.0,-0.0005374246600943211,1.0,0.0025,trending,0.20953214877563972,0.5265938423291262,0.26387400889523416,0
1790047800000,85612.01,85486.84,0.0004581991801311247,1.0,0.0025,trending,0.19739299649143638,0.585384619203575,0.2172223843049886,0
1790048700000,85486.84,85692.83,-0.002810386819994126,0.0,0.0025,trending,0.21032609854382625,0.5992480933607629,0.19042580809541082,0
1790049600000,85692.83,85624.0,-0.002560964215640449,0.0,0.0025,trending,0.19509380832393525,0.6079815650314084,0.1969246266446564,0
1790050500000,85624.0,85565.99,-0.0041012790245283925,0.0,0.0025,trending,0.1981364088363517,0.6083753222220164,0.19348826894163199,0
1790051400000,85565.99,85526.01,-0.0011926196486893303,1.0,0.0025,trending,0.19314802953652757,0.6013954250818627,0.20545654538160985,0
1790052300000,85526.0,85452.0,-0.000639306277208318,1.0,0.0025,low_liquidity,0.2057224979758856,0.5945613576229458,0.19971614440116855,0
1790053200000,85452.01,85404.72,-0.0006523058678724603,1.0,0.0025,trending,0.20681646353358696,0.5972462110291278,0.1959373254372853,0
1790054100000,85404.73,85215.06,0.001841693240608011,1.0,0.0025,trending,0.18769844111376893,0.5647183606564814,0.2475831982297497,0
1790055000000,85215.06,85424.01,0.0008278702908000035,1.0,0.0025,trending,0.20606295565260663,0.5913467996548651,0.20259024469252823,0
1790055900000,85424.01,85397.37,-0.00015644509895329506,1.0,0.0025,trending,0.20182290369729863,0.5771840039159929,0.22099309238670842,0
1790056800000,85397.38,85349.01,0.0011031176577209756,1.0,0.0025,trending,0.2010697550807643,0.6014561548624051,0.1974740900568305,0
1790057700000,85349.01,85372.0,-0.0005773555732557778,1.0,0.0025,trending,0.19964193795646037,0.5919875856279893,0.20837047641555026,0
1790058600000,85372.01,85494.73,-0.0028964358387937317,0.0,0.0025,trending,0.22138451553325947,0.610137682953438,0.16847780151330252,0
1790059500000,85494.74,85384.01,-0.0004685889079231176,1.0,0.0025,trending,0.1977754682221706,0.6408226242269639,0.1614019075508655,0
1790060400000,85384.02,85443.16,0.0005247933245913217,1.0,0.0025,trending,0.20853812670106733,0.6272013065230065,0.16426056677592601,0
1790061300000,85443.16,85322.71,0.0011366258760416859,1.0,0.0025,trending,0.18227539158031403,0.642593781349721,0.17513082706996508,0
1790062200000,85322.71,85247.1,0.01058757424006207,2.0,0.0025,trending,0.19300687330549982,0.6128595017514479,0.19413362494305236,0
1790063100000,85247.09,85344.0,0.010308516122984779,2.0,0.0025,trending,0.1721706808589677,0.6151931110210997,0.21263620811993258,0
1790064000000,85344.01,85488.0,0.0052172234699605635,2.0,0.0025,trending,0.182249541062263,0.637092350735033,0.180658108202704,0
1790064900000,85488.01,85419.69,0.005627859337817842,2.0,0.0025,trending,0.2097074197544888,0.6202279540495336,0.17006462619597765,0
1790065800000,85419.7,86149.66,-0.0012279793094948088,1.0,0.0025,trending,0.23514485773765692,0.577272961981732,0.18758218028061122,0
1790066700000,86149.66,86223.77,0.0003504833991834211,1.0,0.0025,trending,0.2026542136122948,0.5861396970342991,0.21120608935340612,0
1790067600000,86223.77,85934.01,0.0012799356157127129,1.0,0.0025,trending,0.21285724785312696,0.5450638689363579,0.2420788832105152,0
1790068500000,85934.0,85900.42,-0.00040046369971180606,1.0,0.0025,trending,0.173165504212719,0.6216916949754621,0.2051428008118189,0
1790069400000,85900.43,86043.87,-0.0022996408692449455,1.0,0.0025,trending,0.17212085203488572,0.6345642789410336,0.19331486902408052,0
1790070300000,86043.87,86253.99,-0.0040576673612432446,0.0,0.0025,trending,0.23918837720192032,0.5945148062800658,0.16629681651801395,0
1790071200000,86253.99,86044.0,-0.0007347403653944484,1.0,0.0025,trending,0.20952776700941145,0.61622678642732,0.17424544656326865,0
1790072100000,86044.01,85866.02,0.0006788482801460827,1.0,0.0025,trending,0.171907917746935,0.6468905085925974,0.1812015736604676,0
1790073000000,85866.01,85846.0,0.0030307760408172513,2.0,0.0025,ranging,0.1950934354729142,0.6191614451134478,0.18574511941363794,0
1790073900000,85846.01,85904.0,0.000961771279567758,1.0,0.0025,ranging,0.2101004966562311,0.6268248469151146,0.16307465642865426,0
1790074800000,85904.0,85980.78,-0.0007300468779185554,1.0,0.0025,ranging,0.21889031042276408,0.6156305301138986,0.16547915946333727,0
1790075700000,85980.78,85924.31,0.002091375537377038,1.0,0.0025,ranging,0.21049998716119256,0.6286868772676206,0.16081313557118684,0
1790076600000,85924.32,86106.18,-0.0014420567722316369,1.0,0.0025,ranging,0.21378711631960365,0.6226938052363651,0.16351907844403127,0
1790077500000,86106.18,85986.62,0.0004348350941112411,1.0,0.0025,ranging,0.19083957621661204,0.6326361436671526,0.1765242801162354,0
1790078400000,85986.62,85918.01,0.0016827670938841521,1.0,0.0025,ranging,0.20860749203701445,0.6355570240893473,0.15583548387363821,0
1790079300000,85918.0,86104.01,-0.004192023112512433,0.0,0.0025,ranging,0.2037079086353936,0.5599171217033317,0.23637496966127478,0
1790080200000,86104.0,85982.01,-0.0005092925834135897,1.0,0.0025,ranging,0.18611990065299447,0.6218183384726259,0.19206176087437965,0
1790081100000,85982.0,86024.01,0.00374314101377049,2.0,0.0025,ranging,0.21869681229304072,0.6049766318711797,0.1763265558357796,0
1790082000000,86024.01,86062.59,0.003339662447992664,2.0,0.0025,ranging,0.2073115254939187,0.6229982279344451,0.16969024657163623,0
1790082900000,86062.59,85743.06,0.0021902647281308862,1.0,0.0025,ranging,0.18217695350670016,0.5988402252277853,0.2189828212655145,0
1790083800000,85742.75,85938.22,-0.0004335672765853893,1.0,0.0025,ranging,0.20012476140419083,0.5491480628097161,0.25072717578609316,0
1790084700000,85938.22,86346.01,-0.001019155372668612,1.0,0.0025,ranging,0.24188731299889035,0.5614661706865205,0.19664651631458918,0
1790085600000,86346.01,86350.01,-0.00041702369229601466,1.0,0.0025,ranging,0.2375528454594163,0.5708624789081457,0.19158467563243797,0
1790086500000,86350.01,85930.86,0.004115634359995957,2.0,0.0025,ranging,0.18888447127071897,0.5853186793794114,0.22579684934986965,0
1790087400000,85930.87,85900.96,0.007672207621428173,2.0,0.0025,ranging,0.19269261787452469,0.5482642863677292,0.25904309575774603,0
1790088300000,85900.96,86258.01,0.001798209812630791,1.0,0.0025,ranging,0.22955281240921158,0.5504745649523486,0.21997262263843972,0
1790089200000,86258.0,86314.0,-0.0015061287855967498,1.0,0.0025,ranging,0.24200617803359614,0.5657310088517242,0.19226281311467966,0
1790090100000,86314.01,86284.52,-0.0022530113165143417,1.0,0.0025,ranging,0.208747226572601,0.5727018656093491,0.2185509078180499,0
1790091000000,86284.52,86560.01,-0.0037893942017797055,0.0,0.0025,ranging,0.20699141621390899,0.6151996286138709,0.17780895517222017,0
1790091900000,86560.0,86413.12,9.269425753877236e-05,1.0,0.0025,ranging,0.22217486019559168,0.5900024586427695,0.18782268116163872,0
1790092800000,86413.11,86184.0,0.002854358117515998,2.0,0.0025,ranging,0.21738467269649467,0.590254031661657,0.19236129564184823,0
1790093700000,86184.0,86090.12,0.005745607045268386,2.0,0.0025,ranging,0.1922276081021484,0.6290735056356571,0.17869888626219443,0
1790094600000,86090.12,86232.0,0.00285010205028291,2.0,0.0025,ranging,0.19802467835595353,0.6164896960885425,0.18548562555550382,0
1790095500000,86232.01,86421.13,0.0017253882239216534,1.0,0.0025,ranging,0.22668802493657367,0.590281929663087,0.18303004540033943,0
1790096400000,86421.13,86430.0,0.0011018164989007317,1.0,0.0025,ranging,0.21939531971364723,0.5997331256169506,0.18087155466940213,0
1790097300000,86430.01,86584.76,-0.003405680168195757,0.0,0.0025,ranging,0.23700843918017023,0.5747279834616925,0.18826357735813729,0
1790098200000,86584.76,86477.77,-0.0008668123611421663,1.0,0.0025,ranging,0.23801733564273161,0.5807203074669433,0.18126235689032516,0
1790099100000,86478.03,86570.24,-0.0012567829314092949,1.0,0.0025,ranging,0.21893347703077504,0.5991364567589823,0.18193006621024269,0
1790100000000,86570.24,86525.23,-0.0005548670601626116,1.0,0.0025,ranging,0.21374702059832448,0.6044281065946573,0.18182487280701823,0
1790100900000,86525.23,86289.88,0.002804384477067101,2.0,0.0025,ranging,0.19582259663147636,0.6123407365651606,0.1918366668033631,0
1790101800000,86289.88,86402.81,-0.0003100593603378998,1.0,0.0025,ranging,0.1967025961875094,0.6205126101869328,0.18278479362555777,0
1790102700000,86402.8,86461.44,-0.0031112135074317093,0.0,0.0025,ranging,0.2113129579257021,0.5955112897278682,0.19317575234642975,0
1790103600000,86461.45,86477.22,-0.003113305446220349,0.0,0.0025,ranging,0.22539295939624215,0.5932284237723606,0.18137861683139714,0
1790104500000,86477.22,86531.87,-0.0023406405062087465,1.0,0.0025,ranging,0.21331120315153904,0.602079462863779,0.1846093339846819,0
1790105400000,86531.87,86376.02,-0.000625289287466746,1.0,0.0025,ranging,0.2039669839532227,0.5875396102268363,0.20849340581994097,0
1790106300000,86376.02,86192.44,0.0008303512465825946,1.0,0.0025,ranging,0.19487431779705,0.5916808862662888,0.21344479593666119,0
1790107200000,86192.45,86207.99,0.0005311572628012851,1.0,0.0025,ranging,0.190825328956687,0.6030648221936301,0.20610984884968278,0
1790108100000,86208.0,86329.33,-0.0009328231784029306,1.0,0.0025,ranging,0.20837050960630907,0.5904524072003369,0.20117708319335414,0
1790109000000,86329.33,86322.01,-0.0013097470737764016,1.0,0.0025,low_liquidity,0.21161327595773063,0.601914727401678,0.18647199664059141,0
1790109900000,86322.0,86264.01,-0.0009273855922069529,1.0,0.0025,low_liquidity,0.2005999007234516,0.6246567088342249,0.17474339044232345,0
1790110800000,86264.01,86253.78,-0.0025015715253291493,0.0,0.0025,low_liquidity,0.19948116621808223,0.6232128603657823,0.17730597341613544,0
1790111700000,86253.78,86248.8,-0.000983086141488454,1.0,0.0025,low_liquidity,0.20439352358899515,0.6335090078243681,0.16209746858663668,0
1790112600000,86248.8,86208.95,8.177805204678812e-05,1.0,0.0025,low_liquidity,0.20850350295866904,0.6057098898819493,0.18578660715938164,0
1790113500000,86208.96,86184.01,-0.0006961848259323666,1.0,0.0025,low_liquidity,0.20282637785819527,0.6030596483233603,0.1941139738184444,0
1790114400000,86184.0,86038.01,0.004020664820118647,2.0,0.0025,ranging,0.19749087656294667,0.6123313994035955,0.19017772403345792,0
1790115300000,86038.01,86164.01,0.0007195579685763676,1.0,0.0025,low_liquidity,0.11570007054352065,0.6747025471500898,0.20959738230638938,1
1790116200000,86164.01,86216.0,-0.0009741811264730726,1.0,0.0025,ranging,0.11652187977755334,0.6742932214733147,0.20918489874913188,1
1790117100000,86216.01,86124.01,0.0009817239118337096,1.0,0.0025,low_liquidity,0.11367143501908782,0.6781780669504704,0.20815049803044167,1
1790118000000,86124.01,86383.94,-0.0003972960714688778,1.0,0.0025,ranging,0.11575895242526407,0.6721202397828584,0.21212080779187753,1
1790118900000,86383.94,86226.01,0.0025977080465628966,2.0,0.0025,low_liquidity,0.1144485728717651,0.6713080983907301,0.2142433287375048,1
1790119800000,86226.01,86132.01,0.0036223466745985977,2.0,0.0025,ranging,0.11823795762596895,0.6654772055082352,0.2162848368657959,1
1790120700000,86132.01,86208.56,0.0028853283247047834,2.0,0.0025,ranging,0.12000732720717029,0.6483166796114463,0.23167599318138335,1
1790121600000,86208.57,86349.62,0.004305867240643302,2.0,0.0025,ranging,0.11633127387403726,0.6540633537583432,0.22960537236761958,1
1790122500000,86349.63,86450.0,0.0021131289762867933,1.0,0.0025,low_liquidity,0.1163029196195484,0.6773425122304031,0.2063545681500486,1
1790123400000,86449.99,86444.01,-0.0019221690432915661,1.0,0.0025,ranging,0.11656071111807721,0.6635106227232016,0.21992866615872114,1
1790124300000,86444.01,86457.3,-0.0010097470080606685,1.0,0.0025,low_liquidity,0.11375875626198098,0.6657539581437993,0.22048728559421962,1
1790125200000,86457.31,86721.43,-0.003960036175602699,0.0,0.0025,ranging,0.11698710969043687,0.6616628303096954,0.22135005999986776,1
1790126100000,86721.44,86632.68,-0.000504197723076194,1.0,0.0025,ranging,0.1212778392757211,0.6570573403848222,0.22166482033945678,1
1790127000000,86632.68,86277.85,0.002435735243750292,1.0,0.0025,ranging,0.1100891094976721,0.6581048762532181,0.23180601424910988,1
1790127900000,86277.85,86370.0,0.002110223457218785,1.0,0.0025,ranging,0.10706563679729221,0.6763750931212467,0.2165592700814611,1
1790128800000,86370.01,86378.01,0.0019514225900783,1.0,0.0025,ranging,0.10856489187300242,0.677023157130785,0.2144119509962125,1
1790129700000,86378.01,86589.0,0.0011887191213664217,1.0,0.0025,ranging,0.11438267464053459,0.6678849809572172,0.21773234440224823,1
1790130600000,86589.01,86488.0,0.00462480344093974,2.0,0.0025,ranging,0.11024557038457572,0.6717978439103772,0.21795658570504706,1
1790131500000,86488.01,86552.26,0.0017562799631114512,1.0,0.0025,low_liquidity,0.11109765655463523,0.6854334730601522,0.2034688703852125,1
1790132400000,86552.27,86546.57,0.0034135379368587238,2.0,0.0025,low_liquidity,0.10960674823524744,0.6848462582298955,0.205546993534857,1
1790133300000,86546.56,86691.93,0.003784550649639673,2.0,0.0025,ranging,0.11455247208033752,0.675770294227747,0.20967723369191538,1
1790134200000,86691.94,86887.99,0.0029283678906599775,2.0,0.0025,ranging,0.12000609480212043,0.6660746844039974,0.2139192207938822,1
1790135100000,86887.99,86704.27,0.005336300046122178,2.0,0.0025,ranging,0.11299564983655581,0.6659766451988269,0.2210277049646172,1
1790136000000,86704.27,86842.0,0.0010163285046405068,1.0,0.0025,ranging,0.11721530614402557,0.6589276098430874,0.22385708401288706,1
1790136900000,86842.01,87020.02,-0.002739254714030248,0.0,0.0025,ranging,0.12349771205366744,0.6423462289761832,0.2341560589701495,1
1790137800000,87020.01,87142.43,-0.00461084227281694,0.0,0.0025,trending,0.11984649914667465,0.6490630060263797,0.23109049482694569,1
1790138700000,87142.42,87166.95,-0.007697183393476581,0.0,0.0025,trending,0.12358615163109916,0.641278399208986,0.23513544915991483,1
1790139600000,87166.94,86930.26,-0.0037300014977523777,0.0,0.0025,trending,0.11834829305366618,0.6418925648229669,0.23975914212336716,1
1790140500000,86930.25,86781.65,-0.004121262962849759,0.0,0.0025,trending,0.10620204647234983,0.6449605871807049,0.24883736634694512,1
1790141400000,86781.65,86740.63,-0.002052325421201151,1.0,0.0025,trending,0.10685362759730811,0.6446399874162893,0.24850638498640276,1
1790142300000,86740.64,86496.01,-0.0003046383295598476,1.0,0.0025,ranging,0.10559805683102841,0.6439209106793494,0.25048103248962217,1
1790143200000,86496.0,86606.01,-0.0028555754964348923,0.0,0.0025,ranging,0.1085704676330397,0.642426920506947,0.24900261186001318,1
1790144100000,86606.01,86424.0,-0.00020781264463587412,1.0,0.0025,ranging,0.10348238751220286,0.6516571264374655,0.24486048605033164,1
1790145000000,86424.01,86562.61,-0.005837855397382241,0.0,0.0025,ranging,0.11042792495473648,0.658544328917759,0.23102774612750457,1
1790145900000,86562.61,86469.66,-0.0039885666255655705,0.0,0.0025,ranging,0.10910372491454241,0.6409296348246283,0.2499666402608292,1
1790146800000,86469.67,86358.7,-0.0020748343826388904,1.0,0.0025,ranging,0.10924333557931024,0.6312177674422034,0.2595388969784864,1
1790147700000,86358.71,86406.04,-0.0029473634019102635,0.0,0.0025,ranging,0.10957845002236315,0.628877493287434,0.26154405669020275,1
1790148600000,86406.03,86057.27,0.00035720398753058547,1.0,0.0025,ranging,0.1040882961757778,0.6344320909412061,0.2614796128830161,1
1790149500000,86057.26,86124.77,-0.0026099344009858916,0.0,0.0025,ranging,0.10625982922759904,0.6369870369585298,0.25675313381387116,1
1790150400000,86124.77,86179.52,-0.002717699054253342,0.0,0.0025,ranging,0.10552039938222815,0.6396747823923039,0.25480481822546797,1
1790151300000,86179.52,86151.37,-0.003052069862615081,0.0,0.0025,ranging,0.1112026978920741,0.6513507284918082,0.23744657361611762,1
1790152200000,86151.37,86088.01,-0.003345413606377967,0.0,0.0025,trending,0.10962253430654538,0.6466977516840318,0.24367971400942287,1
1790153100000,86088.01,85899.99,-0.000531548373870594,1.0,0.0025,trending,0.10178534777001401,0.6370254035898811,0.2611892486401049,1
1790154000000,85899.99,85945.31,-0.0010013344532703305,1.0,0.0025,trending,0.10335214776664747,0.6390903849420863,0.2575574672912663,1
1790154900000,85945.31,85888.43,-0.0010294750992654311,1.0,0.0025,trending,0.1110936634206169,0.6404404773550482,0.24846585922433492,1
1790155800000,85888.42,85800.01,0.0008856642324401864,1.0,0.0025,trending,0.11382803032197142,0.632645190573129,0.25352677910489974,1
1790156700000,85800.0,85854.33,0.0008006585107589448,1.0,0.0025,trending,0.11636715734474054,0.6358396346310489,0.2477932080242106,1
1790157600000,85854.34,85859.25,-0.001360133008382891,1.0,0.0025,trending,0.11351900934432467,0.6534237165163277,0.23305727413934768,1
1790158500000,85859.25,85800.01,-0.003426573027205948,0.0,0.0025,trending,0.1154095689920799,0.6404692246720398,0.2441212063358803,1
1790159400000,85800.01,85876.0,-0.004262075550794053,0.0,0.0025,trending,0.11635962508681379,0.6410950490998252,0.24254532581336122,1
1790160300000,85876.0,85923.07,-0.0031786573733924017,0.0,0.0025,trending,0.12469702633938877,0.6432468481077166,0.23205612555289465,1
1790161200000,85923.07,85742.47,-0.0031470985148899233,0.0,0.0025,trending,0.11803337364349135,0.6378401474328207,0.24412647892368794,1
1790162100000,85742.46,85506.01,-0.00024091873775877737,1.0,0.0025,trending,0.10578687415839204,0.6283960868750316,0.2658170389665763,1
1790163000000,85506.01,85509.99,-0.0005490586538486886,1.0,0.0025,trending,0.10493216514440909,0.6478687919759006,0.2471990428796902,1
1790163900000,85509.99,85649.95,-0.001623351794134087,1.0,0.0025,trending,0.1143454704363287,0.6397913369206603,0.24586319264301104,1
1790164800000,85649.96,85472.63,-0.0011773359495315106,1.0,0.0025,trending,0.1109661638208771,0.6412186816715194,0.2478151545076036,1
1790165700000,85472.63,85485.41,0.0007321717238064629,1.0,0.0025,trending,0.10394458442054978,0.6365501331704223,0.25950528240902804,1
1790166600000,85485.41,85463.04,0.004353226845195346,2.0,0.0025,trending,0.1029474660862802,0.6381391673174008,0.2589133665963189,1
1790167500000,85463.04,85510.91,0.0032872998310975454,2.0,0.0025,trending,0.11601993284687383,0.6411326750221693,0.24284739213095685,1
1790168400000,85510.9,85372.0,-0.005811273016914198,0.0,0.0025,trending,0.11748892787895356,0.6365406092321392,0.24597046288890725,1
1790169300000,85371.99,85548.0,-0.01760812643194465,0.0,0.0025,trending,0.11557359804577129,0.6343773392726123,0.2500490626816165,1
1790170200000,85548.01,85835.08,-0.017738318645476925,0.0,0.0025,trending,0.10955339210360916,0.6519602545310007,0.23848635336539012,1
1790171100000,85835.09,85792.01,-0.014663603288930904,0.0,0.0025,trending,0.10692168916116952,0.6457873578317717,0.24729095300705878,1
1790172000000,85792.01,84875.88,-0.0026303114618664303,0.0,0.0025,trending,0.10139446594262048,0.5991676958279187,0.29943783822946063,1
1790172900000,84875.87,84041.66,0.005518691563208167,2.0,0.0025,high_volatility,0.09610021692309756,0.6002349366813181,0.3036648463955844,1
1790173800000,84041.66,84312.51,-0.0001852631359212653,1.0,0.0025902450439873903,high_volatility,0.0971934360589383,0.6045223320854506,0.29828423185561104,1
1790174700000,84312.51,84533.99,-0.006364067282285002,0.0,0.0025915786700180642,high_volatility,0.10077378083924618,0.6066687345490122,0.29255748461174164,1
1790175600000,84534.0,84652.63,-0.0036236322486377093,0.0,0.0025379789566252445,high_volatility,0.10543299479415656,0.6181428201941667,0.2764241850116767,1
1790176500000,84652.63,84505.46,-0.00314867228697413,0.0,0.0025140249740065583,high_volatility,0.1026542134569278,0.6199425612402114,0.27740322530286077,1
1790177400000,84505.45,84296.89,-0.0024408966926300346,1.0,0.0025,high_volatility,0.09937137162871133,0.6104978493557448,0.29013077901554407,1
1790178300000,84296.89,83996.01,0.0004999046978542143,1.0,0.0025002782282732513,high_volatility,0.09533165016170206,0.6417988350868258,0.26286951475147236,1
1790179200000,83996.0,84345.88,-0.006347790787173069,0.0,0.0027506484827226497,high_volatility,0.10119533774459429,0.6356416325796918,0.26316302967571387,1
1790180100000,84345.88,84239.38,-0.0020761073977515476,1.0,0.0026645921496885154,high_volatility,0.10631319733144537,0.6458314380532243,0.24785536461533025,1
1790181000000,84239.38,84091.13,0.001999140694149304,1.0,0.0026803308322039298,high_volatility,0.10169126085178878,0.6465274391737054,0.2517812999745059,1
1790181900000,84091.13,84038.0,0.003433684761655398,2.0,0.0026431534628044893,high_volatility,0.09582726515787675,0.6617152614406037,0.24245747340151946,1
1790182800000,84038.01,83810.47,0.004687719803981638,2.0,0.002707867695146923,high_volatility,0.09393042838599022,0.6568000970670463,0.24926947454696347,1
1790183700000,83810.48,84064.49,0.001112479240640063,1.0,0.0027310662113311937,high_volatility,0.09955362673640121,0.6671215960884128,0.23332477717518588,1
1790184600000,84064.49,84259.24,-0.0003442945841904965,1.0,0.002670521821153434,high_volatility,0.10064539037559819,0.6675277418716966,0.23182686775270522,1
1790185500000,84259.24,84326.56,4.0793790236470784e-05,1.0,0.002546879152817551,high_volatility,0.10773954691064234,0.6640465079641628,0.22821394512519502,1
1790186400000,84326.55,84203.35,0.0019898258204689157,1.0,0.0025,high_volatility,0.1015737651121446,0.6669220438660702,0.23150419102178518,1
1790187300000,84203.36,84158.01,0.0029942485569705024,2.0,0.0025,trending,0.10211913706092166,0.6779118719769035,0.21996899096217493,1
1790188200000,84158.0,84230.23,0.0025854138116445657,2.0,0.0025,trending,0.105546739340886,0.678210105168732,0.21624315549038184,1
1790189100000,84230.01,84330.0,0.0022293371279498153,1.0,0.0025,trending,0.10692872733758202,0.6839972204900387,0.20907405217237915,1
1790190000000,84330.0,84370.9,-0.00036624001877416656,1.0,0.0025,trending,0.10895976911697854,0.6810155809555785,0.21002464992744305,1
1790190900000,84370.91,84410.0,-0.00126371283023341,1.0,0.0025,trending,0.10291467659784695,0.6819616163428813,0.21512370705927167,1
1790191800000,84410.0,84448.0,-0.000554305608184924,1.0,0.0025,trending,0.10281944452188306,0.6875805537093306,0.20960000176878638,1
1790192700000,84448.0,84518.0,-0.0033737192077427647,0.0,0.0025,trending,0.09972718554416517,0.6806299033673006,0.21964291108853423,1
1790193600000,84518.0,84340.0,0.0003643585487311807,1.0,0.0025,trending,0.09790018370890237,0.6705254826370187,0.23157433365407903,1
1790194500000,84340.01,84303.33,0.0013602072421101674,1.0,0.0025,trending,0.09575143687467272,0.6908602556102592,0.2133883075150681,1
1790195400000,84303.34,84401.19,0.0011623058869192349,1.0,0.0025,trending,0.09809528505360045,0.6909596383952695,0.21094507655113007,1
1790196300000,84401.2,84232.86,0.0022155249150983547,1.0,0.0025,trending,0.09617842567077373,0.6899087593175487,0.2139128150116777,1
1790197200000,84232.86,84370.73,0.0026462968851876933,2.0,0.0025,trending,0.09785457850347368,0.695124245108471,0.2070211763880554,1
1790198100000,84370.74,84418.0,0.0007819422398065434,1.0,0.0025,trending,0.09799449402871585,0.6955621343472519,0.20644337162403212,1
1790199000000,84418.0,84499.29,-3.893523839071378e-05,1.0,0.0025,trending,0.09920867350596402,0.6956094565391193,0.20518186995491677,1
1790199900000,84499.29,84419.48,0.001700200001231833,1.0,0.0025,trending,0.0977253443022161,0.697739407300025,0.20453524839775877,1
1790200800000,84419.49,84594.0,-0.0012048135801593363,1.0,0.0025,trending,0.10199726510158302,0.6969513854774935,0.20105134942092354,1
1790201700000,84594.0,84484.01,-7.101935620701383e-07,1.0,0.0025,trending,0.09733188696550905,0.6984826921181343,0.2041854209163566,1
1790202600000,84484.0,84496.0,-0.00037871615224394084,1.0,0.0025,trending,0.0978361363681964,0.7004279114512335,0.2017359521805701,1
1790203500000,84496.01,84563.01,-0.001956056199986178,1.0,0.0025,trending,0.09777937522905719,0.7042711234501466,0.19794950132079622,1
1790204400000,84563.01,84492.08,-0.0015868942982585343,1.0,0.0025,trending,0.09756621446323817,0.7009696160489846,0.20146416948777732,1
1790205300000,84492.08,84483.95,-0.0017275470666321402,1.0,0.0025,low_liquidity,0.09884279290822101,0.7049735700314232,0.1961836370603556,1
1790206200000,84483.95,84464.0,-0.0011839363515817602,1.0,0.0025,low_liquidity,0.09911209853004584,0.7014874212240002,0.199400480245954,1
1790207100000,84464.01,84397.6,-0.0009431547816526331,1.0,0.0025,trending,0.09837985837482728,0.7124112514760096,0.1892088901491631,1
1790208000000,84397.6,84358.0,-0.0009013964295027099,1.0,0.0025,trending,0.09940698097087203,0.7065601199490028,0.19403289908012525,1
1790208900000,84358.0,84338.0,-0.001280561549953707,1.0,0.0025,trending,0.09894539808282017,0.6839094890070438,0.2171451129101361,1
1790209800000,84338.0,84364.0,-0.002677919491726355,0.0,0.0025,trending,0.10077756907077637,0.6860012050902065,0.2132212258390172,1
1790210700000,84364.0,84318.0,-0.0025338599112881832,0.0,0.0025,trending,0.10078470349233785,0.6677742783509778,0.23144101815668436,1
1790211600000,84318.0,84281.96,-0.003979499290239663,0.0,0.0025,trending,0.10210184752015408,0.6656493358645463,0.23224881661529953,1
1790212500000,84281.96,84230.0,-0.0007813130713522076,1.0,0.0025,trending,0.10176577749760643,0.6638599912100219,0.23437423129237153,1
1790213400000,84230.0,84138.08,0.002304901656895453,1.0,0.0025,trending,0.10021576564845361,0.6629721851006896,0.23681204925085675,1
1790214300000,84138.08,84104.35,0.0031055468593477187,2.0,0.0025,trending,0.09879445955738386,0.6674517636522158,0.2337537767904002,1
1790215200000,84104.35,83946.56,0.004609956620021283,2.0,0.0025,trending,0.10045261223955962,0.6517498158592204,0.2477975719012199,1
1790216100000,83946.57,84164.19,-0.0012854635682942872,1.0,0.0025,trending,0.09830881234172247,0.6679393166194971,0.23375187103878042,1
1790217000000,84164.2,84332.01,-0.0038182417328841423,0.0,0.0025,trending,0.10041778440206371,0.6777449211144831,0.22183729448345318,1
1790217900000,84332.0,84365.54,-0.005115003116201278,0.0,0.0025,trending,0.095986412832528,0.7071466407389769,0.19686694642849506,1
1790218800000,84365.55,84333.55,-0.006065794692622362,0.0,0.0025,ranging,0.09860138498830279,0.6905070441029597,0.21089157090873742,1
1790219700000,84333.55,84056.0,-0.0014449890549158573,1.0,0.0025,ranging,0.0971066641189508,0.6679267743982672,0.23496656148278197,1
1790220600000,84056.01,84010.01,-0.001602190024736272,1.0,0.0025,ranging,0.0986295101359126,0.6709088204144049,0.23046166944968235,1
1790221500000,84010.01,83934.01,0.0013342624759618005,1.0,0.0025,ranging,0.10389146398424644,0.6729367517883087,0.22317178422744482,1
1790222400000,83934.01,83822.0,0.004509555963828182,2.0,0.0025,ranging,0.1019539603018149,0.6661408590853596,0.2319051806128255,1
1790223300000,83822.01,83934.54,0.002960163956340356,2.0,0.0025,ranging,0.10816492039892973,0.6771783689818363,0.214656710619234,1
1790224200000,83934.54,83875.41,0.0037983718946947853,2.0,0.0025,low_liquidity,0.10581948753881987,0.6882985042810321,0.20588200818014799,1
1790225100000,83875.41,84046.0,-0.0008088427765746697,1.0,0.0025,trending,0.10321216093243975,0.7007735786865156,0.19601426038104458,1
1790226000000,84046.0,84200.0,-0.0009737529691211666,1.0,0.0025,ranging,0.1059016444639022,0.6970657424966751,0.19703261303942263,1
1790226900000,84200.01,84183.0,0.0001304301343501013,1.0,0.0025,ranging,0.10132601707668694,0.7118871635486751,0.18678681937463792,1
1790227800000,84183.0,84194.0,-4.7390550395598474e-05,1.0,0.0025,ranging,0.10276912933134616,0.7096684202949453,0.1875624503737085,1
1790228700000,84194.0,83978.02,0.0016191141443915313,1.0,0.0025,ranging,0.09862701577483482,0.6961972500821426,0.20517573414302254,1
1790229600000,83978.02,84118.01,-0.0003403551748309974,1.0,0.0025,ranging,0.10728220272125748,0.6941465145652647,0.19857128271347776,1
1790230500000,84118.01,84193.98,0.002584151503468579,2.0,0.0025,ranging,0.10687531329549065,0.6948808963149159,0.19824379038959344,1
1790231400000,84193.98,84190.01,0.002852594981280987,2.0,0.0025,ranging,0.10486805354421797,0.6976346518038228,0.19749729465195917,1
1790232300000,84190.01,84113.99,0.004874694447380312,2.0,0.0025,ranging,0.09657096896918198,0.7119807854567202,0.19144824557409784,1
1790233200000,84114.0,84089.38,0.0037175919242120603,2.0,0.0025,ranging,0.10016967346863705,0.705021393709013,0.19480893282234996,1
1790234100000,84089.38,84411.55,-0.007505371006692907,0.0,0.0025,ranging,0.10869691291132343,0.6922512909786095,0.19905179611006707,1
1790235000000,84411.55,84430.17,-0.008198135808562212,0.0,0.0025,ranging,0.1069424546996058,0.695857546618341,0.19719999868205318,1
1790235900000,84430.18,84524.02,-0.010222182996028839,0.0,0.0025,ranging,0.11010904346976007,0.6751424957493785,0.2147484607808614,1
1790236800000,84524.02,84401.99,-0.011152225202273103,0.0,0.0025,ranging,0.10171818648014609,0.6805596792293221,0.2177221342905316,1
1790237700000,84402.0,83778.01,-0.004941750227774544,0.0,0.0025,ranging,0.09397418325679299,0.6444740578663972,0.2615517588768097,1
1790238600000,83778.01,83738.0,-0.006776851608588652,0.0,0.0025,ranging,0.0941688640852647,0.6563404192816136,0.24949071663312183,1
1790239500000,83738.0,83660.0,-0.004734042553191542,0.0,0.0025,ranging,0.09667936618149062,0.6417914054999911,0.26152922831851827,1
1790240400000,83660.01,83460.72,-0.001901732934966316,1.0,0.0025,ranging,0.09606865438127174,0.6580736947018774,0.2458576509168509,1
1790241300000,83460.72,83364.0,-0.0011994386065928841,1.0,0.0025,ranging,0.09499679402885251,0.651435146345207,0.2535680596259405,1
1790242200000,83364.0,83170.52,0.0027271682322052015,2.0,0.0025,trending,0.09265025542803478,0.6239335595346063,0.28341618503735905,1
1790243100000,83170.52,83263.95,0.002981482382231393,2.0,0.0025,trending,0.09284561400306399,0.6554330020468748,0.25172138395006116,1
1790244000000,83263.96,83302.0,0.0032413387433674057,2.0,0.0025,trending,0.09571347596163189,0.6577833267732709,0.24650319726509737,1
1790244900000,83302.0,83264.01,0.0030984575448624874,2.0,0.0025,trending,0.10112317267815481,0.6659779863705702,0.23289884095127508,1
1790245800000,83264.0,83397.34,0.0006952260108057384,1.0,0.0025,trending,0.10073232849300906,0.668419674075983,0.23084799743100803,1
1790246700000,83397.34,83512.2,-0.00021098713720868467,1.0,0.0025,trending,0.10137974289313594,0.6750238024554553,0.22359645465140882,1
1790247600000,83512.2,83572.01,-0.00046486856065797166,1.0,0.0025,trending,0.10703375773070756,0.6667991529139864,0.22616708935530605,1
1790248500000,83572.01,83522.0,0.0003353607432772243,1.0,0.0025,trending,0.10334034372094347,0.6682840675327189,0.2283755887463378,1
1790249400000,83522.0,83455.32,0.0005354961193604346,1.0,0.0025,trending,0.1017599324584006,0.665688357592017,0.23255170994958232,1
1790250300000,83455.61,83494.58,0.0013136182013251396,1.0,0.0025,trending,0.10621013675251105,0.6813259674015634,0.21246389584592557,1
1790251200000,83494.59,83533.16,0.002666126841124994,2.0,0.0025,trending,0.10498479937111191,0.6831417329610602,0.211873467667828,1
1790252100000,83533.16,83550.01,0.0027527225909369513,2.0,0.0025,trending,0.09893000965244549,0.6837548776360226,0.2173151127115319,1
1790253000000,83550.01,83500.01,0.005293292779246395,2.0,0.0025,trending,0.09879272162736968,0.6845269197634413,0.216680358609189,1
1790253900000,83500.01,83604.26,0.007824601282279131,2.0,0.0025,trending,0.10300294858096372,0.6896643400305711,0.20733271138846518,1
1790254800000,83604.26,83755.87,0.00566085696441343,2.0,0.0025,trending,0.10254334835210546,0.6949789499548704,0.20247770169302415,1
1790255700000,83755.88,83780.0,0.013072571019336454,2.0,0.0025,trending,0.10897236166515942,0.6851428640231793,0.20588477431166127,1
1790256600000,83780.01,83942.0,0.0056189988325272555,2.0,0.0025,trending,0.11400266581359646,0.6555064940072698,0.23049084017913374,1
1790257500000,83942.01,84258.43,-0.006938890268902376,0.0,0.0025,trending,0.10860394265053612,0.6757791229854408,0.21561693436402313,1
1790258400000,84258.42,84230.0,-0.0039051406862162796,0.0,0.0025,trending,0.11047863247897775,0.6699377226283697,0.21958364489265253,1
1790259300000,84230.0,84875.22,-0.008830728214901717,0.0,0.0025,trending,0.11860688291581287,0.6461768155996799,0.23521630148450734,1
1790260200000,84875.22,84413.67,0.00016975923449358277,1.0,0.0025,trending,0.1078795844026514,0.6585143534573681,0.23360606213998056,1
1790261100000,84413.66,83673.77,0.00889442414271513,2.0,0.002561311354137412,high_volatility,0.0970513447426083,0.6435571240425296,0.25939153121486214,1
1790262000000,83673.77,83901.07,0.004301971357457024,2.0,0.002587482327935463,high_volatility,0.09760653303934592,0.6774615135782464,0.22493195338240785,1
1790262900000,83901.06,84125.71,0.006906449883157029,2.0,0.002582009171545087,high_volatility,0.1054718540145091,0.6747035684768137,0.21982457750867732,1
1790263800000,84125.71,84428.0,0.0015119391671007953,1.0,0.0025663520668292587,high_volatility,0.11881804597937712,0.6634140077381623,0.21776794628246066,1
1790264700000,84428.0,84418.0,0.0009752659385440232,1.0,0.0025,high_volatility,0.11446919520946348,0.6702950297892749,0.2152357750012615,1
1790265600000,84418.01,84262.01,0.002563314119850668,2.0,0.0025,high_volatility,0.10873077892361903,0.6706610619435007,0.22060815913288018,1
1790266500000,84262.01,84706.72,-0.004450768486844892,0.0,0.0025979841523627516,high_volatility,0.12449276043040847,0.6521210264551757,0.22338621311441584,1
1790267400000,84706.73,84555.65,-0.00453713028047209,0.0,0.0026600176587525267,high_volatility,0.11143674629834187,0.6737474410168927,0.2148158126847656,1
1790268300000,84555.65,84500.33,-0.004619271901068367,0.0,0.002615678532104864,high_volatility,0.11530084219618815,0.6709879828899851,0.2137111749138266,1
1790269200000,84500.32,84478.0,-0.002604228319799229,0.0,0.002527246391095986,high_volatility,0.1073838140992299,0.6742432441388583,0.21837294176191183,1
1790270100000,84478.0,84329.71,0.0011182298622869347,1.0,0.0025195249931583056,high_volatility,0.10263003456818583,0.6630584662059192,0.23431149922589506,1
1790271000000,84329.71,84172.01,0.0029918496659400162,2.0,0.0025,ranging,0.10118633266399708,0.6720289092373388,0.2267847580986641,1
1790271900000,84172.0,84110.0,0.00435156342884313,2.0,0.0025,ranging,0.10064037176774111,0.6805361288424154,0.21882349938984358,1
1790272800000,84110.0,84258.0,0.0038689501293647233,2.0,0.0025,ranging,0.10803098317450192,0.6791118994092599,0.21285711741623817,1
1790273700000,84258.0,84424.01,0.0026042354538715617,2.0,0.0025,ranging,0.11424285957282489,0.6807311231250264,0.20502601730214876,1
1790274600000,84424.01,84423.84,0.0003245528751121274,1.0,0.0025,ranging,0.11275100956817419,0.6735205209150744,0.21372846951675148,1
1790275500000,84423.84,84476.01,-0.0007500354242583329,1.0,0.0025,ranging,0.11072998280420014,0.6808614051872723,0.20840861200852767,1
1790276400000,84476.01,84583.99,-0.003948619591012448,0.0,0.0025,ranging,0.11197597818344476,0.6754806578599688,0.2125433639565864,1
1790277300000,84584.0,84643.87,-0.004464233499720582,0.0,0.0025,ranging,0.11103953070482837,0.6809816689448552,0.20797880035031635,1
1790278200000,84643.87,84451.24,-0.0007567680474556138,1.0,0.0025,ranging,0.10826930408400476,0.6740359952482204,0.21769470066777497,1
1790279100000,84451.24,84412.65,-0.0004859461230038997,1.0,0.0025,ranging,0.10122075970584665,0.6744962098573221,0.22428303043683126,1
1790280000000,84412.64,84250.0,0.001068249258160181,1.0,0.0025,ranging,0.09747037645681227,0.6823577766586223,0.22017184688456545,1
1790280900000,84250.01,84266.0,0.0019087176322596378,1.0,0.0025,ranging,0.10088150460775314,0.6879052332515655,0.21121326214068142,1
1790281800000,84266.01,84387.33,0.001203853706474689,1.0,0.0025,ranging,0.10444316960625641,0.6858657594888887,0.2096910709048548,1
1790282700000,84387.33,84371.63,-0.00025636579499532797,1.0,0.0025,ranging,0.1047193077165997,0.6900511386167633,0.20522955366663698,1
1790283600000,84371.62,84340.0,-7.149632440117681e-05,1.0,0.0025,ranging,0.10546725567520807,0.6837537399109337,0.21077900441385825,1
1790284500000,84340.01,84426.84,-0.0035216289037940385,0.0,0.0025,low_liquidity,0.11090069068331204,0.6793675990130411,0.20973171030364673,1
1790285400000,84426.84,84488.92,-0.004011295208886656,0.0,0.0025,ranging,0.10996823778911657,0.6797802872201427,0.21025147499074057,1
1790286300000,84488.92,84350.0,-0.0008616478956726681,1.0,0.0025,low_liquidity,0.10957044629310503,0.6860868432336633,0.20434271047323166,1
1790287200000,84350.0,84333.97,-0.0003231200902791276,1.0,0.0025,ranging,0.11578096582327295,0.6785064554387783,0.2057125787379487,1
1790288100000,84333.97,84129.52,0.00363415837865233,2.0,0.0025,ranging,0.10086656791041328,0.6756489289612417,0.22348450312834495,1
1790289000000,84129.51,84150.01,0.0031143192971694322,2.0,0.0025,ranging,0.1063785397180811,0.6810731291967729,0.212548331085146,1
1790289900000,84150.01,84277.32,0.0015771740249928001,1.0,0.0025,low_liquidity,0.11332314450609716,0.6844357093808525,0.20224114611305036,1
1790290800000,84277.32,84306.72,0.004165148400981478,2.0,0.0025,ranging,0.11235867996128389,0.6858477553974242,0.20179356464129194,1
1790291700000,84306.72,84435.26,0.0028205041353577265,2.0,0.0025,low_liquidity,0.11165247343408864,0.6879431684304559,0.2004043581354554,1
1790292600000,84435.26,84412.08,0.0022127164737559823,1.0,0.0025,ranging,0.11515179210211421,0.679389775100551,0.2054584327973348,1
1790293500000,84412.08,84410.24,0.002129717911002249,1.0,0.0025,low_liquidity,0.11204203145772679,0.6729254495138481,0.2150325190284252,1
1790294400000,84410.24,84657.87,0.0004980044973963427,1.0,0.0025,ranging,0.10959923003763626,0.6826185339932491,0.20778223596911458,1
1790295300000,84657.86,84673.41,-0.0015736935597610024,1.0,0.0025,ranging,0.11120627215168545,0.6717907624832725,0.21700296536504202,1
1790296200000,84673.41,84598.86,-0.0014086478233866773,1.0,0.0025,ranging,0.11528865251384708,0.6669576814583947,0.21775366602775814,1
1790297100000,84598.87,84590.01,0.0002449461821791843,1.0,0.0025,ranging,0.11087833451308597,0.6798788180301608,0.20924284745675312,1
1790298000000,84590.01,84700.03,0.0016706015334351232,1.0,0.0025,ranging,0.1112653670131097,0.6795180115421889,0.20921662144470143,1
1790298900000,84700.02,84540.16,0.0017961877526608827,1.0,0.0025,ranging,0.10865315260544518,0.6771056658806202,0.21424118151393468,1
1790299800000,84540.16,84479.69,6.356557416342667e-05,1.0,0.0025,ranging,0.10993715154156122,0.6761162098819592,0.21394663857647964,1
1790300700000,84479.69,84610.73,-0.004545168207389261,0.0,0.0025,ranging,0.11420568530788631,0.6766649017251847,0.209129412966929,1
1790301600000,84610.74,84841.53,-0.0069258534116488635,0.0,0.0025,ranging,0.11359265097269397,0.6739758341588149,0.2124315148684911,1
1790302500000,84841.54,84692.01,-0.006446889145741097,0.0,0.0025,ranging,0.11158942596293803,0.6603187990380172,0.22809177499904473,1
1790303400000,84692.0,84485.06,-0.0032178470370974877,0.0,0.0025,ranging,0.10808596253870927,0.6530535361066303,0.2388605013546604,1
1790304300000,84485.06,84226.16,5.9720162951748534e-05,1.0,0.0025,ranging,0.0989007806704457,0.6586608712383768,0.2424383480911776,1
1790305200000,84226.17,84253.93,-0.0021591871144763797,1.0,0.0025,ranging,0.09984564225457279,0.6656061440909037,0.23454821365452355,1
1790306100000,84253.94,84146.01,-0.00030922440648095684,1.0,0.0025,ranging,0.09936796586754172,0.6621864728984633,0.2384455612339949,1
1790307000000,84146.01,84213.2,0.000769475569150746,1.0,0.0025,ranging,0.1000008170168293,0.6610424850132661,0.2389566979699046,1
1790307900000,84213.19,84231.19,-0.00027519497231376366,1.0,0.0025,ranging,0.09946808200084929,0.6731232717190258,0.22740864628012505,1
1790308800000,84231.19,84072.01,0.001147111862794814,1.0,0.0025,ranging,0.09826536615146572,0.670491440716144,0.23124319313239025,1
1790309700000,84072.0,84119.99,0.0008325012877439253,1.0,0.0025,ranging,0.09862695885457193,0.6694095204492724,0.2319635206961556,1
1790310600000,84120.0,84278.0,-0.0002583117776882027,1.0,0.0025,ranging,0.09978852072464209,0.6796132086165241,0.2205982706588338,1
1790311500000,84278.0,84208.01,-0.00016625496790623195,1.0,0.0025,ranging,0.1000629608528895,0.6765170579656683,0.22341998118144224,1
1790312400000,84208.0,84168.45,-0.0005756313678105807,1.0,0.0025,low_liquidity,0.10075718702776601,0.6757524647544038,0.22349034821783023,1
1790313300000,84168.45,84190.02,-0.001033732976901569,1.0,0.0025,ranging,0.10203526996222959,0.6830334884596164,0.214931241578154,1
1790314200000,84190.02,84256.23,-0.0026665090522088875,0.0,0.0025,ranging,0.10032863962913818,0.6822231492048849,0.21744821116597682,1
1790315100000,84256.22,84194.01,-0.0018767368367416104,1.0,0.0025,low_liquidity,0.09884363974957931,0.7023226975413134,0.1988336627091074,1
1790316000000,84194.0,84120.0,-0.003556942463147972,0.0,0.0025,ranging,0.09891543153790358,0.6935071621384012,0.20757740632369512,1
1790316900000,84120.0,84102.99,-0.0006776215685079245,1.0,0.0025,ranging,0.10284616152454618,0.6885468227826984,0.2086070156927555,1
1790317800000,84102.98,84031.56,-0.0013849558427809772,1.0,0.0025,ranging,0.10167390337097217,0.6900290882858328,0.20829700834319514,1
1790318700000,84031.55,84036.0,9.472130991494687e-05,1.0,0.0025,ranging,0.10349033218727857,0.695287428711107,0.2012222391016144,1
1790319600000,84036.01,83820.79,0.0035905173406263202,2.0,0.0025,ranging,0.10147142762607889,0.680544878191777,0.21798369418214403,1
1790320500000,83820.79,84046.0,0.0045927230326250346,2.0,0.0025,ranging,0.10314295843763875,0.6907040805715374,0.20615296099082392,1
1790321400000,84046.0,83915.18,0.004853829783836527,2.0,0.0025,ranging,0.10489854725446965,0.6805786111379972,0.21452284160753307,1
1790322300000,83915.18,84043.96,0.0044393434102818485,2.0,0.0025,ranging,0.10585161126707937,0.6738448010677948,0.2203035876651258,1
1790323200000,84043.96,84121.75,0.005647409855358498,2.0,0.0025,ranging,0.1052347019635406,0.6798886320307406,0.21487666600571884,1
1790324100000,84121.75,84432.0,0.004524469395489783,2.0,0.0025,ranging,0.10376206715767303,0.6838656144589474,0.21237231838337953,1
1790325000000,84432.0,84322.49,0.003655133998059057,2.0,0.0025,ranging,0.10155063925867129,0.6803316979228168,0.21811766281851203,1
1790325900000,84322.49,84417.06,0.0018118375598485947,1.0,0.0025,ranging,0.09950386512893113,0.6989479014046484,0.20154823346642056,1
1790326800000,84417.05,84596.82,-0.0011916523576183113,1.0,0.0025,ranging,0.10127826927461732,0.6946377757854096,0.20408395493997308,1
1790327700000,84596.81,84814.01,-0.0010074986432075939,1.0,0.0025,ranging,0.10719309478177448,0.6860512048856391,0.2067557003325863,1
1790328600000,84814.01,84630.7,0.0018113994094342,1.0,0.0025,ranging,0.10918399398484506,0.677379116960448,0.2134368890547071,1
1790329500000,84630.7,84570.01,0.001698592680786204,1.0,0.0025,ranging,0.1064456402523982,0.6850236036204241,0.20853075612717772,1
1790330400000,84570.02,84496.01,0.008591293245681086,2.0,0.0025,ranging,0.10344587758637938,0.6826574010166804,0.21389672139694021,1
1790331300000,84496.01,84728.56,0.00234194939699206,1.0,0.0025,ranging,0.10969623416249892,0.688719389325897,0.20158437651160396,1
1790332200000,84728.57,84784.0,-0.0007938997924136215,1.0,0.0025,ranging,0.11038860916278927,0.6851043978062743,0.20450699303093645,1
1790333100000,84784.0,84713.66,-0.00154662187892729,1.0,0.0025,ranging,0.10798828990111577,0.6771402896651182,0.21487142043376617,1
1790334000000,84713.67,85221.94,-0.010015378668920216,0.0,0.0025,ranging,0.11306897004063551,0.663447452799945,0.22348357715941952,1
1790334900000,85221.94,84926.99,-0.006135740828681291,0.0,0.0025,ranging,0.11915035534538976,0.6530672410705705,0.22778240358403973,1
1790335800000,84927.0,84716.69,-0.0033133966872407328,0.0,0.0025,ranging,0.11554528275947797,0.661928520640742,0.22252619659977985,1
1790336700000,84716.69,84582.64,-0.0013104343870089519,1.0,0.0025,ranging,0.09899910654010657,0.6690922597249289,0.2319086337349644,1
1790337600000,84582.64,84368.41,0.0010855959001716542,1.0,0.0025,ranging,0.09993888826047038,0.6563829894899084,0.2436781222496212,1
1790338500000,84368.42,84405.9,-0.0035741577306799277,0.0,0.0025,ranging,0.10344719322721588,0.6473351515390133,0.2492176552337707,1
1790339400000,84405.91,84435.99,-0.005045123530854623,0.0,0.0025,ranging,0.10239530023918078,0.6673750393367688,0.23022966042405044,1
1790340300000,84435.99,84471.8,-0.006488437561410931,0.0,0.0025,ranging,0.10412233294668095,0.665976223406684,0.22990144364663492,1
1790341200000,84471.79,84460.0,-0.010419014918304548,0.0,0.0025,ranging,0.10214365747395658,0.6640703708795476,0.23378597164649578,1
1790342100000,84460.01,84104.22,-0.005403533853592712,0.0,0.0025,ranging,0.09756736427168497,0.653179006676481,0.24925362905183404,1
1790343000000,84104.22,84010.0,-0.00387501487918096,0.0,0.0025,ranging,0.09834456302595077,0.6429987298165303,0.258656707157519,1
1790343900000,84010.01,83923.71,0.0010998083854967255,1.0,0.0025,ranging,0.09726819788361575,0.6497783694549892,0.2529534326613951,1
1790344800000,83923.71,83580.01,0.00504773808952641,2.0,0.00255112056632115,high_volatility,0.09710092604630996,0.6280255811385997,0.27487349281509027,1
1790345700000,83580.01,83649.76,0.0013951026279097611,1.0,0.002540093421988007,high_volatility,0.09461366803276583,0.658693947444029,0.24669238452320516,1
1790346600000,83650.01,83684.46,-0.0025107409428225536,0.0,0.002500179728410218,trending,0.09387361374531854,0.6692356220627791,0.23689076419190228,1
1790347500000,83684.46,84016.01,-0.0026185485361659433,0.0,0.0025501487124506912,high_volatility,0.10196148838731021,0.6616170439698116,0.2364214676428782,1
1790348400000,84016.01,84001.9,0.00010214054682089468,1.0,0.0025408431717851235,high_volatility,0.10439269424641945,0.65582389634505,0.23978340940853055,1
1790349300000,84001.9,83766.46,0.002453846085891609,1.0,0.0025061816442793964,trending,0.09877880574332817,0.6640820147561334,0.23713917950053856,1
1790350200000,83766.45,83474.35,0.005171169347230498,2.0,0.0025596806837390623,high_volatility,0.09490616634633293,0.6605391527082495,0.24455468094541755,1
1790351100000,83474.35,83796.01,-0.000641916005308496,1.0,0.002588861635258864,high_volatility,0.10119422197957767,0.6703766169697508,0.2284291610506714,1
1790352000000,83796.01,84010.48,-0.0006017106437197217,1.0,0.002541476782078675,trending,0.10521334298492394,0.6710261018798729,0.22376055513520318,1
1790352900000,84010.48,83972.01,-0.0033007427117678345,0.0,0.0025,trending,0.10547917758913579,0.6664270001638201,0.22809382224704408,1
1790353800000,83972.01,83906.01,-0.0012193405454508088,1.0,0.0025,trending,0.10689375427249274,0.6658262361555299,0.22728000957197728,1
1790354700000,83906.01,83742.22,0.0005121669810044249,1.0,0.0025,trending,0.0989764752727155,0.6758150580104673,0.22520846671681732,1
1790355600000,83742.23,83959.93,0.00046248251993552536,1.0,0.0025,trending,0.10878301682442727,0.6718175754353773,0.21939940774019545,1
1790356500000,83959.92,83694.84,0.0031442798624143897,2.0,0.0025,trending,0.0996901167115182,0.665155622257064,0.23515426103141776,1
1790357400000,83694.84,83803.7,0.0021101693600640292,1.0,0.0025,trending,0.10542059768850645,0.6682972046063405,0.22628219770515315,1
1790358300000,83803.7,83785.11,0.0021828460928201565,1.0,0.0025,trending,0.11108300572780178,0.6802983238623488,0.20861867040984944,1
1790359200000,83785.11,83998.76,0.0006096518567655362,1.0,0.0025,trending,0.11568476913939613,0.6803175471943093,0.20399768366629473,1
1790360100000,83998.76,83958.0,0.0005871983610852283,1.0,0.0025,trending,0.10884037932755038,0.6961097180408203,0.19504990263162925,1
1790361000000,83958.01,83980.54,7.061159644861092e-05,1.0,0.0025,ranging,0.10902400136789699,0.7001044071203952,0.19087159151170768,1
1790361900000,83980.54,83968.0,0.0006194026295731625,1.0,0.0025,low_liquidity,0.10578874808591275,0.7026353264341184,0.19157592547996888,1
1790362800000,83968.01,84049.97,-0.0008980372033445816,1.0,0.0025,ranging,0.10450597305248423,0.7042088929592621,0.19128513398825367,1
1790363700000,84049.97,84007.3,0.000685892773604202,1.0,0.0025,low_liquidity,0.10221939030933233,0.7054666329269531,0.19231397676371448,1
1790364600000,84007.29,83986.47,0.0016138313706957064,1.0,0.0025,ranging,0.10116641477429518,0.7064491938730119,0.192384391352693,1
1790365500000,83986.47,84020.01,-0.0015949771965034776,1.0,0.0025,ranging,0.10251488272791788,0.7007791574095423,0.1967059598625398,1
1790366400000,84020.01,83974.49,-0.0033105291857086216,0.0,0.0025,low_liquidity,0.09856788621511674,0.6994757507402047,0.20195636304467857,1
1790367300000,83974.49,84064.92,-0.0034644653203739217,0.0,0.0025,ranging,0.098729516198317,0.7054536676132535,0.19581681618842944,1
1790368200000,84064.91,84122.01,-0.0036543349356487065,0.0,0.0025,ranging,0.09691392684972365,0.7136495246759033,0.18943654847437308,1
1790369100000,84122.01,83886.0,-0.0011205683904346175,1.0,0.0025,ranging,0.0967589156246287,0.698444825002441,0.2047962593729304,1
1790370000000,83886.01,83696.49,0.0028370365352239357,2.0,0.0025,ranging,0.09707356304828227,0.6776107373412886,0.22531569961042905,1
1790370900000,83696.49,83773.68,0.0015794937025568334,1.0,0.0025,ranging,0.10061050012019526,0.7010919098523207,0.19829759002748398,1
1790371800000,83773.69,83814.6,0.003162814115917678,2.0,0.0025,low_liquidity,0.10421863800096968,0.7006443358118641,0.19513702618716616,1
1790372700000,83814.6,83792.0,0.0034734819553179364,2.0,0.0025,ranging,0.10115768450526359,0.7022911253256071,0.19655119016912914,1
1790373600000,83792.0,83933.94,0.0015011805712921156,1.0,0.0025,low_liquidity,0.10413867753716434,0.7051104773192187,0.19075084514361684,1
1790374500000,83933.94,83906.0,0.0022768335995040356,1.0,0.0025,ranging,0.11063232726901588,0.693235417892465,0.1961322548385191,1
1790375400000,83906.0,84079.69,3.6869783892612418e-06,1.0,0.0025,ranging,0.10884502405779027,0.6960255011707617,0.19512947477144804,1
1790376300000,84079.69,84083.05,0.00020146747769023143,1.0,0.0025,ranging,0.11157788400564339,0.6883295476565704,0.20009256833778638,1
1790377200000,84083.05,84059.94,0.00016785641293592946,1.0,0.0025,ranging,0.10817951514399043,0.6957971648760116,0.19602331997999795,1
1790378100000,84059.93,84097.04,-0.0017435809869168484,1.0,0.0025,ranging,0.11257624780850403,0.6839014904422807,0.2035222617492153,1
1790379000000,84097.05,84080.0,-0.0023620361560419134,1.0,0.0025,ranging,0.10405065413953124,0.6947639788308426,0.20118536702962614,1
1790379900000,84080.0,84099.99,-0.0022589776764541103,1.0,0.0025,ranging,0.09827916608799366,0.697401936697593,0.20431889721441343,1
1790380800000,84100.0,84074.05,-0.0016690048831953241,1.0,0.0025,ranging,0.09759217096471907,0.7053185828447416,0.19708924619053933,1
1790381700000,84074.04,83950.41,-6.694428294051757e-05,1.0,0.0025,ranging,0.09620445286863223,0.6875576395102865,0.21623790762108122,1
1790382600000,83950.41,83881.4,0.0019070974018078335,1.0,0.0025,ranging,0.09908490635825884,0.6770489019818875,0.2238661916598538,1
1790383500000,83881.41,83910.01,0.001986056252406776,1.0,0.0025,low_liquidity,0.09616042041303073,0.7002341262765149,0.2036054533104545,1
1790384400000,83910.01,83933.73,0.0024099965532331513,1.0,0.0025,ranging,0.09682593942384816,0.6998500727014196,0.2033239878747322,1
1790385300000,83933.72,83944.79,0.0010123320339476827,1.0,0.0025,ranging,0.09635430455909448,0.6959390626815292,0.20770663275937637,1
1790386200000,83944.79,84041.37,-0.0003732685461933505,1.0,0.0025,ranging,0.09580601820552169,0.6938677263727357,0.2103262554217425,1
1790387100000,84041.37,84076.66,-0.000792847860512147,1.0,0.0025,low_liquidity,0.09447015768633858,0.7175181940567072,0.1880116482569541,1
1790388000000,84076.67,84136.01,-0.002282019316104944,1.0,0.0025,ranging,0.09686509644911193,0.7044009279133931,0.19873397563749481,1
1790388900000,84136.02,84029.77,-3.189345871124072e-05,1.0,0.0025,ranging,0.09424359652771115,0.6985960840111162,0.20716031946117267,1
1790389800000,84029.78,84010.0,-0.0006989644089989699,1.0,0.0025,ranging,0.09480916966879209,0.7090996658392421,0.19609116449196587,1
1790390700000,84009.99,84010.0,-0.0008451374836329073,1.0,0.0025,ranging,0.09092421223024076,0.7184554958228323,0.19062029194692695,1
1790391600000,84010.0,83944.01,0.0004964023043454446,1.0,0.0025,ranging,0.09543303535919685,0.6998868678313744,0.2046800968094288,1
1790392500000,83944.01,84027.09,-0.0015787765588455294,1.0,0.0025,ranging,0.09517275387007985,0.7093775791926966,0.19544966693722365,1
1790393400000,84027.09,83951.28,0.0003806969947333094,1.0,0.0025,ranging,0.0983531784746443,0.6959590241769421,0.20568779734841364,1
1790394300000,83951.28,83939.0,0.00044079629254567543,1.0,0.0025,ranging,0.09791653338516303,0.7183334052868352,0.18375006132800176,1
1790395200000,83939.01,83985.68,-0.00021086928152502793,1.0,0.0025,ranging,0.10009614229697796,0.709383017355778,0.19052084034724406,1
1790396100000,83985.68,83894.43,0.00044186485324471114,1.0,0.0025,ranging,0.10055238833984781,0.7059484199496708,0.19349919171048147,1
1790397000000,83894.44,83983.24,-0.00027660280789365554,1.0,0.0025,ranging,0.1002246037841966,0.7056824051335706,0.19409299108223277,1
1790397900000,83983.24,83976.0,-0.0006705487282080425,1.0,0.0025,ranging,0.09616608623450291,0.7220075540150984,0.1818263597503986,1
1790398800000,83976.01,83967.97,-0.0008906967740199834,1.0,0.0025,ranging,0.1022125496386738,0.7070831143643814,0.19070433599694486,1
1790399700000,83967.96,83931.5,5.3615150449992655e-05,1.0,0.0025,ranging,0.09787632617699009,0.7109720509659954,0.1911516228570144,1
1790400600000,83931.5,83960.01,-0.000559909414017401,1.0,0.0025,ranging,0.0943862909501278,0.7202679328180296,0.18534577623184273,1
1790401500000,83960.0,83919.69,-0.00033925292145386976,1.0,0.0025,ranging,0.09495634444093734,0.715925831810937,0.1891178237481257,1
1790402400000,83919.69,83893.18,0.001396299436974724,1.0,0.0025,ranging,0.09326898696233979,0.7259093992828908,0.18082161375476946,1
1790403300000,83893.19,83936.0,0.0009296368661837473,1.0,0.0025,ranging,0.09481525115527967,0.7218282565733368,0.1833564922713834,1
1790404200000,83935.99,83913.0,0.0014897572485788046,1.0,0.0025,ranging,0.09332026734972003,0.7237871308024204,0.18289260184785958,1
1790405100000,83913.0,83891.22,0.0026889583915932214,2.0,0.0025,ranging,0.08929945085651522,0.7300417574940686,0.18065879164941623,1
1790406000000,83891.23,84010.32,0.0008303741730777414,1.0,0.0025,ranging,0.09105062765246315,0.7250591512133638,0.18389022113417303,1
1790406900000,84010.32,84014.03,0.001032446604454007,1.0,0.0025,ranging,0.08960937158464294,0.7358516285269349,0.17453899988842222,1
1790407800000,84014.04,84038.01,0.003035412190269815,2.0,0.0025,ranging,0.09089960228859666,0.7279387547198943,0.18116164299150894,1
1790408700000,84038.01,84116.8,0.00122698438361879,1.0,0.0025,ranging,0.10365089680094224,0.6958775703658687,0.20047153283318905,1
1790409600000,84116.79,84080.08,-0.0007277585844353007,1.0,0.0025,ranging,0.10016038976087989,0.6945174077679043,0.20532220247121585,1
1790410500000,84080.08,84100.77,-0.000827459724804025,1.0,0.0025,ranging,0.09527344946628057,0.7000766479845123,0.20464990254920698,1
1790411400000,84100.77,84293.1,-0.003251867590585711,0.0,0.0025,ranging,0.09911153684918576,0.7035362810524373,0.19735218209837702,1
1790412300000,84293.1,84220.01,-0.0023516976547497404,1.0,0.0025,ranging,0.10568409119331729,0.701328894155843,0.19298701465083967,1
1790413200000,84220.01,84018.89,0.001123556857273389,1.0,0.0025,ranging,0.10696958883336483,0.6873268006769273,0.20570361048970795,1
1790414100000,84018.89,84031.18,0.0013372417238459722,1.0,0.0025,ranging,0.09352972397092496,0.6950265445942982,0.21144373143477682,1
1790415000000,84031.18,84018.99,0.0015354862037735284,1.0,0.0025,ranging,0.09295694699394512,0.7034606027623174,0.20358245024373756,1
1790415900000,84019.0,84021.95,0.0018801039490277116,1.0,0.0025,ranging,0.09302217391823137,0.726683696490616,0.1802941295911525,1
1790416800000,84021.96,84113.29,0.0006962038935822701,1.0,0.0025,ranging,0.09325621071596081,0.7182773928029716,0.18846639648106753,1
1790417700000,84113.3,84143.55,0.00023531215405103723,1.0,0.0025,ranging,0.10159948545702863,0.7131075151055966,0.1852929994373748,1
1790418600000,84143.55,84148.0,0.0003333412558825799,1.0,0.0025,ranging,0.09979141158182611,0.7161667257791792,0.1840418626389947,1
1790419500000,84148.01,84179.92,-4.6566924748803196e-05,1.0,0.0025,ranging,0.09946864965894309,0.7090957651435568,0.19143558519750015,1
1790420400000,84179.92,84171.85,-0.0002595879738892526,1.0,0.0025,ranging,0.10495696759391666,0.6876163155411734,0.20742671686490993,1
1790421300000,84171.85,84163.35,-0.000709216066138052,1.0,0.0025,low_liquidity,0.10447980541040916,0.695238850509433,0.20028134408015788,1
1790422200000,84163.36,84176.05,-0.0014973380195436592,1.0,0.0025,ranging,0.1068087697579196,0.6915816554778889,0.20160957476419167,1
1790423100000,84176.05,84176.0,-0.0014742919597034998,1.0,0.0025,ranging,0.10414220704467779,0.7111538248261946,0.18470396812912768,1
1790424000000,84176.0,84150.0,-0.0016873440285205543,1.0,0.0025,ranging,0.114052825534421,0.6926515734155269,0.19329560105005208,1
1790424900000,84150.0,84103.66,-0.00204105267238075,1.0,0.0025,ranging,0.11036879164062258,0.6954259219141936,0.19420528644518373,1
1790425800000,84103.65,84050.01,-0.001400951647715476,1.0,0.0025,low_liquidity,0.10910031008230157,0.6975526382871023,0.19334705163059607,1
1790426700000,84050.0,84051.9,-0.0013420279612952335,1.0,0.0025,ranging,0.09467090125602504,0.7282800943494484,0.17704900439452664,1
1790427600000,84051.89,84008.01,-0.0005713740868281691,1.0,0.0025,ranging,0.10196536178785819,0.7120239635446594,0.18601067466748242,1
1790428500000,84008.0,83932.0,0.0005718915312395989,1.0,0.0025,ranging,0.09965125319779707,0.7061220100122674,0.1942267367899355,1
1790429400000,83932.0,83932.26,0.001065621252186011,1.0,0.0025,ranging,0.10645671804584086,0.6997369442483092,0.19380633770584987,1
1790430300000,83932.26,83939.1,0.0009637939887370273,1.0,0.0025,ranging,0.09639816203429527,0.7164433014631817,0.18715853650252295,1
1790431200000,83939.11,83960.01,0.0007147450315931891,1.0,0.0025,ranging,0.09167611016326713,0.7285986454121317,0.17972524442460133,1
1790432100000,83960.01,83980.0,0.0009346272922123866,1.0,0.0025,low_liquidity,0.09130481889804197,0.7377093988746224,0.17098578222733576,1
1790433000000,83980.01,84021.7,0.0013457237832608104,1.0,0.0025,ranging,0.09310480226201145,0.7306196112738595,0.17627558646412916,1
1790433900000,84021.69,84020.0,0.0016185432039990122,1.0,0.0025,ranging,0.09009618349008311,0.7357504128801143,0.17415340362980258,1
1790434800000,84020.01,84020.02,0.001377409812566066,1.0,0.0025,ranging,0.09147196291679827,0.7353150980686916,0.17321293901451007,1
1790435700000,84020.02,84058.49,0.0006391977776425417,1.0,0.0025,ranging,0.09035437472648204,0.7365702251372096,0.17307540013630837,1
1790436600000,84058.5,84134.77,0.00020859390237837339,1.0,0.0025,ranging,0.09396733364152271,0.7145510743816317,0.19148159197684564,1
1790437500000,84134.77,84155.99,-0.00042765820947510136,1.0,0.0025,ranging,0.09149619107237005,0.7070845503999719,0.20141925852765818,1
1790438400000,84156.0,84135.75,-0.0005677729146053023,1.0,0.0025,ranging,0.09037559125791522,0.7122614395817678,0.19736296916031693,1
1790439300000,84135.75,84112.22,-0.0004930318091711516,1.0,0.0025,ranging,0.09213025022244957,0.7188274533290191,0.18904229644853127,1
1790440200000,84112.22,84152.32,-0.0006012906120711481,1.0,0.0025,low_liquidity,0.09397669305031059,0.71886226497438,0.18716104197530944,1
1790441100000,84152.32,84120.0,0.00014740846409888597,1.0,0.0025,ranging,0.09266089762090499,0.7247134238132482,0.18262567856584688,1
1790442000000,84120.0,84087.98,0.00015019982641995,1.0,0.0025,ranging,0.09242349149328004,0.7254065785767825,0.18216992992993752,1
1790442900000,84087.97,84070.75,-1.7604220254874292e-05,1.0,0.0025,ranging,0.0898992109961096,0.7255504243575828,0.1845503646463075,1
1790443800000,84070.74,84101.72,-0.00113743214764217,1.0,0.0025,ranging,0.08975091932095741,0.7228432863812616,0.18740579429778112,1
1790444700000,84101.73,84132.4,-0.0015893995654469029,1.0,0.0025,ranging,0.09052627528260652,0.7234422082523281,0.1860315164650654,1
1790445600000,84132.4,84100.61,-0.0009234177968507895,1.0,0.0025,ranging,0.09076592672437954,0.722345296954757,0.18688877632086348,1
1790446500000,84100.61,84069.27,-0.00035970337318269596,1.0,0.0025,ranging,0.09018771801600202,0.723920658612319,0.18589162337167892,1
1790447400000,84069.26,84006.06,0.00012760984148041388,1.0,0.0025,ranging,0.09125149392065703,0.7223191126772156,0.1864293934021273,1
1790448300000,84006.06,83998.68,0.000213693834236528,1.0,0.0025,ranging,0.08741187807189692,0.7257875216548872,0.1868006002732157,1
1790449200000,83998.68,84022.95,-5.879346059622925e-05,1.0,0.0025,ranging,0.08773836730639417,0.7263649120644716,0.1858967206291341,1
1790450100000,84022.94,84039.03,0.0005213053982178195,1.0,0.0025,ranging,0.08869921982100204,0.7284264812392637,0.18287429893973434,1
1790451000000,84039.03,84016.78,-0.001508865252869751,1.0,0.0025,ranging,0.09089907096834085,0.7236516621165064,0.18544926691515287,1
1790451900000,84016.79,84016.63,0.00016318197956755043,1.0,0.0025,ranging,0.09241099358906689,0.7285358264357956,0.1790531799751375,1
1790452800000,84016.63,84018.01,0.001190816111926507,1.0,0.0025,low_liquidity,0.09497702206732413,0.7201071478189135,0.18491583011376236,1
1790453700000,84018.0,84082.84,0.0016427846633153553,1.0,0.0025,low_liquidity,0.0980028084998691,0.7123511371375467,0.18964605436258422,1
1790454600000,84082.83,83890.01,0.0032659431081247803,2.0,0.0025,ranging,0.10366071473168423,0.6837003643400674,0.21263892092824838,1
1790455500000,83890.01,84030.34,0.0015281385271082026,1.0,0.0025,ranging,0.09761148764242214,0.7031166909101022,0.19927182144747568,1
1790456400000,84030.35,84118.06,0.002700965761692542,2.0,0.0025,low_liquidity,0.09365734238850973,0.7123512802144408,0.19399137739704958,1
1790457300000,84118.05,84220.97,0.001698270632598975,1.0,0.0025,ranging,0.10345216918781042,0.6971364554046934,0.1994113754074962,1
1790458200000,84220.98,84163.99,0.001320279611268349,1.0,0.0025,ranging,0.09999386355350369,0.6930383877897605,0.20696774865673584,1
1790459100000,84164.0,84158.75,0.0013933191735855388,1.0,0.0025,ranging,0.09613406732481164,0.688218002085826,0.2156479305893624,1
1790460000000,84158.74,84345.26,0.00013812275876579072,1.0,0.0025,ranging,0.09917885721451711,0.70073847657312,0.20008266621236293,1
1790460900000,84345.26,84364.0,0.00024572092361663245,1.0,0.0025,ranging,0.09970126084222349,0.7035158704515181,0.19678286870625838,1
1790461800000,84363.99,84275.11,0.0008861453874102754,1.0,0.0025,ranging,0.0984930433284344,0.7039627824922327,0.19754417417933298,1
1790462700000,84275.11,84276.01,0.0018639942731035752,1.0,0.0025,ranging,0.09800292443702281,0.7016818324283899,0.2003152431345873,1
1790463600000,84276.01,84356.91,-0.00033832438860081915,1.0,0.0025,ranging,0.09907287798989851,0.7051658863266109,0.19576123568349063,1
1790464500000,84356.92,84384.73,-0.0014068896114262097,1.0,0.0025,ranging,0.10152622870926711,0.6958374426584077,0.20263632863232514,1
1790465400000,84384.73,84349.79,8.417329788290573e-06,1.0,0.0025,ranging,0.10143417636047283,0.6923388357631435,0.2062269878763836,1
1790466300000,84349.78,84433.1,-0.0015052153716967887,1.0,0.0025,trending,0.09575583800666829,0.6943039972052111,0.2099401647881206,1
1790467200000,84433.11,84328.37,0.000754431752920226,1.0,0.0025,trending,0.09420373131250623,0.6910427393718126,0.21475352931568112,1
1790468100000,84328.37,84266.01,0.0007949824608997069,1.0,0.0025,trending,0.0991926750878076,0.6967381347982089,0.20406919011398342,1
1790469000000,84266.0,84350.5,0.0005985738080984682,1.0,0.0025,trending,0.0980789427279159,0.699705573020215,0.2022154842518692,1
1790469900000,84350.5,84306.01,0.0022418330555555865,1.0,0.0025,low_liquidity,0.09834885833615352,0.7128124547461899,0.1888386869176565,1
1790470800000,84306.01,84391.99,0.001256280364996698,1.0,0.0025,low_liquidity,0.08796152214935535,0.7907542015927669,0.12128427625787777,2
1790471700000,84391.98,84333.0,0.0021700876288048843,1.0,0.0025,trending,0.08569656332187323,0.7697466596951621,0.14455677698296462,2
1790472600000,84332.99,84400.99,0.0009342307477671064,1.0,0.0025,trending,0.08240516420543646,0.7997535652349519,0.11784127055961154,2
1790473500000,84401.0,84495.01,-0.0005326941792183071,1.0,0.0025,trending,0.09830858939286824,0.7321930390061838,0.1694983716009479,2
1790474400000,84495.01,84498.01,-0.00010887830376116181,1.0,0.0025,trending,0.10457212173057767,0.7145097372163488,0.18091814105307344,2
1790475300000,84498.01,84516.01,-0.0015194754224672202,1.0,0.0025,trending,0.09498706134649101,0.7312587846534412,0.1737541540000678,2
1790476200000,84516.01,84479.84,-0.0009011617446244014,1.0,0.0025,trending,0.09602742154532935,0.7225914189760636,0.18138115947860717,2
1790477100000,84479.84,84450.0,-0.000566607460035562,1.0,0.0025,trending,0.0814582615712467,0.7828927758353494,0.13564896259340387,2
1790478000000,84450.01,84488.81,1.4084705418415666e-05,1.0,0.0025,trending,0.08995569919441969,0.7560966682690426,0.15394763253653768,2
1790478900000,84488.82,84387.59,0.0004551617127590557,1.0,0.0025,trending,0.09156399672410391,0.7388036397574124,0.16963236351848368,2
1790479800000,84387.6,84403.71,-0.0010465179788897716,1.0,0.0025,trending,0.08525452696038284,0.7680026338444204,0.1467428391951969,2
1790480700000,84403.7,84402.15,-0.0008595752596348705,1.0,0.0025,trending,0.14302176124410906,0.7102515554438013,0.14672668331208977,2
1790481600000,84402.15,84490.0,-0.00116534501124399,1.0,0.0025,trending,0.1294415242423786,0.7088437837454293,0.16171469201219205,2
1790482500000,84490.01,84426.0,-0.0003214649515551615,1.0,0.0025,trending,0.1538145301650413,0.6914081757602225,0.15477729407473617,2
1790483400000,84426.0,84315.38,0.002758927256213406,2.0,0.0025,trending,0.11606940704455185,0.7225753705976701,0.16135522235777822,2
1790484300000,84315.39,84329.6,0.0017604731909079963,1.0,0.0025,trending,0.13050152154255112,0.7261856675037722,0.14331281095367665,2
1790485200000,84329.61,84391.54,0.00254053901611484,2.0,0.0025,trending,0.14017890467776772,0.7161756113180442,0.14364548400418797,2
1790486100000,84391.55,84398.86,0.0023738472296901403,1.0,0.0025,low_liquidity,0.10267683622240406,0.7850092085650342,0.11231395521256174,2
1790487000000,84398.86,84548.0,-0.00023016511330853362,1.0,0.0025,trending,0.12612053899861728,0.7211638238732127,0.15271563712816996,2
1790487900000,84548.01,84478.06,0.00039809152814362925,1.0,0.0025,trending,0.10550361760092085,0.702684198049815,0.19181218434926406,2
1790488800000,84478.06,84605.94,-0.0007702768859964015,1.0,0.0025,trending,0.11074862213368905,0.7039592034399094,0.18529217442640167,2
1790489700000,84605.95,84599.21,-0.0007637187155766778,1.0,0.0025,trending,0.12190039866259808,0.6879951010464677,0.19010450029093426,2
1790490600000,84599.21,84528.54,0.0011531016624681811,1.0,0.0025,trending,0.12059019773893816,0.6960336575814927,0.18337614467956914,2
1790491500000,84528.54,84511.69,0.0033049865645806698,2.0,0.0025,trending,0.10234984065402195,0.7168406839111052,0.18080947543487272,2
1790492400000,84511.69,84540.77,0.003260202148620106,2.0,0.0025,trending,0.09365973238149258,0.752135113315743,0.1542051543027642,2
1790493300000,84540.78,84534.6,0.0032579559139096492,2.0,0.0025,trending,0.10384929242119643,0.7397223971962312,0.15642831038257218,2
1790494200000,84534.6,84626.01,0.00145333568249284,1.0,0.0025,trending,0.11406973201927302,0.7041939117768955,0.18173635620383158,2
1790495100000,84626.0,84791.0,0.00010614334068481668,1.0,0.0025,trending,0.11330418867543404,0.7062410430705311,0.18045476825403475,2
1790496000000,84790.99,84816.39,-0.0018674456670462192,1.0,0.0025,trending,0.1069449535689417,0.7096111211204862,0.183443925310572,2
1790496900000,84816.38,84810.01,-0.001290177892916189,1.0,0.0025,trending,0.09645250254173647,0.7100598000538048,0.1934876974044588,2
1790497800000,84810.01,84749.0,0.0006518071009689042,1.0,0.0025,trending,0.09841108774462824,0.7033223477844367,0.19826656447093496,2
1790498700000,84749.01,84800.0,0.0016982311320754562,1.0,0.0025,trending,0.10498344738595883,0.6947983522492913,0.2002182003647499,2
1790499600000,84800.0,84658.0,0.00442261806326627,2.0,0.0025,trending,0.11295499641705742,0.6663845290192496,0.22066047456369287,2
1790500500000,84658.0,84700.59,0.0027084817236811,2.0,0.0025,trending,0.11143587850814024,0.6925382196134957,0.19602590187836416,2
1790501400000,84700.59,84804.24,0.0006340484862548124,1.0,0.0025,trending,0.10544284278596137,0.6943055852657868,0.20025157194825194,2
1790502300000,84804.24,84944.01,-0.0007182378133548939,1.0,0.0025,trending,0.11212827175041688,0.6770343228201875,0.21083740542939566,2
1790503200000,84944.01,85032.41,-0.0014393335435276544,1.0,0.0025,trending,0.111762309702502,0.6822617394078291,0.20597595088966886,2
1790504100000,85032.4,84930.0,-0.00028788413987990147,1.0,0.0025,trending,0.1159794379824892,0.6651245125439753,0.2188960494735354,2
1790505000000,84930.01,84858.01,0.000640245982671539,1.0,0.0025,trending,0.11101064314606428,0.6800526370575616,0.20893671979637402,2
1790505900000,84858.0,84883.0,0.0001767138296242532,1.0,0.0025,trending,0.11439417277086637,0.7068354820198681,0.17877034520926552,2
1790506800000,84882.99,84910.02,0.0010930394316241987,1.0,0.0025,trending,0.11252148903025251,0.721173515751855,0.1663049952178925,2
1790507700000,84910.01,84905.55,0.0007603743218198566,1.0,0.0025,trending,0.11416016153519531,0.7033043927022148,0.18253544576258995,2
1790508600000,84905.55,84912.34,0.0009852513780683747,1.0,0.0025,trending,0.11002335342512475,0.7224599560460687,0.1675166905288064,2
1790509500000,84912.33,84898.0,-0.0011306508987255492,1.0,0.0025,trending,0.11238626566364257,0.736377661068881,0.1512360732674764,2
1790510400000,84898.0,85002.83,-0.004150920622289833,0.0,0.0025,trending,0.13380919547678963,0.7165864363654705,0.14960436815773992,2
1790511300000,85002.83,84970.11,-0.00029539799348277107,1.0,0.0025,trending,0.14555778068671127,0.6753881679220047,0.17905405139128408,2
1790512200000,84970.12,84996.0,-0.002318579697868195,1.0,0.0025,trending,0.13231802467399986,0.7068691989976382,0.16081277632836188,2
1790513100000,84996.01,84802.01,0.002693332386815017,2.0,0.0025,trending,0.11507488768844325,0.7057391790582824,0.17918593325327423,2
1790514000000,84802.01,84649.99,0.004096279278946069,2.0,0.0025,trending,0.11925770405647382,0.6990494227906925,0.18169287315283353,2
1790514900000,84649.99,84945.01,-0.002790158009281507,0.0,0.0025,trending,0.1602185223807999,0.6265929280403446,0.21318854957885555,2
1790515800000,84945.0,84798.93,-0.0007655756977121841,1.0,0.0025,trending,0.15669306339894262,0.6255755411654315,0.21773139543562586,2
1790516700000,84798.94,85030.41,-0.005790751802796201,0.0,0.0025,trending,0.16467031190801198,0.6241789666324603,0.21115072145952762,2
1790517600000,85030.41,84996.74,-0.0056757470933590515,0.0,0.0025,trending,0.14484589808433268,0.6321211599141209,0.22303294200154652,2
1790518500000,84996.74,84708.0,-0.000991641875619731,1.0,0.0025,trending,0.12413095908569749,0.5938795089669532,0.2819895319473493,2
1790519400000,84708.01,84734.01,-0.0035142913689556465,0.0,0.0025,trending,0.12311366053586706,0.590204822493735,0.28668151697039795,2
1790520300000,84734.0,84538.02,-0.0008830346393257082,1.0,0.0025,trending,0.12347893052465514,0.6148333799491035,0.26168768952624155,2
1790521200000,84538.01,84514.32,0.0005877110529908247,1.0,0.0025,trending,0.1531653646015215,0.6229305761027534,0.22390405929572524,2
1790522100000,84514.32,84624.0,-0.0005434628474192404,1.0,0.0025,trending,0.15745554019645694,0.6367366882042217,0.20580777159932126,2
1790523000000,84624.0,84436.23,-0.000523708839203274,1.0,0.0025,trending,0.15084378190275183,0.6186043081682465,0.2305519099290016,2
1790523900000,84436.23,84463.37,-0.00044244031465945355,1.0,0.0025,trending,0.16771965625436505,0.6385935948104953,0.19368674893513968,2
1790524800000,84463.38,84563.99,-0.0020574951584002577,1.0,0.0025,trending,0.15970103814011474,0.6282438642095745,0.21205509765031094,2
1790525700000,84563.99,84578.01,-0.001584454398962487,1.0,0.0025,ranging,0.17555261114109694,0.5978060230003639,0.22664136585853933,2
1790526600000,84578.0,84392.01,0.0010045974731494045,1.0,0.0025,ranging,0.16494512656400823,0.6082032264352938,0.22685164700069801,2
1790527500000,84392.01,84426.0,0.0017530144742141651,1.0,0.0025,ranging,0.1838595877310492,0.6318539625479169,0.18428644972103397,2
1790528400000,84426.0,84390.0,0.002541059367223708,2.0,0.0025,ranging,0.16328331741328392,0.616526125780285,0.22019055680643096,2
1790529300000,84390.0,84444.0,0.003505400028421146,2.0,0.0025,ranging,0.13528849039688126,0.6484619568439776,0.21624955275914123,2
1790530200000,84444.0,84476.79,0.0033289617183607234,2.0,0.0025,ranging,0.12760706294865803,0.6551654317177168,0.2172275053336252,2
1790531100000,84476.78,84574.0,0.0028953342634852053,2.0,0.0025,low_liquidity,0.12123718865955185,0.7348310875950552,0.1439317237453929,2
1790532000000,84574.0,84604.44,0.002263710982544298,1.0,0.0025,ranging,0.10661836894982976,0.7585430065029046,0.1348386245472656,2
1790532900000,84604.45,84740.01,-0.0004484304403551409,1.0,0.0025,ranging,0.11013228946903719,0.7429076422362194,0.14696006829474337,2
1790533800000,84740.01,84758.01,0.00015797916916637789,1.0,0.0025,ranging,0.11348434657857323,0.748836355974994,0.13767929744643273,2
1790534700000,84758.0,84818.87,-0.0009769052570495207,1.0,0.0025,ranging,0.11705682278195362,0.6984008739596413,0.1845423032584051,2
1790535600000,84818.87,84795.96,0.00020083503978263195,1.0,0.0025,ranging,0.10972068491150455,0.6922465548508183,0.19803276023767716,2
1790536500000,84795.95,84702.01,-0.0009475572067297877,1.0,0.0025,ranging,0.10228477595769751,0.6928073173600517,0.2049079066822508,2
1790537400000,84702.0,84771.4,-0.0015502870071745223,1.0,0.0025,ranging,0.1027012216203706,0.7256461812364138,0.1716525971432156,2
1790538300000,84771.41,84736.01,-0.002171567908378025,1.0,0.0025,ranging,0.0904076270402026,0.7048068011870311,0.20478557177276638,2
1790539200000,84736.02,84812.99,-0.0015443389037458344,1.0,0.0025,low_liquidity,0.10214464096138201,0.7349880502752799,0.16286730876333816,2
1790540100000,84813.0,84621.75,-0.00016827824997711627,1.0,0.0025,ranging,0.09977917076158672,0.6686854950036465,0.23153533423476674,2
1790541000000,84621.74,84639.98,-0.0010782138653623319,1.0,0.0025,ranging,0.09045477390805279,0.7294490820671713,0.1800961440247759,2
1790541900000,84639.98,84552.0,0.0016093055161321423,1.0,0.0025,ranging,0.0958672304268565,0.7215049548200221,0.18262781475312148,2
1790542800000,84552.01,84682.01,-0.004164875160615478,0.0,0.0025,ranging,0.09587860693576897,0.7483474188654254,0.15577397419880554,2
1790543700000,84682.01,84607.51,-0.0006129479522563042,1.0,0.0025,ranging,0.09363491908067317,0.7260000657443179,0.18036501517500905,2
1790544600000,84607.52,84548.72,-0.004309467961194469,0.0,0.0025,ranging,0.10064487945294662,0.6692083621900655,0.23014675835698784,2
1790545500000,84548.72,84688.07,-0.005819001424876014,0.0,0.0025,ranging,0.10307955611213027,0.6652569358094276,0.2316635080784422,2
1790546400000,84688.07,84329.32,-0.0012489131893866912,1.0,0.0025,ranging,0.12545849060647327,0.5892356975278813,0.2853058118656454,2
1790547300000,84329.32,84555.65,-0.0017461872742979834,1.0,0.0025,high_volatility,0.12628190331359176,0.5786577683336247,0.29506032835278356,2
1790548200000,84555.65,84184.36,0.0018562830435486788,1.0,0.0025,high_volatility,0.11139435627241187,0.5644636270301802,0.32414201669740805,2
1790549100000,84184.35,84195.27,0.003286764208963344,2.0,0.0025,high_volatility,0.11963662648943471,0.6518204129678828,0.22854296054268244,2
1790550000000,84195.27,84224.0,0.0024459773936169604,1.0,0.0025,high_volatility,0.11306035764565331,0.6589930723053823,0.22794657004896438,2
1790550900000,84224.0,84408.0,0.00455490000947778,2.0,0.0025,high_volatility,0.12218494888795661,0.6625792941031388,0.21523575700890457,2
1790551800000,84408.0,84340.63,-0.0004816184085891795,1.0,0.0025,high_volatility,0.11408108911450882,0.6674479496722281,0.21847096121326312,2
1790552700000,84340.63,84472.0,-0.003930296429586089,0.0,0.0025,high_volatility,0.14417200102070396,0.6165543943090942,0.23927360467020192,2
1790553600000,84472.01,84430.01,-0.00557124178950108,0.0,0.0025,high_volatility,0.1437836325477991,0.6074293271922938,0.24878704025990714,2
1790554500000,84430.01,84792.47,-0.00842610198759397,0.0,0.0025,high_volatility,0.19049414412849172,0.5178926638544875,0.29161319201702085,2
1790555400000,84792.48,84300.01,-0.0057482792706667896,0.0,0.0025,high_volatility,0.17862973179596725,0.49484270353516185,0.3265275646688709,2
1790556300000,84300.01,84140.0,-0.005295578797242739,0.0,0.0025,high_volatility,0.13017348561111788,0.5118401467593722,0.3579863676295099,2
1790557200000,84140.0,83959.63,-0.0025513452119787505,0.0,0.0025,high_volatility,0.11579685145503663,0.5088212701563103,0.3753818783886531,2
1790558100000,83959.63,84078.0,-0.005360855396179698,0.0,0.0025,high_volatility,0.1279660287488301,0.5416338374367846,0.33040013381438527,2
1790559000000,84078.0,83815.43,-0.003845711941106611,0.0,0.0025,high_volatility,0.11342814629216492,0.529681052293933,0.3568908014139021,2
1790559900000,83815.43,83694.43,-0.0032999806558212663,0.0,0.0025,high_volatility,0.11944761917368864,0.5433695857103982,0.33718279511591326,2
1790560800000,83694.42,83745.42,-0.003670767905874728,0.0,0.0025,high_volatility,0.11437015718731133,0.5286834685481792,0.3569463742645096,2
1790561700000,83745.42,83627.27,-0.0035545821357078067,0.0,0.0025,high_volatility,0.1233835653072599,0.5690510435192243,0.30756539117351583,2
1790562600000,83627.27,83493.1,-0.0005758559689363896,1.0,0.0025,high_volatility,0.11468402565378903,0.5565819045395649,0.328734069806646,2
1790563500000,83493.09,83418.24,-0.0009547072678589563,1.0,0.0025,high_volatility,0.11957463570439232,0.577840532720206,0.3025848315754017,2
1790564400000,83418.91,83438.01,-8.96473921178087e-05,1.0,0.0025,high_volatility,0.12004205966067445,0.5910540363878788,0.28890390395144677,2
1790565300000,83438.0,83330.01,0.0018547939691835325,1.0,0.0025,high_volatility,0.12831323454683627,0.5557459625666601,0.3159408028865036,2
1790566200000,83330.0,83445.02,0.0006589967861472257,1.0,0.0025,high_volatility,0.1258441515354526,0.5718400273787229,0.3023158210858247,2
1790567100000,83445.03,83338.6,0.001819205026242443,1.0,0.0025,high_volatility,0.12965103520594284,0.5575329352047455,0.3128160295893118,2
1790568000000,83338.6,83430.53,-0.0011404698016420634,1.0,0.0025,high_volatility,0.14498681369423697,0.5832553487903561,0.27175783751540694,2
1790568900000,83430.52,83484.57,-0.005002002166388464,0.0,0.0025,high_volatility,0.14007563817516108,0.6022278144444072,0.25769654738043163,2
1790569800000,83484.58,83500.01,-0.004303592298970926,0.0,0.0025,high_volatility,0.13234997696824546,0.6173316883642028,0.2503183346675516,2
1790570700000,83500.0,83490.21,-0.003667495865683046,0.0,0.0025,high_volatility,0.16283618139165887,0.618591034865518,0.21857278374282305,2
1790571600000,83490.2,83335.38,-0.0010563340564355705,1.0,0.0025,high_volatility,0.15541669022739793,0.55108362924679,0.29349968052581193,2
1790572500000,83335.38,83066.98,-5.995161976513064e-05,1.0,0.0025,high_volatility,0.12787238588664518,0.5324657209934438,0.33966189311991096,2
1790573400000,83066.98,83140.66,0.0005567672905169019,1.0,0.0025,high_volatility,0.14521732867616963,0.4919609481602264,0.3628217231636039,2
1790574300000,83140.67,83184.01,-0.0002311742364908831,1.0,0.0025,high_volatility,0.14754914472733532,0.5154203316353888,0.3370305236372759,2
1790575200000,83184.0,83247.35,-0.001938199834589427,1.0,0.0025,high_volatility,0.15258300512665057,0.5784462993750354,0.268970695498314,2
1790576100000,83247.34,83062.0,-0.0014445835640847227,1.0,0.0025,high_volatility,0.12945950885196938,0.4937317640634165,0.3768087270846141,2
1790577000000,83062.0,83186.95,-0.0029119952107871105,0.0,0.0025,trending,0.14518217221131083,0.5528857221932583,0.3019321055954309,2
1790577900000,83186.94,83164.78,-0.0023900742598008673,1.0,0.0025,trending,0.1641577252639327,0.5108369475751681,0.32500532716089925,2
1790578800000,83164.78,83086.0,-0.0005529210697350351,1.0,0.0025,trending,0.17936724897707623,0.4866245909217203,0.3340081601012036,2
1790579700000,83086.01,82942.01,-0.0011815484095454298,1.0,0.0025,trending,0.14487316503605102,0.5120173293882074,0.34310950557574166,2
1790580600000,82942.01,82944.71,-0.0002737968461159479,1.0,0.0025,trending,0.14821215652699882,0.5638950471522669,0.2878927963207343,2
1790581500000,82944.71,82966.01,-4.8333046267945434e-05,1.0,0.0025,trending,0.12872025975210882,0.5415366785912716,0.32974306165661954,2
1790582400000,82966.0,83040.06,-0.0019382211429037621,1.0,0.0025,trending,0.14087102234169374,0.6042309879500043,0.254897989708302,2
1790583300000,83040.06,82844.01,-0.0003138428475396582,1.0,0.0025,trending,0.12993966745221439,0.5796807877740615,0.29037954477372424,2
1790584200000,82844.01,82922.0,-0.0035694990472975308,0.0,0.0025,trending,0.12289302656857089,0.5677366435911405,0.3093703298402885,2
1790585100000,82922.0,82962.0,-0.003567778018852108,0.0,0.0025,trending,0.12801153059771664,0.5474663293033248,0.3245221400989584,2
1790586000000,82962.01,82879.11,-0.0014125392997101915,1.0,0.0025,trending,0.14282908116947188,0.4842599925827705,0.37291092624775773,2
1790586900000,82879.11,82818.01,-1.3040641763772953e-05,1.0,0.0025,trending,0.13300014637592594,0.490902325690655,0.3760975279334191,2
1790587800000,82818.0,82626.01,0.003921162355534413,2.0,0.0025,trending,0.1196216038810369,0.481767352539166,0.3986110435797971,2
1790588700000,82626.0,82666.01,0.003556358895270284,2.0,0.0025,trending,0.12170579937985584,0.5265478282303385,0.35174637238980566,2
1790589600000,82666.01,82762.04,0.0028028550287064746,2.0,0.0025,trending,0.12412648682114442,0.5696342153144263,0.30623929786442944,2
1790590500000,82762.03,82816.93,0.00246471343480148,1.0,0.0025,trending,0.11907760989753459,0.5946506991360375,0.2862716909664278,2
1790591400000,82816.94,82950.0,0.0014464135021097224,1.0,0.0025,trending,0.12972534243734396,0.5946967089024868,0.27557794866016927,2
1790592300000,82950.0,82960.0,0.0014770973963356138,1.0,0.0025,trending,0.14291301316740426,0.5722401190206552,0.2848468678119405,2
1790593200000,82960.01,82994.01,0.004697808914161383,2.0,0.0025,trending,0.13592946094558098,0.5768750055982863,0.2871955334561328,2
1790594100000,82994.01,83021.05,0.004199537346251336,2.0,0.0025,trending,0.1298727991558216,0.5776383940439916,0.2924888068001867,2
1790595000000,83021.05,83069.98,0.003261467018530695,2.0,0.0025,trending,0.1287216462344676,0.6032078989179933,0.26807045484753905,2
1790595900000,83069.98,83082.54,0.005984530564424384,2.0,0.0025,trending,0.11258392859407935,0.6353719959920536,0.2520440754138671,2
1790596800000,83082.53,83383.9,0.00026743771879234046,1.0,0.0025,trending,0.1689892303767866,0.5489377955870406,0.2820729740361728,2
1790597700000,83383.9,83369.7,0.0023722047698384596,1.0,0.0025,trending,0.14235891035327622,0.608234060779533,0.24940702886719074,2
1790598600000,83369.7,83340.91,0.004808082849107276,2.0,0.0025,trending,0.13639309468608912,0.6227085359041677,0.24089836940974302,2
1790599500000,83340.92,83579.75,0.0007446779871920217,1.0,0.0025,trending,0.17148218625830663,0.5548950513493708,0.2736227623923226,2
1790600400000,83579.75,83406.2,-5.455229946937923e-05,1.0,0.0025,trending,0.1400196961560155,0.5960769754354305,0.26390332840855396,2
1790601300000,83406.19,83567.47,-0.003870764545103489,0.0,0.0025,trending,0.15839282767159416,0.5720772024706325,0.2695299698577733,2
1790602200000,83567.48,83741.62,-0.009473067275268754,0.0,0.0025,trending,0.16615270712694075,0.5315416737111717,0.3023056191618877,2
1790603100000,83741.62,83641.99,-0.007436336701219126,0.0,0.0025,high_volatility,0.15141029816065713,0.5218356368885071,0.32675406495083587,2
1790604000000,83641.99,83401.65,-0.005333107918128688,0.0,0.0025,high_volatility,0.12614608568802074,0.5005771675476863,0.373276746764293,2
1790604900000,83401.65,83244.0,-0.002114266493681183,1.0,0.0025,high_volatility,0.11323832994902262,0.4575658407219816,0.4291958293289957,2
1790605800000,83244.0,82948.33,0.0031706485230023063,2.0,0.0025,high_volatility,0.11193526383284017,0.4446497945428538,0.44341494162430617,2
1790606700000,82948.33,83020.0,0.004215851602023646,2.0,0.0025,high_volatility,0.13245599927022594,0.4256786079382502,0.44186539279152387,2
1790607600000,83020.01,82956.86,0.005594112409751162,2.0,0.0025,high_volatility,0.12440758880996464,0.4748207534505662,0.4007716577394692,2
1790608500000,82956.87,83068.0,0.01136430394375676,2.0,0.0025,high_volatility,0.1603316121863304,0.44253195051225813,0.39713643730141146,2
1790609400000,83068.0,83211.33,0.006161060038338606,2.0,0.0025,high_volatility,0.15193857506834468,0.47329410525039545,0.37476731968125976,2
1790610300000,83211.33,83370.0,0.004235336451961169,2.0,0.0025,high_volatility,0.1761114580330305,0.5030445786446183,0.3208439633223513,2
1790611200000,83370.0,83420.93,0.009938273284654242,2.0,0.0025,high_volatility,0.1831715881939843,0.49347240647393964,0.3233560053320761,2
1790612100000,83420.92,84012.01,-0.0012736274254121493,1.0,0.0025,high_volatility,0.21782162788935058,0.49629965113750674,0.28587872097314265,2
1790613000000,84012.01,83724.0,0.0034755864507189926,2.0,0.0025,high_volatility,0.181553558933574,0.5470885214768842,0.27135791958954164,2
1790613900000,83724.0,83723.1,0.0018779763291134621,1.0,0.0025,high_volatility,0.17679576563319452,0.5819133778570065,0.24129085650979895,2
1790614800000,83723.1,84249.99,-0.0032978045457335847,0.0,0.002520985038708015,high_volatility,0.21312842053984593,0.5307108042875642,0.25616077517258984,2
1790615700000,84249.99,83905.01,0.00039747328556427597,1.0,0.002606594337978916,high_volatility,0.18362792423899435,0.5334952259235671,0.2828768498374385,2
1790616600000,83905.01,84014.99,-0.0017318338072764838,1.0,0.0025060053585359613,high_volatility,0.17877710423108367,0.6051966669889249,0.21602622877999134,2
1790617500000,84014.98,83880.33,0.0019177320833143607,1.0,0.0025,high_volatility,0.1433812516949215,0.6268705858644784,0.2297481624406,2
1790618400000,83880.34,83972.15,-0.002912394168780974,0.0,0.0025,high_volatility,0.1759499387859231,0.6291971159500818,0.19485294526399516,2
1790619300000,83972.15,83938.36,-0.0035783401057633,0.0,0.0025,high_volatility,0.16123767502436753,0.6399798500364607,0.1987824749391717,2
1790620200000,83938.35,83869.49,-0.006545407632739919,0.0,0.0025,high_volatility,0.159953722904611,0.6351180171404855,0.2049282599549034,2
1790621100000,83869.49,84041.19,-0.007753935897385711,0.0,0.0025,high_volatility,0.1936412130728048,0.5760983962145552,0.23026039071264,2
1790622000000,84041.19,83727.59,-0.0018758452261673497,1.0,0.0025,high_volatility,0.1390152520925974,0.6058822322681747,0.2551025156392278,2
1790622900000,83727.59,83638.0,-0.0017456180205169813,1.0,0.0025,high_volatility,0.14210302271933678,0.6409155918230425,0.21698138545762072,2
1790623800000,83638.01,83320.53,0.002154090954534116,1.0,0.0025,high_volatility,0.1343802607053817,0.5524181562379857,0.3132015830566326,2
1790624700000,83320.53,83389.54,0.0019002383272530565,1.0,0.0025,high_volatility,0.14735816032889698,0.6314131495309703,0.22122869014013274,2
1790625600000,83389.53,83570.53,0.0001851131014725116,1.0,0.0025,high_volatility,0.17307914590765505,0.6016161774926202,0.2253046765997248,2
1790626500000,83570.53,83492.0,-0.0002837397594979141,1.0,0.0025,low_liquidity,0.16569681886145757,0.6344054308957342,0.19989775024280826,2
1790627400000,83492.01,83500.01,-0.0008667064830291116,1.0,0.0025,low_liquidity,0.16270010891624523,0.6509716734368847,0.18632821764687024,2
1790628300000,83500.0,83548.0,-0.003949705558481398,0.0,0.0025,low_liquidity,0.15528173017737298,0.6610268865739036,0.18369138324872336,2
1790629200000,83548.01,83586.0,-0.004833584571579008,0.0,0.0025,low_liquidity,0.17768026290187552,0.6415222684843,0.18079746861382442,2
1790630100000,83586.01,83468.31,-0.0027832119758983698,0.0,0.0025,low_liquidity,0.13330395548749788,0.669127099060284,0.197568945452218,2
1790631000000,83468.32,83427.64,0.0007311725466523367,1.0,0.0025,low_liquidity,0.1328261673260446,0.6991491168534321,0.1680247158205233,2
1790631900000,83427.64,83218.01,0.003917421240906771,2.0,0.0025,ranging,0.11529751755741872,0.6286712546616503,0.256031227780931,2
1790632800000,83218.01,83181.98,0.003282201265226048,2.0,0.0025,ranging,0.12306954868700039,0.6197241859202424,0.25720626539275737,2
1790633700000,83181.98,83236.0,0.004252967466000346,2.0,0.0025,low_liquidity,0.12562191144574142,0.639291031565295,0.23508705698896346,2
1790634600000,83236.01,83488.64,0.001367970540662844,1.0,0.0025,low_liquidity,0.14755302532919265,0.6812305488334834,0.17121642583732385,2
1790635500000,83488.63,83544.01,-0.0005266685187842457,1.0,0.0025,ranging,0.1423148387266055,0.6974474135273366,0.16023774774605773,2
1790636400000,83544.01,83455.0,0.0008465640165358224,1.0,0.0025,ranging,0.13636169634077192,0.6611968928093989,0.2024414108498292,2
1790637300000,83455.01,83590.0,-0.0004900107668381892,1.0,0.0025,ranging,0.14094982594215041,0.6672715487525621,0.19177862530528744,2
1790638200000,83590.01,83602.85,-0.0008474591476248516,1.0,0.0025,low_liquidity,0.1347055176614086,0.7224633054633807,0.14283117687521069,2
1790639100000,83602.84,83500.01,-0.0037643109264297037,0.0,0.0025,ranging,0.1571897615094412,0.6686706746573263,0.1741395638332324,2
1790640000000,83500.01,83525.65,-0.0058656233145146786,0.0,0.0025,ranging,0.15875923535786293,0.6804690781499662,0.16077168649217097,2
1790640900000,83525.66,83549.04,-0.00863337268746589,0.0,0.0025,ranging,0.19040693192679153,0.6422319676149,0.16736110045830843,2
1790641800000,83549.05,83532.0,-0.006745319159124574,0.0,0.0025,ranging,0.18380421846103176,0.6352023024360662,0.18099347910290198,2
1790642700000,83532.0,83185.69,-0.001414786605725138,1.0,0.0025,ranging,0.14006889480965246,0.5754272855481807,0.28450381964216687,2
1790643600000,83185.69,83035.72,-0.00018811181501154906,1.0,0.0025,ranging,0.14381556093487158,0.5639409525641375,0.292243486500991,2
1790644500000,83035.72,82827.73,0.001785150939184188,1.0,0.0025,ranging,0.13816221807897108,0.5644939365238145,0.2973438453972144,2
1790645400000,82827.73,82968.55,0.0007924689535974139,1.0,0.0025,ranging,0.1679794573556889,0.5610950035337838,0.27092553911052725,2
1790646300000,82968.54,83068.0,-0.001211056002311417,1.0,0.0025,ranging,0.16619884508934046,0.5608199002255064,0.272981254685153,2
1790647200000,83068.01,83020.1,-0.0015016845318183147,1.0,0.0025,ranging,0.16384922365936191,0.5689406083950812,0.2672101679455569,2
1790648100000,83020.1,82975.59,0.0028251682211599682,2.0,0.0025,ranging,0.15551217676369325,0.6018614030742544,0.24262642016205233,2
1790649000000,82975.59,83034.3,0.0010699192984102712,1.0,0.0025,ranging,0.16421178890202984,0.6028452376867852,0.23294297341118503,2
1790649900000,83034.3,82967.4,0.0012365097616655607,1.0,0.0025,ranging,0.16449261273778346,0.6096437005128753,0.22586368674934124,2
1790650800000,82967.41,82895.43,0.00280582415701347,2.0,0.0025,ranging,0.1508963052408041,0.6310222333380349,0.21808146142116108,2
1790651700000,82895.43,83210.01,0.0001921643802229589,1.0,0.0025,ranging,0.16604965475058048,0.61779876308621,0.21615158216320957,2
1790652600000,83210.0,83123.14,0.0004895147127503829,1.0,0.0025,ranging,0.134413048827786,0.6648650091740963,0.20072194199811763,2
1790653500000,83123.14,83069.99,0.0017213195764196332,1.0,0.0025,ranging,0.14507347223400005,0.6595590852462344,0.1953674425197656,2
1790654400000,83070.0,83128.02,0.0015876716418843362,1.0,0.0025,ranging,0.13486485401217377,0.66148131418694,0.20365383180088625,2
1790655300000,83128.02,83226.0,0.0010815129887293828,1.0,0.0025,ranging,0.15272381522876352,0.6763713313781176,0.17090485339311895,2
1790656200000,83226.01,83163.83,0.0016134418051692023,1.0,0.0025,ranging,0.1412603371828424,0.6766621113551557,0.18207755146200197,2
1790657100000,83163.84,83212.98,0.002620264290499108,2.0,0.0025,ranging,0.1588012004863335,0.643220490258721,0.19797830925494558,2
1790658000000,83212.98,83260.0,0.007601369204900399,2.0,0.0025,ranging,0.138145255471033,0.689987347535041,0.17186739699392595,2
1790658900000,83260.0,83316.01,0.0067924520149247325,2.0,0.0025,ranging,0.1454295857695006,0.695432311068559,0.15913810316194046,2
1790659800000,83316.01,83298.01,0.007225862898765589,2.0,0.0025,ranging,0.15924921931650154,0.6674722550234313,0.1732785256600671,2
1790660700000,83298.01,83431.02,0.006904386402083906,2.0,0.0025,ranging,0.21877428935323048,0.6107491515617502,0.17047655908501924,2
1790661600000,83431.01,83892.89,0.00112655554004637,1.0,0.0025,ranging,0.25350389918514715,0.5518811871149331,0.19461491369991973,2
1790662500000,83892.88,83881.93,0.001362510376192061,1.0,0.0025,ranging,0.24648431210628935,0.5696074173150474,0.1839082705786633,2
1790663400000,83881.93,83899.91,0.0014032196220472581,1.0,0.0025,ranging,0.24022266274102297,0.5702454844237841,0.1895318528351928,2
1790664300000,83899.91,84007.06,-0.00031056913549876164,1.0,0.0025,ranging,0.23143403093779608,0.5914246099411306,0.17714135912107354,2
1790665200000,84007.07,83987.4,0.0006828405213163968,1.0,0.0025,ranging,0.20414274756454,0.6204056410534825,0.17545161138197754,2
1790666100000,83987.39,83996.22,0.0020323533606629862,1.0,0.0025,ranging,0.2017100323379824,0.6136152409448147,0.18467472671720292,2
1790667000000,83996.21,84017.64,-0.0019237626765046256,1.0,0.0025,ranging,0.20721260523099494,0.596295552496372,0.19649184227263314,2
1790667900000,84017.64,83980.97,-0.0012736218693354395,1.0,0.0025,ranging,0.17357203809572952,0.5934240306892663,0.2330039312150042,2
1790668800000,83980.97,84044.75,-0.00312631068567637,0.0,0.0025,ranging,0.18338982293954215,0.5817099120209271,0.23490026503953076,2
1790669700000,84044.76,84166.93,-0.0037708396872737637,0.0,0.0025,trending,0.2053261279981839,0.5753912641492642,0.21928260785255185,2
1790670600000,84166.93,83856.01,0.001717110079528128,1.0,0.0025,trending,0.16009874988004863,0.6035468805715424,0.23635436954840894,2
1790671500000,83856.01,83874.01,0.004578295469597871,2.0,0.0025,trending,0.1492604189991231,0.6376147822080424,0.2131247987928345,2
1790672400000,83874.01,83782.0,0.005090830966078652,2.0,0.0025,trending,0.13938819599814165,0.6044955584890807,0.2561162455127778,2
1790673300000,83782.01,83849.55,0.0035832034876752683,2.0,0.0025,trending,0.18477084269700536,0.561752870019851,0.25347628728314364,2
1790674200000,83849.54,84000.0,0.00021440476190459634,1.0,0.0025,trending,0.18223300940434922,0.5863139136752115,0.2314530769204393,2
1790675100000,84000.0,84258.01,-0.0027002773979588612,0.0,0.0025,trending,0.2380022894100501,0.5497096789151488,0.21228803167480112,2
1790676000000,84258.01,84208.52,-0.0021177192046600846,1.0,0.0025,trending,0.22162333717591476,0.5784660074591343,0.19991065536495076,2
1790676900000,84208.51,84150.0,-0.0009708853238264981,1.0,0.0025,trending,0.19167527938116746,0.5887220589260058,0.21960266169282663,2
1790677800000,84150.01,84018.01,0.0029099713263858185,2.0,0.0025,trending,0.1656810562862915,0.5833078259335652,0.25101111778014334,2
1790678700000,84018.0,84030.49,0.003897632871115997,2.0,0.0025,trending,0.16025525727503062,0.6512305723076174,0.188514170417352,2
1790679600000,84030.5,84030.19,0.003537419110917206,2.0,0.0025,trending,0.17724528755056124,0.6339014040710174,0.1888533083784213,2
1790680500000,84030.2,84068.3,0.001613331065336121,1.0,0.0025,trending,0.19214014065989451,0.6058790768236677,0.20198078251643778,2
1790681400000,84068.29,84262.5,0.001083281412253445,1.0,0.0025,trending,0.2443452017334625,0.5728992643363925,0.18275553393014504,2
1790682300000,84262.5,84358.01,-0.00029825264962968223,1.0,0.0025,trending,0.27060564064380005,0.5471083923540353,0.18228596700216457,2
1790683200000,84358.0,84327.44,0.0009791593341383908,1.0,0.0025,trending,0.2435192121015377,0.5707695598915656,0.18571122800689666,2
1790684100000,84327.45,84203.93,0.0018753281467980276,1.0,0.0025,trending,0.22193495031060054,0.584818474056542,0.19324657563285744,2
1790685000000,84203.93,84353.78,-0.0019177563827015298,1.0,0.0025,trending,0.22639424631779234,0.585327228508923,0.18827852517328467,2
1790685900000,84353.78,84332.85,-0.001575186893363778,1.0,0.0025,trending,0.2295086494588781,0.5901152045767535,0.18037614596436838,2
1790686800000,84332.85,84410.01,-0.005742328427635446,0.0,0.0025,trending,0.259302466890996,0.565247242742072,0.1754502903669319,2
1790687700000,84410.0,84361.84,-0.004974761100516423,0.0,0.0025,trending,0.24342437759367191,0.5575109032195702,0.19906471918675792,2
1790688600000,84361.84,84192.01,-0.0035770615287601393,0.0,0.0025,trending,0.23670219534960027,0.5377191860991599,0.2255786185512398,2
1790689500000,84192.01,84200.01,-0.005320664451227475,0.0,0.0025,trending,0.22547839235308326,0.5531496014250482,0.22137200622186862,2
1790690400000,84200.01,83925.3,-0.005891906254728907,0.0,0.0025,trending,0.21042941138195154,0.5316872793246065,0.257883309293442,2
1790691300000,83925.31,83942.16,-0.011288963734076063,0.0,0.0025,ranging,0.19935119208427632,0.5658755958128565,0.23477321210286725,2
1790692200000,83942.17,83890.85,-0.008478517025396703,0.0,0.0025,ranging,0.19913911395814607,0.5138315304500516,0.2870293555918022,2
1790693100000,83890.85,83752.01,-0.008167087571987808,0.0,0.0025,ranging,0.17331059727055825,0.5257389534465643,0.30095044928287745,2
1790694000000,83752.0,83430.82,-0.004804219831472389,0.0,0.0025,ranging,0.1707602099095745,0.512512406667184,0.31672738342324136,2
1790694900000,83430.83,82994.54,0.003174425691135907,2.0,0.0025,trending,0.12590627980355495,0.4593903432539724,0.4147033769424727,2
1790695800000,82994.53,83179.58,-0.001629847133154616,1.0,0.0025,trending,0.13427656577137168,0.5949203294109828,0.2708031048176455,2
1790696700000,83179.58,83068.0,-8.101796118842319e-05,1.0,0.0025,trending,0.12851217399796705,0.5146605078800119,0.356827318122021,2
1790697600000,83068.0,83030.0,0.0016436227869445208,1.0,0.0025,trending,0.14113189426982453,0.5971439883234407,0.2617241174067348,2
1790698500000,83030.01,83258.0,-0.0009608686252372545,1.0,0.0025,trending,0.16142350738558767,0.5871306293313466,0.2514458632830656,2
1790699400000,83258.01,83044.01,0.0010596790785994958,1.0,0.0025,trending,0.12008680479772058,0.6234967435722961,0.2564164516299834,2
1790700300000,83044.01,83061.27,0.00020153797311306398,1.0,0.0025,trending,0.1600911272429985,0.6531426278671024,0.186766244889899,2
1790701200000,83061.28,83166.47,0.0031447769756247634,2.0,0.0025,trending,0.14607127077960344,0.6689027604691093,0.1850259687512872,2
1790702100000,83166.48,83178.0,0.0030013945995335245,2.0,0.0025,trending,0.1346049104589969,0.6899072918763703,0.17548779766463274,2
1790703000000,83178.01,83132.01,0.006014530383663175,2.0,0.0025,trending,0.12460788789166331,0.6813110100639995,0.19408110204433718,2
1790703900000,83132.01,83078.01,0.006764605940850155,2.0,0.0025,low_liquidity,0.13383180803284392,0.6873224038321811,0.17884578813497493,2
1790704800000,83078.01,83428.01,0.0020602193435994565,1.0,0.0025,trending,0.17490481458709597,0.6578090530078814,0.1672861324050226,2
1790705700000,83428.0,83427.65,0.0014424474379897134,1.0,0.0025,low_liquidity,0.1708909113248994,0.6714450557012012,0.15766403297389936,2
1790706600000,83427.66,83632.01,-0.002343719826893964,1.0,0.0025,ranging,0.20304900398126977,0.6097689792277898,0.18718201679094043,2
1790707500000,83632.0,83640.0,-0.0005498565279771217,1.0,0.0025,low_liquidity,0.16853100760721781,0.6856992582520912,0.14576973414069094,2
1790708400000,83640.0,83599.89,-0.0007434220308183415,1.0,0.0025,low_liquidity,0.1636337631894087,0.6940526467258954,0.14231359008469593,2
1790709300000,83599.89,83547.99,0.0009845838302033894,1.0,0.0025,ranging,0.15553394661752404,0.7034992379599666,0.14096681542250938,2
1790710200000,83547.99,83436.0,0.0024682391293926464,1.0,0.0025,low_liquidity,0.1472423540783763,0.7176427050749006,0.13511494084672315,2
1790711100000,83436.0,83594.01,0.000267722531793968,1.0,0.0025,ranging,0.17523685339980294,0.6270220433871492,0.19774110321304797,2
1790712000000,83594.01,83537.74,0.0002524607440899107,1.0,0.0025,ranging,0.14084274683413775,0.6806032988746958,0.17855395429116644,2
1790712900000,83537.74,83630.25,-0.0024900081011357544,1.0,0.0025,low_liquidity,0.1299842627557357,0.7124968708971775,0.15751886634708684,2
1790713800000,83630.26,83641.94,-0.0016201202411135762,1.0,0.0025,low_liquidity,0.1288192756012043,0.7245068040704866,0.14667392032830906,2
1790714700000,83641.94,83616.39,-0.0013442340670291042,1.0,0.0025,low_liquidity,0.11662559360369652,0.764055565949831,0.11931884044647248,2
1790715600000,83616.38,83558.83,0.0011917352121852964,1.0,0.0025,ranging,0.12543780163622362,0.7299509722902743,0.14461122607350216,2
1790716500000,83558.84,83422.01,0.002109754967543953,1.0,0.0025,ranging,0.12826511045472802,0.6757480265736389,0.19598686297163315,2
1790717400000,83422.01,83506.43,0.0011926027732236388,1.0,0.0025,ranging,0.12552171919203325,0.7095662640463719,0.1649120167615948,2
1790718300000,83506.43,83503.99,0.0012935908811062546,1.0,0.0025,ranging,0.11650140038720501,0.7153135242810995,0.16818507533169538,2
1790719200000,83503.99,83658.41,0.0022414961030217118,1.0,0.0025,ranging,0.13461417739533074,0.6952301985222284,0.17015562408244078,2
1790720100000,83658.4,83598.01,0.0019261224041098313,1.0,0.0025,ranging,0.12248302081692969,0.7094249072029887,0.16809207198008153,2
1790721000000,83598.01,83606.02,0.0006456472871212426,1.0,0.0025,ranging,0.10632543107531138,0.7337975675528233,0.15987700137186522,2
1790721900000,83606.02,83612.01,0.0006177342226314497,1.0,0.0025,ranging,0.10710819420848658,0.751878737441274,0.1410130683502394,2
1790722800000,83612.0,83845.93,-0.0037794321083921556,0.0,0.0025,ranging,0.1385068179883124,0.7086362728787322,0.15285690913295538,2
1790723700000,83845.93,83759.03,-0.002161199813321635,1.0,0.0025,ranging,0.13311587251397572,0.6865045286441243,0.18037959884190014,2
1790724600000,83759.04,83660.0,-0.002030958642122882,1.0,0.0025,ranging,0.11913837483666419,0.6906998540404847,0.1901617711228511,2
1790725500000,83660.01,83663.66,-0.0025136361474026314,0.0,0.0025,low_liquidity,0.09265789140105701,0.7500031883662078,0.15733892023273513,2
1790726400000,83663.66,83529.04,-0.0012168223171247217,1.0,0.0025,ranging,0.10848370127908484,0.6379963058631587,0.2535199928577564,2
1790727300000,83529.03,83578.01,-0.001780611909759422,1.0,0.0025,ranging,0.1333246929595143,0.6125431616660866,0.2541321453743991,2
1790728200000,83578.0,83490.09,-0.0006716964851757323,1.0,0.0025,ranging,0.11760183878571752,0.6258582360137469,0.25653992520053565,2
1790729100000,83490.09,83453.36,-6.410766444886473e-05,1.0,0.0025,ranging,0.12021875255381681,0.6245152226343021,0.255266024811881,2
1790730000000,83453.36,83427.4,0.0007025269875364781,1.0,0.0025,ranging,0.11672519626702006,0.6048267668460957,0.27844803688688424,2
1790730900000,83427.4,83429.19,-0.00011003343074533767,1.0,0.0025,low_liquidity,0.11033022580931927,0.6457737813221791,0.2438959928685016,2
1790731800000,83429.19,83434.01,-0.0005697916233439182,1.0,0.0025,ranging,0.11662991023277051,0.6212253901748448,0.2621446995923846,2
1790732700000,83434.0,83448.01,-0.0007589156410081621,1.0,0.0025,ranging,0.10796144342955981,0.6691767247468775,0.22286183182356264,2
1790733600000,83448.01,83486.01,-0.0018447402145580494,1.0,0.0025,ranging,0.10837384194841265,0.6612682977758456,0.23035786027574187,2
1790734500000,83486.0,83420.01,-0.0011822103593609468,1.0,0.0025,ranging,0.10690028430151971,0.6426597824332262,0.25043993326525416,2
1790735400000,83420.01,83386.47,-0.0002934528827038818,1.0,0.0025,ranging,0.11302837131875064,0.6480634611100939,0.23890816757115538,2
1790736300000,83386.47,83384.68,-0.0010077390714936518,1.0,0.0025,ranging,0.09806117587211569,0.6754685286790075,0.22647029544887678,2
1790737200000,83384.68,83332.0,0.00044496711947394907,1.0,0.0025,ranging,0.08747427257317833,0.6747045529504112,0.2378211744764103,2
1790738100000,83332.0,83321.39,0.0005835236306066527,1.0,0.0025,ranging,0.09738349484610387,0.6525812332959314,0.2500352718579646,2
1790739000000,83321.39,83362.0,-0.0005472517453994907,1.0,0.0025,ranging,0.09902758099474292,0.6878166894740779,0.2131557295311792,2
1790739900000,83362.0,83300.65,-0.0010881067554694424,1.0,0.0025,ranging,0.08698961666136255,0.6952191788724429,0.21779120446619452,2
1790740800000,83300.65,83369.08,-0.001620145022591224,1.0,0.0025,ranging,0.09794088420379603,0.6568272572798146,0.24523185851638937,2
1790741700000,83369.09,83370.01,0.00016744630353304757,1.0,0.0025,ranging,0.1071640504493609,0.6949046611612071,0.19793128838943208,2
1790742600000,83370.01,83316.38,0.0018774219427200034,1.0,0.0025,ranging,0.10157505081266148,0.6814776130281679,0.21694733615917053,2
1790743500000,83316.39,83210.01,0.00209097439118211,1.0,0.0025,ranging,0.09730806680468926,0.6321821649770836,0.2705097682182271,2
1790744400000,83210.01,83234.01,-0.0012735178804913483,1.0,0.0025,ranging,0.08940527957698781,0.6954619049689181,0.21513281545409388,2
1790745300000,83234.02,83383.97,-0.002685528165665474,0.0,0.0025,ranging,0.11697468580159429,0.632787088396668,0.2502382258017379,2
1790746200000,83383.96,83472.8,-0.004394245790245499,0.0,0.0025,ranging,0.11246466589709786,0.6427781447045241,0.24475718939837793,2
1790747100000,83472.8,83384.0,-0.004087834596565254,0.0,0.0025,ranging,0.11418369287191917,0.6592178755750474,0.2265984315530335,2
1790748000000,83384.01,83128.01,-0.0013470790411077571,1.0,0.0025,ranging,0.12325149525434746,0.6024925033266433,0.2742560014190092,2
1790748900000,83128.0,83160.04,0.0017793401734775838,1.0,0.0025,ranging,0.11122389470439115,0.6407378347986676,0.24803827049694127,2
1790749800000,83160.05,83106.0,0.0038465333429595905,2.0,0.0025,ranging,0.10374589909504411,0.6411674771154271,0.25508662378952873,2
1790750700000,83106.01,83043.14,0.003152337447740905,2.0,0.0025,ranging,0.12282191356005048,0.6183851159775586,0.2587929704623909,2
1790751600000,83043.14,83016.03,0.0013729878434320941,1.0,0.0025,ranging,0.11814550558218358,0.6642926695642442,0.21756182485357226,2
1790752500000,83016.03,83308.01,-0.0020888747672641594,1.0,0.0025,ranging,0.13247521409203203,0.632121123196005,0.23540366271196303,2
1790753400000,83308.0,83425.67,-0.004143329025706355,0.0,0.0025,ranging,0.14401370459896393,0.60396113122481,0.2520251641762261,2
1790754300000,83425.67,83304.92,-0.0029111125729428533,0.0,0.0025,ranging,0.144848892606313,0.6102260858365594,0.24492502155712753,2
1790755200000,83304.92,83130.01,0.00194791267317318,1.0,0.0025,ranging,0.13077574510665654,0.595852817608359,0.27337143728498453,2
1790756100000,83130.0,83133.99,0.0035239497105816753,2.0,0.0025,ranging,0.11985974934360843,0.6162710281747348,0.2638692224816567,2
1790757000000,83134.0,83080.01,0.0059507696255693965,2.0,0.0025,ranging,0.11046021725953538,0.6334876564989976,0.256052126241467,2
1790757900000,83080.0,83062.41,0.0068574942624466395,2.0,0.0025,ranging,0.10612940513438687,0.6649737812433407,0.2288968136222724,2
1790758800000,83062.41,83291.94,0.004977552449852762,2.0,0.0025,ranging,0.11874914872925328,0.6775512165016109,0.20369963476913583,2
1790759700000,83291.94,83426.95,0.004326779296138783,2.0,0.0025,ranging,0.13210457736018352,0.6742203786738266,0.19367504396598986,2
1790760600000,83426.96,83574.4,0.003759285139947277,2.0,0.0025,ranging,0.159783876991581,0.5867870273042288,0.2534290957041902,2
1790761500000,83574.39,83632.01,0.0034197432298948005,2.0,0.0025,ranging,0.15487719700138422,0.6360137403560281,0.20910906264258772,2
1790762400000,83632.01,83706.53,0.0016541122896864824,1.0,0.0025,ranging,0.1870761837097593,0.621706043283922,0.19121777300631887,2
1790763300000,83706.02,83787.92,0.0008363974186256229,1.0,0.0025,ranging,0.1647475817427519,0.644923644065833,0.19032877419141506,2
1790764200000,83787.91,83888.58,0.000541551662931905,1.0,0.0025,ranging,0.1656334925704163,0.6320755204146175,0.20229098701496623,2
1790765100000,83888.58,83918.01,-3.396172049352497e-05,1.0,0.0025,ranging,0.14988397440985007,0.6508584245195862,0.19925760107056378,2
1790766000000,83918.0,83844.99,0.00046454773266702,1.0,0.0025,ranging,0.14968215213876482,0.641666272723848,0.20865157513738716,2
1790766900000,83844.99,83858.0,0.0009731927782681282,1.0,0.0025,ranging,0.13640031966999902,0.6451905707920285,0.21840910953797238,2
1790767800000,83858.01,83934.01,0.01065301181249434,2.0,0.0025,ranging,0.1515055318290652,0.628500051124971,0.21999441704596384,2
1790768700000,83934.01,83915.16,0.016387503759749844,2.0,0.0025,trending,0.13051738270596835,0.6576576527676864,0.2118249645263453,2
1790769600000,83915.17,83883.94,0.018008572320279637,2.0,0.0025,trending,0.1292504025948641,0.6592374917651443,0.21151210563999162,2
1790770500000,83883.95,83939.61,0.014872477963621789,2.0,0.0025,trending,0.1366261425912701,0.6449839391325165,0.21838991827621337,2
1790771400000,83939.61,84828.16,-0.0036863937635804866,0.0,0.0025,trending,0.1946065442960037,0.4976555728516267,0.3077378828523696,2
1790772300000,84828.17,85290.32,-0.007651278597618161,0.0,0.0025,trending,0.2570262872283202,0.37315363699466214,0.36982007577701775,2
1790773200000,85290.32,85394.57,-0.012185318106291865,0.0,0.0025,high_volatility,0.25741767926601655,0.39121768925185363,0.35136463148212976,2
1790774100000,85394.57,85188.0,-0.016664553693008344,0.0,0.0025,high_volatility,0.17010450404657523,0.5253704652916251,0.30452503066179964,2
1790775000000,85188.01,84515.45,-0.011376263156618105,0.0,0.0028182484054695635,high_volatility,0.14247393497440025,0.48833410369631364,0.36919196132928606,2
1790775900000,84515.46,84637.74,-0.009897830447741285,0.0,0.002793969686572915,high_volatility,0.20431532384915,0.5362813073299914,0.2594033688208587,2
1790776800000,84637.74,84354.01,-0.0047541308350367295,0.0,0.00286032861364396,high_volatility,0.17898255190886914,0.5276787808923262,0.29333866719880464,2
1790777700000,84354.01,83768.38,0.0015172789541828546,1.0,0.0030382078111624244,high_volatility,0.1464199865174214,0.4713744377262421,0.38220557575633657,2
1790778600000,83768.38,83553.98,0.0067026130891669755,2.0,0.003063845418749047,high_volatility,0.13571343682929063,0.5001829966062494,0.36410356656445997,2
1790779500000,83553.98,83800.01,0.0039906916478889,2.0,0.0030632933822665946,high_volatility,0.16698422552666323,0.5451318872503456,0.28788388722299124,2
1790780400000,83800.01,83952.98,0.004871774652907002,2.0,0.002980198991719079,high_volatility,0.21430286866053633,0.5217887774212355,0.26390835391822826,2
1790781300000,83952.98,83895.48,0.004750196315701505,2.0,0.0029365651697305446,high_volatility,0.23904778437810084,0.5322802588431089,0.22867195677879013,2
1790782200000,83895.49,84114.01,0.0028770474740176244,1.0,0.0029236484063676856,high_volatility,0.2397923489045071,0.5415412214657216,0.21866642962977134,2
1790783100000,84114.01,84134.43,0.002555553059550242,1.0,0.0028077322096877245,high_volatility,0.2107240762833652,0.5447452221277858,0.24453070158884901,2
1790784000000,84134.43,84361.98,-0.0007582799739882518,1.0,0.002727603407627915,high_volatility,0.2404299361268706,0.5371314224437846,0.22243864142934475,2
1790784900000,84361.97,84294.0,-0.0009090801243267776,1.0,0.002634473487003897,high_volatility,0.1949364823069416,0.5657377861328902,0.23932573156016831,2
1790785800000,84294.01,84356.01,-0.004125491473577214,0.0,0.0025180490615865398,high_volatility,0.18515889809668054,0.5927896073555852,0.2220514945477342,2
1790786700000,84356.01,84349.44,-0.0037697938480681925,0.0,0.0025,high_volatility,0.16662874949611578,0.5880311829376005,0.2453400675662837,2
1790787600000,84349.44,84298.01,-0.00346402008778135,0.0,0.0025,ranging,0.16816542039165241,0.5873281635968837,0.2445064160114639,2
1790788500000,84298.0,84217.37,-0.0035332378581758306,0.0,0.0025,ranging,0.15983105600262973,0.5843460144875801,0.2558229295097903,2
1790789400000,84217.36,84008.0,-0.0018276830778020114,1.0,0.0025,ranging,0.13293102625627146,0.6018549587470492,0.2652140149966793,2
1790790300000,84008.0,84031.46,-0.0009693988418147947,1.0,0.0025,ranging,0.1387877755841285,0.6282136155711295,0.23299860884474188,2
1790791200000,84031.47,84006.0,-0.0029283622598386128,0.0,0.0025,ranging,0.14306463050282575,0.6067634124801351,0.25017195701703926,2
1790792100000,84006.0,83919.81,-0.0020325355836720016,1.0,0.0025,ranging,0.16917588431029268,0.6195593406809552,0.21126477500875204,2
1790793000000,83919.81,83854.46,-0.0003630099102659434,1.0,0.0025,ranging,0.15618165876689646,0.6132437663402445,0.23057457489285907,2
1790793900000,83854.46,83950.0,-0.00413150684931507,0.0,0.0025,ranging,0.1446916543017774,0.625693686086975,0.22961465961124766,2
1790794800000,83950.01,83760.0,-0.0012447468958929342,1.0,0.0025,ranging,0.1283814707867594,0.6113114439681635,0.2603070852450772,2
1790795700000,83760.0,83749.24,-0.000277614459546105,1.0,0.0025,ranging,0.13534416232336066,0.6028747320283067,0.2617811056483327,2
1790796600000,83749.24,83824.02,-0.001605983583226056,1.0,0.0025,ranging,0.13174693495824447,0.6536812716601154,0.21457179338164015,2
1790797500000,83824.01,83603.16,0.0008472167798441177,1.0,0.0025,ranging,0.12931624547442558,0.6054758187778095,0.2652079357477648,2
1790798400000,83603.16,83655.74,0.0013181402734587788,1.0,0.0025,ranging,0.13309755485836805,0.618000104980593,0.24890234016103896,2
1790799300000,83655.75,83725.99,1.1943722610929797e-07,1.0,0.0025,ranging,0.13337665838254853,0.6191765144808853,0.24744682713656616,2
1790800200000,83725.99,83689.4,0.00022523760476245158,1.0,0.0025,ranging,0.12468860505386421,0.6264698759738034,0.2488415189723324,2
1790801100000,83689.4,83673.99,0.0010006693836399627,1.0,0.0025,low_liquidity,0.1477618663593068,0.6715149281173645,0.18072320552332874,2
1790802000000,83673.99,83766.01,-0.0004455267715388622,1.0,0.0025,ranging,0.16130235925301356,0.6526159066376889,0.18608173410929765,2
1790802900000,83766.01,83726.0,0.0011706041134174061,1.0,0.0025,ranging,0.15040666729952293,0.6396149439923547,0.20997838870812233,2
1790803800000,83726.0,83708.25,0.0012174427251794295,1.0,0.0025,ranging,0.1635331129764062,0.63944529074625,0.1970215962773438,2
1790804700000,83708.26,83757.72,-0.0008580701575925387,1.0,0.0025,low_liquidity,0.14671930308207637,0.7047049172259839,0.14857577969193977,2
1790805600000,83757.73,83728.69,-0.00033513004921015277,1.0,0.0025,ranging,0.15310962167726372,0.6339560964770184,0.21293428184571786,2
1790806500000,83728.69,83824.01,-0.0019326204985898876,1.0,0.0025,ranging,0.1414785864481903,0.660648518579496,0.1978728949723137,2
1790807400000,83824.0,83810.16,-0.002249846557982882,1.0,0.0025,low_liquidity,0.11460618481537661,0.7628892747685627,0.12250454041606067,2
1790808300000,83810.17,83685.85,-0.0007438533515522483,1.0,0.0025,ranging,0.10939193385802091,0.755289995926492,0.13531807021548709,2
1790809200000,83685.86,83700.63,-0.0022888716608227,1.0,0.0025,ranging,0.13849370586624601,0.727817925066398,0.1336883690673561,2
1790810100000,83700.64,83662.01,-0.002079797030934305,1.0,0.0025,ranging,0.128309723321797,0.6885879658167876,0.1831023108614154,2
1790811000000,83662.0,83621.6,-0.0006084552316626413,1.0,0.0025,ranging,0.1385057941640068,0.6842604463066586,0.1772337595293345,2
1790811900000,83621.59,83623.6,-0.001370067779909112,1.0,0.0025,ranging,0.1387185108531471,0.6466455620871001,0.21463592705975285,2
1790812800000,83623.59,83509.05,0.0009693560159047543,1.0,0.0025,ranging,0.12959465467764747,0.6139435495662048,0.25646179575614775,2
1790813700000,83509.04,83488.01,0.0017607318703607433,1.0,0.0025,ranging,0.14937885810678125,0.6204778823842413,0.2301432595089775,2
1790814600000,83488.01,83570.72,0.0003567038790619481,1.0,0.0025,ranging,0.14314501652975933,0.6400991005361977,0.21675588293404305,2
1790815500000,83570.71,83509.03,0.00010825176630602229,1.0,0.0025,ranging,0.12023218815748195,0.6811284035576922,0.19863940828482593,2
1790816400000,83509.03,83590.0,0.00011975116640750016,1.0,0.0025,ranging,0.12365802208438299,0.6702021630101984,0.20613981490541852,2
1790817300000,83590.0,83635.01,-0.0011203442194841484,1.0,0.0025,ranging,0.11328977223060163,0.6585494656385283,0.2281607621308699,2
1790818200000,83635.01,83600.53,-0.0018275003758947417,1.0,0.0025,ranging,0.10484522499664285,0.6866438829535262,0.20851089204983084,2
1790819100000,83600.52,83518.07,-0.0003267556350381451,1.0,0.0025,ranging,0.10821221031558903,0.7232925389490863,0.16849525073532484,2
1790820000000,83518.07,83600.01,-0.0015071768532085583,1.0,0.0025,ranging,0.09611367668832287,0.7272422599676546,0.17664406334402258,2
1790820900000,83600.01,83541.31,-0.0001434021084897319,1.0,0.0025,ranging,0.12716097037259527,0.664889829433579,0.20794920019382573,2
1790821800000,83541.32,83447.75,0.0031930159890469767,2.0,0.0025,ranging,0.12220543150293951,0.665266922107474,0.2125276463895865,2
1790822700000,83447.75,83490.78,0.0031528032197087885,2.0,0.0025,ranging,0.10455115913770478,0.6929378308311374,0.20251101003115785,2
1790823600000,83490.78,83474.01,0.005521479080734304,2.0,0.0025,ranging,0.10470238988019978,0.6887846793601717,0.20651293075962845,2
1790824500000,83474.01,83529.33,0.003958848945633697,2.0,0.0025,low_liquidity,0.08814262060261507,0.7262794169982925,0.18557796239909238,2
1790825400000,83529.32,83714.2,0.002588330295218766,2.0,0.0025,ranging,0.1183759393974442,0.6901621310649055,0.1914619295376503,2
1790826300000,83714.2,83754.01,0.004250542750132258,2.0,0.0025,ranging,0.1561301015024397,0.704942332557971,0.1389275659395893,3
1790827200000,83754.01,83934.91,0.0037064434810258895,2.0,0.0025,ranging,0.18374184519785605,0.684688868559995,0.13156928624214895,3
1790828100000,83934.91,83860.01,0.005106009407821466,2.0,0.0025,ranging,0.18359082935319063,0.6668830868666049,0.14952608378020454,3
1790829000000,83860.0,83930.88,0.0033495419087705702,2.0,0.0025,ranging,0.1762088992498004,0.6848824235128502,0.13890867723734932,3
1790829900000,83930.88,84110.01,0.0021575315470774292,1.0,0.0025,ranging,0.2673360192168527,0.6076591834145693,0.12500479736857806,3
1790830800000,84110.01,84246.01,0.001543099785972002,1.0,0.0025,ranging,0.25078671891318866,0.6294468051693294,0.11976647591748193,3
1790831700000,84246.0,84288.2,0.0007017589650746281,1.0,0.0025,trending,0.23841059987056648,0.6292220928857972,0.1323673072436363,3
1790832600000,84288.21,84212.01,-0.0006070393047261646,1.0,0.0025,trending,0.21730098819500937,0.645404677932005,0.13729433387298579,3
1790833500000,84212.01,84291.48,-0.002017167096840633,1.0,0.0025,trending,0.17895358039082676,0.6990809200872942,0.12196549952187902,3
1790834400000,84291.49,84376.01,-0.003797169361291153,0.0,0.0025,trending,0.22454020829998894,0.6507211310691072,0.12473866063090393,3
1790835300000,84376.02,84347.35,-0.011654900835651794,0.0,0.0025,trending,0.19884994015495971,0.6419494770568439,0.15920058278819638,3
1790836200000,84347.34,84160.89,-0.007328225735255378,0.0,0.0025,trending,0.23148663888857807,0.6071027609437476,0.16141060016767428,3
1790837100000,84160.89,84121.45,-0.008220495485990797,0.0,0.0025,trending,0.21276495307929968,0.6365271442733658,0.15070790264733452,3
1790838000000,84121.45,84055.62,-0.007883708430203695,0.0,0.0025,trending,0.2394997915139262,0.5879200939464063,0.17258011453966748,3
1790838900000,84055.61,83364.29,0.0008038213964278729,1.0,0.0025,trending,0.2075251777061321,0.46770669328071857,0.3247681290131494,3
1790839800000,83364.3,83544.14,-0.0006339163943755999,1.0,0.0025,trending,0.23476419156502412,0.5137366687611634,0.2514991396738125,3
1790840700000,83544.14,83429.93,0.0016425759916136595,1.0,0.0025,trending,0.1766892989015219,0.5922560448395311,0.2310546562589469,3
1790841600000,83429.93,83392.95,0.003566608448316133,2.0,0.0025,trending,0.18444529142543686,0.6289011616183041,0.18665354695625902,3
1790842500000,83392.96,83431.3,0.003962301917865396,2.0,0.0025,trending,0.19773899361851094,0.6036212951374736,0.19863971124401547,3
1790843400000,83431.3,83491.18,0.004743854380786283,2.0,0.0025,trending,0.21265821030155624,0.5291009148517778,0.258240874846666,3
1790844300000,83491.18,83566.97,0.002573265489941745,2.0,0.0025,trending,0.20522657050514853,0.6262072105137385,0.16856621898111293,3
1790845200000,83566.98,83690.38,0.00015748524501857375,1.0,0.0025,trending,0.20919480437585844,0.6089025018817312,0.18190269374241044,3
1790846100000,83690.38,83761.88,-0.0008981412547093282,1.0,0.0025,trending,0.21103988709400412,0.5961628316859823,0.19279728122001372,3
1790847000000,83761.88,83887.25,-3.0040321979840634e-05,1.0,0.0025,trending,0.20099565507466274,0.6021561948026036,0.1968481501227338,3
1790847900000,83887.24,83782.01,0.002199398176291112,1.0,0.0025,trending,0.1873553007894319,0.6139646541365333,0.19868004507403475,3
1790848800000,83782.01,83703.56,0.0019484236990636727,1.0,0.0025,trending,0.2105084186959929,0.5983179324217696,0.1911736488822376,3
1790849700000,83703.55,83686.65,0.0022388278178180343,1.0,0.0025,trending,0.2067744872750279,0.6091886373609549,0.1840368753640173,3
1790850600000,83686.64,83884.73,0.000852240926328296,1.0,0.0025,trending,0.18234655561793486,0.665142590828974,0.1525108535530912,3
1790851500000,83884.73,83966.28,-0.0007207655263518076,1.0,0.0025,trending,0.2119596025966364,0.6356949482607794,0.1523454491425842,3
1790852400000,83966.27,83866.65,0.0015028619838757251,1.0,0.0025,trending,0.19047749938658592,0.654214072737115,0.15530842787629906,3
1790853300000,83866.65,83874.01,0.00045306048917903574,1.0,0.0025,trending,0.15033165394398412,0.7316152355563179,0.118053110499698,3
1790854200000,83874.01,83956.22,-0.0006458127819475301,1.0,0.0025,trending,0.17335219036023652,0.6887715875920825,0.13787622204768096,3
1790855100000,83956.23,83905.76,-0.002022983880963447,1.0,0.0025,ranging,0.20732193366755253,0.6085894538693196,0.18408861246312783,3
1790856000000,83905.76,83992.69,-0.00558715288199485,0.0,0.0025,ranging,0.19273177228672245,0.651135084084279,0.15613314362899858,3
1790856900000,83992.68,83912.01,-0.005195561398183668,0.0,0.0025,ranging,0.1686406739288492,0.6452758650118815,0.18608346105926926,3
1790857800000,83912.01,83902.0,0.0004530285332888795,1.0,0.0025,ranging,0.15418129736216396,0.6881904247144406,0.15762827792339545,3
1790858700000,83902.0,83736.02,0.002432047761524725,1.0,0.0025,ranging,0.17027936771520602,0.6084106410147885,0.2213099912700056,3
1790859600000,83736.02,83523.41,0.0033115266725818326,2.0,0.0025,ranging,0.15561280137117986,0.618640892872893,0.225746305755927,3
1790860500000,83523.41,83476.04,0.007714309399439623,2.0,0.0025,ranging,0.1731846272976516,0.5659188744707145,0.26089649823163397,3
1790861400000,83476.04,83940.01,0.0009530615972048739,1.0,0.0025,ranging,0.22763368497876846,0.5715324719445742,0.2008338430766573,3
1790862300000,83940.01,83939.67,0.0013221400560663454,1.0,0.0025,ranging,0.26509521200211017,0.5259832418812618,0.20892154611662805,3
1790863200000,83938.6,83800.0,0.003494033412887898,2.0,0.0025,ranging,0.2750313415531969,0.49504866672786263,0.22991999171894034,3
1790864100000,83800.0,84120.0,-0.00030599144079890284,1.0,0.0025,ranging,0.27428697753910974,0.5089444993067203,0.21676852315417006,3
1790865000000,84120.0,84020.01,-0.0015540345686698709,1.0,0.0025,ranging,0.23775531984991916,0.5295580451020782,0.2326866350480027,3
1790865900000,84020.0,84050.65,0.0013325298495610038,1.0,0.0025,ranging,0.29791590143637775,0.5217292597381677,0.18035483882545447,3
1790866800000,84050.65,84092.8,0.0026695507819931574,2.0,0.0025,high_volatility,0.2942846671954505,0.44953858011672615,0.2561767526878234,3
1790867700000,84092.79,84094.26,0.0025118242315231853,2.0,0.0025,high_volatility,0.2506470271476478,0.5605554948657503,0.18879747798660187,3
1790868600000,84094.27,83889.44,0.005249409222424228,2.0,0.0025,ranging,0.23437506895865493,0.5561049459577272,0.2095199850836179,3
1790869500000,83889.44,84162.65,0.0004676658826687774,1.0,0.0025,high_volatility,0.27126145079316616,0.5169390293500158,0.2117995198568181,3
1790870400000,84162.66,84317.29,0.0013710118055265674,1.0,0.0025,ranging,0.2777669831349084,0.519980291487801,0.20225272537729064,3
1790871300000,84317.29,84305.49,0.0072794784776175625,2.0,0.0025,ranging,0.27132018162767063,0.5298921097100522,0.19878770866227713,3
1790872200000,84305.49,84329.81,0.008599331600533722,2.0,0.0025,ranging,0.27638218460726466,0.5154234868580251,0.20819432853471043,3
1790873100000,84329.82,84202.01,0.008384597944870897,2.0,0.0025,ranging,0.22267974858764103,0.5711737792216582,0.2061464721907007,3
1790874000000,84202.0,84432.89,0.005312740094529644,2.0,0.0025,ranging,0.27000640195675657,0.5402357210599849,0.1897578769832586,3
1790874900000,84432.9,84919.19,-0.0013688307672271582,1.0,0.0025,high_volatility,0.37910244026586276,0.4476903712560063,0.17320718847813088,3
1790875800000,84919.18,85054.99,-0.0009757217066277413,1.0,0.0025,ranging,0.4032063654778341,0.4325041514240925,0.1642894830980734,3
1790876700000,85054.99,84908.01,-0.0012482921222625176,1.0,0.0025,trending,0.29915371186037304,0.5020859880159679,0.19876030012365892,3
1790877600000,84908.0,84881.46,-0.0009574528996084686,1.0,0.0025,trending,0.2582284392863508,0.5339653141594823,0.20780624655416688,3
1790878500000,84881.47,84802.95,-0.0022515726162828376,1.0,0.0025,trending,0.221896984292813,0.6074512648198502,0.17065175088733683,3
1790879400000,84802.95,84972.0,-0.003807371840135576,0.0,0.0025,trending,0.3102276294379826,0.4891883458440654,0.200584024717952,3
1790880300000,84972.01,84802.02,-0.0014935964968759707,1.0,0.0025,trending,0.26291976236959175,0.5520270262191657,0.18505321141124265,3
1790881200000,84802.02,84800.19,-0.00016721660647234238,1.0,0.0025,trending,0.2505471237441662,0.5865506602647157,0.16290221599111812,3
1790882100000,84800.18,84612.01,0.0018276365258311777,1.0,0.0025,trending,0.20359245541018725,0.6056304481387281,0.19077709645108462,3
1790883000000,84612.0,84648.48,-0.00045470397105762395,1.0,0.0025,trending,0.24744683684374602,0.5775738698844081,0.17497929327184597,3
1790883900000,84648.48,84675.36,-0.0004884537839578984,1.0,0.0025,trending,0.2888045671593673,0.5572346817963328,0.15396075104429977,3
1790884800000,84675.36,84786.01,-0.0019631776515960375,1.0,0.0025,trending,0.2932005179180221,0.5598891374494378,0.14691034463254,3
1790885700000,84786.0,84766.65,-0.0020680302925736305,1.0,0.0025,trending,0.26716675829924935,0.5981529975968021,0.13468024410394866,3
1790886600000,84766.66,84609.99,-0.0013700509833413088,1.0,0.0025,low_liquidity,0.2581840136943419,0.5949480898122161,0.14686789649344195,3
1790887500000,84609.99,84634.0,-0.001051704988538793,1.0,0.0025,trending,0.26010869638807116,0.6033248466457769,0.13656645696615197,3
1790888400000,84634.01,84619.56,0.0015249429328161312,1.0,0.0025,low_liquidity,0.20352719853260698,0.6770269538531559,0.11944584761423707,3
1790889300000,84619.55,84591.35,0.0013120726882829281,1.0,0.0025,trending,0.2515344330219713,0.5971564460095447,0.15130912096848398,3
1790890200000,84591.34,84494.07,0.0021789694827103467,1.0,0.0025,trending,0.23745640013265912,0.592766784321626,0.1697768155457148,3
1790891100000,84494.06,84544.99,0.002421669220139311,1.0,0.0025,trending,0.2278472074387559,0.6230302855829312,0.14912250697831303,3
1790892000000,84544.99,84748.6,-0.0009495142102642351,1.0,0.0025,ranging,0.22802264670002875,0.6056387885389704,0.16633856476100087,3
1790892900000,84748.59,84702.34,0.00032631920204329035,1.0,0.0025,ranging,0.19425284185117783,0.6729948957999697,0.13275226234885246,3
1790893800000,84702.34,84678.18,0.001887499235340151,1.0,0.0025,ranging,0.25043454899990253,0.5672505069075889,0.1823149440925086,3
1790894700000,84678.18,84749.73,0.0015377040139243903,1.0,0.0025,low_liquidity,0.24026343366844122,0.5798606565739427,0.17987590975761597,3
1790895600000,84749.74,84668.13,0.002603104615632734,2.0,0.0025,ranging,0.2261723527486614,0.5939772994336601,0.1798503478176785,3
1790896500000,84668.13,84729.98,0.0008502303434982927,1.0,0.0025,ranging,0.25007389038750477,0.5530118435758278,0.19691426603666737,3
1790897400000,84729.99,84838.01,-0.00016337016863077203,1.0,0.0025,ranging,0.2519182630871436,0.5845568239325964,0.16352491298026003,3
1790898300000,84838.0,84880.05,-0.0011211114979314818,1.0,0.0025,ranging,0.20456672589148994,0.6102360796154701,0.18519719449304,3
1790899200000,84880.05,84888.53,-0.002602118330945258,0.0,0.0025,ranging,0.2223389146519618,0.5631182647507843,0.2145428205972539,3
1790900100000,84888.52,84802.02,-0.0022170462448890538,1.0,0.0025,ranging,0.21098475174796807,0.5712184934142505,0.21779675483778135,3
1790901000000,84802.02,84824.15,-0.00290176795169772,0.0,0.0025,ranging,0.20508472488870316,0.5807352433477289,0.21418003176356804,3
1790901900000,84824.15,84784.89,0.0014756167048162183,1.0,0.0025,ranging,0.1810981045665303,0.6119198809151503,0.20698201451831957,3
1790902800000,84784.89,84667.64,0.004941439255895297,2.0,0.0025,ranging,0.14605402439060117,0.6133922848773579,0.24055369073204097,3
1790903700000,84667.65,84614.01,0.0037818796201716243,2.0,0.0025,ranging,0.15756483365075064,0.5600631507902889,0.28237201555896047,3
1790904600000,84614.0,84578.01,0.004847595728487919,2.0,0.0025,ranging,0.14477439500269612,0.6223971526928664,0.23282845230443744,3
1790905500000,84578.01,84910.0,0.0032740548816394544,2.0,0.0025,ranging,0.24924775620248632,0.5643105466831687,0.18644169711434494,3
1790906400000,84910.01,85086.02,0.002585383591805046,2.0,0.0025,ranging,0.22632160497809914,0.5647268539774634,0.20895154104443753,3
1790907300000,85086.02,84934.01,0.004084582842609263,2.0,0.0025,ranging,0.2127902978672052,0.5477425079865921,0.2394671941462027,3
1790908200000,84934.0,84988.01,0.005152020855647699,2.0,0.0025,ranging,0.18386439557641485,0.6047318009776479,0.2114038034459372,3
1790909100000,84988.01,85188.0,0.0038139174531623965,2.0,0.0025,ranging,0.2852746550211207,0.5348570477040112,0.17986829727486814,3
1790910000000,85187.99,85306.0,0.0018472323166014437,1.0,0.0025,ranging,0.2875181225321518,0.5137110085757765,0.1987708688920717,3
1790910900000,85306.01,85280.93,0.01767323597432635,2.0,0.0025,trending,0.2277168085745415,0.5999967056694383,0.17228648575602015,3
1790911800000,85280.94,85425.87,0.012870223036651751,2.0,0.0025,trending,0.26314675509605345,0.5487102633207648,0.1881429815831818,3
1790912700000,85425.87,85512.9,0.01332220051009858,2.0,0.0025,trending,0.26145493967307737,0.5578739924550469,0.18067106787187573,3
1790913600000,85512.89,85463.58,0.013016304723017624,2.0,0.0025,trending,0.2502165422922402,0.5614877457046827,0.18829571200307704,3
1790914500000,85463.59,86788.12,-0.005088254014489424,0.0,0.0025,abnormal,0.3924756084952502,0.31759770108886964,0.28992669041588015,3
1790915400000,86788.12,86525.32,-0.004484005375536393,0.0,0.0025,trending,0.3679334734817972,0.4115163327902956,0.22055019372790718,3
1790916300000,86525.33,86652.12,-0.00750252850132227,0.0,0.0025,trending,0.35915134087503386,0.4139307779723934,0.22691788115257264,3
1790917200000,86652.12,86576.0,-0.007776635557198319,0.0,0.0025,trending,0.31119865879861175,0.44227943832123817,0.24652190288014997,3
1790918100000,86576.01,86346.52,-0.003712483143501255,0.0,0.0025,trending,0.2624512867712067,0.4952755437979556,0.24227316943083774,3
1790919000000,86346.52,86137.34,-0.0015710956479501048,1.0,0.0025,trending,0.2551737844603361,0.5087634286608667,0.23606278687879723,3
1790919900000,86137.34,86002.01,-0.00010534637504400202,1.0,0.0025,trending,0.22882329446303082,0.5483050119033177,0.22287169363365145,3
1790920800000,86002.01,85902.73,0.0006279195084952782,1.0,0.0025,trending,0.24494585662134835,0.5243840367660827,0.23067010661256893,3
1790921700000,85902.73,86025.96,-0.0008131266422369832,1.0,0.0025,trending,0.313856845120799,0.4797640009235256,0.2063791539556754,3
1790922600000,86025.97,86002.01,-0.002711448255685922,0.0,0.0025,trending,0.2608393554775281,0.5167080781802678,0.2224525663422042,3
1790923500000,86002.0,85992.95,0.0011245107883843808,1.0,0.0025,trending,0.31734548263173745,0.48515666754329645,0.1974978498249661,3
1790924400000,85992.96,85956.67,0.004227013447589245,2.0,0.0025,trending,0.3128861994752057,0.48860839401337425,0.19850540651142015,3
1790925300000,85956.67,85956.01,0.005165316538075837,2.0,0.0025,trending,0.30757275386719596,0.4841814892411191,0.2082457568916849,3
1790926200000,85956.01,85768.82,0.006471116193506932,2.0,0.0025,trending,0.24530040959708527,0.46559371381281595,0.28910587659009873,3
1790927100000,85768.83,86089.65,0.0016999720640054061,1.0,0.0025,trending,0.3098140282600804,0.4811461567280673,0.20903981501185223,3
1790928000000,86089.64,86320.01,-0.001459453028330282,1.0,0.0025,trending,0.3204230146805488,0.5011045818629513,0.1784724034564999,3
1790928900000,86320.01,86400.0,-0.002209837962962924,1.0,0.0025,trending,0.3534704585679433,0.4563141046800147,0.19021543675204194,3
1790929800000,86400.0,86323.84,0.00016565528132206353,1.0,0.0025,trending,0.31835602169357213,0.4878422319542418,0.193801746352186,3
1790930700000,86323.83,86236.0,0.0014845308223943032,1.0,0.0025,trending,0.35671113845390506,0.4917453123971867,0.1515435491489082,3
1790931600000,86236.01,86194.03,0.0016472138499614708,1.0,0.0025,trending,0.33710358902252574,0.47988322087910057,0.18301319009837372,3
1790932500000,86194.02,86209.07,0.002323653416050009,1.0,0.0025,trending,0.3108383634100671,0.4593033423459051,0.22985829424402784,3
1790933400000,86209.08,86338.14,0.0010409072977479727,1.0,0.0025,trending,0.32259989993290067,0.4918676529834668,0.18553244708363256,3
1790934300000,86338.14,86364.02,-0.0007690702679193917,1.0,0.0025,trending,0.2729709210616689,0.5180950106261348,0.20893406831219627,3
1790935200000,86364.01,86336.01,0.001413083602079812,1.0,0.0025,trending,0.2443010123391137,0.565575566871647,0.19012342078923927,3
1790936100000,86336.01,86409.39,0.0002539075903671417,1.0,0.0025,trending,0.2994180164363142,0.49311029653686184,0.20747168702682384,3
1790937000000,86408.18,86428.01,0.0008043688614374211,1.0,0.0025,trending,0.26921761290395996,0.5281074676861176,0.2026749194099224,3
1790937900000,86428.0,86297.6,0.0014745485390093016,1.0,0.0025,trending,0.22191075052813222,0.5974944431515685,0.18059480632029912,3
1790938800000,86297.6,86458.01,-0.0006012167062369178,1.0,0.0025,trending,0.27866090897180157,0.5389207965676026,0.18241829446059588,3
1790939700000,86458.0,86431.33,0.0021406589485548633,1.0,0.0025,trending,0.23856134947966945,0.5797150500599506,0.18172360046038002,3
1790940600000,86431.34,86497.53,-0.000248908841674389,1.0,0.0025,trending,0.2936729893307491,0.5207782508847327,0.1855487597845182,3
1790941500000,86497.53,86424.85,0.004456472877881756,2.0,0.0025,trending,0.2416162672212813,0.5508214122396096,0.20756232053910914,3
1790942400000,86424.85,86406.03,0.003309606979975843,2.0,0.0025,trending,0.24510110676945104,0.5404752203546871,0.21442367287586178,3
1790943300000,86406.02,86616.35,-0.00011279625613414002,1.0,0.0025,trending,0.29645036501871413,0.5077482090392191,0.1958014259420667,3
1790944200000,86616.35,86476.0,0.004906679309866213,2.0,0.0025,trending,0.33302150151299015,0.4176145121270491,0.24936398635996093,3
1790945100000,86476.01,86810.0,-0.0028216795300080033,0.0,0.0025,trending,0.35074808207117836,0.42865131125297856,0.22060060667584305,3
1790946000000,86810.01,86692.0,-0.0038757901536473627,0.0,0.0025,trending,0.3050090331857013,0.4684992783939376,0.22649168842036116,3
1790946900000,86692.01,86606.58,-0.006058662055469677,0.0,0.0025,trending,0.2562171838242612,0.5120693685807514,0.23171344759498738,3
1790947800000,86606.58,86900.31,-0.010889604421434163,0.0,0.0025,trending,0.32115040085896335,0.4231364235037044,0.25571317563733226,3
1790948700000,86900.84,86565.05,-0.010144047742131623,0.0,0.0025,trending,0.2900049376906804,0.45195138263420015,0.2580436796751195,3
1790949600000,86565.06,86356.0,-0.008300523414701999,0.0,0.0025,trending,0.22246044238964482,0.45478362596280264,0.3227559316475525,3
1790950500000,86356.0,86081.86,-0.006945133388149394,0.0,0.0025,high_volatility,0.18252712511871208,0.44836565030010317,0.3691072245811848,3
1790951400000,86081.86,85954.0,-0.007126020894897223,0.0,0.0025,high_volatility,0.22286312413977,0.4480717101029102,0.32906516575731976,3
1790952300000,85954.0,85686.93,-0.0042121943218177416,0.0,0.002524229103392957,high_volatility,0.17323925808136253,0.4632349994333003,0.3635257424853371,3
1790953200000,85686.93,85639.2,-0.0050349606255080115,0.0,0.002541810586342916,high_volatility,0.16574389737188447,0.5333512767898267,0.3009048258382888,3
1790954100000,85639.19,85484.01,-0.0035715451345812443,0.0,0.0025511238276835933,high_volatility,0.1417957149764606,0.5728277106268302,0.2853765743967091,3
1790955000000,85484.0,85341.49,-0.001751668502624093,1.0,0.0025,high_volatility,0.14802565930462613,0.5950530613580987,0.25692127933727515,3
1790955900000,85341.5,85326.0,-0.0019453624920892088,1.0,0.0025,high_volatility,0.13780707773452577,0.6315966598049113,0.23059626246056286,3
1790956800000,85326.0,85208.01,-0.003381137524511968,0.0,0.0025,high_volatility,0.13235375895555332,0.6468728276129392,0.2207734134315075,3
1790957700000,85208.01,85178.7,-0.006973104778541961,0.0,0.0025,high_volatility,0.12496628265939873,0.6884380089374766,0.18659570840312462,3
1790958600000,85178.69,85192.0,-0.00689947412902614,0.0,0.0025,high_volatility,0.13582371004968377,0.6616535298359191,0.20252276011439715,3
1790959500000,85192.0,85160.01,-0.004523954377177675,0.0,0.0025,high_volatility,0.1377741513238012,0.6939356789321451,0.16829016974405367,3
1790960400000,85160.0,84919.91,-0.00033784774383305294,1.0,0.0025,high_volatility,0.1284312219643066,0.6635263777068174,0.20804240032887605,3
1790961300000,84919.91,84584.74,0.00043151991718604066,1.0,0.0025,high_volatility,0.12043185265759107,0.5532468798415542,0.3263212675008547,3
1790962200000,84584.75,84604.22,-0.006660424267252885,0.0,0.002516285632395134,high_volatility,0.127705945049948,0.6247518662720184,0.2475421886780336,3
1790963100000,84604.21,84774.75,-0.006048263191575365,0.0,0.0025,high_volatility,0.1261845203227717,0.6535010979744126,0.22031438170281584,3
1790964000000,84774.75,84891.22,-0.008969832215864115,0.0,0.0025,high_volatility,0.14233361504589628,0.6357158430362619,0.22195054191784175,3
1790964900000,84891.21,84621.24,-0.005675052740895858,0.0,0.0025,high_volatility,0.12192836223570398,0.6434956035903572,0.23457603417393885,3
1790965800000,84621.25,84040.72,0.0017288047984356236,1.0,0.0025714275260038757,high_volatility,0.11196568217886511,0.5616530759683236,0.32638124185281137,3
1790966700000,84040.88,84262.01,0.0006321947458884924,1.0,0.0025890044544827624,high_volatility,0.12507737539258648,0.6266689438650068,0.24825368074240664,3
1790967600000,84262.01,84129.76,0.002903253260201799,2.0,0.0025265641942685776,high_volatility,0.11706766465062925,0.636327342981651,0.24660499236771993,3
1790968500000,84129.76,84141.01,0.0024600370259402204,1.0,0.0025,high_volatility,0.140615011137675,0.6600388755038795,0.19934611335844538,3
1790969400000,84141.01,84186.01,0.0006176798258998861,1.0,0.0025,high_volatility,0.15612870759151543,0.6113754827789458,0.2324958096295388,3
1790970300000,84186.01,84315.28,0.00170502902913916,1.0,0.0025,high_volatility,0.11929428416858129,0.631449459962803,0.2492562558686156,3
1790971200000,84315.27,84374.01,0.0014458243717467845,1.0,0.0025,trending,0.11582565117225695,0.6682785086318426,0.21589584019590038,3
1790972100000,84374.0,84348.0,0.0010197040830843829,1.0,0.0025,trending,0.11402729062741147,0.7138414244075234,0.17213128496506513,3
1790973000000,84348.0,84238.01,0.0033475387179731086,2.0,0.0025,trending,0.10870177722377142,0.7056193670843636,0.18567885569186499,3
1790973900000,84238.01,84459.04,0.0008601802719994112,1.0,0.0025,trending,0.12186437382823365,0.7069511494660214,0.1711844767057449,3
1790974800000,84459.04,84496.0,0.0005906788487028969,1.0,0.0025,low_liquidity,0.12090784999448664,0.7347899392008428,0.14430221080467062,3
1790975700000,84496.0,84434.01,0.001077764753800059,1.0,0.0025,trending,0.10412424692068845,0.7519204727868,0.14395528029251162,3
1790976600000,84434.0,84520.0,-0.00011831519167060378,1.0,0.0025,trending,0.11404567084879792,0.7316103873903298,0.1543439417608722,3
1790977500000,84519.99,84531.69,0.00033490398689539624,1.0,0.0025,trending,0.10251109571040154,0.7649571621227561,0.1325317421668423,3
1790978400000,84531.68,84545.91,-0.0006527814296398704,1.0,0.0025,trending,0.12532405026661805,0.7378992105769074,0.13677673915647445,3
1790979300000,84546.0,84525.01,0.00048494522508790716,1.0,0.0025,trending,0.10021360146546869,0.7271717767119537,0.1726146218225777,3
1790980200000,84525.02,84510.0,0.0008210862619808523,1.0,0.0025,trending,0.1184193202808035,0.6789128441067169,0.2026678356124794,3
1790981100000,84510.0,84560.0,-0.0004965704824977379,1.0,0.0025,trending,0.10100194603628017,0.7418538318405903,0.1571442221231295,3
1790982000000,84559.99,84490.72,0.0003384987132315498,1.0,0.0025,low_liquidity,0.09761930476596188,0.727289375453777,0.17509131978026113,3
1790982900000,84490.72,84566.0,-8.644135941160425e-05,1.0,0.0025,low_liquidity,0.09880308498303463,0.7593796443298262,0.14181727068713904,3
1790983800000,84566.01,84579.39,0.0006090136143095393,1.0,0.0025,trending,0.09205157330265992,0.7604086587752216,0.14753976792211848,3
1790984700000,84579.39,84518.01,0.00168129845934617,1.0,0.0025,trending,0.11291085798667058,0.6964461835624153,0.19064295845091409,3
1790985600000,84518.0,84519.32,0.0015674522700843685,1.0,0.0025,trending,0.09356265951418745,0.7381984123299803,0.16823892815583233,3
1790986500000,84519.31,84558.69,0.0006610793047998609,1.0,0.0025,trending,0.09178196602028968,0.7648100774640906,0.1434079565156198,3
1790987400000,84558.68,84630.9,-4.419189681303948e-05,1.0,0.0025,trending,0.10029355284111344,0.7768822525244592,0.12282419463442748,3
1790988300000,84630.9,84660.11,-0.00023753808021276246,1.0,0.0025,low_liquidity,0.09988323183742492,0.8067868225035848,0.09332994565899022,3
1790989200000,84660.11,84651.8,-0.0004465351002578277,1.0,0.0025,trending,0.08478204268458109,0.8091573683934661,0.10606058892195276,3
1790990100000,84651.79,84614.59,0.00031814844224853367,1.0,0.0025,trending,0.08253915995196279,0.8065715329031168,0.1108893071449204,3
1790991000000,84614.6,84627.16,0.0006130419595788972,1.0,0.0025,trending,0.08436045897161251,0.8117132249712028,0.1039263160571847,3
1790991900000,84627.17,84640.0,-0.0004725897920604405,1.0,0.0025,low_liquidity,0.08847340968024754,0.837427115151115,0.07409947516863734,3
1790992800000,84640.01,84614.0,-0.0009615430070674114,1.0,0.0025,low_liquidity,0.08367524953458676,0.8316020649967653,0.08472268546864804,3
1790993700000,84614.0,84641.51,-0.000561190366287212,1.0,0.0025,ranging,0.08270115390213055,0.8306239490195064,0.08667489707836284,3
1790994600000,84641.52,84679.04,-0.0002791717997747689,1.0,0.0025,ranging,0.08389486533055429,0.8368387420205428,0.07926639264890283,3
1790995500000,84679.03,84600.0,0.0011768321513001556,1.0,0.0025,ranging,0.07709039957411254,0.8338756908246144,0.08903390960127307,3
1790996400000,84600.01,84532.64,0.0015496972530373299,1.0,0.0025,ranging,0.08190983273825911,0.8208125889998406,0.09727757826190031,3
1790997300000,84532.64,84594.01,-0.0007803152965557558,1.0,0.0025,ranging,0.09744895698443626,0.8145516318731406,0.08799941114242318,3
1790998200000,84594.01,84655.4,-0.001244929443366849,1.0,0.0025,ranging,0.10128443474168201,0.8203927601204415,0.0783228051378763,3
1790999100000,84655.39,84699.56,-0.001444281410670878,1.0,0.0025,ranging,0.11656335774603345,0.8044754001637131,0.0789612420902535,3
1791000000000,84699.56,84663.64,-0.001103779615428735,1.0,0.0025,low_liquidity,0.11234030082270872,0.8039330638857525,0.08372663529153879,3
1791000900000,84663.63,84528.0,0.0010840194964982786,1.0,0.0025,ranging,0.1047474162415049,0.779881670840735,0.11537091291776007,3
1791001800000,84528.0,84550.01,0.0010339442893028128,1.0,0.0025,ranging,0.10614659056916897,0.7990022945162498,0.09485111491458126,3
1791002700000,84550.01,84577.23,0.0008851082022904855,1.0,0.0025,ranging,0.10751472976661544,0.8001166106259155,0.092368659607469,3
1791003600000,84577.23,84570.19,0.0006879492643920848,1.0,0.0025,ranging,0.11122039962182334,0.7983517956717044,0.09042780470647226,3
1791004500000,84570.2,84619.63,0.000353582259813745,1.0,0.0025,ranging,0.12274272513470857,0.8001879484177994,0.07706932644749223,3
1791005400000,84619.64,84637.43,0.00018183444369723745,1.0,0.0025,low_liquidity,0.12100334367270403,0.7768080628360083,0.1021885934912876,3
1791006300000,84637.44,84652.09,-0.00078072496497128,1.0,0.0025,ranging,0.13911278456281334,0.7775054512014569,0.08338176423572989,3
1791007200000,84652.09,84628.37,-0.0004771449574177966,1.0,0.0025,ranging,0.12002747627359575,0.7729998139950811,0.10697270973132325,3
1791008100000,84628.37,84649.55,-0.00023508689650453274,1.0,0.0025,ranging,0.1215251178464131,0.7746583917898495,0.10381649036373747,3
1791009000000,84649.55,84652.82,-0.0009782308492500835,1.0,0.0025,ranging,0.13764390406241683,0.7670083280089216,0.0953477679286615,3
1791009900000,84652.82,84586.0,-0.000307379471780167,1.0,0.0025,ranging,0.1297471085132898,0.6960856676237266,0.17416722386298356,3
1791010800000,84586.01,84587.99,0.0006557668529538763,1.0,0.0025,ranging,0.13469870518551622,0.7298276336693587,0.1354736611451252,3
1791011700000,84587.99,84629.65,-0.00047004802690309155,1.0,0.0025,ranging,0.15225866994364254,0.6940890823268542,0.15365224772950334,3
1791012600000,84629.66,84570.01,0.0006576799506115005,1.0,0.0025,ranging,0.16123788773663472,0.6704978843064904,0.16826422795687485,3
1791013500000,84570.0,84560.0,0.0006623699148533557,1.0,0.0025,ranging,0.14638976261938588,0.7116775905174967,0.14193264686311752,3
1791014400000,84560.0,84643.46,-4.075920336921168e-05,1.0,0.0025,ranging,0.1692284837274487,0.6905804147048444,0.14019110156770703,3
1791015300000,84643.46,84589.87,9.682010387290774e-05,1.0,0.0025,ranging,0.1774990409682952,0.6786745850061747,0.14382637402553017,3
1791016200000,84589.86,84625.63,-0.0004203218339409176,1.0,0.0025,ranging,0.145886707453793,0.7257171109542758,0.12839618159193122,3
1791017100000,84625.63,84616.01,-0.0001890895115475022,1.0,0.0025,ranging,0.1354633329544901,0.7488911191581547,0.11564554788735534,3
1791018000000,84616.02,84640.01,-0.0007000235467835569,1.0,0.0025,ranging,0.14119502137803905,0.7606310461491276,0.09817393247283328,3
1791018900000,84640.01,84598.06,-0.0001398377220470648,1.0,0.0025,ranging,0.10959151544941341,0.796545357932918,0.0938631266176685,3
1791019800000,84598.06,84590.06,0.00012932961626943573,1.0,0.0025,ranging,0.11174019245082811,0.8081083923421623,0.08015141520700957,3
1791020700000,84590.06,84600.01,0.00042695030414319213,1.0,0.0025,ranging,0.12404471775907866,0.7977800527039691,0.07817522953695219,3
1791021600000,84600.0,84580.76,0.0007595107918161315,1.0,0.0025,ranging,0.13818181826452017,0.7715306250559909,0.09028755667948894,3
1791022500000,84580.76,84586.23,0.0007683283673951546,1.0,0.0025,ranging,0.13188080454991533,0.7614309507627612,0.1066882446873234,3
1791023400000,84586.24,84601.0,0.000691008380515612,1.0,0.0025,ranging,0.13182267210243004,0.78283843976735,0.08533888813021999,3
1791024300000,84601.0,84636.13,0.00042393242696703304,1.0,0.0025,ranging,0.12132221696195983,0.8012240472131446,0.07745373582489551,3
1791025200000,84636.13,84645.0,0.0006023982515210857,1.0,0.0025,ranging,0.14025171332379158,0.7856792172473411,0.07406906942886736,3
1791026100000,84645.0,84651.22,0.0024828939263958905,1.0,0.0025,ranging,0.11643781689352707,0.8131893637879097,0.07037281931856325,3
1791027000000,84651.22,84659.46,0.0019200453203929158,1.0,0.0025,ranging,0.12131895774377824,0.8045062041358954,0.07417483812032642,3
1791027900000,84659.46,84672.01,0.0025511382096634616,2.0,0.0025,ranging,0.13686719639759276,0.7847001919658925,0.0784326116365148,3
1791028800000,84672.01,84695.99,0.0018575849931030675,1.0,0.0025,ranging,0.1495590118833823,0.7820417051090948,0.06839928300752274,3
1791029700000,84696.0,84861.4,-0.0005820078386640226,1.0,0.0025,ranging,0.32233365651628815,0.5739557162111433,0.10371062727256855,3
1791030600000,84861.41,84822.01,0.00013463486658715773,1.0,0.0025,ranging,0.21103392852723082,0.6750628827008652,0.11390318877190389,3
1791031500000,84822.02,84888.02,-0.0002118084507096718,1.0,0.0025,trending,0.22523347733109197,0.6479010760491506,0.1268654466197574,3
1791032400000,84888.02,84853.32,-0.0007177091008343517,1.0,0.0025,trending,0.1716069175688439,0.6952122931526099,0.13318078927854632,3
1791033300000,84853.32,84812.01,0.00016495305322927756,1.0,0.0025,trending,0.12275994590863155,0.7713429625318944,0.10589709155947412,3
1791034200000,84812.01,84833.43,-0.0009598810280333492,1.0,0.0025,trending,0.1431844810784096,0.7397963187353704,0.11701920018621995,3
1791035100000,84833.43,84870.04,-0.0001653115752037193,1.0,0.0025,trending,0.1301496448991649,0.7848970205409533,0.08495333455988183,3
1791036000000,84870.03,84792.42,0.0009515001458857419,1.0,0.0025,trending,0.1707162917495013,0.6985851018013699,0.13069860644912876,3
1791036900000,84792.42,84826.0,0.0001492466932309089,1.0,0.0025,trending,0.1400448479049496,0.7571455072656799,0.10280964482937052,3
1791037800000,84826.01,84752.0,0.0008052907306022039,1.0,0.0025,trending,0.14810869285130782,0.7182631306276213,0.1336281765210709,3
1791038700000,84752.0,84856.01,0.00013281322089042646,1.0,0.0025,trending,0.2309767903516966,0.6689368557708792,0.10008635387742415,3
1791039600000,84856.01,84873.1,-0.0003881088354260598,1.0,0.0025,trending,0.2111925473644361,0.6815644774580758,0.10724297517748818,3
1791040500000,84873.1,84838.66,-0.0002998632934561041,1.0,0.0025,trending,0.1674257819007948,0.7300862987501339,0.1024879193490712,3
1791041400000,84838.66,84820.25,0.000280475476080122,1.0,0.0025,trending,0.21236256874574536,0.6413917176623875,0.1462457135918672,3
1791042300000,84820.25,84867.28,8.837328119959409e-06,1.0,0.0025,trending,0.19671799643433138,0.6838919798471216,0.11939002371854715,3
1791043200000,84867.27,84840.16,0.0005843930515925244,1.0,0.0025,trending,0.17715849259710958,0.7040240896254514,0.11881741777743911,3
1791044100000,84840.16,84813.22,0.0009525637630547479,1.0,0.0025,trending,0.16307852278502438,0.7318788225784516,0.105042654636524,3
1791045000000,84813.23,84844.04,0.0017024177537985352,1.0,0.0025,trending,0.1853232999425272,0.705258499585616,0.10941820047185681,3
1791045900000,84844.04,84868.03,0.0016963985142579574,1.0,0.0025,ranging,0.20885201280742585,0.6779574718711308,0.11319051532144327,3
1791046800000,84868.02,84889.74,0.0011722264669440374,1.0,0.0025,ranging,0.2207149693955423,0.6591784660912196,0.12010656451323812,3
1791047700000,84889.74,84894.01,0.0011987889369344806,1.0,0.0025,ranging,0.21418310557236986,0.659829137684175,0.12598775674345525,3
1791048600000,84894.01,84988.48,-0.0005467799871229362,1.0,0.0025,ranging,0.2653061805498607,0.6284923703695671,0.1062014490805721,3
1791049500000,84988.49,85012.0,-0.000729426433915159,1.0,0.0025,ranging,0.2501758495042872,0.6291090909460023,0.12071505954971051,3
1791050400000,85012.01,84989.25,-0.0014048835588029718,1.0,0.0025,ranging,0.22762548081139797,0.6459410929855997,0.1264334262030024,3
1791051300000,84989.25,84995.78,-0.0019726861733605494,1.0,0.0025,ranging,0.18258384459825114,0.7301770830239678,0.08723907237778109,3
1791052200000,84995.78,84942.01,-0.001848555267293439,1.0,0.0025,ranging,0.19139543043925275,0.6598117719354897,0.14879279762525757,3
1791053100000,84942.0,84949.99,-0.0012653326975082813,1.0,0.0025,ranging,0.2064630371368803,0.6991053277656253,0.09443163509749429,3
1791054000000,84950.0,84869.85,0.00021008638521213818,1.0,0.0025,ranging,0.20408099695596466,0.6609180298931008,0.1350009731509344,3
1791054900000,84869.85,84828.11,0.0007195727925566331,1.0,0.0025,ranging,0.1964509119542352,0.7027519539816575,0.10079713406410748,3
1791055800000,84828.1,84784.99,0.000866544891967358,1.0,0.0025,ranging,0.1765009621112972,0.7110043001990192,0.1124947376896836,3
1791056700000,84784.99,84842.5,-0.001093202109791691,1.0,0.0025,ranging,0.22540548965864038,0.689305875986126,0.08528863435523368,3
1791057600000,84842.5,84887.68,-0.002387154413926673,1.0,0.0025,ranging,0.19222201930747193,0.7353729007726131,0.07240507991991495,3
1791058500000,84887.68,84889.15,-0.002102388821186185,1.0,0.0025,ranging,0.20966332078019703,0.7249253013065312,0.06541137791327177,3
1791059400000,84889.16,84858.46,-0.0018502574758015866,1.0,0.0025,low_liquidity,0.18397161711279691,0.7424530527409186,0.07357533014628463,3
1791060300000,84858.46,84749.75,-0.0004082607913298286,1.0,0.0025,ranging,0.23368674339825365,0.6279843629005049,0.1383288937012414,3
1791061200000,84749.76,84685.04,0.0012106034312553415,1.0,0.0025,ranging,0.26403696141049887,0.587386393751976,0.14857664483752497,3
1791062100000,84685.04,84710.68,0.0008656523593011389,1.0,0.0025,trending,0.2139780278355239,0.668212025233043,0.11780994693143307,3
1791063000000,84710.69,84701.45,0.0011871107283287774,1.0,0.0025,trending,0.20661562576384365,0.6668310527155641,0.1265533215205922,3
1791063900000,84701.71,84715.15,0.0007184075103450205,1.0,0.0025,trending,0.1719221759728246,0.7111830240105441,0.11689480001663133,3
1791064800000,84715.15,84787.56,-0.0003249297420517827,1.0,0.0025,trending,0.1991080363968291,0.6815542063823803,0.11933775722079065,3
1791065700000,84787.57,84784.01,-0.0005425551351014857,1.0,0.0025,trending,0.2295304896596847,0.6454855802137086,0.12498393012660665,3
1791066600000,84784.01,84802.0,-0.00027888493195904474,1.0,0.0025,low_liquidity,0.19811519434073624,0.7057420347519829,0.09614277090728064,3
1791067500000,84802.0,84776.01,-0.0002648154825874993,1.0,0.0025,trending,0.18533963628145955,0.6985195985580331,0.11614076516050732,3
1791068400000,84776.02,84760.01,0.0007081169527942688,1.0,0.0025,low_liquidity,0.17885867843215028,0.7157197594534304,0.10542156211441935,3
1791069300000,84760.01,84738.01,0.0008369325642647585,1.0,0.0025,trending,0.2110052570721604,0.6329629550166952,0.15603178791114444,3
1791070200000,84738.0,84778.35,0.0003032613868987344,1.0,0.0025,low_liquidity,0.18631538309982693,0.6788821867503787,0.13480243014979437,3
1791071100000,84778.35,84753.56,0.0004299524409359101,1.0,0.0025,trending,0.1625022823137127,0.6581235108779357,0.17937420680835164,3
1791072000000,84753.57,84820.03,-0.000589837093903367,1.0,0.0025,trending,0.14564863820607907,0.6924377890941447,0.16191357269977627,3
1791072900000,84820.03,84808.93,-0.000724334100194346,1.0,0.0025,trending,0.12020148959326411,0.7434400372336287,0.13635847317310726,3
1791073800000,84808.93,84804.06,-0.0003443231373592148,1.0,0.0025,trending,0.12782639030650525,0.7529053131932094,0.11926829650028523,3
1791074700000,84804.05,84790.0,0.00014848449109550188,1.0,0.0025,trending,0.1443903143596246,0.687025863088919,0.16858382255145657,3
1791075600000,84790.0,84770.0,0.0006843222838268659,1.0,0.0025,trending,0.1154911948896355,0.7385681988303122,0.14594060628005215,3
1791076500000,84770.0,84747.5,0.0010443965898698782,1.0,0.0025,trending,0.11323486432847314,0.7533547087822912,0.13341042688923574,3
1791077400000,84747.51,84774.86,0.00029666813958750815,1.0,0.0025,trending,0.11989181483964277,0.7530788741480218,0.1270293110123356,3
1791078300000,84774.86,84802.59,-4.9526789216436384e-06,1.0,0.0025,trending,0.1329390043551761,0.7498031251408841,0.11725787050393992,3
1791079200000,84802.6,84828.01,-0.0001844909482138224,1.0,0.0025,trending,0.12006069874593071,0.7660664391600329,0.11387286209403631,3
1791080100000,84828.0,84836.01,-0.0004667829144722191,1.0,0.0025,ranging,0.12780008554866043,0.7429461151233964,0.1292537993279433,3
1791081000000,84836.0,84800.01,0.0010018866743057853,1.0,0.0025,ranging,0.10762519397265911,0.7704213918254935,0.12195341420184741,3
1791081900000,84800.01,84802.17,0.00045635624654405404,1.0,0.0025,ranging,0.1088939977851027,0.7858682609760521,0.10523774123884515,3
1791082800000,84802.17,84812.36,-4.999271332628563e-05,1.0,0.0025,ranging,0.11589160886490454,0.7951778062430102,0.08893058489208536,3
1791083700000,84812.35,84796.41,0.00018397005250569975,1.0,0.0025,ranging,0.10657163388740273,0.7774099433012219,0.11601842281137531,3
1791084600000,84796.42,84884.97,-0.0008596339257703756,1.0,0.0025,ranging,0.13682946510942567,0.7411810987975307,0.12198943609304362,3
1791085500000,84884.97,84840.87,-0.00034099131703846375,1.0,0.0025,ranging,0.10759943906591588,0.7666314583404205,0.1257691025936637,3
1791086400000,84840.88,84808.12,0.0003052773720251256,1.0,0.0025,ranging,0.09533912561831863,0.78434879787212,0.12031207650956136,3
1791087300000,84808.11,84812.01,0.000581639322072558,1.0,0.0025,low_liquidity,0.11649226239483382,0.795099683533371,0.08840805407179525,3
1791088200000,84812.0,84812.0,0.0013166768853463129,1.0,0.0025,low_liquidity,0.10982631894832164,0.8028282537093026,0.08734542734237587,3
1791089100000,84812.0,84811.94,0.0011799046219198583,1.0,0.0025,low_liquidity,0.11331358621073506,0.806388210133532,0.0802982036557328,3
1791090000000,84811.94,84834.01,0.0010442745780849805,1.0,0.0025,ranging,0.11645122418938159,0.8030773660414251,0.08047140976919329,3
1791090900000,84834.01,84861.34,0.0010165995493354174,1.0,0.0025,ranging,0.13977231701228168,0.7451574678077141,0.11507021518000418,3
1791091800000,84861.34,84923.67,0.0004029500844699996,1.0,0.0025,ranging,0.1920778081614304,0.7231251035467464,0.08479708829182317,3
1791092700000,84923.68,84912.01,0.0014100478836858166,1.0,0.0025,ranging,0.14240772417590153,0.7276640225231602,0.12992825330093818,3
1791093600000,84912.01,84922.6,0.0007834192547095942,1.0,0.0025,ranging,0.1717332081912852,0.7046345767743244,0.12363221503439038,3
1791094500000,84922.6,84947.61,0.0002958293941408563,1.0,0.0025,ranging,0.15311389535319692,0.6825985094363033,0.1642875952104998,3
1791095400000,84947.62,84957.89,0.0001660822791149652,1.0,0.0025,trending,0.14558414715454288,0.6890397982493628,0.16537605459609422,3
1791096300000,84957.89,85031.74,0.0008733209505062955,1.0,0.0025,trending,0.16067922836923582,0.6743572096367052,0.164963561994059,3
1791097200000,85031.74,84989.13,0.0018916536738284861,1.0,0.0025,trending,0.12565656451048568,0.7114911910196577,0.16285224446985644,3
1791098100000,84989.13,84972.74,0.0019447413370452526,1.0,0.0025,trending,0.12034563468891238,0.7198495442954558,0.1598048210156317,3
1791099000000,84972.73,84972.0,0.0012361719154543316,1.0,0.0025,trending,0.12663551283165947,0.7182244317480408,0.15514005542029954,3
1791099900000,84972.01,85106.0,5.640025380060365e-06,1.0,0.0025,trending,0.1798409338496086,0.630155618053015,0.1900034480973764,3
1791100800000,85106.01,85149.9,-0.00025707605058844507,1.0,0.0025,trending,0.17073558450168694,0.6362185352401761,0.19304588025813696,3
1791101700000,85149.9,85137.99,0.0014808900233609368,1.0,0.0025,trending,0.14417811086791746,0.6293940740113191,0.2264278151207635,3
1791102600000,85137.99,85077.04,0.002338586297783829,1.0,0.0025,trending,0.13986154119584807,0.6245394669686285,0.23559899183552327,3
1791103500000,85077.05,85106.48,0.0014964782940147803,1.0,0.0025,trending,0.16582344352550998,0.6515404135887677,0.18263614288572239,3
1791104400000,85106.48,85128.01,0.0016096934487250802,1.0,0.0025,trending,0.14855324613730764,0.6457974490367826,0.20564930482590976,3
1791105300000,85128.02,85264.07,0.001301720642704396,1.0,0.0025,trending,0.22889804235750152,0.5367508422849575,0.23435111535754094,3
1791106200000,85264.08,85276.0,0.0007271682536704738,1.0,0.0025,trending,0.1997855332848988,0.5556592368131129,0.24455522990198822,3
1791107100000,85276.01,85233.84,0.0003539673913552921,1.0,0.0025,trending,0.17733825797519495,0.5669883033893819,0.25567343863542324,3
1791108000000,85233.84,85265.04,-1.8765017878230594e-05,1.0,0.0025,trending,0.1585409142764234,0.6039918836964775,0.2374672020270991,3
1791108900000,85265.03,85375.06,-0.0007385060695711543,1.0,0.0025,trending,0.20281985474202766,0.5239159638167035,0.27326418144126885,3
1791109800000,85375.07,85338.01,-0.0007415218611260821,1.0,0.0025,trending,0.17605719870086975,0.579546531491846,0.2443962698072843,3
1791110700000,85338.01,85264.01,0.0005330502283438232,1.0,0.0025,trending,0.14786262586327176,0.5799799394697404,0.27215743466698783,3
1791111600000,85264.01,85263.44,-0.0003167829024961488,1.0,0.0025,trending,0.15633936968765993,0.5031985553268006,0.3404620749855395,3
1791112500000,85263.43,85312.01,-0.0004220976624509376,1.0,0.0025,trending,0.1817445444128885,0.5793223807618992,0.23893307482521237,3
1791113400000,85312.0,85274.73,-0.0009084754651231819,1.0,0.0025,trending,0.17012676847699346,0.5775544517480343,0.25231877977497214,3
1791114300000,85274.72,85309.46,-0.002127782780479537,1.0,0.0025,trending,0.19171300751116654,0.5783860972150534,0.22990089527378002,3
1791115200000,85309.47,85236.43,-0.0008753299498815981,1.0,0.0025,trending,0.16476940624447406,0.4700919709147586,0.3651386228407673,3
1791116100000,85236.42,85276.0,-0.0005863314414372711,1.0,0.0025,trending,0.16629054052066758,0.5002307037863513,0.33347875569298124,3
1791117000000,85276.01,85197.26,0.00036104447490448166,1.0,0.0025,trending,0.13255783903550053,0.5224372609862513,0.34500489997824807,3
1791117900000,85197.27,85127.94,0.0013297631776358898,1.0,0.0025,trending,0.17181693015291508,0.5207196413050373,0.30746342854204767,3
1791118800000,85127.94,85161.82,0.0005656290577162881,1.0,0.0025,trending,0.16759759987230308,0.5680664814802222,0.26433591864747474,3
1791119700000,85161.83,85226.0,-0.000448572032008987,1.0,0.0025,trending,0.1987240377036447,0.5643423303897448,0.2369336319066106,3
1791120600000,85226.01,85228.02,-0.0011870509252708272,1.0,0.0025,trending,0.2038068181748465,0.5231957529892611,0.27299742883589234,3
1791121500000,85228.02,85241.14,0.000437582134636072,1.0,0.0025,trending,0.18589297565865615,0.5205497631109806,0.2935572612303633,3
1791122400000,85241.15,85209.99,0.0016149514863221803,1.0,0.0025,trending,0.17620064230239682,0.49053621219567684,0.3332631455019265,3
1791123300000,85209.99,85187.77,0.0015523355054369858,1.0,0.0025,trending,0.1732832171247827,0.49412243323179944,0.3325943496434179,3
1791124200000,85187.78,85126.85,0.0025365674872264155,2.0,0.0025,trending,0.19221118329816725,0.4612423016306232,0.3465465150712097,3
1791125100000,85126.85,85278.44,-0.00026302075882256304,1.0,0.0025,trending,0.21114423282921543,0.5062935776323115,0.282562189538473,3
1791126000000,85278.45,85347.6,-0.0006619986970928249,1.0,0.0025,trending,0.19778480241138244,0.5292497449755754,0.27296545261304217,3
1791126900000,85347.6,85320.01,-0.0008942802514907422,1.0,0.0025,trending,0.1865171745706029,0.5288587193385396,0.2846241060908575,3
1791127800000,85320.01,85342.78,3.0348202858965223e-05,1.0,0.0025,trending,0.176394478349471,0.5602954872300703,0.2633100344204587,3
1791128700000,85342.77,85256.01,0.001383949354420988,1.0,0.0025,trending,0.17936444461258585,0.5365111600507104,0.28412439533670375,3
1791129600000,85256.01,85291.1,0.0003135145402040074,1.0,0.0025,trending,0.1997144423691207,0.5409076880813979,0.25937786954948144,3
1791130500000,85291.09,85243.71,0.0016692140686977996,1.0,0.0025,trending,0.1833374617884784,0.5380469241582342,0.2786156140532874,3
1791131400000,85243.7,85345.37,0.0008744469676562616,1.0,0.0025,trending,0.2008645066627686,0.5588662994636937,0.24026919387353768,3
1791132300000,85345.37,85374.0,-0.0006380162578770721,1.0,0.0025,trending,0.18258165881535246,0.5616837428383451,0.25573459834630247,3
1791133200000,85374.0,85317.84,1.7581317107939753e-05,1.0,0.0025,trending,0.17466154992598784,0.5452869234523067,0.2800515266217054,3
1791134100000,85317.85,85386.0,-0.0007029255381444388,1.0,0.0025,low_liquidity,0.22680179673364748,0.5525240589500445,0.22067414431630794,3
1791135000000,85386.0,85420.0,-0.0009103254507140113,1.0,0.0025,trending,0.22426142980016683,0.571317975223685,0.20442059497614812,3
1791135900000,85420.0,85319.53,0.00022632567244573742,1.0,0.0025,trending,0.17069537145398578,0.560047416202347,0.26925721234366723,3
1791136800000,85319.54,85319.34,0.0008046241332857473,1.0,0.0025,low_liquidity,0.16645852309141126,0.6241534877004976,0.20938798920809115,3
1791137700000,85319.34,85325.98,0.0015999816234164577,1.0,0.0025,low_liquidity,0.1634733551554365,0.618429076429616,0.21809756841494754,3
1791138600000,85325.97,85342.24,0.0011321474571091006,1.0,0.0025,trending,0.1541544491429913,0.6276799053906599,0.21816564546634884,3
1791139500000,85342.24,85338.84,0.0010447763292775747,1.0,0.0025,trending,0.1798960101825248,0.5973275112755255,0.22277647854194949,3
1791140400000,85338.84,85387.99,0.000555113195661372,1.0,0.0025,trending,0.1949076690965343,0.5584374513695337,0.2466548795339321,3
1791141300000,85387.99,85462.5,0.00013807225391260225,1.0,0.0025,trending,0.21087116725881747,0.5919289140874584,0.1971999186537241,3
1791142200000,85462.5,85438.86,0.003746772838495227,2.0,0.0025,trending,0.19347674536486237,0.5565649162009385,0.24995833843419918,3
1791143100000,85438.86,85428.0,0.004640633047712672,2.0,0.0025,trending,0.15099119529912813,0.5257850294563419,0.32322377524453,3
1791144000000,85428.0,85435.39,0.006936703864756755,2.0,0.0025,trending,0.16744450241514022,0.5253709669261674,0.3071845306586924,3
1791144900000,85435.39,85474.3,0.0041302473375037785,2.0,0.0025,trending,0.2120900039798958,0.4995202266220418,0.28838976939806227,3
1791145800000,85474.3,85758.98,0.0026352925372945535,2.0,0.0025,trending,0.22936796279879587,0.5642399993881344,0.20639203781306972,3
1791146700000,85758.98,85824.44,0.0004774863663543627,1.0,0.0025,trending,0.20190984265967707,0.543324127555914,0.254766029784409,3
1791147600000,85824.45,86028.03,0.0034486434247071873,2.0,0.0025,trending,0.2570785604962347,0.49147857301476544,0.2514428664889998,3
1791148500000,86028.02,85827.33,0.004864301382788039,2.0,0.0025,trending,0.19789864672672958,0.48885098168535,0.3132503715879204,3
1791149400000,85827.34,85984.98,0.004547538418919306,2.0,0.0025,trending,0.21777387381868665,0.4787505375914115,0.3034755885899018,3
1791150300000,85984.99,85865.42,0.00655199729996081,2.0,0.0025,high_volatility,0.19615700420628895,0.4429702809805922,0.3608727148131189,3
1791151200000,85865.43,86324.71,0.0029806065957243,2.0,0.0025,high_volatility,0.30303514887213856,0.3454697261229293,0.35149512500493213,3
1791152100000,86324.71,86244.82,0.0051387434051111125,2.0,0.0025,high_volatility,0.2835280764031144,0.27406556176466845,0.44240636183221727,3
1791153000000,86244.83,86376.0,0.0017038297675280312,1.0,0.0025,high_volatility,0.33389732724353033,0.27162140189666045,0.3944812708598092,3
1791153900000,86376.0,86428.01,0.0011800572522728814,1.0,0.0025,high_volatility,0.2903028409640778,0.3457834063377813,0.3639137526981409,3
1791154800000,86428.01,86582.01,-0.0025642740333701175,0.0,0.0025,high_volatility,0.31501435432824026,0.3223762383059528,0.362609407365807,3
1791155700000,86582.0,86688.01,-0.0047758623136001654,0.0,0.0025,high_volatility,0.3290906015994588,0.30596589436575194,0.36494350403478926,3
1791156600000,86688.0,86523.17,0.001142352967419047,1.0,0.0025,high_volatility,0.3064028788341067,0.3397340298830416,0.3538630912828517,3
1791157500000,86523.18,86530.0,0.0014152317115452284,1.0,0.0025,high_volatility,0.327224814733836,0.3461659208676632,0.32660926439850074,3
1791158400000,86530.0,86359.99,0.004530222849724597,2.0,0.0025,high_volatility,0.29999123296508257,0.32384867589733557,0.3761600911375818,3
1791159300000,86359.99,86274.0,0.007773720935623674,2.0,0.0025,high_volatility,0.27898093448039607,0.38583884283453496,0.3351802226850689,3
1791160200000,86274.01,86622.01,0.0011543255576729194,1.0,0.0025,high_volatility,0.3634641366655755,0.3626526442933834,0.27388321904104107,3
1791161100000,86622.01,86652.46,-0.00042872412393146764,1.0,0.0025,high_volatility,0.370115030312278,0.35071336432478356,0.27917160536293845,3
1791162000000,86652.45,86751.22,-0.0009591795942467396,1.0,0.0025,high_volatility,0.4077640553347776,0.3107468523542582,0.2814890923109642,3
1791162900000,86751.23,86944.67,-0.0049789136010292,0.0,0.0025,high_volatility,0.43712287860722454,0.27532918804951284,0.2875479333432626,3
1791163800000,86944.68,86722.0,-0.0004613592859942228,1.0,0.0025,high_volatility,0.35139732516746985,0.35025696895269537,0.2983457058798348,3
1791164700000,86722.01,86615.31,-0.0010772922246655714,1.0,0.0025,high_volatility,0.3612952616455236,0.3315267299174929,0.3071780084369834,3
1791165600000,86615.31,86668.01,-0.001938662258427204,1.0,0.0025,high_volatility,0.32914192899900185,0.3444996943026798,0.32635837669831846,3
1791166500000,86668.0,86511.78,-0.0006678859225875966,1.0,0.0025,high_volatility,0.24899898811130414,0.36003979999046126,0.3909612118982346,3
1791167400000,86511.79,86681.99,-0.004868139275528982,0.0,0.0025,high_volatility,0.2777682227188774,0.40305622358924875,0.3191755536918739,3
1791168300000,86681.99,86522.0,-0.00505039180786393,0.0,0.0025,high_volatility,0.2399721060378217,0.41264895904863264,0.3473789349135456,3
1791169200000,86522.01,86499.99,-0.006167746377774286,0.0,0.0025,high_volatility,0.28259434154309804,0.40053874546224844,0.31686691299465347,3
1791170100000,86499.99,86454.0,-0.007807620237351709,0.0,0.0025,high_volatility,0.28411105241286494,0.3731217754259204,0.3427671721612145,3
1791171000000,86454.0,86260.01,-0.0074232544141833445,0.0,0.0025,high_volatility,0.25967291904766654,0.3570996080635768,0.3832274728887566,3
1791171900000,86260.02,86085.03,-0.00635429876716076,0.0,0.0025,high_volatility,0.29422515551712675,0.46713015624859894,0.23864468823427437,3
1791172800000,86085.02,85966.48,-0.005216800780955544,0.0,0.0025,high_volatility,0.2773803460996909,0.48594166267833316,0.23667799122197591,3
1791173700000,85966.47,85779.0,-0.0027626808426304272,0.0,0.0025,high_volatility,0.2950824752655173,0.4588079775106739,0.24610954722380884,3
1791174600000,85778.99,85619.68,0.001919184935052387,1.0,0.0025,high_volatility,0.2715172298783258,0.49312465388910626,0.23535811623256794,3
1791175500000,85619.68,85538.02,0.002683601981902317,2.0,0.0025,high_volatility,0.2237506031605888,0.5809124004057415,0.19533699643366964,3
1791176400000,85538.02,85518.01,0.0046641637241091605,2.0,0.0025,high_volatility,0.2334391174933191,0.5987648290223496,0.16779605348433121,3
1791177300000,85518.01,85542.02,0.003951040669836869,2.0,0.0025,high_volatility,0.24637417080257554,0.5906388217099003,0.1629870074875241,3
1791178200000,85542.03,85784.0,0.0003498321365289492,1.0,0.0025,high_volatility,0.26555578197038326,0.5650311115692412,0.1694131064603754,3
1791179100000,85784.0,85767.57,0.0057414474958308315,2.0,0.0025,high_volatility,0.25707649295015095,0.5775898778953118,0.16533362915453728,3
1791180000000,85767.58,85916.88,0.004831646586794136,2.0,0.0025,trending,0.292737246009815,0.5304173696818201,0.1768453843083649,3
1791180900000,85916.87,85880.0,0.00477410340009321,2.0,0.0025,trending,0.26028647715628606,0.5563690176919914,0.18334450515172257,3
1791181800000,85880.01,85814.01,0.006707995582539539,2.0,0.0025,trending,0.16365539385745698,0.6852465414435706,0.15109806469897247,4
1791182700000,85814.01,86260.0,-8.39322977046475e-05,1.0,0.0025,high_volatility,0.2837701125766241,0.5338523107143346,0.18237757670904145,4
1791183600000,86260.01,86332.0,0.0011351526664504785,1.0,0.0025,high_volatility,0.2565659745733967,0.5943920404791506,0.14904198494745266,4
1791184500000,86332.01,86290.0,0.0016413257619656285,1.0,0.0025,high_volatility,0.21088534318547772,0.6493461694215814,0.13976848739294093,4
1791185400000,86290.01,86389.65,-0.0014543408845851813,1.0,0.0025,high_volatility,0.19265484194677535,0.693239516174022,0.11410564187920265,4
1791186300000,86389.65,86252.76,-0.0004841584199739568,1.0,0.0025,high_volatility,0.22986266495826196,0.6000664142502953,0.1700709207914426,4
1791187200000,86252.76,86430.0,-0.005351035520074099,0.0,0.0025,high_volatility,0.25304276676944876,0.5866269652606265,0.16033026796992464,4
1791188100000,86430.0,86431.63,-0.0064515733418426535,0.0,0.0025,high_volatility,0.17635308759069493,0.7004791263451542,0.12316778606415078,4
1791189000000,86431.63,86264.01,-0.0032286929392685293,0.0,0.0025,high_volatility,0.19797284996031372,0.6476390945518213,0.1543880554878649,4
1791189900000,86264.0,86211.0,-0.0027839834823861764,0.0,0.0025,high_volatility,0.20460172409737787,0.6478558387183471,0.14754243718427507,4
1791190800000,86211.0,85967.51,0.0007269025239884375,1.0,0.0025,high_volatility,0.2036548211338789,0.580342269599352,0.21600290926676896,4
1791191700000,85967.51,85874.01,0.0022215103265819103,1.0,0.0025,high_volatility,0.2025219047576213,0.5883278167079634,0.20915027853441534,4
1791192600000,85874.0,85985.49,0.0005276471646553649,1.0,0.0025,high_volatility,0.19663610718777283,0.6412152720130766,0.16214862079915057,4
1791193500000,85984.12,85970.99,0.001699992055459676,1.0,0.0025,low_liquidity,0.15498613887763552,0.743465845177975,0.1015480159443896,4
1791194400000,85970.99,86030.0,-0.0009545507381145679,1.0,0.0025,ranging,0.15419572591106037,0.7196413816429688,0.12616289244597081,4
1791195300000,86030.01,86064.78,0.001687449848823075,1.0,0.0025,ranging,0.1824320312626943,0.6309838702077418,0.18658409852956392,4
1791196200000,86064.78,86030.86,0.0005480591499376075,1.0,0.0025,ranging,0.1565247321994298,0.6399913222983944,0.2034839455021757,4
1791197100000,86030.86,86117.14,0.0011479712401039066,1.0,0.0025,low_liquidity,0.14515203495298373,0.7002477749125074,0.15460019013450882,4
1791198000000,86117.15,85947.88,0.0023016274514273682,1.0,0.0025,ranging,0.1439201655677224,0.6459976252822645,0.21008220915001313,4
1791198900000,85947.87,86210.01,-0.0018560489669354752,1.0,0.0025,ranging,0.15218419100541572,0.696889710485305,0.15092609850927938,4
1791199800000,86210.01,86078.01,-0.0019517179823278497,1.0,0.0025,ranging,0.13833784365843743,0.6466759340062496,0.21498622233531306,4
1791200700000,86078.01,86216.0,-0.0036187018650830627,0.0,0.0025,ranging,0.1139189485672748,0.7651121012469211,0.12096895018580409,4
1791201600000,86216.01,86145.7,-0.0001962953461404071,1.0,0.0025,ranging,0.09869902475183517,0.7793182372835007,0.12198273796466412,4
1791202500000,86145.7,86050.0,0.0006972690296338513,1.0,0.0025,ranging,0.08966045066109402,0.7800094379743535,0.13033011136455253,4
1791203400000,86050.01,85910.01,0.0008845302194704363,1.0,0.0025,ranging,0.10771325721175458,0.691540559202928,0.20074618358531757,4
1791204300000,85910.0,85904.01,0.006146395261408699,2.0,0.0025,ranging,0.09342993737753659,0.7965343577473174,0.11003570487514601,4
1791205200000,85904.0,86128.79,0.0059718707298686,2.0,0.0025,ranging,0.1025562434340117,0.7988036592263356,0.09864009733965261,4
1791206100000,86128.79,86110.0,0.0019974451283242267,1.0,0.0025,ranging,0.10649119465187686,0.7794908388382649,0.11401796650985821,4
1791207000000,86110.0,85986.0,-0.002655315981671569,0.0,0.0025,ranging,0.15671196429641848,0.6860282391318082,0.15725979657177336,4
1791207900000,85986.0,86432.01,-0.009102530416682408,0.0,0.0025,high_volatility,0.22252254705785365,0.5431710863103381,0.23430636663180823,4
1791208800000,86432.0,86643.14,-0.012847295238838319,0.0,0.0025,high_volatility,0.22832570085628184,0.5247001795250517,0.24697411961866644,4
1791209700000,86643.15,86282.0,-0.008524025868663188,0.0,0.0025,high_volatility,0.1584727552890938,0.7159255520032624,0.12560169270764374,4
1791210600000,86282.0,85757.68,-0.004769135545644287,0.0,0.0025,high_volatility,0.2809818408059645,0.4660579405954419,0.2529602185985935,4
1791211500000,85757.68,85645.26,-0.004384130540324049,0.0,0.0025,high_volatility,0.20281184218554682,0.5121916158378862,0.284996541976567,4
1791212400000,85645.25,85530.01,-0.0031334031178062993,0.0,0.0025,high_volatility,0.19560520804567558,0.5249498320745778,0.2794449598797465,4
1791213300000,85530.01,85546.53,-0.0048045198326570615,0.0,0.0025,high_volatility,0.15769205782584425,0.6333647984202785,0.2089431437538774,4
1791214200000,85546.52,85348.69,-0.0018827471165638876,1.0,0.0025,high_volatility,0.197683039987881,0.5343401712897677,0.2679767887223513,4
1791215100000,85348.7,85269.78,0.0003544045733436807,1.0,0.0025,high_volatility,0.1420046169285453,0.6825985292734017,0.17539685379805306,4
1791216000000,85269.79,85262.01,4.6796926321590604e-05,1.0,0.0025,high_volatility,0.11306376275388089,0.7259193796688871,0.16101685757723205,4
1791216900000,85262.01,85135.52,0.0027073306182894274,2.0,0.0025,high_volatility,0.12583952790817415,0.7052226913581342,0.16893778073369153,4
1791217800000,85135.52,85188.0,0.001649645489975038,1.0,0.0025,high_volatility,0.1286990533949506,0.7306870997753941,0.1406138468296553,4
1791218700000,85188.0,85300.0,0.0015151230949590477,1.0,0.0025,high_volatility,0.11221345755297857,0.760501554685376,0.1272849877616455,4
1791219600000,85300.0,85266.0,0.0021499777167921508,1.0,0.0025,high_volatility,0.10373728178957002,0.7857158432489573,0.11054687496147285,4
1791220500000,85266.01,85366.01,0.002342852852089461,1.0,0.0025,high_volatility,0.12009999144990206,0.774489548735635,0.10541045981446287,4
1791221400000,85366.01,85328.53,0.0033853858726968777,2.0,0.0025,high_volatility,0.11103023564161332,0.7892079567029848,0.09976180765540185,4
1791222300000,85328.53,85429.24,0.002574060122740196,2.0,0.0025,trending,0.1227234061134178,0.8094799311427971,0.06779666274378508,4
1791223200000,85429.24,85449.32,0.0025720508951971865,2.0,0.0025,ranging,0.10000174247364883,0.8379585386864759,0.06203971883987529,4
1791224100000,85449.33,85566.01,0.0018933920139552196,1.0,0.0025,ranging,0.0957215170005048,0.8354439710142026,0.06883451198529242,4
1791225000000,85566.01,85617.4,0.001160394966443823,1.0,0.0025,ranging,0.08353928412837261,0.8530298322998726,0.06343088357175472,4
1791225900000,85617.41,85649.14,0.0008740309593300299,1.0,0.0025,ranging,0.07858748908907148,0.8457220206780025,0.07569049023292611,4
1791226800000,85649.15,85669.1,0.00013610508339634286,1.0,0.0025,ranging,0.06844495332887215,0.8585719955977301,0.07298305107339774,4
1791227700000,85669.09,85728.02,0.000489804850269282,1.0,0.0025,ranging,0.09416150697617694,0.8085300609398199,0.09730843208400311,4
1791228600000,85728.01,85716.75,0.00100307116170395,1.0,0.0025,ranging,0.07311974518031215,0.8575000064034036,0.06938024841628421,4
1791229500000,85716.74,85724.0,0.0006992207549811891,1.0,0.0025,ranging,0.05875461932648119,0.8773847281339864,0.06386065253953244,4
1791230400000,85724.0,85680.76,0.0008146519708742694,1.0,0.0025,ranging,0.059119813031843216,0.8676760735676581,0.07320411340049876,4
1791231300000,85680.76,85770.01,0.00039629236372951127,1.0,0.0025,ranging,0.07329070031769058,0.8634306433149359,0.06327865636737356,4
1791232200000,85770.01,85802.73,0.001428625872393674,1.0,0.0025,ranging,0.05954709113085738,0.8822004089925101,0.05825249987663255,4
1791233100000,85802.72,85783.94,0.0019240198107011164,1.0,0.0025,ranging,0.05318961520604763,0.8926721697297164,0.054138215064235745,4
1791234000000,85783.95,85750.56,0.0024937446472652613,1.0,0.0025,ranging,0.04922845781974802,0.8943363084599015,0.05643523372035053,4
1791234900000,85750.57,85804.0,0.0023579320311408747,1.0,0.0025,ranging,0.034336521995951864,0.9094093859208157,0.05625409208323251,4
1791235800000,85803.99,85925.31,0.0005860904080532414,1.0,0.0025,ranging,0.042779604598442655,0.8939876892440556,0.0632327061575019,4
1791236700000,85925.31,85948.99,-0.00024409827270810425,1.0,0.0025,ranging,0.04221729478918169,0.8932514884965487,0.06453121671426974,4
1791237600000,85948.99,85964.4,-0.001144776209686671,1.0,0.0025,ranging,0.04438706830538472,0.8893811085085636,0.06623182318605167,4
1791238500000,85964.41,86006.32,-0.0009812069624652864,1.0,0.0025,ranging,0.05186135685515765,0.8667322989616275,0.08140634418321477,4
1791239400000,86006.33,85975.67,-0.0015992896595048434,1.0,0.0025,ranging,0.04168209913211446,0.8705737980626966,0.0877441028051888,4
1791240300000,85975.68,85928.01,-0.0018752907230134008,1.0,0.0025,ranging,0.029695160973356307,0.8982386610593237,0.07206617796732012,4
1791241200000,85928.01,85865.99,-0.0005039247785998402,1.0,0.0025,ranging,0.04357170110018886,0.8367880368011199,0.11964026209869104,4
1791242100000,85866.0,85921.93,-0.0011673387690428472,1.0,0.0025,ranging,0.03859393640151687,0.8606778765270924,0.10072818707139086,4
1791243000000,85921.94,85838.17,-0.0005538328694565386,1.0,0.0025,ranging,0.033809279077177845,0.8569325805228707,0.10925814039995155,4
1791243900000,85838.17,85766.87,0.0015756666880812897,1.0,0.0025,ranging,0.06966139460264173,0.843415495785526,0.08692310961183217,4
1791244800000,85766.87,85822.72,0.0028567027472445883,2.0,0.0025,ranging,0.05948122454214377,0.8824730688189494,0.058045706638906826,4
1791245700000,85822.71,85821.63,0.0017754265445668604,1.0,0.0025,ranging,0.08892311383777364,0.7951027332005479,0.11597415296167857,4
1791246600000,85821.62,85790.63,-0.0014713728060979925,1.0,0.0025,ranging,0.08539851412673988,0.8620154835348878,0.05258600233837227,4
1791247500000,85790.63,85902.01,-0.0027134405818909357,0.0,0.0025,ranging,0.07471780589979529,0.8744788465360235,0.05080334756418118,4
1791248400000,85902.01,86067.89,-0.007045136112898809,0.0,0.0025,ranging,0.09309072306581359,0.7804618438790689,0.1264474330551175,4
1791249300000,86067.89,85974.0,-0.004001093353804719,0.0,0.0025,ranging,0.08452331356240227,0.8083394338196076,0.10713725261799027,4
1791250200000,85974.0,85664.4,-0.0008450418143359784,1.0,0.0025,ranging,0.11838559534312877,0.6813017005645409,0.20031270409233037,4
1791251100000,85664.41,85668.92,-0.0015290259291235175,1.0,0.0025,ranging,0.10124606080496878,0.7292599743757315,0.16949396481929982,4
1791252000000,85668.92,85461.53,0.0007778938663980384,1.0,0.0025,ranging,0.0981771211552698,0.7035187070619301,0.1983041717828002,4
1791252900000,85461.54,85630.01,-0.0019034214757185364,1.0,0.0025,ranging,0.10254520940406327,0.7658128848301072,0.1316419057658295,4
1791253800000,85630.01,85592.01,-0.0013768808560518098,1.0,0.0025,ranging,0.09530265551578129,0.7656200719271363,0.13907727255708233,4
1791254700000,85592.0,85537.93,-0.00025322099798286146,1.0,0.0025,ranging,0.0844240348644177,0.7610827411819789,0.15449322395360335,4
1791255600000,85537.94,85528.01,0.0011692076081275538,1.0,0.0025,ranging,0.07517682136433546,0.8256503261119935,0.09917285252367117,4
1791256500000,85528.0,85467.02,0.0014150487521384925,1.0,0.0025,ranging,0.08546460306494628,0.7679086280852133,0.1466267688498404,4
1791257400000,85467.01,85474.16,0.001355263391883632,1.0,0.0025,ranging,0.10437463827192503,0.732758155785678,0.16286720594239684,4
1791258300000,85474.16,85516.27,0.0012598772140084424,1.0,0.0025,ranging,0.10951603559124941,0.7270375510642916,0.16344641334445906,4
1791259200000,85516.27,85628.01,0.0009559955906952577,1.0,0.0025,low_liquidity,0.10062622295894866,0.7597633271029596,0.1396104499380918,4
1791260100000,85628.0,85587.96,0.001075268063405188,1.0,0.0025,ranging,0.07630174688378949,0.8393997953523551,0.08429845776385542,4
1791261000000,85587.97,85590.0,4.673443159242119e-05,1.0,0.0025,ranging,0.08427246052181271,0.8189434241821163,0.09678411529607113,4
1791261900000,85589.99,85624.01,-0.0012339996690179378,1.0,0.0025,ranging,0.06265296637380631,0.8924135589670684,0.04493347465912515,4
1791262800000,85624.0,85709.87,-0.006405446653926727,0.0,0.0025,ranging,0.07916608441219951,0.8165598192371009,0.10427409635069955,4
1791263700000,85709.87,85679.99,-0.004871849308105691,0.0,0.0025,low_liquidity,0.05938237152484558,0.8737640671309473,0.06685356134420711,4
1791264600000,85679.99,85594.0,-0.0029033577119891296,0.0,0.0025,ranging,0.06772542335979537,0.8620287722723828,0.07024580436782185,4
1791265500000,85594.01,85518.35,-0.0024363192227165875,1.0,0.0025,ranging,0.060896457249461446,0.867840753484858,0.07126278926568042,4
1791266400000,85518.36,85160.86,0.002526277916873987,2.0,0.0025,ranging,0.1251978739340559,0.6173600180802767,0.2574421079856674,4
1791267300000,85160.86,85262.57,0.0005239110198063113,1.0,0.0025,ranging,0.10855456216027906,0.7311868992266495,0.16025853861307152,4
1791268200000,85262.57,85345.49,0.002067830414940408,1.0,0.0025,ranging,0.09204058319178081,0.7981244358610781,0.1098349809471413,4
1791269100000,85345.49,85310.0,0.0028718790294222085,2.0,0.0025,ranging,0.09744615700538345,0.7750599878409886,0.12749385515362793,4
1791270000000,85310.0,85376.0,0.00484773238380809,2.0,0.0025,ranging,0.11432253377175024,0.7376051360069625,0.14807233022128732,4
1791270900000,85376.01,85307.24,0.006767538136270623,2.0,0.0025,ranging,0.08054679418865646,0.831983484709035,0.08746972110230841,4
1791271800000,85307.24,85521.97,0.005145344523752149,2.0,0.0025,ranging,0.14280227886019808,0.765853705280674,0.09134401585912791,4
1791272700000,85521.98,85555.0,0.005515633218397431,2.0,0.0025,ranging,0.136858494370347,0.6971947113173786,0.16594679431227433,4
1791273600000,85555.01,85789.88,0.0016061334973307417,1.0,0.0025,ranging,0.2027265913583186,0.5625750236592438,0.23469838498243753,4
1791274500000,85788.64,85884.56,-0.0012408516734555564,1.0,0.0025,ranging,0.14591193830552815,0.6858858997218812,0.1682021619725908,4
1791275400000,85884.56,85962.01,-0.0006271374994604173,1.0,0.0025,ranging,0.14923649053283491,0.6983130005330341,0.1524505089341309,4
1791276300000,85962.0,86026.89,-0.0004054546200612519,1.0,0.0025,ranging,0.1410188475606305,0.7572061143542679,0.1017750380851017,4
1791277200000,86026.89,85927.67,0.002800145750490035,2.0,0.0025,ranging,0.16451358288576784,0.7196317563994508,0.11585466071478127,4
1791278100000,85927.67,85777.99,0.004178344584665483,2.0,0.0025,ranging,0.19738892065736965,0.6138920714849985,0.1887190078576319,4
1791279000000,85777.99,85908.1,0.00329340306676551,2.0,0.0025,ranging,0.1547333037748011,0.7075713151676605,0.13769538105753842,4
1791279900000,85908.1,85992.01,0.001920410977717557,1.0,0.0025,ranging,0.17695812932037697,0.6745122341374827,0.14852963654214038,4
1791280800000,85992.0,86168.28,0.00019102156849371,1.0,0.0025,ranging,0.18812389711560493,0.6590633652189288,0.15281273766546621,4
1791281700000,86168.28,86136.4,0.0007370867600688946,1.0,0.0025,ranging,0.20102493426983326,0.5967819986303444,0.20219306709982227,4
1791282600000,86136.41,86191.03,0.0015427359436359644,1.0,0.0025,ranging,0.20890794830051462,0.601451892247904,0.1896401594515814,4
1791283500000,86191.04,86157.15,0.0009849443719993634,1.0,0.0025,ranging,0.16452271103409088,0.7042701243277444,0.13120716463816479,4
1791284400000,86157.15,86184.74,0.0023002912116460994,1.0,0.0025,ranging,0.17173916706495526,0.6936561173226676,0.1346047156123771,4
1791285300000,86184.74,86199.89,-0.0006013928788075606,1.0,0.0025,ranging,0.18044274943647462,0.6950725199721666,0.12448473059135873,4
1791286200000,86199.89,86324.0,-0.0006950558361521475,1.0,0.0025,trending,0.16092046356936238,0.7329341236173493,0.10614541281328817,4
1791287100000,86324.01,86242.01,-0.000324667757627628,1.0,0.0025,trending,0.11578653724447885,0.749871901452774,0.13434156130274708,4
1791288000000,86242.01,86382.99,-0.003450216298370834,0.0,0.0025,trending,0.16134152459453985,0.7007340212644979,0.13792445414096222,4
1791288900000,86382.99,86148.05,-0.0014622501612050476,1.0,0.0025,trending,0.13318345923174246,0.691297442076815,0.17551909869144253,4
1791289800000,86148.05,86264.0,0.0012287860521191796,1.0,0.0025,trending,0.15396034695978864,0.6788978018765292,0.16714185116368221,4
1791290700000,86264.0,86214.01,0.0012758947182713865,1.0,0.0025,trending,0.17381513984419908,0.657798564985456,0.1683862951703449,4
1791291600000,86214.0,86084.95,0.0027505388572566236,2.0,0.0025,trending,0.15019034476988752,0.6590611169044632,0.19074853832564923,4
1791292500000,86084.95,86022.08,6.881954028536974e-05,1.0,0.0025,trending,0.16397715370950885,0.6677731105060031,0.168249735784488,4
1791293400000,86022.09,86370.0,-0.0006462892207943494,1.0,0.0025,trending,0.1910723856227685,0.6721117631724475,0.136815851204784,4
1791294300000,86370.0,86324.01,0.003146285720508235,2.0,0.0025,trending,0.2187673463745207,0.6385701823350818,0.14266247129039752,4
1791295200000,86324.01,86321.73,0.0032242171235448147,2.0,0.0025,trending,0.21694995173751952,0.644975856431744,0.13807419183073652,4
1791296100000,86321.74,86028.0,0.002837564513879176,2.0,0.0025,ranging,0.18765020361553653,0.5976251734985499,0.21472462288591346,4
1791297000000,86028.01,86314.18,-0.002515461538301067,0.0,0.0025,ranging,0.18633516711792233,0.6555912537707584,0.15807357911131917,4
1791297900000,86314.17,86595.61,-0.010103976402499049,0.0,0.0025,high_volatility,0.3819029853582914,0.46565583660316884,0.15244117803853965,4
1791298800000,86595.6,86600.05,-0.009229555872080852,0.0,0.0025,high_volatility,0.33983219335080067,0.5022516964143283,0.1579161102348711,4
1791299700000,86600.06,86272.11,-0.006422817292865535,0.0,0.0025,high_volatility,0.2228439327561266,0.5864869444147266,0.1906691228291468,4
1791300600000,86272.1,86097.06,-0.0043919037421255025,0.0,0.0025,high_volatility,0.2502929777343842,0.5298172323274764,0.2198897899381394,4
1791301500000,86097.07,85720.65,-0.001556567758177252,1.0,0.0025,high_volatility,0.29951969210474605,0.524316869891773,0.17616343800348103,4
1791302400000,85720.65,85800.77,-0.0029773625574689433,0.0,0.0025,high_volatility,0.27426490460850833,0.5671152951847999,0.15861980020669184,4
1791303300000,85800.76,85718.0,-0.0009737744697729811,1.0,0.0025,high_volatility,0.20876768675316917,0.638561512246499,0.15267080100033167,4
1791304200000,85718.0,85718.93,-0.0013870915094249536,1.0,0.0025,high_volatility,0.21957863383914905,0.635159114381654,0.1452622517791969,4
1791305100000,85718.92,85587.22,0.00154462313415471,1.0,0.0025,high_volatility,0.15188334683480562,0.6622529457464635,0.1858637074187308,4
1791306000000,85587.22,85545.31,0.002747900498577982,2.0,0.0025,ranging,0.17331906044622175,0.6515015892260364,0.1751793503277419,4
1791306900000,85545.31,85634.53,0.0010447888252553827,1.0,0.0025,ranging,0.18880883270553395,0.655343492936977,0.15584767435748895,4
1791307800000,85634.53,85600.03,0.00033644848021663343,1.0,0.0025,trending,0.15618212976025367,0.6985321783241321,0.14528569191561422,4
1791308700000,85600.03,85719.42,-0.0024772682782966404,1.0,0.0025,trending,0.18262695983172064,0.6846630687436912,0.13270997142458804,4
1791309600000,85719.43,85780.38,-0.0032939933350726314,0.0,0.0025,trending,0.1655658182445332,0.7098865428377829,0.12454763891768399,4
1791310500000,85780.37,85724.0,-0.0026374177593205816,0.0,0.0025,ranging,0.14858676236961968,0.7289214643515574,0.12249177327882292,4
1791311400000,85724.0,85628.83,-0.0015045166446862046,1.0,0.0025,trending,0.10934254961031102,0.7854212483834698,0.10523620200621923,4
1791312300000,85628.82,85507.07,0.0012505398676390111,1.0,0.0025,trending,0.10629557386233467,0.7447249263000837,0.1489794998375816,4
1791313200000,85507.07,85497.82,0.001475944065006507,1.0,0.0025,trending,0.13154996204643424,0.7123159795075139,0.15613405844605177,4
1791314100000,85497.83,85497.91,0.0012704404119352475,1.0,0.0025,trending,0.10941844816510383,0.7299724153204691,0.16060913651442713,4
1791315000000,85497.91,85500.0,0.0014485380116959767,1.0,0.0025,trending,0.11260093703904107,0.714704884688098,0.1726941782728609,4
1791315900000,85500.0,85614.0,-3.0252061578694978e-05,1.0,0.0025,trending,0.13724298019784706,0.7340569423807286,0.12870007742142436,4
1791316800000,85614.0,85624.01,-0.0007265485463714416,1.0,0.0025,low_liquidity,0.11888281470967507,0.801268344595322,0.07984884069500293,4
1791317700000,85624.0,85606.53,-0.00030978945180937245,1.0,0.0025,trending,0.09381997145332731,0.832925491828105,0.07325453671856759,4
1791318600000,85606.54,85623.85,-0.0004550134103992187,1.0,0.0025,low_liquidity,0.09779493804442956,0.8274091702952194,0.07479589166035101,4
1791319500000,85623.85,85611.41,-1.646976728919558e-05,1.0,0.0025,low_liquidity,0.07491382826127921,0.8659566168238574,0.059129554914863484,4
1791320400000,85611.42,85561.8,0.00025361785282673743,1.0,0.0025,ranging,0.07926866666527142,0.8236896230162833,0.09704171031844518,4
1791321300000,85561.79,85580.01,-0.0010668379216126622,1.0,0.0025,ranging,0.06348429024366437,0.8617316126132054,0.07478409714313033,4
1791322200000,85580.0,85584.89,-0.00038417996447748237,1.0,0.0025,low_liquidity,0.06085304085555395,0.8898589635136018,0.04928799563084426,4
1791323100000,85584.88,85610.0,-0.0008815558930032052,1.0,0.0025,low_liquidity,0.05786324985602332,0.9115556163693717,0.030581133774604974,4
1791324000000,85609.99,85583.5,-0.0010006601739821486,1.0,0.0025,ranging,0.05996061947563845,0.9014396970608495,0.03859968346351216,4
1791324900000,85583.51,85488.71,0.00011685753592471926,1.0,0.0025,ranging,0.06939365860267978,0.8556443791757439,0.07496196222157638,4
1791325800000,85488.72,85552.01,0.0002728165007461758,1.0,0.0025,low_liquidity,0.06184800587426943,0.9055683999108227,0.03258359421490775,4
1791326700000,85552.01,85534.53,0.000180044246458122,1.0,0.0025,low_liquidity,0.05799265785310505,0.9127362010225811,0.02927114112431377,4
1791327600000,85534.53,85497.86,0.0009140579658952763,1.0,0.0025,ranging,0.05632004519138264,0.9113570062949702,0.03232294851364714,4
1791328500000,85497.86,85498.7,-0.0009904244158097653,1.0,0.0025,ranging,0.07093029211965003,0.8878700112243337,0.04119969665601618,4
1791329400000,85498.69,85575.35,-0.0007401664147446141,1.0,0.0025,trending,0.09101809811406293,0.847463843194133,0.06151805869180413,4
1791330300000,85575.34,85549.93,-0.00011595567641020654,1.0,0.0025,trending,0.052701564400604056,0.9108482193709503,0.0364502162284456,4
1791331200000,85549.94,85576.01,-0.001431008526805444,1.0,0.0025,trending,0.06037775859400882,0.9055519966118698,0.034070244794121275,4
1791332100000,85576.0,85414.02,-0.0017155263269426069,1.0,0.0025,trending,0.07193517033297404,0.8195015367964126,0.10856329287061334,4
1791333000000,85414.02,85512.01,-0.002510758430307014,0.0,0.0025,low_liquidity,0.08804640532189362,0.855697844562259,0.05625575011584741,4
1791333900000,85512.01,85540.01,-0.013425881058466094,0.0,0.0025,trending,0.05452544403255272,0.9201347465923416,0.025339809375105573,4
1791334800000,85540.0,85453.55,-0.017687737958224092,0.0,0.0025,trending,0.06306451618608287,0.8960272461249941,0.04090823768892312,4
1791335700000,85453.54,85267.49,-0.016540536141031126,0.0,0.0025,trending,0.09382899345244491,0.7697103227751163,0.13646068377243872,4
1791336600000,85267.49,85297.31,-0.017366315537969523,0.0,0.0025,trending,0.07804379679689814,0.822809714499682,0.09914648870341983,4
1791337500000,85297.31,84391.56,-0.006199079623602111,0.0,0.0025,trending,0.11034476225074899,0.49492157530778075,0.3947336624414702,4
1791338400000,84391.49,83942.07,0.00016594777803313754,1.0,0.0025,high_volatility,0.09358496293720515,0.416261765499429,0.49015327156336586,4
1791339300000,83942.07,83857.12,0.001416456944860478,1.0,0.0025,high_volatility,0.08729233985059018,0.5380955852627464,0.37461207488666354,4
1791340200000,83857.12,83816.01,0.0038361406132312315,2.0,0.0025,high_volatility,0.08686339805241565,0.6082836105382007,0.30485299140938366,4
1791341100000,83816.01,83868.41,0.0033621717640766047,2.0,0.0025,trending,0.10465948770090575,0.680574287368759,0.21476622493033523,4
1791342000000,83868.41,83956.0,0.0023108533041116264,1.0,0.0025,trending,0.09583334301313294,0.7416052695139087,0.1625613874729583,4
1791342900000,83956.01,83975.9,0.002071189472217627,1.0,0.0025,trending,0.11690437406157263,0.7247818541673446,0.15831377177108283,4
1791343800000,83975.89,84137.54,-0.0002409150540887417,1.0,0.0025,trending,0.1266867119365589,0.7167928933799604,0.15652039468348053,4
1791344700000,84137.53,84150.39,-0.0005624454028080317,1.0,0.0025,trending,0.08517383969373786,0.7723580430665118,0.14246811723975022,4
1791345600000,84150.39,84150.01,0.0002975638386735202,1.0,0.0025,trending,0.08305068076631418,0.7791633248114066,0.1377859944222793,4
1791346500000,84150.01,84149.83,0.0005248970794118346,1.0,0.0025,trending,0.07039418651610228,0.780384839955814,0.1492209735280837,4
1791347400000,84149.84,84117.27,0.0013163765300514552,1.0,0.0025,trending,0.06795715174101714,0.7387046699865949,0.19333817827238794,4
1791348300000,84117.26,84103.06,0.002732243036103643,2.0,0.0025,trending,0.07089357499804746,0.7746340172112347,0.1544724077907178,4
1791349200000,84103.07,84175.05,0.0014465093872828572,1.0,0.0025,trending,0.08545018869298722,0.7991807753884912,0.1153690359185216,4
1791350100000,84175.05,84194.0,-2.4467301707908895e-05,1.0,0.0025,trending,0.07267434932588762,0.8544907574307153,0.07283489324339702,4
1791351000000,84194.01,84228.0,0.0012348625160278903,1.0,0.0025,trending,0.08222350037066689,0.8489143996282535,0.06886210000107959,4
1791351900000,84227.99,84332.85,-0.001223485272939362,1.0,0.0025,trending,0.08744935290885768,0.8150397054404837,0.09751094165065866,4
1791352800000,84332.84,84296.81,-0.00036881585436032704,1.0,0.0025,trending,0.08523025688315901,0.807327065570377,0.10744267754646397,4
1791353700000,84296.82,84191.94,0.0004291384662238329,1.0,0.0025,trending,0.10403172011460861,0.7422827801000444,0.15368549978534693,4
1791354600000,84191.95,84332.01,-0.00026241518493386184,1.0,0.0025,trending,0.1201072474328503,0.7426570599366497,0.1372356926305001,4
1791355500000,84332.01,84229.67,-0.0010032094391442259,1.0,0.0025,trending,0.09076841230380521,0.6771396114150293,0.23209197628116543,4
1791356400000,84229.68,84265.72,-0.0024998302987263576,1.0,0.0025,trending,0.1015235503958076,0.671487243978276,0.2269892056259164,4
1791357300000,84265.73,84228.07,-0.002081728810834793,1.0,0.0025,trending,0.08084258953964946,0.6956491091219699,0.2235083013383808,4
1791358200000,84228.08,84309.88,-0.0035613856881305805,0.0,0.0025,trending,0.09234774155291497,0.7666994897136775,0.14095276873340762,4
1791359100000,84309.89,84145.17,-0.002290684064219062,1.0,0.0025,trending,0.1119123257188101,0.6105059468387307,0.27758172744245924,4
1791360000000,84145.16,84055.07,-0.0015323287459043655,1.0,0.0025,trending,0.11699932807482269,0.5786522415088605,0.30434843041631676,4
1791360900000,84055.07,84052.73,-0.0023755325972160124,1.0,0.0025,trending,0.11909922000284753,0.5529163017908131,0.32798447820633936,4
1791361800000,84052.73,84009.62,-0.0027090945060814775,0.0,0.0025,trending,0.10645105225082462,0.6150647129110285,0.2784842348381469,4
1791362700000,84009.63,83952.42,-0.0017679061544622066,1.0,0.0025,trending,0.08901439676942828,0.6655613555489471,0.2454242476816246,4
1791363600000,83952.41,83926.27,-0.0010754677885721486,1.0,0.0025,trending,0.08796391628815235,0.6680820447145525,0.24395403899729534,4
1791364500000,83926.27,83853.06,0.0002736930530620185,1.0,0.0025,trending,0.09949749023025545,0.5623281786322121,0.33817433113753254,4
1791365400000,83853.05,83782.03,-0.0016416408148620665,1.0,0.0025,trending,0.09955310208840233,0.5420403525429518,0.3584065453686459,4
1791366300000,83782.03,83804.0,-0.0006794425087108813,1.0,0.0025,trending,0.0863995375013875,0.6571282004713495,0.25647226202726314,4
1791367200000,83804.0,83836.01,-2.3975377644980256e-05,1.0,0.0025,trending,0.10090165809182453,0.5761709806843451,0.32292736122383037,4
1791368100000,83836.0,83876.01,-0.0016452857020737843,1.0,0.0025,trending,0.08625944886117681,0.7687413479728433,0.14499920316597986,4
1791369000000,83876.0,83644.49,0.00011931449399704697,1.0,0.0025,trending,0.08372861042220275,0.5576576411069698,0.3586137484708274,4
1791369900000,83644.49,83747.06,-8.251035916961857e-05,1.0,0.0025,trending,0.0894491511571392,0.6301056501747326,0.28044519866812817,4
1791370800000,83747.06,83834.0,-0.002123243552735188,1.0,0.0025,trending,0.08765933404364352,0.7164293987625976,0.19591126719375881,4
1791371700000,83834.01,83738.01,-0.003055840471967275,0.0,0.0025,trending,0.08830205796192173,0.6769873860842688,0.2347105559538094,4
1791372600000,83738.01,83654.47,-0.0016739093559495766,1.0,0.0025,trending,0.08457845710845739,0.6019568342369609,0.3134647086545817,4
1791373500000,83654.47,83740.15,-0.0029636918491308117,0.0,0.0025,trending,0.08776822039177361,0.6436775390365435,0.268554240571683,4
1791374400000,83740.15,83656.0,-0.0032099311466003977,0.0,0.0025,trending,0.08699288333013115,0.602584626383929,0.31042249028593993,4
1791375300000,83656.01,83482.12,-0.0018699812606579602,1.0,0.0025,trending,0.0884718648776264,0.5607318955476602,0.35079623957471356,4
1791376200000,83482.11,83514.44,-0.004962614848402214,0.0,0.0025,trending,0.09355119825846811,0.5632960665382877,0.3431527352032443,4
1791377100000,83514.45,83491.97,-0.003592680829066608,0.0,0.0025,trending,0.09676646383342154,0.5427093759983876,0.36052416016819083,4
1791378000000,83491.97,83387.47,-0.0025090100467132226,0.0,0.0025,trending,0.1048122596183621,0.5095471467855147,0.3856405935961231,4
1791378900000,83387.47,83326.01,-0.003000383673717133,0.0,0.0025,trending,0.10028602130640411,0.5097336925195245,0.38998028617407143,4
1791379800000,83326.01,83099.99,-0.0012955476889949802,1.0,0.0025,trending,0.10096104774850519,0.49843567177116704,0.40060328048032773,4
1791380700000,83100.0,83192.01,-0.002182421124336309,1.0,0.0025,trending,0.13044337699086953,0.3719303366138036,0.4976262863953268,4
1791381600000,83192.02,83178.25,-0.0012052429571431933,1.0,0.0025,trending,0.10987141059377825,0.5533158899897511,0.33681269941647063,4
1791382500000,83178.26,83076.0,-0.00012711252347241686,1.0,0.0025,trending,0.11329489396771036,0.5582664230953439,0.32843868293694567,4
1791383400000,83076.01,82992.33,0.004004466436838161,2.0,0.0025,trending,0.10545147577775704,0.5024562271460276,0.39209229707621535,4
1791384300000,82992.34,83010.45,0.00534619436468553,2.0,0.0025,trending,0.11637263966139022,0.5531661226623495,0.33046123767626023,4
1791385200000,83010.45,83078.0,0.0052816630154792765,2.0,0.0025,trending,0.13118662098886508,0.5926265811143543,0.27618679789678063,4
1791386100000,83078.0,83065.44,0.006058476304946936,2.0,0.0025,trending,0.12388822173794442,0.6085403777715114,0.26757140049054423,4
1791387000000,83065.45,83324.67,0.0016724938724630434,1.0,0.0025,high_volatility,0.14144192842691072,0.7199653800360913,0.1385926915369979,4
1791387900000,83324.66,83454.24,-0.000816615189354164,1.0,0.0025,trending,0.12408939558409997,0.7050557273239672,0.17085487709193276,4
1791388800000,83454.25,83516.79,0.0001342245074313908,1.0,0.0025,trending,0.1326798894668934,0.6642909538557173,0.20302915667738916,4
1791389700000,83516.79,83568.69,-0.004244292928368254,0.0,0.0025,trending,0.11513039780293104,0.7622734562852369,0.12259614591183207,4
1791390600000,83568.68,83464.03,-0.004145857802456909,0.0,0.0025,trending,0.1171290735376622,0.6776667175079183,0.2052042089544196,4
1791391500000,83464.03,83386.09,-0.0027234758219265576,0.0,0.0025,low_liquidity,0.12150326789346075,0.6631447837462467,0.21535194836029245,4
1791392400000,83386.09,83528.0,-0.002035245666123897,1.0,0.0025,trending,0.13686545145079013,0.6377796406490143,0.2253549079001955,4
1791393300000,83528.0,83214.0,0.0018507703030739009,1.0,0.0025,high_volatility,0.10562616406889468,0.5377612121787653,0.3566126237523401,4
1791394200000,83214.01,83118.0,0.002329098390240425,1.0,0.0025,high_volatility,0.12345727584115043,0.47157117105098545,0.404971553107864,4
1791395100000,83118.01,83158.99,0.0031629773281276474,2.0,0.0025,trending,0.1087091265196539,0.5711449407637201,0.3201459327166259,4
1791396000000,83158.98,83358.0,0.0005038508601453717,1.0,0.0025,trending,0.12247493176867863,0.7394753066171277,0.13804976161419366,4
1791396900000,83358.01,83368.01,0.001011419128272406,1.0,0.0025,trending,0.11059434355617713,0.7763037307783447,0.11310192566547832,4
1791397800000,83368.01,83311.59,0.0017500566247745653,1.0,0.0025,low_liquidity,0.11658762012103878,0.7462865310215125,0.13712584885744875,4
1791398700000,83311.59,83422.02,0.00015175849254167595,1.0,0.0025,low_liquidity,0.10467214374439258,0.8051697720422701,0.09015808421333732,4
1791399600000,83422.02,83400.0,0.001757913669064859,1.0,0.0025,low_liquidity,0.09539218679854435,0.8139312438926504,0.09067656930880523,4
1791400500000,83400.0,83452.33,0.001379350342884278,1.0,0.0025,low_liquidity,0.09941269011684004,0.823866063795344,0.07672124608781603,4
1791401400000,83452.34,83457.39,-0.0007703332203414792,1.0,0.0025,trending,0.0859392511268258,0.8269766220501407,0.0870841268230337,4
1791402300000,83457.39,83434.68,-3.200108156464765e-05,1.0,0.0025,trending,0.08177407484387621,0.800603945024334,0.11762198013178982,4
1791403200000,83434.67,83546.61,-0.002043889033917612,1.0,0.0025,low_liquidity,0.0965161095714582,0.8104118039557755,0.09307208647276637,4
1791404100000,83546.61,83567.44,-0.0027842183510706775,0.0,0.0025,trending,0.08161417572464208,0.8356643398881198,0.08272148438723824,4
1791405000000,83567.44,83393.1,-0.00231553929521755,1.0,0.0025,ranging,0.08896145320383435,0.7847345682060166,0.1263039785901492,4
1791405900000,83393.09,83432.01,-0.0032697282493852065,0.0,0.0025,low_liquidity,0.08784131280951714,0.8135190648789761,0.09863962231150679,4
1791406800000,83432.01,83375.85,-0.001803999599404471,1.0,0.0025,low_liquidity,0.09954962474068181,0.7543909250661025,0.14605945019321565,4
1791407700000,83375.85,83334.77,-0.0004930714994474394,1.0,0.0025,low_liquidity,0.09939290805119742,0.7887710169474427,0.1118360750013599,4
1791408600000,83334.77,83200.0,0.0011015624999999307,1.0,0.0025,ranging,0.10558310073515939,0.6619958807580916,0.23242101850674896,4
1791409500000,83200.01,83159.21,0.0008018354190713062,1.0,0.0025,ranging,0.09593082814930416,0.5969351353144491,0.3071340365362468,4
1791410400000,83159.21,83225.44,-0.0005327697876994497,1.0,0.0025,ranging,0.10108802580968869,0.7077044779692255,0.1912074962210858,4
1791411300000,83225.45,83293.68,0.0008803789195050982,1.0,0.0025,ranging,0.1247831798935231,0.6864166087298502,0.18880021137662664,4
1791412200000,83293.68,83291.65,0.000567163695280426,1.0,0.0025,ranging,0.10999974407260459,0.722552263322819,0.16744799260457635,4
1791413100000,83291.66,83225.89,0.0011525259747897643,1.0,0.0025,ranging,0.08820706097040158,0.7085685390913717,0.20322439993822672,4
1791414000000,83225.9,83181.1,0.0009274943466723862,1.0,0.0025,ranging,0.09436347543595548,0.6433497336624779,0.26228679090156654,4
1791414900000,83181.11,83367.01,-0.0014034328447187772,1.0,0.0025,ranging,0.1277028925788969,0.614915745793441,0.2573813616276621,4
1791415800000,83367.02,83338.89,-0.00070663288171946,1.0,0.0025,ranging,0.11197131137191883,0.7055708505029525,0.18245783812512856,4
1791416700000,83338.89,83321.81,0.0005764397100831431,1.0,0.0025,ranging,0.1291723645587009,0.7043205744406584,0.16650706100064044,4
1791417600000,83321.81,83258.25,0.001486459299829157,1.0,0.0025,ranging,0.11785809662410547,0.6943005608703581,0.1878413425055364,4
1791418500000,83258.26,83250.01,0.0004324323804885122,1.0,0.0025,ranging,0.12103284551694603,0.6653974612031845,0.21356969327986927,4
1791419400000,83250.01,83280.0,-0.00021109510086458894,1.0,0.0025,ranging,0.13742041355901471,0.653618728729873,0.20896085771111222,4
1791420300000,83280.0,83369.84,-0.003246137931894655,0.0,0.0025,ranging,0.13028861217830698,0.7278404616893076,0.1418709261323854,4
1791421200000,83369.84,83382.01,-0.003304429816455623,0.0,0.0025,ranging,0.14236114343202347,0.6768399892126667,0.1807988673553098,4
1791422100000,83382.01,83286.01,-0.001448382507458268,1.0,0.0025,ranging,0.1455029794436987,0.5699019897194845,0.2845950308368167,4
1791423000000,83286.0,83262.42,-7.698551159096567e-05,1.0,0.0025,ranging,0.14931840373018437,0.5944219664259902,0.25625962984382533,4
1791423900000,83262.42,83099.21,0.0008279260416552692,1.0,0.0025,ranging,0.1283217506198166,0.4437331900063505,0.427945059373833,4
1791424800000,83099.21,83106.48,-0.0021485689202574987,1.0,0.0025,ranging,0.15700573256593056,0.419132553953062,0.42386171348100743,4
1791425700000,83106.48,83165.38,-0.0024213200252317657,1.0,0.0025,ranging,0.15006973257643882,0.5301090901458534,0.3198211772777078,4
1791426600000,83165.38,83256.01,-0.004946790027530623,0.0,0.0025,ranging,0.16003628305395123,0.6120901881422666,0.22787352880378214,4
1791427500000,83256.01,83168.01,-0.004941924184551194,0.0,0.0025,ranging,0.15065059241721407,0.5830805017692056,0.26626890581358037,4
1791428400000,83168.01,82927.92,-0.002391353840781263,1.0,0.0025,ranging,0.13046479829980612,0.4081764095159773,0.46135879218421666,4
1791429300000,82927.92,82964.01,-0.001034906581781625,1.0,0.0025,ranging,0.1534763455598242,0.4758117266728582,0.37071192776731776,4
1791430200000,82964.01,82844.16,-0.0038455335898148757,0.0,0.0025,ranging,0.11811724538768398,0.524167868953578,0.357714885658738,4
1791431100000,82844.15,82757.0,-0.0012686540111410682,1.0,0.0025,ranging,0.10736830137641114,0.4066526306825609,0.4859790679410279,4
1791432000000,82757.0,82729.61,0.0005414022863154955,1.0,0.0025,trending,0.11360347088313393,0.38547629123905514,0.5009202378778109,4
1791432900000,82729.62,82878.15,0.0005850758010406132,1.0,0.0025,trending,0.14075105486943412,0.41557955392068935,0.4436693912098765,4
1791433800000,82878.15,82525.58,0.004391608032321637,2.0,0.0025,high_volatility,0.10575760076257251,0.3193790018524452,0.5748633973849823,4
1791434700000,82525.57,82652.01,0.00038716541799765913,1.0,0.0025,high_volatility,0.13247794919276898,0.4386295244169976,0.4288925263902335,4
1791435600000,82652.0,82774.4,0.0016615040398963998,1.0,0.0025,high_volatility,0.13352642451248495,0.5201583580884565,0.3463152173990585,4
1791436500000,82774.4,82926.64,-0.003943123705482443,0.0,0.0025,high_volatility,0.1525362872323217,0.6261194522466927,0.22134426052098544,4
1791437400000,82926.65,82888.0,-0.0023062445709873813,1.0,0.0025,trending,0.1330629391266671,0.6540466113405906,0.21289044953274236,4
1791438300000,82888.0,82684.01,0.002435416472907015,1.0,0.0025,trending,0.11989905358265283,0.588003502212029,0.2920974442053181,4
1791439200000,82684.0,82911.93,0.0017917807485607895,1.0,0.0025,high_volatility,0.14110201533319164,0.6387125178288581,0.22018546683795023,4
1791440100000,82911.94,82599.65,0.006648575387426137,2.0,0.0025,high_volatility,0.12635656500320658,0.4433247974098341,0.4303186375869593,4
1791441000000,82599.65,82696.84,0.004830414318128806,2.0,0.0025,high_volatility,0.15316496116251194,0.5073686617182972,0.33946637711919075,4
1791441900000,82696.85,82885.38,0.0013677924864432534,1.0,0.0025,high_volatility,0.14269205116583017,0.651752860869397,0.20555508796477281,4
1791442800000,82885.38,83060.49,-0.0012339200021574959,1.0,0.0025,high_volatility,0.15770558529247725,0.6548509703318289,0.18744344437569388,4
1791443700000,83060.49,83148.82,-0.0019151203829471664,1.0,0.0025,high_volatility,0.1779937885972562,0.6577764517220782,0.16422975968066564,4
1791444600000,83148.82,83096.3,-0.0029634291779537802,0.0,0.0025,high_volatility,0.17511890648420797,0.690509817422829,0.13437127609296293,4
1791445500000,83096.3,82998.75,-0.0015988192593261452,1.0,0.0025,trending,0.15110392739243617,0.6708735930283843,0.1780224795791794,4
1791446400000,82998.75,82958.0,0.0009526507389281402,1.0,0.0025,trending,0.14427370773181117,0.588365997935951,0.2673602943322379,4
1791447300000,82958.0,82989.58,0.00048716959406225335,1.0,0.0025,trending,0.1248889393429637,0.671107193540586,0.20400386711645016,4
1791448200000,82989.57,82850.05,0.0032101368677508457,2.0,0.0025,trending,0.1296287818520408,0.6340805269690923,0.23629069117886686,4
1791449100000,82850.04,82866.05,0.0030583091627993664,2.0,0.0025,trending,0.11200698240868374,0.6570039284782587,0.2309890891130575,4
1791450000000,82866.05,83037.03,0.00039861733975810054,1.0,0.0025,ranging,0.12412464221996042,0.6454040669807918,0.23047129079924775,4
1791450900000,83037.02,83030.01,-0.002962904617258233,0.0,0.0025,ranging,0.14796127571253667,0.6641143715109867,0.18792435277647662,4
1791451800000,83030.01,83116.01,-0.004866812061839809,0.0,0.0025,ranging,0.14831811392615882,0.680507741355495,0.17117414471834613,4
1791452700000,83116.0,83119.48,-0.004637661352068112,0.0,0.0025,ranging,0.10927213109478623,0.7676127086814416,0.12311516022377215,4
1791453600000,83119.49,83070.13,-0.007191032444514023,0.0,0.0025,low_liquidity,0.12368197819198049,0.7456612704581452,0.13065675134987434,4
1791454500000,83070.13,82784.0,-0.002778314650173974,0.0,0.0025,ranging,0.11002383660361242,0.5894109673001539,0.30056519609623367,4
1791455400000,82783.99,82711.5,-0.0010889658632717847,1.0,0.0025,ranging,0.10095129876820726,0.6442574970846298,0.25479120414716305,4
1791456300000,82711.5,82734.0,-0.0027556989871153625,0.0,0.0025,ranging,0.11253630260796262,0.5185880351236284,0.368875662268409,4
1791457200000,82734.0,82472.77,-0.000785228870086585,1.0,0.0025,ranging,0.12008021302667586,0.35392880592746,0.5259909810458641,4
1791458100000,82472.78,82554.0,-0.0009932892409816318,1.0,0.0025,trending,0.112992197150597,0.5093556472347585,0.3776521556146445,4
1791459000000,82554.01,82621.43,-0.003212483734546856,0.0,0.0025,trending,0.11348432951169922,0.5884872016756436,0.29802846881265727,4
1791459900000,82621.44,82506.01,-0.0023757057213165123,1.0,0.0025,low_liquidity,0.12710518076755525,0.5849097250886708,0.2879850941437739,4
1791460800000,82506.0,82408.01,0.0008251625054409573,1.0,0.0025,trending,0.11525017463393428,0.49614954941252726,0.38860027595353847,4
1791461700000,82408.01,82472.0,-0.0013336647589485828,1.0,0.0025,trending,0.11195585571583497,0.5473258317574513,0.3407183125267137,4
1791462600000,82472.01,82356.01,-0.0039053616123461143,0.0,0.0025,trending,0.1018922587189326,0.581119597384959,0.31698814389610847,4
1791463500000,82356.01,82310.0,-0.0015549750941562523,1.0,0.0025,trending,0.11068728121501067,0.3491614142682493,0.54015130451674,4
1791464400000,82310.01,82476.01,0.0007563411469591053,1.0,0.0025,high_volatility,0.1138247443631718,0.4327417716186105,0.45343348401821776,4
1791465300000,82476.0,82362.01,0.004372647049288858,2.0,0.0025,high_volatility,0.11541765165363535,0.41930868589635395,0.46527366245001084,4
1791466200000,82362.01,82034.38,0.006431815538802121,2.0,0.0025,high_volatility,0.10207900033077355,0.24067498868369092,0.6572460109855355,4
1791467100000,82034.37,82182.01,0.006351633404926504,2.0,0.0025,high_volatility,0.13486845034217845,0.2661393573431792,0.5989921923146424,4
1791468000000,82182.01,82538.39,-0.004546732738547443,0.0,0.0025,high_volatility,0.1650760056800229,0.58725085799411,0.24767313632586715,4
1791468900000,82538.38,82722.15,-0.016512506021664097,0.0,0.0025,high_volatility,0.19794695390250697,0.5889110033634372,0.21314204273405588,4
1791469800000,82722.16,82562.01,-0.016052782629686346,0.0,0.0025,high_volatility,0.17310051230710224,0.5831102205521345,0.2437892671407634,4
1791470700000,82562.01,82704.0,-0.020144249371251588,0.0,0.0025,high_volatility,0.1588479084351483,0.6332634669486049,0.20788862461624683,4
1791471600000,82704.0,82163.11,-0.013803153264281276,0.0,0.0025,high_volatility,0.11543442662849879,0.42915364475085205,0.45541192862064916,4
1791472500000,82163.11,81356.2,-0.0005945459596194969,1.0,0.0026325485289205165,high_volatility,0.09665899220146561,0.29021509844225307,0.6131259093562814,4
1791473400000,81356.2,81236.66,0.0006319806845824782,1.0,0.0027766755622851288,high_volatility,0.10262933569491497,0.3184876400754182,0.5788830242296669,4
1791474300000,81236.66,81037.99,-0.0010384018655942295,1.0,0.0028659433429993344,high_volatility,0.05330501179603375,0.18546203283471624,0.76123295536925,4
1791475200000,81037.99,81029.0,-0.0012068518678497453,1.0,0.0029267085537427627,high_volatility,0.05732698019915475,0.1843778354694225,0.7582951843314227,4
1791476100000,81029.0,81307.83,-0.006981738413139316,0.0,0.002979055449092922,high_volatility,0.08086906626380393,0.24776129922842194,0.6713696345077741,4
1791477000000,81307.83,81288.0,-0.005446191319752103,0.0,0.002951469679411891,high_volatility,0.08423049855982027,0.29078277845564604,0.6249867229845337,4
1791477900000,81288.01,80953.84,-0.0025370013331053043,1.0,0.003000882861941042,high_volatility,0.11942835404219465,0.28899546945867155,0.5915761764991337,4
1791478800000,80953.85,80931.21,-0.0015362429401463151,1.0,0.0029691237461649963,high_volatility,0.11471549419866742,0.2738879735601598,0.6113965322411729,4
1791479700000,80931.21,80740.16,0.00870347544518113,2.0,0.003051236129773104,high_volatility,0.09975559321348958,0.26098200592488746,0.639262400861623,4
1791480600000,80740.16,80845.29,0.008518863622110961,2.0,0.002949348257909466,high_volatility,0.12429005290000829,0.4150420439921693,0.46066790310782235,4
1791481500000,80845.28,80748.46,0.009455784048389093,2.0,0.002922987100826008,high_volatility,0.0824089021781338,0.321396174171577,0.5961949236502891,4
1791482400000,80748.46,80806.88,0.00866460875608599,2.0,0.0028615802364586004,high_volatility,0.09370995750745967,0.3829635623423727,0.5233264801501676,4
1791483300000,80806.87,81442.88,0.0031079451021378546,2.0,0.0029864487497358876,high_volatility,0.14761055346623886,0.5269304433977379,0.3254590031360233,4
1791484200000,81442.88,81534.0,0.0025756126278608793,1.0,0.0028890198593413846,high_volatility,0.15610667338980397,0.5640462083531631,0.27984711825703285,4
1791485100000,81534.0,81512.0,0.003232898223574532,2.0,0.0027391229755391166,high_volatility,0.1822196649383107,0.6394900870487191,0.17829024801297022,4
1791486000000,81512.01,81507.04,0.004710758727098918,2.0,0.0026480044771661753,high_volatility,0.1727130833571368,0.47296381557981615,0.35432310106304704,4
1791486900000,81507.04,81696.0,0.000881316098707341,1.0,0.0025915144376078185,high_volatility,0.18386654128412752,0.5455718256117436,0.27056163310412895,4
1791487800000,81696.0,81744.0,0.0009623947935015753,1.0,0.0025,high_volatility,0.18176323591724944,0.5858711690471174,0.23236559503563306,4
1791488700000,81744.01,81775.52,0.0004705564697111697,1.0,0.0025,high_volatility,0.12019604712172857,0.6192978411728097,0.26050611170546173,4
1791489600000,81775.52,81891.0,-0.0016807707806718586,1.0,0.0025,high_volatility,0.12241075219909474,0.6302977122248172,0.24729153557608793,4
1791490500000,81891.0,81768.0,-0.0010726690147735418,1.0,0.0025,trending,0.078609909476979,0.617645997709728,0.30374409281329295,4
1791491400000,81768.01,81822.67,-0.0015048396734059777,1.0,0.0025,trending,0.09475168850739593,0.6366781868307333,0.26857012466187086,4
1791492300000,81822.67,81814.0,-0.001222529151490015,1.0,0.0025,trending,0.08555320249772408,0.6522866769298674,0.26216012057240845,4
1791493200000,81814.0,81753.36,0.0009863814771648993,1.0,0.0025,trending,0.08314320820098738,0.6290084210866052,0.28784837071240754,4
1791494100000,81754.01,81680.29,0.0013156172682542433,1.0,0.0025,trending,0.06706941522967041,0.6359233066647111,0.29700727810561856,4
1791495000000,81680.29,81699.54,0.0027473838897991154,2.0,0.0025,trending,0.07283692541141518,0.645952207843748,0.2812108667448369,4
1791495900000,81699.54,81713.98,0.002236459416124381,1.0,0.0025,trending,0.06273022130007179,0.6622006266269718,0.2750691520729563,4
1791496800000,81713.98,81834.0,9.788107632524579e-05,1.0,0.0025,low_liquidity,0.0744096432180117,0.7400394983944127,0.1855508583875756,4
1791497700000,81834.01,81787.75,0.0006388487273460974,1.0,0.0025,low_liquidity,0.06325883560486191,0.753877584105252,0.18286358028988622,4
1791498600000,81787.75,81924.0,-0.001367120746057271,1.0,0.0025,ranging,0.07252418066276052,0.7661229590387079,0.16135286029853163,4
1791499500000,81924.0,81896.73,-0.001737309902361206,1.0,0.0025,ranging,0.06467351210598364,0.7398238866783007,0.19550260121571567,4
1791500400000,81896.72,81842.01,-3.5434124846078774e-05,1.0,0.0025,ranging,0.059153761438783294,0.740019219729232,0.2008270188319847,4
1791501300000,81842.01,81840.0,-0.0011258553274682281,1.0,0.0025,ranging,0.057528796007954415,0.7115709891156254,0.23090021487642018,4
1791502200000,81840.0,81812.0,0.000339314525986234,1.0,0.0025,ranging,0.06704764183535032,0.6745251660350575,0.2584271921295922,4
1791503100000,81812.01,81754.45,0.0006550102165692184,1.0,0.0025,ranging,0.08001602807628204,0.6814335701858364,0.23855040173788156,4
1791504000000,81754.46,81839.11,-0.0013086652579678004,1.0,0.0025,ranging,0.08333897166012824,0.6011286743388475,0.31553235400102414,4
1791504900000,81839.11,81747.86,0.000882469583913359,1.0,0.0025,ranging,0.08278341266237851,0.5987833127585637,0.3184332745790579,4
1791505800000,81747.85,81839.76,0.0017381527023050403,1.0,0.0025,ranging,0.09221977791260814,0.6961473611278572,0.21163286095953465,4
1791506700000,81839.75,81808.0,0.00202914140426369,1.0,0.0025,ranging,0.08873128998303675,0.6694396382125815,0.2418290718043817,4
1791507600000,81808.0,81732.01,0.0036274649308147833,2.0,0.0025,ranging,0.09708322860628825,0.5788624212276585,0.32405435016605305,4
1791508500000,81732.01,81820.0,0.0011978733805915187,1.0,0.0025,ranging,0.09388718820810524,0.6210875354524695,0.2850252763394253,4
1791509400000,81820.0,81982.01,0.0007479689751448415,1.0,0.0025,ranging,0.1284273795257868,0.6422310722942198,0.2293415481799934,4
1791510300000,81982.01,81974.0,0.0017005391953546223,1.0,0.0025,ranging,0.09182978530179446,0.721819199509847,0.18635101518835848,4
1791511200000,81974.01,82028.49,0.0006768380107935457,1.0,0.0025,ranging,0.11980055414173618,0.6467338223185952,0.23346562353966865,4
1791512100000,82028.49,81918.01,0.0037690124552585136,2.0,0.0025,ranging,0.10035455350833028,0.6006679553454262,0.29897749114624367,4
1791513000000,81918.0,82043.33,0.004335148268603817,2.0,0.0025,ranging,0.12054105235546031,0.6006889533860693,0.2787699942584703,4
1791513900000,82043.33,82113.4,0.0038278770578250576,2.0,0.0025,ranging,0.1646632138545925,0.5673315709323667,0.2680052152130406,4
1791514800000,82113.41,82084.01,0.005243530378206573,2.0,0.0025,ranging,0.13388499497237516,0.6372306428804481,0.2288843621471767,4
1791515700000,82084.01,82226.76,0.0025213203098359838,2.0,0.0025,ranging,0.1407091070815533,0.6795918358819352,0.17969905703651157,4
1791516600000,82226.76,82399.0,-0.0007548635298971762,1.0,0.0025,ranging,0.12706762125690713,0.6856108013729498,0.18732157737014302,4
1791517500000,82398.99,82427.72,-0.002155949479131558,1.0,0.0025,ranging,0.14761644172716198,0.6949860126349819,0.15739754563785602,4
1791518400000,82427.73,82514.42,-0.0017016419675495165,1.0,0.0025,ranging,0.1872670327715354,0.6637586636070295,0.14897430362143504,4
1791519300000,82514.42,82434.08,0.0011953793867778284,1.0,0.0025,ranging,0.12299009024892313,0.6973417547829043,0.17966815496817265,4
1791520200000,82434.09,82336.8,0.0020933531543612105,1.0,0.0025,ranging,0.12560427607492639,0.7031697219109468,0.17122600201412685,4
1791521100000,82336.79,82250.01,0.0012447414900012,1.0,0.0025,ranging,0.1294631150601312,0.6206199387745751,0.24991694616529372,4
1791522000000,82250.0,82374.01,0.0011657803231868158,1.0,0.0025,ranging,0.11691787821575941,0.6964740072694543,0.18660811451478626,4
1791522900000,82374.01,82532.62,-0.000612363935617144,1.0,0.0025,ranging,0.16900894103223132,0.6565483418855205,0.17444271708224832,4
1791523800000,82532.61,82509.16,0.0010237651189273222,1.0,0.0025,ranging,0.15516455850191022,0.6542629286634433,0.19057251283464655,4
1791524700000,82509.16,82352.39,0.0027001037856946297,2.0,0.0025,ranging,0.0933007739854885,0.7151658335251799,0.19153339248933146,4
1791525600000,82352.39,82470.04,0.0007653688539499548,1.0,0.0025,low_liquidity,0.11743282074689436,0.7491382926826823,0.1334288865704235,4
1791526500000,82470.05,82482.08,0.0004992599604665138,1.0,0.0025,ranging,0.12430467832028075,0.704050581978325,0.17164473970139427,4
1791527400000,82482.08,82593.63,-0.0005482262978391272,1.0,0.0025,ranging,0.14202134028371535,0.7123845507651966,0.14559410895108807,4
1791528300000,82593.64,82574.75,0.001080959978685847,1.0,0.0025,ranging,0.11526461097682911,0.6998900458498742,0.18484534317329665,4
1791529200000,82574.75,82533.16,0.0019324353992988819,1.0,0.0025,ranging,0.09614134293417229,0.7070687717979354,0.19678988526789232,4
1791530100000,82533.17,82523.26,0.0004452078117127556,1.0,0.0025,ranging,0.07986048541671888,0.7330081177854372,0.18713139679784402,4
1791531000000,82523.26,82548.35,0.00039237610442843796,1.0,0.0025,ranging,0.10451111763993637,0.7035370387636809,0.1919518435963829,4
1791531900000,82548.36,82664.01,0.0004837655468201696,1.0,0.0025,trending,0.145296331162292,0.6120504172198231,0.24265325161788492,4
1791532800000,82664.01,82692.65,-0.0013863384472501128,1.0,0.0025,trending,0.1507406283569422,0.5847386220454097,0.26452074959764804,4
1791533700000,82692.66,82560.0,0.0010660125968990908,1.0,0.0025,trending,0.13325623725335012,0.5409059056159558,0.3258378571306941,4
1791534600000,82560.0,82580.74,0.0005244564289446085,1.0,0.0025,trending,0.10601167362636667,0.6206687642907598,0.27331956208287356,4
1791535500000,82580.75,82704.0,-0.0005560795124782691,1.0,0.0025,trending,0.1264626715746224,0.6405056519863476,0.23303167643903006,4
1791536400000,82704.0,82578.01,0.0017969674977635908,1.0,0.0025,low_liquidity,0.09709339165223381,0.6484017859904664,0.2545048223572999,4
