open_ts,open,close,fwd_return,label,label_threshold,regime,p_down,p_flat,p_up,p_naive_down,p_naive_flat,p_naive_up,fold
1789767900000,2628.83,2626.68,-0.0025317130369895136,1.0,0.002632335889902021,trending,0.16288794725197428,0.5403648390280089,0.29674721372001683,0.2018194070080863,0.5502021563342319,0.24797843665768196,0
1789768800000,2626.69,2629.6,-0.003700182537268004,0.0,0.002565951162011115,trending,0.17342239017761626,0.5611583096814362,0.26541930014094756,0.2018194070080863,0.5502021563342319,0.24797843665768196,0
1789769700000,2629.6,2632.43,-0.006814996030283793,0.0,0.0025,trending,0.18061240912658325,0.5662063222095272,0.2531812686638896,0.2018194070080863,0.5502021563342319,0.24797843665768196,0
1789770600000,2632.43,2619.12,-0.0027146522496104275,0.0,0.0025336225539387643,trending,0.17065838148475565,0.5623106530067902,0.2670309655084542,0.2018194070080863,0.5502021563342319,0.24797843665768196,0
1789771500000,2619.12,2620.03,-0.003011415899818015,0.0,0.0025,trending,0.17052542709570218,0.580064161581687,0.2494104113226108,0.2018194070080863,0.5502021563342319,0.24797843665768196,0
1789772400000,2620.04,2619.87,-0.0027749468485077644,0.0,0.0025,trending,0.16275414913437872,0.5883831580134771,0.2488626928521441,0.2018194070080863,0.5502021563342319,0.24797843665768196,0
1789773300000,2619.88,2614.49,0.00047810471640730157,1.0,0.0025,low_liquidity,0.17197314643447903,0.5685144755506673,0.25951237801485366,0.2018194070080863,0.5502021563342319,0.24797843665768196,0
1789774200000,2614.49,2612.01,0.003349910605242812,2.0,0.0025,trending,0.18742273609491647,0.5084494928928504,0.3041277710122331,0.2018194070080863,0.5502021563342319,0.24797843665768196,0
1789775100000,2612.0,2612.14,0.005604600059721188,2.0,0.0025,trending,0.1743421827617304,0.5401473410783338,0.28551047615993574,0.2018194070080863,0.5502021563342319,0.24797843665768196,0
1789776000000,2612.14,2612.6,6.506927964489151e-05,1.0,0.0025,trending,0.17877837373836053,0.5251021279340841,0.2961194983275554,0.2018194070080863,0.5502021563342319,0.24797843665768196,0
1789776900000,2612.6,2615.74,-0.0012998233769410117,1.0,0.0025,trending,0.1742246140949143,0.5423873175472219,0.2833880683578639,0.2018194070080863,0.5502021563342319,0.24797843665768196,0
1789777800000,2615.73,2620.76,-0.003327279109876624,0.0,0.0025,trending,0.17861972963763934,0.547770997270511,0.27360927309184957,0.2018194070080863,0.5502021563342319,0.24797843665768196,0
1789778700000,2620.76,2626.78,-0.005325912333731919,0.0,0.0025,trending,0.17921235803089758,0.5679683226614668,0.2528193193076357,0.2018194070080863,0.5502021563342319,0.24797843665768196,0
1789779600000,2626.79,2612.77,0.001316610340749591,1.0,0.0025,trending,0.17958132688933415,0.5545563602199064,0.26586231289075946,0.2018194070080863,0.5502021563342319,0.24797843665768196,0
1789780500000,2612.78,2612.34,0.0020632842585575073,1.0,0.0025,trending,0.17557703093544688,0.5676590346483498,0.25676393441620343,0.2018194070080863,0.5502021563342319,0.24797843665768196,0
1789781400000,2612.35,2612.04,0.0030512549578107784,2.0,0.0025,trending,0.17297746570928116,0.5884630696010533,0.2385594646896656,0.2018194070080863,0.5502021563342319,0.24797843665768196,0
1789782300000,2612.04,2612.79,0.004026347314556533,2.0,0.0025,low_liquidity,0.1853345129289054,0.5711554780047198,0.24351000906637477,0.2018194070080863,0.5502021563342319,0.24797843665768196,0
1789783200000,2612.79,2616.21,0.004059307165709125,2.0,0.0025,low_liquidity,0.18889208765569093,0.5598265242209131,0.25128138812339607,0.2018194070080863,0.5502021563342319,0.24797843665768196,0
1789784100000,2616.21,2617.73,0.0012453537989021157,1.0,0.0025,low_liquidity,0.19172546187166756,0.5550520138344361,0.2532225242938963,0.2018194070080863,0.5502021563342319,0.24797843665768196,0
1789785000000,2617.72,2620.01,0.0010954156663522951,1.0,0.0025,ranging,0.1922907744955785,0.5661939313631082,0.24151529414131323,0.2018194070080863,0.5502021563342319,0.24797843665768196,0
1789785900000,2620.0,2623.31,-0.001193149113143388,1.0,0.0025,low_liquidity,0.1955093514591476,0.5649196785661129,0.23957096997473962,0.2018194070080863,0.5502021563342319,0.24797843665768196,0
1789786800000,2623.31,2626.83,-0.00040352820700229053,1.0,0.0025,ranging,0.1947247044209831,0.5472656698103513,0.2580096257686657,0.2018194070080863,0.5502021563342319,0.24797843665768196,0
1789787700000,2626.84,2620.99,0.0016406014521230805,1.0,0.0025,low_liquidity,0.1897031425185303,0.5535375435728644,0.2567593139086053,0.2018194070080863,0.5502021563342319,0.24797843665768196,0
1789788600000,2620.99,2622.88,-0.003271213322759703,0.0,0.0025,low_liquidity,0.18658544584972625,0.563276627862141,0.25013792628813264,0.2018194070080863,0.5502021563342319,0.24797843665768196,0
1789789500000,2622.88,2620.18,-0.0001984596478104006,1.0,0.0025,low_liquidity,0.1891531690171257,0.5602778031642721,0.25056902781860213,0.2018194070080863,0.5502021563342319,0.24797843665768196,0
1789790400000,2620.17,2625.77,-0.00038845748104365807,1.0,0.0025,low_liquidity,0.19253187505877434,0.5538607309066242,0.2536073940346016,0.2018194070080863,0.5502021563342319,0.24797843665768196,0
1789791300000,2625.78,2625.29,0.0010017940875104436,1.0,0.0025,ranging,0.19303469689069927,0.557140252901379,0.24982505020792176,0.2018194070080863,0.5502021563342319,0.24797843665768196,0
1789792200000,2625.3,2614.3,0.004762269058638857,2.0,0.0025,ranging,0.20537219775144944,0.5303046360953062,0.2643231661532444,0.2018194070080863,0.5502021563342319,0.24797843665768196,0
1789793100000,2614.31,2619.66,0.003538627150088125,2.0,0.0025,ranging,0.20484333120829692,0.5317525815114837,0.26340408728021936,0.2018194070080863,0.5502021563342319,0.24797843665768196,0
1789794000000,2619.67,2624.75,0.0002628821792551861,1.0,0.0025,ranging,0.2002850726930936,0.5543042062127121,0.24541072109419415,0.2018194070080863,0.5502021563342319,0.24797843665768196,0
1789794900000,2624.74,2627.92,-0.0013014094797406672,1.0,0.0025,ranging,0.22426010742770464,0.541764648742578,0.2339752438297174,0.2018194070080863,0.5502021563342319,0.24797843665768196,0
1789795800000,2627.91,2626.75,0.0007652041496146733,1.0,0.0025,ranging,0.1991859388986253,0.563940766887736,0.2368732942136387,0.2018194070080863,0.5502021563342319,0.24797843665768196,0
1789796700000,2626.75,2628.93,-0.000623827945209654,1.0,0.0025,ranging,0.1916957129729647,0.5706618618591264,0.23764242516790884,0.2018194070080863,0.5502021563342319,0.24797843665768196,0
1789797600000,2628.93,2625.44,0.0019425315375707353,1.0,0.0025,ranging,0.19534631357064103,0.5495345113388571,0.25511917509050186,0.2018194070080863,0.5502021563342319,0.24797843665768196,0
1789798500000,2625.43,2624.5,0.001867022289959941,1.0,0.0025,ranging,0.19646281496430085,0.5558377876976096,0.2476993973380895,0.2018194070080863,0.5502021563342319,0.24797843665768196,0
1789799400000,2624.5,2628.76,-0.0013998995724220364,1.0,0.0025,ranging,0.18029397573852754,0.5738685512412707,0.24583747302020179,0.2018194070080863,0.5502021563342319,0.24797843665768196,0
1789800300000,2628.75,2627.29,-0.0001294109139075017,1.0,0.0025,ranging,0.18435361677607698,0.5792914175709936,0.2363549656529295,0.2018194070080863,0.5502021563342319,0.24797843665768196,0
1789801200000,2627.3,2630.54,0.002033802945402785,1.0,0.0025,ranging,0.19217402226905747,0.5655907575698119,0.24223522016113064,0.2018194070080863,0.5502021563342319,0.24797843665768196,0
1789802100000,2630.55,2629.4,0.006039400623716551,2.0,0.0025,ranging,0.19241958720622523,0.5607780456834541,0.2468023671103206,0.2018194070080863,0.5502021563342319,0.24797843665768196,0
1789803000000,2629.39,2625.08,0.009024486872781123,2.0,0.0025,ranging,0.20738688481480916,0.5539031039676164,0.23871001121757437,0.2018194070080863,0.5502021563342319,0.24797843665768196,0
1789803900000,2625.08,2626.95,0.006958640248196701,2.0,0.0025,ranging,0.21373189229415876,0.5419947537458827,0.24427335395995847,0.2018194070080863,0.5502021563342319,0.24797843665768196,0
1789804800000,2626.96,2635.89,0.0054858131409125654,2.0,0.0025,ranging,0.19542750775422824,0.5737508344552916,0.2308216577904801,0.2018194070080863,0.5502021563342319,0.24797843665768196,0
1789805700000,2635.88,2645.28,0.0004876610415531779,1.0,0.0025,ranging,0.21369239370255128,0.4723551456852617,0.31395246061218707,0.2018194070080863,0.5502021563342319,0.24797843665768196,0
1789806600000,2645.28,2648.77,-0.004790902947405806,0.0,0.0025,ranging,0.2063849333895362,0.5122723906674725,0.2813426759429912,0.2018194070080863,0.5502021563342319,0.24797843665768196,0
1789807500000,2648.77,2645.23,-0.001644469479024524,1.0,0.0025,trending,0.1933618353983206,0.5335220892060111,0.2731160753956684,0.2018194070080863,0.5502021563342319,0.24797843665768196,0
1789808400000,2645.23,2650.35,-0.0033995510026976206,0.0,0.0025,trending,0.18126715837720486,0.514877141754096,0.30385569986869915,0.2018194070080863,0.5502021563342319,0.24797843665768196,0
1789809300000,2650.36,2646.57,-0.0006083345613379088,1.0,0.0025,trending,0.19648709782850052,0.5169356648248092,0.2865772373466902,0.2018194070080863,0.5502021563342319,0.24797843665768196,0
1789810200000,2646.57,2636.08,0.0030348092622378697,2.0,0.0025,trending,0.19351016848213842,0.5578908478850432,0.24859898363281838,0.2018194070080863,0.5502021563342319,0.24797843665768196,0
1789811100000,2636.08,2640.88,-0.0009618006119171962,1.0,0.0025,trending,0.19637614732690212,0.5536112759969475,0.2500125766761504,0.2018194070080863,0.5502021563342319,0.24797843665768196,0
1789812000000,2640.88,2641.34,-0.0012645096806924716,1.0,0.0025,trending,0.2048056164012239,0.5584618994407112,0.236732484158065,0.2018194070080863,0.5502021563342319,0.24797843665768196,0
1789812900000,2641.35,2644.96,-0.0025331195934908957,0.0,0.0025,trending,0.19635105414105966,0.5796318081666465,0.22401713769229384,0.2018194070080863,0.5502021563342319,0.24797843665768196,0
1789813800000,2644.95,2644.08,-0.00173595352636835,1.0,0.0025,trending,0.1923496461268031,0.5771457454378757,0.2305046084353212,0.2018194070080863,0.5502021563342319,0.24797843665768196,0
1789814700000,2644.09,2638.34,0.0005041048538094728,1.0,0.0025,trending,0.21203157566138026,0.5423123673841544,0.2456560569544652,0.2018194070080863,0.5502021563342319,0.24797843665768196,0
1789815600000,2638.34,2638.0,0.0015314632297194208,1.0,0.0025,trending,0.20734723888314632,0.5586358281796941,0.23401693293715953,0.2018194070080863,0.5502021563342319,0.24797843665768196,0
1789816500000,2638.0,2638.26,0.0010385632955052237,1.0,0.0025,trending,0.21522483652121074,0.5497146326505206,0.2350605308282687,0.2018194070080863,0.5502021563342319,0.24797843665768196,0
1789817400000,2638.26,2639.49,0.00013260137375037395,1.0,0.0025,trending,0.20846843257806924,0.5567837991225616,0.23474776829936903,0.2018194070080863,0.5502021563342319,0.24797843665768196,0
1789818300000,2639.48,2639.67,0.0008485909223501231,1.0,0.0025,low_liquidity,0.1997700727515742,0.5741190880308793,0.22611083921754646,0.2018194070080863,0.5502021563342319,0.24797843665768196,0
1789819200000,2639.67,2642.04,-0.0016767346444414022,1.0,0.0025,trending,0.2087564904254138,0.563437486417418,0.22780602315716816,0.2018194070080863,0.5502021563342319,0.24797843665768196,0
1789820100000,2642.05,2641.0,-0.0024422567209390067,1.0,0.0025,trending,0.20413954386374142,0.5670916179109908,0.22876883822526775,0.2018194070080863,0.5502021563342319,0.24797843665768196,0
1789821000000,2641.01,2639.84,-0.0015758530820051408,1.0,0.0025,trending,0.19942410929435686,0.5737879412724748,0.22678794943316846,0.2018194070080863,0.5502021563342319,0.24797843665768196,0
1789821900000,2639.84,2641.91,-0.0013020882619014795,1.0,0.0025,ranging,0.19635124875204732,0.571352547543855,0.23229620370409765,0.2018194070080863,0.5502021563342319,0.24797843665768196,0
1789822800000,2641.91,2637.61,0.0002805570194228668,1.0,0.0025,ranging,0.2069485695449339,0.5478778733166061,0.24517355713846004,0.2018194070080863,0.5502021563342319,0.24797843665768196,0
1789823700000,2637.61,2634.55,0.0035110360403105556,2.0,0.0025,ranging,0.20757352364874648,0.5322085141025251,0.2602179622487284,0.2018194070080863,0.5502021563342319,0.24797843665768196,0
1789824600000,2634.54,2635.68,0.0013051660292600076,1.0,0.0025,ranging,0.19801433301981072,0.554776814250416,0.2472088527297734,0.2018194070080863,0.5502021563342319,0.24797843665768196,0
1789825500000,2635.69,2638.47,0.00020845414198378265,1.0,0.0025,ranging,0.20776068836939515,0.5529880383822801,0.23925127324832482,0.2018194070080863,0.5502021563342319,0.24797843665768196,0
1789826400000,2638.47,2638.35,0.0014706161047624011,1.0,0.0025,ranging,0.2083623434583073,0.5593532748057417,0.23228438173595092,0.2018194070080863,0.5502021563342319,0.24797843665768196,0
1789827300000,2638.35,2643.8,-0.002314849837355415,1.0,0.0025,ranging,0.19907177201653659,0.5558175423471184,0.24511068563634494,0.2018194070080863,0.5502021563342319,0.24797843665768196,0
1789828200000,2643.81,2639.12,0.003804298402497741,2.0,0.0025,ranging,0.21606784833189915,0.5645627993792338,0.21936935228886711,0.2018194070080863,0.5502021563342319,0.24797843665768196,0
1789829100000,2639.13,2639.02,0.0008109070791428863,1.0,0.0025,ranging,0.2057434298805083,0.5821356376724086,0.21212093244708308,0.2018194070080863,0.5502021563342319,0.24797843665768196,0
1789830000000,2639.01,2642.23,0.0009196776964912612,1.0,0.0025,ranging,0.210255385584233,0.5733456401788293,0.2163989742369377,0.2018194070080863,0.5502021563342319,0.24797843665768196,0
1789830900000,2642.23,2637.68,0.003810166509963464,2.0,0.0025,ranging,0.19369258082723126,0.5875663594960843,0.2187410596766846,0.2018194070080863,0.5502021563342319,0.24797843665768196,0
1789831800000,2637.69,2649.16,-0.0004907215872199666,1.0,0.0025,ranging,0.24919292858668732,0.5073514845584464,0.24345558685486635,0.2018194070080863,0.5502021563342319,0.24797843665768196,0
1789832700000,2649.17,2641.16,0.0033470141907343542,2.0,0.0025,ranging,0.2591534617895305,0.5098276312615289,0.23101890694894053,0.2018194070080863,0.5502021563342319,0.24797843665768196,0
1789833600000,2641.17,2644.66,0.002034287961401482,1.0,0.0025,ranging,0.22198159332791426,0.5448565038197563,0.2331619028523294,0.2018194070080863,0.5502021563342319,0.24797843665768196,0
1789834500000,2644.67,2647.73,-0.000377682014404801,1.0,0.0025,ranging,0.2222192188284291,0.5449455045201425,0.23283527665142842,0.2018194070080863,0.5502021563342319,0.24797843665768196,0
1789835400000,2647.72,2647.86,-0.0002152681788312183,1.0,0.0025,ranging,0.2165425235634192,0.5587003668143934,0.22475710962218745,0.2018194070080863,0.5502021563342319,0.24797843665768196,0
1789836300000,2647.85,2650.0,-0.00173207547169818,1.0,0.0025,ranging,0.1942690165741087,0.5806023464971687,0.2251286369287227,0.2018194070080863,0.5502021563342319,0.24797843665768196,0
1789837200000,2650.01,2650.04,-0.004630118790659776,0.0,0.0025,ranging,0.22115372712934095,0.5394404328897717,0.2394058399808874,0.2018194070080863,0.5502021563342319,0.24797843665768196,0
1789838100000,2650.05,2646.73,-0.0021989398238582147,1.0,0.0025,ranging,0.23765355862315082,0.48324084635099296,0.2791055950258563,0.2018194070080863,0.5502021563342319,0.24797843665768196,0
1789839000000,2646.72,2647.29,-0.002206029562307199,1.0,0.0025,ranging,0.22477248115291454,0.5210578788723644,0.254169639974721,0.2018194070080863,0.5502021563342319,0.24797843665768196,0
1789839900000,2647.29,2645.41,-0.0024608661795335607,1.0,0.0025,ranging,0.20311476199490558,0.5625432122846433,0.23434202572045115,0.2018194070080863,0.5502021563342319,0.24797843665768196,0
1789840800000,2645.42,2637.77,-0.001311714061498881,1.0,0.0025,ranging,0.21893111730978201,0.530471482077786,0.25059740061243196,0.2018194070080863,0.5502021563342319,0.24797843665768196,0
1789841700000,2637.78,2640.91,-0.0014464711027637467,1.0,0.0025,ranging,0.22396340389875963,0.5383986115110091,0.23763798459023128,0.2018194070080863,0.5502021563342319,0.24797843665768196,0
1789842600000,2640.9,2641.45,-0.0023774820647749495,1.0,0.0025,ranging,0.23399310675581703,0.5185484279928869,0.24745846525129606,0.2018194070080863,0.5502021563342319,0.24797843665768196,0
1789843500000,2641.46,2638.9,-0.0015233620068968445,1.0,0.0025,ranging,0.2275592973804233,0.5388807662689882,0.23355993635058855,0.2018194070080863,0.5502021563342319,0.24797843665768196,0
1789844400000,2638.89,2634.31,0.0004783036165068033,1.0,0.0025,ranging,0.21426867606615868,0.5338950597484791,0.2518362641853622,0.2018194070080863,0.5502021563342319,0.24797843665768196,0
1789845300000,2634.31,2637.09,-0.0006749864433903685,1.0,0.0025,ranging,0.22223121142057756,0.5372780849351552,0.24049070364426736,0.2018194070080863,0.5502021563342319,0.24797843665768196,0
1789846200000,2637.08,2635.17,0.0019846916897201528,1.0,0.0025,low_liquidity,0.2034951367969063,0.5844570046697398,0.21204785853335384,0.2018194070080863,0.5502021563342319,0.24797843665768196,0
1789847100000,2635.17,2634.88,0.00040988583920320565,1.0,0.0025,low_liquidity,0.2090407464788038,0.5613382842727714,0.2296209692484247,0.2018194070080863,0.5502021563342319,0.24797843665768196,0
1789848000000,2634.88,2635.57,-0.004131933509639363,0.0,0.0025,ranging,0.2174314580521124,0.5531658543790361,0.22940268756885146,0.2018194070080863,0.5502021563342319,0.24797843665768196,0
1789848900000,2635.57,2635.31,-0.002845964990836003,0.0,0.0025,ranging,0.2221711322048174,0.545171095216003,0.23265777257917955,0.2018194070080863,0.5502021563342319,0.24797843665768196,0
1789849800000,2635.31,2640.4,-0.006071049840933318,0.0,0.0025,ranging,0.20800012019410638,0.5529506189897225,0.2390492608161711,0.2018194070080863,0.5502021563342319,0.24797843665768196,0
1789850700000,2640.4,2635.96,-0.003027360050987138,0.0,0.0025,ranging,0.23180964976906965,0.5551731772696439,0.2130171729612864,0.2018194070080863,0.5502021563342319,0.24797843665768196,0
1789851600000,2635.97,2624.68,-0.0016535349071123973,1.0,0.0025,ranging,0.2096246662314276,0.5183044218960725,0.2720709118724998,0.2018194070080863,0.5502021563342319,0.24797843665768196,0
1789852500000,2624.69,2627.81,-0.001952195935018164,1.0,0.0025,ranging,0.2205139062301319,0.5116135097269048,0.2678725840429633,0.2018194070080863,0.5502021563342319,0.24797843665768196,0
1789853400000,2627.81,2624.37,0.0020576366899485166,1.0,0.0025,ranging,0.2050785381977149,0.5430931855878816,0.2518282762144035,0.2018194070080863,0.5502021563342319,0.24797843665768196,0
1789854300000,2624.38,2627.98,0.0010844831391410015,1.0,0.0025,ranging,0.21323531800574094,0.5513522061991197,0.23541247579513935,0.2018194070080863,0.5502021563342319,0.24797843665768196,0
1789855200000,2627.97,2620.34,0.006109894135875482,2.0,0.0025,ranging,0.21355124782548077,0.5238406146714648,0.2626081375030544,0.2018194070080863,0.5502021563342319,0.24797843665768196,0
1789856100000,2620.33,2622.68,0.0037976421065475385,2.0,0.0025,ranging,0.22529066583228957,0.522666237412524,0.2520430967551864,0.2018194070080863,0.5502021563342319,0.24797843665768196,0
1789857000000,2622.67,2629.77,0.001973556622822503,1.0,0.0025,ranging,0.22307076269958334,0.5297113421880993,0.24721789511231726,0.2018194070080863,0.5502021563342319,0.24797843665768196,0
1789857900000,2629.77,2630.83,0.0007070012125451886,1.0,0.0025,ranging,0.21616415303762784,0.5524001706954564,0.2314356762669157,0.2018194070080863,0.5502021563342319,0.24797843665768196,0
1789858800000,2630.84,2636.35,-0.0024124262711704425,1.0,0.0025,ranging,0.22603852854674092,0.5473820053324843,0.22657946612077465,0.2018194070080863,0.5502021563342319,0.24797843665768196,0
1789859700000,2636.36,2632.64,-0.0012193083748632816,1.0,0.0025,ranging,0.22349586257714382,0.5018543288755192,0.27464980854733695,0.2018194070080863,0.5502021563342319,0.24797843665768196,0
1789860600000,2632.64,2634.96,-0.001578771594255679,1.0,0.0025,ranging,0.2131353874014064,0.5499568487459309,0.2369077638526628,0.2018194070080863,0.5502021563342319,0.24797843665768196,0
1789861500000,2634.96,2632.69,-0.0020207468406838736,1.0,0.0025,low_liquidity,0.2041615201467109,0.5566113228531678,0.23922715700012137,0.2018194070080863,0.5502021563342319,0.24797843665768196,0
1789862400000,2632.7,2629.99,-0.0034752983851649155,0.0,0.0025,ranging,0.2087550379208007,0.5357886396352869,0.25545632244391236,0.2018194070080863,0.5502021563342319,0.24797843665768196,0
1789863300000,2630.0,2629.43,-0.0032212304567909023,0.0,0.0025,ranging,0.1994790296711925,0.5584864258118885,0.24203454451691908,0.2018194070080863,0.5502021563342319,0.24797843665768196,0
1789864200000,2629.44,2630.8,-0.004302873650600669,0.0,0.0025,ranging,0.20743214636229096,0.5333367365899908,0.25923111704771823,0.2018194070080863,0.5502021563342319,0.24797843665768196,0
1789865100000,2630.8,2627.37,-0.002881208204401964,0.0,0.0025,ranging,0.20697066722259613,0.5493020042313846,0.24372732854601922,0.2018194070080863,0.5502021563342319,0.24797843665768196,0
1789866000000,2627.36,2620.85,0.0007745578724460689,1.0,0.0025,ranging,0.2417006947120351,0.4960607437737054,0.2622385615142595,0.2018194070080863,0.5502021563342319,0.24797843665768196,0
1789866900000,2620.86,2620.96,-0.0026440693486355915,0.0,0.0025,ranging,0.24966619022089628,0.5139250748290032,0.23640873495010054,0.2018194070080863,0.5502021563342319,0.24797843665768196,0
1789867800000,2620.96,2619.48,-0.011456472276940577,0.0,0.0025,ranging,0.28052047781839834,0.4692899283020735,0.25018959387952827,0.2018194070080863,0.5502021563342319,0.24797843665768196,0
1789868700000,2619.49,2619.8,-0.01739445759218272,0.0,0.0025,ranging,0.23663174620725053,0.5127302486727101,0.25063800512003936,0.2018194070080863,0.5502021563342319,0.24797843665768196,0
1789869600000,2619.8,2622.88,-0.018285243701579912,0.0,0.0025,ranging,0.20811822428499477,0.5147686971537728,0.27711307856123235,0.2018194070080863,0.5502021563342319,0.24797843665768196,0
1789870500000,2622.87,2614.03,-0.011132236431869669,0.0,0.0025,ranging,0.2238915574051138,0.5057455496374673,0.2703628929574189,0.2018194070080863,0.5502021563342319,0.24797843665768196,0
1789871400000,2614.03,2589.47,-0.002884760201894543,0.0,0.0025,trending,0.23684209109025522,0.4379002273409787,0.32525768156876605,0.2018194070080863,0.5502021563342319,0.24797843665768196,0
1789872300000,2589.48,2574.23,0.005360826344188441,2.0,0.0025,trending,0.19366122555734502,0.4438224376935057,0.3625163367491492,0.2018194070080863,0.5502021563342319,0.24797843665768196,0
1789873200000,2574.24,2574.92,0.004132167212961946,2.0,0.0025,trending,0.1824366582409496,0.4593613754167877,0.35820196634226276,0.2018194070080863,0.5502021563342319,0.24797843665768196,0
1789874100000,2574.91,2584.93,-0.0005067835492643669,1.0,0.0026686214747020666,trending,0.18943840551548558,0.4956681632552509,0.31489343122926344,0.2018194070080863,0.5502021563342319,0.24797843665768196,0
1789875000000,2584.93,2582.0,-0.00043764523625100527,1.0,0.0026541052398976707,trending,0.20361604098824235,0.490796173162661,0.30558778584909657,0.2018194070080863,0.5502021563342319,0.24797843665768196,0
1789875900000,2582.0,2588.03,-0.0031838889039154106,0.0,0.002594739641525607,trending,0.1933437749696249,0.5289838643695266,0.2776723606608485,0.2018194070080863,0.5502021563342319,0.24797843665768196,0
1789876800000,2588.03,2585.56,-0.0005608069431766172,1.0,0.0025330360167332582,trending,0.18370411891529223,0.5230386892595202,0.2932571918251875,0.2018194070080863,0.5502021563342319,0.24797843665768196,0
1789877700000,2585.56,2583.62,-0.002004938806790424,1.0,0.002513945434382849,trending,0.18206007925100412,0.51242414553363,0.3055157752153658,0.2018194070080863,0.5502021563342319,0.24797843665768196,0
1789878600000,2583.63,2580.87,-0.0017280994393363835,1.0,0.0025,trending,0.16805597488117585,0.5570962315624369,0.27484779355638717,0.2018194070080863,0.5502021563342319,0.24797843665768196,0
1789879500000,2580.87,2579.79,-0.000573690106559055,1.0,0.0025,trending,0.1775367073168177,0.4734020587221779,0.3490612339610043,0.2018194070080863,0.5502021563342319,0.24797843665768196,0
1789880400000,2579.79,2584.11,-0.0019116833261741961,1.0,0.0025,trending,0.19250297205515446,0.5013396391196757,0.30615738882516985,0.2018194070080863,0.5502021563342319,0.24797843665768196,0
1789881300000,2584.11,2578.44,0.0007407579776919082,1.0,0.0025,trending,0.19943754749576176,0.4895068925274761,0.3110555599767622,0.2018194070080863,0.5502021563342319,0.24797843665768196,0
1789882200000,2578.45,2576.41,-0.0007840367022329264,1.0,0.0025,trending,0.2023303789578431,0.5035504168287326,0.2941192042134243,0.2018194070080863,0.5502021563342319,0.24797843665768196,0
1789883100000,2576.42,2578.31,-0.0015164972404403398,1.0,0.0025,trending,0.1854648073437497,0.5551459623559666,0.2593892303002837,0.2018194070080863,0.5502021563342319,0.24797843665768196,0
1789884000000,2578.31,2579.17,-0.0015043599297448473,1.0,0.0025,trending,0.20869560814736465,0.5147839660073423,0.27652042584529296,0.2018194070080863,0.5502021563342319,0.24797843665768196,0
1789884900000,2579.16,2580.35,-0.0013060243765380397,1.0,0.0025,trending,0.22810700936295558,0.5086257688140223,0.26326722182302215,0.2018194070080863,0.5502021563342319,0.24797843665768196,0
1789885800000,2580.35,2574.39,0.0003262908883270299,1.0,0.0025,trending,0.21434193240538613,0.49156682548929104,0.2940912421053229,0.2018194070080863,0.5502021563342319,0.24797843665768196,0
1789886700000,2574.39,2574.4,0.0009167184586700294,1.0,0.0025,trending,0.22257736327396235,0.5037644045820068,0.2736582321440309,0.2018194070080863,0.5502021563342319,0.24797843665768196,0
1789887600000,2574.4,2575.29,0.0018988152790559987,1.0,0.0025,trending,0.2013358282855937,0.5438062861323836,0.2548578855820227,0.2018194070080863,0.5502021563342319,0.24797843665768196,0
1789888500000,2575.28,2576.98,0.00045790033294790256,1.0,0.0025,trending,0.22578354124845068,0.5164832604752413,0.257733198276308,0.2018194070080863,0.5502021563342319,0.24797843665768196,0
1789889400000,2576.98,2575.23,-0.0004698609444593327,1.0,0.0025,trending,0.19283056189049524,0.554084334722466,0.2530851033870388,0.2018194070080863,0.5502021563342319,0.24797843665768196,0
1789890300000,2575.23,2576.76,-0.000609292289541985,1.0,0.0025,trending,0.18060568032738616,0.5818505241172484,0.2375437955553654,0.2018194070080863,0.5502021563342319,0.24797843665768196,0
1789891200000,2576.76,2580.18,-0.0013487431109457937,1.0,0.0025,trending,0.18607729083982116,0.5804794327073185,0.23344327645286045,0.2018194070080863,0.5502021563342319,0.24797843665768196,0
1789892100000,2580.17,2578.16,0.0005469016663046666,1.0,0.0025,trending,0.1630539034613961,0.6430192086730082,0.19392688786559567,0.2018194070080863,0.5502021563342319,0.24797843665768196,0
1789893000000,2578.16,2574.02,0.004693048228063379,2.0,0.0025,trending,0.1701633894219088,0.6093751712797473,0.22046143929834394,0.2018194070080863,0.5502021563342319,0.24797843665768196,0
1789893900000,2574.02,2575.19,0.001778509546868312,1.0,0.0025,trending,0.16932178758172403,0.6189590073725032,0.2117192050457727,0.2018194070080863,0.5502021563342319,0.24797843665768196,0
1789894800000,2575.19,2576.7,5.8213994644340517e-05,1.0,0.0025,trending,0.1528542984963558,0.6578137134423315,0.18933198806131274,0.2018194070080863,0.5502021563342319,0.24797843665768196,0
1789895700000,2576.7,2579.57,-0.0014072112793993563,1.0,0.0025,trending,0.16231933402676132,0.6524116341466567,0.185269031826582,0.2018194070080863,0.5502021563342319,0.24797843665768196,0
1789896600000,2579.57,2586.1,-0.0044739182552877566,0.0,0.0025,trending,0.19095037358915565,0.6277196729184101,0.18132995349243433,0.2018194070080863,0.5502021563342319,0.24797843665768196,0
1789897500000,2586.1,2579.77,-0.003318125259228477,0.0,0.0025,trending,0.1751390900758672,0.6133426269148404,0.21151828300929243,0.2018194070080863,0.5502021563342319,0.24797843665768196,0
1789898400000,2579.77,2576.85,-0.0019636377748025735,1.0,0.0025,trending,0.18834531051216,0.5804009301216153,0.23125375936622478,0.2018194070080863,0.5502021563342319,0.24797843665768196,0
1789899300000,2576.85,2575.94,-0.0011840337896069641,1.0,0.0025,trending,0.16839123024191122,0.6415285398320122,0.19008022992607665,0.2018194070080863,0.5502021563342319,0.24797843665768196,0
1789900200000,2575.94,2574.53,0.00040007302303712855,1.0,0.0025,trending,0.1737610360583593,0.6402484280526719,0.1859905358889689,0.2018194070080863,0.5502021563342319,0.24797843665768196,0
1789901100000,2574.52,2571.21,0.003060815724892141,2.0,0.0025,trending,0.19455374895542246,0.5993463920970534,0.20609985894752417,0.2018194070080863,0.5502021563342319,0.24797843665768196,0
1789902000000,2571.21,2571.79,0.0033634161420645903,2.0,0.0025,trending,0.20238571569920602,0.5767341346079227,0.22088014969287134,0.2018194070080863,0.5502021563342319,0.24797843665768196,0
1789902900000,2571.79,2572.89,0.0007734493118634056,1.0,0.0025,trending,0.18303560986469913,0.6209742463745392,0.1959901437607616,0.2018194070080863,0.5502021563342319,0.24797843665768196,0
1789903800000,2572.89,2575.56,-0.00017860193511320954,1.0,0.0025,trending,0.17908914814880436,0.6416654587012751,0.17924539314992055,0.2018194070080863,0.5502021563342319,0.24797843665768196,0
1789904700000,2575.56,2579.08,0.00048079160010550126,1.0,0.0025,trending,0.1721465539490556,0.6489324531687508,0.1789209928821936,0.2018194070080863,0.5502021563342319,0.24797843665768196,0
1789905600000,2579.09,2580.44,0.00043015919765632127,1.0,0.0025,ranging,0.2227352473789118,0.5857132803169903,0.19155147230409783,0.2018194070080863,0.5502021563342319,0.24797843665768196,0
1789906500000,2580.44,2574.88,0.002260299509103225,1.0,0.0025,ranging,0.19457420829831223,0.5991833451154185,0.20624244658626922,0.2018194070080863,0.5502021563342319,0.24797843665768196,0
1789907400000,2574.89,2575.1,0.001937788823735076,1.0,0.0025,ranging,0.19470399851759476,0.5914067045602814,0.21388929692212383,0.2018194070080863,0.5502021563342319,0.24797843665768196,0
1789908300000,2575.1,2580.32,0.0001782724623302645,1.0,0.0025,ranging,0.2114790672004835,0.5517410285491222,0.2367799042503944,0.2018194070080863,0.5502021563342319,0.24797843665768196,0
1789909200000,2580.32,2581.55,-0.00046096337471679405,1.0,0.0025,ranging,0.20641343489736694,0.5743119479537145,0.21927461714891858,0.2018194070080863,0.5502021563342319,0.24797843665768196,0
1789910100000,2581.55,2580.7,-0.0013290967566939038,1.0,0.0025,ranging,0.189258307821711,0.6019022250262249,0.2088394671520641,0.2018194070080863,0.5502021563342319,0.24797843665768196,0
1789911000000,2580.7,2580.09,0.0005968784034664498,1.0,0.0025,ranging,0.19580909239234517,0.6032227335673023,0.20096817404035247,0.2018194070080863,0.5502021563342319,0.24797843665768196,0
1789911900000,2580.09,2580.78,0.0018715272127030058,1.0,0.0025,ranging,0.18594122396173107,0.6355738121345388,0.17848496390373025,0.2018194070080863,0.5502021563342319,0.24797843665768196,0
1789912800000,2580.79,2580.36,0.006316948022756508,2.0,0.0025,ranging,0.22140541615011206,0.5916019223141192,0.18699266153576877,0.2018194070080863,0.5502021563342319,0.24797843665768196,0
1789913700000,2580.36,2577.27,0.006165438623038977,2.0,0.0025,ranging,0.2119888120049584,0.593715902606344,0.19429528538869764,0.2018194070080863,0.5502021563342319,0.24797843665768196,0
1789914600000,2577.27,2581.63,0.008448150974384339,2.0,0.0025,ranging,0.220144383126721,0.5751652449731824,0.20469037190009648,0.2018194070080863,0.5502021563342319,0.24797843665768196,0
1789915500000,2581.62,2585.61,0.010635788073220631,2.0,0.0025,ranging,0.19571159226796972,0.6182763131839364,0.1860120945480939,0.2018194070080863,0.5502021563342319,0.24797843665768196,0
1789916400000,2585.61,2596.66,0.010220822133047758,2.0,0.0025,ranging,0.278251176165524,0.49761619447553235,0.22413262935894354,0.2018194070080863,0.5502021563342319,0.24797843665768196,0
1789917300000,2596.66,2593.16,0.010103503061901442,2.0,0.0025,ranging,0.24582031359423717,0.5596324134254264,0.19454727298033653,0.2018194070080863,0.5502021563342319,0.24797843665768196,0
1789918200000,2593.17,2603.44,0.014680576468057538,2.0,0.0025,ranging,0.2547111993762738,0.5440147759563071,0.20127402466741903,0.2018194070080863,0.5502021563342319,0.24797843665768196,0
1789919100000,2603.44,2613.11,0.010255978508367347,2.0,0.0025,trending,0.21536029650004815,0.5802496650394193,0.2043900384605326,0.2018194070080863,0.5502021563342319,0.24797843665768196,0
1789920000000,2613.11,2623.2,0.005104452577005203,2.0,0.0025,trending,0.21013072840659858,0.5151201360420566,0.27474913555134484,0.2018194070080863,0.5502021563342319,0.24797843665768196,0
1789920900000,2623.2,2619.36,0.0008475352757923993,1.0,0.0025,trending,0.20952245076121445,0.5769632006053595,0.21351434863342594,0.2018194070080863,0.5502021563342319,0.24797843665768196,0
1789921800000,2619.36,2641.66,-0.002347009077625417,1.0,0.002524332761877927,trending,0.25345282754323256,0.47490356405884265,0.2716436083979248,0.2018194070080863,0.5502021563342319,0.24797843665768196,0
1789922700000,2641.66,2639.91,-0.005113810698092025,0.0,0.0025368174209578548,trending,0.24530432404785918,0.5510581201616784,0.20363755579046236,0.2018194070080863,0.5502021563342319,0.24797843665768196,0
1789923600000,2639.9,2636.59,-0.004065857793589589,0.0,0.0026313372795621535,trending,0.25024594601010886,0.5255092548283324,0.2242447991615587,0.2018194070080863,0.5502021563342319,0.24797843665768196,0
1789924500000,2636.58,2621.58,0.006465566566727032,2.0,0.002801823116838216,trending,0.2078259447260498,0.5096079351761637,0.2825661200977866,0.2018194070080863,0.5502021563342319,0.24797843665768196,0
1789925400000,2621.59,2635.46,-0.0011383212038884594,1.0,0.0028865561232013053,trending,0.24948187495501167,0.4850680805926158,0.26545004445237247,0.2018194070080863,0.5502021563342319,0.24797843665768196,0
1789926300000,2635.46,2626.41,1.903739324782272e-05,1.0,0.0029373131712619495,high_volatility,0.22882911916195864,0.5048742060248955,0.2662966748131459,0.2018194070080863,0.5502021563342319,0.24797843665768196,0
1789927200000,2626.4,2625.87,0.0005141153217791405,1.0,0.002845414850798927,trending,0.2120083753899608,0.516933739349563,0.2710578852604762,0.2018194070080863,0.5502021563342319,0.24797843665768196,0
1789928100000,2625.87,2638.53,-0.0034602600690536445,0.0,0.0028477968366984636,trending,0.23957620155917053,0.5168118910199699,0.24361190742085953,0.2018194070080863,0.5502021563342319,0.24797843665768196,0
1789929000000,2638.53,2632.46,0.0009952667846804264,1.0,0.0028098640499744925,trending,0.22786022806962997,0.5110546054956409,0.2610851664347292,0.2018194070080863,0.5502021563342319,0.24797843665768196,0
1789929900000,2632.45,2626.46,0.002619495442534925,1.0,0.002778947201092673,trending,0.23761676174109622,0.4831291799920555,0.27925405826684835,0.2018194070080863,0.5502021563342319,0.24797843665768196,0
1789930800000,2626.47,2627.22,0.001739481276787025,1.0,0.002639409110748356,trending,0.22529187278679008,0.5054211660687711,0.26928696114443884,0.2018194070080863,0.5502021563342319,0.24797843665768196,0
1789931700000,2627.23,2629.4,0.002776298775385877,2.0,0.0025018203297662647,trending,0.24004278736788204,0.49373267168135715,0.2662245409507609,0.2018194070080863,0.5502021563342319,0.24797843665768196,0
1789932600000,2629.4,2635.08,0.0005806275331299293,1.0,0.0025,trending,0.24747722645167167,0.5165738535185913,0.23594892002973705,0.2018194070080863,0.5502021563342319,0.24797843665768196,0
1789933500000,2635.08,2633.34,0.0004405052139107024,1.0,0.0025,trending,0.24318539031996542,0.5116762842396055,0.245138325440429,0.2018194070080863,0.5502021563342319,0.24797843665768196,0
1789934400000,2633.35,2631.79,-0.004571033403120928,0.0,0.0025,low_liquidity,0.2419760042910892,0.5286965934972659,0.22932740221164483,0.2018194070080863,0.5502021563342319,0.24797843665768196,0
1789935300000,2631.79,2636.7,-0.004983502104903836,0.0,0.0025,trending,0.2601345464336209,0.5078428077379518,0.23202264582842738,0.2018194070080863,0.5502021563342319,0.24797843665768196,0
1789936200000,2636.71,2636.61,-0.005947030467153058,0.0,0.0025,trending,0.26713434877540426,0.5058580061522615,0.2270076450723342,0.2018194070080863,0.5502021563342319,0.24797843665768196,0
1789937100000,2636.62,2634.5,-0.001305750616815371,1.0,0.0025,trending,0.28246251554001306,0.49242807225226015,0.2251094122077269,0.2018194070080863,0.5502021563342319,0.24797843665768196,0
1789938000000,2634.5,2619.76,0.010073441842000763,2.0,0.0025203594635768494,trending,0.2061710231874149,0.44373060799069153,0.35009836882189355,0.2018194070080863,0.5502021563342319,0.24797843665768196,0
1789938900000,2619.76,2623.56,0.00665507935781906,2.0,0.0025,trending,0.2136725995975559,0.49610473939700933,0.2902226610054347,0.2018194070080863,0.5502021563342319,0.24797843665768196,0
1789939800000,2623.56,2620.93,0.005921562193572427,2.0,0.0025,trending,0.20959107262293075,0.5308033443972838,0.2596055829797855,0.2018194070080863,0.5502021563342319,0.24797843665768196,0
1789940700000,2620.93,2631.06,0.003261043077694925,2.0,0.0025,trending,0.22827045911474092,0.5570168137563974,0.21471272712886164,0.2018194070080863,0.5502021563342319,0.24797843665768196,0
1789941600000,2631.07,2646.15,-0.004481983258696642,0.0,0.002600626504473097,high_volatility,0.26869098709581224,0.5002536118735575,0.23105540103063021,0.2018194070080863,0.5502021563342319,0.24797843665768196,0
1789942500000,2646.14,2641.02,-0.0012192259051426735,1.0,0.00259887201921307,high_volatility,0.25981689155860177,0.5265778614475418,0.21360524699385638,0.2018194070080863,0.5502021563342319,0.24797843665768196,0
1789943400000,2641.02,2636.45,0.0026968082080069955,2.0,0.0025604708913871507,high_volatility,0.23344641087278178,0.540005440098484,0.22654814902873424,0.2018194070080863,0.5502021563342319,0.24797843665768196,0
1789944300000,2636.46,2639.64,0.002110136230698112,1.0,0.002514498602102927,trending,0.2182205294629356,0.539565943377909,0.2422135271591555,0.2018194070080863,0.5502021563342319,0.24797843665768196,0
1789945200000,2639.63,2634.29,0.016903985514123532,2.0,0.0025,trending,0.22019040985333396,0.5398164682659171,0.23999312188074887,0.2018194070080863,0.5502021563342319,0.24797843665768196,0
1789946100000,2634.29,2637.8,0.01821214648570768,2.0,0.0025334147392061545,high_volatility,0.24369667049818056,0.5220666235930558,0.23423670590876364,0.2018194070080863,0.5502021563342319,0.24797843665768196,0
1789947000000,2637.81,2643.56,0.017797969404893532,2.0,0.0025,trending,0.21134289477403095,0.5519406721073228,0.23671643311864626,0.2018194070080863,0.5502021563342319,0.24797843665768196,0
1789947900000,2643.56,2645.21,0.016626279199005056,2.0,0.0025,trending,0.2311907567321719,0.5452036046653758,0.22360563860245233,0.2018194070080863,0.5502021563342319,0.24797843665768196,0
1789948800000,2645.21,2678.82,0.004169746380868977,2.0,0.002899874994154883,high_volatility,0.27848442226354986,0.42888985911629873,0.29262571862015146,0.2018194070080863,0.5502021563342319,0.24797843665768196,0
1789949700000,2678.75,2685.84,-0.0026211539034343145,1.0,0.003086375763101139,high_volatility,0.25255781547304434,0.4573514531876275,0.2900907313393283,0.2018194070080863,0.5502021563342319,0.24797843665768196,0
1789950600000,2685.85,2690.61,-0.0031665681759898145,0.0,0.003052139775907911,high_volatility,0.24833288569298953,0.5169317049067786,0.23473540940023183,0.2018194070080863,0.5502021563342319,0.24797843665768196,0
1789951500000,2690.6,2689.19,-0.01477396539478426,0.0,0.003162331180762412,high_volatility,0.2588116517066554,0.48583246184798645,0.2553558864453583,0.2018194070080863,0.5502021563342319,0.24797843665768196,0
1789952400000,2689.18,2689.99,-0.011156175301766824,0.0,0.0031215044889685776,high_volatility,0.24768334671972753,0.5185507788630216,0.2337658744172508,0.2018194070080863,0.5502021563342319,0.24797843665768196,0
1789953300000,2689.99,2678.8,-0.005073167089741704,0.0,0.0033784478706789674,high_volatility,0.24860377443814904,0.48915491493880753,0.2622413106230434,0.2018194070080863,0.5502021563342319,0.24797843665768196,0
1789954200000,2678.79,2682.09,-0.008471005820088195,0.0,0.003359864349594973,high_volatility,0.2587646507996603,0.5061980870843722,0.2350372621159675,0.2018194070080863,0.5502021563342319,0.24797843665768196,0
1789955100000,2682.09,2649.46,0.004619809319634793,2.0,0.0038376812486390043,high_volatility,0.20912271652012157,0.48002744789624197,0.31084983558363644,0.2018194070080863,0.5502021563342319,0.24797843665768196,0
1789956000000,2649.46,2659.98,0.0012556485387109628,1.0,0.0038149905126367302,high_volatility,0.22506455936584474,0.5245056346093637,0.25042980602479153,0.2018194070080863,0.5502021563342319,0.24797843665768196,0
1789956900000,2659.97,2665.21,0.001054325925536892,1.0,0.003720301322528986,high_volatility,0.24208935808646984,0.5315423178775107,0.22636832403601945,0.2018194070080863,0.5502021563342319,0.24797843665768196,0
1789957800000,2665.2,2659.37,0.0023765027055280274,1.0,0.003658922326437874,high_volatility,0.2555388666946844,0.5383096662512136,0.20615146705410214,0.2018194070080863,0.5502021563342319,0.24797843665768196,0
1789958700000,2659.37,2661.7,0.0015967238982605991,1.0,0.0035496532150335776,high_volatility,0.24330058690966153,0.5489955927578644,0.20770382033247414,0.2018194070080863,0.5502021563342319,0.24797843665768196,0
1789959600000,2661.7,2663.32,-0.001377979364102,1.0,0.003468534855312527,high_volatility,0.2376255411933223,0.5425401936200525,0.2198342651866252,0.2018194070080863,0.5502021563342319,0.24797843665768196,0
1789960500000,2663.31,2668.02,-0.0045539388760204025,0.0,0.003383612386206749,high_volatility,0.2515227820337669,0.5456621222073139,0.20281509575891915,0.2018194070080863,0.5502021563342319,0.24797843665768196,0
1789961400000,2668.02,2665.69,-0.00020257419279812172,1.0,0.0032983712001238906,high_volatility,0.23145429805982357,0.5514019094810407,0.21714379245913576,0.2018194070080863,0.5502021563342319,0.24797843665768196,0
1789962300000,2665.7,2665.95,-0.0007089405277668215,1.0,0.003169056771988473,high_volatility,0.20798220740394707,0.5810065977631774,0.2110111948328754,0.2018194070080863,0.5502021563342319,0.24797843665768196,0
1789963200000,2665.95,2659.65,0.00012783636944702081,1.0,0.0031187000898795646,high_volatility,0.21186489049879428,0.5612564145070907,0.226878694994115,0.2018194070080863,0.5502021563342319,0.24797843665768196,0
1789964100000,2659.64,2655.87,0.005079314876104801,2.0,0.0029928438575313873,high_volatility,0.2454043403012315,0.5246134747718296,0.22998218492693887,0.2018194070080863,0.5502021563342319,0.24797843665768196,0
1789965000000,2655.86,2665.15,0.0010543496613699688,1.0,0.0029597866323987287,high_volatility,0.2613949083835292,0.5282145768124855,0.21039051480398524,0.2018194070080863,0.5502021563342319,0.24797843665768196,0
1789965900000,2665.15,2664.06,0.0005067453435732006,1.0,0.002870955809215667,trending,0.24267237162824884,0.5533958457051775,0.20393178266657364,0.2018194070080863,0.5502021563342319,0.24797843665768196,0
1789966800000,2664.05,2659.99,0.0024285805585735343,1.0,0.002787099117190241,trending,0.21475406760725763,0.5441202065200037,0.24112572587273856,0.2018194070080863,0.5502021563342319,0.24797843665768196,0
1789967700000,2659.99,2669.36,0.001011478406809152,1.0,0.0027937548740830692,trending,0.23253086430572706,0.5392036894365856,0.2282654462576874,0.2018194070080863,0.5502021563342319,0.24797843665768196,0
1789968600000,2669.35,2667.96,-0.005086283152671012,0.0,0.002754752899456376,trending,0.23942273419666169,0.5426925296903133,0.21788473611302492,0.2018194070080863,0.5502021563342319,0.24797843665768196,0
1789969500000,2667.96,2665.41,-0.0009491973092319306,1.0,0.002663016118486115,trending,0.2131718079992979,0.5710004134556852,0.21582777854501692,0.2018194070080863,0.5502021563342319,0.24797843665768196,0
1789970400000,2665.41,2666.45,-0.0027864764012075494,0.0,0.002564093706743935,trending,0.2264126986289808,0.5463991038471055,0.22718819752391362,0.2018194070080863,0.5502021563342319,0.24797843665768196,0
1789971300000,2666.45,2672.06,-0.005011115019872281,0.0,0.0025724229790743515,trending,0.2542359352195785,0.5273753535429657,0.21838871123745573,0.2018194070080863,0.5502021563342319,0.24797843665768196,0
1789972200000,2672.07,2654.39,-0.0020419003989617934,1.0,0.0027031147616657283,trending,0.22575974274517208,0.5212949211618512,0.25294533609297665,0.2018194070080863,0.5502021563342319,0.24797843665768196,0
1789973100000,2654.4,2662.88,-0.0004581505738149305,1.0,0.0027088439771663047,trending,0.21101471731275548,0.5383613958525199,0.2506238868347246,0.2018194070080863,0.5502021563342319,0.24797843665768196,0
1789974000000,2662.89,2659.02,0.0031891448729230998,2.0,0.0026813112631430204,trending,0.19424995829202168,0.5592048594852971,0.2465451822226812,0.2018194070080863,0.5502021563342319,0.24797843665768196,0
1789974900000,2659.03,2658.67,0.008466639334704817,2.0,0.002557819822209523,trending,0.2025184468274198,0.567678045211139,0.22980350796144122,0.2018194070080863,0.5502021563342319,0.24797843665768196,0
1789975800000,2658.66,2648.97,0.019520794874989145,2.0,0.002576666853997681,ranging,0.18542447242025495,0.535231628823682,0.27934389875606297,0.2018194070080863,0.5502021563342319,0.24797843665768196,0
1789976700000,2648.96,2661.66,0.01300692049322616,2.0,0.0026241859685589655,ranging,0.21925370289071663,0.521454907926212,0.2592913891830714,0.2018194070080863,0.5502021563342319,0.24797843665768196,0
1789977600000,2661.66,2667.5,0.010946579194001771,2.0,0.0025909487408212802,ranging,0.2070340314353413,0.5757191628136443,0.2172468057510144,0.2018194070080863,0.5502021563342319,0.24797843665768196,0
1789978500000,2667.51,2681.18,0.013520166493857122,2.0,0.0026351303999366488,ranging,0.2610671323974874,0.5171378672896283,0.2217950003128843,0.2018194070080863,0.5502021563342319,0.24797843665768196,0
1789979400000,2681.18,2700.68,0.015310958721507228,2.0,0.0029613273597265378,high_volatility,0.26021770210788436,0.4608520166630252,0.2789302812290904,0.2018194070080863,0.5502021563342319,0.24797843665768196,0
1789980300000,2700.67,2696.28,0.009082884566884664,2.0,0.003016398478651574,high_volatility,0.23384046044637197,0.543824247665347,0.22233529188828088,0.2018194070080863,0.5502021563342319,0.24797843665768196,0
1789981200000,2696.27,2696.7,0.008595691029777308,2.0,0.0030004321040595287,high_volatility,0.24454022275210546,0.549999312117148,0.2054604651307465,0.2018194070080863,0.5502021563342319,0.24797843665768196,0
1789982100000,2696.7,2717.43,-0.0020239711786503856,1.0,0.0031747551472011944,high_volatility,0.2508421523470763,0.4725066759688066,0.2766511716841172,0.2018194070080863,0.5502021563342319,0.24797843665768196,0
1789983000000,2717.44,2742.03,-0.00978836847153397,0.0,0.003467172481586013,high_volatility,0.25222477001890536,0.4361329718475386,0.31164225813355606,0.2018194070080863,0.5502021563342319,0.24797843665768196,0
1789983900000,2742.03,2720.77,-0.0017678818863777757,1.0,0.0036476066511602753,high_volatility,0.2417528642683732,0.538488212373432,0.21975892335819486,0.2018194070080863,0.5502021563342319,0.24797843665768196,0
1789984800000,2720.78,2719.88,0.0005257584893449962,1.0,0.0035666984186173574,high_volatility,0.26328515683395604,0.5144320861608919,0.22228275700515207,0.2018194070080863,0.5502021563342319,0.24797843665768196,0
1789985700000,2719.89,2711.93,0.0035804758972393103,2.0,0.003495952330016337,high_volatility,0.2401043550631371,0.5211464760127279,0.23874916892413503,0.2018194070080863,0.5502021563342319,0.24797843665768196,0
1789986600000,2711.93,2715.19,0.004382750378426614,2.0,0.0034012908865213784,high_volatility,0.25916683257807027,0.5220278168114239,0.21880535061050577,0.2018194070080863,0.5502021563342319,0.24797843665768196,0
1789987500000,2715.19,2715.96,0.003468386868731521,2.0,0.0032828950517959886,high_volatility,0.24547972478161603,0.5354359815191927,0.2190842936991912,0.2018194070080863,0.5502021563342319,0.24797843665768196,0
1789988400000,2715.96,2721.31,-0.0004777111023733793,1.0,0.003188242621158447,high_volatility,0.25050775664322006,0.5370959801352811,0.21239626322149868,0.2018194070080863,0.5502021563342319,0.24797843665768196,0
1789989300000,2721.31,2721.64,0.00016166723005239803,1.0,0.003091637889969728,trending,0.24208357804720607,0.5314732855656491,0.22644313638714486,0.2018194070080863,0.5502021563342319,0.24797843665768196,0
1789990200000,2721.63,2727.09,0.00048403243017269837,1.0,0.0030325949090983934,trending,0.24266064892556244,0.5353148483260861,0.22202450274835148,0.2018194070080863,0.5502021563342319,0.24797843665768196,0
1789991100000,2727.1,2725.38,0.0035848211992455248,2.0,0.0029218486506859525,trending,0.23292467192427943,0.5312501927362073,0.23582513533951327,0.2018194070080863,0.5502021563342319,0.24797843665768196,0
1789992000000,2725.38,2720.01,0.004150720034117539,2.0,0.0029012740599925362,trending,0.21734064074613257,0.5242239962115511,0.25843536304231646,0.2018194070080863,0.5502021563342319,0.24797843665768196,0
1789992900000,2720.0,2722.08,0.005257009345794428,2.0,0.0029302022173947856,trending,0.2521607899691688,0.5084717410794837,0.23936746895134753,0.2018194070080863,0.5502021563342319,0.24797843665768196,0
1789993800000,2722.08,2728.41,-0.002228404088828295,1.0,0.002881405629627248,trending,0.24257465056792826,0.5181879453906442,0.23923740404142746,0.2018194070080863,0.5502021563342319,0.24797843665768196,0
1789994700000,2728.4,2735.15,-0.0010566148108878126,1.0,0.00292330603808897,trending,0.25246786777264807,0.5168012777639367,0.23073085446341526,0.2018194070080863,0.5502021563342319,0.24797843665768196,0
1789995600000,2735.15,2731.3,-0.003917548420166339,0.0,0.0029467874175831384,trending,0.2567234525617952,0.507116803680505,0.23615974375769982,0.2018194070080863,0.5502021563342319,0.24797843665768196,0
1789996500000,2731.29,2736.39,-0.0010342093049601209,1.0,0.0029016145400478843,trending,0.24009812441954614,0.514000017761213,0.24590185781924076,0.2018194070080863,0.5502021563342319,0.24797843665768196,0
1789997400000,2736.39,2722.33,0.004723894604989232,2.0,0.003050048439234595,trending,0.20098356661259367,0.5202470853924346,0.2787693479949719,0.2018194070080863,0.5502021563342319,0.24797843665768196,0
1789998300000,2722.33,2732.26,0.001614048443413063,1.0,0.0031920748699548473,high_volatility,0.24418680610687568,0.5024172981998274,0.25339589569329696,0.2018194070080863,0.5502021563342319,0.24797843665768196,0
1789999200000,2732.27,2720.6,0.010416819819157652,2.0,0.0033516902861337556,high_volatility,0.21569002658608205,0.5235066071938944,0.2608033662200235,0.2018194070080863,0.5502021563342319,0.24797843665768196,0
1790000100000,2720.57,2733.56,-7.316466439366565e-06,1.0,0.003424887893493192,high_volatility,0.2695241350076139,0.4964972067870317,0.23397865820535446,0.2018194070080863,0.5502021563342319,0.24797843665768196,0
1790001000000,2733.57,2735.19,0.003634116825522282,2.0,0.003482489206855418,high_volatility,0.26888557112859884,0.4920689906528823,0.23904543821851892,0.2018194070080863,0.5502021563342319,0.24797843665768196,0
1790001900000,2735.2,2736.67,0.006796581246551359,2.0,0.0036278841881892286,high_volatility,0.2610048934545538,0.500921838768326,0.23807326777712032,0.2018194070080863,0.5502021563342319,0.24797843665768196,0
1790002800000,2736.66,2748.94,0.0010840542172618761,1.0,0.0036170353371739535,high_volatility,0.2573190971051333,0.505957790946879,0.23672311194798776,0.2018194070080863,0.5502021563342319,0.24797843665768196,0
1790003700000,2748.94,2733.54,0.010363850538130048,2.0,0.0036891244779668894,high_volatility,0.2501883156267023,0.5013283836695909,0.24848330070370683,0.2018194070080863,0.5502021563342319,0.24797843665768196,0
1790004600000,2733.54,2745.13,0.005442365206747901,2.0,0.003673747463209412,high_volatility,0.24812201602364714,0.5107594599271447,0.2411185240492082,0.2018194070080863,0.5502021563342319,0.24797843665768196,0
1790005500000,2745.14,2755.27,-0.00022502331894869165,1.0,0.003714540987630472,high_volatility,0.24848308685049014,0.49466249722140915,0.2568544159281009,0.2018194070080863,0.5502021563342319,0.24797843665768196,0
1790006400000,2755.28,2751.92,-0.0007921741911103286,1.0,0.003674092568898701,high_volatility,0.26036099781369787,0.5037159626319779,0.23592303955432428,0.2018194070080863,0.5502021563342319,0.24797843665768196,0
1790007300000,2751.93,2761.87,-0.004518677562665885,0.0,0.003659749028444196,high_volatility,0.24928292977487573,0.5071777190172517,0.24353935120787254,0.2018194070080863,0.5502021563342319,0.24797843665768196,0
1790008200000,2761.88,2760.07,-0.005662899853989267,0.0,0.003712813796116436,high_volatility,0.22621464795032406,0.5190068372096238,0.2547785148400521,0.2018194070080863,0.5502021563342319,0.24797843665768196,0
1790009100000,2760.07,2754.65,-0.004134826565988403,0.0,0.0036452942599711187,high_volatility,0.22506905553024995,0.5270428999699001,0.24788804449984994,0.2018194070080863,0.5502021563342319,0.24797843665768196,0
1790010000000,2754.65,2749.74,0.0003236669648767343,1.0,0.0035402731019759455,high_volatility,0.2308644333785084,0.5107582730984517,0.25837729352303995,0.2018194070080863,0.5502021563342319,0.24797843665768196,0
1790010900000,2749.74,2749.39,0.0006401419951336251,1.0,0.0034457200966800283,trending,0.2257950906005722,0.5135076000318237,0.26069730936760405,0.2018194070080863,0.5502021563342319,0.24797843665768196,0
1790011800000,2749.39,2744.44,0.0013700427045224561,1.0,0.003324362006090867,trending,0.2233339948059971,0.5336309571546128,0.24303504803939008,0.2018194070080863,0.5502021563342319,0.24797843665768196,0
1790012700000,2744.43,2743.26,0.005446075107718329,2.0,0.003242119043764098,trending,0.22279994253713314,0.5376588907289881,0.23954116673387882,0.2018194070080863,0.5502021563342319,0.24797843665768196,0
1790013600000,2743.26,2750.63,0.0036573439539304697,2.0,0.003216709349804848,trending,0.22409421821457054,0.5305977427487887,0.24530803903664086,0.2018194070080863,0.5502021563342319,0.24797843665768196,0
1790014500000,2750.63,2751.15,0.0053868382312849405,2.0,0.0030913748823244843,trending,0.21618371336713718,0.5440692160149784,0.2397470706178845,0.2018194070080863,0.5502021563342319,0.24797843665768196,0
1790015400000,2751.15,2748.2,0.0060985372243651526,2.0,0.0029782836583319757,trending,0.2101778778282049,0.5460950985408924,0.2437270236309027,0.2018194070080863,0.5502021563342319,0.24797843665768196,0
1790016300000,2748.2,2758.2,0.0013160757015444613,1.0,0.0029222461063572306,trending,0.21048880247272383,0.5480085201102081,0.2415026774170681,0.2018194070080863,0.5502021563342319,0.24797843665768196,0
1790017200000,2758.21,2760.69,0.003752685017151647,2.0,0.0028177171477629785,trending,0.22187062678289196,0.5467363642990758,0.23139300891803236,0.2018194070080863,0.5502021563342319,0.24797843665768196,0
1790018100000,2760.7,2765.97,0.013998705698181846,2.0,0.0028260549821207477,trending,0.21515282501417665,0.5486627404777843,0.2361844345080391,0.2018194070080863,0.5502021563342319,0.24797843665768196,0
1790019000000,2765.97,2764.96,0.006032637000173535,2.0,0.0028361087860133056,trending,0.2072531933229568,0.5449543253508125,0.2477924813262308,0.2018194070080863,0.5502021563342319,0.24797843665768196,0
1790019900000,2764.96,2761.83,0.008190221700828726,2.0,0.0028200881179890436,trending,0.19584614692980146,0.5261532321120216,0.2780006209581769,0.2018194070080863,0.5502021563342319,0.24797843665768196,0
1790020800000,2761.84,2771.05,-0.0007578354775267249,1.0,0.0028023377309213337,trending,0.18223756812804107,0.5575950667620234,0.26016736510993554,0.2018194070080863,0.5502021563342319,0.24797843665768196,0
1790021700000,2771.05,2804.69,-0.012432746578053155,0.0,0.0031312967514236195,trending,0.22974968444063132,0.4455997535726237,0.324650561986745,0.2018194070080863,0.5502021563342319,0.24797843665768196,0
1790022600000,2804.69,2781.64,-0.001391265584331558,1.0,0.003317675824199141,trending,0.2208023247482093,0.5392658781435771,0.23993179710821366,0.2018194070080863,0.5502021563342319,0.24797843665768196,0
1790023500000,2781.64,2784.45,-0.005652821921743878,0.0,0.003229966860219355,trending,0.2147528201174863,0.5434973701499856,0.2417498097325281,0.2018194070080863,0.5502021563342319,0.24797843665768196,0
1790024400000,2784.44,2768.95,0.0030083605698911775,1.0,0.0032652360722396348,trending,0.19306813284368338,0.5337157988418973,0.2732160683144191,0.2018194070080863,0.5502021563342319,0.24797843665768196,0
1790025300000,2768.96,2769.82,0.0010469994440069907,1.0,0.0031395175882745164,trending,0.21260013211783654,0.5385742069011216,0.2488256609810419,0.2018194070080863,0.5502021563342319,0.24797843665768196,0
1790026200000,2769.81,2777.77,-0.0003636010180827487,1.0,0.003067226122357366,low_liquidity,0.21714859311163434,0.5237211218120976,0.25913028507626806,0.2018194070080863,0.5502021563342319,0.24797843665768196,0
1790027100000,2777.77,2768.71,0.0037923798447652146,2.0,0.00300017576975528,low_liquidity,0.2348074425510342,0.5257674755338293,0.23942508191513648,0.2018194070080863,0.5502021563342319,0.24797843665768196,0
1790028000000,2768.72,2777.28,0.0021387832699617526,1.0,0.0029258847433776135,low_liquidity,0.22896980120756721,0.5381440623991487,0.23288613639328415,0.2018194070080863,0.5502021563342319,0.24797843665768196,0
1790028900000,2777.28,2772.72,0.0003426238495052303,1.0,0.002968204901971994,trending,0.2239266018604596,0.547403961337414,0.2286694368021264,0.2018194070080863,0.5502021563342319,0.24797843665768196,0
1790029800000,2772.72,2776.76,-0.0017682478860255868,1.0,0.0029162460217083755,trending,0.22739204430243778,0.5524662629821186,0.22014169271544368,0.2018194070080863,0.5502021563342319,0.24797843665768196,0
1790030700000,2776.75,2779.21,-0.0010866397285559382,1.0,0.002847271062694239,trending,0.20152957835337484,0.5608812888934319,0.2375891327531933,0.2018194070080863,0.5502021563342319,0.24797843665768196,0
1790031600000,2779.21,2783.22,-0.0032121068402783948,0.0,0.0027940693239165925,trending,0.20552714226554641,0.5543600871960375,0.24011277053841612,0.2018194070080863,0.5502021563342319,0.24797843665768196,0
1790032500000,2783.21,2773.67,-0.0007282769759920926,1.0,0.0028097024908268708,low_liquidity,0.19606775794671447,0.576915680028625,0.22701656202466053,0.2018194070080863,0.5502021563342319,0.24797843665768196,0
1790033400000,2773.67,2771.85,0.00014070025434276268,1.0,0.00273364198744297,trending,0.22901845383968736,0.5380975784289476,0.23288396773136508,0.2018194070080863,0.5502021563342319,0.24797843665768196,0
1790034300000,2771.86,2776.19,-0.007816467893047796,0.0,0.0026613089999917468,low_liquidity,0.23261151215331052,0.5443287165231993,0.22305977132349009,0.2018194070080863,0.5502021563342319,0.24797843665768196,0
1790035200000,2776.2,2774.28,-0.008686938593076565,0.0,0.002605151931953827,trending,0.2259927553462424,0.5470538322831591,0.22695341237059852,0.2018194070080863,0.5502021563342319,0.24797843665768196,0
1790036100000,2774.27,2771.65,-0.006966969133909373,0.0,0.002556354304763053,low_liquidity,0.22615427248615852,0.5550392410621849,0.21880648645165646,0.2018194070080863,0.5502021563342319,0.24797843665768196,0
1790037000000,2771.65,2772.24,-0.008253253686549389,0.0,0.00258520062977321,trending,0.21794923489556672,0.5590505324943315,0.22300023261010182,0.2018194070080863,0.5502021563342319,0.24797843665768196,0
1790037900000,2772.24,2754.49,-0.002040305101851825,1.0,0.0027656236005439475,trending,0.19630155081548536,0.5463775868051852,0.25732086237932933,0.2018194070080863,0.5502021563342319,0.24797843665768196,0
1790038800000,2754.49,2750.18,-0.0024871099346223113,1.0,0.0028438780934081694,trending,0.1893655918970485,0.5528779578791809,0.25775645022377075,0.2018194070080863,0.5502021563342319,0.24797843665768196,0
1790039700000,2750.19,2752.34,-0.0027031544067956936,1.0,0.00291723968161327,trending,0.18997889745925056,0.559477781314302,0.2505433212264474,0.2018194070080863,0.5502021563342319,0.24797843665768196,0
1790040600000,2752.33,2749.36,-0.0010147816219047145,1.0,0.002839155841172098,trending,0.1907501170940574,0.5697651457997277,0.23948473710621487,0.2018194070080863,0.5502021563342319,0.24797843665768196,0
1790041500000,2749.35,2748.87,-0.0032267804588794746,0.0,0.0027637382307562188,trending,0.20922846602736933,0.5478926999742646,0.24287883399836616,0.2018194070080863,0.5502021563342319,0.24797843665768196,0
1790042400000,2748.86,2743.34,-0.003969613682591411,0.0,0.0027788087939447383,trending,0.19291318763671625,0.5593017352200118,0.24778507714327183,0.2018194070080863,0.5502021563342319,0.24797843665768196,0
1790043300000,2743.34,2744.9,-0.0018834930234252756,1.0,0.0027507592032534308,trending,0.20965071910276145,0.5686197398883174,0.2217295410089212,0.2018194070080863,0.5502021563342319,0.24797843665768196,0
1790044200000,2744.89,2746.57,-0.004547490142250199,0.0,0.0026970591938603543,trending,0.20341302492634586,0.5737790342687079,0.2228079408049463,0.2018194070080863,0.5502021563342319,0.24797843665768196,0
1790045100000,2746.58,2740.0,-0.00012773722627734685,1.0,0.0026666737307365373,trending,0.18390565150632476,0.5744021791679841,0.24169216932569115,0.2018194070080863,0.5502021563342319,0.24797843665768196,0
1790046000000,2740.01,2732.45,0.0026166992991638605,1.0,0.002755792637398551,trending,0.18504143901790515,0.540776176144448,0.27418238483764695,0.2018194070080863,0.5502021563342319,0.24797843665768196,0
1790046900000,2732.45,2739.73,-0.0012592481740900663,1.0,0.002752222526014704,trending,0.19018977293338574,0.571514580736894,0.23829564632972025,0.2018194070080863,0.5502021563342319,0.24797843665768196,0
1790047800000,2739.73,2734.08,-0.0015398232677902302,1.0,0.002684906964671777,trending,0.1927361849258012,0.5529461610199993,0.2543176540541995,0.2018194070080863,0.5502021563342319,0.24797843665768196,0
1790048700000,2734.08,2739.65,-0.0037377037212783515,0.0,0.0026185241504156588,trending,0.19323975939408716,0.5763921777433242,0.23036806286258862,0.2018194070080863,0.5502021563342319,0.24797843665768196,0
1790049600000,2739.64,2739.6,-0.004380201489268543,0.0,0.00252023016793174,trending,0.21917605558066025,0.5526483767962843,0.22817556762305535,0.2018194070080863,0.5502021563342319,0.24797843665768196,0
1790050500000,2739.61,2736.28,-0.005759644480828108,0.0,0.0025,trending,0.19446718506682395,0.5734497536646446,0.2320830612685315,0.2018194070080863,0.5502021563342319,0.24797843665768196,0
1790051400000,2736.27,2729.87,0.0014359658152220955,1.0,0.0025,trending,0.1960097316724493,0.5673646392111293,0.2366256291164214,0.2018194070080863,0.5502021563342319,0.24797843665768196,0
1790052300000,2729.87,2729.41,0.0015131475300522723,1.0,0.0025,trending,0.20190014863631492,0.5661023023646589,0.2319975489990261,0.2018194070080863,0.5502021563342319,0.24797843665768196,0
1790053200000,2729.42,2727.6,0.0008798944126704455,1.0,0.0025,trending,0.20719053661535944,0.5692138439469819,0.22359561943765852,0.2018194070080863,0.5502021563342319,0.24797843665768196,0
1790054100000,2727.6,2720.52,0.0034846279387763524,2.0,0.0025,trending,0.18482377590730642,0.570324460333306,0.24485176375938753,0.2018194070080863,0.5502021563342319,0.24797843665768196,0
1790055000000,2720.51,2733.79,0.00018289627220813287,1.0,0.0025,trending,0.21816820382944804,0.5524738405481939,0.22935795562235797,0.2018194070080863,0.5502021563342319,0.24797843665768196,0
1790055900000,2733.79,2733.54,-0.0010279710558469546,1.0,0.0025,trending,0.20706298243462046,0.5726807021877517,0.2202563153776278,0.2018194070080863,0.5502021563342319,0.24797843665768196,0
1790056800000,2733.55,2730.0,0.0009706959706961005,1.0,0.0025,trending,0.2057155910535873,0.5592715632965428,0.23501284564986993,0.2018194070080863,0.5502021563342319,0.24797843665768196,0
1790057700000,2730.01,2730.0,-0.0008315018315018241,1.0,0.0025,low_liquidity,0.2033548430287365,0.5598991602866605,0.236745996684603,0.2018194070080863,0.5502021563342319,0.24797843665768196,0
1790058600000,2730.0,2734.29,-0.0031781559381046653,0.0,0.0025,trending,0.21413660749593977,0.550486332025376,0.23537706047868426,0.2018194070080863,0.5502021563342319,0.24797843665768196,0
1790059500000,2734.29,2730.73,-0.0016076287293140812,1.0,0.0025,trending,0.20566229652462226,0.5548448104468467,0.239492893028531,0.2018194070080863,0.5502021563342319,0.24797843665768196,0
1790060400000,2730.72,2732.65,0.00012808080068804628,1.0,0.0025,trending,0.19278621212101274,0.5670458766858614,0.24016791119312594,0.2018194070080863,0.5502021563342319,0.24797843665768196,0
1790061300000,2732.65,2727.73,-0.0012611218852306427,1.0,0.0025,trending,0.20474609343885808,0.5380604241120477,0.25719348244909424,0.2018194070080863,0.5502021563342319,0.24797843665768196,0
1790062200000,2727.73,2725.6,0.00769004989727029,2.0,0.0025,trending,0.20516835671474384,0.5353195541847745,0.2595120891004816,0.2018194070080863,0.5502021563342319,0.24797843665768196,0
1790063100000,2725.61,2726.34,0.008318845045005352,2.0,0.0025,trending,0.19958239378296347,0.5533381681503872,0.2470794380666493,0.2018194070080863,0.5502021563342319,0.24797843665768196,0
1790064000000,2726.35,2733.0,0.002246615440907318,1.0,0.0025,trending,0.18956674535974344,0.5788858152672232,0.2315474393730335,0.2018194070080863,0.5502021563342319,0.24797843665768196,0
1790064900000,2733.01,2724.29,0.0057446160283964876,2.0,0.0025,trending,0.18743166659282234,0.55214838428956,0.2604199491176177,0.2018194070080863,0.5502021563342319,0.24797843665768196,0
1790065800000,2724.29,2746.56,-0.0009065886053826189,1.0,0.0025,trending,0.20994285495523374,0.5547587772621172,0.23529836778264895,0.2018194070080863,0.5502021563342319,0.24797843665768196,0
1790066700000,2746.55,2749.02,0.0006365904940670575,1.0,0.0025,trending,0.2200823233850843,0.5739552635674227,0.20596241304749308,0.2018194070080863,0.5502021563342319,0.24797843665768196,0
1790067600000,2749.01,2739.14,0.0025226896033061497,2.0,0.0025,trending,0.20290154183968395,0.5708887805800531,0.22620967758026292,0.2018194070080863,0.5502021563342319,0.24797843665768196,0
1790068500000,2739.14,2739.94,2.554800470089269e-05,1.0,0.0025,trending,0.1970309735518848,0.5856549213057692,0.21731410514234603,0.2018194070080863,0.5502021563342319,0.24797843665768196,0
1790069400000,2739.93,2744.07,-0.0012135258940189075,1.0,0.0025,ranging,0.20515960821745055,0.5649029232037698,0.2299374685787797,0.2018194070080863,0.5502021563342319,0.24797843665768196,0
1790070300000,2744.08,2750.77,-0.0030900438786231055,0.0,0.0025,ranging,0.21620522965084343,0.5763945412718573,0.20740022907729938,0.2018194070080863,0.5502021563342319,0.24797843665768196,0
1790071200000,2750.77,2746.05,-0.0016387174304910435,1.0,0.0025,ranging,0.18906332869093573,0.5724978991052982,0.23843877220376597,0.2018194070080863,0.5502021563342319,0.24797843665768196,0
1790072100000,2746.05,2740.01,-0.0002372254115861061,1.0,0.0025,ranging,0.21624961976088639,0.5217756705275687,0.26197470971154496,0.2018194070080863,0.5502021563342319,0.24797843665768196,0
1790073000000,2740.01,2740.74,0.0019228383575240482,1.0,0.0025,ranging,0.2207355225326854,0.5335167198960221,0.24574775757129252,0.2018194070080863,0.5502021563342319,0.24797843665768196,0
1790073900000,2740.73,2742.27,0.00012033825990864777,1.0,0.0025,low_liquidity,0.20571220728890977,0.5610856982056295,0.23320209450546064,0.2018194070080863,0.5502021563342319,0.24797843665768196,0
1790074800000,2742.26,2741.55,-7.2951432583678866e-06,1.0,0.0025,ranging,0.21278563407251824,0.5373968730321245,0.24981749289535726,0.2018194070080863,0.5502021563342319,0.24797843665768196,0
1790075700000,2741.54,2739.36,0.0033913030780912123,2.0,0.0025,ranging,0.2185204122394674,0.5307552796366064,0.2507243081239262,0.2018194070080863,0.5502021563342319,0.24797843665768196,0
1790076600000,2739.35,2746.01,0.0012381600941000492,1.0,0.0025,ranging,0.1912431743334914,0.5677508442491528,0.2410059814173559,0.2018194070080863,0.5502021563342319,0.24797843665768196,0
1790077500000,2746.0,2742.6,0.005108291402319054,2.0,0.0025,ranging,0.20485329997355872,0.5397292355440947,0.2554174644823466,0.2018194070080863,0.5502021563342319,0.24797843665768196,0
1790078400000,2742.59,2741.53,0.0054932829478429035,2.0,0.0025,ranging,0.21043539835993155,0.5467059790355887,0.24285862260447988,0.2018194070080863,0.5502021563342319,0.24797843665768196,0
1790079300000,2741.54,2748.65,-0.0014807269022975023,1.0,0.0025,ranging,0.1987489409895953,0.5480240060268043,0.25322705298360043,0.2018194070080863,0.5502021563342319,0.24797843665768196,0
1790080200000,2748.65,2749.41,0.0006510487704634027,1.0,0.0025,ranging,0.2162896690457709,0.5516971354163556,0.23201319553787358,0.2018194070080863,0.5502021563342319,0.24797843665768196,0
1790081100000,2749.42,2756.61,0.0009359321775659346,1.0,0.0025,ranging,0.21247410450759574,0.5767005060637747,0.21082538942862952,0.2018194070080863,0.5502021563342319,0.24797843665768196,0
1790082000000,2756.6,2756.59,0.00011971312382330623,1.0,0.0025,ranging,0.23473829228707124,0.5495441849053565,0.2157175228075722,0.2018194070080863,0.5502021563342319,0.24797843665768196,0
1790082900000,2756.58,2744.58,-0.0016505257635046622,1.0,0.0025,ranging,0.2195187898160369,0.5427499411752157,0.2377312690087474,0.2018194070080863,0.5502021563342319,0.24797843665768196,0
1790083800000,2744.55,2751.2,-0.008512649025879448,0.0,0.0025,ranging,0.2248311689936555,0.494594505566036,0.2805743254403084,0.2018194070080863,0.5502021563342319,0.24797843665768196,0
1790084700000,2751.2,2759.19,-0.005965518866044017,0.0,0.0025,ranging,0.21752091861351303,0.5442508518605905,0.2382282295258964,0.2018194070080863,0.5502021563342319,0.24797843665768196,0
1790085600000,2759.2,2756.92,-0.0040298594083252315,0.0,0.0025,ranging,0.22053642941756274,0.5395535363918076,0.23991003419062973,0.2018194070080863,0.5502021563342319,0.24797843665768196,0
1790086500000,2756.92,2740.05,0.001332092480064162,1.0,0.0025,ranging,0.20588488750872835,0.5318379186511523,0.26227719384011927,0.2018194070080863,0.5502021563342319,0.24797843665768196,0
1790087400000,2740.04,2727.78,0.008402437146690644,2.0,0.0026696103639557785,ranging,0.21064394164428024,0.48130595093210016,0.3080501074236196,0.2018194070080863,0.5502021563342319,0.24797843665768196,0
1790088300000,2727.78,2742.73,0.0004302282762065346,1.0,0.0027087043842575686,ranging,0.21831268963350806,0.5263221458019672,0.2553651645645247,0.2018194070080863,0.5502021563342319,0.24797843665768196,0
1790089200000,2742.73,2745.81,-0.004603377509732942,0.0,0.0026558434769925273,ranging,0.23328266857072286,0.5354002727616819,0.23131705866759533,0.2018194070080863,0.5502021563342319,0.24797843665768196,0
1790090100000,2745.82,2743.7,-0.004063855377774428,0.0,0.002636110271018045,ranging,0.21965700929761106,0.5576596838528554,0.22268330684953358,0.2018194070080863,0.5502021563342319,0.24797843665768196,0
1790091000000,2743.7,2750.7,-0.004606100265386881,0.0,0.002612504992435656,ranging,0.21850839021264362,0.5468991767642757,0.2345924330230808,0.2018194070080863,0.5502021563342319,0.24797843665768196,0
1790091900000,2750.7,2743.91,0.0008090644372447109,1.0,0.002640414259604668,ranging,0.21410198830075133,0.5494092510981295,0.23648876060111915,0.2018194070080863,0.5502021563342319,0.24797843665768196,0
1790092800000,2743.9,2733.17,0.005316171332189201,2.0,0.002720801125849522,ranging,0.21613710601268887,0.5259126771254246,0.25795021686188657,0.2018194070080863,0.5502021563342319,0.24797843665768196,0
1790093700000,2733.16,2732.55,0.007586320469890717,2.0,0.002651561889360169,ranging,0.20195378696620736,0.5412125684000703,0.25683364463372244,0.2018194070080863,0.5502021563342319,0.24797843665768196,0
1790094600000,2732.54,2738.03,0.0045981965135515335,2.0,0.002601709746737219,ranging,0.2153710860950905,0.5361319779174516,0.24849693598745776,0.2018194070080863,0.5502021563342319,0.24797843665768196,0
1790095500000,2738.02,2746.13,0.002829436334041091,2.0,0.002644247707349353,ranging,0.23575226829116971,0.5399887200904084,0.2242590116184218,0.2018194070080863,0.5502021563342319,0.24797843665768196,0
1790096400000,2746.13,2747.7,0.0017323579721222337,1.0,0.0025522339056453123,ranging,0.22130147949290915,0.5604182810559165,0.2182802394511744,0.2018194070080863,0.5502021563342319,0.24797843665768196,0
1790097300000,2747.69,2753.28,-0.003577551139005264,0.0,0.002527947194749565,ranging,0.2227084318247664,0.5598884143577852,0.2174031538174484,0.2018194070080863,0.5502021563342319,0.24797843665768196,0
1790098200000,2753.28,2750.62,-0.0008470817488420712,1.0,0.0025257137840268974,ranging,0.22783624021018417,0.5445281687486283,0.2276355910411875,0.2018194070080863,0.5502021563342319,0.24797843665768196,0
1790099100000,2750.62,2753.9,-0.0005592069428810298,1.0,0.0025096518971033537,ranging,0.23212999575309332,0.5438392369915236,0.22403076725538312,0.2018194070080863,0.5502021563342319,0.24797843665768196,0
1790100000000,2753.91,2752.46,0.001246157982313978,1.0,0.0025,ranging,0.23062060497837247,0.5328213387225075,0.2365580562991201,0.2018194070080863,0.5502021563342319,0.24797843665768196,0
1790100900000,2752.47,2743.43,0.007443237115581702,2.0,0.0025,ranging,0.2310885936481548,0.5270394664512921,0.2418719399005531,0.2018194070080863,0.5502021563342319,0.24797843665768196,0
1790101800000,2743.43,2748.29,0.0021358735795713457,1.0,0.0025,ranging,0.2189225794317997,0.5331972118162868,0.24788020875191347,0.2018194070080863,0.5502021563342319,0.24797843665768196,0
1790102700000,2748.3,2752.36,-0.00022526123036248347,1.0,0.0025,ranging,0.20777625717873055,0.5463908067009675,0.24583293612030185,0.2018194070080863,0.5502021563342319,0.24797843665768196,0
1790103600000,2752.37,2755.89,-0.002202555254382288,1.0,0.0025,ranging,0.23769215575557356,0.5434648010981976,0.2188430431462289,0.2018194070080863,0.5502021563342319,0.24797843665768196,0
1790104500000,2755.89,2763.85,-0.0023083741881795294,1.0,0.0025,ranging,0.22504971897729822,0.5671412301383009,0.2078090508844009,0.2018194070080863,0.5502021563342319,0.24797843665768196,0
1790105400000,2763.85,2754.16,-0.0002650535916577379,1.0,0.0025,ranging,0.2222072233274211,0.5481300619358483,0.2296627147367305,0.2018194070080863,0.5502021563342319,0.24797843665768196,0
1790106300000,2754.16,2751.74,-7.631534956054065e-05,1.0,0.0025,ranging,0.23444933432533524,0.5222154758746295,0.24333518980003524,0.2018194070080863,0.5502021563342319,0.24797843665768196,0
1790107200000,2751.75,2749.82,-0.0005782196652872607,1.0,0.0025,ranging,0.22385475380377529,0.528624705302869,0.24752054089335576,0.2018194070080863,0.5502021563342319,0.24797843665768196,0
1790108100000,2749.82,2757.47,-0.002955607857927589,0.0,0.0025,ranging,0.2168903801518397,0.5408907165401916,0.2422189033079686,0.2018194070080863,0.5502021563342319,0.24797843665768196,0
1790109000000,2757.48,2753.43,-0.00217910024950696,1.0,0.0025,ranging,0.2293942747579383,0.5348274751135571,0.23577825012850454,0.2018194070080863,0.5502021563342319,0.24797843665768196,0
1790109900000,2753.42,2751.53,-0.0015336921639961254,1.0,0.0025,ranging,0.2458817935234156,0.5094987022604373,0.24461950421614717,0.2018194070080863,0.5502021563342319,0.24797843665768196,0
1790110800000,2751.53,2748.23,-0.0033585253053783903,0.0,0.0025,ranging,0.23002747266184906,0.5210098450568603,0.24896268228129062,0.2018194070080863,0.5502021563342319,0.24797843665768196,0
1790111700000,2748.22,2749.32,-0.001131188803049521,1.0,0.0025,low_liquidity,0.2193686497760792,0.5550186817226,0.2256126685013209,0.2018194070080863,0.5502021563342319,0.24797843665768196,0
1790112600000,2749.31,2747.43,0.003650684457838782,2.0,0.0025,ranging,0.21896928368487778,0.5564411557866907,0.22458956052843154,0.2018194070080863,0.5502021563342319,0.24797843665768196,0
1790113500000,2747.43,2747.31,0.002100236231076913,1.0,0.0025,ranging,0.21948372459040685,0.5506625875044916,0.2298536879051015,0.2018194070080863,0.5502021563342319,0.24797843665768196,0
1790114400000,2747.31,2739.0,0.010036509675063865,2.0,0.0025,ranging,0.2047405748613291,0.5139453414791012,0.2813140836595697,0.2018194070080863,0.5502021563342319,0.24797843665768196,0
1790115300000,2739.0,2746.21,0.00419851358781731,2.0,0.0025,ranging,0.2035821739315836,0.5507375211302274,0.24568030493818904,0.2018194070080863,0.5502021563342319,0.24797843665768196,0
1790116200000,2746.21,2757.46,-0.0013853328788088204,1.0,0.0025,ranging,0.221168648052412,0.5423208930358169,0.2365104589117712,0.2018194070080863,0.5502021563342319,0.24797843665768196,0
1790117100000,2757.46,2753.08,0.00019977625059941495,1.0,0.0025,ranging,0.21886440302575527,0.5445471136851097,0.2365884832891351,0.2018194070080863,0.5502021563342319,0.24797843665768196,0
1790118000000,2753.08,2766.49,-0.0030327237763374537,0.0,0.0025,ranging,0.27436221604619254,0.5031730863613422,0.22246469759246523,0.2018194070080863,0.5502021563342319,0.24797843665768196,0
1790118900000,2766.49,2757.74,8.70277836200195e-05,1.0,0.0025,ranging,0.22898513462598472,0.5313397613771668,0.23967510399684852,0.2018194070080863,0.5502021563342319,0.24797843665768196,0
1790119800000,2757.74,2753.64,0.002672825786958377,2.0,0.0025,ranging,0.2308528497539272,0.5279857983600368,0.24116135188603596,0.2018194070080863,0.5502021563342319,0.24797843665768196,0
1790120700000,2753.64,2753.63,0.002313310067075136,1.0,0.0025,ranging,0.22274248642785424,0.5365767463036246,0.24068076726852103,0.2018194070080863,0.5502021563342319,0.24797843665768196,0
1790121600000,2753.63,2758.1,0.004412457851419527,2.0,0.0025,ranging,0.23947094433482666,0.5280736247426252,0.23245543092254808,0.2018194070080863,0.5502021563342319,0.24797843665768196,0
1790122500000,2758.09,2757.98,0.00333577473368174,2.0,0.0025,ranging,0.19605395600548328,0.5879880822942215,0.21595796170029513,0.2018194070080863,0.5502021563342319,0.24797843665768196,0
1790123400000,2757.98,2761.0,-0.0029373415429192473,0.0,0.0025,ranging,0.2270532042041305,0.5443677197777984,0.22857907601807104,0.2018194070080863,0.5502021563342319,0.24797843665768196,0
1790124300000,2761.01,2760.0,-0.0021050724637681206,1.0,0.0025,low_liquidity,0.14941272837951808,0.6417750885609074,0.2088121830595745,0.20095124851367419,0.5523186682520809,0.24673008323424495,1
1790125200000,2760.01,2770.27,-0.006320683543481254,0.0,0.0025,ranging,0.22675123743279058,0.5610425963009106,0.21220616626629893,0.20095124851367419,0.5523186682520809,0.24673008323424495,1
1790126100000,2770.28,2767.18,-0.002811526536040221,0.0,0.0025,ranging,0.17501084230219735,0.6055249322615837,0.219464225436219,0.20095124851367419,0.5523186682520809,0.24673008323424495,1
1790127000000,2767.18,2752.89,0.0017472547032391095,1.0,0.0025,ranging,0.17731275251383788,0.540239696725849,0.282447550760313,0.20095124851367419,0.5523186682520809,0.24673008323424495,1
1790127900000,2752.89,2754.19,0.0029082960870527863,2.0,0.0025,ranging,0.18126405398303228,0.5365576352536605,0.2821783107633071,0.20095124851367419,0.5523186682520809,0.24673008323424495,1
1790128800000,2754.18,2752.76,0.00444281375782829,2.0,0.0025,ranging,0.18416571340020294,0.533180133225692,0.2826541533741051,0.20095124851367419,0.5523186682520809,0.24673008323424495,1
1790129700000,2752.76,2759.4,0.0033050663187648155,2.0,0.0025,ranging,0.1884503027100415,0.559115147122177,0.2524345501677814,0.20095124851367419,0.5523186682520809,0.24673008323424495,1
1790130600000,2759.4,2757.7,0.009214200239330061,2.0,0.0025,low_liquidity,0.15621521983454303,0.6076367961208918,0.2361479840445651,0.20095124851367419,0.5523186682520809,0.24673008323424495,1
1790131500000,2757.7,2762.2,0.004275577438273892,2.0,0.0025,ranging,0.18049126507524763,0.5999071279984459,0.2196016069263064,0.20095124851367419,0.5523186682520809,0.24673008323424495,1
1790132400000,2762.21,2764.99,0.004430395769966511,2.0,0.0025,low_liquidity,0.1560962983157025,0.6489378089861007,0.19496589269819692,0.20095124851367419,0.5523186682520809,0.24673008323424495,1
1790133300000,2765.0,2768.52,0.00414661985465159,2.0,0.0025,ranging,0.22373619000552467,0.562590285242401,0.21367352475207446,0.20095124851367419,0.5523186682520809,0.24673008323424495,1
1790134200000,2768.51,2783.11,-0.0006144205582963025,1.0,0.0025,ranging,0.2841318772745485,0.46450416548994994,0.25136395723550164,0.20095124851367419,0.5523186682520809,0.24673008323424495,1
1790135100000,2783.12,2774.01,0.0020331577752061847,1.0,0.0025,ranging,0.18594056399326905,0.5855845248583791,0.22847491114835178,0.20095124851367419,0.5523186682520809,0.24673008323424495,1
1790136000000,2774.02,2777.24,-0.0024124670536215254,1.0,0.0025,ranging,0.1977231111044994,0.5525999558347393,0.24967693306076133,0.20095124851367419,0.5523186682520809,0.24673008323424495,1
1790136900000,2777.24,2780.0,-0.0050000000000000044,0.0,0.0025,ranging,0.19344159598800376,0.5291240431188104,0.2774343608931858,0.20095124851367419,0.5523186682520809,0.24673008323424495,1
1790137800000,2780.01,2781.4,-0.0047062630330050315,0.0,0.0025,ranging,0.19391012133365879,0.5653343502137409,0.24075552845260031,0.20095124851367419,0.5523186682520809,0.24673008323424495,1
1790138700000,2781.39,2779.65,-0.007860701886928223,0.0,0.0025,ranging,0.16974058178462154,0.605365619674713,0.22489379854066535,0.20095124851367419,0.5523186682520809,0.24673008323424495,1
1790139600000,2779.65,2770.54,-0.0038079219213583704,0.0,0.0025,ranging,0.1741779498367327,0.5297620658058387,0.29605998435742864,0.20095124851367419,0.5523186682520809,0.24673008323424495,1
1790140500000,2770.53,2766.1,-0.0036730414663244115,0.0,0.0025,ranging,0.1795361721596397,0.524280554776709,0.29618327306365116,0.20095124851367419,0.5523186682520809,0.24673008323424495,1
1790141400000,2766.1,2768.31,-0.0032655302332469383,0.0,0.0025,ranging,0.19795870047627284,0.541284545834019,0.26075675368970824,0.20095124851367419,0.5523186682520809,0.24673008323424495,1
1790142300000,2768.3,2757.8,-0.0012727536442092013,1.0,0.0025,ranging,0.17129434918191938,0.5271240195800221,0.3015816312380586,0.20095124851367419,0.5523186682520809,0.24673008323424495,1
1790143200000,2757.8,2759.99,-0.004242768995539659,0.0,0.0025,ranging,0.1631293465155225,0.529011554495516,0.3078590989889615,0.20095124851367419,0.5523186682520809,0.24673008323424495,1
1790144100000,2760.0,2755.94,-0.0015058382983664798,1.0,0.0025,ranging,0.14088947048561729,0.5810468199171671,0.27806370959721566,0.20095124851367419,0.5523186682520809,0.24673008323424495,1
1790145000000,2755.94,2759.27,-0.0071359453768569114,0.0,0.0025,ranging,0.1419649697669333,0.5933736094971781,0.26466142073588866,0.20095124851367419,0.5523186682520809,0.24673008323424495,1
1790145900000,2759.26,2754.29,-0.004128105609794153,0.0,0.0025,ranging,0.1501735827320535,0.5708644736290115,0.278961943638935,0.20095124851367419,0.5523186682520809,0.24673008323424495,1
1790146800000,2754.3,2748.28,-0.0013572125110978828,1.0,0.0025,ranging,0.16313346340042886,0.5305193748393044,0.30634716176026666,0.20095124851367419,0.5523186682520809,0.24673008323424495,1
1790147700000,2748.28,2751.79,-0.002358464853785991,1.0,0.0025,ranging,0.15166707596601878,0.5619227085797099,0.28641021545427126,0.20095124851367419,0.5523186682520809,0.24673008323424495,1
1790148600000,2751.79,2739.58,0.001204564203272085,1.0,0.0025,ranging,0.150678451035727,0.48828591504742686,0.361035633916846,0.20095124851367419,0.5523186682520809,0.24673008323424495,1
1790149500000,2739.59,2742.92,-0.002891079579426359,0.0,0.0025,ranging,0.15415672418195295,0.4905946468904405,0.35524862892760656,0.20095124851367419,0.5523186682520809,0.24673008323424495,1
1790150400000,2742.92,2744.55,-0.001774425679984093,1.0,0.0025,ranging,0.12835362795769611,0.5545178455952382,0.31712852644706563,0.20095124851367419,0.5523186682520809,0.24673008323424495,1
1790151300000,2744.56,2745.3,-0.0026153790114014086,0.0,0.0025,ranging,0.1386518519770194,0.5852169346074648,0.2761312134155158,0.20095124851367419,0.5523186682520809,0.24673008323424495,1
1790152200000,2745.29,2742.88,-0.00244997958350357,1.0,0.0025,low_liquidity,0.12663741717143423,0.6034919373704195,0.2698706454581462,0.20095124851367419,0.5523186682520809,0.24673008323424495,1
1790153100000,2742.88,2734.99,-0.0005045722287831955,1.0,0.0025,ranging,0.13394972643106023,0.531950833877787,0.3340994396911529,0.20095124851367419,0.5523186682520809,0.24673008323424495,1
1790154000000,2735.0,2739.68,-0.0022082870992231607,1.0,0.0025,trending,0.1337469189150306,0.6347471411788224,0.2315059399061471,0.20095124851367419,0.5523186682520809,0.24673008323424495,1
1790154900000,2739.68,2738.12,-0.0019758082187777415,1.0,0.0025,trending,0.13587215883537918,0.61071109248302,0.25341674868160075,0.20095124851367419,0.5523186682520809,0.24673008323424495,1
1790155800000,2738.11,2736.16,0.00027776153441316787,1.0,0.0025,trending,0.12871451080900348,0.6176088160488159,0.25367667314218056,0.20095124851367419,0.5523186682520809,0.24673008323424495,1
1790156700000,2736.16,2733.61,0.0017266544971665798,1.0,0.0025,trending,0.13940477597704895,0.5744605361507272,0.2861346878722238,0.20095124851367419,0.5523186682520809,0.24673008323424495,1
1790157600000,2733.61,2733.63,-0.00018656511671300002,1.0,0.0025,trending,0.1230915169483865,0.5808878237672644,0.29602065928434906,0.20095124851367419,0.5523186682520809,0.24673008323424495,1
1790158500000,2733.63,2732.71,-0.004028967581631515,0.0,0.0025,trending,0.13762926229017558,0.5483622534161942,0.31400848429363026,0.20095124851367419,0.5523186682520809,0.24673008323424495,1
1790159400000,2732.71,2736.92,-0.006339242652324439,0.0,0.0025,trending,0.1436721417867311,0.5741752880963426,0.28215257011692635,0.20095124851367419,0.5523186682520809,0.24673008323424495,1
1790160300000,2736.93,2738.33,-0.003786979655483358,0.0,0.0025,trending,0.13658816731003284,0.5797079506294607,0.28370388206050645,0.20095124851367419,0.5523186682520809,0.24673008323424495,1
1790161200000,2738.33,2733.12,-0.003991774967802342,0.0,0.0025,trending,0.14920796799941247,0.5238788401046424,0.32691319189594525,0.20095124851367419,0.5523186682520809,0.24673008323424495,1
1790162100000,2733.12,2721.7,0.00022412462798993005,1.0,0.0025,trending,0.16407814190576395,0.46594719576768767,0.3699746623265483,0.20095124851367419,0.5523186682520809,0.24673008323424495,1
1790163000000,2721.7,2719.57,0.0009597105424752339,1.0,0.0025,trending,0.16690804351151783,0.5381715240405067,0.2949204324479755,0.20095124851367419,0.5523186682520809,0.24673008323424495,1
1790163900000,2719.57,2727.96,-0.0021114679100867617,1.0,0.0025,trending,0.2107851826743912,0.5218309977953786,0.2673838195302303,0.20095124851367419,0.5523186682520809,0.24673008323424495,1
1790164800000,2727.95,2722.21,-0.004812266504053642,0.0,0.0025,trending,0.20718963873211357,0.4840468646620113,0.30876349660587504,0.20095124851367419,0.5523186682520809,0.24673008323424495,1
1790165700000,2722.22,2722.31,-0.002413391568190315,1.0,0.0025,trending,0.21832217530776327,0.4245229407230855,0.35715488396915135,0.20095124851367419,0.5523186682520809,0.24673008323424495,1
1790166600000,2722.3,2722.18,-0.0005253142701804325,1.0,0.0025,trending,0.16556974501828625,0.530416770144872,0.30401348483684176,0.20095124851367419,0.5523186682520809,0.24673008323424495,1
1790167500000,2722.18,2722.2,-0.0022408346190581074,1.0,0.0025,trending,0.1589672862361921,0.5145374809163588,0.3264952328474492,0.20095124851367419,0.5523186682520809,0.24673008323424495,1
1790168400000,2722.19,2709.11,-0.012214343455968946,0.0,0.0025,trending,0.16349315114706323,0.4682785313459021,0.36822831750703483,0.20095124851367419,0.5523186682520809,0.24673008323424495,1
1790169300000,2709.11,2715.74,-0.02328647072252854,0.0,0.0025,trending,0.23929449217055215,0.47028172000219975,0.2904237878272481,0.20095124851367419,0.5523186682520809,0.24673008323424495,1
1790170200000,2715.74,2720.75,-0.018891849673803196,0.0,0.0025,trending,0.1967950563952159,0.5041331373679953,0.2990718062367889,0.20095124851367419,0.5523186682520809,0.24673008323424495,1
1790171100000,2720.75,2716.1,-0.014631272780825322,0.0,0.0025,trending,0.21599304994335083,0.4843870141240573,0.29961993593259184,0.20095124851367419,0.5523186682520809,0.24673008323424495,1
1790172000000,2716.11,2676.02,0.001367702782490321,1.0,0.003112906164470816,trending,0.09997846832194579,0.3233060891840601,0.5767154424939941,0.20095124851367419,0.5523186682520809,0.24673008323424495,1
1790172900000,2676.02,2652.5,0.008192271442035715,2.0,0.0033841009561118495,high_volatility,0.10351768023872421,0.36990697827874564,0.52657534148253,0.20095124851367419,0.5523186682520809,0.24673008323424495,1
1790173800000,2652.5,2669.35,-0.0015209695244160493,1.0,0.003518466539985036,high_volatility,0.1105714384562545,0.5781053368830199,0.3113232246607256,0.20095124851367419,0.5523186682520809,0.24673008323424495,1
1790174700000,2669.35,2676.36,-0.007528882512068624,0.0,0.0035405829068643813,high_volatility,0.15865364811166577,0.5537714830077198,0.2875748688806144,0.20095124851367419,0.5523186682520809,0.24673008323424495,1
1790175600000,2676.37,2679.68,-0.006120133747313017,0.0,0.003435867824623042,high_volatility,0.16743540727882172,0.5922034340944992,0.24036115862667914,0.20095124851367419,0.5523186682520809,0.24673008323424495,1
1790176500000,2679.68,2674.23,-0.004146988104987259,0.0,0.00337227489781348,high_volatility,0.1505034075029803,0.5628262952963197,0.2866702972007001,0.20095124851367419,0.5523186682520809,0.24673008323424495,1
1790177400000,2674.23,2665.29,-0.0006303254054905727,1.0,0.003373288864833708,high_volatility,0.11749729282003331,0.5799949718873487,0.30250773529261804,0.20095124851367419,0.5523186682520809,0.24673008323424495,1
1790178300000,2665.29,2656.21,0.0017769679355170709,1.0,0.00333795440068971,high_volatility,0.10666352202670543,0.6137614135869186,0.27957506438637586,0.20095124851367419,0.5523186682520809,0.24673008323424495,1
1790179200000,2656.2,2663.28,-0.004130245411672839,0.0,0.0035679420586250347,high_volatility,0.10927872308926816,0.506418150215301,0.3843031266954308,0.20095124851367419,0.5523186682520809,0.24673008323424495,1
1790180100000,2663.28,2663.14,-0.00017272843335314203,1.0,0.0034275214713413876,high_volatility,0.10732319078299322,0.6546544650498534,0.23802234416715348,0.20095124851367419,0.5523186682520809,0.24673008323424495,1
1790181000000,2663.14,2663.61,0.0013252690896938812,1.0,0.0033731236904975237,high_volatility,0.11355372001612103,0.6337597089688322,0.2526865710150467,0.20095124851367419,0.5523186682520809,0.24673008323424495,1
1790181900000,2663.61,2660.93,0.002668240051410642,1.0,0.0033353783911263973,high_volatility,0.10728550183484771,0.5730238830630888,0.31969061510206354,0.20095124851367419,0.5523186682520809,0.24673008323424495,1
1790182800000,2660.92,2652.28,0.004109671678706572,2.0,0.0034121507718938237,high_volatility,0.10516088984263144,0.5914374302490459,0.3034016799083227,0.20095124851367419,0.5523186682520809,0.24673008323424495,1
1790183700000,2652.27,2662.68,-0.00038682830832081905,1.0,0.003443354875555593,high_volatility,0.13288403840706103,0.5870672535383944,0.2800487080545447,0.20095124851367419,0.5523186682520809,0.24673008323424495,1
1790184600000,2662.69,2667.14,-0.0010460643235825628,1.0,0.003387126769299618,high_volatility,0.14063154137727896,0.5875754535017059,0.2717930051210151,0.20095124851367419,0.5523186682520809,0.24673008323424495,1
1790185500000,2667.13,2668.03,0.00038230454680054926,1.0,0.00322943565073179,trending,0.1428827875507836,0.6368813633998215,0.22023584904939494,0.20095124851367419,0.5523186682520809,0.24673008323424495,1
1790186400000,2668.02,2663.18,0.002117768982945245,1.0,0.003114778079210491,trending,0.13760228889458706,0.5747675593935639,0.287630151711849,0.20095124851367419,0.5523186682520809,0.24673008323424495,1
1790187300000,2663.18,2661.65,0.004414554881370547,2.0,0.002982838006094322,trending,0.1311180885307653,0.6050020161735461,0.26387989529568856,0.20095124851367419,0.5523186682520809,0.24673008323424495,1
1790188200000,2661.64,2664.35,0.003610636740668305,2.0,0.0028494894258844273,trending,0.13724931844201027,0.6174453859339548,0.24530529562403483,0.20095124851367419,0.5523186682520809,0.24673008323424495,1
1790189100000,2664.35,2669.05,0.003716678218841807,2.0,0.0027991362088200856,trending,0.16664316050974898,0.5734315104009374,0.25992532908931365,0.20095124851367419,0.5523186682520809,0.24673008323424495,1
1790190000000,2669.05,2668.82,0.0014725609070673773,1.0,0.0027238749836997586,trending,0.1249124133810383,0.5025357610475126,0.37255182557144906,0.20095124851367419,0.5523186682520809,0.24673008323424495,1
1790190900000,2668.82,2673.4,-0.0009014737787088611,1.0,0.0026827238840312633,trending,0.13349803688612943,0.5201272644755626,0.346374698638308,0.20095124851367419,0.5523186682520809,0.24673008323424495,1
1790191800000,2673.4,2673.97,0.0006357588155441185,1.0,0.0025665402382011766,trending,0.11131939373572504,0.5763644645843391,0.3123161416799359,0.20095124851367419,0.5523186682520809,0.24673008323424495,1
1790192700000,2673.97,2678.97,-0.0028406439788425386,0.0,0.0025,trending,0.13205206141702533,0.600534794798747,0.26741314378422765,0.20095124851367419,0.5523186682520809,0.24673008323424495,1
1790193600000,2678.97,2672.75,0.00034047329529496295,1.0,0.0025,trending,0.1277631035515463,0.5305135092908373,0.34172338715761646,0.20095124851367419,0.5523186682520809,0.24673008323424495,1
1790194500000,2672.75,2670.99,0.0014489009693037236,1.0,0.0025,low_liquidity,0.13036811087106054,0.5593900358435143,0.3102418532854252,0.20095124851367419,0.5523186682520809,0.24673008323424495,1
1790195400000,2670.99,2675.67,0.0009156585079623802,1.0,0.0025,low_liquidity,0.11100935997612243,0.6435851274913007,0.2454055125325768,0.20095124851367419,0.5523186682520809,0.24673008323424495,1
1790196300000,2675.68,2671.36,0.0022685074269286343,1.0,0.0025,trending,0.10399211643168865,0.5950534990671977,0.3009543845011136,0.20095124851367419,0.5523186682520809,0.24673008323424495,1
1790197200000,2671.37,2673.66,0.006152614767771514,2.0,0.0025,trending,0.13293305047235315,0.6021444001111417,0.26492254941650517,0.20095124851367419,0.5523186682520809,0.24673008323424495,1
1790198100000,2673.66,2674.86,0.004628279610895403,2.0,0.0025,trending,0.12148195395881205,0.618280670606177,0.260237375435011,0.20095124851367419,0.5523186682520809,0.24673008323424495,1
1790199000000,2674.87,2678.12,0.00275193045867983,2.0,0.0025,trending,0.10933677495852026,0.6729794389049126,0.21768378613656722,0.20095124851367419,0.5523186682520809,0.24673008323424495,1
1790199900000,2678.12,2677.42,0.004799396433880387,2.0,0.0025,trending,0.09710131543979382,0.6635165806730815,0.23938210388712478,0.20095124851367419,0.5523186682520809,0.24673008323424495,1
1790200800000,2677.43,2690.11,-0.0014348855623004253,1.0,0.0025,trending,0.14074270254484075,0.5859499582317214,0.27330733922343786,0.20095124851367419,0.5523186682520809,0.24673008323424495,1
1790201700000,2690.1,2687.24,-0.0012540748128190282,1.0,0.0025,trending,0.11039002936221008,0.6666279699549367,0.22298200068285337,0.20095124851367419,0.5523186682520809,0.24673008323424495,1
1790202600000,2687.25,2685.49,-0.0013591560571812877,1.0,0.0025,low_liquidity,0.10744233221529109,0.6645506495758376,0.22800701820887123,0.20095124851367419,0.5523186682520809,0.24673008323424495,1
1790203500000,2685.49,2690.27,-0.0020667070591426917,1.0,0.0025,trending,0.12446115107781948,0.6194125448565221,0.2561263040656584,0.20095124851367419,0.5523186682520809,0.24673008323424495,1
1790204400000,2690.27,2686.25,-0.0002233597021870093,1.0,0.0025,low_liquidity,0.10572201925647542,0.6587980768596291,0.2354799038838955,0.20095124851367419,0.5523186682520809,0.24673008323424495,1
1790205300000,2686.26,2683.87,0.0017400246658743068,1.0,0.0025,trending,0.12164399819803623,0.6580935598146498,0.22026244198731404,0.20095124851367419,0.5523186682520809,0.24673008323424495,1
1790206200000,2683.87,2681.84,0.001428123974584583,1.0,0.0025,trending,0.11699190398850892,0.6709964521557223,0.2120116438557687,0.20095124851367419,0.5523186682520809,0.24673008323424495,1
1790207100000,2681.84,2684.71,-0.0009014008961861775,1.0,0.0025,trending,0.12010494204349925,0.6457804684234695,0.23411458953303124,0.20095124851367419,0.5523186682520809,0.24673008323424495,1
1790208000000,2684.7,2685.65,-0.0008601269711242532,1.0,0.0025,trending,0.11698535497666492,0.6457798302614133,0.2372348147619218,0.20095124851367419,0.5523186682520809,0.24673008323424495,1
1790208900000,2685.65,2688.54,-0.002261450452662017,1.0,0.0025,trending,0.10895688949467067,0.6791412568299516,0.21190185367537773,0.20095124851367419,0.5523186682520809,0.24673008323424495,1
1790209800000,2688.54,2685.67,-0.0025542974378833794,0.0,0.0025,trending,0.12807378825986473,0.5874043473915956,0.2845218643485396,0.20095124851367419,0.5523186682520809,0.24673008323424495,1
1790210700000,2685.66,2682.29,-0.0027103706161526464,0.0,0.0025,trending,0.14178716920970078,0.5867441978490122,0.271468632941287,0.20095124851367419,0.5523186682520809,0.24673008323424495,1
1790211600000,2682.29,2683.34,-0.0036633449357889036,0.0,0.0025,trending,0.13097696105633636,0.6099841403655077,0.259038898578156,0.20095124851367419,0.5523186682520809,0.24673008323424495,1
1790212500000,2683.35,2682.46,-0.000764223884046844,1.0,0.0025,ranging,0.14549556109077744,0.5749420097445074,0.2795624291647152,0.20095124851367419,0.5523186682520809,0.24673008323424495,1
1790213400000,2682.45,2678.81,0.0026093675923264392,2.0,0.0025,ranging,0.1491680255379719,0.5313822684322178,0.31944970602981027,0.20095124851367419,0.5523186682520809,0.24673008323424495,1
1790214300000,2678.81,2675.02,0.003999970093681471,2.0,0.0025,ranging,0.12955339755694903,0.5384117299455614,0.33203487249748953,0.20095124851367419,0.5523186682520809,0.24673008323424495,1
1790215200000,2675.02,2673.51,0.00472038630863536,2.0,0.0025,ranging,0.13866195330308928,0.5779598111350459,0.28337823556186476,0.20095124851367419,0.5523186682520809,0.24673008323424495,1
1790216100000,2673.51,2680.41,-0.0016452706862009059,1.0,0.0025,ranging,0.18709582174786227,0.5515062319821415,0.2613979462699962,0.20095124851367419,0.5523186682520809,0.24673008323424495,1
1790217000000,2680.41,2685.8,-0.003499888301437215,0.0,0.0025,ranging,0.1537610610022957,0.5879180288541465,0.2583209101435578,0.20095124851367419,0.5523186682520809,0.24673008323424495,1
1790217900000,2685.81,2685.72,-0.003336163114546431,0.0,0.0025,ranging,0.14856988739628502,0.6387718999106489,0.21265821269306617,0.20095124851367419,0.5523186682520809,0.24673008323424495,1
1790218800000,2685.72,2686.13,-0.005189622244641923,0.0,0.0025,ranging,0.12950591671884143,0.6299019894086175,0.24059209387254105,0.20095124851367419,0.5523186682520809,0.24673008323424495,1
1790219700000,2686.13,2676.0,0.0006689088191329517,1.0,0.0025,ranging,0.15266832481872142,0.5395131214027226,0.30781855377855605,0.20095124851367419,0.5523186682520809,0.24673008323424495,1
1790220600000,2675.99,2676.4,-0.00011582723060821198,1.0,0.0025,ranging,0.14407259500230304,0.5980315638829831,0.25789584111471386,0.20095124851367419,0.5523186682520809,0.24673008323424495,1
1790221500000,2676.41,2676.76,0.002009892556672943,1.0,0.0025,ranging,0.1269169152275033,0.6564093079324219,0.2166737768400748,0.20095124851367419,0.5523186682520809,0.24673008323424495,1
1790222400000,2676.76,2672.19,0.007409652756727558,2.0,0.0025,ranging,0.15239538856509888,0.5354158578624207,0.3121887535724803,0.20095124851367419,0.5523186682520809,0.24673008323424495,1
1790223300000,2672.19,2677.79,0.0055717588011008345,2.0,0.0025,ranging,0.18248436900549103,0.5419959115811692,0.2755197194133398,0.20095124851367419,0.5523186682520809,0.24673008323424495,1
1790224200000,2677.8,2676.09,0.005885452282994974,2.0,0.0025,ranging,0.1874138374024034,0.5615074386823997,0.25107872391519687,0.20095124851367419,0.5523186682520809,0.24673008323424495,1
1790225100000,2676.09,2682.14,0.00014167791390451434,1.0,0.0025,ranging,0.17586239117251412,0.5758385236706941,0.2482990851567919,0.20095124851367419,0.5523186682520809,0.24673008323424495,1
1790226000000,2682.15,2691.99,-0.0016121902384480524,1.0,0.0025,ranging,0.22893663967651964,0.5483547533618656,0.22270860696161482,0.20095124851367419,0.5523186682520809,0.24673008323424495,1
1790226900000,2691.98,2692.71,-0.001604331695578165,1.0,0.0025,ranging,0.1755421017670767,0.6532363239803465,0.17122157425257678,0.20095124851367419,0.5523186682520809,0.24673008323424495,1
1790227800000,2692.7,2691.84,-0.0010030313837375848,1.0,0.0025,ranging,0.17651996152055666,0.6286673036508902,0.194812734828553,0.20095124851367419,0.5523186682520809,0.24673008323424495,1
1790228700000,2691.84,2682.52,0.0013345660050996244,1.0,0.0025,ranging,0.1801447094973549,0.5690613959053195,0.2507938945973257,0.20095124851367419,0.5523186682520809,0.24673008323424495,1
1790229600000,2682.52,2687.65,-0.0012836492846911574,1.0,0.0025,ranging,0.19775070103480316,0.5404403102892461,0.2618089886759507,0.20095124851367419,0.5523186682520809,0.24673008323424495,1
1790230500000,2687.64,2688.39,0.0019863189492597133,1.0,0.0025,ranging,0.1781323762259188,0.5892524177202304,0.23261520605385075,0.20095124851367419,0.5523186682520809,0.24673008323424495,1
1790231400000,2688.39,2689.14,0.0025919067062332157,2.0,0.0025,ranging,0.19518060318960634,0.5854233095818094,0.21939608722858417,0.20095124851367419,0.5523186682520809,0.24673008323424495,1
1790232300000,2689.15,2686.1,0.002754923495029926,2.0,0.0025,low_liquidity,0.19247818785745377,0.5868203530187943,0.22070145912375197,0.20095124851367419,0.5523186682520809,0.24673008323424495,1
1790233200000,2686.09,2684.2,0.0012592206243946524,1.0,0.0025,ranging,0.22419937878086935,0.5319282067828702,0.2438724144362605,0.20095124851367419,0.5523186682520809,0.24673008323424495,1
1790234100000,2684.21,2693.73,-0.00866827781551971,0.0,0.0025,ranging,0.19290275399801093,0.5823888181519085,0.22470842785008063,0.20095124851367419,0.5523186682520809,0.24673008323424495,1
1790235000000,2693.73,2696.11,-0.009899447722830357,0.0,0.0025,ranging,0.19124110473560335,0.6088908454422516,0.19986804982214498,0.20095124851367419,0.5523186682520809,0.24673008323424495,1
1790235900000,2696.11,2693.5,-0.00898459253759043,0.0,0.0025,ranging,0.19197173562093223,0.593513145132386,0.21451511924668187,0.20095124851367419,0.5523186682520809,0.24673008323424495,1
1790236800000,2693.5,2687.58,-0.010552244026224344,0.0,0.0025,ranging,0.20464410558249277,0.5402004907247623,0.25515540369274486,0.20095124851367419,0.5523186682520809,0.24673008323424495,1
1790237700000,2687.58,2670.38,-0.005766969494978236,0.0,0.0025,ranging,0.1734367829967647,0.41875959430897763,0.4078036226942577,0.20095124851367419,0.5523186682520809,0.24673008323424495,1
1790238600000,2670.39,2669.42,-0.01096867484322439,0.0,0.0025,ranging,0.1745659740119665,0.46610441354064774,0.35932961244738576,0.20095124851367419,0.5523186682520809,0.24673008323424495,1
1790239500000,2669.42,2669.3,-0.010077548420934335,0.0,0.0025,ranging,0.19141071041120747,0.46189860867815385,0.3466906809106387,0.20095124851367419,0.5523186682520809,0.24673008323424495,1
1790240400000,2669.3,2659.22,-0.007077263257646904,0.0,0.0025,ranging,0.156117138571853,0.49763074438958516,0.3462521170385618,0.20095124851367419,0.5523186682520809,0.24673008323424495,1
1790241300000,2659.22,2654.98,-0.0060942078659725896,0.0,0.0025,ranging,0.15829289280372436,0.48350531754634424,0.35820178964993143,0.20095124851367419,0.5523186682520809,0.24673008323424495,1
1790242200000,2654.98,2640.14,0.0006552682812275279,1.0,0.0030032653932715275,high_volatility,0.10824235142559814,0.3923271957001563,0.4994304528742455,0.20095124851367419,0.5523186682520809,0.24673008323424495,1
1790243100000,2640.15,2642.4,0.002191189827429607,1.0,0.0029603913714830294,high_volatility,0.1305666506127128,0.5423497590251545,0.3270835903621327,0.20095124851367419,0.5523186682520809,0.24673008323424495,1
1790244000000,2642.41,2640.4,0.003635812755643064,2.0,0.0029047275326272996,high_volatility,0.12407146556434069,0.5674789563287932,0.308449578106866,0.20095124851367419,0.5523186682520809,0.24673008323424495,1
1790244900000,2640.4,2638.8,0.003592542064574822,2.0,0.0028567463972514148,trending,0.12697276297670124,0.5607531345097868,0.3122741025135119,0.20095124851367419,0.5523186682520809,0.24673008323424495,1
1790245800000,2638.79,2641.87,0.0018661024198769471,1.0,0.002818484393626799,trending,0.126087499045664,0.5618353588324518,0.3120771421218841,0.20095124851367419,0.5523186682520809,0.24673008323424495,1
1790246700000,2641.87,2648.19,-0.0001925843689464246,1.0,0.0027489638946083645,trending,0.12216478029669371,0.5735233470773377,0.30431187262596854,0.20095124851367419,0.5523186682520809,0.24673008323424495,1
1790247600000,2648.2,2650.0,-0.0007396226415093965,1.0,0.002617496578135255,trending,0.12178781599515165,0.6311521528717342,0.24706003113311414,0.20095124851367419,0.5523186682520809,0.24673008323424495,1
1790248500000,2650.0,2648.28,7.929675109874523e-05,1.0,0.002501536229357478,trending,0.1367359096118075,0.6067570121014725,0.25650707828672004,0.20095124851367419,0.5523186682520809,0.24673008323424495,1
1790249400000,2648.28,2646.8,-0.0011598911893607733,1.0,0.0025,trending,0.13795377628659292,0.603003846123918,0.25904237758948906,0.20095124851367419,0.5523186682520809,0.24673008323424495,1
1790250300000,2646.81,2647.68,0.00042301184433179984,1.0,0.0025,trending,0.15219768096167224,0.5817772134008931,0.2660251056374348,0.20095124851367419,0.5523186682520809,0.24673008323424495,1
1790251200000,2647.68,2648.04,0.0035346898083110645,2.0,0.0025,trending,0.15918392480181487,0.5499273211815123,0.2908887540166728,0.20095124851367419,0.5523186682520809,0.24673008323424495,1
1790252100000,2648.03,2648.49,0.004561089526485151,2.0,0.0025,trending,0.15389410693574473,0.5499425061577103,0.29616338690654487,0.20095124851367419,0.5523186682520809,0.24673008323424495,1
1790253000000,2648.5,2643.73,0.008143796832505767,2.0,0.0025,trending,0.17475622250215658,0.5058418708862921,0.31940190661155127,0.20095124851367419,0.5523186682520809,0.24673008323424495,1
1790253900000,2643.72,2648.8,0.008045152521896748,2.0,0.0025,trending,0.1707170081426627,0.45404081158075915,0.37524218027657813,0.20095124851367419,0.5523186682520809,0.24673008323424495,1
1790254800000,2648.8,2657.4,0.003732972077971075,2.0,0.0025,trending,0.1842990091233769,0.5598387302641676,0.2558622606124554,0.20095124851367419,0.5523186682520809,0.24673008323424495,1
1790255700000,2657.4,2660.57,0.012576252457180193,2.0,0.0025,trending,0.18367212874980862,0.5865727277529617,0.22975514349722972,0.20095124851367419,0.5523186682520809,0.24673008323424495,1
1790256600000,2660.57,2665.26,0.005800559795291926,2.0,0.0025,trending,0.1866780378710493,0.5519508242209651,0.26137113790798555,0.20095124851367419,0.5523186682520809,0.24673008323424495,1
1790257500000,2665.27,2670.11,-0.0045840808056597515,0.0,0.0025,trending,0.15640771225531652,0.6122023658414661,0.2313899219032174,0.20095124851367419,0.5523186682520809,0.24673008323424495,1
1790258400000,2670.11,2667.32,-0.001323425760688668,1.0,0.0025,trending,0.14122370168316445,0.6142428387898353,0.2445334595270002,0.20095124851367419,0.5523186682520809,0.24673008323424495,1
1790259300000,2667.32,2694.03,-0.008919722497522375,0.0,0.0026426874942505007,trending,0.21326413996068622,0.44795609887373605,0.3387797611655777,0.20095124851367419,0.5523186682520809,0.24673008323424495,1
1790260200000,2694.02,2680.72,0.0006901131039422914,1.0,0.0027789770784331902,trending,0.1536952162992963,0.5574673675385257,0.2888374161621782,0.20095124851367419,0.5523186682520809,0.24673008323424495,1
1790261100000,2680.71,2657.87,0.009673159334354198,2.0,0.003180569742959227,high_volatility,0.13819703779211037,0.42586895682348824,0.4359340053844013,0.20095124851367419,0.5523186682520809,0.24673008323424495,1
1790262000000,2657.86,2663.79,0.003930490016105015,2.0,0.0031616078631077067,high_volatility,0.13841310407846216,0.46310354427136813,0.3984833516501697,0.20095124851367419,0.5523186682520809,0.24673008323424495,1
1790262900000,2663.78,2670.0,0.009689138576779,2.0,0.0031360131708314566,high_volatility,0.1536003526170136,0.5249505573228553,0.321449090060131,0.20095124851367419,0.5523186682520809,0.24673008323424495,1
1790263800000,2670.0,2682.57,0.002773459779241483,1.0,0.003164529780864719,high_volatility,0.1906892724861279,0.541810539829079,0.26750018768479317,0.20095124851367419,0.5523186682520809,0.24673008323424495,1
1790264700000,2682.56,2683.58,0.0015091780382920916,1.0,0.0030437471188621626,ranging,0.17885214166069965,0.571352916721813,0.24979494161748736,0.20095124851367419,0.5523186682520809,0.24673008323424495,1
1790265600000,2683.59,2674.26,0.004176856401396867,2.0,0.0031304202073542814,high_volatility,0.17848320536762877,0.5622547237341099,0.2592620708982613,0.20095124851367419,0.5523186682520809,0.24673008323424495,1
1790266500000,2674.26,2695.87,-0.004833319114052159,0.0,0.0032822229152727894,high_volatility,0.2255146510055804,0.4748651575168075,0.299620191477612,0.20095124851367419,0.5523186682520809,0.24673008323424495,1
1790267400000,2695.88,2690.01,-0.006717447147036704,0.0,0.003377836667037191,high_volatility,0.20655373918402006,0.5028345108551083,0.2906117499608717,0.20095124851367419,0.5523186682520809,0.24673008323424495,1
1790268300000,2690.01,2687.63,-0.006663863701476869,0.0,0.0033408985230497087,high_volatility,0.21540479911543506,0.5440339797272308,0.2405612211573342,0.20095124851367419,0.5523186682520809,0.24673008323424495,1
1790269200000,2687.62,2685.43,-0.0036269796643367824,0.0,0.003255299052068632,high_volatility,0.20448822952359513,0.5081889124177897,0.2873228580586152,0.20095124851367419,0.5523186682520809,0.24673008323424495,1
1790270100000,2685.42,2682.84,0.00013045876757455943,1.0,0.0032063679462849843,high_volatility,0.1838813967388208,0.5089753590534626,0.3071432442077166,0.20095124851367419,0.5523186682520809,0.24673008323424495,1
1790271000000,2682.84,2671.94,0.005778572872145338,2.0,0.003237301050203915,high_volatility,0.249394504068571,0.45868484124246045,0.29192065468896866,0.20095124851367419,0.5523186682520809,0.24673008323424495,1
1790271900000,2671.94,2669.72,0.007641250767870922,2.0,0.0031251100753493647,ranging,0.2372906027211503,0.4812916976480414,0.2814176996308083,0.20095124851367419,0.5523186682520809,0.24673008323424495,1
1790272800000,2669.71,2675.69,0.005262194050880353,2.0,0.003141117546574154,ranging,0.22848790550150253,0.510255237637914,0.2612568568605835,0.20095124851367419,0.5523186682520809,0.24673008323424495,1
1790273700000,2675.69,2683.19,0.005258665990854228,2.0,0.0030871712536865476,ranging,0.2619730792658214,0.5265155322212682,0.21151138851291032,0.20095124851367419,0.5523186682520809,0.24673008323424495,1
1790274600000,2683.2,2687.38,0.0031443264443435925,2.0,0.0030604176205164665,ranging,0.2831617671944491,0.5047084737098837,0.21212975909566717,0.20095124851367419,0.5523186682520809,0.24673008323424495,1
1790275500000,2687.37,2690.12,0.0025389201968684105,1.0,0.002972585566159183,ranging,0.27165400373467663,0.5155368163734927,0.2128091798918307,0.20095124851367419,0.5523186682520809,0.24673008323424495,1
1790276400000,2690.13,2689.77,-0.00046844153961111967,1.0,0.002920269722532565,ranging,0.2575069863768599,0.5239654901639645,0.21852752345917542,0.20095124851367419,0.5523186682520809,0.24673008323424495,1
1790277300000,2689.76,2697.3,-0.0031883735587440176,0.0,0.0028363045741639325,ranging,0.2155541459972657,0.5549798887708435,0.22946596523189072,0.20095124851367419,0.5523186682520809,0.24673008323424495,1
1790278200000,2697.3,2695.83,-0.0028822292206852618,0.0,0.002718927705344945,ranging,0.17957970956176972,0.5404034465855101,0.2800168438527202,0.20095124851367419,0.5523186682520809,0.24673008323424495,1
1790279100000,2695.82,2696.95,-0.003218450471829226,0.0,0.002662557158131029,ranging,0.17948898341899308,0.5384552431262534,0.2820557734547536,0.20095124851367419,0.5523186682520809,0.24673008323424495,1
1790280000000,2696.94,2688.51,-0.0008108580589248904,1.0,0.002622328402271658,ranging,0.16940418806719676,0.5122687744024428,0.3183270375303604,0.20095124851367419,0.5523186682520809,0.24673008323424495,1
1790280900000,2688.51,2688.7,0.00013761297281233986,1.0,0.002581811436389547,ranging,0.1804547373986039,0.4876813795933653,0.33186388300803077,0.20095124851367419,0.5523186682520809,0.24673008323424495,1
1790281800000,2688.71,2688.06,0.0008779565932308664,1.0,0.0025,ranging,0.16883715562323298,0.5407839241857372,0.2903789201910298,0.20095124851367419,0.5523186682520809,0.24673008323424495,1
1790282700000,2688.06,2688.27,-0.000576578989461729,1.0,0.0025,low_liquidity,0.15706960507230958,0.5903926437633369,0.2525377511643535,0.20095124851367419,0.5523186682520809,0.24673008323424495,1
1790283600000,2688.28,2686.33,-0.00020474029624051315,1.0,0.0025,low_liquidity,0.15770834481122464,0.6100254638021411,0.23226619138663424,0.20095124851367419,0.5523186682520809,0.24673008323424495,1
1790284500000,2686.32,2689.07,-0.0031349128137238003,0.0,0.0025,low_liquidity,0.14502309994255272,0.6322198067439337,0.22275709331351348,0.20095124851367419,0.5523186682520809,0.24673008323424495,1
1790285400000,2689.07,2690.42,-0.0032894492309750722,0.0,0.0025,ranging,0.1769268861178318,0.5835734957098107,0.2394996181723576,0.20095124851367419,0.5523186682520809,0.24673008323424495,1
1790286300000,2690.42,2686.72,-0.00044291924726047593,1.0,0.0025,ranging,0.15233796433059862,0.5928182707197166,0.2548437649496848,0.20095124851367419,0.5523186682520809,0.24673008323424495,1
1790287200000,2686.72,2685.78,3.350981837657585e-05,1.0,0.0025,ranging,0.16702719319681145,0.5710272448524963,0.26194556195069224,0.20095124851367419,0.5523186682520809,0.24673008323424495,1
1790288100000,2685.79,2680.64,0.004569804225856622,2.0,0.0025,ranging,0.13480791303479642,0.5817463104866369,0.28344577647856656,0.20095124851367419,0.5523186682520809,0.24673008323424495,1
1790289000000,2680.65,2681.57,0.0032369097207978204,2.0,0.0025,ranging,0.1420322295027297,0.5774204645603429,0.28054730593692734,0.20095124851367419,0.5523186682520809,0.24673008323424495,1
1790289900000,2681.57,2685.53,0.0009383622599634656,1.0,0.0025,low_liquidity,0.14077834531442646,0.6175440437508178,0.24167761093475573,0.20095124851367419,0.5523186682520809,0.24673008323424495,1
1790290800000,2685.53,2685.87,0.0033955478113236737,2.0,0.0025,ranging,0.12199886933737028,0.6440388215198791,0.23396230914275049,0.20095124851367419,0.5523186682520809,0.24673008323424495,1
1790291700000,2685.88,2692.89,-0.0003899156668113468,1.0,0.0025,ranging,0.1325040811821462,0.6474207391220105,0.2200751796958432,0.20095124851367419,0.5523186682520809,0.24673008323424495,1
1790292600000,2692.89,2690.25,8.177678654397447e-05,1.0,0.0025,ranging,0.12930797730903182,0.6295299117281994,0.24116211096276882,0.20095124851367419,0.5523186682520809,0.24673008323424495,1
1790293500000,2690.26,2688.05,0.001015606108517364,1.0,0.0025,low_liquidity,0.13254674090347038,0.6512488852916926,0.21620437380483704,0.20095124851367419,0.5523186682520809,0.24673008323424495,1
1790294400000,2688.06,2694.99,-0.00038219065747913117,1.0,0.0025,ranging,0.1478430297121696,0.5852912364493689,0.2668657338384616,0.20095124851367419,0.5523186682520809,0.24673008323424495,1
1790295300000,2694.99,2691.84,-0.0009510223490252212,1.0,0.0025,ranging,0.13411572169955757,0.6438107393632124,0.22207353893722998,0.20095124851367419,0.5523186682520809,0.24673008323424495,1
1790296200000,2691.83,2690.47,-0.0013231888852133222,1.0,0.0025,ranging,0.14123230090658162,0.5988765138660035,0.259891185227415,0.20095124851367419,0.5523186682520809,0.24673008323424495,1
1790297100000,2690.48,2690.78,-0.000445967340325204,1.0,0.0025,low_liquidity,0.14874259308108156,0.6080862928110105,0.243171114107908,0.20095124851367419,0.5523186682520809,0.24673008323424495,1
1790298000000,2690.78,2693.96,0.0011804184174968313,1.0,0.0025,ranging,0.14099174546072757,0.6305274229289844,0.2284808316102879,0.20095124851367419,0.5523186682520809,0.24673008323424495,1
1790298900000,2693.97,2689.28,0.0008701213707758004,1.0,0.0025,ranging,0.1471870977381743,0.6073509026821987,0.24546199957962703,0.20095124851367419,0.5523186682520809,0.24673008323424495,1
1790299800000,2689.28,2686.91,-0.001079306712915451,1.0,0.0025,ranging,0.15693908194349665,0.5782595872332001,0.2648013308233033,0.20095124851367419,0.5523186682520809,0.24673008323424495,1
1790300700000,2686.9,2689.58,-0.0047553893172911366,0.0,0.0025,ranging,0.13140606891015558,0.6143301177253055,0.2542638133645389,0.20095124851367419,0.5523186682520809,0.24673008323424495,1
1790301600000,2689.58,2697.14,-0.007663673372535373,0.0,0.0025,ranging,0.16953537142475664,0.5625496898659629,0.2679149387092805,0.20095124851367419,0.5523186682520809,0.24673008323424495,1
1790302500000,2697.14,2691.62,-0.005966666914348995,0.0,0.0025,ranging,0.19079444374153065,0.5449378019104854,0.26426775434798394,0.20095124851367419,0.5523186682520809,0.24673008323424495,1
1790303400000,2691.63,2684.01,-0.0026527471954278514,0.0,0.0025,ranging,0.18630857269747542,0.5449737676757945,0.26871765962673005,0.20095124851367419,0.5523186682520809,0.24673008323424495,1
1790304300000,2684.01,2676.79,0.0008592381172973784,1.0,0.0025,ranging,0.14208447806147262,0.5475478143486757,0.31036770758985155,0.20095124851367419,0.5523186682520809,0.24673008323424495,1
1790305200000,2676.8,2676.47,-0.001292747536867478,1.0,0.0025,ranging,0.139931164659506,0.597514725172481,0.26255411016801283,0.20095124851367419,0.5523186682520809,0.24673008323424495,1
1790306100000,2676.47,2675.56,0.00043729163240602276,1.0,0.0025,ranging,0.14411472731114827,0.49222205756724857,0.36366321512160316,0.20095124851367419,0.5523186682520809,0.24673008323424495,1
1790307000000,2675.56,2676.89,0.002663538658667308,2.0,0.0025,ranging,0.1548942455247143,0.5382472234232195,0.3068585310520663,0.20095124851367419,0.5523186682520809,0.24673008323424495,1
1790307900000,2676.89,2679.09,0.0004516458946881574,1.0,0.0025,ranging,0.17660530307507852,0.5577117258955975,0.26568297102932403,0.20095124851367419,0.5523186682520809,0.24673008323424495,1
1790308800000,2679.1,2673.01,0.0020538643701295545,1.0,0.0025,ranging,0.1493471154959982,0.5503825950784227,0.30027028942557904,0.20095124851367419,0.5523186682520809,0.24673008323424495,1
1790309700000,2673.01,2676.73,0.0012253757383076103,1.0,0.0025,ranging,0.17086194956185338,0.574508997248479,0.25462905318966755,0.20095124851367419,0.5523186682520809,0.24673008323424495,1
1790310600000,2676.73,2684.02,-0.0008643750791723637,1.0,0.0025,ranging,0.17988023709154277,0.5856815037779398,0.23443825913051738,0.20095124851367419,0.5523186682520809,0.24673008323424495,1
1790311500000,2684.03,2680.3,-0.00013431332313551536,1.0,0.0025,ranging,0.158510626961245,0.6250754510185185,0.21641392202023646,0.20095124851367419,0.5523186682520809,0.24673008323424495,1
1790312400000,2680.29,2678.5,-0.001176031360836327,1.0,0.0025,ranging,0.1560341773152377,0.6098955162367251,0.23407030644803728,0.20095124851367419,0.5523186682520809,0.24673008323424495,1
1790313300000,2678.5,2680.01,-0.0009067130346529506,1.0,0.0025,ranging,0.17087239226975434,0.5898748884741261,0.23925271925611957,0.20095124851367419,0.5523186682520809,0.24673008323424495,1
1790314200000,2680.02,2681.7,-0.0029048737740985375,0.0,0.0025,ranging,0.17864228979527,0.5662187336430679,0.2551389765616622,0.20095124851367419,0.5523186682520809,0.24673008323424495,1
1790315100000,2681.69,2679.94,-0.002022433338059848,1.0,0.0025,low_liquidity,0.16341396758233404,0.6171965528085395,0.21938947960912647,0.20095124851367419,0.5523186682520809,0.24673008323424495,1
1790316000000,2679.94,2675.35,-0.0017679929728821042,1.0,0.0025,ranging,0.16359408762168168,0.5406667841318149,0.2957391282465034,0.20095124851367419,0.5523186682520809,0.24673008323424495,1
1790316900000,2675.35,2677.58,0.0007730861449517512,1.0,0.0025,ranging,0.17429219257677367,0.5518746498327795,0.27383315759044685,0.20095124851367419,0.5523186682520809,0.24673008323424495,1
1790317800000,2677.58,2673.91,-0.0013388633125273053,1.0,0.0025,ranging,0.16722446489598308,0.5451421613218935,0.28763337378212345,0.20095124851367419,0.5523186682520809,0.24673008323424495,1
1790318700000,2673.91,2674.52,-0.0009272691922288523,1.0,0.0025,ranging,0.15382024847367393,0.5886958476217683,0.2574839039045578,0.20095124851367419,0.5523186682520809,0.24673008323424495,1
1790319600000,2674.52,2670.62,0.002871992271457513,2.0,0.0025,ranging,0.17276702216283624,0.5193783377552532,0.30785464008191055,0.20095124851367419,0.5523186682520809,0.24673008323424495,1
1790320500000,2670.63,2679.65,0.004743156755546485,2.0,0.0025,ranging,0.17052186817495202,0.5883197341653504,0.24115839765969752,0.20095124851367419,0.5523186682520809,0.24673008323424495,1
1790321400000,2679.64,2670.33,0.006171521871828567,2.0,0.0025,ranging,0.18385289795921314,0.48871114220073414,0.32743595984005275,0.20095124851367419,0.5523186682520809,0.24673008323424495,1
1790322300000,2670.32,2672.04,0.007062020029640292,2.0,0.0025,ranging,0.17150228278114918,0.48633710960196835,0.3421606076168826,0.20095124851367419,0.5523186682520809,0.24673008323424495,1
1790323200000,2672.05,2678.29,0.00577607353946008,2.0,0.0025,ranging,0.17422720168028205,0.5417340092970914,0.2840387890226266,0.20095124851367419,0.5523186682520809,0.24673008323424495,1
1790324100000,2678.28,2692.36,0.0067561544518564,2.0,0.0025,ranging,0.25170676911359086,0.5103514911490339,0.23794173973737517,0.20095124851367419,0.5523186682520809,0.24673008323424495,1
1790325000000,2692.35,2686.81,0.007239067890919104,2.0,0.0025,ranging,0.1903289139655354,0.5826042619731766,0.22706682406128814,0.20095124851367419,0.5523186682520809,0.24673008323424495,1
1790325900000,2686.8,2690.91,0.005132092860779425,2.0,0.0025,ranging,0.19909853851741824,0.5922059561643229,0.20869550531825887,0.20095124851367419,0.5523186682520809,0.24673008323424495,1
1790326800000,2690.9,2693.76,0.0023498752672843626,1.0,0.0025,ranging,0.23318594881737723,0.5216995192341951,0.24511453194842772,0.20095124851367419,0.5523186682520809,0.24673008323424495,1
1790327700000,2693.75,2710.55,0.001453579531829119,1.0,0.0025,ranging,0.29521497530655777,0.43065139776088934,0.274133626932553,0.20095124851367419,0.5523186682520809,0.24673008323424495,1
1790328600000,2710.54,2706.26,0.002527473339590358,2.0,0.0025,ranging,0.1996550747430423,0.5411820532605477,0.25916287199641,0.20095124851367419,0.5523186682520809,0.24673008323424495,1
1790329500000,2706.26,2704.72,0.0034236445916768776,2.0,0.0025,ranging,0.1629720366701157,0.5697486684932104,0.26727929483667384,0.20095124851367419,0.5523186682520809,0.24673008323424495,1
1790330400000,2704.73,2700.09,0.015006907177168127,2.0,0.0025,ranging,0.14301312695388863,0.5046330986906166,0.35235377435549486,0.20095124851367419,0.5523186682520809,0.24673008323424495,1
1790331300000,2700.1,2714.49,0.004505450379260978,2.0,0.0025,ranging,0.18724188806467823,0.517123506255163,0.29563460568015876,0.20095124851367419,0.5523186682520809,0.24673008323424495,1
1790332200000,2714.49,2713.1,0.0033651542515942268,2.0,0.0025,trending,0.1702504745881057,0.5634690885484434,0.2662804368634511,0.20095124851367419,0.5523186682520809,0.24673008323424495,1
1790333100000,2713.11,2713.98,0.0013080420636850665,1.0,0.0025,trending,0.18277019732334623,0.5740557363103387,0.243174066366315,0.20095124851367419,0.5523186682520809,0.24673008323424495,1
1790334000000,2713.97,2740.61,-0.010632669369228132,0.0,0.0025,trending,0.23371029110543812,0.4183975304897053,0.34789217840485664,0.20095124851367419,0.5523186682520809,0.24673008323424495,1
1790334900000,2740.6,2726.72,-0.005684485389038874,0.0,0.0025397987325519434,trending,0.2086284421231229,0.46798653873103996,0.32338501914583717,0.20095124851367419,0.5523186682520809,0.24673008323424495,1
1790335800000,2726.71,2722.23,-0.002369380985442038,1.0,0.0025060116154852104,trending,0.20205926383237333,0.5046050799837768,0.29333565618385,0.20095124851367419,0.5523186682520809,0.24673008323424495,1
1790336700000,2722.23,2717.53,6.991643146525561e-05,1.0,0.0025,trending,0.14788244835198364,0.492438223247267,0.3596793284007494,0.20095124851367419,0.5523186682520809,0.24673008323424495,1
1790337600000,2717.53,2711.47,0.0011211630591525523,1.0,0.0025560159287114793,trending,0.1607940207034334,0.47892775607380356,0.360278223222763,0.20095124851367419,0.5523186682520809,0.24673008323424495,1
1790338500000,2711.47,2711.22,-0.003968693060688477,0.0,0.0027671066012691973,trending,0.15214770164632935,0.42030820724348916,0.4275440911101815,0.20095124851367419,0.5523186682520809,0.24673008323424495,1
1790339400000,2711.22,2715.78,-0.00728335874039876,0.0,0.002716952979396865,trending,0.1759189330301297,0.49172070115722716,0.33236036581264317,0.20095124851367419,0.5523186682520809,0.24673008323424495,1
1790340300000,2715.79,2717.72,-0.008249562132964239,0.0,0.0026798830666625905,trending,0.1782549333230829,0.5332501146658064,0.28849495201111075,0.20095124851367419,0.5523186682520809,0.24673008323424495,1
1790341200000,2717.71,2714.51,-0.010628069154285824,0.0,0.0026814950949603975,trending,0.1865313374097687,0.5169954128733157,0.2964732497169156,0.20095124851367419,0.5523186682520809,0.24673008323424495,1
1790342100000,2714.52,2700.46,-0.005006554438873323,0.0,0.0028523788077605915,ranging,0.14009257367630296,0.4278604938495559,0.43204693247414105,0.20095124851367419,0.5523186682520809,0.24673008323424495,1
1790343000000,2700.45,2696.0,-0.004421364985163212,0.0,0.003006558747818648,ranging,0.13372491032069705,0.4425711638286256,0.4237039258506774,0.20095124851367419,0.5523186682520809,0.24673008323424495,1
1790343900000,2696.0,2695.3,0.00019292843097251655,1.0,0.0031347125682682545,ranging,0.13914787650356128,0.4389875464618749,0.42186457703456387,0.20095124851367419,0.5523186682520809,0.24673008323424495,1
1790344800000,2695.31,2685.66,0.004486792818152674,2.0,0.0033404632702228707,high_volatility,0.13501982484552724,0.4279978333088718,0.4369823418456009,0.20095124851367419,0.5523186682520809,0.24673008323424495,1
1790345700000,2685.65,2686.94,0.0011202334253834767,1.0,0.0032817344962242693,high_volatility,0.1558259178472907,0.5180263283624787,0.32614775379023064,0.20095124851367419,0.5523186682520809,0.24673008323424495,1
1790346600000,2686.95,2684.08,-0.004090787159846232,0.0,0.003277465328229064,high_volatility,0.1629635965875774,0.5085021665951845,0.3285342368172381,0.20095124851367419,0.5523186682520809,0.24673008323424495,1
1790347500000,2684.08,2695.82,-0.0033088262569459514,0.0,0.0032913051845478705,high_volatility,0.19406552994799148,0.5204494872134536,0.285484982838555,0.20095124851367419,0.5523186682520809,0.24673008323424495,1
1790348400000,2695.83,2697.71,-0.0016273061226002028,1.0,0.003206104501699114,ranging,0.16524471603495358,0.5631274369490246,0.2716278470160219,0.20095124851367419,0.5523186682520809,0.24673008323424495,1
1790349300000,2697.72,2689.95,0.000825294150448963,1.0,0.003160781593885799,ranging,0.1495625955890044,0.5375587584189794,0.3128786459920162,0.20095124851367419,0.5523186682520809,0.24673008323424495,1
1790350200000,2689.94,2673.1,0.006251169054655614,2.0,0.0032938877234604653,high_volatility,0.1223064771286814,0.4351578431915352,0.44253567967978336,0.20095124851367419,0.5523186682520809,0.24673008323424495,1
1790351100000,2673.1,2686.9,-0.0011872418028211484,1.0,0.0033309652269627814,high_volatility,0.14890867373632174,0.5261301431419964,0.324961183121682,0.20095124851367419,0.5523186682520809,0.24673008323424495,1
1790352000000,2686.91,2693.32,-0.0006646072505309686,1.0,0.003278206188650911,ranging,0.15731152048685382,0.5237239470105584,0.31896453250258777,0.20095124851367419,0.5523186682520809,0.24673008323424495,1
1790352900000,2693.32,2692.17,-0.004483372149604259,0.0,0.003217594457689857,ranging,0.173069614793107,0.5511467241133909,0.2757836610935021,0.20095124851367419,0.5523186682520809,0.24673008323424495,1
1790353800000,2692.17,2689.81,-0.001282618474910846,1.0,0.0031704322855800712,ranging,0.17351096005981484,0.5308131095401738,0.2956759304000113,0.20095124851367419,0.5523186682520809,0.24673008323424495,1
1790354700000,2689.8,2683.71,0.0008197607043980426,1.0,0.0030795371774518378,ranging,0.15004503044081474,0.5522360408265766,0.29771892873260863,0.20095124851367419,0.5523186682520809,0.24673008323424495,1
1790355600000,2683.72,2691.53,0.0013115216995536194,1.0,0.002987084917195017,ranging,0.17496395679232504,0.5311247714233535,0.29391127178432147,0.20095124851367419,0.5523186682520809,0.24673008323424495,1
1790356500000,2691.54,2680.1,0.00507070631692863,2.0,0.003003186786029115,ranging,0.1480951607767494,0.5223451705220018,0.3295596687012488,0.20095124851367419,0.5523186682520809,0.24673008323424495,1
1790357400000,2680.1,2686.36,0.0028253845352073093,1.0,0.0029524000550951576,ranging,0.17797075229868772,0.492494664478978,0.32953458322233425,0.20095124851367419,0.5523186682520809,0.24673008323424495,1
1790358300000,2686.36,2685.91,0.002777457174663267,1.0,0.0028215955102226784,ranging,0.16893939168574587,0.5176288592163545,0.31343174909789967,0.20095124851367419,0.5523186682520809,0.24673008323424495,1
1790359200000,2685.91,2695.06,0.00041557516344714607,1.0,0.0027873530183586816,ranging,0.1727012271262028,0.542525168367125,0.2847736045066721,0.20095124851367419,0.5523186682520809,0.24673008323424495,1
1790360100000,2695.06,2693.69,-0.0001781942242796708,1.0,0.0027308553146043104,ranging,0.16769820217894643,0.5098381617924842,0.32246363602856926,0.20095124851367419,0.5523186682520809,0.24673008323424495,1
1790361000000,2693.7,2693.95,-0.0007683884259171991,1.0,0.002610479287746733,low_liquidity,0.15713695289927881,0.5549946804584732,0.28786836664224796,0.20095124851367419,0.5523186682520809,0.24673008323424495,1
1790361900000,2693.96,2693.37,-1.1138462223780898e-05,1.0,0.0025,low_liquidity,0.15388497727583156,0.5630100271810214,0.28310499554314694,0.20095124851367419,0.5523186682520809,0.24673008323424495,1
1790362800000,2693.38,2696.18,-0.0020621768576282173,1.0,0.0025,ranging,0.16184866068851064,0.5957199507674298,0.24243138854405952,0.20095124851367419,0.5523186682520809,0.24673008323424495,1
1790363700000,2696.19,2693.21,0.0002264955202158081,1.0,0.0025,low_liquidity,0.16388093936505488,0.6093065803947028,0.22681248024024234,0.20095124851367419,0.5523186682520809,0.24673008323424495,1
1790364600000,2693.2,2691.88,0.00024518180602406403,1.0,0.0025,low_liquidity,0.17133465966443806,0.5747021425184968,0.2539631978170652,0.20095124851367419,0.5523186682520809,0.24673008323424495,1
1790365500000,2691.89,2693.34,-0.0031930614033135463,0.0,0.0025,low_liquidity,0.15736893160304902,0.6125922260542795,0.23003884234267136,0.20095124851367419,0.5523186682520809,0.24673008323424495,1
1790366400000,2693.34,2690.62,-0.00419605890092245,0.0,0.0025,ranging,0.1621077776777062,0.6010617557893392,0.23683046653295461,0.20095124851367419,0.5523186682520809,0.24673008323424495,1
1790367300000,2690.61,2693.82,-0.004799875270062648,0.0,0.0025,low_liquidity,0.15702553431408625,0.6059373876646937,0.23703707802121995,0.20095124851367419,0.5523186682520809,0.24673008323424495,1
1790368200000,2693.82,2692.54,-0.0037622468004189225,0.0,0.0025,ranging,0.16260791099265473,0.5807763809038048,0.2566157081035405,0.20095124851367419,0.5523186682520809,0.24673008323424495,1
1790369100000,2692.54,2684.74,-0.0012142702831557939,1.0,0.0025,ranging,0.13934962180597635,0.5986666864172523,0.26198369177677144,0.20095124851367419,0.5523186682520809,0.24673008323424495,1
1790370000000,2684.74,2679.33,0.002377460036650847,1.0,0.0025,ranging,0.1681523973778786,0.5021143569144616,0.32973324570765983,0.20095124851367419,0.5523186682520809,0.24673008323424495,1
1790370900000,2679.33,2680.89,0.0027602773705748263,2.0,0.0025,low_liquidity,0.1829235842755787,0.5763380403594859,0.24073837536493534,0.20095124851367419,0.5523186682520809,0.24673008323424495,1
1790371800000,2680.89,2682.41,0.003974038271554514,2.0,0.0025,ranging,0.1908376409004025,0.5610973338559683,0.24806502524362928,0.20095124851367419,0.5523186682520809,0.24673008323424495,1
1790372700000,2682.41,2681.48,0.003975416561003531,2.0,0.0025,low_liquidity,0.16900708278200466,0.5978852594977645,0.2331076577202309,0.20095124851367419,0.5523186682520809,0.24673008323424495,1
1790373600000,2681.47,2685.7,0.003045760881706938,2.0,0.0025,low_liquidity,0.16834343984654823,0.6021449358997046,0.22951162425374716,0.20095124851367419,0.5523186682520809,0.24673008323424495,1
1790374500000,2685.71,2688.29,0.001871077897102058,1.0,0.0025,low_liquidity,0.1631080803293587,0.5948600666288582,0.24203185304178312,0.20095124851367419,0.5523186682520809,0.24673008323424495,1
1790375400000,2688.29,2693.07,-0.00017823524824833736,1.0,0.0025,ranging,0.16628512771073814,0.6021172789651403,0.2315975933241215,0.20095124851367419,0.5523186682520809,0.24673008323424495,1
1790376300000,2693.08,2692.14,-0.00019686940500851513,1.0,0.0025,ranging,0.16313605530716685,0.6087954311989289,0.22806851349390436,0.20095124851367419,0.5523186682520809,0.24673008323424495,1
1790377200000,2692.14,2693.88,-0.0008797719274800109,1.0,0.0025,low_liquidity,0.12107656557200032,0.6921118196164184,0.18681161481158118,0.20095124851367419,0.5523186682520809,0.24673008323424495,1
1790378100000,2693.88,2693.32,-0.0024839231877386014,1.0,0.0025,low_liquidity,0.1262086047871446,0.6701643861056356,0.20362700910721976,0.20095124851367419,0.5523186682520809,0.24673008323424495,1
1790379000000,2693.32,2692.59,-0.0027222859774417296,0.0,0.0025,low_liquidity,0.12523239373438116,0.6441185313072337,0.23064907495838508,0.20095124851367419,0.5523186682520809,0.24673008323424495,1
1790379900000,2692.58,2691.61,-0.0015975568525901096,1.0,0.0025,ranging,0.12397434593515536,0.6485685787593625,0.22745707530548223,0.20095124851367419,0.5523186682520809,0.24673008323424495,1
1790380800000,2691.62,2691.51,-0.0006316157101404762,1.0,0.0025,ranging,0.1328106337921036,0.6184532661263498,0.24873610008154662,0.20095124851367419,0.5523186682520809,0.24673008323424495,1
1790381700000,2691.5,2686.63,0.0007742041144482847,1.0,0.0025,ranging,0.15688615515215135,0.5778044721435257,0.2653093727043229,0.20095124851367419,0.5523186682520809,0.24673008323424495,1
1790382600000,2686.64,2685.26,0.0033367346178767576,2.0,0.0025,ranging,0.14002693130062502,0.5801659312868491,0.2798071374125259,0.20095124851367419,0.5523186682520809,0.24673008323424495,1
1790383500000,2685.25,2687.31,0.002005723195314335,1.0,0.0025,ranging,0.14104953153440408,0.606918015569025,0.2520324528965709,0.20095124851367419,0.5523186682520809,0.24673008323424495,1
1790384400000,2687.31,2689.81,0.0019964235392091467,1.0,0.0025,ranging,0.1331078136730072,0.6106005109676955,0.25629167535929737,0.20095124851367419,0.5523186682520809,0.24673008323424495,1
1790385300000,2689.8,2688.71,0.0015695259064754108,1.0,0.0025,ranging,0.11508393043478679,0.6836769491356599,0.20123912042955333,0.20095124851367419,0.5523186682520809,0.24673008323424495,1
1790386200000,2688.71,2694.22,-0.0009316239950708516,1.0,0.0025,ranging,0.1294545908440776,0.6050376736878558,0.26550773546806666,0.20095124851367419,0.5523186682520809,0.24673008323424495,1
1790387100000,2694.21,2692.7,-0.0005756304081404595,1.0,0.0025,ranging,0.11683215967258444,0.6568310980879338,0.22633674223948183,0.20095124851367419,0.5523186682520809,0.24673008323424495,1
1790388000000,2692.7,2695.18,-0.0028755036769343434,0.0,0.0025,ranging,0.10541410373040735,0.7040495467428574,0.1905363495267354,0.20095124851367419,0.5523186682520809,0.24673008323424495,1
1790388900000,2695.19,2692.93,-0.001047186521743848,1.0,0.0025,ranging,0.11162166315616139,0.6935278401500672,0.1948504966937714,0.20095124851367419,0.5523186682520809,0.24673008323424495,1
1790389800000,2692.92,2691.71,-0.00117397490814386,1.0,0.0025,ranging,0.11171584113642537,0.7012783210817213,0.18700583778185334,0.20095124851367419,0.5523186682520809,0.24673008323424495,1
1790390700000,2691.71,2691.15,-0.001177935083514492,1.0,0.0025,low_liquidity,0.11217156237158978,0.7119484518804737,0.1758799857479363,0.20095124851367419,0.5523186682520809,0.24673008323424495,1
1790391600000,2691.15,2687.43,0.0006102484529830754,1.0,0.0025,ranging,0.10903901764142102,0.6896492064710388,0.20131177588754012,0.20095124851367419,0.5523186682520809,0.24673008323424495,1
1790392500000,2687.43,2690.11,-0.0014906453639442763,1.0,0.0025,low_liquidity,0.09408104991523293,0.7504834006737268,0.15543554941104037,0.20095124851367419,0.5523186682520809,0.24673008323424495,1
1790393400000,2690.1,2688.55,0.00011158431124580481,1.0,0.0025,ranging,0.09255559935501671,0.7475076611916408,0.15993673945334244,0.20095124851367419,0.5523186682520809,0.24673008323424495,1
1790394300000,2688.56,2687.98,0.0005803614610226937,1.0,0.0025,low_liquidity,0.09135699651999374,0.7600704023075728,0.14857260117243332,0.20095124851367419,0.5523186682520809,0.24673008323424495,1
1790395200000,2687.98,2689.07,-0.00036815702082881874,1.0,0.0025,ranging,0.08915756674812582,0.7486645139769359,0.1621779192749383,0.20095124851367419,0.5523186682520809,0.24673008323424495,1
1790396100000,2689.08,2686.1,0.00052492461189102,1.0,0.0025,ranging,0.11601602223532925,0.6906790215541273,0.1933049562105435,0.20095124851367419,0.5523186682520809,0.24673008323424495,1
1790397000000,2686.1,2688.85,-0.00011529092362905224,1.0,0.0025,ranging,0.09960702356558607,0.7223083205889073,0.17808465584550662,0.20095124851367419,0.5523186682520809,0.24673008323424495,1
1790397900000,2688.85,2689.54,-0.0011414591342757685,1.0,0.0025,low_liquidity,0.07949875246154467,0.7652971195042246,0.15520412803423062,0.20095124851367419,0.5523186682520809,0.24673008323424495,1
1790398800000,2689.54,2688.08,-0.0011420791047884737,1.0,0.0025,ranging,0.09454998921124413,0.7413898719883363,0.16406013880041953,0.20095124851367419,0.5523186682520809,0.24673008323424495,1
1790399700000,2688.09,2687.51,-0.0010753448359263063,1.0,0.0025,ranging,0.07955784672288692,0.7768758810865933,0.1435662721905197,0.20095124851367419,0.5523186682520809,0.24673008323424495,1
1790400600000,2687.52,2688.54,-0.0011827980985962272,1.0,0.0025,ranging,0.07569700699059974,0.7825487166755452,0.14175427633385512,0.20095124851367419,0.5523186682520809,0.24673008323424495,1
1790401500000,2688.53,2686.47,-0.00029034383410186937,1.0,0.0025,ranging,0.08250918953948881,0.7759529181955163,0.14153789226499477,0.20095124851367419,0.5523186682520809,0.24673008323424495,1
1790402400000,2686.47,2685.01,0.0022197310252101143,1.0,0.0025,ranging,0.09510357394593494,0.7558210086000704,0.14907541745399464,0.20095124851367419,0.5523186682520809,0.24673008323424495,1
1790403300000,2685.01,2684.62,0.002082231377252608,1.0,0.0025,ranging,0.09854660235420676,0.7506729918110775,0.15078040583471575,0.20095124851367419,0.5523186682520809,0.24673008323424495,1
1790404200000,2684.62,2685.36,0.001575207793368394,1.0,0.0025,ranging,0.10497990432698935,0.7232887488193585,0.17173134685365224,0.20095124851367419,0.5523186682520809,0.24673008323424495,1
1790405100000,2685.37,2685.69,0.0020367205448132975,1.0,0.0025,ranging,0.106123489160261,0.7403629169978138,0.15351359384192514,0.20095124851367419,0.5523186682520809,0.24673008323424495,1
1790406000000,2685.69,2690.97,-0.0005276907583509072,1.0,0.0025,ranging,0.09653456096668402,0.7281554984320643,0.17530994060125168,0.20095124851367419,0.5523186682520809,0.24673008323424495,1
1790406900000,2690.97,2690.21,-2.6020273510285463e-05,1.0,0.0025,ranging,0.09882903220359497,0.7442780979484893,0.15689286984791567,0.20095124851367419,0.5523186682520809,0.24673008323424495,1
1790407800000,2690.22,2689.59,0.0018776095984889274,1.0,0.0025,ranging,0.10782183219821535,0.7102556317921154,0.1819225360096692,0.20095124851367419,0.5523186682520809,0.24673008323424495,1
1790408700000,2689.6,2691.16,-5.573804604697141e-05,1.0,0.0025,ranging,0.10717587367258537,0.6454084158263439,0.24741571050107067,0.20095124851367419,0.5523186682520809,0.24673008323424495,1
1790409600000,2691.15,2689.55,-0.00261382015578826,0.0,0.0025,ranging,0.11230438399795736,0.6785803427185724,0.20911527328347024,0.20095124851367419,0.5523186682520809,0.24673008323424495,1
1790410500000,2689.54,2690.14,-0.0029663883664047264,0.0,0.0025,ranging,0.10059514332487225,0.6770493115410642,0.22235554513406366,0.20095124851367419,0.5523186682520809,0.24673008323424495,1
1790411400000,2690.14,2694.64,-0.004694504646260755,0.0,0.0025,ranging,0.14970376289709397,0.5867435828982266,0.2635526542046795,0.20095124851367419,0.5523186682520809,0.24673008323424495,1
1790412300000,2694.65,2691.01,-0.003125220642063886,0.0,0.0025,ranging,0.11924538229469173,0.6876156574182604,0.19313896028704777,0.20095124851367419,0.5523186682520809,0.24673008323424495,1
1790413200000,2691.0,2682.52,0.0017297168334251545,1.0,0.0025,ranging,0.14950448516174358,0.5606188027407483,0.28987671209750804,0.20095124851367419,0.5523186682520809,0.24673008323424495,1
1790414100000,2682.52,2682.16,0.0022966564261641675,1.0,0.0025,ranging,0.12341928285598645,0.6541222595663059,0.22245845757770782,0.20095124851367419,0.5523186682520809,0.24673008323424495,1
1790415000000,2682.15,2681.99,0.002184944761166152,1.0,0.0025,ranging,0.12300404642876876,0.6703754939812178,0.2066204595900136,0.20095124851367419,0.5523186682520809,0.24673008323424495,1
1790415900000,2681.99,2682.6,0.0017706702452844336,1.0,0.0025,ranging,0.13644053163954592,0.6439771621678869,0.21958230619256722,0.20095124851367419,0.5523186682520809,0.24673008323424495,1
1790416800000,2682.6,2687.16,0.00020839845785136646,1.0,0.0025,ranging,0.12979218810506118,0.6501991544198701,0.22000865747506873,0.20095124851367419,0.5523186682520809,0.24673008323424495,1
1790417700000,2687.16,2688.32,0.00010415426734899924,1.0,0.0025,ranging,0.11541513455821947,0.6846729525653211,0.19991191287645926,0.20095124851367419,0.5523186682520809,0.24673008323424495,1
1790418600000,2688.33,2687.85,0.0009152296445114061,1.0,0.0025,ranging,0.11697067270099484,0.6329527842335801,0.2500765430654249,0.20095124851367419,0.5523186682520809,0.24673008323424495,1
1790419500000,2687.86,2687.35,0.0007963235157311122,1.0,0.0025,ranging,0.1306950692602854,0.6529919136883019,0.2163130170514128,0.20095124851367419,0.5523186682520809,0.24673008323424495,1
1790420400000,2687.35,2687.72,0.000710639501138699,1.0,0.0025,ranging,0.14040443108286477,0.6601440757404453,0.1994514931766901,0.20095124851367419,0.5523186682520809,0.24673008323424495,1
1790421300000,2687.73,2688.6,0.0007996726921073449,1.0,0.0025,ranging,0.13749194379863508,0.6819238864248112,0.1805841697765538,0.20095124851367419,0.5523186682520809,0.24673008323424495,1
1790422200000,2688.6,2690.31,-0.0011262642595090133,1.0,0.0025,ranging,0.12421537785900215,0.7071410833901371,0.16864353875086072,0.20095124851367419,0.5523186682520809,0.24673008323424495,1
1790423100000,2690.31,2689.49,-0.00021937244607705964,1.0,0.0025,ranging,0.1166514777581073,0.6962679042531998,0.1870806179886928,0.20095124851367419,0.5523186682520809,0.24673008323424495,1
1790424000000,2689.48,2689.63,-0.0008811620929272124,1.0,0.0025,ranging,0.13790285870622254,0.664988016270107,0.19710912502367042,0.20095124851367419,0.5523186682520809,0.24673008323424495,1
1790424900000,2689.62,2690.75,-0.0021592492799404894,1.0,0.0025,ranging,0.1694349004678667,0.5820233037792947,0.24854179575283863,0.20095124851367419,0.5523186682520809,0.24673008323424495,1
1790425800000,2690.74,2687.28,-0.0014289541841565612,1.0,0.0025,ranging,0.16712439575093122,0.6252220968708078,0.2076535073782611,0.20095124851367419,0.5523186682520809,0.24673008323424495,1
1790426700000,2687.28,2688.9,-0.000807021458589019,1.0,0.0025,ranging,0.14637582247852796,0.6486165752228501,0.20500760229862203,0.20095124851367419,0.5523186682520809,0.24673008323424495,1
1790427600000,2688.9,2687.26,0.0003014222665465027,1.0,0.0025,ranging,0.1596286762401985,0.6431677486243687,0.1972035751354329,0.20095124851367419,0.5523186682520809,0.24673008323424495,1
1790428500000,2687.27,2684.94,0.0013482610412149931,1.0,0.0025,ranging,0.1570196569611569,0.5715146965132366,0.27146564652560645,0.20095124851367419,0.5523186682520809,0.24673008323424495,1
1790429400000,2684.95,2683.44,0.001941537727692788,1.0,0.0025,ranging,0.1579869618133895,0.6340115817159524,0.20800145647065815,0.20095124851367419,0.5523186682520809,0.24673008323424495,1
1790430300000,2683.44,2686.73,0.0007220673458070426,1.0,0.0025,ranging,0.1431208305070297,0.6253606589497668,0.23151851054320352,0.20095124851367419,0.5523186682520809,0.24673008323424495,1
1790431200000,2686.72,2688.07,0.0004873384993693275,1.0,0.0025,ranging,0.11981604437393034,0.6656990833573098,0.21448487226875995,0.20095124851367419,0.5523186682520809,0.24673008323424495,1
1790432100000,2688.07,2688.56,0.0009075490225249894,1.0,0.0025,ranging,0.1004271742484714,0.6929068096393259,0.20666601611220264,0.20095124851367419,0.5523186682520809,0.24673008323424495,1
1790433000000,2688.57,2688.65,0.0017592472058467479,1.0,0.0025,ranging,0.09886849610541253,0.7288771682721836,0.17225433562240372,0.20095124851367419,0.5523186682520809,0.24673008323424495,1
1790433900000,2688.65,2688.67,0.0015993037449741898,1.0,0.0025,ranging,0.10875665875474301,0.6939552985624394,0.19728804268281758,0.20095124851367419,0.5523186682520809,0.24673008323424495,1
1790434800000,2688.66,2689.38,0.0007659758011140383,1.0,0.0025,ranging,0.09876451847365549,0.7467891202927693,0.15444636123357527,0.20095124851367419,0.5523186682520809,0.24673008323424495,1
1790435700000,2689.38,2691.0,-2.9728725380873122e-05,1.0,0.0025,ranging,0.12252742705459836,0.694020435241724,0.18345213770367777,0.20095124851367419,0.5523186682520809,0.24673008323424495,1
1790436600000,2690.99,2693.38,-0.00028588613563629295,1.0,0.0025,ranging,0.11119008892229752,0.7194603942789672,0.1693495167987352,0.20095124851367419,0.5523186682520809,0.24673008323424495,1
1790437500000,2693.38,2692.97,-0.000516158739235828,1.0,0.0025,ranging,0.11441348369007949,0.6970044553233208,0.18858206098659983,0.20095124851367419,0.5523186682520809,0.24673008323424495,1
1790438400000,2692.97,2691.44,-0.0011778081621733882,1.0,0.0025,ranging,0.10834726441620668,0.6993542967415669,0.1922984388422264,0.20095124851367419,0.5523186682520809,0.24673008323424495,1
1790439300000,2691.44,2690.92,-0.0010293877186984268,1.0,0.0025,ranging,0.11243731513090803,0.7242768755386689,0.16328580933042308,0.20095124851367419,0.5523186682520809,0.24673008323424495,1
1790440200000,2690.92,2692.61,-0.001080735791666898,1.0,0.0025,ranging,0.10647783113938915,0.6869074489350132,0.2066147199255976,0.20095124851367419,0.5523186682520809,0.24673008323424495,1
1790441100000,2692.61,2691.58,-0.00037524428031110446,1.0,0.0025,ranging,0.10955636779048862,0.6412163598317354,0.24922727237777592,0.20095124851367419,0.5523186682520809,0.24673008323424495,1
1790442000000,2691.59,2688.27,-8.555688230726943e-05,1.0,0.0025,ranging,0.11499271006905899,0.7068272232694379,0.17818006666150307,0.20095124851367419,0.5523186682520809,0.24673008323424495,1
1790442900000,2688.27,2688.15,2.9760244034005012e-05,1.0,0.0025,ranging,0.11372931776082473,0.7046124087419298,0.18165827349724556,0.20095124851367419,0.5523186682520809,0.24673008323424495,1
1790443800000,2688.15,2689.7,-0.0019444547719076333,1.0,0.0025,ranging,0.10264480529675438,0.7287154778003222,0.16863971690292334,0.20095124851367419,0.5523186682520809,0.24673008323424495,1
1790444700000,2689.69,2690.57,-0.0020664766201956564,1.0,0.0025,ranging,0.11032752383916561,0.673576681677948,0.21609579448288618,0.20095124851367419,0.5523186682520809,0.24673008323424495,1
1790445600000,2690.56,2688.04,-0.0007886787398996287,1.0,0.0025,ranging,0.1063744511883763,0.7409523308049822,0.15267321800664155,0.20095124851367419,0.5523186682520809,0.24673008323424495,1
1790446500000,2688.05,2688.23,-0.0017520822251072543,1.0,0.0025,low_liquidity,0.09148895684681267,0.7658928657020593,0.1426181774511281,0.20095124851367419,0.5523186682520809,0.24673008323424495,1
1790447400000,2688.22,2684.47,-0.00043211509161955597,1.0,0.0025,ranging,0.09592252803301989,0.7381923859311448,0.1658850860358353,0.20095124851367419,0.5523186682520809,0.24673008323424495,1
1790448300000,2684.46,2685.01,-0.00013780209384706144,1.0,0.0025,ranging,0.08863345546434957,0.7543846599829517,0.1569818845526988,0.20095124851367419,0.5523186682520809,0.24673008323424495,1
1790449200000,2685.0,2685.92,-0.0014669089176148065,1.0,0.0025,ranging,0.08598045161192115,0.756305322205386,0.1577142261826929,0.20095124851367419,0.5523186682520809,0.24673008323424495,1
1790450100000,2685.92,2683.52,0.00036891843548780834,1.0,0.0025,low_liquidity,0.10002430173111825,0.7610722306678592,0.13890346760102257,0.20095124851367419,0.5523186682520809,0.24673008323424495,1
1790451000000,2683.52,2683.31,-0.004330472438890731,0.0,0.0025,ranging,0.14654091776565029,0.6697891651424599,0.18366991709188976,0.20095124851367419,0.5523186682520809,0.24673008323424495,1
1790451900000,2683.3,2684.64,-0.0028942428035043655,0.0,0.0025,ranging,0.11602991933474635,0.7397525004872951,0.1442175801779584,0.20095124851367419,0.5523186682520809,0.24673008323424495,1
1790452800000,2684.63,2681.98,-0.00026472978918556933,1.0,0.0025,ranging,0.12386274072848925,0.716766641924345,0.1593706173471657,0.20095124851367419,0.5523186682520809,0.24673008323424495,1
1790453700000,2681.98,2684.51,0.0012478999891971654,1.0,0.0025,ranging,0.09789351065724261,0.7541033703005782,0.1480031190421793,0.20095124851367419,0.5523186682520809,0.24673008323424495,1
1790454600000,2684.51,2671.69,0.005457219961896742,2.0,0.0025,ranging,0.15897556817487782,0.5308343657107355,0.31019006611438665,0.20095124851367419,0.5523186682520809,0.24673008323424495,1
1790455500000,2671.7,2676.87,0.0035265067037248965,2.0,0.0025,ranging,0.16894953770777374,0.5050052331879729,0.3260452291042534,0.20095124851367419,0.5523186682520809,0.24673008323424495,1
1790456400000,2676.87,2681.27,0.0033006746802821674,2.0,0.0025,ranging,0.177489423099975,0.5570326216575667,0.26547795524245826,0.20095124851367419,0.5523186682520809,0.24673008323424495,1
1790457300000,2681.27,2687.86,0.0008296563065040008,1.0,0.0025,ranging,0.14858069281755593,0.6130504653548453,0.23836884182759882,0.20095124851367419,0.5523186682520809,0.24673008323424495,1
1790458200000,2687.87,2686.27,0.0003275917908476256,1.0,0.0025,ranging,0.1623694637721584,0.5924284624583501,0.24520207376949152,0.20095124851367419,0.5523186682520809,0.24673008323424495,1
1790459100000,2686.26,2686.31,0.0009455349531513058,1.0,0.0025,ranging,0.12269950997614452,0.6642542910001199,0.21304619902373545,0.20095124851367419,0.5523186682520809,0.24673008323424495,1
1790460000000,2686.32,2690.12,0.001182103400591883,1.0,0.0025,ranging,0.1325332411280876,0.626660163887215,0.2408065949846973,0.20095124851367419,0.5523186682520809,0.24673008323424495,1
1790460900000,2690.12,2690.09,0.0014943737941852664,1.0,0.0025,ranging,0.12829141150447218,0.6334570808168837,0.23825150767864423,0.20095124851367419,0.5523186682520809,0.24673008323424495,1
1790461800000,2690.08,2687.15,0.002329605716093086,1.0,0.0025,ranging,0.12873540272135758,0.6440404218021278,0.22722417547651463,0.20095124851367419,0.5523186682520809,0.24673008323424495,1
1790462700000,2687.14,2688.85,0.0027818584153076475,2.0,0.0025,ranging,0.12048808619510833,0.6765632149031482,0.20294869890174336,0.20095124851367419,0.5523186682520809,0.24673008323424495,1
1790463600000,2688.85,2693.3,-0.00048267924107980864,1.0,0.0025,ranging,0.14294316626923279,0.6053441046631725,0.2517127290675948,0.20095124851367419,0.5523186682520809,0.24673008323424495,1
1790464500000,2693.3,2694.11,-0.0006161589541631152,1.0,0.0025,ranging,0.15059156947833752,0.6097258819588687,0.23968254856279392,0.20095124851367419,0.5523186682520809,0.24673008323424495,1
1790465400000,2694.11,2693.41,0.0005754786683052071,1.0,0.0025,ranging,0.14274973593179105,0.6179291537756632,0.23932111029254585,0.20095124851367419,0.5523186682520809,0.24673008323424495,1
1790466300000,2693.41,2696.33,-0.0010495747924029741,1.0,0.0025,ranging,0.14475833314611317,0.5974638455576216,0.25777782129626525,0.20095124851367419,0.5523186682520809,0.24673008323424495,1
1790467200000,2696.33,2692.0,0.001281575037147098,1.0,0.0025,ranging,0.1439769235802453,0.5917420908654434,0.26428098555431134,0.20095124851367419,0.5523186682520809,0.24673008323424495,1
1790468100000,2691.99,2692.45,0.00010770859254582987,1.0,0.0025,ranging,0.13659720050076107,0.5699475768639675,0.29345522263527163,0.20095124851367419,0.5523186682520809,0.24673008323424495,1
1790469000000,2692.46,2694.96,1.4842520853708407e-05,1.0,0.0025,ranging,0.13557447458771524,0.597512048429319,0.2669134769829657,0.20095124851367419,0.5523186682520809,0.24673008323424495,1
1790469900000,2694.96,2693.5,0.002988676443289373,2.0,0.0025,ranging,0.14602571531878503,0.5876068358285148,0.26636744885270014,0.20095124851367419,0.5523186682520809,0.24673008323424495,1
1790470800000,2693.49,2695.45,0.0025190598972342215,2.0,0.0025,ranging,0.14446285815450036,0.6054212675359394,0.2501158743095603,0.20095124851367419,0.5523186682520809,0.24673008323424495,1
1790471700000,2695.45,2692.74,0.003958792902396979,2.0,0.0025,ranging,0.1556722201938807,0.5830432249328493,0.26128455487326996,0.20095124851367419,0.5523186682520809,0.24673008323424495,1
1790472600000,2692.74,2695.0,0.0021001855287567928,1.0,0.0025,ranging,0.13895143604509894,0.6417966800575192,0.21925188389738193,0.20095124851367419,0.5523186682520809,0.24673008323424495,1
1790473500000,2695.0,2701.55,-0.0013621809701839238,1.0,0.0025,ranging,0.15759014834699267,0.6317548984569283,0.21065495319607905,0.20095124851367419,0.5523186682520809,0.24673008323424495,1
1790474400000,2701.56,2702.24,-0.0007919355793711835,1.0,0.0025,ranging,0.11990433644658018,0.6955642918030105,0.1845313717504093,0.20095124851367419,0.5523186682520809,0.24673008323424495,1
1790475300000,2702.25,2703.4,-0.0025449434046016517,0.0,0.0025,ranging,0.10882965939014405,0.6968791175355089,0.19429122307434704,0.20095124851367419,0.5523186682520809,0.24673008323424495,1
1790476200000,2703.39,2700.66,-0.001155273155450831,1.0,0.0025,ranging,0.10288858779590923,0.6736406702225589,0.22347074198153177,0.20095124851367419,0.5523186682520809,0.24673008323424495,1
1790477100000,2700.66,2697.87,-0.0004373820829023378,1.0,0.0025,ranging,0.10737966144742798,0.6756466053278829,0.21697373322468913,0.20095124851367419,0.5523186682520809,0.24673008323424495,1
1790478000000,2697.87,2700.1,-0.0002333246916781384,1.0,0.0025,ranging,0.10167964375354183,0.6987507061626528,0.1995696500838055,0.20095124851367419,0.5523186682520809,0.24673008323424495,1
1790478900000,2700.09,2696.52,-0.0003152210997878768,1.0,0.0025,ranging,0.1277685233113626,0.6534764224952427,0.2187550541933947,0.20095124851367419,0.5523186682520809,0.24673008323424495,1
1790479800000,2696.52,2697.54,-0.0021130363219822312,1.0,0.0025,ranging,0.11636440287699329,0.6907954841043551,0.19284011301865162,0.20095124851367419,0.5523186682520809,0.24673008323424495,1
1790480700000,2697.55,2696.69,-0.0017317526300761887,1.0,0.0025,ranging,0.10396764617406698,0.7710836387242893,0.12494871510164374,0.2018617021276596,0.5571808510638299,0.24095744680851067,2
1790481600000,2696.69,2699.47,-0.001511407794863362,1.0,0.0025,ranging,0.09717903720332326,0.781275571595479,0.1215453912011977,0.2018617021276596,0.5571808510638299,0.24095744680851067,2
1790482500000,2699.46,2695.67,0.0004970934869625854,1.0,0.0025,ranging,0.09758468005163087,0.797776455007042,0.10463886494132714,0.2018617021276596,0.5571808510638299,0.24095744680851067,2
1790483400000,2695.67,2691.84,0.004959432952924336,2.0,0.0025,ranging,0.11547413190395109,0.7623779046748793,0.12214796342116951,0.2018617021276596,0.5571808510638299,0.24095744680851067,2
1790484300000,2691.85,2692.02,0.004832802133713843,2.0,0.0025,ranging,0.10282856506721721,0.7875954677153848,0.1095759672173981,0.2018617021276596,0.5571808510638299,0.24095744680851067,2
1790485200000,2692.01,2695.39,0.005312774774707929,2.0,0.0025,ranging,0.11503167506524721,0.7745307246716245,0.11043760026312821,0.2018617021276596,0.5571808510638299,0.24095744680851067,2
1790486100000,2695.38,2697.01,0.004568021623946317,2.0,0.0025,ranging,0.09284627961194131,0.807560863593126,0.09959285679493281,0.2018617021276596,0.5571808510638299,0.24095744680851067,2
1790487000000,2697.01,2705.19,0.0008391277507309169,1.0,0.0025,ranging,0.16775730378642742,0.6779424781437545,0.15430021806981797,0.2018617021276596,0.5571808510638299,0.24095744680851067,2
1790487900000,2705.2,2705.03,0.0008206933009984319,1.0,0.0025,ranging,0.10354412582755042,0.7838006026208943,0.11265527155155514,0.2018617021276596,0.5571808510638299,0.24095744680851067,2
1790488800000,2705.03,2709.71,-0.0010923678179584062,1.0,0.0025,ranging,0.14277216753354607,0.7234708929927072,0.13375693947374673,0.2018617021276596,0.5571808510638299,0.24095744680851067,2
1790489700000,2709.72,2709.33,-0.000542569565169182,1.0,0.0025,ranging,0.1179108014581168,0.7321895993159203,0.14989959922596288,0.2018617021276596,0.5571808510638299,0.24095744680851067,2
1790490600000,2709.33,2707.46,0.0016509939205011648,1.0,0.0025,trending,0.1018486635390147,0.7459781896348499,0.15217314682613553,0.2018617021276596,0.5571808510638299,0.24095744680851067,2
1790491500000,2707.45,2707.25,0.004070551297441938,2.0,0.0025,trending,0.09701552506240564,0.7666956498918638,0.13628882504573067,0.2018617021276596,0.5571808510638299,0.24095744680851067,2
1790492400000,2707.26,2706.75,0.004200609587143189,2.0,0.0025,trending,0.11405884233636611,0.7443665434383246,0.14157461422530912,0.2018617021276596,0.5571808510638299,0.24095744680851067,2
1790493300000,2706.76,2707.86,0.003356894374155095,2.0,0.0025,trending,0.10536466190031507,0.7596521967201919,0.13498314137949308,0.2018617021276596,0.5571808510638299,0.24095744680851067,2
1790494200000,2707.87,2711.93,0.0016224607567305593,1.0,0.0025,trending,0.12251878692788376,0.7461529897618621,0.1313282233102542,0.2018617021276596,0.5571808510638299,0.24095744680851067,2
1790495100000,2711.93,2718.27,-0.001353802234509427,1.0,0.0025,trending,0.13791180105207348,0.7449871999724806,0.11710099897544585,0.2018617021276596,0.5571808510638299,0.24095744680851067,2
1790496000000,2718.27,2718.12,-0.0033000750518740185,0.0,0.0025,trending,0.11191845615418329,0.7724680717359736,0.11561347210984296,0.2018617021276596,0.5571808510638299,0.24095744680851067,2
1790496900000,2718.12,2716.95,-0.00225252581019153,1.0,0.0025,trending,0.10353417116024323,0.7638859021585507,0.13257992668120597,0.2018617021276596,0.5571808510638299,0.24095744680851067,2
1790497800000,2716.94,2716.33,-0.0010087139633254694,1.0,0.0025,trending,0.1197668824177051,0.7000081913720474,0.18022492621024763,0.2018617021276596,0.5571808510638299,0.24095744680851067,2
1790498700000,2716.34,2714.59,0.0005746724183026686,1.0,0.0025,trending,0.10411105221745398,0.742228321276312,0.153660626506234,0.2018617021276596,0.5571808510638299,0.24095744680851067,2
1790499600000,2714.59,2709.15,0.0029935588653267065,2.0,0.0025,trending,0.15457717061664716,0.5594400668793499,0.2859827625040029,0.2018617021276596,0.5571808510638299,0.24095744680851067,2
1790500500000,2709.15,2710.83,0.0003504461733123687,1.0,0.0025,trending,0.1208499400246411,0.6295622756524706,0.24958778432288822,0.2018617021276596,0.5571808510638299,0.24095744680851067,2
1790501400000,2710.84,2713.59,-0.0015367096724265839,1.0,0.0025,trending,0.10344751395882952,0.7367736810317932,0.15977880500937744,0.2018617021276596,0.5571808510638299,0.24095744680851067,2
1790502300000,2713.59,2716.15,-0.0021611472120464104,1.0,0.0025,trending,0.12072312386844636,0.7291113747963497,0.15016550133520387,0.2018617021276596,0.5571808510638299,0.24095744680851067,2
1790503200000,2716.14,2717.26,-0.0026828496352945264,0.0,0.0025,trending,0.11407438899483005,0.744647211679869,0.14127839932530087,0.2018617021276596,0.5571808510638299,0.24095744680851067,2
1790504100000,2717.26,2711.78,-0.0008407761691583415,1.0,0.0025,trending,0.15243727800477327,0.600444031792188,0.24711869020303862,0.2018617021276596,0.5571808510638299,0.24095744680851067,2
1790505000000,2711.79,2709.42,-6.274405592343602e-05,1.0,0.0025,trending,0.10370166361316911,0.7446271574417203,0.15167117894511062,0.2018617021276596,0.5571808510638299,0.24095744680851067,2
1790505900000,2709.42,2710.28,-0.00017710347270394333,1.0,0.0025,trending,0.09200076605590704,0.7744288198630582,0.13357041408103484,0.2018617021276596,0.5571808510638299,0.24095744680851067,2
1790506800000,2710.27,2709.97,0.0020074022959664095,1.0,0.0025,trending,0.09660954412100416,0.769247732729315,0.13414272314968081,0.2018617021276596,0.5571808510638299,0.24095744680851067,2
1790507700000,2709.98,2709.5,0.0015353386233620814,1.0,0.0025,trending,0.10769947479533801,0.7623561355164584,0.12994438968820354,0.2018617021276596,0.5571808510638299,0.24095744680851067,2
1790508600000,2709.49,2709.25,0.0021186675279134537,1.0,0.0025,trending,0.09891463784968174,0.7800429084476577,0.12104245370266052,0.2018617021276596,0.5571808510638299,0.24095744680851067,2
1790509500000,2709.26,2709.8,-0.000900435456491322,1.0,0.0025,trending,0.08978833886402958,0.7999759560087606,0.11023570512720986,0.2018617021276596,0.5571808510638299,0.24095744680851067,2
1790510400000,2709.81,2715.41,-0.0058738827654017944,0.0,0.0025,trending,0.09953324407282331,0.789170674640788,0.11129608128638858,0.2018617021276596,0.5571808510638299,0.24095744680851067,2
1790511300000,2715.41,2713.66,-0.001661962073362111,1.0,0.0025,trending,0.10099905842481068,0.7896787623717914,0.10932217920339792,0.2018617021276596,0.5571808510638299,0.24095744680851067,2
1790512200000,2713.67,2714.99,-0.004243109551048119,0.0,0.0025,trending,0.08863614491227215,0.8007019322297652,0.1106619228579626,0.2018617021276596,0.5571808510638299,0.24095744680851067,2
1790513100000,2714.98,2707.36,0.0008532297145558143,1.0,0.0025,trending,0.10883719369230602,0.7549257506647071,0.13623705564298697,0.2018617021276596,0.5571808510638299,0.24095744680851067,2
1790514000000,2707.35,2699.46,0.002700540108021565,2.0,0.0025,trending,0.1322407211795403,0.6414140285271736,0.22634525029328617,0.2018617021276596,0.5571808510638299,0.24095744680851067,2
1790514900000,2699.45,2709.15,-0.006909916394441162,0.0,0.0025,trending,0.16053747585386083,0.5703173816939247,0.26914514245221466,0.2018617021276596,0.5571808510638299,0.24095744680851067,2
1790515800000,2709.15,2703.47,-0.004734655831209467,0.0,0.0025,trending,0.22956533467040238,0.5389938932798783,0.2314407720497192,0.2018617021276596,0.5571808510638299,0.24095744680851067,2
1790516700000,2703.47,2709.67,-0.007901331158406744,0.0,0.0025,trending,0.2266974837450158,0.6042859813070811,0.16901653494790322,0.2018617021276596,0.5571808510638299,0.24095744680851067,2
1790517600000,2709.68,2706.75,-0.006794125796619532,0.0,0.0025,trending,0.2003400341820712,0.6219881000716405,0.17767186574628838,0.2018617021276596,0.5571808510638299,0.24095744680851067,2
1790518500000,2706.75,2690.43,-3.345190174053325e-05,1.0,0.0025,trending,0.18291581211960242,0.5303086868199091,0.28677550106048855,0.2018617021276596,0.5571808510638299,0.24095744680851067,2
1790519400000,2690.44,2690.67,-0.001137263209535111,1.0,0.0025,trending,0.241238562877054,0.49759097594074814,0.26117046118219794,0.2018617021276596,0.5571808510638299,0.24095744680851067,2
1790520300000,2690.66,2688.26,0.0005579817428373879,1.0,0.0025,trending,0.2149306697987966,0.5489659589833402,0.23610337121786326,0.2018617021276596,0.5571808510638299,0.24095744680851067,2
1790521200000,2688.25,2688.36,0.0016590040024402342,1.0,0.0025,trending,0.21370700761337688,0.4913687267302801,0.2949242656563431,0.2018617021276596,0.5571808510638299,0.24095744680851067,2
1790522100000,2688.37,2690.34,0.0001858501155986847,1.0,0.0025,trending,0.20782903117236703,0.5335508177776417,0.25862015104999125,0.2018617021276596,0.5571808510638299,0.24095744680851067,2
1790523000000,2690.34,2687.61,-0.00066601925130505,1.0,0.0025,trending,0.1592866448630591,0.6266482626546214,0.2140650924823196,0.2018617021276596,0.5571808510638299,0.24095744680851067,2
1790523900000,2687.6,2689.76,-0.0012120040449706826,1.0,0.0025,trending,0.19333341287628664,0.6413223901042101,0.16534419701950326,0.2018617021276596,0.5571808510638299,0.24095744680851067,2
1790524800000,2689.76,2692.82,-0.0016562562666646574,1.0,0.0025,trending,0.20397246898335214,0.6471113543908332,0.14891617662581463,0.2018617021276596,0.5571808510638299,0.24095744680851067,2
1790525700000,2692.82,2690.84,-0.0016834891706679622,1.0,0.0025,trending,0.1787927351733423,0.6694865067418969,0.15172075808476085,0.2018617021276596,0.5571808510638299,0.24095744680851067,2
1790526600000,2690.83,2685.82,0.0008675190444631387,1.0,0.0025,trending,0.21626141411944522,0.5892714107346428,0.1944671751459119,0.2018617021276596,0.5571808510638299,0.24095744680851067,2
1790527500000,2685.82,2686.5,0.0018090452261307899,1.0,0.0025,trending,0.1630040455389272,0.678661486538852,0.15833446792222067,0.2018617021276596,0.5571808510638299,0.24095744680851067,2
1790528400000,2686.5,2688.36,0.0015771697242927818,1.0,0.0025,ranging,0.18937210187108458,0.6506578427471365,0.15997005538177891,0.2018617021276596,0.5571808510638299,0.24095744680851067,2
1790529300000,2688.35,2686.31,0.004325636281739653,2.0,0.0025,ranging,0.21103342819577764,0.6381347848479321,0.15083178695629026,0.2018617021276596,0.5571808510638299,0.24095744680851067,2
1790530200000,2686.32,2688.15,0.0033740676673548187,2.0,0.0025,ranging,0.1785982567975739,0.6407551550217072,0.18064658818071883,0.2018617021276596,0.5571808510638299,0.24095744680851067,2
1790531100000,2688.15,2691.36,0.002563759586231562,2.0,0.0025,low_liquidity,0.17287331905496206,0.703608518854936,0.12351816209010182,0.2018617021276596,0.5571808510638299,0.24095744680851067,2
1790532000000,2691.35,2692.6,0.0009358983881750937,1.0,0.0025,ranging,0.14564214308779816,0.7337302668893042,0.12062759002289754,0.2018617021276596,0.5571808510638299,0.24095744680851067,2
1790532900000,2692.61,2697.93,-0.0021460897799423506,1.0,0.0025,ranging,0.19037655188548544,0.6597481617467558,0.1498752863677589,0.2018617021276596,0.5571808510638299,0.24095744680851067,2
1790533800000,2697.93,2697.22,-0.0014867159519801332,1.0,0.0025,ranging,0.1550525818520015,0.6943429828932055,0.15060443525479308,0.2018617021276596,0.5571808510638299,0.24095744680851067,2
1790534700000,2697.22,2698.26,-0.00253126088664557,0.0,0.0025,ranging,0.14439966568086735,0.6982018789081926,0.15739845541094014,0.2018617021276596,0.5571808510638299,0.24095744680851067,2
1790535600000,2698.27,2695.12,0.00034506812312629087,1.0,0.0025,ranging,0.14229445135297492,0.7070318842557614,0.15067366439126373,0.2018617021276596,0.5571808510638299,0.24095744680851067,2
1790536500000,2695.11,2692.14,-0.0012369341861864225,1.0,0.0025,ranging,0.1489279680279968,0.7306365527911749,0.12043547918082835,0.2018617021276596,0.5571808510638299,0.24095744680851067,2
1790537400000,2692.15,2693.21,-0.0005718083625115833,1.0,0.0025,ranging,0.10374649125128507,0.7981749190509871,0.09807858969772791,0.2018617021276596,0.5571808510638299,0.24095744680851067,2
1790538300000,2693.21,2691.43,-0.0019692133921371813,1.0,0.0025,low_liquidity,0.15441065642003698,0.7494846727830721,0.09610467079689104,0.2018617021276596,0.5571808510638299,0.24095744680851067,2
1790539200000,2691.43,2696.05,-0.001528161569703923,1.0,0.0025,ranging,0.08982104698818921,0.8130715087932884,0.09710744421852237,0.2018617021276596,0.5571808510638299,0.24095744680851067,2
1790540100000,2696.04,2688.81,-0.000576463193754706,1.0,0.0025,ranging,0.13584232499808585,0.6900823893916823,0.17407528561023183,0.2018617021276596,0.5571808510638299,0.24095744680851067,2
1790541000000,2688.81,2691.67,-0.003481110240111107,0.0,0.0025,low_liquidity,0.09691637144544983,0.7745447617601652,0.12853886679438498,0.2018617021276596,0.5571808510638299,0.24095744680851067,2
1790541900000,2691.67,2686.13,-0.0006291579335326869,1.0,0.0025,ranging,0.14098212929457532,0.6296364806111916,0.22938139009423303,0.2018617021276596,0.5571808510638299,0.24095744680851067,2
1790542800000,2686.13,2691.93,-0.006779522498727708,0.0,0.0025,low_liquidity,0.1296025875799151,0.6694323790591261,0.20096503336095872,0.2018617021276596,0.5571808510638299,0.24095744680851067,2
1790543700000,2691.93,2687.26,-0.0014215222940839878,1.0,0.0025,ranging,0.13950916060856774,0.6089461116764278,0.2515447277150045,0.2018617021276596,0.5571808510638299,0.24095744680851067,2
1790544600000,2687.26,2682.3,-0.004216530589419731,0.0,0.0025,ranging,0.22298615425923016,0.44500335579947803,0.3320104899412917,0.2018617021276596,0.5571808510638299,0.24095744680851067,2
1790545500000,2682.3,2684.44,-0.0032520749206538246,0.0,0.0025,ranging,0.17844881755082284,0.5791179169885916,0.24243326546058538,0.2018617021276596,0.5571808510638299,0.24095744680851067,2
1790546400000,2684.44,2673.68,0.0010322850902129144,1.0,0.0025,ranging,0.20387817529433977,0.4877896668650027,0.30833215784065754,0.2018617021276596,0.5571808510638299,0.24095744680851067,2
1790547300000,2673.68,2683.44,0.0007154995080940196,1.0,0.0025,high_volatility,0.2595792344473782,0.5226979593682666,0.21772280618435522,0.2018617021276596,0.5571808510638299,0.24095744680851067,2
1790548200000,2683.43,2670.99,0.0047023762724685,2.0,0.0025,high_volatility,0.1958305253285894,0.48208712682561455,0.32208234784579604,0.2018617021276596,0.5571808510638299,0.24095744680851067,2
1790549100000,2670.98,2675.71,0.004836099577308461,2.0,0.0025,high_volatility,0.21116554687057335,0.5095911917130435,0.2792432614163833,0.2018617021276596,0.5571808510638299,0.24095744680851067,2
1790550000000,2675.7,2676.44,0.0037736695012777766,2.0,0.0025,high_volatility,0.1974843024836811,0.5374684238643733,0.2650472736519456,0.2018617021276596,0.5571808510638299,0.24095744680851067,2
1790550900000,2676.44,2685.36,0.002818988887895779,2.0,0.0025,high_volatility,0.19220932903491056,0.6050836232132119,0.2027070477518776,0.2018617021276596,0.5571808510638299,0.24095744680851067,2
1790551800000,2685.35,2683.55,-0.002135231316725994,1.0,0.0025,high_volatility,0.19115745933185416,0.6194271298842814,0.18941541078386434,0.2018617021276596,0.5571808510638299,0.24095744680851067,2
1790552700000,2683.55,2688.65,-0.005631078794190336,0.0,0.0025,high_volatility,0.23344558511138738,0.5711382967349913,0.1954161181536213,0.2018617021276596,0.5571808510638299,0.24095744680851067,2
1790553600000,2688.65,2686.54,-0.007001570793660261,0.0,0.0025,high_volatility,0.19848971498168635,0.5631686968825702,0.23834158813574338,0.2018617021276596,0.5571808510638299,0.24095744680851067,2
1790554500000,2686.54,2692.93,-0.00687726751159512,0.0,0.0025,high_volatility,0.22845257690837337,0.522942079701581,0.24860534339004564,0.2018617021276596,0.5571808510638299,0.24095744680851067,2
1790555400000,2692.93,2677.82,-0.0047762732371854355,0.0,0.0025,high_volatility,0.2298366474950678,0.45970048528926877,0.3104628672156634,0.2018617021276596,0.5571808510638299,0.24095744680851067,2
1790556300000,2677.82,2673.51,-0.006033267128232267,0.0,0.0025,high_volatility,0.20477455988696885,0.47316551153220565,0.32205992858082544,0.2018617021276596,0.5571808510638299,0.24095744680851067,2
1790557200000,2673.57,2667.73,-0.002417785907869119,1.0,0.0025,high_volatility,0.2840714863640974,0.3597375394317008,0.35619097420420176,0.2018617021276596,0.5571808510638299,0.24095744680851067,2
1790558100000,2667.74,2674.41,-0.0069697615548849345,0.0,0.0025,high_volatility,0.2684713912936608,0.42845306820989654,0.30307554049644253,0.2018617021276596,0.5571808510638299,0.24095744680851067,2
1790559000000,2674.4,2665.03,-0.004502763571141766,0.0,0.0025,high_volatility,0.30921814790587765,0.3912421623022537,0.29953968979186857,0.2018617021276596,0.5571808510638299,0.24095744680851067,2
1790559900000,2665.02,2657.38,-0.001644476890772073,1.0,0.0025,high_volatility,0.3036226946213997,0.29760166244363406,0.3987756429349663,0.2018617021276596,0.5571808510638299,0.24095744680851067,2
1790560800000,2657.38,2661.28,-0.002183159983166094,1.0,0.0025,high_volatility,0.2943292340960997,0.38780957351782286,0.31786119238607763,0.2018617021276596,0.5571808510638299,0.24095744680851067,2
1790561700000,2661.28,2655.77,-0.003467920791333623,0.0,0.0025,high_volatility,0.30221011485727567,0.4094934946597625,0.28829639048296185,0.2018617021276596,0.5571808510638299,0.24095744680851067,2
1790562600000,2655.76,2653.03,0.00030908056071732304,1.0,0.0025,high_volatility,0.27765818986747,0.4398021942624217,0.2825396158701084,0.2018617021276596,0.5571808510638299,0.24095744680851067,2
1790563500000,2653.03,2653.01,-0.0003505452297579703,1.0,0.0025,high_volatility,0.25355798283057146,0.46553548899449504,0.28090652817493345,0.2018617021276596,0.5571808510638299,0.24095744680851067,2
1790564400000,2653.02,2655.47,-0.0002598410074298174,1.0,0.0025,high_volatility,0.2540390597520625,0.4947116905096971,0.25124924973824025,0.2018617021276596,0.5571808510638299,0.24095744680851067,2
1790565300000,2655.47,2646.56,0.004462396469379071,2.0,0.0025,high_volatility,0.17434733050390003,0.48470520150253366,0.34094746799356623,0.2018617021276596,0.5571808510638299,0.24095744680851067,2
1790566200000,2646.57,2653.85,0.002004634775891745,1.0,0.0025,high_volatility,0.23116925978976824,0.4619663349245165,0.3068644052857152,0.2018617021276596,0.5571808510638299,0.24095744680851067,2
1790567100000,2653.84,2652.08,0.002469759584929676,1.0,0.0025,high_volatility,0.2591373348424367,0.5053707399071102,0.23549192525045312,0.2018617021276596,0.5571808510638299,0.24095744680851067,2
1790568000000,2652.08,2654.78,-0.0013560445686650047,1.0,0.0025,high_volatility,0.2985384150883651,0.4734964073204683,0.22796517759116652,0.2018617021276596,0.5571808510638299,0.24095744680851067,2
1790568900000,2654.77,2658.37,-0.003923456855140506,0.0,0.0025,high_volatility,0.25477782343929767,0.5162508737693141,0.22897130279138828,0.2018617021276596,0.5571808510638299,0.24095744680851067,2
1790569800000,2658.37,2659.17,-0.003072387248652775,0.0,0.0025,high_volatility,0.22837296409795216,0.5557079789607035,0.2159190569413443,0.2018617021276596,0.5571808510638299,0.24095744680851067,2
1790570700000,2659.17,2658.63,-0.0026329350078799774,0.0,0.0025,high_volatility,0.16789370650431856,0.5949488760650723,0.2371574174306092,0.2018617021276596,0.5571808510638299,0.24095744680851067,2
1790571600000,2658.62,2651.18,0.0008750820389411551,1.0,0.0025,high_volatility,0.250855186479967,0.45561195521193604,0.29353285830809706,0.2018617021276596,0.5571808510638299,0.24095744680851067,2
1790572500000,2651.18,2647.94,-0.0003625459791385399,1.0,0.0025,high_volatility,0.2768259143369459,0.4339954028253837,0.2891786828376703,0.2018617021276596,0.5571808510638299,0.24095744680851067,2
1790573400000,2647.94,2651.0,0.0,1.0,0.0025,high_volatility,0.2761743980753173,0.3858168763337636,0.33800872559091905,0.2018617021276596,0.5571808510638299,0.24095744680851067,2
1790574300000,2651.0,2651.63,-0.0007617955747973859,1.0,0.0025,high_volatility,0.22885905963106706,0.44366153773894795,0.32747940262998493,0.2018617021276596,0.5571808510638299,0.24095744680851067,2
1790575200000,2651.64,2653.5,-0.0020765027322404706,1.0,0.0025,high_volatility,0.23309597671710958,0.47333617374125964,0.2935678495416307,0.2018617021276596,0.5571808510638299,0.24095744680851067,2
1790576100000,2653.51,2646.98,-0.001122033411661505,1.0,0.0025,high_volatility,0.23131976850392066,0.4340115676505979,0.33466866384548155,0.2018617021276596,0.5571808510638299,0.24095744680851067,2
1790577000000,2646.98,2651.0,-0.0026593738211996287,0.0,0.0025,trending,0.2347269175793044,0.4655498920710272,0.2997231903496683,0.2018617021276596,0.5571808510638299,0.24095744680851067,2
1790577900000,2651.01,2649.61,-0.002000294382947021,1.0,0.0025,trending,0.22439581727425473,0.520813472542164,0.2547907101835812,0.2018617021276596,0.5571808510638299,0.24095744680851067,2
1790578800000,2649.61,2647.99,0.0011140525455157757,1.0,0.0025,trending,0.2227150933597643,0.4467839166661147,0.3305009899741211,0.2018617021276596,0.5571808510638299,0.24095744680851067,2
1790579700000,2647.99,2644.01,0.000926622819126921,1.0,0.0025,trending,0.19598471944029539,0.44449812230862296,0.35951715825108177,0.2018617021276596,0.5571808510638299,0.24095744680851067,2
1790580600000,2644.02,2643.95,4.916885720240849e-05,1.0,0.0025,trending,0.19174861313955577,0.49568080849768315,0.3125705783627611,0.2018617021276596,0.5571808510638299,0.24095744680851067,2
1790581500000,2643.96,2644.31,0.0026736653418093503,2.0,0.0025,trending,0.16210331236071393,0.4897103317110363,0.3481863559282496,0.2018617021276596,0.5571808510638299,0.24095744680851067,2
1790582400000,2644.31,2650.94,-0.0009204282254596796,1.0,0.0025,trending,0.19795144098171388,0.4827453672801253,0.3193031917381607,0.2018617021276596,0.5571808510638299,0.24095744680851067,2
1790583300000,2650.93,2646.46,0.0007519478850992467,1.0,0.0025,trending,0.19996278248783558,0.48616697631692923,0.31387024119523504,0.2018617021276596,0.5571808510638299,0.24095744680851067,2
1790584200000,2646.47,2644.08,-0.0020044779280504743,1.0,0.0025,trending,0.15718776907669388,0.5144975226427928,0.3283147082805134,0.2018617021276596,0.5571808510638299,0.24095744680851067,2
1790585100000,2644.08,2651.38,-0.00370750326245195,0.0,0.0025,trending,0.17316361862007323,0.5934513859633749,0.23338499541655192,0.2018617021276596,0.5571808510638299,0.24095744680851067,2
1790586000000,2651.38,2648.5,-0.00015480460638095384,1.0,0.0025,trending,0.19103652630133275,0.530781356465434,0.2781821172332333,0.2018617021276596,0.5571808510638299,0.24095744680851067,2
1790586900000,2648.5,2648.45,0.0004568710000187881,1.0,0.0025,high_volatility,0.17289502914883023,0.59048238828515,0.23662258256601978,0.2018617021276596,0.5571808510638299,0.24095744680851067,2
1790587800000,2648.44,2638.78,0.006809965211195923,2.0,0.0025,high_volatility,0.1541767032726897,0.490812137437224,0.3550111592900862,0.2018617021276596,0.5571808510638299,0.24095744680851067,2
1790588700000,2638.79,2641.55,0.005697412504022115,2.0,0.0025,trending,0.14653582001389642,0.5610228886551852,0.2924412913309184,0.2018617021276596,0.5571808510638299,0.24095744680851067,2
1790589600000,2641.56,2648.09,0.005252842614865694,2.0,0.0025,trending,0.18884232898560235,0.5758722445981024,0.23528542641629538,0.2018617021276596,0.5571808510638299,0.24095744680851067,2
1790590500000,2648.09,2649.66,0.00563845927402018,2.0,0.0025,trending,0.16420806343018815,0.6585922638050347,0.17719967276477733,0.2018617021276596,0.5571808510638299,0.24095744680851067,2
1790591400000,2649.67,2656.75,0.0038392773125057733,2.0,0.0025,trending,0.19104854438296667,0.6192003117895677,0.18975114382746563,0.2018617021276596,0.5571808510638299,0.24095744680851067,2
1790592300000,2656.74,2656.6,0.004667620266506134,2.0,0.0025,trending,0.15287221491047537,0.6826776681451103,0.1644501169444144,0.2018617021276596,0.5571808510638299,0.24095744680851067,2
1790593200000,2656.6,2662.0,0.008711495116453749,2.0,0.0025,trending,0.1632246797128901,0.6873985390944304,0.14937678119267964,0.2018617021276596,0.5571808510638299,0.24095744680851067,2
1790594100000,2662.0,2664.6,0.00570066801771385,2.0,0.0025,trending,0.12943650905106963,0.7354939420944316,0.13506954885449884,0.2018617021276596,0.5571808510638299,0.24095744680851067,2
1790595000000,2664.6,2666.95,0.004559515551472826,2.0,0.0025,trending,0.13518325651916005,0.7401440158776484,0.1246727276031916,0.2018617021276596,0.5571808510638299,0.24095744680851067,2
1790595900000,2666.9,2669.0,0.008209067066316855,2.0,0.0025,trending,0.10975325500373091,0.7610768241539841,0.12916992084228487,0.2018617021276596,0.5571808510638299,0.24095744680851067,2
1790596800000,2668.99,2685.19,2.979305002615007e-05,1.0,0.0025,high_volatility,0.239701952793028,0.49331717672773834,0.2669808704792337,0.2018617021276596,0.5571808510638299,0.24095744680851067,2
1790597700000,2685.19,2679.79,0.0038100000373164633,2.0,0.0025,high_volatility,0.18042211326500154,0.6244122386665627,0.19516564806843564,0.2018617021276596,0.5571808510638299,0.24095744680851067,2
1790598600000,2679.8,2679.11,0.006763440097644402,2.0,0.0025,high_volatility,0.17405567452445284,0.6439375578316723,0.18200676764387488,0.2018617021276596,0.5571808510638299,0.24095744680851067,2
1790599500000,2679.11,2690.91,-9.662158897905115e-05,1.0,0.0025,high_volatility,0.2012571745958509,0.559447430840853,0.23929539456329607,0.2018617021276596,0.5571808510638299,0.24095744680851067,2
1790600400000,2690.91,2685.27,-0.0015529164665005757,1.0,0.0025,high_volatility,0.15851039922635243,0.6135577759520869,0.22793182482156057,0.2018617021276596,0.5571808510638299,0.24095744680851067,2
1790601300000,2685.26,2690.0,-0.006728624535315975,0.0,0.0025,high_volatility,0.20052675724544072,0.6156625362407089,0.18381070651385034,0.2018617021276596,0.5571808510638299,0.24095744680851067,2
1790602200000,2689.99,2697.23,-0.012605524927425504,0.0,0.0025,high_volatility,0.20972958530002686,0.5650269218589048,0.22524349284106826,0.2018617021276596,0.5571808510638299,0.24095744680851067,2
1790603100000,2697.23,2690.65,-0.008741382193893643,0.0,0.0025,high_volatility,0.18847011617165116,0.584153173188605,0.2273767106397437,0.2018617021276596,0.5571808510638299,0.24095744680851067,2
1790604000000,2690.65,2681.1,-0.006489873559360038,0.0,0.0025,high_volatility,0.1790173658891502,0.5738359472802659,0.24714668683058386,0.2018617021276596,0.5571808510638299,0.24095744680851067,2
1790604900000,2681.1,2671.9,-0.0014147236049254497,1.0,0.002518376654197856,high_volatility,0.15647372626478614,0.38888490619372745,0.4546413675414865,0.2018617021276596,0.5571808510638299,0.24095744680851067,2
1790605800000,2671.9,2663.23,0.004318064906147834,2.0,0.0027215357069253245,high_volatility,0.18245602837273345,0.3663142700320037,0.4512297015952629,0.2018617021276596,0.5571808510638299,0.24095744680851067,2
1790606700000,2663.23,2667.13,0.0040567951318457585,2.0,0.002827142231264414,high_volatility,0.19951552391912183,0.4625227449706079,0.3379617311102703,0.2018617021276596,0.5571808510638299,0.24095744680851067,2
1790607600000,2667.13,2663.7,0.003945639523970534,2.0,0.002900493571523482,high_volatility,0.2265609293409893,0.4454524286369601,0.3279866420220506,0.2018617021276596,0.5571808510638299,0.24095744680851067,2
1790608500000,2663.64,2668.12,0.009932087012578084,2.0,0.002947462778609021,high_volatility,0.24304706490922603,0.5155555547959139,0.24139738029486005,0.2018617021276596,0.5571808510638299,0.24095744680851067,2
1790609400000,2668.12,2674.73,0.0034246447304961958,2.0,0.002970190236964103,high_volatility,0.24003896947829398,0.5380437266049106,0.2219173039167954,0.2018617021276596,0.5571808510638299,0.24095744680851067,2
1790610300000,2674.72,2677.95,0.003510147687596943,2.0,0.0028769858639923103,high_volatility,0.23672164121996578,0.5967986676754826,0.16647969110455163,0.2018617021276596,0.5571808510638299,0.24095744680851067,2
1790611200000,2677.94,2674.21,0.017350918589041253,2.0,0.002813368002091315,high_volatility,0.2011020762557766,0.6032677823646523,0.195630141379571,0.2018617021276596,0.5571808510638299,0.24095744680851067,2
1790612100000,2674.2,2694.62,0.0017330829578938722,1.0,0.0030222119573537574,high_volatility,0.2806359134116115,0.4192504838316544,0.3001136027567341,0.2018617021276596,0.5571808510638299,0.24095744680851067,2
1790613000000,2694.61,2683.89,0.006620986702137621,2.0,0.003069858254751217,high_volatility,0.2099193601100829,0.6045207770837986,0.18555986280611858,0.2018617021276596,0.5571808510638299,0.24095744680851067,2
1790613900000,2683.9,2687.35,0.0031108713044449843,2.0,0.002984700922243503,high_volatility,0.26385738065353714,0.5548492554915928,0.1812933638548699,0.2018617021276596,0.5571808510638299,0.24095744680851067,2
1790614800000,2687.35,2720.61,-0.008068043563759675,0.0,0.0033598601653957857,high_volatility,0.42486194809249955,0.31063768770992745,0.2645003641975731,0.2018617021276596,0.5571808510638299,0.24095744680851067,2
1790615700000,2720.62,2699.29,-0.0013818448554990814,1.0,0.003491587447585599,high_volatility,0.34303222460812466,0.4807353754441965,0.17623239994767897,0.2018617021276596,0.5571808510638299,0.24095744680851067,2
1790616600000,2699.3,2701.66,-0.00419001650836881,0.0,0.0033894106390175292,high_volatility,0.33855409920477014,0.5150033181984734,0.1464425825967564,0.2018617021276596,0.5571808510638299,0.24095744680851067,2
1790617500000,2701.67,2695.71,0.0014690007456292786,1.0,0.0033149882302702404,high_volatility,0.18468120970632346,0.592569819185633,0.22274897110804345,0.2018617021276596,0.5571808510638299,0.24095744680851067,2
1790618400000,2695.71,2698.66,-0.004583756382797399,0.0,0.0031775878713584693,high_volatility,0.2454596503599549,0.5810194570148809,0.1735208926251642,0.2018617021276596,0.5571808510638299,0.24095744680851067,2
1790619300000,2698.66,2695.56,-0.005130659306414986,0.0,0.0030366862730872614,high_volatility,0.299045405111392,0.5414410258953477,0.15951356899326036,0.2018617021276596,0.5571808510638299,0.24095744680851067,2
1790620200000,2695.55,2690.34,-0.006541924069076943,0.0,0.0029614528448788833,high_volatility,0.23691478882328398,0.5204861943780147,0.24259901679870122,0.2018617021276596,0.5571808510638299,0.24095744680851067,2
1790621100000,2690.34,2699.67,-0.009693777387606684,0.0,0.0029193275899591148,high_volatility,0.26013288415429164,0.568305201528729,0.17156191431697934,0.2018617021276596,0.5571808510638299,0.24095744680851067,2
1790622000000,2699.68,2686.29,-0.0003052537142305134,1.0,0.002991217161752135,high_volatility,0.2082055688163803,0.5517180001577286,0.24007643102589105,0.2018617021276596,0.5571808510638299,0.24095744680851067,2
1790622900000,2686.28,2681.73,-0.0005108642555364806,1.0,0.002876570554475787,high_volatility,0.2178162953147075,0.5841653346690493,0.19801837001624317,0.2018617021276596,0.5571808510638299,0.24095744680851067,2
1790623800000,2681.73,2672.74,0.0028622312682864415,1.0,0.0029563672002115167,high_volatility,0.1884400903674992,0.5353805912851014,0.27617931834739945,0.2018617021276596,0.5571808510638299,0.24095744680851067,2
1790624700000,2672.75,2673.5,0.003515990274920444,2.0,0.00285374472518671,high_volatility,0.21922092079616506,0.5543538419589183,0.2264252372449165,0.2018617021276596,0.5571808510638299,0.24095744680851067,2
1790625600000,2673.49,2685.47,0.00025693826406558706,1.0,0.002884499728332384,high_volatility,0.20392204449480805,0.6114696462746124,0.18460830923057953,0.2018617021276596,0.5571808510638299,0.24095744680851067,2
1790626500000,2685.46,2680.36,0.0003842767389454771,1.0,0.0027732705231168775,low_liquidity,0.1978567212598413,0.6263351165034533,0.17580816223670545,0.2018617021276596,0.5571808510638299,0.24095744680851067,2
1790627400000,2680.35,2680.39,0.00020146321990455185,1.0,0.0026576549343149992,low_liquidity,0.18886967750680123,0.667716168818728,0.1434141536744708,0.2018617021276596,0.5571808510638299,0.24095744680851067,2
1790628300000,2680.39,2682.9,-0.0031831227403182893,0.0,0.0025479404541474773,low_liquidity,0.17800095388075882,0.6762542758860708,0.14574477023317034,0.2018617021276596,0.5571808510638299,0.24095744680851067,2
1790629200000,2682.9,2686.16,-0.00534964410161709,0.0,0.0025,ranging,0.20179244141589137,0.6374607480023704,0.16074681058173815,0.2018617021276596,0.5571808510638299,0.24095744680851067,2
1790630100000,2686.17,2681.39,-0.0023383394433483806,1.0,0.0025,ranging,0.16405452185196973,0.678345350063954,0.1576001280840762,0.2018617021276596,0.5571808510638299,0.24095744680851067,2
1790631000000,2681.38,2680.93,0.001462179169168909,1.0,0.0025,ranging,0.20546249227752153,0.6106410827881642,0.18389642493431413,0.2018617021276596,0.5571808510638299,0.24095744680851067,2
1790631900000,2680.92,2674.36,0.004958195605677451,2.0,0.0025,ranging,0.18168965533081347,0.6226591611329969,0.19565118353618952,0.2018617021276596,0.5571808510638299,0.24095744680851067,2
1790632800000,2674.37,2671.79,0.005543100318513128,2.0,0.0025,ranging,0.18012297317459247,0.5962679263712028,0.22360910045420465,0.2018617021276596,0.5571808510638299,0.24095744680851067,2
1790633700000,2671.78,2675.12,0.005887586351266405,2.0,0.0025,low_liquidity,0.1848718366431588,0.6253906871161921,0.18973747624064907,0.2018617021276596,0.5571808510638299,0.24095744680851067,2
1790634600000,2675.11,2684.85,0.0028120751624858276,2.0,0.0025,ranging,0.1830475871623492,0.6367402038447256,0.18021220899292514,0.2018617021276596,0.5571808510638299,0.24095744680851067,2
1790635500000,2684.86,2687.62,0.00040556328647656237,1.0,0.0025,low_liquidity,0.1734422480961166,0.6753781330535994,0.15117961885028394,0.2018617021276596,0.5571808510638299,0.24095744680851067,2
1790636400000,2687.62,2686.6,0.0014107049802725147,1.0,0.0025,ranging,0.2457604241683798,0.5797496569678366,0.1744899188637835,0.2018617021276596,0.5571808510638299,0.24095744680851067,2
1790637300000,2686.6,2690.87,-0.0007618353915275211,1.0,0.0025,ranging,0.20221087865607199,0.6096851622542996,0.18810395908962843,0.2018617021276596,0.5571808510638299,0.24095744680851067,2
1790638200000,2690.86,2692.4,-0.0005199821720398567,1.0,0.0025,ranging,0.1682356775282649,0.6837762896058655,0.1479880328658698,0.2018617021276596,0.5571808510638299,0.24095744680851067,2
1790639100000,2692.39,2688.71,-0.004269705546526059,0.0,0.0025,low_liquidity,0.1595238304537701,0.6737180701541078,0.16675809939212213,0.2018617021276596,0.5571808510638299,0.24095744680851067,2
1790640000000,2688.71,2690.39,-0.0074747527310166095,0.0,0.0025,ranging,0.17035658854960176,0.6635463614676951,0.1660970499827032,0.2018617021276596,0.5571808510638299,0.24095744680851067,2
1790640900000,2690.39,2688.82,-0.010870939668702229,0.0,0.0025,ranging,0.20198144675171978,0.5951451168116882,0.20287343643659192,0.2018617021276596,0.5571808510638299,0.24095744680851067,2
1790641800000,2688.82,2691.0,-0.010130063173541481,0.0,0.0025,ranging,0.20594277187972318,0.5962969703993743,0.19776025772090242,0.2018617021276596,0.5571808510638299,0.24095744680851067,2
1790642700000,2690.99,2677.23,-0.004340306959058404,0.0,0.0025,ranging,0.18444648352588197,0.5866360756695992,0.22891744080451887,0.2018617021276596,0.5571808510638299,0.24095744680851067,2
1790643600000,2677.22,2670.28,-0.003737435774525566,0.0,0.0025,ranging,0.14646939699847333,0.58083998193489,0.2726906210666367,0.2018617021276596,0.5571808510638299,0.24095744680851067,2
1790644500000,2670.29,2659.59,-0.001263352622020708,1.0,0.0025,ranging,0.1949854307640685,0.49674125070970904,0.3082733185262224,0.2018617021276596,0.5571808510638299,0.24095744680851067,2
1790645400000,2659.59,2663.74,-0.0014866315781568717,1.0,0.0025,ranging,0.1987926223900449,0.5174772893082528,0.2837300883017025,0.2018617021276596,0.5571808510638299,0.24095744680851067,2
1790646300000,2663.74,2665.61,-0.002993686248175864,0.0,0.0025,ranging,0.174725002928444,0.5865207380314644,0.2387542590400915,0.2018617021276596,0.5571808510638299,0.24095744680851067,2
1790647200000,2665.61,2660.3,-0.0012442205766268755,1.0,0.0025,ranging,0.21686331460382874,0.5015879401225589,0.2815487452736124,0.2018617021276596,0.5571808510638299,0.24095744680851067,2
1790648100000,2660.3,2656.23,0.004344503299789526,2.0,0.0025,ranging,0.20784340575863364,0.510480424237801,0.2816761700035653,0.2018617021276596,0.5571808510638299,0.24095744680851067,2
1790649000000,2656.23,2659.78,0.002545323297415525,2.0,0.0025,ranging,0.14459858259562572,0.6020990084732414,0.253302408931133,0.2018617021276596,0.5571808510638299,0.24095744680851067,2
1790649900000,2659.78,2657.63,0.002848402524053384,2.0,0.0025,ranging,0.1435612971218749,0.5879871209675236,0.2684515819106014,0.2018617021276596,0.5571808510638299,0.24095744680851067,2
1790650800000,2657.63,2656.99,0.004019586072962378,2.0,0.0025,ranging,0.14203300222807527,0.5984072538387976,0.25955974393312714,0.2018617021276596,0.5571808510638299,0.24095744680851067,2
1790651700000,2656.99,2667.77,0.0007684320612346696,1.0,0.0025,ranging,0.16737729185836825,0.6523287490251496,0.18029395911648213,0.2018617021276596,0.5571808510638299,0.24095744680851067,2
1790652600000,2667.77,2666.55,-4.500196883627794e-05,1.0,0.0025,ranging,0.13768435478429827,0.7107404472764933,0.15157519793920843,0.2018617021276596,0.5571808510638299,0.24095744680851067,2
1790653500000,2666.56,2665.2,0.0010768422632450037,1.0,0.0025,low_liquidity,0.1670559210179157,0.6542254519351988,0.17871862704688551,0.2018617021276596,0.5571808510638299,0.24095744680851067,2
1790654400000,2665.21,2667.67,0.000652254589210699,1.0,0.0025,ranging,0.1723827138017195,0.647306414842937,0.18031087135534354,0.2018617021276596,0.5571808510638299,0.24095744680851067,2
1790655300000,2667.66,2669.82,0.0009176648613014038,1.0,0.0025,ranging,0.1694194659345648,0.6747867159430899,0.1557938181223452,0.2018617021276596,0.5571808510638299,0.24095744680851067,2
1790656200000,2669.81,2666.43,0.0011401011839800024,1.0,0.0025,ranging,0.1512348828029761,0.6820627909444352,0.16670232625258857,0.2018617021276596,0.5571808510638299,0.24095744680851067,2
1790657100000,2666.42,2668.07,0.003174579377602571,2.0,0.0025,ranging,0.20796083469373927,0.6080051350975644,0.18403403020869624,0.2018617021276596,0.5571808510638299,0.24095744680851067,2
1790658000000,2668.06,2669.41,0.009140596611236118,2.0,0.0025,ranging,0.18854880988412576,0.6387340219505303,0.172717168165344,0.2018617021276596,0.5571808510638299,0.24095744680851067,2
1790658900000,2669.41,2672.27,0.008382386510345174,2.0,0.0025,ranging,0.2059991022465471,0.6323258490449138,0.16167504870853905,0.2018617021276596,0.5571808510638299,0.24095744680851067,2
1790659800000,2672.27,2669.47,0.01086357966188034,2.0,0.0025,ranging,0.23276963057300581,0.5236562560318664,0.24357411339512786,0.2018617021276596,0.5571808510638299,0.24095744680851067,2
1790660700000,2669.46,2676.54,0.011279487696802537,2.0,0.0025,ranging,0.18423652436914337,0.620961104008634,0.19480237162222258,0.2018617021276596,0.5571808510638299,0.24095744680851067,2
1790661600000,2676.54,2693.81,0.005920981806437853,2.0,0.0025,ranging,0.33049745984097084,0.4603666202951425,0.2091359198638867,0.2018617021276596,0.5571808510638299,0.24095744680851067,2
1790662500000,2693.81,2694.67,0.006987868644398043,2.0,0.0025,ranging,0.2776823569901623,0.5175479646739952,0.2047696783358425,0.2018617021276596,0.5571808510638299,0.24095744680851067,2
1790663400000,2694.68,2698.47,0.005462354593529062,2.0,0.0025,ranging,0.21161183840905137,0.6424783357535102,0.14590982583743836,0.2018617021276596,0.5571808510638299,0.24095744680851067,2
1790664300000,2698.48,2706.73,0.0020800005911192354,1.0,0.0025,ranging,0.2795307549693887,0.4854480001832592,0.23502124484735204,0.2018617021276596,0.5571808510638299,0.24095744680851067,2
1790665200000,2706.74,2709.76,0.0022252893245158223,1.0,0.0025,ranging,0.2562913060177362,0.4751678731079856,0.2685408208742782,0.2018617021276596,0.5571808510638299,0.24095744680851067,2
1790666100000,2709.76,2713.5,0.003663165653215339,2.0,0.0025,ranging,0.2445779961370959,0.5203517793186982,0.23507022454420595,0.2018617021276596,0.5571808510638299,0.24095744680851067,2
1790667000000,2713.49,2713.21,-0.0007703052841468994,1.0,0.0025,ranging,0.22157087093985406,0.5025177540302277,0.27591137502991836,0.2018617021276596,0.5571808510638299,0.24095744680851067,2
1790667900000,2713.2,2712.36,-0.0012977628338420866,1.0,0.0025,ranging,0.21746184179771488,0.5244729467583873,0.2580652114438978,0.2018617021276596,0.5571808510638299,0.24095744680851067,2
1790668800000,2712.35,2715.79,-0.004374417756895843,0.0,0.0025,ranging,0.1924445735502164,0.5544034588442869,0.2531519676054967,0.2018617021276596,0.5571808510638299,0.24095744680851067,2
1790669700000,2715.79,2723.44,-0.006928737185324385,0.0,0.0025,trending,0.22461292996134044,0.5316157520361178,0.24377131800254184,0.2018617021276596,0.5571808510638299,0.24095744680851067,2
1790670600000,2723.43,2711.12,0.0003356546371979796,1.0,0.0025,trending,0.1816022286778035,0.5519261028614679,0.26647166846072856,0.2018617021276596,0.5571808510638299,0.24095744680851067,2
1790671500000,2711.12,2708.84,0.003244931409754681,2.0,0.0025,trending,0.17423262531951586,0.5835122835029174,0.24225509117756683,0.2018617021276596,0.5571808510638299,0.24095744680851067,2
1790672400000,2708.83,2703.91,0.004526777888317346,2.0,0.0025,trending,0.17537603396821722,0.5644481663431101,0.2601757996886727,0.2018617021276596,0.5571808510638299,0.24095744680851067,2
1790673300000,2703.9,2704.57,0.0038823177066964476,2.0,0.0025,trending,0.19984981719752412,0.597022487002459,0.20312769580001697,0.2018617021276596,0.5571808510638299,0.24095744680851067,2
1790674200000,2704.57,2712.03,-0.0004977821041803887,1.0,0.0025,trending,0.22318646891991767,0.5633205140988483,0.213493016981234,0.2018617021276596,0.5571808510638299,0.24095744680851067,2
1790675100000,2712.04,2717.63,-0.0010413485279452406,1.0,0.0025,trending,0.2610121464486112,0.5612728074639302,0.17771504608745867,0.2018617021276596,0.5571808510638299,0.24095744680851067,2
1790676000000,2717.63,2716.15,0.0003865765881854166,1.0,0.0025,trending,0.21740943956722322,0.6053243346944767,0.17726622573830011,0.2018617021276596,0.5571808510638299,0.24095744680851067,2
1790676900000,2716.15,2715.07,0.0012375371537380886,1.0,0.0025,trending,0.20908359418522351,0.5951654037248415,0.19575100208993507,0.2018617021276596,0.5571808510638299,0.24095744680851067,2
1790677800000,2715.07,2710.68,0.005271739932415365,2.0,0.0025,trending,0.18407395561649884,0.6229591655565844,0.19296687882691677,0.2018617021276596,0.5571808510638299,0.24095744680851067,2
1790678700000,2710.67,2714.8,0.006508766759982132,2.0,0.0025,trending,0.2539956626176867,0.5398970608163958,0.2061072765659175,0.2018617021276596,0.5571808510638299,0.24095744680851067,2
1790679600000,2714.8,2717.2,0.005391579567201488,2.0,0.0025,trending,0.282218407854472,0.5074512716676914,0.21033032047783645,0.2018617021276596,0.5571808510638299,0.24095744680851067,2
1790680500000,2717.19,2718.43,0.006908399333438897,2.0,0.0025,trending,0.27343033901355185,0.5379547922318799,0.1886148687545683,0.2018617021276596,0.5571808510638299,0.24095744680851067,2
1790681400000,2718.43,2724.97,0.005423912923812058,2.0,0.0025,trending,0.30187606033070263,0.5225745338964185,0.17554940577287884,0.2018617021276596,0.5571808510638299,0.24095744680851067,2
1790682300000,2724.98,2732.47,0.001595625935508993,1.0,0.0025,trending,0.3029224095414892,0.5400888223989437,0.15698876805956707,0.2018617021276596,0.5571808510638299,0.24095744680851067,2
1790683200000,2732.47,2731.85,0.0016765195746470951,1.0,0.0025,trending,0.29563733199210485,0.5557191809201704,0.14864348708772482,0.2018617021276596,0.5571808510638299,0.24095744680851067,2
1790684100000,2731.85,2737.21,3.653355058474972e-06,1.0,0.0025,trending,0.31937369278248523,0.514149573069178,0.16647673414833686,0.2018617021276596,0.5571808510638299,0.24095744680851067,2
1790685000000,2737.2,2739.75,-0.005058855735012413,0.0,0.0025,trending,0.25307816586042653,0.5886498335026414,0.15827200063693198,0.2018617021276596,0.5571808510638299,0.24095744680851067,2
1790685900000,2739.74,2736.83,-0.0036538623151602945,0.0,0.0025,trending,0.24226983842034663,0.579023908025914,0.17870625355373945,0.2018617021276596,0.5571808510638299,0.24095744680851067,2
1790686800000,2736.83,2736.43,-0.006906809236852274,0.0,0.0025,trending,0.22927113753296058,0.5691777478873548,0.20155111457968464,0.2018617021276596,0.5571808510638299,0.24095744680851067,2
1790687700000,2736.43,2737.22,-0.0077450844287269005,0.0,0.0025,trending,0.19278896543429122,0.5982717966831416,0.20893923788256724,0.2018617021276596,0.5571808510638299,0.24095744680851067,2
1790688600000,2737.23,2725.89,-0.003939997578772392,0.0,0.0025,trending,0.16787246690296614,0.5260846943415337,0.3060428387555002,0.2018617021276596,0.5571808510638299,0.24095744680851067,2
1790689500000,2725.9,2726.83,-0.005808942985077947,0.0,0.0025,trending,0.18802720768605324,0.5617836719756465,0.2501891203383002,0.2018617021276596,0.5571808510638299,0.24095744680851067,2
1790690400000,2726.83,2717.53,-0.008978741725022332,0.0,0.0025,trending,0.155548296929964,0.49630976607517535,0.34814193699486057,0.2018617021276596,0.5571808510638299,0.24095744680851067,2
1790691300000,2717.52,2716.02,-0.014333473243937744,0.0,0.0025,trending,0.21214041039399759,0.5061394327712669,0.28172015683473545,0.2018617021276596,0.5571808510638299,0.24095744680851067,2
1790692200000,2716.03,2715.15,-0.012433935510008709,0.0,0.0025,trending,0.19591692745370312,0.5264764165669245,0.2776066559793725,0.2018617021276596,0.5571808510638299,0.24095744680851067,2
1790693100000,2715.14,2710.99,-0.013581754266891344,0.0,0.0025,trending,0.1836134022375855,0.5411650818576427,0.27522151590477173,0.2018617021276596,0.5571808510638299,0.24095744680851067,2
1790694000000,2710.99,2693.13,-0.006702238659106796,0.0,0.0025,trending,0.12904751378618418,0.5830971499844295,0.28785533622938625,0.2018617021276596,0.5571808510638299,0.24095744680851067,2
1790694900000,2693.13,2677.09,0.0019237306179469282,1.0,0.0027161615475787726,trending,0.11969146032160084,0.5776239473252467,0.3026845923531524,0.2018617021276596,0.5571808510638299,0.24095744680851067,2
1790695800000,2677.08,2681.39,-0.0031811858774738466,0.0,0.0026678677830288375,trending,0.1265447163109533,0.6461740066438906,0.22728127704515605,0.2018617021276596,0.5571808510638299,0.24095744680851067,2
1790696700000,2681.4,2674.17,0.0006805850039450778,1.0,0.0027739106748626437,trending,0.09876111156771684,0.6488209124004949,0.2524179760317882,0.2018617021276596,0.5571808510638299,0.24095744680851067,2
1790697600000,2674.16,2675.08,0.001835459126455996,1.0,0.0026888064555123247,trending,0.1128467041169989,0.691367284488959,0.19578601139404195,0.2018617021276596,0.5571808510638299,0.24095744680851067,2
1790698500000,2675.09,2682.24,-0.0017224409448818312,1.0,0.002637562017704681,trending,0.10947129933683528,0.7044846796628099,0.18604402100035472,0.2018617021276596,0.5571808510638299,0.24095744680851067,2
1790699400000,2682.25,2672.86,0.0005350074452084019,1.0,0.0026509716852998215,trending,0.1007083582244719,0.6713922015513226,0.22789944022420547,0.2018617021276596,0.5571808510638299,0.24095744680851067,2
1790700300000,2672.86,2675.99,-0.0008333364474454319,1.0,0.002596630201052864,trending,0.1194372110878675,0.7022758132716085,0.17828697564052393,0.2018617021276596,0.5571808510638299,0.24095744680851067,2
1790701200000,2675.99,2679.99,0.0016791107429505736,1.0,0.0025110230654458933,trending,0.10001404735020741,0.7557156088693153,0.14427034378047732,0.2018617021276596,0.5571808510638299,0.24095744680851067,2
1790702100000,2680.0,2677.62,0.0029541159686587992,2.0,0.0025,low_liquidity,0.11493727240303625,0.7473068653884419,0.13775586220852173,0.2018617021276596,0.5571808510638299,0.24095744680851067,2
1790703000000,2677.63,2674.29,0.007669325316252307,2.0,0.0025,low_liquidity,0.12411305897024164,0.7035547346965887,0.1723322063331697,0.2018617021276596,0.5571808510638299,0.24095744680851067,2
1790703900000,2674.29,2673.76,0.008265513733468843,2.0,0.0025,trending,0.10161773314398072,0.7156665802961492,0.18271568655987022,0.2018617021276596,0.5571808510638299,0.24095744680851067,2
1790704800000,2673.77,2684.49,0.0046712783433726646,2.0,0.0025,trending,0.1373669490309985,0.7221032030573038,0.1405298479116976,0.2018617021276596,0.5571808510638299,0.24095744680851067,2
1790705700000,2684.49,2685.53,0.003619397288430859,2.0,0.0025,trending,0.1648985318626277,0.6811883027927234,0.153913165344649,0.2018617021276596,0.5571808510638299,0.24095744680851067,2
1790706600000,2685.53,2694.8,-0.0018888229182129068,1.0,0.0025,trending,0.17335100432047787,0.6311884050578409,0.1954605906216812,0.2018617021276596,0.5571808510638299,0.24095744680851067,2
1790707500000,2694.8,2695.86,-0.002169993990785879,1.0,0.0025,trending,0.16757791063895805,0.6745518197918186,0.1578702695692233,0.2018617021276596,0.5571808510638299,0.24095744680851067,2
1790708400000,2695.85,2697.03,-0.0026102787139929973,0.0,0.0025,trending,0.14041814802786068,0.726802191069678,0.13277966090246138,0.2018617021276596,0.5571808510638299,0.24095744680851067,2
1790709300000,2697.04,2695.25,-0.0011390409052963735,1.0,0.0025,trending,0.13577146204660756,0.7129175983318784,0.15131093962151407,0.2018617021276596,0.5571808510638299,0.24095744680851067,2
1790710200000,2695.24,2689.71,0.0010447222934815148,1.0,0.0025,ranging,0.2079739466554135,0.5582901979975037,0.23373585534708277,0.2018617021276596,0.5571808510638299,0.24095744680851067,2
1790711100000,2689.71,2690.01,-0.0002788093724558349,1.0,0.0025,ranging,0.19455561139784383,0.6075493443555292,0.19789504424662704,0.2018617021276596,0.5571808510638299,0.24095744680851067,2
1790712000000,2690.01,2689.99,-5.9479775017745595e-05,1.0,0.0025,ranging,0.1692315433195922,0.6314424729794689,0.19932598370093899,0.2018617021276596,0.5571808510638299,0.24095744680851067,2
1790712900000,2689.99,2692.18,-0.004773083523389898,0.0,0.0025,low_liquidity,0.17720118825008158,0.6510014207358666,0.1717973910140517,0.2018617021276596,0.5571808510638299,0.24095744680851067,2
1790713800000,2692.18,2692.52,-0.004445649428787779,0.0,0.0025,low_liquidity,0.17445215470521072,0.661896609750984,0.16365123554380528,0.2018617021276596,0.5571808510638299,0.24095744680851067,2
1790714700000,2692.53,2689.26,-0.003651562139770803,0.0,0.0025,ranging,0.17168015307239098,0.6451290772256081,0.18319076970200093,0.2018617021276596,0.5571808510638299,0.24095744680851067,2
1790715600000,2689.25,2689.83,-0.002078198250447083,1.0,0.0025,ranging,0.1909064774711892,0.6245845068476479,0.18450901568116304,0.2018617021276596,0.5571808510638299,0.24095744680851067,2
1790716500000,2689.83,2679.33,0.0005075895839632416,1.0,0.0025,ranging,0.19573603737553855,0.5449362471672572,0.25932771545720434,0.2018617021276596,0.5571808510638299,0.24095744680851067,2
1790717400000,2679.34,2680.55,0.0003469437242356044,1.0,0.0025,ranging,0.16037946781503062,0.6343577512401594,0.20526278094480993,0.2018617021276596,0.5571808510638299,0.24095744680851067,2
1790718300000,2680.55,2679.44,0.000891977428119306,1.0,0.0025,ranging,0.18859659873654827,0.5826863561179156,0.22871704514553595,0.2018617021276596,0.5571808510638299,0.24095744680851067,2
1790719200000,2679.44,2684.24,0.001348612642684932,1.0,0.0025,ranging,0.18732842232792538,0.6088779914376468,0.2037935862344279,0.2018617021276596,0.5571808510638299,0.24095744680851067,2
1790720100000,2684.23,2680.69,9.698995407880773e-05,1.0,0.0025,ranging,0.17356217270742758,0.6027866013816553,0.22365122591091716,0.2018617021276596,0.5571808510638299,0.24095744680851067,2
1790721000000,2680.68,2681.48,-0.001450691409221716,1.0,0.0025,ranging,0.1640888779411646,0.6226926514997811,0.21321847055905413,0.2018617021276596,0.5571808510638299,0.24095744680851067,2
1790721900000,2681.48,2681.83,-0.0014355868940237881,1.0,0.0025,ranging,0.14809915730869055,0.676014250285277,0.17588659240603244,0.2018617021276596,0.5571808510638299,0.24095744680851067,2
1790722800000,2681.84,2687.86,-0.0059303683971635435,0.0,0.0025,ranging,0.15078079836678313,0.657948154674878,0.1912710469583389,0.2018617021276596,0.5571808510638299,0.24095744680851067,2
1790723700000,2687.85,2680.95,-0.00281243589026281,0.0,0.0025,ranging,0.16455695101090617,0.6469926891982122,0.1884503597908817,0.2018617021276596,0.5571808510638299,0.24095744680851067,2
1790724600000,2680.95,2677.59,-0.002603087104448454,0.0,0.0025,ranging,0.1456979074951133,0.5958063963488487,0.2584956961560382,0.2018617021276596,0.5571808510638299,0.24095744680851067,2
1790725500000,2677.6,2677.98,-0.0020015085997655557,1.0,0.0025,low_liquidity,0.13105492010796269,0.6542379051596394,0.21470717473239792,0.2018617021276596,0.5571808510638299,0.24095744680851067,2
1790726400000,2677.98,2671.92,0.00031812329710456666,1.0,0.0025,ranging,0.1571290171281447,0.5450043908481103,0.2978665920237451,0.2018617021276596,0.5571808510638299,0.24095744680851067,2
1790727300000,2671.93,2673.41,-0.0004376433094811505,1.0,0.0025,ranging,0.18966924097889173,0.5523904753626917,0.25794028365841654,0.2018617021276596,0.5571808510638299,0.24095744680851067,2
1790728200000,2673.41,2670.62,0.0006066007144407415,1.0,0.0025,ranging,0.127319214339503,0.5477275317829957,0.3249532538775013,0.2018617021276596,0.5571808510638299,0.24095744680851067,2
1790729100000,2670.62,2672.62,-1.87082338677369e-05,1.0,0.0025,ranging,0.18674072569325362,0.5588429891424646,0.2544162851642818,0.2018617021276596,0.5571808510638299,0.24095744680851067,2
1790730000000,2672.62,2672.77,-0.0002619005750588155,1.0,0.0025,ranging,0.15289385197338892,0.6357246991203117,0.2113814489062992,0.2018617021276596,0.5571808510638299,0.24095744680851067,2
1790730900000,2672.78,2672.24,-0.0012349190192496584,1.0,0.0025,ranging,0.16711758865078036,0.6184455138168993,0.2144368975323204,0.2018617021276596,0.5571808510638299,0.24095744680851067,2
1790731800000,2672.24,2672.24,-3.7421788461333705e-06,1.0,0.0025,ranging,0.1549475781472945,0.6274594225905954,0.2175929992621101,0.2018617021276596,0.5571808510638299,0.24095744680851067,2
1790732700000,2672.24,2672.57,0.0007184096207020207,1.0,0.0025,ranging,0.16820340190498342,0.5911680162207206,0.2406285818742959,0.2018617021276596,0.5571808510638299,0.24095744680851067,2
1790733600000,2672.58,2672.07,0.0004678021159625345,1.0,0.0025,ranging,0.15269061412360924,0.6253428851448516,0.2219665007315392,0.2018617021276596,0.5571808510638299,0.24095744680851067,2
1790734500000,2672.08,2668.94,0.0009179674327635112,1.0,0.0025,ranging,0.13176448717560882,0.6431471575033012,0.22508835532109003,0.2018617021276596,0.5571808510638299,0.24095744680851067,2
1790735400000,2668.95,2672.23,0.0009505169839423289,1.0,0.0025,ranging,0.14863587294716507,0.6662609851950452,0.18510314185778975,0.2018617021276596,0.5571808510638299,0.24095744680851067,2
1790736300000,2672.23,2674.49,-0.0010992750019628295,1.0,0.0025,ranging,0.14380630761294022,0.7118475901397553,0.14434610224730443,0.2018617021276596,0.5571808510638299,0.24095744680851067,2
1790737200000,2674.49,2673.32,0.0003067346969309881,1.0,0.0025,ranging,0.11426327902776483,0.785820401359085,0.09991631961314998,0.2018617021276596,0.5571808510638299,0.24095744680851067,2
1790738100000,2673.32,2671.39,0.000561505433500864,1.0,0.0025,ranging,0.12060906814608324,0.7399502502524155,0.13944068160150136,0.2018617021276596,0.5571808510638299,0.24095744680851067,2
1790739000000,2671.4,2674.77,-0.0007776369557008778,1.0,0.0025,ranging,0.13032082295032976,0.7589965766329428,0.11068260041672753,0.2018617021276596,0.5571808510638299,0.24095744680851067,2
1790739900000,2674.77,2671.55,-0.0005801875315828431,1.0,0.0025,ranging,0.1345707792993062,0.7166647012448215,0.1487645194558722,0.2018617021276596,0.5571808510638299,0.24095744680851067,2
1790740800000,2671.54,2674.14,-0.002041777917386578,1.0,0.0025,ranging,0.09474476992624455,0.8081001464357294,0.09715508363802608,0.2018617021276596,0.5571808510638299,0.24095744680851067,2
1790741700000,2674.15,2672.89,0.0007894077197341254,1.0,0.0025,ranging,0.06866992342007114,0.8584348328225427,0.07289524375738624,0.2018617021276596,0.5571808510638299,0.24095744680851067,2
1790742600000,2672.89,2672.69,0.0021401659002726614,1.0,0.0025,ranging,0.06148491559177754,0.8640721102115847,0.0744429741966376,0.2018617021276596,0.5571808510638299,0.24095744680851067,2
1790743500000,2672.68,2670.0,0.001906367041198509,1.0,0.0025,ranging,0.05961733336643223,0.8621289280970047,0.07825373853656309,0.2018617021276596,0.5571808510638299,0.24095744680851067,2
1790744400000,2669.99,2668.68,-0.0011204040949082117,1.0,0.0025,ranging,0.07884341386345874,0.8153425257288531,0.10581406040768825,0.2018617021276596,0.5571808510638299,0.24095744680851067,2
1790745300000,2668.68,2675.0,-0.0031327102803738738,0.0,0.0025,ranging,0.11412882161991174,0.7618048195262332,0.12406635885385509,0.2018617021276596,0.5571808510638299,0.24095744680851067,2
1790746200000,2675.0,2678.41,-0.005645140213783484,0.0,0.0025,ranging,0.12349024180775978,0.7739203294777278,0.10258942871451243,0.2018617021276596,0.5571808510638299,0.24095744680851067,2
1790747100000,2678.42,2675.09,-0.004867125965855368,0.0,0.0025,ranging,0.1500779397429515,0.7102674416754478,0.13965461858160066,0.2018617021276596,0.5571808510638299,0.24095744680851067,2
1790748000000,2675.09,2665.69,-0.0012717157658992395,1.0,0.0025,ranging,0.13373930699113906,0.5690975660648085,0.29716312694405234,0.2018617021276596,0.5571808510638299,0.24095744680851067,2
1790748900000,2665.73,2666.62,0.0019762845849802257,1.0,0.0025,ranging,0.13760525968251575,0.6445730956479865,0.21782164466949783,0.2018617021276596,0.5571808510638299,0.24095744680851067,2
1790749800000,2666.61,2663.29,0.00486991653180846,2.0,0.0025,ranging,0.1468609513086115,0.5557825718214305,0.29735647686995803,0.2018617021276596,0.5571808510638299,0.24095744680851067,2
1790750700000,2663.28,2662.07,0.00480828828693447,2.0,0.0025,ranging,0.21273017902883234,0.4580707482355896,0.3291990727355781,0.2018617021276596,0.5571808510638299,0.24095744680851067,2
1790751600000,2662.08,2662.3,0.0017466100739960133,1.0,0.0025,ranging,0.18731954070047138,0.5060348296004005,0.3066456296991281,0.2018617021276596,0.5571808510638299,0.24095744680851067,2
1790752500000,2662.3,2671.89,-0.0011939114259943429,1.0,0.0025,ranging,0.19076833269790913,0.6174705247417275,0.19176114256036347,0.2018617021276596,0.5571808510638299,0.24095744680851067,2
1790753400000,2671.89,2676.26,-0.002791208626964581,0.0,0.0025,ranging,0.18001417544691817,0.6126898886991502,0.2072959358539317,0.2018617021276596,0.5571808510638299,0.24095744680851067,2
1790754300000,2676.27,2674.87,-0.0014056757898514016,1.0,0.0025,ranging,0.16669927820103395,0.6558201753634846,0.1774805464354815,0.2018617021276596,0.5571808510638299,0.24095744680851067,2
1790755200000,2674.87,2666.95,0.0043870338776506035,2.0,0.0025,ranging,0.17918874194001347,0.6331450958507474,0.18766616220923912,0.2018617021276596,0.5571808510638299,0.24095744680851067,2
1790756100000,2666.95,2668.7,0.006505039907070964,2.0,0.0025,ranging,0.1782953128888433,0.658853446293202,0.16285124081795468,0.2018617021276596,0.5571808510638299,0.24095744680851067,2
1790757000000,2668.69,2668.79,0.007670142648915856,2.0,0.0025,ranging,0.1904929554708709,0.6445879819334458,0.1649190625956833,0.2018617021276596,0.5571808510638299,0.24095744680851067,2
1790757900000,2668.8,2671.11,0.006574045995859423,2.0,0.0025,ranging,0.18565904644469788,0.6380525747277579,0.17628837882754417,0.2018617021276596,0.5571808510638299,0.24095744680851067,2
1790758800000,2671.1,2678.65,0.004177477460661105,2.0,0.0025,ranging,0.19551867249176114,0.6463487156157035,0.15813261189253544,0.2018617021276596,0.5571808510638299,0.24095744680851067,2
1790759700000,2678.64,2686.06,0.002602324594387362,2.0,0.0025,ranging,0.19840629715936375,0.6587866005091448,0.14280710233149155,0.2018617021276596,0.5571808510638299,0.24095744680851067,2
1790760600000,2686.05,2689.26,0.0018034700995812614,1.0,0.0025,ranging,0.33446404524909545,0.5221493898714233,0.14338656487948112,0.2018617021276596,0.5571808510638299,0.24095744680851067,2
1790761500000,2689.25,2688.67,0.002581201858167903,2.0,0.0025,ranging,0.22877852496925524,0.6387249807968768,0.132496494233868,0.2018617021276596,0.5571808510638299,0.24095744680851067,2
1790762400000,2688.68,2689.84,0.0001933200487760356,1.0,0.0025,ranging,0.2443888236922307,0.6123164778551357,0.14329469845263373,0.2018617021276596,0.5571808510638299,0.24095744680851067,2
1790763300000,2689.83,2693.05,0.0001596702623418711,1.0,0.0025,ranging,0.18869547247043458,0.644429285698885,0.1668752418306804,0.2018617021276596,0.5571808510638299,0.24095744680851067,2
1790764200000,2693.04,2694.11,0.0018410532606314423,1.0,0.0025,ranging,0.14438130579356856,0.6906436476862833,0.16497504652014824,0.2018617021276596,0.5571808510638299,0.24095744680851067,2
1790765100000,2694.11,2695.61,0.0008124320654694372,1.0,0.0025,ranging,0.12353610689843737,0.7246273981211878,0.15183649498037488,0.2018617021276596,0.5571808510638299,0.24095744680851067,2
1790766000000,2695.6,2690.36,0.0034010318321711086,2.0,0.0025,ranging,0.15022353784414133,0.5913798666150344,0.2583965955408243,0.2018617021276596,0.5571808510638299,0.24095744680851067,2
1790766900000,2690.36,2693.48,0.00375350847231104,2.0,0.0025,ranging,0.13486192825260337,0.6381815140702368,0.22695655767715972,0.2018617021276596,0.5571808510638299,0.24095744680851067,2
1790767800000,2693.48,2699.07,0.011359468261289862,2.0,0.0025,ranging,0.14471128075214595,0.6600754390183754,0.19521328022947865,0.2018617021276596,0.5571808510638299,0.24095744680851067,2
1790768700000,2699.06,2697.8,0.012310030395136895,2.0,0.0025,ranging,0.13964785771632005,0.6721561030953012,0.18819603918837885,0.2018617021276596,0.5571808510638299,0.24095744680851067,2
1790769600000,2697.79,2699.51,0.012676374601316542,2.0,0.0025,ranging,0.13803494650804632,0.6583121605895753,0.2036528929023783,0.2018617021276596,0.5571808510638299,0.24095744680851067,2
1790770500000,2699.51,2703.59,0.007042487951205656,2.0,0.0025,trending,0.16514649218448452,0.6171275805530797,0.21772592726243575,0.2018617021276596,0.5571808510638299,0.24095744680851067,2
1790771400000,2703.75,2729.73,-0.009678612903107675,0.0,0.0025,trending,0.2968860604398518,0.3723407594101572,0.33077318014999113,0.2018617021276596,0.5571808510638299,0.24095744680851067,2
1790772300000,2729.72,2731.01,-0.007693124521697126,0.0,0.0025,trending,0.3156489877635924,0.46260714587207874,0.22174386636432886,0.2018617021276596,0.5571808510638299,0.24095744680851067,2
1790773200000,2731.0,2733.73,-0.011449557930007792,0.0,0.0025,trending,0.36078669022521226,0.4253606643482575,0.21385264542653032,0.2018617021276596,0.5571808510638299,0.24095744680851067,2
1790774100000,2733.74,2722.63,-0.015393204364897328,0.0,0.0025,trending,0.2426296666869037,0.4194898117977395,0.3378805215153568,0.2018617021276596,0.5571808510638299,0.24095744680851067,2
1790775000000,2722.64,2703.31,-0.010857060418523967,0.0,0.002844644643922646,high_volatility,0.2232599633744125,0.3127595759865301,0.46398046063905746,0.2018617021276596,0.5571808510638299,0.24095744680851067,2
1790775900000,2703.32,2710.0,-0.01173431734317354,0.0,0.0028117404338616966,trending,0.2292447544016464,0.4673458300884436,0.30340941550991013,0.2018617021276596,0.5571808510638299,0.24095744680851067,2
1790776800000,2710.0,2702.43,-0.00792990012692274,0.0,0.0029361832415626906,high_volatility,0.22142545498027327,0.3865234462476196,0.3920510987721071,0.2018617021276596,0.5571808510638299,0.24095744680851067,2
1790777700000,2702.43,2680.72,-0.0011750574472528807,1.0,0.0031745945067916583,high_volatility,0.2056525827919795,0.3982440225830016,0.396103394625019,0.2018617021276596,0.5571808510638299,0.24095744680851067,2
1790778600000,2680.73,2673.96,0.0027487322173853634,1.0,0.003198108178271846,high_volatility,0.2422316887747692,0.4053982709050158,0.352370040320215,0.2018617021276596,0.5571808510638299,0.24095744680851067,2
1790779500000,2673.96,2678.2,0.0020610858038980773,1.0,0.003120992070282632,high_volatility,0.23049028330074112,0.48750498849663604,0.28200472820262285,0.2018617021276596,0.5571808510638299,0.24095744680851067,2
1790780400000,2678.2,2681.0,0.0028907124207384616,1.0,0.0030294754759472063,high_volatility,0.3496692629971554,0.47268151218934146,0.17764922481350306,0.2018617021276596,0.5571808510638299,0.24095744680851067,2
1790781300000,2681.0,2677.57,0.0039177313758369525,2.0,0.002999476304559412,high_volatility,0.33516378436593236,0.48042669758135326,0.1844095180527145,0.2018617021276596,0.5571808510638299,0.24095744680851067,2
1790782200000,2677.58,2681.31,0.004001775251649464,2.0,0.002958601818684276,high_volatility,0.30867766774834315,0.49551766551564974,0.19580466673600702,0.2018617021276596,0.5571808510638299,0.24095744680851067,2
1790783100000,2681.31,2683.72,0.004512393245196922,2.0,0.002892681809256561,trending,0.2393767648578716,0.5695844139363464,0.1910388212057821,0.2018617021276596,0.5571808510638299,0.24095744680851067,2
1790784000000,2683.73,2688.75,0.0014839609483960903,1.0,0.0027926127203770803,trending,0.1967424684859798,0.6412862809028752,0.16197125061114498,0.2018617021276596,0.5571808510638299,0.24095744680851067,2
1790784900000,2688.76,2688.06,-0.0003534147303259072,1.0,0.0026971200386386035,trending,0.17256954463148697,0.6639567727473107,0.16347368262120243,0.2018617021276596,0.5571808510638299,0.24095744680851067,2
1790785800000,2688.06,2692.04,-0.004739899852899576,0.0,0.0026354486980616275,trending,0.22643119620777247,0.5933905142404091,0.18017828955181847,0.2018617021276596,0.5571808510638299,0.24095744680851067,2
1790786700000,2692.04,2695.83,-0.004863066291272089,0.0,0.002534537019626813,ranging,0.23041516613361918,0.5833018113090318,0.18628302255734894,0.2018617021276596,0.5571808510638299,0.24095744680851067,2
1790787600000,2695.83,2692.74,-0.004293024948565427,0.0,0.0025,ranging,0.22784361672435371,0.5735713415970269,0.19858504167861935,0.2018617021276596,0.5571808510638299,0.24095744680851067,2
1790788500000,2692.75,2687.11,-0.002657129778833145,0.0,0.0025,ranging,0.20714927359094953,0.5721823149171075,0.22066841149194302,0.2018617021276596,0.5571808510638299,0.24095744680851067,2
1790789400000,2687.12,2679.28,-0.0017989907736407629,1.0,0.0025,ranging,0.1458582388300708,0.5606851557763919,0.29345660539353735,0.2018617021276596,0.5571808510638299,0.24095744680851067,2
1790790300000,2679.28,2682.72,-0.0013307389515118118,1.0,0.0025,ranging,0.2007577777495309,0.5257495253695462,0.2734926968809229,0.2018617021276596,0.5571808510638299,0.24095744680851067,2
1790791200000,2682.71,2681.18,-0.002715222402076556,0.0,0.0025,ranging,0.19738540066141355,0.542830030939947,0.2597845683986394,0.2018617021276596,0.5571808510638299,0.24095744680851067,2
1790792100000,2681.18,2679.97,-0.002626895077183722,0.0,0.0025,ranging,0.2490513723076274,0.5127821706797483,0.23816645701262432,0.2018617021276596,0.5571808510638299,0.24095744680851067,2
1790793000000,2679.96,2674.46,0.0006954674962422747,1.0,0.0025,ranging,0.18661610112093627,0.5437259029831653,0.26965799589589845,0.2018617021276596,0.5571808510638299,0.24095744680851067,2
1790793900000,2674.46,2679.15,-0.0035608308605341588,0.0,0.0025,trending,0.1983814425198516,0.563303252692553,0.23831530478759547,0.2018617021276596,0.5571808510638299,0.24095744680851067,2
1790794800000,2679.16,2673.9,0.0003515464303078808,1.0,0.0025,trending,0.1621075768770635,0.5821783575637758,0.2557140655591608,0.2018617021276596,0.5571808510638299,0.24095744680851067,2
1790795700000,2673.89,2672.93,0.0026525198938993633,2.0,0.0025,trending,0.17912989111282243,0.556369685322208,0.2645004235649696,0.2018617021276596,0.5571808510638299,0.24095744680851067,2
1790796600000,2672.93,2676.32,0.0015880014348059746,1.0,0.0025,trending,0.16109256078160797,0.5847176559718299,0.2541897832465622,0.2018617021276596,0.5571808510638299,0.24095744680851067,2
1790797500000,2676.31,2669.61,0.004835912361730754,2.0,0.0025,trending,0.1589233979300728,0.5610819386090973,0.27999466346082996,0.2018617021276596,0.5571808510638299,0.24095744680851067,2
1790798400000,2669.62,2674.84,0.003357210150887635,2.0,0.0025,trending,0.18440337631519302,0.5740923289148583,0.24150429476994864,0.2018617021276596,0.5571808510638299,0.24095744680851067,2
1790799300000,2674.84,2680.02,0.0014813322288638187,1.0,0.0025,low_liquidity,0.17583120833635246,0.6239536710231246,0.2002151206405229,0.2018617021276596,0.5571808510638299,0.24095744680851067,2
1790800200000,2680.02,2680.57,0.0010781289054193621,1.0,0.0025,trending,0.1253488183108162,0.7413076601038056,0.1333435215853783,0.2018617021276596,0.5571808510638299,0.24095744680851067,2
1790801100000,2680.56,2682.52,0.0006672830025498122,1.0,0.0025,low_liquidity,0.13790842666662095,0.7060628714002719,0.156028701933107,0.2018617021276596,0.5571808510638299,0.24095744680851067,2
1790802000000,2682.51,2683.82,-0.00044712387566980816,1.0,0.0025,ranging,0.1332949064360644,0.7067129487426624,0.15999214482127316,0.2018617021276596,0.5571808510638299,0.24095744680851067,2
1790802900000,2683.82,2683.99,0.0018405433701318419,1.0,0.0025,low_liquidity,0.11874728383029202,0.7356503329679267,0.14560238320178126,0.2018617021276596,0.5571808510638299,0.24095744680851067,2
1790803800000,2683.99,2683.46,0.002936507344994954,2.0,0.0025,low_liquidity,0.12203688602514283,0.7327669198132204,0.14519619416163657,0.2018617021276596,0.5571808510638299,0.24095744680851067,2
1790804700000,2683.46,2684.31,0.0010021197253671232,1.0,0.0025,low_liquidity,0.12445017118918117,0.7293086923559993,0.1462411364548195,0.2018617021276596,0.5571808510638299,0.24095744680851067,2
1790805600000,2684.31,2682.62,0.0020688729674722683,1.0,0.0025,ranging,0.15994557323245343,0.6515277190574582,0.18852670771008845,0.2018617021276596,0.5571808510638299,0.24095744680851067,2
1790806500000,2682.62,2688.93,0.00010413063932501743,1.0,0.0025,ranging,0.16503720414788078,0.6580627765626085,0.17690001928951066,0.2018617021276596,0.5571808510638299,0.24095744680851067,2
1790807400000,2688.93,2691.34,-0.0006650961974332681,1.0,0.0025,ranging,0.14566671580693216,0.6934710731809565,0.16086221101211123,0.2018617021276596,0.5571808510638299,0.24095744680851067,2
1790808300000,2691.36,2687.0,-0.00036844064011898325,1.0,0.0025,ranging,0.13590558746249062,0.6833961585543303,0.18069825398317915,0.2018617021276596,0.5571808510638299,0.24095744680851067,2
1790809200000,2687.0,2688.17,-0.0021836416595676367,1.0,0.0025,ranging,0.1652862965713724,0.6367584212625608,0.19795528216606684,0.2018617021276596,0.5571808510638299,0.24095744680851067,2
1790810100000,2688.16,2689.21,-0.002487719441769176,1.0,0.0025,ranging,0.15956505710913282,0.6356671202196896,0.20476782267117763,0.2018617021276596,0.5571808510638299,0.24095744680851067,2
1790811000000,2689.2,2689.55,-0.0006766931271030563,1.0,0.0025,ranging,0.13751907326360344,0.6939153179323136,0.16856560880408278,0.2018617021276596,0.5571808510638299,0.24095744680851067,2
1790811900000,2689.54,2686.01,-0.00039091440463745464,1.0,0.0025,ranging,0.15488768471618444,0.6500109103848813,0.19510140489893427,0.2018617021276596,0.5571808510638299,0.24095744680851067,2
1790812800000,2686.01,2682.3,0.002087760504045022,1.0,0.0025,ranging,0.13988602812457826,0.7003975452283183,0.15971642664710342,0.2018617021276596,0.5571808510638299,0.24095744680851067,2
1790813700000,2682.3,2682.52,0.0031649344646080824,2.0,0.0025,ranging,0.14263112380227339,0.6875648794922405,0.16980399670548607,0.2018617021276596,0.5571808510638299,0.24095744680851067,2
1790814600000,2682.51,2687.73,0.0012166400642921182,1.0,0.0025,ranging,0.1691451646262382,0.6382995274898856,0.19255530788387618,0.2018617021276596,0.5571808510638299,0.24095744680851067,2
1790815500000,2687.73,2684.96,0.0018808473869258435,1.0,0.0025,ranging,0.11678011163561457,0.7484938060950239,0.1347260822693616,0.2018617021276596,0.5571808510638299,0.24095744680851067,2
1790816400000,2684.95,2687.9,0.001175638974664217,1.0,0.0025,ranging,0.11182040192890076,0.7590901303938444,0.12908946767725477,0.2018617021276596,0.5571808510638299,0.24095744680851067,2
1790817300000,2687.9,2691.01,-0.0006949063734436045,1.0,0.0025,ranging,0.13624320910419557,0.6969531454609451,0.16680364543485923,0.2018617021276596,0.5571808510638299,0.24095744680851067,2
1790818200000,2691.02,2691.0,-0.001843180973615799,1.0,0.0025,ranging,0.13792314601298772,0.7223456427726952,0.13973121121431706,0.2018617021276596,0.5571808510638299,0.24095744680851067,2
1790819100000,2691.0,2690.01,-0.0011115200315241491,1.0,0.0025,ranging,0.16190354758213693,0.7079922303237406,0.13010422209412245,0.2018617021276596,0.5571808510638299,0.24095744680851067,2
1790820000000,2690.0,2691.06,-0.001062778236085471,1.0,0.0025,ranging,0.1452659143855849,0.7265875868717474,0.12814649874266776,0.2018617021276596,0.5571808510638299,0.24095744680851067,2
1790820900000,2691.07,2689.14,-0.0005243311988218924,1.0,0.0025,ranging,0.20899972462356425,0.6373328319964541,0.1536674433799817,0.2018617021276596,0.5571808510638299,0.24095744680851067,2
1790821800000,2689.14,2686.04,0.002405027475391286,1.0,0.0025,ranging,0.19226726869853197,0.6733193578063121,0.13441337349515592,0.2018617021276596,0.5571808510638299,0.24095744680851067,2
1790822700000,2686.04,2687.02,0.003368043408683352,2.0,0.0025,ranging,0.15538748575389413,0.7165343126699568,0.1280782015761492,0.2018617021276596,0.5571808510638299,0.24095744680851067,2
1790823600000,2687.02,2688.2,0.004296555315824735,2.0,0.0025,ranging,0.20714109705953335,0.6435959432010383,0.14926295973942838,0.2018617021276596,0.5571808510638299,0.24095744680851067,2
1790824500000,2688.19,2687.73,0.003672243863780844,2.0,0.0025,ranging,0.15144160159305556,0.7363865210914816,0.11217187731546284,0.2018617021276596,0.5571808510638299,0.24095744680851067,2
1790825400000,2687.73,2692.5,0.002447539461467141,1.0,0.0025,ranging,0.1768108395197723,0.687951134864961,0.13523802561526674,0.2018617021276596,0.5571808510638299,0.24095744680851067,2
1790826300000,2692.51,2696.07,0.0042654678847360294,2.0,0.0025,ranging,0.26261829919344215,0.6160820581474393,0.12129964265911843,0.2018617021276596,0.5571808510638299,0.24095744680851067,2
1790827200000,2696.08,2699.75,0.005033799425872898,2.0,0.0025,ranging,0.23417007577692506,0.6603768164068892,0.10545310781618587,0.2018617021276596,0.5571808510638299,0.24095744680851067,2
1790828100000,2699.6,2697.6,0.006261120996441161,2.0,0.0025,ranging,0.1585275775747599,0.7290321422411764,0.1124402801840637,0.2018617021276596,0.5571808510638299,0.24095744680851067,2
1790829000000,2697.6,2699.09,0.0057500861401436065,2.0,0.0025,ranging,0.1548632590299934,0.7143705667525723,0.13076617421743428,0.2018617021276596,0.5571808510638299,0.24095744680851067,2
1790829900000,2699.08,2707.57,0.003837389245707312,2.0,0.0025,ranging,0.2781936578984722,0.5855979736382473,0.13620836846328052,0.2018617021276596,0.5571808510638299,0.24095744680851067,2
1790830800000,2707.57,2713.34,0.0028673148223221645,2.0,0.0025,ranging,0.23171326985044788,0.6444338923927344,0.12385283775681775,0.2018617021276596,0.5571808510638299,0.24095744680851067,2
1790831700000,2713.34,2714.49,0.0026487480152810328,2.0,0.0025,ranging,0.1465966214105607,0.737601752514342,0.11580162607509739,0.2018617021276596,0.5571808510638299,0.24095744680851067,2
1790832600000,2714.49,2714.61,-2.9470163301570373e-05,1.0,0.0025,ranging,0.13047655894611343,0.6835751188961101,0.18594832215777637,0.2018617021276596,0.5571808510638299,0.24095744680851067,2
1790833500000,2714.61,2717.96,-0.0010117882529544486,1.0,0.0025,trending,0.12622047059334973,0.6899242876451385,0.1838552417615118,0.2018617021276596,0.5571808510638299,0.24095744680851067,2
1790834400000,2717.96,2721.12,-0.003270712059740166,0.0,0.0025,trending,0.15148024973826676,0.6467397854203424,0.20177996484139094,0.2018617021276596,0.5571808510638299,0.24095744680851067,2
1790835300000,2721.13,2721.68,-0.014358778401575512,0.0,0.0025,trending,0.13325040298023721,0.6646667616805679,0.20208283533919483,0.2018617021276596,0.5571808510638299,0.24095744680851067,2
1790836200000,2721.68,2714.53,-0.011921032370244666,0.0,0.0025,trending,0.13948756378569105,0.5435825670339983,0.31692986918031063,0.2018617021276596,0.5571808510638299,0.24095744680851067,2
1790837100000,2714.54,2715.21,-0.013895794432106534,0.0,0.0025,trending,0.16239749797488004,0.48642624443584276,0.35117625758927706,0.20283926852743023,0.5543792107795957,0.242781520692974,3
1790838000000,2715.21,2712.22,-0.012801321426727852,0.0,0.0025,trending,0.2113229907930048,0.4622409986220922,0.326436010584903,0.20283926852743023,0.5543792107795957,0.242781520692974,3
1790838900000,2712.22,2682.6,-0.0007194512786102836,1.0,0.0025,trending,0.23814599784350016,0.4156101794799333,0.34624382267656645,0.20283926852743023,0.5543792107795957,0.242781520692974,3
1790839800000,2682.59,2682.17,0.00040638736545406395,1.0,0.0025,trending,0.26101992170613036,0.4624032028468554,0.2765768754470142,0.20283926852743023,0.5543792107795957,0.242781520692974,3
1790840700000,2682.17,2677.48,0.003626544362609563,2.0,0.0025,trending,0.2589857058821265,0.4591063384499201,0.2819079556679534,0.20283926852743023,0.5543792107795957,0.242781520692974,3
1790841600000,2677.47,2677.5,0.00466853408029877,2.0,0.0025,trending,0.27964738578945797,0.4616158906222718,0.2587367235882702,0.20283926852743023,0.5543792107795957,0.242781520692974,3
1790842500000,2677.51,2680.67,0.0050062111337838555,2.0,0.0025,trending,0.22115659817429778,0.4466280542668822,0.3322153475588201,0.20283926852743023,0.5543792107795957,0.242781520692974,3
1790843400000,2680.66,2683.26,0.004863486952438434,2.0,0.0025,trending,0.23825243950602795,0.5322613258128744,0.22948623468109755,0.20283926852743023,0.5543792107795957,0.242781520692974,3
1790844300000,2683.26,2687.19,0.0014848224353321005,1.0,0.0025,trending,0.23169527074509946,0.5594303208728921,0.2088744083820085,0.20283926852743023,0.5543792107795957,0.242781520692974,3
1790845200000,2687.19,2690.0,-0.0012453531598513035,1.0,0.0025,trending,0.1709208275397983,0.6108926453672008,0.21818652709300101,0.20283926852743023,0.5543792107795957,0.242781520692974,3
1790846100000,2690.01,2694.09,-0.002241944404232976,1.0,0.0025,trending,0.16912302489606196,0.6420223919372691,0.1888545831666688,0.20283926852743023,0.5543792107795957,0.242781520692974,3
1790847000000,2694.09,2696.31,-0.00025961406514818375,1.0,0.0025,trending,0.22082086580585356,0.5878157370438758,0.1913633971502706,0.20283926852743023,0.5543792107795957,0.242781520692974,3
1790847900000,2696.31,2691.18,0.003990814438276313,2.0,0.0025,ranging,0.18193230069260177,0.5691195910096439,0.24894810829775438,0.20283926852743023,0.5543792107795957,0.242781520692974,3
1790848800000,2691.18,2686.65,0.0040868739880519644,2.0,0.0025,ranging,0.22512631141955744,0.5001900926180223,0.27468359596242026,0.20283926852743023,0.5543792107795957,0.242781520692974,3
1790849700000,2686.65,2688.05,0.0038503748070162214,2.0,0.0025,ranging,0.22775047936408033,0.5345788141430176,0.2376707064929021,0.20283926852743023,0.5543792107795957,0.242781520692974,3
1790850600000,2688.06,2695.61,0.0032571477327951737,2.0,0.0025,ranging,0.20397804682305984,0.5765104573270184,0.21951149584992175,0.20283926852743023,0.5543792107795957,0.242781520692974,3
1790851500000,2695.61,2701.92,0.0017172973293064775,1.0,0.0025,ranging,0.23583693893705526,0.5511236371969525,0.21303942386599234,0.20283926852743023,0.5543792107795957,0.242781520692974,3
1790852400000,2701.92,2697.63,0.003662474097633872,2.0,0.0025,ranging,0.23015447164110725,0.5579890218759513,0.21185650648294146,0.20283926852743023,0.5543792107795957,0.242781520692974,3
1790853300000,2697.63,2698.4,0.002783130744144602,2.0,0.0025,ranging,0.19488299180188814,0.6237139564436425,0.1814030517544693,0.20283926852743023,0.5543792107795957,0.242781520692974,3
1790854200000,2698.41,2704.39,-0.0001442099697158694,1.0,0.0025,ranging,0.2693022202340177,0.5345970838522001,0.19610069591378226,0.20283926852743023,0.5543792107795957,0.242781520692974,3
1790855100000,2704.39,2706.56,-0.0051024178292740086,0.0,0.0025,ranging,0.2319989078340177,0.578854104701965,0.1891469874640174,0.20283926852743023,0.5543792107795957,0.242781520692974,3
1790856000000,2706.56,2707.51,-0.007833766080273086,0.0,0.0025,ranging,0.20686032551651956,0.6188274800942271,0.1743121943892534,0.20283926852743023,0.5543792107795957,0.242781520692974,3
1790856900000,2707.51,2705.91,-0.007964049062976875,0.0,0.0025,ranging,0.19779896505981412,0.5823554179942455,0.2198456169459403,0.20283926852743023,0.5543792107795957,0.242781520692974,3
1790857800000,2705.91,2704.0,-0.002067307692307785,1.0,0.0025,ranging,0.2396645745459958,0.5253506438516021,0.23498478160240202,0.20283926852743023,0.5543792107795957,0.242781520692974,3
1790858700000,2704.0,2692.75,0.001827128400334166,1.0,0.0025,ranging,0.24970676283166895,0.4850364247794882,0.26525681238884286,0.20283926852743023,0.5543792107795957,0.242781520692974,3
1790859600000,2692.75,2686.3,0.001027435506086416,1.0,0.0025,ranging,0.2311284307006496,0.5377713091422793,0.23110026015707108,0.20283926852743023,0.5543792107795957,0.242781520692974,3
1790860500000,2686.31,2684.36,0.005144615476314618,2.0,0.0025,ranging,0.19834502610531413,0.5786773838616633,0.22297759003302256,0.20283926852743023,0.5543792107795957,0.242781520692974,3
1790861400000,2684.35,2698.41,-0.0018603548015312388,1.0,0.0025,ranging,0.3240374745866977,0.44665177794496336,0.22931074746833904,0.20283926852743023,0.5543792107795957,0.242781520692974,3
1790862300000,2698.42,2697.67,-0.002783883870154713,0.0,0.0025,ranging,0.2905627704990649,0.49708174793693477,0.21235548156400041,0.20283926852743023,0.5543792107795957,0.242781520692974,3
1790863200000,2697.66,2689.06,0.00021196998207551054,1.0,0.0025,ranging,0.2902887995238936,0.4589891366956612,0.25072206378044526,0.20283926852743023,0.5543792107795957,0.242781520692974,3
1790864100000,2689.05,2698.17,-0.003958238361556288,0.0,0.0025,ranging,0.26522572822525986,0.49822620631287495,0.2365480654618652,0.20283926852743023,0.5543792107795957,0.242781520692974,3
1790865000000,2698.17,2693.39,-0.005988735385517696,0.0,0.0025,ranging,0.26256142821410167,0.4946179630189013,0.24282060876699696,0.20283926852743023,0.5543792107795957,0.242781520692974,3
1790865900000,2693.39,2690.16,-0.0027767865108394574,0.0,0.0025,ranging,0.24337951082285783,0.5079028846946233,0.24871760448251878,0.20283926852743023,0.5543792107795957,0.242781520692974,3
1790866800000,2690.17,2689.63,-0.0010224454664767846,1.0,0.0025,ranging,0.22326265396455838,0.5108244292677201,0.2659129167677216,0.20283926852743023,0.5543792107795957,0.242781520692974,3
1790867700000,2689.64,2687.49,-0.0006511652136379498,1.0,0.0025,ranging,0.24326700376473667,0.5041649087464429,0.2525680874888204,0.20283926852743023,0.5543792107795957,0.242781520692974,3
1790868600000,2687.49,2677.26,0.0024054443722312246,1.0,0.0025,ranging,0.21752294024327778,0.46157556675577577,0.32090149300094645,0.20283926852743023,0.5543792107795957,0.242781520692974,3
1790869500000,2677.26,2682.69,-0.0009020796290291067,1.0,0.0025,ranging,0.23895462054292424,0.4873490271266074,0.27369635233046846,0.20283926852743023,0.5543792107795957,0.242781520692974,3
1790870400000,2682.68,2686.88,0.001533377002322256,1.0,0.0025,ranging,0.2908294420932894,0.48300187775704917,0.22616868014966154,0.20283926852743023,0.5543792107795957,0.242781520692974,3
1790871300000,2686.89,2685.74,0.007725989857543913,2.0,0.0025,ranging,0.2766331253788469,0.5152933411590903,0.2080735334620628,0.20283926852743023,0.5543792107795957,0.242781520692974,3
1790872200000,2685.74,2683.7,0.009233520885344904,2.0,0.0025,ranging,0.25573749356928666,0.5084120239655574,0.23585048246515602,0.20283926852743023,0.5543792107795957,0.242781520692974,3
1790873100000,2683.71,2680.27,0.007752950262473579,2.0,0.0025,ranging,0.21444355244607194,0.5429987161534404,0.24255773140048767,0.20283926852743023,0.5543792107795957,0.242781520692974,3
1790874000000,2680.26,2691.0,0.0035600148643626373,2.0,0.0025,ranging,0.25206419423010584,0.5180118915340198,0.22992391423587438,0.20283926852743023,0.5543792107795957,0.242781520692974,3
1790874900000,2691.01,2706.49,-0.0021725555978405753,1.0,0.0025316106831149298,high_volatility,0.2989798459640424,0.4705055436435825,0.23051461039237506,0.20283926852743023,0.5543792107795957,0.242781520692974,3
1790875800000,2706.49,2708.48,-0.000793803166351692,1.0,0.0025495356111880484,high_volatility,0.304892108783095,0.4477795529155772,0.24732833830132778,0.20283926852743023,0.5543792107795957,0.242781520692974,3
1790876700000,2708.48,2701.05,-0.0002480516836045332,1.0,0.0025537095562963037,high_volatility,0.27207067304094457,0.5036383781122304,0.22429094884682502,0.20283926852743023,0.5543792107795957,0.242781520692974,3
1790877600000,2701.05,2700.58,0.0007183642032453363,1.0,0.0025431061782877217,high_volatility,0.27754840996804103,0.4886711473558635,0.2337804426760954,0.20283926852743023,0.5543792107795957,0.242781520692974,3
1790878500000,2700.58,2700.61,-0.0024957324456327257,1.0,0.0025,ranging,0.23586346190099844,0.5432378262274435,0.22089871187155788,0.20283926852743023,0.5543792107795957,0.242781520692974,3
1790879400000,2700.61,2706.33,-0.003114919466583821,0.0,0.0025099745826814915,high_volatility,0.2609090608842792,0.5164807151971352,0.22261022391858554,0.20283926852743023,0.5543792107795957,0.242781520692974,3
1790880300000,2706.34,2700.38,0.00011850184048167733,1.0,0.0025,high_volatility,0.23147654820412086,0.5446478105344803,0.2238756412613988,0.20283926852743023,0.5543792107795957,0.242781520692974,3
1790881200000,2700.37,2702.52,-0.0004107277651970165,1.0,0.0025,low_liquidity,0.2839492320254172,0.4837722590488196,0.2322785089257631,0.20283926852743023,0.5543792107795957,0.242781520692974,3
1790882100000,2702.52,2693.87,0.0026059163953717768,2.0,0.0025,ranging,0.24070274884733175,0.4970566372940439,0.2622406138586243,0.20283926852743023,0.5543792107795957,0.242781520692974,3
1790883000000,2693.87,2697.9,2.2239519626321425e-05,1.0,0.0025,low_liquidity,0.3035805505252337,0.48866678730691526,0.207752662167851,0.20283926852743023,0.5543792107795957,0.242781520692974,3
1790883900000,2697.9,2700.7,-0.0006961158218238284,1.0,0.0025,ranging,0.28614195083438027,0.4987477060139343,0.2151103431516853,0.20283926852743023,0.5543792107795957,0.242781520692974,3
1790884800000,2700.7,2701.41,-0.00200265787125975,1.0,0.0025,ranging,0.29237088088557095,0.49716160900292844,0.2104675101115005,0.20283926852743023,0.5543792107795957,0.242781520692974,3
1790885700000,2701.4,2700.89,-0.0027398376090844723,0.0,0.0025,low_liquidity,0.31446510809723816,0.48685133964021987,0.19868355226254206,0.20283926852743023,0.5543792107795957,0.242781520692974,3
1790886600000,2700.88,2697.96,-0.0029503773221248863,0.0,0.0025,low_liquidity,0.27184118939220514,0.5113662760664958,0.216792534541299,0.20283926852743023,0.5543792107795957,0.242781520692974,3
1790887500000,2697.96,2698.82,-0.0019897584870426366,1.0,0.0025,low_liquidity,0.23651701312413695,0.5643659241996751,0.1991170626761878,0.20283926852743023,0.5543792107795957,0.242781520692974,3
1790888400000,2698.82,2696.0,0.0015170623145401851,1.0,0.0025,low_liquidity,0.23354648873482833,0.5582476855035382,0.20820582576163343,0.20283926852743023,0.5543792107795957,0.242781520692974,3
1790889300000,2695.99,2693.49,0.0024317892399823293,1.0,0.0025,ranging,0.26184618308002566,0.508233564455154,0.22992025246482037,0.20283926852743023,0.5543792107795957,0.242781520692974,3
1790890200000,2693.49,2690.0,0.00423048327137554,2.0,0.0025,ranging,0.23888007899143318,0.5165209133436526,0.2445990076649143,0.20283926852743023,0.5543792107795957,0.242781520692974,3
1790891100000,2690.01,2693.45,0.003631030834060578,2.0,0.0025,ranging,0.22581829342711784,0.5218999162448748,0.25228179032800746,0.20283926852743023,0.5543792107795957,0.242781520692974,3
1790892000000,2693.44,2700.09,-0.0001333288890370543,1.0,0.0025,ranging,0.21156109724150726,0.5642639018067479,0.22417500095174486,0.20283926852743023,0.5543792107795957,0.242781520692974,3
1790892900000,2700.08,2700.04,0.001281462496852015,1.0,0.0025,ranging,0.16901265809844437,0.6343738961294173,0.19661344577213838,0.20283926852743023,0.5543792107795957,0.242781520692974,3
1790893800000,2700.04,2701.38,0.0014400047383189563,1.0,0.0025,ranging,0.16969185651642452,0.6312641036732521,0.19904403981032343,0.20283926852743023,0.5543792107795957,0.242781520692974,3
1790894700000,2701.38,2703.23,0.0011800697683881367,1.0,0.0025,ranging,0.17572276943001605,0.6238812773157401,0.20039595325424386,0.20283926852743023,0.5543792107795957,0.242781520692974,3
1790895600000,2703.23,2699.73,0.0023298626158911873,1.0,0.0025,low_liquidity,0.18734647446521213,0.634114519611338,0.17853900592344982,0.20283926852743023,0.5543792107795957,0.242781520692974,3
1790896500000,2699.73,2703.5,0.0009173293878306232,1.0,0.0025,low_liquidity,0.22340606520908268,0.5891690107302682,0.18742492406064926,0.20283926852743023,0.5543792107795957,0.242781520692974,3
1790897400000,2703.5,2705.27,0.000140466570804465,1.0,0.0025,ranging,0.1894335394571537,0.6160705637117541,0.19449589683109225,0.20283926852743023,0.5543792107795957,0.242781520692974,3
1790898300000,2705.26,2706.42,0.0007242039299149017,1.0,0.0025,ranging,0.15796626670535843,0.6334229641124408,0.20861076918220078,0.20283926852743023,0.5543792107795957,0.242781520692974,3
1790899200000,2706.43,2706.02,-0.0009275615110012625,1.0,0.0025,ranging,0.14593592919899348,0.6678781264020203,0.18618594439898617,0.20283926852743023,0.5543792107795957,0.242781520692974,3
1790900100000,2706.01,2705.98,-0.0017147207296431821,1.0,0.0025,ranging,0.12087945977708293,0.7171908761674014,0.1619296640555156,0.20283926852743023,0.5543792107795957,0.242781520692974,3
1790901000000,2705.97,2705.65,-0.001836896863969928,1.0,0.0025,ranging,0.14669717139411034,0.673321695716828,0.17998113288906176,0.20283926852743023,0.5543792107795957,0.242781520692974,3
1790901900000,2705.65,2708.38,0.0028245667151580722,2.0,0.0025,ranging,0.16644107226349653,0.6776233749505493,0.1559355527859543,0.20283926852743023,0.5543792107795957,0.242781520692974,3
1790902800000,2708.37,2703.51,0.005877544377494326,2.0,0.0025,ranging,0.1386119624522351,0.6654827014237238,0.1959053361240412,0.20283926852743023,0.5543792107795957,0.242781520692974,3
1790903700000,2703.51,2701.34,0.003768500077739212,2.0,0.0025,ranging,0.15627705066296685,0.6214295929787695,0.2222933563582635,0.20283926852743023,0.5543792107795957,0.242781520692974,3
1790904600000,2701.34,2700.68,0.004398892130870857,2.0,0.0025,low_liquidity,0.12352108014137393,0.6838229859175383,0.19265593394108774,0.20283926852743023,0.5543792107795957,0.242781520692974,3
1790905500000,2700.69,2716.03,0.0018446040728563595,1.0,0.0025,ranging,0.26382514787370365,0.484672323760844,0.2515025283654523,0.20283926852743023,0.5543792107795957,0.242781520692974,3
1790906400000,2716.03,2719.4,-0.00043391924689284433,1.0,0.0025,ranging,0.3111961692017305,0.4699825909648081,0.21882123983346138,0.20283926852743023,0.5543792107795957,0.242781520692974,3
1790907300000,2719.41,2711.52,0.001353484392517812,1.0,0.0025,ranging,0.23976457494816006,0.49717629482757053,0.26305913022426936,0.20283926852743023,0.5543792107795957,0.242781520692974,3
1790908200000,2711.51,2712.56,0.0023372754888371094,1.0,0.0025,ranging,0.21166213702707373,0.5656930698891739,0.22264479308375237,0.20283926852743023,0.5543792107795957,0.242781520692974,3
1790909100000,2712.56,2721.04,-0.0005108340928468014,1.0,0.0025,ranging,0.23726529324074144,0.48305690844119786,0.27967779831806083,0.20283926852743023,0.5543792107795957,0.242781520692974,3
1790910000000,2721.05,2718.22,-0.0012655340627321099,1.0,0.0025,ranging,0.2316331401937916,0.5167060422976999,0.25166081750850844,0.20283926852743023,0.5543792107795957,0.242781520692974,3
1790910900000,2718.22,2715.19,0.01101580368224675,2.0,0.0025,ranging,0.1986850627660884,0.5494163628289475,0.25189857440496427,0.20283926852743023,0.5543792107795957,0.242781520692974,3
1790911800000,2715.19,2718.9,0.007984846813049451,2.0,0.0025,ranging,0.20853180613718197,0.5245390462257365,0.2669291476370815,0.20283926852743023,0.5543792107795957,0.242781520692974,3
1790912700000,2718.9,2719.65,0.008497416947033765,2.0,0.0025,ranging,0.18139775635129216,0.5910122362337301,0.2275900074149777,0.20283926852743023,0.5543792107795957,0.242781520692974,3
1790913600000,2719.65,2714.78,0.0075770412335436355,2.0,0.0025,ranging,0.18741523751133596,0.5656188610833794,0.24696590140528457,0.20283926852743023,0.5543792107795957,0.242781520692974,3
1790914500000,2714.78,2745.1,-0.006138209901278557,0.0,0.0025,trending,0.3410329633979438,0.36751529826735124,0.291451738334705,0.20283926852743023,0.5543792107795957,0.242781520692974,3
1790915400000,2745.11,2740.61,-0.007553063004221761,0.0,0.0025,trending,0.30294460501322923,0.49016743357069814,0.20688796141607266,0.20283926852743023,0.5543792107795957,0.242781520692974,3
1790916300000,2740.62,2742.76,-0.008061223001648021,0.0,0.0025,trending,0.3188218700184848,0.4235667104755567,0.25761141950595856,0.20283926852743023,0.5543792107795957,0.242781520692974,3
1790917200000,2742.76,2735.35,-0.003926371396713368,0.0,0.0025,trending,0.23143890839712505,0.4080485587127965,0.3605125328900785,0.20283926852743023,0.5543792107795957,0.242781520692974,3
1790918100000,2735.34,2728.25,0.0006414368184732844,1.0,0.0025,trending,0.23389222501875864,0.4374514116053318,0.32865636337590953,0.20283926852743023,0.5543792107795957,0.242781520692974,3
1790919000000,2728.24,2719.91,0.004058957833163568,2.0,0.0025,trending,0.2153875189842569,0.4570236573793019,0.32758882363644126,0.20283926852743023,0.5543792107795957,0.242781520692974,3
1790919900000,2719.97,2720.65,0.0032234943855329323,2.0,0.0025,trending,0.2279994446545913,0.48272564375484944,0.2892749115905593,0.20283926852743023,0.5543792107795957,0.242781520692974,3
1790920800000,2720.65,2724.61,0.002459067536271231,1.0,0.0025,trending,0.24451384351621852,0.5108354721017436,0.2446506843820378,0.20283926852743023,0.5543792107795957,0.242781520692974,3
1790921700000,2724.62,2730.0,-0.0010000000000000009,1.0,0.0025,trending,0.24253802969087074,0.5044701665536805,0.2529918037554488,0.20283926852743023,0.5543792107795957,0.242781520692974,3
1790922600000,2729.99,2730.95,-0.0017832622347534466,1.0,0.0025,trending,0.2585167769078872,0.5254780892810668,0.21600513381104605,0.20283926852743023,0.5543792107795957,0.242781520692974,3
1790923500000,2730.95,2729.42,0.0028833964725105687,2.0,0.0025,trending,0.22531360223138858,0.5535857158520618,0.2211006819165494,0.20283926852743023,0.5543792107795957,0.242781520692974,3
1790924400000,2729.42,2731.31,0.004184805093526478,2.0,0.0025,ranging,0.23585046979282528,0.5421702235841341,0.22197930662304052,0.20283926852743023,0.5543792107795957,0.242781520692974,3
1790925300000,2731.3,2727.27,0.012250345583678879,2.0,0.0025,ranging,0.21385728774570728,0.5616180974628575,0.22452461479143526,0.20283926852743023,0.5543792107795957,0.242781520692974,3
1790926200000,2727.27,2726.08,0.012318053762178538,2.0,0.0025,ranging,0.2569885938070104,0.5182060282420106,0.22480537795097913,0.20283926852743023,0.5543792107795957,0.242781520692974,3
1790927100000,2726.09,2737.29,0.0060095934299981835,2.0,0.0025,ranging,0.3087391792322716,0.4737489281999691,0.21751189256775924,0.20283926852743023,0.5543792107795957,0.242781520692974,3
1790928000000,2737.29,2742.74,0.0034345216826969782,2.0,0.0025,ranging,0.289485212734683,0.5224907614073521,0.1880240258579649,0.20283926852743023,0.5543792107795957,0.242781520692974,3
1790928900000,2742.74,2760.68,-0.005223350768651103,0.0,0.0025,trending,0.3732464084521604,0.3733816920182226,0.2533718995296169,0.20283926852743023,0.5543792107795957,0.242781520692974,3
1790929800000,2760.68,2759.66,-0.004384598102664783,0.0,0.0025,trending,0.3457545689034876,0.4809690223231795,0.17327640877333292,0.20283926852743023,0.5543792107795957,0.242781520692974,3
1790930700000,2759.66,2753.74,-0.002378583308518478,1.0,0.0025,trending,0.3195672765616227,0.5104235694360941,0.17000915400228306,0.20283926852743023,0.5543792107795957,0.242781520692974,3
1790931600000,2753.73,2752.16,-0.0031320853438753238,0.0,0.0025,trending,0.3344174329764877,0.4617966508233333,0.20378591620017888,0.20283926852743023,0.5543792107795957,0.242781520692974,3
1790932500000,2752.16,2746.26,-0.00038597947754415163,1.0,0.0025,trending,0.27779002904713984,0.4126631577952222,0.3095468131576379,0.20283926852743023,0.5543792107795957,0.242781520692974,3
1790933400000,2746.25,2747.56,0.0007206394036891606,1.0,0.0025,trending,0.2898865772211536,0.4425535202086,0.26755990257024637,0.20283926852743023,0.5543792107795957,0.242781520692974,3
1790934300000,2747.56,2747.19,-0.001350470844754148,1.0,0.0025,trending,0.2825437626426053,0.4454944126296557,0.27196182472773894,0.20283926852743023,0.5543792107795957,0.242781520692974,3
1790935200000,2747.19,2743.54,0.002176020761498032,1.0,0.0025,trending,0.2708790685260118,0.445022029720574,0.28409890175341423,0.20283926852743023,0.5543792107795957,0.242781520692974,3
1790936100000,2743.53,2745.2,0.00044441206469492123,1.0,0.0025,trending,0.27799252971698785,0.4532906276099567,0.2687168426730555,0.20283926852743023,0.5543792107795957,0.242781520692974,3
1790937000000,2745.19,2749.54,-0.00044007361231335196,1.0,0.0025,trending,0.32133814265101607,0.44705860170683703,0.23160325564214684,0.20283926852743023,0.5543792107795957,0.242781520692974,3
1790937900000,2749.55,2743.48,0.0011481767681922328,1.0,0.0025,trending,0.27700309198552614,0.4861613449482017,0.23683556306627224,0.20283926852743023,0.5543792107795957,0.242781520692974,3
1790938800000,2743.49,2749.51,-0.0015857370949733385,1.0,0.0025,trending,0.29085204982934465,0.49005677150105187,0.21909117866960354,0.20283926852743023,0.5543792107795957,0.242781520692974,3
1790939700000,2749.51,2746.42,0.0011979231144545466,1.0,0.0025,trending,0.2882626907038574,0.4886247683078163,0.2231125409883263,0.20283926852743023,0.5543792107795957,0.242781520692974,3
1790940600000,2746.42,2748.33,-0.0024305669260968887,1.0,0.0025,trending,0.2884223381482996,0.5139048057201062,0.19767285613159416,0.20283926852743023,0.5543792107795957,0.242781520692974,3
1790941500000,2748.32,2746.63,0.0031129056334489036,2.0,0.0025,trending,0.2757124186323316,0.5074740515290204,0.21681352983864796,0.20283926852743023,0.5543792107795957,0.242781520692974,3
1790942400000,2746.63,2745.15,0.001675682567437109,1.0,0.0025,trending,0.29748770505839656,0.49243306543174775,0.21007922950985577,0.20283926852743023,0.5543792107795957,0.242781520692974,3
1790943300000,2745.15,2749.71,0.00010546566728852902,1.0,0.0025,trending,0.3021715266539589,0.49338202644203605,0.20444644690400496,0.20283926852743023,0.5543792107795957,0.242781520692974,3
1790944200000,2749.71,2741.65,0.007433479838783175,2.0,0.0025,trending,0.2783692592303658,0.42956821279110463,0.2920625279785296,0.20283926852743023,0.5543792107795957,0.242781520692974,3
1790945100000,2741.65,2755.18,-0.003865446177745091,0.0,0.0025,trending,0.33692776895931315,0.46338298473770617,0.1996892463029808,0.20283926852743023,0.5543792107795957,0.242781520692974,3
1790946000000,2755.19,2749.75,-0.005444131284662146,0.0,0.0025,trending,0.31815914210054114,0.4768959210694595,0.20494493682999945,0.20283926852743023,0.5543792107795957,0.242781520692974,3
1790946900000,2749.76,2750.0,-0.007570909090909184,0.0,0.0025,trending,0.29392316999241686,0.5247310493154645,0.1813457806921185,0.20283926852743023,0.5543792107795957,0.242781520692974,3
1790947800000,2750.01,2762.03,-0.013001307009699481,0.0,0.0025,trending,0.3313173474850516,0.4608100662627058,0.2078725862522426,0.20283926852743023,0.5543792107795957,0.242781520692974,3
1790948700000,2762.03,2744.53,-0.012665192218704213,0.0,0.0025210668528584355,high_volatility,0.29225684732887447,0.4741876296025049,0.2335555230686207,0.20283926852743023,0.5543792107795957,0.242781520692974,3
1790949600000,2744.53,2734.78,-0.010260423141898234,0.0,0.0026285965788259385,high_volatility,0.18918785919319414,0.49686497968047566,0.31394716112633014,0.20283926852743023,0.5543792107795957,0.242781520692974,3
1790950500000,2734.78,2729.18,-0.00977216599857822,0.0,0.002679199130820584,high_volatility,0.19397724378975612,0.4788797484312955,0.3271430077789484,0.20283926852743023,0.5543792107795957,0.242781520692974,3
1790951400000,2729.18,2726.12,-0.010861590832391688,0.0,0.002647043545145478,high_volatility,0.21783898867280732,0.5120657155180608,0.2700952958091319,0.20283926852743023,0.5543792107795957,0.242781520692974,3
1790952300000,2726.12,2709.77,-0.004579724478461222,0.0,0.002972894867218457,high_volatility,0.2320633746422932,0.3710105874520461,0.3969260379056607,0.20283926852743023,0.5543792107795957,0.242781520692974,3
1790953200000,2709.77,2706.72,-0.004403854111248884,0.0,0.0029794679595454765,high_volatility,0.30314510270515904,0.4358417740852584,0.26101312320958253,0.20283926852743023,0.5543792107795957,0.242781520692974,3
1790954100000,2706.72,2702.51,-0.0036558606628652734,0.0,0.0029823495221900083,high_volatility,0.19897754636874088,0.4507934988409313,0.35022895479032795,0.20283926852743023,0.5543792107795957,0.242781520692974,3
1790955000000,2702.51,2696.51,-0.0013721439935324709,1.0,0.0029555606080711285,high_volatility,0.1939408089795457,0.5177587560221653,0.28830043499828906,0.20283926852743023,0.5543792107795957,0.242781520692974,3
1790955900000,2696.51,2697.36,-0.0026989352552125867,1.0,0.0028749826168260927,high_volatility,0.16320582153263816,0.6293849154145923,0.20740926305276958,0.20283926852743023,0.5543792107795957,0.242781520692974,3
1790956800000,2697.36,2694.8,-0.00544381772302216,0.0,0.0028693680009962692,high_volatility,0.14441357154851595,0.5469762304189281,0.30861019803255596,0.20283926852743023,0.5543792107795957,0.242781520692974,3
1790957700000,2694.79,2692.63,-0.0035615736287570865,0.0,0.0028324099369151493,high_volatility,0.15349985243418846,0.49398632296511424,0.35251382460069725,0.20283926852743023,0.5543792107795957,0.242781520692974,3
1790958600000,2692.63,2692.81,-0.004211214307730637,0.0,0.002751671928199962,high_volatility,0.1550605120222002,0.5047388090479826,0.3402006789298171,0.20283926852743023,0.5543792107795957,0.242781520692974,3
1790959500000,2692.81,2690.08,-0.0020780051150895984,1.0,0.002686921841535512,high_volatility,0.15246477578596548,0.5485275790263535,0.299007645187681,0.20283926852743023,0.5543792107795957,0.242781520692974,3
1790960400000,2690.08,2680.13,0.002664049878177588,1.0,0.002715338733494596,high_volatility,0.15768983108632917,0.5325772037099166,0.3097329652037542,0.20283926852743023,0.5543792107795957,0.242781520692974,3
1790961300000,2680.14,2683.04,-0.0012262210030412612,1.0,0.002663849066661363,high_volatility,0.16234665305180546,0.5983529796732865,0.23930036727490803,0.20283926852743023,0.5543792107795957,0.242781520692974,3
1790962200000,2683.04,2681.47,-0.008901833695696748,0.0,0.002631972569352856,high_volatility,0.15570894762469414,0.6128215710118954,0.23146948136341053,0.20283926852743023,0.5543792107795957,0.242781520692974,3
1790963100000,2681.48,2684.49,-0.007267674679361735,0.0,0.0025307872075742486,trending,0.1501618308441711,0.6186247056639985,0.23121346349183036,0.20283926852743023,0.5543792107795957,0.242781520692974,3
1790964000000,2684.48,2687.27,-0.008465840797537982,0.0,0.0025,trending,0.1656682284598449,0.5868194725793261,0.24751229896082905,0.20283926852743023,0.5543792107795957,0.242781520692974,3
1790964900000,2687.27,2679.75,-0.005284075006996902,0.0,0.0025,trending,0.1580051838668014,0.5633849832484438,0.2786098328847548,0.20283926852743023,0.5543792107795957,0.242781520692974,3
1790965800000,2679.76,2657.6,0.0032623419626731653,2.0,0.00274143899659374,high_volatility,0.1621459896010247,0.3972586025522153,0.44059540784675993,0.20283926852743023,0.5543792107795957,0.242781520692974,3
1790966700000,2657.6,2664.98,0.0011482262531050669,1.0,0.0027723989246104712,high_volatility,0.15180884598553882,0.5187486511639186,0.32944250285054283,0.20283926852743023,0.5543792107795957,0.242781520692974,3
1790967600000,2664.98,2664.52,0.0013923708585410477,1.0,0.0027126579732240567,high_volatility,0.1454167832640752,0.5547586402391562,0.2998245764967685,0.20283926852743023,0.5543792107795957,0.242781520692974,3
1790968500000,2664.53,2665.59,0.000420169643493562,1.0,0.002707926588661814,high_volatility,0.16072402278502793,0.5538584624131007,0.28541751480187133,0.20283926852743023,0.5543792107795957,0.242781520692974,3
1790969400000,2665.59,2666.27,-0.0016427443582233137,1.0,0.002578800198166716,high_volatility,0.14742145806090262,0.5314785263353186,0.3211000156037788,0.20283926852743023,0.5543792107795957,0.242781520692974,3
1790970300000,2666.28,2668.04,-0.0023612839387715523,1.0,0.0025,trending,0.1469484715644599,0.5562064905005136,0.29684503793502653,0.20283926852743023,0.5543792107795957,0.242781520692974,3
1790971200000,2668.04,2668.23,-0.0019376140737492609,1.0,0.0025,trending,0.14148215612736484,0.6402639958119256,0.21825384806070958,0.20283926852743023,0.5543792107795957,0.242781520692974,3
1790972100000,2668.22,2666.71,-0.0027862047241731247,0.0,0.0025,low_liquidity,0.13508932893563222,0.6214257264069639,0.24348494465740383,0.20283926852743023,0.5543792107795957,0.242781520692974,3
1790973000000,2666.71,2661.89,0.00027799796385274966,1.0,0.0025,trending,0.11776125665884409,0.5628296804353145,0.31940906290584137,0.20283926852743023,0.5543792107795957,0.242781520692974,3
1790973900000,2661.89,2661.74,0.0013938250918572592,1.0,0.0025,trending,0.13000396112765952,0.576601698200157,0.2933943406721834,0.20283926852743023,0.5543792107795957,0.242781520692974,3
1790974800000,2661.73,2663.06,-0.0002966512207760452,1.0,0.0025,low_liquidity,0.12765051878584088,0.613782739492013,0.25856674172214605,0.20283926852743023,0.5543792107795957,0.242781520692974,3
1790975700000,2663.06,2659.28,0.0023013748082187924,1.0,0.0025,trending,0.1373514924564465,0.5707153406546699,0.29193316688888354,0.20283926852743023,0.5543792107795957,0.242781520692974,3
1790976600000,2659.27,2662.63,0.0013295125496219917,1.0,0.0025,trending,0.14177513788974996,0.5753383998355589,0.28288646227469105,0.20283926852743023,0.5543792107795957,0.242781520692974,3
1790977500000,2662.63,2665.45,0.0009604381999288591,1.0,0.0025,trending,0.14871537372464153,0.5745977750613684,0.27668685121398995,0.20283926852743023,0.5543792107795957,0.242781520692974,3
1790978400000,2665.45,2662.27,0.0014311095418571007,1.0,0.0025,trending,0.14572326173545794,0.6073471282819122,0.2469296099826298,0.20283926852743023,0.5543792107795957,0.242781520692974,3
1790979300000,2662.26,2665.4,0.001223080963457468,1.0,0.0025,trending,0.1310503724409206,0.6886417627789577,0.18030786478012162,0.20283926852743023,0.5543792107795957,0.242781520692974,3
1790980200000,2665.41,2666.17,0.0011814700487966512,1.0,0.0025,trending,0.1221151860949459,0.6924371984594514,0.18544761544560273,0.20283926852743023,0.5543792107795957,0.242781520692974,3
1790981100000,2666.17,2668.01,0.00021739048954083628,1.0,0.0025,trending,0.13817930358143454,0.6671360364741918,0.1946846599443738,0.20283926852743023,0.5543792107795957,0.242781520692974,3
1790982000000,2668.0,2666.08,0.0010577327011942472,1.0,0.0025,trending,0.13698077085281127,0.6768466035330144,0.18617262561417425,0.20283926852743023,0.5543792107795957,0.242781520692974,3
1790982900000,2666.08,2668.66,0.0016300315514155006,1.0,0.0025,trending,0.13909362927877014,0.6556917810207729,0.2052145897004569,0.20283926852743023,0.5543792107795957,0.242781520692974,3
1790983800000,2668.66,2669.32,0.0021690917537049437,1.0,0.0025,trending,0.07989019077824755,0.8275467085121657,0.09256310070958675,0.20283926852743023,0.5543792107795957,0.242781520692974,3
1790984700000,2669.32,2668.59,0.0030577945656693473,2.0,0.0025,low_liquidity,0.08539315985397936,0.8266936919969142,0.08791314814910636,0.20283926852743023,0.5543792107795957,0.242781520692974,3
1790985600000,2668.59,2668.9,0.004159016823410466,2.0,0.0025,trending,0.1202158324015614,0.7780781166819616,0.10170605091647712,0.20283926852743023,0.5543792107795957,0.242781520692974,3
1790986500000,2668.9,2673.01,0.00230825922836031,1.0,0.0025,trending,0.11396683402648394,0.7834640560340373,0.10256910993947882,0.20283926852743023,0.5543792107795957,0.242781520692974,3
1790987400000,2673.01,2675.11,0.0019961795963530093,1.0,0.0025,trending,0.11352451755844,0.7790914021724099,0.10738408026915022,0.20283926852743023,0.5543792107795957,0.242781520692974,3
1790988300000,2675.11,2676.75,0.0011244979919680098,1.0,0.0025,trending,0.11805245352342297,0.7784587606097345,0.10348878586684251,0.20283926852743023,0.5543792107795957,0.242781520692974,3
1790989200000,2676.82,2680.0,-0.0006343283582088688,1.0,0.0025,trending,0.12885988953759578,0.7564309965354393,0.11470911392696499,0.20283926852743023,0.5543792107795957,0.242781520692974,3
1790990100000,2680.0,2679.18,0.00012690450063090886,1.0,0.0025,trending,0.12755319468226273,0.7500090672370361,0.12243773808070121,0.20283926852743023,0.5543792107795957,0.242781520692974,3
1790991000000,2679.18,2680.45,0.0009587942323117105,1.0,0.0025,trending,0.10736464155421091,0.7824838717880387,0.11015148665775024,0.20283926852743023,0.5543792107795957,0.242781520692974,3
1790991900000,2680.44,2679.76,-0.0009776994954773244,1.0,0.0025,low_liquidity,0.12827767179064453,0.7629339643421618,0.10878836386719365,0.20283926852743023,0.5543792107795957,0.242781520692974,3
1790992800000,2679.76,2678.3,-0.0003883060150094986,1.0,0.0025,trending,0.1253830218834282,0.7685042891664995,0.1061126889500723,0.20283926852743023,0.5543792107795957,0.242781520692974,3
1790993700000,2678.31,2679.52,0.0005672657789455027,1.0,0.0025,low_liquidity,0.1147040976095005,0.7713378091652928,0.11395809322520674,0.20283926852743023,0.5543792107795957,0.242781520692974,3
1790994600000,2679.53,2683.02,-0.0006969757959314204,1.0,0.0025,ranging,0.1523323654695555,0.7116377606827652,0.13602987384767937,0.20283926852743023,0.5543792107795957,0.242781520692974,3
1790995500000,2683.03,2677.14,0.0018303114517732588,1.0,0.0025,ranging,0.09803292795836525,0.7902551219915497,0.11171195005008502,0.20283926852743023,0.5543792107795957,0.242781520692974,3
1790996400000,2677.15,2677.26,0.0013073067240387815,1.0,0.0025,ranging,0.09434026198843384,0.7938814944310123,0.11177824358055381,0.20283926852743023,0.5543792107795957,0.242781520692974,3
1790997300000,2677.26,2681.04,-0.002513949810521221,0.0,0.0025,ranging,0.08608857511679247,0.8134110285375222,0.10050039634568535,0.20283926852743023,0.5543792107795957,0.242781520692974,3
1790998200000,2681.05,2681.15,-0.0024765492419297486,1.0,0.0025,ranging,0.08602681041155745,0.8101098354633465,0.10386335412509602,0.20283926852743023,0.5543792107795957,0.242781520692974,3
1790999100000,2681.16,2682.04,-0.0022482886161279136,1.0,0.0025,low_liquidity,0.10113036555409112,0.7875080059680741,0.11136162847783464,0.20283926852743023,0.5543792107795957,0.242781520692974,3
1791000000000,2682.04,2680.76,-0.0020516569927930828,1.0,0.0025,ranging,0.09264508535146561,0.8043841928535692,0.10297072179496511,0.20283926852743023,0.5543792107795957,0.242781520692974,3
1791000900000,2680.76,2674.3,0.001043263657779514,1.0,0.0025,ranging,0.0978722142266149,0.7764686979055566,0.12565908786782848,0.20283926852743023,0.5543792107795957,0.242781520692974,3
1791001800000,2674.29,2674.51,0.0008749266220726692,1.0,0.0025,ranging,0.07555138479662452,0.8326953970114562,0.09175321819191914,0.20283926852743023,0.5543792107795957,0.242781520692974,3
1791002700000,2674.51,2676.01,0.0006464848786065236,1.0,0.0025,ranging,0.07076349698979491,0.8500680498133089,0.07916845319689625,0.20283926852743023,0.5543792107795957,0.242781520692974,3
1791003600000,2676.02,2675.26,0.0002691327198103277,1.0,0.0025,ranging,0.07425105900980386,0.8448659451503492,0.080882995839847,0.20283926852743023,0.5543792107795957,0.242781520692974,3
1791004500000,2675.27,2677.09,0.00019424076142371405,1.0,0.0025,ranging,0.08023660705770502,0.8298213486002,0.0899420443420951,0.20283926852743023,0.5543792107795957,0.242781520692974,3
1791005400000,2677.09,2676.85,0.0006201318714160742,1.0,0.0025,ranging,0.06935249105096924,0.8510055080433389,0.07964200090569193,0.20283926852743023,0.5543792107795957,0.242781520692974,3
1791006300000,2676.85,2677.74,0.0008776057421557848,1.0,0.0025,low_liquidity,0.07338010263294771,0.8544482661211757,0.07217163124587644,0.20283926852743023,0.5543792107795957,0.242781520692974,3
1791007200000,2677.74,2675.98,0.0018722113020275266,1.0,0.0025,ranging,0.0738150993286737,0.8530957982433329,0.07308910242799345,0.20283926852743023,0.5543792107795957,0.242781520692974,3
1791008100000,2675.98,2677.61,0.0011017287805168419,1.0,0.0025,ranging,0.07138680514829317,0.8560272963880524,0.07258589846365424,0.20283926852743023,0.5543792107795957,0.242781520692974,3
1791009000000,2677.6,2678.51,0.0006346812220225928,1.0,0.0025,ranging,0.09053074520051486,0.8267865818827868,0.08268267291669835,0.20283926852743023,0.5543792107795957,0.242781520692974,3
1791009900000,2678.5,2680.09,0.0005298329533709456,1.0,0.0025,ranging,0.08383352303244879,0.8341712595027312,0.08199521746482005,0.20283926852743023,0.5543792107795957,0.242781520692974,3
1791010800000,2680.1,2680.99,0.0008653519781871566,1.0,0.0025,ranging,0.07677475871915167,0.8411950000521188,0.0820302412287296,0.20283926852743023,0.5543792107795957,0.242781520692974,3
1791011700000,2680.99,2680.56,-0.0002201032620050558,1.0,0.0025,ranging,0.0857006252954175,0.8333062816560519,0.08099309304853052,0.20283926852743023,0.5543792107795957,0.242781520692974,3
1791012600000,2680.56,2680.21,0.000820831203524941,1.0,0.0025,ranging,0.09067772383464136,0.8237894529927908,0.08553282317256776,0.20283926852743023,0.5543792107795957,0.242781520692974,3
1791013500000,2680.21,2681.51,0.0005593863159190082,1.0,0.0025,ranging,0.0919595902192657,0.8157939190489081,0.0922464907318262,0.20283926852743023,0.5543792107795957,0.242781520692974,3
1791014400000,2681.51,2683.31,0.0008608770511047137,1.0,0.0025,ranging,0.0880317507596137,0.8195557809706605,0.0924124682697258,0.20283926852743023,0.5543792107795957,0.242781520692974,3
1791015300000,2683.3,2679.97,0.00176494512998282,1.0,0.0025,ranging,0.10436281740532966,0.8017804569860554,0.09385672560861483,0.20283926852743023,0.5543792107795957,0.242781520692974,3
1791016200000,2679.97,2682.41,-0.00010065575359474721,1.0,0.0025,low_liquidity,0.07596083461812393,0.8479893579566097,0.07604980742526643,0.20283926852743023,0.5543792107795957,0.242781520692974,3
1791017100000,2682.41,2683.01,-0.0008497918382712744,1.0,0.0025,ranging,0.08586971245984305,0.824937067535053,0.0891932200051039,0.20283926852743023,0.5543792107795957,0.242781520692974,3
1791018000000,2683.01,2685.62,-0.0012138724019034042,1.0,0.0025,ranging,0.09965564185017672,0.803866009001243,0.0964783491485803,0.20283926852743023,0.5543792107795957,0.242781520692974,3
1791018900000,2685.61,2684.7,-0.0008269080344172064,1.0,0.0025,ranging,0.10781067015203,0.7916404130515234,0.10054891679644648,0.20283926852743023,0.5543792107795957,0.242781520692974,3
1791019800000,2684.71,2682.14,0.000562983289462915,1.0,0.0025,ranging,0.0948213816995414,0.8118963645646391,0.09328225373581953,0.20283926852743023,0.5543792107795957,0.242781520692974,3
1791020700000,2682.14,2680.73,0.0010183793220504,1.0,0.0025,ranging,0.0955940852701574,0.8049878031760409,0.09941811155380155,0.20283926852743023,0.5543792107795957,0.242781520692974,3
1791021600000,2680.72,2682.36,-0.00017894689750819204,1.0,0.0025,ranging,0.09129385548300319,0.8111273299998183,0.09757881451717845,0.20283926852743023,0.5543792107795957,0.242781520692974,3
1791022500000,2682.35,2682.48,0.0004883540604216918,1.0,0.0025,ranging,0.09877219603391703,0.8063356592967731,0.09489214466930997,0.20283926852743023,0.5543792107795957,0.242781520692974,3
1791023400000,2682.47,2683.65,0.0006558232258304653,1.0,0.0025,ranging,0.09187728433349623,0.8118528783797848,0.09626983728671902,0.20283926852743023,0.5543792107795957,0.242781520692974,3
1791024300000,2683.65,2683.46,0.00040619200584335324,1.0,0.0025,ranging,0.08787124153405908,0.8197816301330003,0.09234712833294065,0.20283926852743023,0.5543792107795957,0.242781520692974,3
1791025200000,2683.47,2681.88,0.0006860858800541436,1.0,0.0025,ranging,0.07879641707569683,0.832340560811038,0.08886302211326509,0.20283926852743023,0.5543792107795957,0.242781520692974,3
1791026100000,2681.89,2683.79,-0.0002720033981794545,1.0,0.0025,ranging,0.07382274533646768,0.842920222343656,0.0832570323198761,0.20283926852743023,0.5543792107795957,0.242781520692974,3
1791027000000,2683.79,2685.41,-0.0015602831597409939,1.0,0.0025,ranging,0.08218034220946517,0.8236554401619226,0.0941642176286121,0.20283926852743023,0.5543792107795957,0.242781520692974,3
1791027900000,2685.4,2684.55,-0.0007003035890559284,1.0,0.0025,ranging,0.090707073792631,0.8027757797968352,0.10651714641053371,0.20283926852743023,0.5543792107795957,0.242781520692974,3
1791028800000,2684.54,2683.72,-0.0009129119282189624,1.0,0.0025,ranging,0.08245407895869067,0.8164999796679182,0.10104594137339118,0.20283926852743023,0.5543792107795957,0.242781520692974,3
1791029700000,2683.72,2683.06,-0.0015728310212964614,1.0,0.0025,ranging,0.0779285920266519,0.8249868053421016,0.09708460263124656,0.20283926852743023,0.5543792107795957,0.242781520692974,3
1791030600000,2683.07,2681.22,-0.00019021191845491892,1.0,0.0025,ranging,0.07788267095921826,0.8251975172052343,0.0969198118355476,0.20283926852743023,0.5543792107795957,0.242781520692974,3
1791031500000,2681.22,2682.67,-0.0002534788102898089,1.0,0.0025,low_liquidity,0.0645755029182831,0.8575500072088267,0.07787448987289029,0.20283926852743023,0.5543792107795957,0.242781520692974,3
1791032400000,2682.67,2681.27,-0.0009062869461112788,1.0,0.0025,ranging,0.06692484730053791,0.8464077093513516,0.08666744334811052,0.20283926852743023,0.5543792107795957,0.242781520692974,3
1791033300000,2681.27,2678.84,0.0008847112929477596,1.0,0.0025,ranging,0.07393966888956878,0.8313417308758748,0.09471860023455642,0.20283926852743023,0.5543792107795957,0.242781520692974,3
1791034200000,2678.83,2680.71,0.00019397846093016646,1.0,0.0025,ranging,0.0787195138456663,0.833436781077881,0.08784370507645277,0.20283926852743023,0.5543792107795957,0.242781520692974,3
1791035100000,2680.7,2681.99,0.0005853862244080688,1.0,0.0025,low_liquidity,0.06153684995929033,0.8616605605674166,0.07680258947329316,0.20283926852743023,0.5543792107795957,0.242781520692974,3
1791036000000,2681.99,2678.84,0.0013326663779844594,1.0,0.0025,ranging,0.07547734675452508,0.8391800647195212,0.0853425885259537,0.20283926852743023,0.5543792107795957,0.242781520692974,3
1791036900000,2678.84,2681.21,-0.00014545671543808592,1.0,0.0025,ranging,0.05774526388568579,0.8643103052667148,0.07794443084759929,0.20283926852743023,0.5543792107795957,0.242781520692974,3
1791037800000,2681.22,2681.23,-0.00012307784114007347,1.0,0.0025,ranging,0.0585369644475796,0.8603782116824562,0.08108482386996427,0.20283926852743023,0.5543792107795957,0.242781520692974,3
1791038700000,2681.24,2683.56,-0.0006968355468108811,1.0,0.0025,ranging,0.07714652503155066,0.8354672573006867,0.08738621766776265,0.20283926852743023,0.5543792107795957,0.242781520692974,3
1791039600000,2683.56,2682.41,-0.0009692776272083314,1.0,0.0025,ranging,0.08609534400269095,0.8161529694134126,0.09775168658389648,0.20283926852743023,0.5543792107795957,0.242781520692974,3
1791040500000,2682.41,2680.82,-0.0001977007035162126,1.0,0.0025,ranging,0.07446859153860103,0.8357973990930913,0.08973400936830787,0.20283926852743023,0.5543792107795957,0.242781520692974,3
1791041400000,2680.83,2680.9,0.0004215002424559078,1.0,0.0025,ranging,0.08376146005183334,0.8094337191301071,0.10680482081805957,0.20283926852743023,0.5543792107795957,0.242781520692974,3
1791042300000,2680.9,2681.69,-3.728991792573133e-06,1.0,0.0025,ranging,0.07096127277499138,0.8381523893646204,0.0908863378603881,0.20283926852743023,0.5543792107795957,0.242781520692974,3
1791043200000,2681.69,2679.81,0.0019590941148812657,1.0,0.0025,ranging,0.08652646040872874,0.8138626498005596,0.09961088979071166,0.20283926852743023,0.5543792107795957,0.242781520692974,3
1791044100000,2679.82,2680.29,0.001361792940316242,1.0,0.0025,ranging,0.06882661832833571,0.8330644276673784,0.09810895400428596,0.20283926852743023,0.5543792107795957,0.242781520692974,3
1791045000000,2680.3,2682.03,0.001480222070595616,1.0,0.0025,ranging,0.08906004213830149,0.8025247008057446,0.10841525705595387,0.20283926852743023,0.5543792107795957,0.242781520692974,3
1791045900000,2682.03,2681.68,0.002733361176576077,2.0,0.0025,ranging,0.08335485823361763,0.778828523709732,0.13781661805665044,0.20283926852743023,0.5543792107795957,0.242781520692974,3
1791046800000,2681.67,2685.06,0.0007336893775187203,1.0,0.0025,ranging,0.1034908560288286,0.7678446552226046,0.12866448874856676,0.20283926852743023,0.5543792107795957,0.242781520692974,3
1791047700000,2685.07,2683.94,0.0009948061432074606,1.0,0.0025,ranging,0.08053430874675233,0.8083359749635072,0.11112971628974053,0.20283926852743023,0.5543792107795957,0.242781520692974,3
1791048600000,2683.93,2686.0,-0.00017125837676845723,1.0,0.0025,ranging,0.09698465163757088,0.7683359920615789,0.13467935630085012,0.20283926852743023,0.5543792107795957,0.242781520692974,3
1791049500000,2685.99,2689.01,-0.0014391913752646035,1.0,0.0025,ranging,0.10733401379358146,0.742257165242752,0.1504088209636666,0.20283926852743023,0.5543792107795957,0.242781520692974,3
1791050400000,2689.01,2687.03,-0.0009452815934323233,1.0,0.0025,ranging,0.08480433775802916,0.7794798469363314,0.13571581530563942,0.20283926852743023,0.5543792107795957,0.242781520692974,3
1791051300000,2687.03,2686.61,-0.0018201376455831975,1.0,0.0025,ranging,0.07688444994631544,0.7869052696900549,0.13621028036362956,0.20283926852743023,0.5543792107795957,0.242781520692974,3
1791052200000,2686.61,2685.54,-0.0010463444968237257,1.0,0.0025,ranging,0.07100249557955093,0.813540375318821,0.11545712910162818,0.20283926852743023,0.5543792107795957,0.242781520692974,3
1791053100000,2685.54,2685.14,0.00012289861981118477,1.0,0.0025,ranging,0.0695060875418579,0.8221368103215994,0.10835710213654265,0.20283926852743023,0.5543792107795957,0.242781520692974,3
1791054000000,2685.15,2684.49,0.0012143833651829805,1.0,0.0025,ranging,0.0719409346000996,0.81484655494612,0.11321251045378032,0.20283926852743023,0.5543792107795957,0.242781520692974,3
1791054900000,2684.49,2681.72,0.002379070149008955,1.0,0.0025,ranging,0.0737028921901589,0.8141618488341662,0.11213525897567488,0.20283926852743023,0.5543792107795957,0.242781520692974,3
1791055800000,2681.73,2682.73,0.0016177550480294123,1.0,0.0025,ranging,0.08512295103623542,0.7881573864096807,0.12671966255408382,0.20283926852743023,0.5543792107795957,0.242781520692974,3
1791056700000,2682.73,2685.47,0.00047291535559890185,1.0,0.0025,low_liquidity,0.0775224805068825,0.8061729047538504,0.11630461473926712,0.20283926852743023,0.5543792107795957,0.242781520692974,3
1791057600000,2685.47,2687.75,-0.0003311319877220553,1.0,0.0025,ranging,0.0808360307436277,0.78472867156289,0.13443529769348236,0.20283926852743023,0.5543792107795957,0.242781520692974,3
1791058500000,2687.75,2688.1,-0.0009188646255718913,1.0,0.0025,ranging,0.08222800085308375,0.7770919982565292,0.1406800008903869,0.20283926852743023,0.5543792107795957,0.242781520692974,3
1791059400000,2688.09,2687.07,-0.00043541850416994876,1.0,0.0025,low_liquidity,0.0701916197633737,0.8132655444669115,0.11654283576971489,0.20283926852743023,0.5543792107795957,0.242781520692974,3
1791060300000,2687.07,2686.74,-0.0005806293128475248,1.0,0.0025,ranging,0.08595050335118196,0.7851592455551072,0.12889025109371088,0.20283926852743023,0.5543792107795957,0.242781520692974,3
1791061200000,2686.74,2686.86,0.0007666942081090422,1.0,0.0025,ranging,0.09151024002471594,0.771514190307874,0.13697556966741,0.20283926852743023,0.5543792107795957,0.242781520692974,3
1791062100000,2686.87,2685.63,0.0008526863343052415,1.0,0.0025,ranging,0.07710825425556074,0.8131093521018592,0.10978239364258004,0.20283926852743023,0.5543792107795957,0.242781520692974,3
1791063000000,2685.63,2685.9,0.0007930302691836477,1.0,0.0025,ranging,0.08949904963121844,0.7836750667362806,0.12682588363250083,0.20283926852743023,0.5543792107795957,0.242781520692974,3
1791063900000,2685.91,2685.18,0.0005213803171482123,1.0,0.0025,low_liquidity,0.08687141172944701,0.7959512599491301,0.11717732832142295,0.20283926852743023,0.5543792107795957,0.242781520692974,3
1791064800000,2685.18,2688.92,-0.0007661068384332559,1.0,0.0025,ranging,0.10634036028210717,0.7563931916810271,0.13726644803686583,0.20283926852743023,0.5543792107795957,0.242781520692974,3
1791065700000,2688.93,2687.92,3.3483139379120175e-05,1.0,0.0025,ranging,0.09660544579033659,0.7757276002817111,0.12766695392795235,0.20283926852743023,0.5543792107795957,0.242781520692974,3
1791066600000,2687.92,2688.03,-3.7201965752409194e-06,1.0,0.0025,ranging,0.09753982349096459,0.776880195739713,0.12557998076932234,0.20283926852743023,0.5543792107795957,0.242781520692974,3
1791067500000,2688.02,2686.58,0.00024194328849325153,1.0,0.0025,ranging,0.10628450727182528,0.778578561475246,0.1151369312529288,0.20283926852743023,0.5543792107795957,0.242781520692974,3
1791068400000,2686.59,2686.86,0.0002828580573606132,1.0,0.0025,low_liquidity,0.10918663943946791,0.7682066559127745,0.1226067046477577,0.20283926852743023,0.5543792107795957,0.242781520692974,3
1791069300000,2686.86,2688.01,0.0011086268280249278,1.0,0.0025,ranging,0.10457914388484368,0.7655613920699404,0.12985946404521587,0.20283926852743023,0.5543792107795957,0.242781520692974,3
1791070200000,2688.01,2688.02,0.0010230578641527988,1.0,0.0025,low_liquidity,0.09912499032139534,0.780486063261093,0.12038894641751154,0.20283926852743023,0.5543792107795957,0.242781520692974,3
1791071100000,2688.01,2687.23,0.002329536362722928,1.0,0.0025,ranging,0.12543462164730046,0.7450844847119951,0.1294808936407046,0.20283926852743023,0.5543792107795957,0.242781520692974,3
1791072000000,2687.24,2687.62,0.0023217567959756824,1.0,0.0025,ranging,0.12166754623943532,0.7108690667884272,0.1674633869721376,0.20283926852743023,0.5543792107795957,0.242781520692974,3
1791072900000,2687.61,2690.99,-0.00016350859720759559,1.0,0.0025,ranging,0.14550606930008902,0.7010421815146528,0.15345174918525822,0.20283926852743023,0.5543792107795957,0.242781520692974,3
1791073800000,2690.98,2690.77,0.0006132073718676523,1.0,0.0025,ranging,0.10379374456504066,0.7466421684527303,0.14956408698222906,0.20283926852743023,0.5543792107795957,0.242781520692974,3
1791074700000,2690.77,2693.49,0.000482645192668274,1.0,0.0025,ranging,0.12005146846539781,0.7221313279771964,0.1578172035574058,0.20283926852743023,0.5543792107795957,0.242781520692974,3
1791075600000,2693.5,2693.86,-3.712145397305466e-05,1.0,0.0025,ranging,0.11657368665027236,0.7131018511237687,0.17032446222595896,0.20283926852743023,0.5543792107795957,0.242781520692974,3
1791076500000,2693.85,2690.55,0.0012525320101837156,1.0,0.0025,ranging,0.10691309411216546,0.7557897760139192,0.13729712987391546,0.20283926852743023,0.5543792107795957,0.242781520692974,3
1791077400000,2690.55,2692.42,7.428261563857674e-06,1.0,0.0025,ranging,0.12294554122361795,0.6952816127507128,0.18177284602566926,0.20283926852743023,0.5543792107795957,0.242781520692974,3
1791078300000,2692.43,2694.79,-0.0008052575525365757,1.0,0.0025,ranging,0.11253706102286443,0.724049149725817,0.16341378925131853,0.20283926852743023,0.5543792107795957,0.242781520692974,3
1791079200000,2694.8,2693.76,-0.0002932703730104125,1.0,0.0025,ranging,0.1336222985159979,0.6901711148109156,0.17620658667308647,0.20283926852743023,0.5543792107795957,0.242781520692974,3
1791080100000,2693.76,2693.92,-0.00028582882936389886,1.0,0.0025,ranging,0.11629649574569985,0.7088752023903374,0.1748283018639628,0.20283926852743023,0.5543792107795957,0.242781520692974,3
1791081000000,2693.92,2692.44,0.0013667899748925905,1.0,0.0025,ranging,0.11924880966192136,0.7188322456546382,0.16191894468344037,0.20283926852743023,0.5543792107795957,0.242781520692974,3
1791081900000,2692.43,2692.62,0.0006759215930951523,1.0,0.0025,ranging,0.09937221244373165,0.7604662409188419,0.1401615466374265,0.20283926852743023,0.5543792107795957,0.242781520692974,3
1791082800000,2692.62,2692.97,0.000571859322606727,1.0,0.0025,low_liquidity,0.10139986327327258,0.7553223253116201,0.1432778114151073,0.20283926852743023,0.5543792107795957,0.242781520692974,3
1791083700000,2692.97,2693.15,5.9409984590530485e-05,1.0,0.0025,ranging,0.10999163954760979,0.7270217747120425,0.16298658574034758,0.20283926852743023,0.5543792107795957,0.242781520692974,3
1791084600000,2693.15,2696.12,-0.0015207038262391448,1.0,0.0025,trending,0.11945080055657037,0.7382509833158455,0.14229821612758414,0.20283926852743023,0.5543792107795957,0.242781520692974,3
1791085500000,2696.11,2694.44,-0.0007571146509107729,1.0,0.0025,trending,0.09631306160180879,0.7684687834289693,0.13521815496922188,0.20283926852743023,0.5543792107795957,0.242781520692974,3
1791086400000,2694.45,2694.51,-0.0003414349918909876,1.0,0.0025,trending,0.0999613415482385,0.7560889133447026,0.14394974510705888,0.20283926852743023,0.5543792107795957,0.242781520692974,3
1791087300000,2694.5,2693.31,0.0005420839041923031,1.0,0.0025,low_liquidity,0.1015870984476426,0.7629492319231631,0.13546366962919432,0.20283926852743023,0.5543792107795957,0.242781520692974,3
1791088200000,2693.31,2692.02,0.0017533302129997264,1.0,0.0025,low_liquidity,0.10101343734019719,0.7659244384383076,0.13306212422149521,0.20283926852743023,0.5543792107795957,0.242781520692974,3
1791089100000,2692.01,2692.4,0.0008691130589806306,1.0,0.0025,trending,0.09725119132099184,0.762150561534256,0.14059824714475236,0.20283926852743023,0.5543792107795957,0.242781520692974,3
1791090000000,2692.41,2693.59,0.0002673012596570157,1.0,0.0025,trending,0.09418081796117257,0.7743379960187894,0.13148118602003814,0.20283926852743023,0.5543792107795957,0.242781520692974,3
1791090900000,2693.58,2694.77,-0.0011318220107838783,1.0,0.0025,trending,0.10462840504501296,0.7367005369342476,0.15867105802073944,0.20283926852743023,0.5543792107795957,0.242781520692974,3
1791091800000,2694.77,2696.74,-0.0015055214814924112,1.0,0.0025,trending,0.12183919965024985,0.7289268419029046,0.14923395844684553,0.20283926852743023,0.5543792107795957,0.242781520692974,3
1791092700000,2696.74,2694.74,0.0005380853069314462,1.0,0.0025,trending,0.11669564868628583,0.7430350335390067,0.14026931777470752,0.20283926852743023,0.5543792107795957,0.242781520692974,3
1791093600000,2694.74,2694.31,0.00046765220037792155,1.0,0.0025,trending,0.10891264119204715,0.7490675984416868,0.14201976036626607,0.20283926852743023,0.5543792107795957,0.242781520692974,3
1791094500000,2694.31,2691.72,0.00049039276001972,1.0,0.0025,trending,0.13185696352739243,0.7048870968421509,0.1632559396304568,0.20283926852743023,0.5543792107795957,0.242781520692974,3
1791095400000,2691.72,2692.68,0.0009024466330942449,1.0,0.0025,trending,0.09716463515258672,0.7645630257386776,0.13827233910873551,0.20283926852743023,0.5543792107795957,0.242781520692974,3
1791096300000,2692.68,2696.19,0.003475274368646142,2.0,0.0025,trending,0.11408975690609104,0.734095065353783,0.15181517774012593,0.20283926852743023,0.5543792107795957,0.242781520692974,3
1791097200000,2696.2,2695.57,0.002619112098739773,2.0,0.0025,trending,0.10318897025162041,0.7505986878320734,0.14621234191630628,0.20283926852743023,0.5543792107795957,0.242781520692974,3
1791098100000,2695.56,2693.04,0.003082018833734379,2.0,0.0025,trending,0.11736908558427223,0.7410035337794396,0.14162738063628816,0.20283926852743023,0.5543792107795957,0.242781520692974,3
1791099000000,2693.04,2695.11,0.001402540156060228,1.0,0.0025,ranging,0.10981654521048347,0.7413522643541671,0.14883119043534954,0.20283926852743023,0.5543792107795957,0.242781520692974,3
1791099900000,2695.11,2705.56,-0.0019145759103474935,1.0,0.0025,trending,0.18750738118460053,0.6489952575877206,0.16349736122767897,0.20283926852743023,0.5543792107795957,0.242781520692974,3
1791100800000,2705.57,2702.63,-0.0012506336420450292,1.0,0.0025,trending,0.17062835690636116,0.6393079696572366,0.1900636734364023,0.20283926852743023,0.5543792107795957,0.242781520692974,3
1791101700000,2702.64,2701.34,0.0005441743727185866,1.0,0.0025,trending,0.14583310712946362,0.6652985085896549,0.18886838428088146,0.20283926852743023,0.5543792107795957,0.242781520692974,3
1791102600000,2701.35,2698.89,0.0016932887224008208,1.0,0.0025,trending,0.13695221654285653,0.6674991439377012,0.19554863951944235,0.20283926852743023,0.5543792107795957,0.242781520692974,3
1791103500000,2698.89,2700.38,0.000422162806716031,1.0,0.0025,trending,0.14400304803500436,0.6569942260593423,0.1990027259056534,0.20283926852743023,0.5543792107795957,0.242781520692974,3
1791104400000,2700.37,2699.25,0.001489302584051222,1.0,0.0025,trending,0.13115769378128617,0.6933787078991858,0.17546359831952804,0.20283926852743023,0.5543792107795957,0.242781520692974,3
1791105300000,2699.25,2702.81,0.0008139676854830302,1.0,0.0025,trending,0.15662104833467763,0.6568229279130314,0.18655602375229094,0.20283926852743023,0.5543792107795957,0.242781520692974,3
1791106200000,2702.81,2703.46,-0.000125764760714131,1.0,0.0025,trending,0.14543051482955652,0.6614126784113253,0.19315680675911828,0.20283926852743023,0.5543792107795957,0.242781520692974,3
1791107100000,2703.47,2701.52,-1.4806479315288001e-05,1.0,0.0025,trending,0.15935764965380794,0.6466108161311652,0.19403153421502697,0.20283926852743023,0.5543792107795957,0.242781520692974,3
1791108000000,2701.53,2703.27,-0.0007250478124641857,1.0,0.0025,trending,0.14762444588352275,0.6449141364472759,0.20746141766920143,0.20283926852743023,0.5543792107795957,0.242781520692974,3
1791108900000,2703.26,2705.01,-0.0004103496844743981,1.0,0.0025,trending,0.15005596009238342,0.6779407029161351,0.1720033369914815,0.20283926852743023,0.5543792107795957,0.242781520692974,3
1791109800000,2705.0,2703.12,-0.0009285566308561144,1.0,0.0025,trending,0.14637587155367598,0.6562021470977337,0.19742198134859038,0.20283926852743023,0.5543792107795957,0.242781520692974,3
1791110700000,2703.13,2701.48,-0.0005515495210033361,1.0,0.0025,trending,0.12857965925346973,0.6786715075461203,0.19274883320041003,0.20283926852743023,0.5543792107795957,0.242781520692974,3
1791111600000,2701.49,2701.31,-0.0007885063173053153,1.0,0.0025,trending,0.1335922160006137,0.6865466516721264,0.17986113232725998,0.20283926852743023,0.5543792107795957,0.242781520692974,3
1791112500000,2701.31,2703.9,-0.0007026887089019995,1.0,0.0025,trending,0.12900453854801527,0.7081494742560988,0.16284598719588605,0.20283926852743023,0.5543792107795957,0.242781520692974,3
1791113400000,2703.91,2700.61,-0.0002221720278010597,1.0,0.0025,trending,0.12970556193455704,0.7166522639196102,0.1536421741458328,0.20283926852743023,0.5543792107795957,0.242781520692974,3
1791114300000,2700.61,2699.99,-0.0017629694924795603,1.0,0.0025,trending,0.1369110018950511,0.6895692775042004,0.1735197206007485,0.20283926852743023,0.5543792107795957,0.242781520692974,3
1791115200000,2700.0,2699.18,-0.0007002126571773459,1.0,0.0025,trending,0.1322234434322646,0.7236236963234945,0.14415286024424076,0.20283926852743023,0.5543792107795957,0.242781520692974,3
1791116100000,2699.18,2702.0,-0.0010843819393041576,1.0,0.0025,trending,0.1395047594881394,0.699982363999415,0.16051287651244553,0.20283926852743023,0.5543792107795957,0.242781520692974,3
1791117000000,2702.01,2700.01,-0.0009481446365015023,1.0,0.0025,trending,0.12198141824268886,0.7129854803606456,0.1650331013966657,0.20283926852743023,0.5543792107795957,0.242781520692974,3
1791117900000,2700.0,2695.23,0.0014173187445969404,1.0,0.0025,trending,0.1417749132562074,0.6696979648070901,0.1885271219367025,0.20283926852743023,0.5543792107795957,0.242781520692974,3
1791118800000,2695.23,2697.29,-0.00025951974018356694,1.0,0.0025,trending,0.11578078659295932,0.7100824114881465,0.1741368019188941,0.20283926852743023,0.5543792107795957,0.242781520692974,3
1791119700000,2697.29,2699.07,-0.0010448043214885683,1.0,0.0025,ranging,0.1316281046937909,0.6903151370633263,0.1780567582428827,0.20283926852743023,0.5543792107795957,0.242781520692974,3
1791120600000,2699.07,2697.45,-0.000982409312498711,1.0,0.0025,ranging,0.13044433130073993,0.6866948459762428,0.18286082272301732,0.20283926852743023,0.5543792107795957,0.242781520692974,3
1791121500000,2697.46,2699.05,-0.000585391156147641,1.0,0.0025,ranging,0.12209930306381582,0.7093113707316405,0.16858932620454367,0.20283926852743023,0.5543792107795957,0.242781520692974,3
1791122400000,2699.05,2696.59,0.0009678890747202296,1.0,0.0025,ranging,0.12638195127288557,0.6991423612124644,0.1744756875146501,0.20283926852743023,0.5543792107795957,0.242781520692974,3
1791123300000,2696.59,2696.25,0.0010978210477514683,1.0,0.0025,ranging,0.15602315486833396,0.6541263512150829,0.18985049391658318,0.20283926852743023,0.5543792107795957,0.242781520692974,3
1791124200000,2696.25,2694.8,0.0014323883033990903,1.0,0.0025,ranging,0.1836431204890105,0.6451922429191732,0.17116463659181624,0.20283926852743023,0.5543792107795957,0.242781520692974,3
1791125100000,2694.79,2697.47,0.0005634909748764017,1.0,0.0025,ranging,0.22943562733902798,0.6027586171239231,0.16780575553704902,0.20283926852743023,0.5543792107795957,0.242781520692974,3
1791126000000,2697.46,2699.2,0.00041493775933632016,1.0,0.0025,ranging,0.14537973752575398,0.6973433734924721,0.15727688898177392,0.20283926852743023,0.5543792107795957,0.242781520692974,3
1791126900000,2699.22,2699.21,-0.00023340162491991556,1.0,0.0025,ranging,0.163531310496818,0.6831474609146995,0.15332122858848252,0.20283926852743023,0.5543792107795957,0.242781520692974,3
1791127800000,2699.21,2698.66,0.0019342933159420816,1.0,0.0025,ranging,0.13131273152125392,0.7152600916624229,0.15342717681632329,0.20283926852743023,0.5543792107795957,0.242781520692974,3
1791128700000,2698.67,2698.99,0.0015672529353571996,1.0,0.0025,ranging,0.13888894218286674,0.7094521096975646,0.15165894811956868,0.20283926852743023,0.5543792107795957,0.242781520692974,3
1791129600000,2698.98,2700.32,0.0008406411092019006,1.0,0.0025,ranging,0.1472998086453303,0.6826793669347838,0.17002082441988606,0.20283926852743023,0.5543792107795957,0.242781520692974,3
1791130500000,2700.32,2698.58,0.0017638906387804631,1.0,0.0025,ranging,0.1346419067906337,0.7112521684663686,0.15410592474299775,0.20283926852743023,0.5543792107795957,0.242781520692974,3
1791131400000,2698.59,2703.88,0.0004105211769751538,1.0,0.0025,ranging,0.17402416731190132,0.6364744956875549,0.18950133700054378,0.20283926852743023,0.5543792107795957,0.242781520692974,3
1791132300000,2703.88,2703.22,-0.00039952353119609985,1.0,0.0025,ranging,0.15516748862794347,0.6709618589652234,0.1738706524068331,0.20283926852743023,0.5543792107795957,0.242781520692974,3
1791133200000,2703.22,2702.59,-0.00039961666401489015,1.0,0.0025,ranging,0.14051644568862628,0.7057544536260663,0.15372910068530746,0.20283926852743023,0.5543792107795957,0.242781520692974,3
1791134100000,2702.58,2703.34,-0.0007990115930665009,1.0,0.0025,ranging,0.15279872430395108,0.6686411217439002,0.17856015395214878,0.20283926852743023,0.5543792107795957,0.242781520692974,3
1791135000000,2703.35,2704.99,-0.001134939500700427,1.0,0.0025,ranging,0.15059348143034534,0.6794760645035968,0.1699304540660579,0.20283926852743023,0.5543792107795957,0.242781520692974,3
1791135900000,2704.99,2702.14,-0.00041078552554629777,1.0,0.0025,ranging,0.14749277426369303,0.6767920064283619,0.17571521930794504,0.20283926852743023,0.5543792107795957,0.242781520692974,3
1791136800000,2702.14,2701.51,9.624247180273215e-05,1.0,0.0025,ranging,0.1326158918387846,0.699182538222675,0.16820156993854044,0.20283926852743023,0.5543792107795957,0.242781520692974,3
1791137700000,2701.5,2701.18,0.0008403734664108597,1.0,0.0025,low_liquidity,0.124180746291765,0.723059905796963,0.15275934791127202,0.20283926852743023,0.5543792107795957,0.242781520692974,3
1791138600000,2701.17,2701.92,0.0003553028957186122,1.0,0.0025,ranging,0.11816996075778337,0.7337637751675582,0.1480662640746585,0.20283926852743023,0.5543792107795957,0.242781520692974,3
1791139500000,2701.92,2701.03,0.00022583977223500362,1.0,0.0025,ranging,0.1207762024127482,0.7493375735904922,0.12988622399675948,0.20283926852743023,0.5543792107795957,0.242781520692974,3
1791140400000,2701.02,2701.77,-0.00047376349578243104,1.0,0.0025,ranging,0.11898905805210783,0.7328247412977972,0.14818620065009494,0.20283926852743023,0.5543792107795957,0.242781520692974,3
1791141300000,2701.78,2703.45,-0.0005326527215223642,1.0,0.0025,low_liquidity,0.10102210505747186,0.7683595920120255,0.13061830293050272,0.20283926852743023,0.5543792107795957,0.242781520692974,3
1791142200000,2703.46,2702.88,-5.1796602143050485e-05,1.0,0.0025,ranging,0.1073768895470889,0.7533625313766115,0.1392605790762997,0.20283926852743023,0.5543792107795957,0.242781520692974,3
1791143100000,2702.89,2701.64,0.0015175967190299566,1.0,0.0025,ranging,0.11182957393514399,0.751130093183497,0.13704033288135892,0.20283926852743023,0.5543792107795957,0.242781520692974,3
1791144000000,2701.64,2700.49,0.0025550918537007306,2.0,0.0025,ranging,0.10809233945891625,0.7622204275589013,0.12968723298218246,0.20283926852743023,0.5543792107795957,0.242781520692974,3
1791144900000,2700.5,2702.01,0.0008142086816851357,1.0,0.0025,ranging,0.10670104091574033,0.7619015815186398,0.13139737756561976,0.20283926852743023,0.5543792107795957,0.242781520692974,3
1791145800000,2702.02,2702.74,0.0012172832014920587,1.0,0.0025,ranging,0.12671373815646006,0.7327036747384024,0.14058258710513766,0.20283926852743023,0.5543792107795957,0.242781520692974,3
1791146700000,2702.74,2705.74,-0.0012085418406794224,1.0,0.0025,ranging,0.13543107643672705,0.6992141132017613,0.16535481036151164,0.20283926852743023,0.5543792107795957,0.242781520692974,3
1791147600000,2705.73,2707.39,0.004376909126501793,2.0,0.0025,trending,0.13754359306023084,0.6977689035192598,0.16468750342050942,0.20283926852743023,0.5543792107795957,0.242781520692974,3
1791148500000,2707.38,2704.21,0.008105879351085976,2.0,0.0025,trending,0.12233319077759795,0.7205574194231882,0.157109389799214,0.20283926852743023,0.5543792107795957,0.242781520692974,3
1791149400000,2704.21,2706.03,0.008233463782737038,2.0,0.0025,trending,0.10838353200512917,0.7160541275733949,0.1755623404214759,0.20283926852743023,0.5543792107795957,0.242781520692974,3
1791150300000,2706.03,2702.47,0.01052000577249701,2.0,0.0025,trending,0.12078261282452041,0.7001195523993137,0.1790978347761659,0.20283926852743023,0.5543792107795957,0.242781520692974,3
1791151200000,2702.47,2719.24,0.005255144819876323,2.0,0.0025,abnormal,0.2349341788596649,0.48422698092835714,0.28083884021197797,0.20283926852743023,0.5543792107795957,0.242781520692974,3
1791152100000,2719.23,2726.13,0.0023439821285118345,1.0,0.0025,high_volatility,0.2834170323746267,0.5290587961293669,0.18752417149600642,0.20283926852743023,0.5543792107795957,0.242781520692974,3
1791153000000,2726.13,2728.31,-0.0002015899952716449,1.0,0.0025,high_volatility,0.23946415575194305,0.5127915276775413,0.24774431657051565,0.20283926852743023,0.5543792107795957,0.242781520692974,3
1791153900000,2728.3,2730.9,-0.0014500714050312835,1.0,0.0025,high_volatility,0.2061194008506609,0.5636004020975545,0.23028019705178454,0.20283926852743023,0.5543792107795957,0.242781520692974,3
1791154800000,2730.9,2733.53,-0.0034424352394157864,0.0,0.0025,high_volatility,0.1897764433495922,0.5974326006207075,0.21279095602970022,0.20283926852743023,0.5543792107795957,0.242781520692974,3
1791155700000,2733.53,2732.52,-0.0048160672200020516,0.0,0.0025,high_volatility,0.21338293824364277,0.544351518308258,0.2422655434480992,0.20283926852743023,0.5543792107795957,0.242781520692974,3
1791156600000,2732.52,2727.76,0.0,1.0,0.0025,high_volatility,0.2195844657871222,0.4890878761828523,0.29132765803002547,0.20283926852743023,0.5543792107795957,0.242781520692974,3
1791157500000,2727.75,2726.94,0.0008617718028265386,1.0,0.0025,high_volatility,0.2128938981724337,0.4958450405748052,0.291261061252761,0.20283926852743023,0.5543792107795957,0.242781520692974,3
1791158400000,2726.93,2724.12,0.0022062170535805947,1.0,0.0025,high_volatility,0.23854690285855115,0.4868861530815707,0.2745669440598782,0.20283926852743023,0.5543792107795957,0.242781520692974,3
1791159300000,2724.12,2719.36,0.004523123087785352,2.0,0.0025,high_volatility,0.32842275630863355,0.4248100530346718,0.24676719065669464,0.20283926852743023,0.5543792107795957,0.242781520692974,3
1791160200000,2719.36,2727.76,-0.0009934891632694676,1.0,0.0025,high_volatility,0.31660781687721906,0.4333116771856004,0.2500805059371805,0.20283926852743023,0.5543792107795957,0.242781520692974,3
1791161100000,2727.76,2729.29,-0.0016817560611002147,1.0,0.0025,high_volatility,0.27315744345664555,0.5033673648907258,0.22347519165262872,0.20283926852743023,0.5543792107795957,0.242781520692974,3
1791162000000,2729.28,2730.13,0.0007691941409382341,1.0,0.0025,high_volatility,0.28152648356742865,0.4924450903849432,0.22602842604762807,0.20283926852743023,0.5543792107795957,0.242781520692974,3
1791162900000,2730.14,2731.66,0.0007870672045569016,1.0,0.0025,high_volatility,0.3184526217152542,0.45226835240701946,0.22927902587772642,0.20283926852743023,0.5543792107795957,0.242781520692974,3
1791163800000,2731.67,2725.05,0.0038568099667894984,2.0,0.0025,high_volatility,0.29220265349852526,0.46186337923329357,0.2459339672681812,0.20283926852743023,0.5543792107795957,0.242781520692974,3
1791164700000,2725.05,2724.7,0.0023562227034168437,1.0,0.0025,high_volatility,0.31652629253967934,0.467518005408427,0.21595570205189366,0.20283926852743023,0.5543792107795957,0.242781520692974,3
1791165600000,2724.7,2732.23,-0.0010797041244696715,1.0,0.0025,high_volatility,0.3335174777246996,0.4282870705611623,0.23819545171413825,0.20283926852743023,0.5543792107795957,0.242781520692974,3
1791166500000,2732.22,2733.81,-0.00211426543907578,1.0,0.0025,high_volatility,0.3375389050546256,0.43454150656321416,0.22791958838216034,0.20283926852743023,0.5543792107795957,0.242781520692974,3
1791167400000,2733.81,2735.56,-0.004858237435844903,0.0,0.0025,high_volatility,0.3852910258170929,0.4087604505301839,0.2059485236527232,0.20283926852743023,0.5543792107795957,0.242781520692974,3
1791168300000,2735.57,2731.12,-0.005477606256773737,0.0,0.0025,high_volatility,0.35346495923085147,0.4163127718635362,0.2302222689056124,0.20283926852743023,0.5543792107795957,0.242781520692974,3
1791169200000,2731.12,2729.28,-0.00593196740532298,0.0,0.0025,high_volatility,0.2588773449085242,0.49727273614407197,0.24384991894740368,0.20283926852743023,0.5543792107795957,0.242781520692974,3
1791170100000,2729.28,2728.03,-0.007038045769291457,0.0,0.0025,high_volatility,0.2744115229067437,0.4841385231494258,0.24144995394383054,0.20283926852743023,0.5543792107795957,0.242781520692974,3
1791171000000,2728.04,2722.27,-0.006894981026863589,0.0,0.0025,high_volatility,0.23453859382390893,0.49448813997147045,0.2709732662046206,0.20283926852743023,0.5543792107795957,0.242781520692974,3
1791171900000,2722.26,2716.16,-0.004892937087653149,0.0,0.0025,high_volatility,0.1847602907833922,0.5173969242479286,0.29784278496867916,0.20283926852743023,0.5543792107795957,0.242781520692974,3
1791172800000,2716.16,2713.09,-0.0045999211231474435,0.0,0.0025,high_volatility,0.19771253816801584,0.5261932082686676,0.2760942535633167,0.20283926852743023,0.5543792107795957,0.242781520692974,3
1791173700000,2713.09,2708.83,-0.004186309218371043,0.0,0.0025,high_volatility,0.23326846681147143,0.49924529960384123,0.2674862335846873,0.20283926852743023,0.5543792107795957,0.242781520692974,3
1791174600000,2708.83,2703.5,0.001054189014240814,1.0,0.0025,high_volatility,0.2787213098181235,0.5104099265467115,0.21086876363516496,0.20283926852743023,0.5543792107795957,0.242781520692974,3
1791175500000,2703.5,2702.87,0.0013356173252876413,1.0,0.0025,high_volatility,0.2205438112407711,0.5309395942171986,0.24851659454203032,0.20283926852743023,0.5543792107795957,0.242781520692974,3
1791176400000,2702.87,2700.61,0.004406411884722461,2.0,0.0025,high_volatility,0.20644668916999082,0.5642848138528435,0.22926849697716567,0.20283926852743023,0.5543792107795957,0.242781520692974,3
1791177300000,2700.61,2697.49,0.005464339070765822,2.0,0.0025,high_volatility,0.21178776573145922,0.5923710290511606,0.19584120521738027,0.20283926852743023,0.5543792107795957,0.242781520692974,3
1791178200000,2697.48,2706.35,0.0019251020747501624,1.0,0.0025,high_volatility,0.2260553978259427,0.570257079668262,0.20368752250579528,0.20283926852743023,0.5543792107795957,0.242781520692974,3
1791179100000,2706.35,2706.48,0.007175371700511413,2.0,0.0025,high_volatility,0.1567958603835852,0.6461468791197389,0.1970572604966758,0.20283926852743023,0.5543792107795957,0.242781520692974,3
1791180000000,2706.47,2712.51,0.00571426464787228,2.0,0.0025,high_volatility,0.1908097910636992,0.5875808403537325,0.22160936858256833,0.20283926852743023,0.5543792107795957,0.242781520692974,3
1791180900000,2712.52,2712.23,0.004391220508585203,2.0,0.0025,high_volatility,0.19257433643410993,0.6183494060349216,0.18907625753096843,0.20283926852743023,0.5543792107795957,0.242781520692974,3
1791181800000,2712.24,2711.56,0.00596704480077892,2.0,0.0025,trending,0.15336186850032538,0.6578368883520043,0.18880124314767033,0.20283926852743023,0.5543792107795957,0.242781520692974,3
1791182700000,2711.56,2725.9,0.00021644227594541654,1.0,0.0025,high_volatility,0.2598119610745104,0.5450972641063931,0.1950907748190965,0.20283926852743023,0.5543792107795957,0.242781520692974,3
1791183600000,2725.9,2728.01,0.0014626046092205414,1.0,0.0025,high_volatility,0.2601934031330565,0.5542373126300942,0.18556928423684932,0.20283926852743023,0.5543792107795957,0.242781520692974,3
1791184500000,2728.01,2724.14,0.0010829105699414754,1.0,0.0025,high_volatility,0.2327042047104061,0.5449523423583973,0.22234345293119667,0.20283926852743023,0.5543792107795957,0.242781520692974,3
1791185400000,2724.14,2727.74,-0.0018036909676141244,1.0,0.0025,high_volatility,0.21580179892321666,0.5685421896774315,0.21565601139935173,0.20283926852743023,0.5543792107795957,0.242781520692974,3
1791186300000,2727.75,2726.49,-0.0018962108791888976,1.0,0.0025,high_volatility,0.24223198150504327,0.5269459341563493,0.23082208433860754,0.20283926852743023,0.5543792107795957,0.242781520692974,3
1791187200000,2726.49,2732.0,-0.004688872620790652,0.0,0.0025,high_volatility,0.266441704925461,0.5215238555951298,0.21203443947940914,0.20283926852743023,0.5543792107795957,0.242781520692974,3
1791188100000,2731.99,2727.09,-0.003325889501263335,0.0,0.0025,high_volatility,0.2396552800676806,0.5360172425012177,0.2243274774311016,0.20283926852743023,0.5543792107795957,0.242781520692974,3
1791189000000,2727.09,2722.82,-0.0015718997216122021,1.0,0.0025,high_volatility,0.24427720718259796,0.5311223118983388,0.22460048091906323,0.20283926852743023,0.5543792107795957,0.242781520692974,3
1791189900000,2722.81,2721.32,-0.0015360192847589937,1.0,0.0025,high_volatility,0.26846739150693527,0.48073844300038493,0.25079416549267974,0.20283926852743023,0.5543792107795957,0.242781520692974,3
1791190800000,2721.33,2719.19,-0.0007281580176449198,1.0,0.0025,high_volatility,0.22569128323139204,0.5484097309533459,0.2258989858152622,0.20283926852743023,0.5543792107795957,0.242781520692974,3
1791191700000,2719.2,2718.02,-5.1508083089846224e-05,1.0,0.0025,high_volatility,0.2385958663395303,0.5400435836406481,0.22136055001982163,0.20283926852743023,0.5543792107795957,0.242781520692974,3
1791192600000,2718.03,2718.54,-0.0015927667056581107,1.0,0.0025,ranging,0.22443072360869787,0.5343976662563527,0.24117161013494945,0.20283926852743023,0.5543792107795957,0.242781520692974,3
1791193500000,2718.54,2717.14,0.00013249225288358701,1.0,0.0025,low_liquidity,0.17970511019585572,0.6513022398501855,0.16899264995395863,0.19705623901581723,0.5687609841827768,0.23418277680140598,4
1791194400000,2717.14,2717.21,-0.0017444363887959558,1.0,0.0025,ranging,0.2043034895945401,0.6095046660944984,0.18619184431096156,0.19705623901581723,0.5687609841827768,0.23418277680140598,4
1791195300000,2717.21,2717.88,0.0010375734027991967,1.0,0.0025,ranging,0.18940776138710977,0.6498418069706287,0.1607504316422615,0.19705623901581723,0.5687609841827768,0.23418277680140598,4
1791196200000,2717.88,2714.21,0.0007663371662471885,1.0,0.0025,ranging,0.21725070328502616,0.5629733158052584,0.21977598090971534,0.19705623901581723,0.5687609841827768,0.23418277680140598,4
1791197100000,2714.22,2717.5,0.0003275068997239394,1.0,0.0025,low_liquidity,0.19739622548477437,0.630595110456053,0.17200866405917264,0.19705623901581723,0.5687609841827768,0.23418277680140598,4
1791198000000,2717.5,2712.47,0.0015041641013542328,1.0,0.0025,low_liquidity,0.18165017699509922,0.6262880798313053,0.19206174317359553,0.19705623901581723,0.5687609841827768,0.23418277680140598,4
1791198900000,2712.47,2720.7,-0.001804682618443687,1.0,0.0025,ranging,0.15863950288975096,0.6129411779261761,0.22841931918407296,0.19705623901581723,0.5687609841827768,0.23418277680140598,4
1791199800000,2720.7,2716.29,-0.001962235254703959,1.0,0.0025,ranging,0.23861907272134994,0.5282176560044327,0.23316327127421735,0.19705623901581723,0.5687609841827768,0.23418277680140598,4
1791200700000,2716.29,2718.39,-0.0026964490010631392,0.0,0.0025,ranging,0.15084977426137838,0.6613080768363518,0.18784214890226972,0.19705623901581723,0.5687609841827768,0.23418277680140598,4
1791201600000,2718.39,2716.55,0.0011963703962747374,1.0,0.0025,ranging,0.12072039493435593,0.7075725680049483,0.17170703706069593,0.19705623901581723,0.5687609841827768,0.23418277680140598,4
1791202500000,2716.54,2715.79,0.0017895345369118854,1.0,0.0025,low_liquidity,0.1252770224071535,0.7259219693269086,0.14880100826593792,0.19705623901581723,0.5687609841827768,0.23418277680140598,4
1791203400000,2715.79,2710.96,0.001670994776757917,1.0,0.0025,ranging,0.13925903210964596,0.6120495850092195,0.24869138288113465,0.19705623901581723,0.5687609841827768,0.23418277680140598,4
1791204300000,2710.95,2711.06,0.004352541072495608,2.0,0.0025,ranging,0.12506702300410594,0.6834146271069713,0.19151834988892263,0.19705623901581723,0.5687609841827768,0.23418277680140598,4
1791205200000,2711.06,2719.8,0.0032318552834766923,2.0,0.0025,ranging,0.17375010286709092,0.650107372486925,0.17614252464598407,0.19705623901581723,0.5687609841827768,0.23418277680140598,4
1791206100000,2719.81,2720.65,-0.0018708764449671955,1.0,0.0025,ranging,0.23487450548962166,0.5844536372502663,0.180671857260112,0.19705623901581723,0.5687609841827768,0.23418277680140598,4
1791207000000,2720.66,2715.49,-0.0033842879185707053,0.0,0.0025,ranging,0.2706934770407431,0.5044688907880469,0.22483763217120992,0.19705623901581723,0.5687609841827768,0.23418277680140598,4
1791207900000,2715.49,2722.86,-0.0067172017657903815,0.0,0.0025,ranging,0.2547444255067693,0.5375531573002911,0.20770241719293964,0.19705623901581723,0.5687609841827768,0.23418277680140598,4
1791208800000,2722.85,2728.59,-0.009972183435400739,0.0,0.0025,high_volatility,0.30383427116062456,0.4513593407263577,0.24480638811301783,0.19705623901581723,0.5687609841827768,0.23418277680140598,4
1791209700000,2728.59,2715.56,-0.00393657293523253,0.0,0.0025,high_volatility,0.28299732933029775,0.5199820199203263,0.1970206507493759,0.19705623901581723,0.5687609841827768,0.23418277680140598,4
1791210600000,2715.55,2706.3,-0.0020729409156413636,1.0,0.0025,high_volatility,0.19775492933514716,0.4806788674448762,0.3215662032199766,0.19705623901581723,0.5687609841827768,0.23418277680140598,4
1791211500000,2706.31,2704.57,-0.0027139249492525996,0.0,0.0025,high_volatility,0.19483832671148052,0.5161188313098469,0.2890428419786725,0.19705623901581723,0.5687609841827768,0.23418277680140598,4
1791212400000,2704.57,2701.38,-0.0010217000199899129,1.0,0.0025,high_volatility,0.192012739747279,0.5560954322809504,0.25189182797177057,0.19705623901581723,0.5687609841827768,0.23418277680140598,4
1791213300000,2701.39,2704.87,-0.006281263055155972,0.0,0.0025,high_volatility,0.20322834359355527,0.5657942669123577,0.23097738949408703,0.19705623901581723,0.5687609841827768,0.23418277680140598,4
1791214200000,2704.87,2700.69,-0.0040582221580410804,0.0,0.0025,high_volatility,0.2032710128667328,0.5566417687496887,0.24008721838357847,0.19705623901581723,0.5687609841827768,0.23418277680140598,4
1791215100000,2700.69,2697.23,-0.00037816574782278956,1.0,0.0025,high_volatility,0.16556937521664628,0.5998841596284465,0.2345464651549072,0.19705623901581723,0.5687609841827768,0.23418277680140598,4
1791216000000,2697.23,2698.62,-0.0007040635584113497,1.0,0.0025,high_volatility,0.1489399246194697,0.41292601101449583,0.4381340643660344,0.19705623901581723,0.5687609841827768,0.23418277680140598,4
1791216900000,2698.62,2687.88,0.004881170290340409,2.0,0.0025,high_volatility,0.12890639614774393,0.41999978678709055,0.4510938170651655,0.19705623901581723,0.5687609841827768,0.23418277680140598,4
1791217800000,2687.89,2689.73,0.004186293791569984,2.0,0.0025,high_volatility,0.1043513229827772,0.521105192553057,0.3745434844641659,0.19705623901581723,0.5687609841827768,0.23418277680140598,4
1791218700000,2689.74,2696.21,0.003493793139258461,2.0,0.0025,high_volatility,0.10947578623362103,0.5922379434623477,0.2982862703040312,0.19705623901581723,0.5687609841827768,0.23418277680140598,4
1791219600000,2696.21,2696.72,0.003941825625203954,2.0,0.0025,high_volatility,0.09985838923039943,0.6611712886569571,0.23897032211264357,0.19705623901581723,0.5687609841827768,0.23418277680140598,4
1791220500000,2696.72,2701.0,0.0026841910403554436,2.0,0.0025,high_volatility,0.1022459758887483,0.6689050412958008,0.22884898281545096,0.19705623901581723,0.5687609841827768,0.23418277680140598,4
1791221400000,2700.99,2700.99,0.0026767962858063044,2.0,0.0025,high_volatility,0.09158533126760386,0.6749254179598324,0.23348925077256366,0.19705623901581723,0.5687609841827768,0.23418277680140598,4
1791222300000,2701.0,2705.63,0.0018221264548368143,1.0,0.0025,high_volatility,0.1071896894089942,0.7104222291217641,0.18238808146924182,0.19705623901581723,0.5687609841827768,0.23418277680140598,4
1791223200000,2705.64,2707.35,0.0009344931390475875,1.0,0.0025,high_volatility,0.11935588532020683,0.6722113847327992,0.20843272994699397,0.19705623901581723,0.5687609841827768,0.23418277680140598,4
1791224100000,2707.35,2708.25,0.0006424813071170821,1.0,0.0025,high_volatility,0.11215407755284039,0.6672919824320063,0.22055394001515335,0.19705623901581723,0.5687609841827768,0.23418277680140598,4
1791225000000,2708.24,2708.22,0.0006720281217922341,1.0,0.0025,ranging,0.10358874769229527,0.667421083627935,0.2289901686797699,0.19705623901581723,0.5687609841827768,0.23418277680140598,4
1791225900000,2708.23,2710.56,-0.0004832949648780893,1.0,0.0025,ranging,0.09597871634217373,0.6564865774581057,0.24753470619972054,0.19705623901581723,0.5687609841827768,0.23418277680140598,4
1791226800000,2710.56,2709.88,-0.0005830516480433978,1.0,0.0025,ranging,0.08673923214959102,0.6667031757750886,0.24655759207532035,0.19705623901581723,0.5687609841827768,0.23418277680140598,4
1791227700000,2709.88,2709.99,0.0007822907095600407,1.0,0.0025,ranging,0.09145618420295784,0.6560333865193553,0.2525104292776869,0.19705623901581723,0.5687609841827768,0.23418277680140598,4
1791228600000,2709.99,2710.04,0.0014501630972236779,1.0,0.0025,ranging,0.08230132494307402,0.6663324499868838,0.2513662250700422,0.19705623901581723,0.5687609841827768,0.23418277680140598,4
1791229500000,2710.04,2709.25,0.0012291224508627074,1.0,0.0025,ranging,0.0782570170451285,0.667368829780007,0.2543741531748645,0.19705623901581723,0.5687609841827768,0.23418277680140598,4
1791230400000,2709.25,2708.3,0.0014658641952516316,1.0,0.0025,ranging,0.07840520629752516,0.6859391967639674,0.2356555969385075,0.19705623901581723,0.5687609841827768,0.23418277680140598,4
1791231300000,2708.3,2712.11,0.0006710642267457878,1.0,0.0025,ranging,0.08630692958975417,0.7174212620439929,0.19627180836625305,0.19705623901581723,0.5687609841827768,0.23418277680140598,4
1791232200000,2712.11,2713.97,0.000666919678552258,1.0,0.0025,ranging,0.10040605622558105,0.6827158536811141,0.21687809009330483,0.19705623901581723,0.5687609841827768,0.23418277680140598,4
1791233100000,2713.97,2712.58,0.0019980977519558074,1.0,0.0025,ranging,0.0812151498388323,0.7389998428844626,0.179785007276705,0.19705623901581723,0.5687609841827768,0.23418277680140598,4
1791234000000,2712.58,2712.27,0.002507125028113011,2.0,0.0025,ranging,0.11799707943740546,0.7756660006299,0.1063369199326944,0.19705623901581723,0.5687609841827768,0.23418277680140598,4
1791234900000,2712.28,2713.93,0.0010206600759783413,1.0,0.0025,ranging,0.12830324494407605,0.765731113805351,0.1059656412505729,0.19705623901581723,0.5687609841827768,0.23418277680140598,4
1791235800000,2713.93,2715.78,0.00046395510681995766,1.0,0.0025,ranging,0.12519363006261208,0.6864051302133339,0.18840123972405384,0.19705623901581723,0.5687609841827768,0.23418277680140598,4
1791236700000,2715.77,2718.0,-0.0007358351729213064,1.0,0.0025,ranging,0.1373215890005079,0.7631648420274619,0.09951356897203029,0.19705623901581723,0.5687609841827768,0.23418277680140598,4
1791237600000,2718.01,2719.07,-0.0018131199270340348,1.0,0.0025,ranging,0.17866517884059185,0.6750646524115262,0.14627016874788198,0.19705623901581723,0.5687609841827768,0.23418277680140598,4
1791238500000,2719.07,2716.7,-0.0002392608679646635,1.0,0.0025,ranging,0.11610826630121734,0.7851695219765844,0.09872221172219814,0.19705623901581723,0.5687609841827768,0.23418277680140598,4
1791239400000,2716.71,2717.04,-0.000886994670670993,1.0,0.0025,ranging,0.13614945521563682,0.7396992820502111,0.12415126273415214,0.19705623901581723,0.5687609841827768,0.23418277680140598,4
1791240300000,2717.04,2716.0,-0.0022164948453607947,1.0,0.0025,trending,0.153821354658033,0.7436983695321093,0.10248027580985768,0.19705623901581723,0.5687609841827768,0.23418277680140598,4
1791241200000,2715.99,2714.14,-0.00040160050697446437,1.0,0.0025,trending,0.23001289192085791,0.6867292123441003,0.08325789573504165,0.19705623901581723,0.5687609841827768,0.23418277680140598,4
1791242100000,2714.14,2716.05,-0.0009020452495352993,1.0,0.0025,trending,0.25619692904641106,0.6595584116534704,0.08424465930011855,0.19705623901581723,0.5687609841827768,0.23418277680140598,4
1791243000000,2716.06,2714.63,-0.0008472609526897212,1.0,0.0025,trending,0.21914131306526896,0.7131940251269726,0.06766466180775854,0.19705623901581723,0.5687609841827768,0.23418277680140598,4
1791243900000,2714.64,2709.98,0.0031217942567842716,2.0,0.0025,trending,0.17252746485796475,0.6761770934512886,0.15129544169074666,0.19705623901581723,0.5687609841827768,0.23418277680140598,4
1791244800000,2709.99,2713.05,0.002170988371021476,1.0,0.0025,trending,0.1465987480095991,0.7422910644330925,0.11111018755730837,0.19705623901581723,0.5687609841827768,0.23418277680140598,4
1791245700000,2713.04,2713.6,0.0010760613207547731,1.0,0.0025,trending,0.1331557535975033,0.7305106548058492,0.13633359159664754,0.19705623901581723,0.5687609841827768,0.23418277680140598,4
1791246600000,2713.59,2712.33,-0.0014821205384299985,1.0,0.0025,trending,0.10367036997081129,0.8010727975427686,0.09525683248642013,0.19705623901581723,0.5687609841827768,0.23418277680140598,4
1791247500000,2712.33,2718.44,-0.0038845808625534994,0.0,0.0025,trending,0.1344261928521366,0.7391986046589186,0.12637520248894468,0.19705623901581723,0.5687609841827768,0.23418277680140598,4
1791248400000,2718.45,2718.94,-0.006149455302434159,0.0,0.0025,trending,0.12080881963722226,0.7628494991888377,0.11634168117394006,0.19705623901581723,0.5687609841827768,0.23418277680140598,4
1791249300000,2718.95,2716.52,-0.0038505146290106484,0.0,0.0025,trending,0.10170510218501108,0.7981412486069149,0.10015364920807412,0.19705623901581723,0.5687609841827768,0.23418277680140598,4
1791250200000,2716.53,2708.31,-0.001524936214835071,1.0,0.0025,trending,0.14670274202425965,0.6650352957093716,0.18826196226636874,0.19705623901581723,0.5687609841827768,0.23418277680140598,4
1791251100000,2708.31,2707.88,-0.0021197394271533776,1.0,0.0025,ranging,0.10791645272610904,0.7700228373132968,0.12206070996059418,0.19705623901581723,0.5687609841827768,0.23418277680140598,4
1791252000000,2707.88,2702.22,-0.0006550169860336519,1.0,0.0025,ranging,0.10770908723190163,0.7363370516810761,0.15595386108702222,0.19705623901581723,0.5687609841827768,0.23418277680140598,4
1791252900000,2702.22,2706.06,-0.0025572234170713193,0.0,0.0025,ranging,0.16814752410210052,0.6492263191423503,0.18262615675554916,0.19705623901581723,0.5687609841827768,0.23418277680140598,4
1791253800000,2706.05,2704.18,-0.002573793164656224,0.0,0.0025,ranging,0.14598451717609617,0.6548227012762992,0.19919278154760472,0.19705623901581723,0.5687609841827768,0.23418277680140598,4
1791254700000,2704.18,2702.14,-0.0010436172811177924,1.0,0.0025,ranging,0.1222745220725659,0.7409454717175866,0.1367800062098475,0.19705623901581723,0.5687609841827768,0.23418277680140598,4
1791255600000,2702.14,2700.45,0.0011072228702624365,1.0,0.0025,ranging,0.10895371531945083,0.7535426133800887,0.1375036713004606,0.19705623901581723,0.5687609841827768,0.23418277680140598,4
1791256500000,2700.44,2699.14,0.0014930681624518716,1.0,0.0025,ranging,0.1213119192037694,0.7184537913930199,0.1602342894032107,0.19705623901581723,0.5687609841827768,0.23418277680140598,4
1791257400000,2699.14,2697.22,0.002094749408650509,1.0,0.0025,ranging,0.14467454674517588,0.6770022405969999,0.17832321265782425,0.19705623901581723,0.5687609841827768,0.23418277680140598,4
1791258300000,2697.22,2699.32,0.0011669605678465977,1.0,0.0025,ranging,0.0885032347165871,0.7521991207930462,0.15929764449036674,0.19705623901581723,0.5687609841827768,0.23418277680140598,4
1791259200000,2699.33,2703.44,0.0002330364276625918,1.0,0.0025,ranging,0.11765679684368723,0.710122820508352,0.17222038264796094,0.19705623901581723,0.5687609841827768,0.23418277680140598,4
1791260100000,2703.43,2703.17,-9.248400951478164e-05,1.0,0.0025,ranging,0.10400992160515218,0.7633180379138135,0.13267204048103423,0.19705623901581723,0.5687609841827768,0.23418277680140598,4
1791261000000,2703.17,2702.87,-0.00041067457924337525,1.0,0.0025,ranging,0.09504935675731833,0.7877215115573821,0.11722913168529953,0.19705623901581723,0.5687609841827768,0.23418277680140598,4
1791261900000,2702.87,2702.47,-0.001076792711852459,1.0,0.0025,ranging,0.08238469662235748,0.8198055520770594,0.09780975130058316,0.19705623901581723,0.5687609841827768,0.23418277680140598,4
1791262800000,2702.46,2704.07,-0.004755794043793338,0.0,0.0025,ranging,0.09270984401626726,0.8101712222510379,0.09711893373269483,0.19705623901581723,0.5687609841827768,0.23418277680140598,4
1791263700000,2704.07,2702.92,-0.0036257084930372274,0.0,0.0025,ranging,0.0917117374889165,0.8071768392176213,0.10111142329346207,0.19705623901581723,0.5687609841827768,0.23418277680140598,4
1791264600000,2702.93,2701.76,-0.0016137628804927528,1.0,0.0025,ranging,0.09644393261081569,0.8040168855108136,0.09953918187837063,0.19705623901581723,0.5687609841827768,0.23418277680140598,4
1791265500000,2701.76,2699.56,-0.0006852968631925194,1.0,0.0025,ranging,0.06689660282814631,0.8564479087454995,0.07665548842635428,0.19705623901581723,0.5687609841827768,0.23418277680140598,4
1791266400000,2699.57,2691.21,0.0026716607028065553,2.0,0.0025,ranging,0.2019920007853595,0.5770710351955585,0.2209369640190821,0.19705623901581723,0.5687609841827768,0.23418277680140598,4
1791267300000,2691.21,2693.12,0.0017897457224336222,1.0,0.0025,ranging,0.11603431880001283,0.7693425741223011,0.11462310707768604,0.19705623901581723,0.5687609841827768,0.23418277680140598,4
1791268200000,2693.12,2697.4,0.003558982724104709,2.0,0.0025,ranging,0.10085661464926216,0.7995565451885835,0.09958684016215431,0.19705623901581723,0.5687609841827768,0.23418277680140598,4
1791269100000,2697.41,2697.71,0.003699433964362342,2.0,0.0025,ranging,0.08011509698234297,0.8363591133259711,0.083525789691686,0.19705623901581723,0.5687609841827768,0.23418277680140598,4
1791270000000,2697.71,2698.4,0.004891787726059915,2.0,0.0025,ranging,0.08207745896397309,0.8187636113593542,0.09915892967667282,0.19705623901581723,0.5687609841827768,0.23418277680140598,4
1791270900000,2698.41,2697.94,0.006575387147230716,2.0,0.0025,ranging,0.10146188849578254,0.8236158496082964,0.07492226189592097,0.19705623901581723,0.5687609841827768,0.23418277680140598,4
1791271800000,2697.95,2707.0,0.0030698189878093363,2.0,0.0025,ranging,0.11431761399078418,0.7665002936997699,0.11918209230944594,0.19705623901581723,0.5687609841827768,0.23418277680140598,4
1791272700000,2706.99,2707.69,0.0033829574286567965,2.0,0.0025,ranging,0.10276512578425986,0.7878782998861396,0.10935657432960057,0.19705623901581723,0.5687609841827768,0.23418277680140598,4
1791273600000,2707.69,2711.6,0.001250184392978193,1.0,0.0025,ranging,0.11882132257934425,0.7391378986863214,0.14204077873433443,0.19705623901581723,0.5687609841827768,0.23418277680140598,4
1791274500000,2711.6,2715.68,-0.006270989218169931,0.0,0.0025,ranging,0.11556273592325708,0.7462661392985281,0.13817112477821472,0.19705623901581723,0.5687609841827768,0.23418277680140598,4
1791275400000,2715.67,2715.31,-0.004146856160070045,0.0,0.0025,ranging,0.07727162225081559,0.7840811627942458,0.13864721495493856,0.19705623901581723,0.5687609841827768,0.23418277680140598,4
1791276300000,2715.31,2716.85,-0.0022452472532528134,1.0,0.0025,ranging,0.0757637796867196,0.7655658515998344,0.1586703687134459,0.19705623901581723,0.5687609841827768,0.23418277680140598,4
1791277200000,2716.85,2714.99,-7.734835119077577e-05,1.0,0.0025,ranging,0.06625695907266411,0.7740860989051651,0.15965694202217073,0.19705623901581723,0.5687609841827768,0.23418277680140598,4
1791278100000,2714.99,2698.65,0.0067329961276934025,2.0,0.0025,ranging,0.17593976618123575,0.49365063158580447,0.33040960223295984,0.19705623901581723,0.5687609841827768,0.23418277680140598,4
1791279000000,2698.65,2704.05,0.004940737042584242,2.0,0.0025,ranging,0.18686600419139993,0.5405738668091051,0.2725601289994951,0.19705623901581723,0.5687609841827768,0.23418277680140598,4
1791279900000,2704.05,2710.75,0.0011767960896431617,1.0,0.0025,ranging,0.2044472693536881,0.5465635042373042,0.2489892264090077,0.19705623901581723,0.5687609841827768,0.23418277680140598,4
1791280800000,2710.74,2714.78,-0.0005377968012141299,1.0,0.0025,ranging,0.18647172923320726,0.6495555371059867,0.16397273366080603,0.19705623901581723,0.5687609841827768,0.23418277680140598,4
1791281700000,2714.78,2716.82,-0.0007214316737951254,1.0,0.0025,ranging,0.14905796803645824,0.6968835276625158,0.15405850430102597,0.19705623901581723,0.5687609841827768,0.23418277680140598,4
1791282600000,2716.83,2717.41,-0.00044527693649465405,1.0,0.0025,ranging,0.1378696096882177,0.7000289197780647,0.16210147053371757,0.19705623901581723,0.5687609841827768,0.23418277680140598,4
1791283500000,2717.4,2713.94,5.5270197572676594e-05,1.0,0.0025,ranging,0.1497574157598557,0.6927485721055288,0.15749401213461553,0.19705623901581723,0.5687609841827768,0.23418277680140598,4
1791284400000,2713.93,2713.32,0.0007592174900121762,1.0,0.0025,ranging,0.1733432300705539,0.6165666578451591,0.21009011208428702,0.19705623901581723,0.5687609841827768,0.23418277680140598,4
1791285300000,2713.32,2714.86,-0.002044304310351297,1.0,0.0025,ranging,0.17660077850202813,0.6299136768890701,0.19348554460890185,0.19705623901581723,0.5687609841827768,0.23418277680140598,4
1791286200000,2714.85,2716.2,-0.00037920624401732717,1.0,0.0025,ranging,0.16402504106436602,0.6422862977197908,0.19368866121584316,0.19705623901581723,0.5687609841827768,0.23418277680140598,4
1791287100000,2716.2,2714.09,0.000604254096216339,1.0,0.0025,ranging,0.1304217569050184,0.709534838029899,0.1600434050650826,0.19705623901581723,0.5687609841827768,0.23418277680140598,4
1791288000000,2714.09,2715.38,-0.0011379622741568562,1.0,0.0025,ranging,0.1423862617297236,0.6653733656222977,0.19224037264797872,0.19705623901581723,0.5687609841827768,0.23418277680140598,4
1791288900000,2715.37,2709.31,0.00034695180691768357,1.0,0.0025,ranging,0.15714520397921353,0.6075298521514849,0.23532494386930156,0.19705623901581723,0.5687609841827768,0.23418277680140598,4
1791289800000,2709.3,2715.17,0.0012853707134359293,1.0,0.0025,ranging,0.20454621001946313,0.5414764272123072,0.25397736276822974,0.19705623901581723,0.5687609841827768,0.23418277680140598,4
1791290700000,2715.17,2715.73,-0.000346131611021705,1.0,0.0025,ranging,0.14436526529678825,0.6448783060895202,0.21075642861369143,0.19705623901581723,0.5687609841827768,0.23418277680140598,4
1791291600000,2715.72,2712.29,0.001766035342828376,1.0,0.0025,ranging,0.20747633243951205,0.5916046655957419,0.2009190019647461,0.19705623901581723,0.5687609841827768,0.23418277680140598,4
1791292500000,2712.29,2710.25,-0.0007416290010147097,1.0,0.0025,ranging,0.17255573671058727,0.6137969607485869,0.21364730254082584,0.19705623901581723,0.5687609841827768,0.23418277680140598,4
1791293400000,2710.25,2718.66,-0.0009968146071962503,1.0,0.0025,ranging,0.24432296842791584,0.546276952714571,0.20940007885751324,0.19705623901581723,0.5687609841827768,0.23418277680140598,4
1791294300000,2718.66,2714.79,0.0027442269936164276,2.0,0.0025,ranging,0.2145337997913031,0.5766972703926103,0.20876892981608658,0.19705623901581723,0.5687609841827768,0.23418277680140598,4
1791295200000,2714.79,2717.08,0.002388593637287162,1.0,0.0025,ranging,0.22215660932196285,0.5585403096953457,0.21930308098269133,0.19705623901581723,0.5687609841827768,0.23418277680140598,4
1791296100000,2717.07,2708.24,0.0025034708888429513,2.0,0.0025,ranging,0.17211392461574182,0.5563387582000728,0.2715473171841854,0.19705623901581723,0.5687609841827768,0.23418277680140598,4
1791297000000,2708.24,2715.95,-0.0013402308584472555,1.0,0.0025,ranging,0.18113762312029416,0.591577163621285,0.2272852132584208,0.19705623901581723,0.5687609841827768,0.23418277680140598,4
1791297900000,2715.95,2722.24,-0.007420359703773305,0.0,0.0025,ranging,0.2229719514463569,0.5232474159768341,0.253780632576809,0.19705623901581723,0.5687609841827768,0.23418277680140598,4
1791298800000,2722.25,2723.57,-0.006524524796498676,0.0,0.0025,ranging,0.1969051393278366,0.5945279190051123,0.20856694166705125,0.19705623901581723,0.5687609841827768,0.23418277680140598,4
1791299700000,2723.57,2715.02,-0.00479186157008038,0.0,0.0025,ranging,0.24009701769383407,0.49929399172314076,0.2606089905830251,0.19705623901581723,0.5687609841827768,0.23418277680140598,4
1791300600000,2715.03,2712.31,-0.0045016978147778275,0.0,0.0025,ranging,0.21276139982634779,0.5014117081667742,0.2858268920068781,0.19705623901581723,0.5687609841827768,0.23418277680140598,4
1791301500000,2712.3,2702.04,-0.0023907862207813713,1.0,0.0025,high_volatility,0.18947386129115357,0.5529806440388098,0.2575454946700367,0.19705623901581723,0.5687609841827768,0.23418277680140598,4
1791302400000,2702.04,2705.8,-0.004057949589770127,0.0,0.0025,ranging,0.17476165144664257,0.5388650837548827,0.2863732647984747,0.19705623901581723,0.5687609841827768,0.23418277680140598,4
1791303300000,2705.8,2702.01,-0.001791259099707343,1.0,0.0025,high_volatility,0.210819777975677,0.4273306192792651,0.36184960274505795,0.19705623901581723,0.5687609841827768,0.23418277680140598,4
1791304200000,2702.01,2700.1,-0.0018221547350097955,1.0,0.0025,high_volatility,0.2507786138804308,0.4263114254268789,0.32290996069269035,0.19705623901581723,0.5687609841827768,0.23418277680140598,4
1791305100000,2700.1,2695.58,0.001372617395885234,1.0,0.0025,high_volatility,0.2932001071126685,0.40916228916815467,0.29763760371917675,0.19705623901581723,0.5687609841827768,0.23418277680140598,4
1791306000000,2695.59,2694.82,0.0021596989780392484,1.0,0.0025,ranging,0.2327016355573996,0.49372930019776023,0.27356906424484007,0.19705623901581723,0.5687609841827768,0.23418277680140598,4
1791306900000,2694.81,2697.17,0.00015201118209073883,1.0,0.0025,ranging,0.21912590809354,0.5134766272142816,0.2673974646921784,0.19705623901581723,0.5687609841827768,0.23418277680140598,4
1791307800000,2697.17,2695.18,-7.420654650147629e-05,1.0,0.0025,ranging,0.27046110459496375,0.4290833453868619,0.3004555500181744,0.19705623901581723,0.5687609841827768,0.23418277680140598,4
1791308700000,2695.18,2699.28,-0.003271242701757604,0.0,0.0025,trending,0.2159968547411268,0.5542384299243147,0.22976471533455853,0.19705623901581723,0.5687609841827768,0.23418277680140598,4
1791309600000,2699.29,2700.64,-0.005165442265536946,0.0,0.0025,trending,0.21669659739595007,0.5986238258490569,0.184679576754993,0.19705623901581723,0.5687609841827768,0.23418277680140598,4
1791310500000,2700.64,2697.58,-0.004192646742635975,0.0,0.0025,trending,0.2413172261876333,0.5828044297591601,0.17587834405320654,0.19705623901581723,0.5687609841827768,0.23418277680140598,4
1791311400000,2697.58,2694.98,-0.0026233960919933574,0.0,0.0025,trending,0.26230784356067616,0.5359879290061125,0.20170422743321145,0.19705623901581723,0.5687609841827768,0.23418277680140598,4
1791312300000,2694.98,2690.45,0.0005426601497890982,1.0,0.0025,trending,0.32355876309855763,0.44218915422826743,0.23425208267317493,0.19705623901581723,0.5687609841827768,0.23418277680140598,4
1791313200000,2690.45,2686.69,0.0021625122362460836,1.0,0.0025,trending,0.2691405761440998,0.47914748241401356,0.25171194144188674,0.19705623901581723,0.5687609841827768,0.23418277680140598,4
1791314100000,2686.68,2686.27,0.0030339466993265507,2.0,0.0025,trending,0.25805675530355104,0.4744606592817674,0.26748258541468156,0.19705623901581723,0.5687609841827768,0.23418277680140598,4
1791315000000,2686.27,2687.91,0.0036087517811236314,2.0,0.0025,trending,0.2502123815162734,0.5332440240174809,0.21654359446624563,0.19705623901581723,0.5687609841827768,0.23418277680140598,4
1791315900000,2687.91,2691.91,0.002433216563703988,1.0,0.0025,trending,0.20631086484299568,0.5708659439081777,0.2228231912488267,0.19705623901581723,0.5687609841827768,0.23418277680140598,4
1791316800000,2691.91,2692.5,0.0017604456824511505,1.0,0.0025,trending,0.18783666086328302,0.6342248644361704,0.17793847470054655,0.19705623901581723,0.5687609841827768,0.23418277680140598,4
1791317700000,2692.49,2694.42,0.00096866858173561,1.0,0.0025,trending,0.19041122762343413,0.6581567140819263,0.15143205829463946,0.19705623901581723,0.5687609841827768,0.23418277680140598,4
1791318600000,2694.43,2697.61,-0.000140865432734949,1.0,0.0025,trending,0.16572566469399275,0.7059859169438634,0.1282884183621438,0.19705623901581723,0.5687609841827768,0.23418277680140598,4
1791319500000,2697.61,2698.46,-0.00014823269568575714,1.0,0.0025,low_liquidity,0.12579371179015783,0.789203482249092,0.08500280596075027,0.19705623901581723,0.5687609841827768,0.23418277680140598,4
1791320400000,2698.46,2697.24,-5.931989737650856e-05,1.0,0.0025,low_liquidity,0.12509012821900276,0.7683890505659418,0.10652082121505559,0.19705623901581723,0.5687609841827768,0.23418277680140598,4
1791321300000,2697.25,2697.03,-0.0005784140332144583,1.0,0.0025,trending,0.12990123297030548,0.7820878095826447,0.08801095744704988,0.19705623901581723,0.5687609841827768,0.23418277680140598,4
1791322200000,2697.02,2697.23,-0.00027435554253818495,1.0,0.0025,low_liquidity,0.13489508457012406,0.7802007780988705,0.08490413733100562,0.19705623901581723,0.5687609841827768,0.23418277680140598,4
1791323100000,2697.23,2698.06,-0.0005337168187512509,1.0,0.0025,trending,0.10800263688300239,0.8123950939240491,0.0796022691929485,0.19705623901581723,0.5687609841827768,0.23418277680140598,4
1791324000000,2698.05,2697.08,0.000430094769157785,1.0,0.0025,trending,0.12626219281827075,0.7981159214150885,0.07562188576664064,0.19705623901581723,0.5687609841827768,0.23418277680140598,4
1791324900000,2697.08,2695.47,0.0009645813160601424,1.0,0.0025,trending,0.09972303513474887,0.8257554960343921,0.07452146883085893,0.19705623901581723,0.5687609841827768,0.23418277680140598,4
1791325800000,2695.47,2696.49,0.0010309698904873432,1.0,0.0025,low_liquidity,0.09469209831792368,0.8453243143240168,0.05998358735805952,0.19705623901581723,0.5687609841827768,0.23418277680140598,4
1791326700000,2696.49,2696.62,0.000322626102305712,1.0,0.0025,low_liquidity,0.08656648353933433,0.8612233872950373,0.05221012916562849,0.19705623901581723,0.5687609841827768,0.23418277680140598,4
1791327600000,2696.61,2698.24,0.0001927182163190544,1.0,0.0025,ranging,0.07254663566944644,0.8718526284716226,0.05560073585893096,0.19705623901581723,0.5687609841827768,0.23418277680140598,4
1791328500000,2698.24,2698.07,-0.0015047793422705569,1.0,0.0025,ranging,0.08610575868997547,0.8322333579547423,0.08166088335528235,0.19705623901581723,0.5687609841827768,0.23418277680140598,4
1791329400000,2698.08,2699.27,-0.000526068159169002,1.0,0.0025,ranging,0.07566649709377243,0.8496493961745919,0.07468410673163572,0.19705623901581723,0.5687609841827768,0.23418277680140598,4
1791330300000,2699.27,2697.49,-0.00020760039888934045,1.0,0.0025,ranging,0.08215239662646118,0.8614958905533225,0.05635171282021636,0.19705623901581723,0.5687609841827768,0.23418277680140598,4
1791331200000,2697.49,2698.76,-0.002089848671241734,1.0,0.0025,ranging,0.0839297979015129,0.8616640904751995,0.0544061116232876,0.19705623901581723,0.5687609841827768,0.23418277680140598,4
1791332100000,2698.76,2694.01,-0.0033555925924552144,0.0,0.0025,ranging,0.08041484614593972,0.8267096971507397,0.09287545670332054,0.19705623901581723,0.5687609841827768,0.23418277680140598,4
1791333000000,2694.01,2697.85,-0.0033693496673276035,0.0,0.0025,ranging,0.07906549847465848,0.8520446749314854,0.06888982659385615,0.19705623901581723,0.5687609841827768,0.23418277680140598,4
1791333900000,2697.86,2696.93,-0.014590664199664038,0.0,0.0025,low_liquidity,0.03770415270886793,0.915482619371273,0.04681322791985917,0.19705623901581723,0.5687609841827768,0.23418277680140598,4
1791334800000,2696.92,2693.12,-0.030035794914448632,0.0,0.0025,ranging,0.038312948040922674,0.8625754442474425,0.09911160771163467,0.19705623901581723,0.5687609841827768,0.23418277680140598,4
1791335700000,2693.12,2684.97,-0.027162314662733555,0.0,0.0025,ranging,0.11017773087249459,0.6878928354345025,0.20192943369300287,0.19705623901581723,0.5687609841827768,0.23418277680140598,4
1791336600000,2684.98,2688.76,-0.02764471354825282,0.0,0.0025,trending,0.11587885301377474,0.7287414018002946,0.1553797451859306,0.19705623901581723,0.5687609841827768,0.23418277680140598,4
1791337500000,2688.77,2657.58,-0.0169477494562722,0.0,0.0025,abnormal,0.2831018934898417,0.24129691955243712,0.47560118695772124,0.19705623901581723,0.5687609841827768,0.23418277680140598,4
1791338400000,2657.58,2612.23,-0.0003253924807539166,1.0,0.0025,abnormal,0.13407989449542246,0.2133904467575828,0.6525296587469948,0.19705623901581723,0.5687609841827768,0.23418277680140598,4
1791339300000,2612.22,2612.04,-0.0012710371969801848,1.0,0.0025395028061231083,high_volatility,0.13688040139052204,0.6095426639247161,0.2535769346847618,0.19705623901581723,0.5687609841827768,0.23418277680140598,4
1791340200000,2612.04,2614.43,-0.0009677061539226095,1.0,0.0025,high_volatility,0.10831644861358508,0.7078048393964468,0.18387871198996816,0.19705623901581723,0.5687609841827768,0.23418277680140598,4
1791341100000,2614.44,2612.54,-0.0005358769626494508,1.0,0.0025,high_volatility,0.20290629334628385,0.6481186616428897,0.14897504501082648,0.19705623901581723,0.5687609841827768,0.23418277680140598,4
1791342000000,2612.54,2611.38,0.0003561335385886544,1.0,0.0025,high_volatility,0.19592970708407148,0.6689866699499368,0.13508362296599175,0.19705623901581723,0.5687609841827768,0.23418277680140598,4
1791342900000,2611.39,2608.72,-0.00024149774602089114,1.0,0.0025,high_volatility,0.12390189353617363,0.6721326490263363,0.20396545743748992,0.19705623901581723,0.5687609841827768,0.23418277680140598,4
1791343800000,2608.71,2611.9,-0.0011524177801601754,1.0,0.0025,high_volatility,0.157703010134818,0.7028001657471206,0.13949682411806139,0.19705623901581723,0.5687609841827768,0.23418277680140598,4
1791344700000,2611.91,2611.14,-0.0003178688235789817,1.0,0.0025,high_volatility,0.16075029780180877,0.6964272707110677,0.1428224314871235,0.19705623901581723,0.5687609841827768,0.23418277680140598,4
1791345600000,2611.14,2612.31,0.00046701961099571143,1.0,0.0025,high_volatility,0.15473942198958296,0.7065366047224237,0.13872397328799324,0.19705623901581723,0.5687609841827768,0.23418277680140598,4
1791346500000,2612.3,2608.09,0.002726132917192148,2.0,0.0025,high_volatility,0.1452577990125995,0.6375297516545705,0.21721244933283004,0.19705623901581723,0.5687609841827768,0.23418277680140598,4
1791347400000,2608.1,2608.89,0.0032082609845567323,2.0,0.0025,high_volatility,0.10839473919609996,0.7176288146635246,0.17397644614037533,0.19705623901581723,0.5687609841827768,0.23418277680140598,4
1791348300000,2608.88,2610.31,0.0040569893997264295,2.0,0.0025,trending,0.10312911418837353,0.7180915185478219,0.1787793672638046,0.19705623901581723,0.5687609841827768,0.23418277680140598,4
1791349200000,2610.32,2613.53,0.002379922939472534,1.0,0.0025,trending,0.10641497180950424,0.751047418813142,0.14253760937735377,0.19705623901581723,0.5687609841827768,0.23418277680140598,4
1791350100000,2613.53,2615.2,0.0002753135515449756,1.0,0.0025,trending,0.13652886821742963,0.7235089079157668,0.13996222386680343,0.19705623901581723,0.5687609841827768,0.23418277680140598,4
1791351000000,2615.2,2617.26,0.0022695490704016663,1.0,0.0025,trending,0.1392802554456101,0.7118333759693872,0.14888636858500265,0.19705623901581723,0.5687609841827768,0.23418277680140598,4
1791351900000,2617.25,2620.9,-0.001106490136975835,1.0,0.0025,trending,0.14572591202382,0.6896608416219508,0.16461324635422914,0.19705623901581723,0.5687609841827768,0.23418277680140598,4
1791352800000,2620.89,2619.75,-0.0005305849794827733,1.0,0.0025,trending,0.1263643319551708,0.7675282984762697,0.10610736956855944,0.19705623901581723,0.5687609841827768,0.23418277680140598,4
1791353700000,2619.74,2615.92,0.0006039940059328064,1.0,0.0025,trending,0.13587568504122616,0.5221391762435761,0.3419851387151977,0.19705623901581723,0.5687609841827768,0.23418277680140598,4
1791354600000,2615.93,2623.2,-0.0008272339127781692,1.0,0.0025,trending,0.1830422454556697,0.5496392832431666,0.26731847130116365,0.19705623901581723,0.5687609841827768,0.23418277680140598,4
1791355500000,2623.2,2618.0,-0.0006417112299464955,1.0,0.0025,trending,0.1477253219215052,0.5332986490494286,0.3189760290290663,0.19705623901581723,0.5687609841827768,0.23418277680140598,4
1791356400000,2618.0,2618.36,-0.0011266594356773574,1.0,0.0025,trending,0.07029247415245826,0.7058682193055752,0.22383930654196652,0.19705623901581723,0.5687609841827768,0.23418277680140598,4
1791357300000,2618.37,2617.5,-0.0004469914040114986,1.0,0.0025,trending,0.0627212967732778,0.7402191718805041,0.19705953134621798,0.19705623901581723,0.5687609841827768,0.23418277680140598,4
1791358200000,2617.51,2621.03,-0.003082757541882586,0.0,0.0025,trending,0.08100868055198968,0.7370372280014058,0.18195409144660454,0.19705623901581723,0.5687609841827768,0.23418277680140598,4
1791359100000,2621.03,2616.32,-0.0024194288160470645,1.0,0.0025,trending,0.07898811661907526,0.6947015270750678,0.2263103563058569,0.19705623901581723,0.5687609841827768,0.23418277680140598,4
1791360000000,2616.33,2615.41,-0.0026420331802661234,0.0,0.0025,trending,0.06297889391821544,0.7761572053470048,0.16086390073477977,0.19705623901581723,0.5687609841827768,0.23418277680140598,4
1791360900000,2615.41,2616.33,-0.003799214930838235,0.0,0.0025,trending,0.06025840331459756,0.7536665855190682,0.18607501116633432,0.19705623901581723,0.5687609841827768,0.23418277680140598,4
1791361800000,2616.33,2612.95,-0.0056640961365505005,0.0,0.0025,trending,0.06893049352184707,0.6575440604419096,0.2735254460362434,0.19705623901581723,0.5687609841827768,0.23418277680140598,4
1791362700000,2612.95,2609.99,-0.0049808619956398514,0.0,0.0025,trending,0.061522053341435456,0.7342360426725849,0.20424190398597958,0.19705623901581723,0.5687609841827768,0.23418277680140598,4
1791363600000,2609.99,2608.5,-0.008215449492045224,0.0,0.0025,trending,0.056904647135237504,0.7195053526837841,0.2235900001809783,0.19705623901581723,0.5687609841827768,0.23418277680140598,4
1791364500000,2608.51,2606.39,-0.007500796120304187,0.0,0.0025,trending,0.055585495312087375,0.7298740649640836,0.2145404397238291,0.19705623901581723,0.5687609841827768,0.23418277680140598,4
1791365400000,2606.39,2598.15,-0.008590728018012861,0.0,0.0025,trending,0.07285668029466512,0.4966099331805812,0.4305333865247536,0.19705623901581723,0.5687609841827768,0.23418277680140598,4
1791366300000,2598.15,2596.99,-0.006584545955124921,0.0,0.0025,trending,0.0700122363363321,0.6020045684171033,0.32798319524656455,0.19705623901581723,0.5687609841827768,0.23418277680140598,4
1791367200000,2597.0,2587.07,-0.0015229584046817513,1.0,0.0025,trending,0.07131200131563732,0.4093292693059336,0.519358729378429,0.19705623901581723,0.5687609841827768,0.23418277680140598,4
1791368100000,2587.07,2586.84,-0.003494611185848373,0.0,0.0025,trending,0.06887853379655501,0.6083198096909007,0.3228016565125443,0.19705623901581723,0.5687609841827768,0.23418277680140598,4
1791369000000,2586.85,2575.83,-0.0001552897512646645,1.0,0.0025,high_volatility,0.06593746422361756,0.48363092389607015,0.45043161188031233,0.19705623901581723,0.5687609841827768,0.23418277680140598,4
1791369900000,2575.83,2579.89,-0.00036823275410957645,1.0,0.0025,high_volatility,0.06554509881206604,0.614783380269683,0.31967152091825096,0.19705623901581723,0.5687609841827768,0.23418277680140598,4
1791370800000,2579.9,2583.13,-0.000437453786685138,1.0,0.0025,trending,0.061776951847519905,0.6483972113626386,0.2898258367898414,0.19705623901581723,0.5687609841827768,0.23418277680140598,4
1791371700000,2583.13,2577.8,-0.0016991232834200343,1.0,0.0025,high_volatility,0.06399777611095998,0.6078219010815529,0.32818032280748716,0.19705623901581723,0.5687609841827768,0.23418277680140598,4
1791372600000,2577.81,2575.43,-0.002294762428021624,1.0,0.0025,trending,0.055571739015044294,0.6149781354395708,0.3294501255453848,0.19705623901581723,0.5687609841827768,0.23418277680140598,4
1791373500000,2575.43,2578.94,-0.002326537259494166,1.0,0.0025,trending,0.049012850401747576,0.6811121102305597,0.26987503936769275,0.19705623901581723,0.5687609841827768,0.23418277680140598,4
1791374400000,2578.94,2582.0,-0.007908597986057364,0.0,0.0025,trending,0.05210609197202697,0.7188288237090559,0.2290650843189172,0.19705623901581723,0.5687609841827768,0.23418277680140598,4
1791375300000,2581.99,2573.42,-0.004577566040522063,0.0,0.0025,trending,0.05697874483579665,0.613113094208979,0.3299081609552243,0.19705623901581723,0.5687609841827768,0.23418277680140598,4
1791376200000,2573.42,2569.52,-0.004744076714717216,0.0,0.0025,high_volatility,0.058738924021270976,0.589227035506924,0.3520340404718049,0.19705623901581723,0.5687609841827768,0.23418277680140598,4
1791377100000,2569.52,2572.94,-0.0013603115502109908,1.0,0.0025,trending,0.055719220504817264,0.6937115420555704,0.25056923743961235,0.19705623901581723,0.5687609841827768,0.23418277680140598,4
1791378000000,2572.95,2561.58,0.00030449956667366607,1.0,0.0025,high_volatility,0.07148661765007286,0.4934541077184472,0.43505927463148,0.19705623901581723,0.5687609841827768,0.23418277680140598,4
1791378900000,2561.58,2561.64,0.0001951874580345958,1.0,0.0025,high_volatility,0.07628594061347418,0.6487469552743086,0.2749671041122172,0.19705623901581723,0.5687609841827768,0.23418277680140598,4
1791379800000,2561.65,2557.33,0.0007703346850036485,1.0,0.0025,high_volatility,0.07809604710126991,0.48956179655192966,0.43234215634680034,0.19705623901581723,0.5687609841827768,0.23418277680140598,4
1791380700000,2557.33,2569.44,-0.0021950308238370964,1.0,0.0025146098622619733,high_volatility,0.09724789359778072,0.5909779998532592,0.3117741065489602,0.19705623901581723,0.5687609841827768,0.23418277680140598,4
1791381600000,2569.43,2562.36,0.001030300192010447,1.0,0.0025,high_volatility,0.09281572460877323,0.600317431370319,0.30686684402090786,0.19705623901581723,0.5687609841827768,0.23418277680140598,4
1791382500000,2562.36,2562.14,-0.0003902987346514619,1.0,0.0025,high_volatility,0.09734701656138148,0.6356350283563958,0.2670179550822226,0.19705623901581723,0.5687609841827768,0.23418277680140598,4
1791383400000,2562.13,2559.3,0.00225452272105664,1.0,0.0025,high_volatility,0.08515616634496745,0.6399195396592837,0.2749242939957488,0.19705623901581723,0.5687609841827768,0.23418277680140598,4
1791384300000,2559.29,2563.8,0.0027030189562367024,2.0,0.0025,high_volatility,0.07570312181889217,0.7149724556817301,0.2093244224993777,0.19705623901581723,0.5687609841827768,0.23418277680140598,4
1791385200000,2563.8,2565.0,0.0026861598440546253,2.0,0.0025,high_volatility,0.09818569161308409,0.6352112796061197,0.2666030287807962,0.19705623901581723,0.5687609841827768,0.23418277680140598,4
1791386100000,2565.0,2561.14,0.003908415783596464,2.0,0.0025,high_volatility,0.09352443168499143,0.5641492082809868,0.3423263600340219,0.19705623901581723,0.5687609841827768,0.23418277680140598,4
1791387000000,2561.15,2565.07,0.0005652867173215892,1.0,0.0025,high_volatility,0.11039964420067712,0.5922600266608574,0.2973403291384654,0.19705623901581723,0.5687609841827768,0.23418277680140598,4
1791387900000,2565.07,2570.73,-0.000859677990298513,1.0,0.0025,high_volatility,0.12315089768045738,0.5988122337072045,0.2780368686123382,0.19705623901581723,0.5687609841827768,0.23418277680140598,4
1791388800000,2570.74,2571.89,-0.0004082600733311681,1.0,0.0025,high_volatility,0.16767992991245537,0.5495762741802005,0.28274379590734416,0.19705623901581723,0.5687609841827768,0.23418277680140598,4
1791389700000,2571.89,2571.15,-0.004192676428835473,0.0,0.0025,high_volatility,0.132234066231475,0.6593150088592216,0.20845092490930342,0.19705623901581723,0.5687609841827768,0.23418277680140598,4
1791390600000,2571.14,2566.52,-0.008073188597789938,0.0,0.0025,high_volatility,0.17181653677271055,0.5390344086908343,0.28914905453645523,0.19705623901581723,0.5687609841827768,0.23418277680140598,4
1791391500000,2566.52,2568.52,-0.006575771261271068,0.0,0.0025,trending,0.12587551337719563,0.6968144903559024,0.17730999626690197,0.19705623901581723,0.5687609841827768,0.23418277680140598,4
1791392400000,2568.51,2570.84,-0.004325434488338553,0.0,0.0025,trending,0.1725363697682017,0.6627341965292223,0.1647294337025761,0.19705623901581723,0.5687609841827768,0.23418277680140598,4
1791393300000,2570.83,2560.37,-0.0004413424622222717,1.0,0.0025,trending,0.15342044091794482,0.5811459650030714,0.26543359407898387,0.19705623901581723,0.5687609841827768,0.23418277680140598,4
1791394200000,2560.37,2545.8,0.004996464765496089,2.0,0.0025,high_volatility,0.1509095019656549,0.31085513143921006,0.538235366595135,0.19705623901581723,0.5687609841827768,0.23418277680140598,4
1791395100000,2545.8,2551.63,0.004448137073165048,2.0,0.0025,high_volatility,0.1346246131659215,0.5215604228969134,0.3438149639371651,0.19705623901581723,0.5687609841827768,0.23418277680140598,4
1791396000000,2551.63,2559.72,0.0008633756817151284,1.0,0.0025,high_volatility,0.18047698592135508,0.5429776008770516,0.2765454132015933,0.19705623901581723,0.5687609841827768,0.23418277680140598,4
1791396900000,2559.73,2559.24,0.0031259280098778763,2.0,0.0025,high_volatility,0.17568587939764213,0.611940502105982,0.2123736184963758,0.19705623901581723,0.5687609841827768,0.23418277680140598,4
1791397800000,2559.24,2558.52,0.0045651392211121244,2.0,0.0025,high_volatility,0.1750615686812171,0.5796013228782667,0.24533710844051632,0.19705623901581723,0.5687609841827768,0.23418277680140598,4
1791398700000,2558.51,2562.98,0.003164285324114946,2.0,0.0025,high_volatility,0.14953486259116927,0.6650629302093867,0.185402207199444,0.19705623901581723,0.5687609841827768,0.23418277680140598,4
1791399600000,2562.98,2561.93,0.005570019477503241,2.0,0.0025,trending,0.14068264232027552,0.716179745982882,0.14313761169684236,0.19705623901581723,0.5687609841827768,0.23418277680140598,4
1791400500000,2561.92,2567.24,0.00409778594911292,2.0,0.0025,trending,0.13776709495358513,0.7158882655918658,0.14634463945454898,0.19705623901581723,0.5687609841827768,0.23418277680140598,4
1791401400000,2567.23,2570.2,0.0003346043109486718,1.0,0.0025,trending,0.10995676110624701,0.7750929814748618,0.11495025741889117,0.19705623901581723,0.5687609841827768,0.23418277680140598,4
1791402300000,2570.2,2571.09,0.001334064540720048,1.0,0.0025,trending,0.12625340676443197,0.7400685001344751,0.13367809310109294,0.19705623901581723,0.5687609841827768,0.23418277680140598,4
1791403200000,2571.1,2576.2,-0.001389643661206419,1.0,0.0025,trending,0.1187512105358572,0.7624654267890519,0.11878336267509089,0.19705623901581723,0.5687609841827768,0.23418277680140598,4
1791404100000,2576.19,2577.76,-0.0029638135435418045,0.0,0.0025,trending,0.12058933751442232,0.757493774230493,0.12191688825508469,0.19705623901581723,0.5687609841827768,0.23418277680140598,4
1791405000000,2577.76,2571.06,-0.001800813672181989,1.0,0.0025,ranging,0.15810454405149257,0.6149871526068272,0.22690830334168016,0.19705623901581723,0.5687609841827768,0.23418277680140598,4
1791405900000,2571.05,2574.52,-0.0026529217096779023,0.0,0.0025,low_liquidity,0.11355828840852121,0.7556474007843177,0.13079431080716103,0.19705623901581723,0.5687609841827768,0.23418277680140598,4
1791406800000,2574.52,2572.62,-0.0019241084963965704,1.0,0.0025,ranging,0.12058392298130048,0.7329809214363905,0.1464351555823091,0.19705623901581723,0.5687609841827768,0.23418277680140598,4
1791407700000,2572.62,2570.12,-0.0002178886588952711,1.0,0.0025,ranging,0.1458553485663938,0.6967059636038896,0.15743868782971657,0.19705623901581723,0.5687609841827768,0.23418277680140598,4
1791408600000,2570.12,2566.43,0.0014183125976552358,1.0,0.0025,ranging,0.16892709430760003,0.6234520982142991,0.2076208074781009,0.19705623901581723,0.5687609841827768,0.23418277680140598,4
1791409500000,2566.43,2567.69,0.0008217502891705308,1.0,0.0025,ranging,0.13052369560349464,0.7256444884876384,0.14383181590886698,0.19705623901581723,0.5687609841827768,0.23418277680140598,4
1791410400000,2567.7,2567.67,0.0003777744024737739,1.0,0.0025,ranging,0.1659979935413923,0.6768992076216043,0.15710279883700345,0.19705623901581723,0.5687609841827768,0.23418277680140598,4
1791411300000,2567.66,2569.56,0.0025335076822492475,2.0,0.0025,low_liquidity,0.15071764759763756,0.7097341026665468,0.13954824973581573,0.19705623901581723,0.5687609841827768,0.23418277680140598,4
1791412200000,2569.56,2570.07,0.0019299085238924096,1.0,0.0025,low_liquidity,0.0949804163094721,0.7934521653979524,0.11156741829257551,0.19705623901581723,0.5687609841827768,0.23418277680140598,4
1791413100000,2570.06,2569.8,0.001688847381118963,1.0,0.0025,low_liquidity,0.08940854500925005,0.8000081840776334,0.11058327091311661,0.19705623901581723,0.5687609841827768,0.23418277680140598,4
1791414000000,2569.8,2568.64,0.0010783916780865432,1.0,0.0025,ranging,0.07593585282874027,0.8434108909363405,0.08065325623491935,0.19705623901581723,0.5687609841827768,0.23418277680140598,4
1791414900000,2568.65,2576.07,-0.0014828789590345393,1.0,0.0025,ranging,0.12616367456125532,0.7265261131010108,0.1473102123377338,0.19705623901581723,0.5687609841827768,0.23418277680140598,4
1791415800000,2576.08,2575.03,-0.001168918420368037,1.0,0.0025,ranging,0.10612502158957596,0.7940907260186534,0.09978425239177068,0.19705623901581723,0.5687609841827768,0.23418277680140598,4
1791416700000,2575.04,2574.14,0.0006254516071386718,1.0,0.0025,ranging,0.11732540689116294,0.7633214524010283,0.11935314070780881,0.19705623901581723,0.5687609841827768,0.23418277680140598,4
1791417600000,2574.15,2571.41,0.004091140658238013,2.0,0.0025,ranging,0.16109717496135553,0.6640909355099025,0.17481188952874188,0.19705623901581723,0.5687609841827768,0.23418277680140598,4
1791418500000,2571.4,2572.25,0.003603848770531659,2.0,0.0025,ranging,0.1666711352929458,0.6871033946690277,0.14622547003802666,0.19705623901581723,0.5687609841827768,0.23418277680140598,4
1791419400000,2572.25,2572.02,0.004234026173979943,2.0,0.0025,ranging,0.1261161108883709,0.7619252281938322,0.11195866091779695,0.19705623901581723,0.5687609841827768,0.23418277680140598,4
1791420300000,2572.02,2575.75,0.00088906143841605,1.0,0.0025,ranging,0.1457291308616916,0.7375560330203481,0.11671483611796042,0.19705623901581723,0.5687609841827768,0.23418277680140598,4
1791421200000,2575.75,2581.93,-0.001452401885411292,1.0,0.0025,ranging,0.23096744147816714,0.5062178535366728,0.2628147049851601,0.19705623901581723,0.5687609841827768,0.23418277680140598,4
1791422100000,2581.93,2581.52,-0.0010923796832874588,1.0,0.0025,ranging,0.1960528717095996,0.6399989871457249,0.16394814114467565,0.19705623901581723,0.5687609841827768,0.23418277680140598,4
1791423000000,2581.51,2582.91,0.00039877502506868723,1.0,0.0025,ranging,0.16343786563983922,0.7214067233301372,0.11515541103002357,0.19705623901581723,0.5687609841827768,0.23418277680140598,4
1791423900000,2582.91,2578.04,0.0008843927945261232,1.0,0.0025,ranging,0.17130950043084991,0.7005227732726264,0.1281677262965238,0.19705623901581723,0.5687609841827768,0.23418277680140598,4
1791424800000,2578.04,2578.18,-0.003172780798858077,0.0,0.0025,ranging,0.21762614484437973,0.5997764135005629,0.18259744165505742,0.19705623901581723,0.5687609841827768,0.23418277680140598,4
1791425700000,2578.18,2578.7,-0.0030441695427928517,0.0,0.0025,ranging,0.19700528755409666,0.6527771255185328,0.15021758692737056,0.19705623901581723,0.5687609841827768,0.23418277680140598,4
1791426600000,2578.71,2583.94,-0.006188224184772162,0.0,0.0025,ranging,0.2281700269947732,0.5916698792227051,0.18016009378252165,0.19705623901581723,0.5687609841827768,0.23418277680140598,4
1791427500000,2583.95,2580.32,-0.006193030321820503,0.0,0.0025,ranging,0.20142968947859996,0.5273741839656049,0.2711961265557951,0.19705623901581723,0.5687609841827768,0.23418277680140598,4
1791428400000,2580.31,2570.0,-0.002964980544747031,0.0,0.0025,ranging,0.27755748954697074,0.4482370247140556,0.27420548573897363,0.19705623901581723,0.5687609841827768,0.23418277680140598,4
1791429300000,2570.0,2570.85,0.000941322908765585,1.0,0.0025,ranging,0.277963745084465,0.44023139144776857,0.28180486346776645,0.19705623901581723,0.5687609841827768,0.23418277680140598,4
1791430200000,2570.85,2567.95,-0.003738390544987258,0.0,0.0025,ranging,0.26016440089551884,0.4442614307787158,0.29557416832576544,0.19705623901581723,0.5687609841827768,0.23418277680140598,4
1791431100000,2567.94,2564.34,-0.0006941357230321188,1.0,0.0025,ranging,0.24492554136675684,0.41893020569587536,0.3361442529373677,0.19705623901581723,0.5687609841827768,0.23418277680140598,4
1791432000000,2564.35,2562.38,0.0025796329974474563,2.0,0.0025,ranging,0.2201775266808789,0.4731347515432479,0.3066877217758731,0.19705623901581723,0.5687609841827768,0.23418277680140598,4
1791432900000,2562.38,2573.27,-0.00027202742036391836,1.0,0.0025,ranging,0.24556969023976147,0.3082361881727527,0.4461941215874858,0.19705623901581723,0.5687609841827768,0.23418277680140598,4
1791433800000,2573.26,2558.35,0.004377821642855828,2.0,0.0025,ranging,0.2756700720640023,0.3759403211692036,0.34838960676679415,0.19705623901581723,0.5687609841827768,0.23418277680140598,4
1791434700000,2558.34,2562.56,-0.00035511363636353543,1.0,0.0025,ranging,0.30981102483425377,0.3721749536385404,0.31801402152720576,0.19705623901581723,0.5687609841827768,0.23418277680140598,4
1791435600000,2562.57,2568.99,0.0011171705611934257,1.0,0.0025,ranging,0.24974088095987526,0.46390498357050947,0.2863541354696152,0.19705623901581723,0.5687609841827768,0.23418277680140598,4
1791436500000,2568.99,2572.57,-0.00543036729807167,0.0,0.0025,ranging,0.30047205372001756,0.46927907146006115,0.23024887481992132,0.19705623901581723,0.5687609841827768,0.23418277680140598,4
1791437400000,2572.57,2569.55,-0.002934365939561423,0.0,0.0025,ranging,0.24334101530566782,0.5194385382778454,0.23722044641648685,0.19705623901581723,0.5687609841827768,0.23418277680140598,4
1791438300000,2569.54,2561.65,0.001990904299962848,1.0,0.0025,ranging,0.26573914379718505,0.424138314596886,0.31012254160592884,0.19705623901581723,0.5687609841827768,0.23418277680140598,4
1791439200000,2561.65,2571.86,-0.0007232119944321491,1.0,0.0025,ranging,0.30387754842934644,0.4286867519708449,0.2674356995998086,0.19705623901581723,0.5687609841827768,0.23418277680140598,4
1791440100000,2571.86,2558.6,0.005272414601735331,2.0,0.0025,trending,0.23881708413768227,0.47270372871947425,0.2884791871428435,0.19705623901581723,0.5687609841827768,0.23418277680140598,4
1791441000000,2558.6,2562.01,0.004270084816218267,2.0,0.0025,trending,0.3012931425748557,0.42327831363399304,0.2754285437911513,0.19705623901581723,0.5687609841827768,0.23418277680140598,4
1791441900000,2562.01,2566.75,0.0006467322489529526,1.0,0.0025,trending,0.2973881145951416,0.43015848232489523,0.27245340307996313,0.19705623901581723,0.5687609841827768,0.23418277680140598,4
1791442800000,2566.76,2570.0,-0.0010350194552528613,1.0,0.0025,trending,0.3026888631973249,0.4653494735183128,0.2319616632843622,0.19705623901581723,0.5687609841827768,0.23418277680140598,4
1791443700000,2570.01,2572.09,-0.0024221547457514703,1.0,0.0025,ranging,0.25250175447912687,0.5287084414952307,0.21878980402564238,0.19705623901581723,0.5687609841827768,0.23418277680140598,4
1791444600000,2572.09,2572.95,-0.0037699916438328485,0.0,0.0025,ranging,0.20905682557204353,0.567012903715232,0.22393027071272442,0.19705623901581723,0.5687609841827768,0.23418277680140598,4
1791445500000,2572.95,2568.41,-0.0032432516615337192,0.0,0.0025,ranging,0.21579127912614327,0.5086678306433341,0.27554089023052264,0.19705623901581723,0.5687609841827768,0.23418277680140598,4
1791446400000,2568.42,2567.34,-0.0007984918242227579,1.0,0.0025,ranging,0.20057454675766961,0.5396945728939319,0.2597308803483985,0.19705623901581723,0.5687609841827768,0.23418277680140598,4
1791447300000,2567.33,2565.86,-0.001017202809194595,1.0,0.0025,ranging,0.21058437915651432,0.49824335904992506,0.29117226179356076,0.19705623901581723,0.5687609841827768,0.23418277680140598,4
1791448200000,2565.85,2563.25,0.0017633863259534088,1.0,0.0025,ranging,0.1997717700127943,0.5024550791206074,0.29777315086659834,0.19705623901581723,0.5687609841827768,0.23418277680140598,4
1791449100000,2563.25,2560.08,0.003066310427799035,2.0,0.0025,ranging,0.2015219602543653,0.48325528101301146,0.3152227587326232,0.19705623901581723,0.5687609841827768,0.23418277680140598,4
1791450000000,2560.08,2565.29,-0.0004054122535853688,1.0,0.0025,ranging,0.18496063685372824,0.5065369882222299,0.3085023749240419,0.19705623901581723,0.5687609841827768,0.23418277680140598,4
1791450900000,2565.28,2563.25,-0.002465619818589726,1.0,0.0025,ranging,0.21115808328962887,0.504799777880278,0.2840421388300931,0.19705623901581723,0.5687609841827768,0.23418277680140598,4
1791451800000,2563.31,2567.77,-0.0051172807533385045,0.0,0.0025,ranging,0.19851749172249342,0.5427564734623819,0.25872603481512485,0.19705623901581723,0.5687609841827768,0.23418277680140598,4
1791452700000,2567.77,2567.93,-0.006440985540883126,0.0,0.0025,ranging,0.1569761646254584,0.6332717390375282,0.20975209633701328,0.19705623901581723,0.5687609841827768,0.23418277680140598,4
1791453600000,2567.94,2564.25,-0.010010724383347935,0.0,0.0025,ranging,0.19506735326595137,0.527792027275538,0.2771406194585106,0.19705623901581723,0.5687609841827768,0.23418277680140598,4
1791454500000,2564.25,2556.93,-0.006922363928617448,0.0,0.0025,ranging,0.18335801310231353,0.4912058486941696,0.3254361382035169,0.19705623901581723,0.5687609841827768,0.23418277680140598,4
1791455400000,2556.92,2554.63,-0.005006595867111829,0.0,0.0025,ranging,0.15617644547784362,0.45976227790052626,0.38406127662163,0.19705623901581723,0.5687609841827768,0.23418277680140598,4
1791456300000,2554.64,2551.39,-0.005471527285126898,0.0,0.0025,ranging,0.15067032840910724,0.494511820177186,0.35481785141370686,0.19705623901581723,0.5687609841827768,0.23418277680140598,4
1791457200000,2551.4,2538.58,-0.0007957204421369379,1.0,0.0025,trending,0.2915797273656564,0.26857086893055715,0.43984940370378633,0.19705623901581723,0.5687609841827768,0.23418277680140598,4
1791458100000,2538.59,2539.23,-0.0010514998641321105,1.0,0.0025,trending,0.2898475672231926,0.38194824192998333,0.32820419084682395,0.19705623901581723,0.5687609841827768,0.23418277680140598,4
1791459000000,2539.24,2541.84,-0.003458124822962927,0.0,0.0025,trending,0.1928941028956861,0.4547879676725228,0.3523179294317912,0.19705623901581723,0.5687609841827768,0.23418277680140598,4
1791459900000,2541.85,2537.43,-0.0028848086449674293,0.0,0.0025,trending,0.1792399745476583,0.4587567089668414,0.36200331648550027,0.19705623901581723,0.5687609841827768,0.23418277680140598,4
1791460800000,2537.42,2536.56,-6.701990096824595e-05,1.0,0.0025,trending,0.148817166239861,0.49721769506321867,0.35396513869692037,0.19705623901581723,0.5687609841827768,0.23418277680140598,4
1791461700000,2536.57,2536.56,-0.0008870281010502357,1.0,0.0025,trending,0.1422600013108241,0.5730533467995846,0.28468665188959114,0.19705623901581723,0.5687609841827768,0.23418277680140598,4
1791462600000,2536.56,2533.05,-0.007098162294467136,0.0,0.0025,trending,0.12071493440662322,0.5404292272555326,0.3388558383378442,0.19705623901581723,0.5687609841827768,0.23418277680140598,4
1791463500000,2533.06,2530.11,-0.003082869914746822,0.0,0.0025,trending,0.12001240036241645,0.32947880013034725,0.5505087995072363,0.19705623901581723,0.5687609841827768,0.23418277680140598,4
1791464400000,2530.1,2536.39,-0.0013877991949187152,1.0,0.0025,high_volatility,0.1809700641419394,0.5554312140913709,0.2635987217666899,0.19705623901581723,0.5687609841827768,0.23418277680140598,4
1791465300000,2536.39,2534.31,0.00022491329000806637,1.0,0.0025,high_volatility,0.20829831810747343,0.5579053016201379,0.23379638027238864,0.19705623901581723,0.5687609841827768,0.23418277680140598,4
1791466200000,2534.3,2515.07,0.004962088530339193,2.0,0.002727117200310569,high_volatility,0.10100743365157415,0.26942153430475313,0.6295710320436727,0.19705623901581723,0.5687609841827768,0.23418277680140598,4
1791467100000,2515.06,2522.31,0.0037307071692218585,2.0,0.002881700236823904,high_volatility,0.10424124274392783,0.35564508613430174,0.5401136711217704,0.19705623901581723,0.5687609841827768,0.23418277680140598,4
1791468000000,2522.31,2532.87,-0.009321441684729037,0.0,0.0029521857254098272,high_volatility,0.13910974959629732,0.5124644776500707,0.348425772753632,0.19705623901581723,0.5687609841827768,0.23418277680140598,4
1791468900000,2532.87,2534.88,-0.027330682320267696,0.0,0.0028833580895952352,high_volatility,0.16004569631857946,0.5863519693769149,0.25360233430450557,0.19705623901581723,0.5687609841827768,0.23418277680140598,4
1791469800000,2534.89,2527.55,-0.029451445075270533,0.0,0.0028448940618382925,high_volatility,0.11808820474009309,0.59448560213177,0.287426193128137,0.19705623901581723,0.5687609841827768,0.23418277680140598,4
1791470700000,2527.54,2531.72,-0.03794258448801602,0.0,0.0027641274880880543,high_volatility,0.13238878965781703,0.571604599322337,0.29600661101984616,0.19705623901581723,0.5687609841827768,0.23418277680140598,4
1791471600000,2531.72,2509.26,-0.03362345870894223,0.0,0.0029761750753451934,high_volatility,0.09905770906215083,0.44749945859128815,0.4534428323465611,0.19705623901581723,0.5687609841827768,0.23418277680140598,4
1791472500000,2509.27,2465.6,-0.014686080467229079,0.0,0.003816340325863564,abnormal,0.05655553405638621,0.20250707147138697,0.7409373944722268,0.19705623901581723,0.5687609841827768,0.23418277680140598,4
1791473400000,2465.6,2453.11,-0.009180183522141228,0.0,0.004177973301437174,high_volatility,0.0801045052004461,0.34116546537444176,0.5787300294251122,0.19705623901581723,0.5687609841827768,0.23418277680140598,4
1791474300000,2453.12,2435.66,-0.007866450982485174,0.0,0.004426414345637941,high_volatility,0.07487717634223502,0.4097608979995052,0.5153619256582598,0.19705623901581723,0.5687609841827768,0.23418277680140598,4
1791475200000,2435.67,2424.89,0.0003216640754839517,1.0,0.004579003723475365,high_volatility,0.07510495250934238,0.3868283969682235,0.5380666505224341,0.19705623901581723,0.5687609841827768,0.23418277680140598,4
1791476100000,2424.89,2429.39,-0.0039145629149702765,1.0,0.004628808772314868,high_volatility,0.0729537753259492,0.6331935497446665,0.29385267492938427,0.19705623901581723,0.5687609841827768,0.23418277680140598,4
1791477000000,2429.39,2430.59,-0.0032461254263369543,1.0,0.004567243892689842,high_volatility,0.08717996430543877,0.7294176632321719,0.18340237246238922,0.19705623901581723,0.5687609841827768,0.23418277680140598,4
1791477900000,2430.59,2416.5,0.0007241878750259279,1.0,0.004639953454841091,high_volatility,0.07787420021288122,0.5967818777615398,0.32534392202557905,0.19705623901581723,0.5687609841827768,0.23418277680140598,4
1791478800000,2416.49,2425.67,-0.0033104255731406518,1.0,0.00459083227688802,high_volatility,0.10789310340622107,0.6799286536244303,0.2121782429693486,0.19705623901581723,0.5687609841827768,0.23418277680140598,4
1791479700000,2425.67,2419.88,0.00831859431046178,2.0,0.004630512188267495,high_volatility,0.07092989706135791,0.650232729758735,0.27883737317990703,0.19705623901581723,0.5687609841827768,0.23418277680140598,4
1791480600000,2419.87,2422.7,0.010731828125644993,2.0,0.004438397827803739,high_volatility,0.10979823093339704,0.7428680015999953,0.14733376746660762,0.19705623901581723,0.5687609841827768,0.23418277680140598,4
1791481500000,2422.69,2418.25,0.011996278300423935,2.0,0.004404181991890871,high_volatility,0.07729388794743428,0.6376701160187572,0.2850359960338084,0.19705623901581723,0.5687609841827768,0.23418277680140598,4
1791482400000,2418.25,2417.64,0.013997121159477821,2.0,0.0042179082057759755,high_volatility,0.09535392995853413,0.72950112912044,0.17514494092102595,0.19705623901581723,0.5687609841827768,0.23418277680140598,4
1791483300000,2417.64,2440.01,0.006635218708119783,2.0,0.004307534650910646,high_volatility,0.11773235445861487,0.6915156065926433,0.1907520389487418,0.19705623901581723,0.5687609841827768,0.23418277680140598,4
1791484200000,2440.0,2448.7,0.005272185241148586,2.0,0.004222285851571105,high_volatility,0.12752023446525673,0.7188270478372715,0.15365271769747174,0.19705623901581723,0.5687609841827768,0.23418277680140598,4
1791485100000,2448.7,2447.26,0.007081388981963421,2.0,0.0040219454685078765,high_volatility,0.1560865028660622,0.6614287158673836,0.18248478126655424,0.19705623901581723,0.5687609841827768,0.23418277680140598,4
1791486000000,2447.27,2451.48,0.008345978755690542,2.0,0.003928929855620384,high_volatility,0.15347907563433874,0.674429043487779,0.17209188087788213,0.19705623901581723,0.5687609841827768,0.23418277680140598,4
1791486900000,2451.49,2456.2,0.00558179301359818,2.0,0.003820477872670084,high_volatility,0.14758850072080687,0.6702459417427329,0.18216555753646027,0.19705623901581723,0.5687609841827768,0.23418277680140598,4
1791487800000,2456.21,2461.61,0.004257376270002222,2.0,0.003682553600549445,high_volatility,0.16642228895214028,0.6474548304086601,0.18612288063919966,0.19705623901581723,0.5687609841827768,0.23418277680140598,4
1791488700000,2461.6,2464.59,0.004187309045317722,2.0,0.0035188449192195582,high_volatility,0.1832847089335876,0.629685537405828,0.1870297536605843,0.19705623901581723,0.5687609841827768,0.23418277680140598,4
1791489600000,2464.6,2471.94,0.0006836735519470949,1.0,0.0033963096074041093,high_volatility,0.24298719817364686,0.5909949105161962,0.16601789131015693,0.19705623901581723,0.5687609841827768,0.23418277680140598,4
1791490500000,2471.93,2469.91,0.002214655594738435,1.0,0.0032779435115925146,high_volatility,0.22813354940081879,0.6064860222582573,0.16538042834092376,0.19705623901581723,0.5687609841827768,0.23418277680140598,4
1791491400000,2469.9,2472.09,0.001173096448753741,1.0,0.0032028691443656203,trending,0.1970657168694688,0.6013175375865357,0.2016167455439954,0.19705623901581723,0.5687609841827768,0.23418277680140598,4
1791492300000,2472.08,2474.91,0.0018546128950143181,1.0,0.0031234368170453626,trending,0.1991399662490465,0.5959531563257368,0.20490687742521682,0.19705623901581723,0.5687609841827768,0.23418277680140598,4
1791493200000,2474.9,2473.63,0.0023002631759803105,1.0,0.0030345491434323095,trending,0.1647659217589208,0.6363303460339155,0.19890373220716365,0.19705623901581723,0.5687609841827768,0.23418277680140598,4
1791494100000,2473.64,2475.38,-0.00047265470352031436,1.0,0.002898215147622065,trending,0.12762462641446976,0.6779298887865881,0.1944454847989421,0.19705623901581723,0.5687609841827768,0.23418277680140598,4
1791495000000,2475.39,2474.99,0.00034747615141883514,1.0,0.0027773384815283344,trending,0.10516573490469475,0.7089751449358163,0.18585912015948908,0.19705623901581723,0.5687609841827768,0.23418277680140598,4
1791495900000,2475.0,2479.5,-0.001270417422867598,1.0,0.002782718422181071,trending,0.11830757401222237,0.7003293033998135,0.18136312258796414,0.19705623901581723,0.5687609841827768,0.23418277680140598,4
1791496800000,2479.5,2479.32,-0.0012785763838472075,1.0,0.002645332310627036,trending,0.09060570628683211,0.7629939785930702,0.1464003151200978,0.19705623901581723,0.5687609841827768,0.23418277680140598,4
1791497700000,2479.32,2474.21,0.001604552564252737,1.0,0.0025631306546040357,trending,0.11664715515334398,0.6482981772024667,0.2350546676441893,0.19705623901581723,0.5687609841827768,0.23418277680140598,4
1791498600000,2474.21,2475.85,-4.442918593616785e-05,1.0,0.0025,trending,0.1070898250793228,0.6826042669517153,0.210305907968962,0.19705623901581723,0.5687609841827768,0.23418277680140598,4
1791499500000,2475.85,2476.35,-0.0006259212146908499,1.0,0.0025,ranging,0.10925780709573353,0.6551638020528949,0.23557839085137156,0.19705623901581723,0.5687609841827768,0.23418277680140598,4
1791500400000,2476.36,2476.15,0.0015467560527431257,1.0,0.0025,ranging,0.1057555543145211,0.6575075165042662,0.23673692918121264,0.19705623901581723,0.5687609841827768,0.23418277680140598,4
1791501300000,2476.14,2478.18,0.00015333833700537092,1.0,0.0025,ranging,0.10556992095384966,0.6907728343190846,0.2036572447270658,0.19705623901581723,0.5687609841827768,0.23418277680140598,4
1791502200000,2478.18,2475.74,0.00200748059166167,1.0,0.0025,ranging,0.13422320329609033,0.7091557381618554,0.15662105854205416,0.19705623901581723,0.5687609841827768,0.23418277680140598,4
1791503100000,2475.74,2474.8,0.0013819298529171853,1.0,0.0025,ranging,0.11305551165219911,0.7572427904047159,0.12970169794308517,0.19705623901581723,0.5687609841827768,0.23418277680140598,4
1791504000000,2474.88,2479.98,-0.001693562044855157,1.0,0.0025,ranging,0.1338041404658762,0.7441174128305507,0.12207844670357303,0.19705623901581723,0.5687609841827768,0.23418277680140598,4
1791504900000,2479.98,2478.56,0.0002703182493060119,1.0,0.0025,low_liquidity,0.1361925974685264,0.747627786278149,0.11617961625332471,0.19705623901581723,0.5687609841827768,0.23418277680140598,4
1791505800000,2478.55,2480.71,0.0016446904313685007,1.0,0.0025,ranging,0.16415603938431134,0.7259554150189671,0.10988854559672165,0.19705623901581723,0.5687609841827768,0.23418277680140598,4
1791506700000,2480.71,2478.22,0.0015938859342594647,1.0,0.0025,ranging,0.18509945232134,0.7154075166981775,0.0994930309804825,0.19705623901581723,0.5687609841827768,0.23418277680140598,4
1791507600000,2478.22,2475.78,0.002714296100622793,2.0,0.0025,ranging,0.20500584072443792,0.6818293033011198,0.11316485597444238,0.19705623901581723,0.5687609841827768,0.23418277680140598,4
1791508500000,2475.78,2479.23,-0.0003146138115464048,1.0,0.0025,ranging,0.3490793531377673,0.5305468955876256,0.12037375127460703,0.19705623901581723,0.5687609841827768,0.23418277680140598,4
1791509400000,2479.22,2484.79,0.0004829381959843282,1.0,0.0025,ranging,0.33191656604771097,0.5317391374873225,0.13634429646496662,0.19705623901581723,0.5687609841827768,0.23418277680140598,4
1791510300000,2484.79,2482.17,0.003025578425329245,2.0,0.0025,ranging,0.17266789261100082,0.7396687165312088,0.08766339085779049,0.19705623901581723,0.5687609841827768,0.23418277680140598,4
1791511200000,2482.18,2482.5,0.0010956696878146044,1.0,0.0025,ranging,0.18345408026972607,0.7211298830371757,0.0954160366930982,0.19705623901581723,0.5687609841827768,0.23418277680140598,4
1791512100000,2482.5,2478.45,0.004349492626440021,2.0,0.0025,ranging,0.2236982010365764,0.6512123413895329,0.12508945757389078,0.19705623901581723,0.5687609841827768,0.23418277680140598,4
1791513000000,2478.46,2485.99,0.002618675055008346,2.0,0.0025,ranging,0.23946388481777314,0.624019857262503,0.1365162579197239,0.19705623901581723,0.5687609841827768,0.23418277680140598,4
1791513900000,2486.0,2489.68,0.0016106487580733742,1.0,0.0025,ranging,0.27781127603989997,0.5596763926502085,0.16251233130989143,0.19705623901581723,0.5687609841827768,0.23418277680140598,4
1791514800000,2489.68,2485.22,0.004257168379459442,2.0,0.0025,ranging,0.19121117342445382,0.6501516834182204,0.15863714315732586,0.19705623901581723,0.5687609841827768,0.23418277680140598,4
1791515700000,2485.22,2489.23,0.0017997533373774743,1.0,0.0025,ranging,0.14212688138703905,0.7246687196585402,0.13320439895442074,0.19705623901581723,0.5687609841827768,0.23418277680140598,4
1791516600000,2489.22,2492.5,-0.0006740220661984875,1.0,0.0025,ranging,0.15554168698901882,0.6927411359723689,0.15171717703861226,0.19705623901581723,0.5687609841827768,0.23418277680140598,4
1791517500000,2492.51,2493.69,-0.0025223664529271383,0.0,0.0025,ranging,0.11518088389918553,0.7527201916840498,0.13209892441676485,0.19705623901581723,0.5687609841827768,0.23418277680140598,4
1791518400000,2493.68,2495.8,-0.0016107059860566153,1.0,0.0025,trending,0.1375438943077921,0.7201994635346968,0.14225664215751105,0.19705623901581723,0.5687609841827768,0.23418277680140598,4
1791519300000,2495.8,2493.71,0.0013514001227086236,1.0,0.0025,low_liquidity,0.13702886748753595,0.7196914921352268,0.1432796403772371,0.19705623901581723,0.5687609841827768,0.23418277680140598,4
1791520200000,2493.7,2490.82,0.0023325651793384417,1.0,0.0025,low_liquidity,0.15404931098498814,0.6875384409890795,0.15841224802593235,0.19705623901581723,0.5687609841827768,0.23418277680140598,4
1791521100000,2490.82,2487.4,0.0015196590817720956,1.0,0.0025,trending,0.18497415383336438,0.5051240350203388,0.30990181114629684,0.19705623901581723,0.5687609841827768,0.23418277680140598,4
1791522000000,2487.4,2491.78,0.0018380434869851303,1.0,0.0025,trending,0.14630538234234597,0.6849530480213046,0.16874156963634945,0.19705623901581723,0.5687609841827768,0.23418277680140598,4
1791522900000,2491.79,2497.08,0.0004405145209604999,1.0,0.0025,trending,0.14832920716604767,0.660580475683394,0.19109031715055835,0.19705623901581723,0.5687609841827768,0.23418277680140598,4
1791523800000,2497.08,2496.63,0.0011775873877988285,1.0,0.0025,trending,0.20436970545610939,0.5763312350425835,0.219299059501307,0.19705623901581723,0.5687609841827768,0.23418277680140598,4
1791524700000,2496.64,2491.18,0.0033879526971154483,2.0,0.0025,trending,0.13781538581528732,0.5952858424173711,0.2668987717673414,0.19705623901581723,0.5687609841827768,0.23418277680140598,4
1791525600000,2491.18,2496.36,0.0008011664984217681,1.0,0.0025,low_liquidity,0.13559254926088035,0.6448346290395118,0.2195728216996078,0.19705623901581723,0.5687609841827768,0.23418277680140598,4
1791526500000,2496.36,2498.18,0.000988719788005854,1.0,0.0025,trending,0.16619280512475768,0.5986907385863219,0.2351164562889203,0.19705623901581723,0.5687609841827768,0.23418277680140598,4
1791527400000,2498.19,2499.57,0.001704293138419688,1.0,0.0025,trending,0.18247471288010025,0.6145363568907659,0.20298893022913375,0.19705623901581723,0.5687609841827768,0.23418277680140598,4
1791528300000,2499.57,2499.62,0.0019522967491059084,1.0,0.0025,trending,0.15861446627492323,0.5819663254642267,0.25941920826085013,0.19705623901581723,0.5687609841827768,0.23418277680140598,4
1791529200000,2499.62,2498.36,0.0026737539826124923,2.0,0.0025,trending,0.1327930145672287,0.5946814454796318,0.2725255399531395,0.19705623901581723,0.5687609841827768,0.23418277680140598,4
1791530100000,2498.36,2500.65,-0.000411892907844047,1.0,0.0025,trending,0.25522699304432744,0.5174028805949679,0.22737012636070464,0.19705623901581723,0.5687609841827768,0.23418277680140598,4
1791531000000,2500.65,2503.83,-0.002304469552645294,1.0,0.0025,trending,0.2610138716999831,0.559984941709747,0.17900118659027,0.19705623901581723,0.5687609841827768,0.23418277680140598,4
1791531900000,2503.84,2504.5,0.0005430225593932025,1.0,0.0025,trending,0.21359481621435547,0.6337898197655529,0.1526153640200917,0.19705623901581723,0.5687609841827768,0.23418277680140598,4
1791532800000,2504.49,2505.04,-0.0005908089291987162,1.0,0.0025,trending,0.23185795176323465,0.6148565651718824,0.15328548306488304,0.19705623901581723,0.5687609841827768,0.23418277680140598,4
1791533700000,2505.05,2499.62,0.002752418367591991,2.0,0.0025,trending,0.22211013705529947,0.5787671468090084,0.1991227161356921,0.19705623901581723,0.5687609841827768,0.23418277680140598,4
1791534600000,2499.61,2498.06,0.0025059446130197838,2.0,0.0025,trending,0.15265374809356183,0.6917183980466812,0.15562785385975691,0.19705623901581723,0.5687609841827768,0.23418277680140598,4
1791535500000,2498.06,2505.86,-0.0014446138251938967,1.0,0.0025,trending,0.2482889799163813,0.5478270463830219,0.20388397370059677,0.19705623901581723,0.5687609841827768,0.23418277680140598,4
1791536400000,2505.85,2503.56,-0.0009386633433989822,1.0,0.0025,trending,0.22268675209462538,0.6048651157860948,0.17244813211927973,0.19705623901581723,0.5687609841827768,0.23418277680140598,4
1791537300000,2503.57,2506.5,-0.002988230600438735,0.0,0.0025,trending,0.22326384266846827,0.584600593622575,0.19213556370895685,0.19705623901581723,0.5687609841827768,0.23418277680140598,4
1791538200000,2506.5,2504.32,-0.004084941221569105,0.0,0.0025,trending,0.23129657552826435,0.5395859610264522,0.2291174634452835,0.19705623901581723,0.5687609841827768,0.23418277680140598,4
1791539100000,2504.32,2502.24,-0.003592780868341916,0.0,0.0025,low_liquidity,0.17747637511787082,0.6871602288796935,0.13536339600243572,0.19705623901581723,0.5687609841827768,0.23418277680140598,4
1791540000000,2502.28,2501.21,-0.004086022365175412,0.0,0.0025,trending,0.21019229066622677,0.6148238745257995,0.17498383480797383,0.19705623901581723,0.5687609841827768,0.23418277680140598,4
1791540900000,2501.22,2499.01,-0.0021528525296017342,1.0,0.0025,trending,0.17383027562503836,0.6604801822952537,0.16568954207970793,0.19705623901581723,0.5687609841827768,0.23418277680140598,4
1791541800000,2499.01,2494.09,0.0027865874928330037,2.0,0.0025,trending,0.20460778469561366,0.46285531639232014,0.3325368989120663,0.19705623901581723,0.5687609841827768,0.23418277680140598,4
1791542700000,2494.09,2493.25,0.005358467863230798,2.0,0.0025,trending,0.1680542365235872,0.6057005514157224,0.22624521206069037,0.19705623901581723,0.5687609841827768,0.23418277680140598,4
1791543600000,2493.24,2490.99,0.005921340511202411,2.0,0.0025,trending,0.10905852503140179,0.6892565457932737,0.20168492917532457,0.19705623901581723,0.5687609841827768,0.23418277680140598,4
1791544500000,2490.98,2493.63,0.0031921335563014352,2.0,0.0025,trending,0.11685768110390603,0.7033722286097128,0.1797700902863811,0.19705623901581723,0.5687609841827768,0.23418277680140598,4
1791545400000,2493.64,2501.04,-0.0019671816524325925,1.0,0.0025,trending,0.22470071323741758,0.5493486514485139,0.2259506353140686,0.19705623901581723,0.5687609841827768,0.23418277680140598,4
1791546300000,2501.04,2506.61,-0.0034349180766054532,0.0,0.0025,trending,0.29976998054261195,0.4797940666854949,0.220435952771893,0.19705623901581723,0.5687609841827768,0.23418277680140598,4
1791547200000,2506.61,2505.74,-0.0027057875118726704,0.0,0.0025,trending,0.2376876203486633,0.5587507320604502,0.20356164759088652,0.19705623901581723,0.5687609841827768,0.23418277680140598,4
1791548100000,2505.75,2501.59,-0.0024504415191938245,1.0,0.0025,trending,0.22583004815807428,0.5306141822844269,0.24355576955749872,0.19705623901581723,0.5687609841827768,0.23418277680140598,4
1791549000000,2501.59,2496.12,-0.00448295755011785,0.0,0.0025,trending,0.18637784286973177,0.552415092484053,0.2612070646462152,0.19705623901581723,0.5687609841827768,0.23418277680140598,4
