open_ts,open,close,fwd_return,label,label_threshold,regime,p_down,p_flat,p_up,fold
1784430000000,1871.45,1867.08,0.0016978383357970639,1.0,0.002600203059985015,trending,0.33757300248235017,0.3214713559537097,0.34095564156394015,0
1784433600000,1867.08,1867.33,0.0035076820915425078,2.0,0.002551627674658419,trending,0.34156094112150437,0.32371843245186055,0.3347206264266351,0
1784437200000,1867.32,1868.56,-0.0012844115254526667,1.0,0.0025,trending,0.3389877309948972,0.3164695624690347,0.34454270653606817,0
1784440800000,1868.55,1869.39,0.001529910826526315,1.0,0.0025,trending,0.350263985387231,0.31646868040509746,0.3332673342076716,0
1784444400000,1869.39,1870.25,0.0006202379361048838,1.0,0.0025,trending,0.3434645139679195,0.31161934162734506,0.3449161444047355,0
1784448000000,1870.26,1873.88,-0.001867782355326919,1.0,0.0025,trending,0.34690582917142193,0.30882907407140897,0.344265096757169,0
1784451600000,1873.89,1866.16,0.00303832468812959,2.0,0.0025,trending,0.3309768551103884,0.3147318112705981,0.3542913336190134,0
1784455200000,1866.15,1872.25,0.0013032447589798046,1.0,0.002566127950404792,trending,0.3330263957562807,0.31363258582275305,0.3533410184209663,0
1784458800000,1872.25,1871.41,-0.0002671782239059839,1.0,0.002586805430774877,trending,0.3272489465466218,0.31193277458053253,0.3608182788728457,0
1784462400000,1871.4,1870.38,-0.0019140495514281541,1.0,0.0026295136422118696,trending,0.3299320155203511,0.31447100484850976,0.35559697963113907,0
1784466000000,1870.39,1871.83,-0.002457488126592633,1.0,0.002620219114814418,trending,0.3241444087601828,0.31475334463109006,0.36110224660872714,0
1784469600000,1871.83,1874.69,-0.0072385301036438365,0.0,0.0026664165311095192,trending,0.325113586421158,0.3152187335817292,0.35966767999711274,0
1784473200000,1874.69,1870.91,-0.004564623632350107,0.0,0.0026429139252775436,trending,0.34253273177966104,0.312927871294114,0.344539396926225,0
1784476800000,1870.91,1866.8,0.0001821298478681399,1.0,0.002633785209037355,trending,0.33521443710299575,0.3114527533903153,0.353332809506689,0
1784480400000,1866.8,1867.23,-0.002736674110848769,1.0,0.0028141667820783456,trending,0.32884752593787075,0.3070398170492175,0.3641126570129117,0
1784484000000,1867.23,1861.12,0.005007737276478741,2.0,0.0029899452375260196,trending,0.32965142389245383,0.3069777954331786,0.36337078067436757,0
1784487600000,1861.12,1862.37,0.005294329268620057,2.0,0.002957000620792614,trending,0.3201505365376757,0.3164506023151539,0.36339886114717035,0
1784491200000,1862.37,1867.14,0.002677892391572234,1.0,0.0028523907534629754,trending,0.32765046496612105,0.31621893312884153,0.3561306019050374,0
1784494800000,1867.15,1862.12,0.003995446050737872,2.0,0.0029029726229271397,trending,0.3298805465670349,0.31090856203158884,0.3592108914013762,0
1784498400000,1862.12,1870.44,0.004608541305789027,2.0,0.0031425716465440564,trending,0.3212036599827176,0.3113583569658907,0.3674379830513917,0
1784502000000,1870.44,1872.23,0.004118083782441273,2.0,0.003142848453345715,trending,0.3180149855687684,0.31997583831803994,0.3620091761131918,0
1784505600000,1872.24,1872.14,-0.0017092738790902562,1.0,0.003596791337243433,trending,0.32295748497439464,0.31824086843663135,0.35880164658897395,0
1784509200000,1872.14,1869.56,-0.007547230364363777,0.0,0.0038969467278546074,trending,0.323873360096391,0.319682724744553,0.35644391515905594,0
1784512800000,1869.57,1879.06,-0.015608868263919162,0.0,0.003956555953465415,trending,0.31112337040019045,0.3218340359190669,0.36704259368074266,0
1784516400000,1879.06,1879.94,-0.008505590603955504,0.0,0.003930515958295909,trending,0.31174054808758805,0.3348657053919184,0.3533937465204936,0
1784520000000,1879.94,1868.94,-0.004243046860787469,0.0,0.0039356435893495205,trending,0.32241349862360613,0.3261722535792554,0.3514142477971384,0
1784523600000,1868.95,1855.45,0.00469427901587216,2.0,0.00410702303593759,trending,0.3245680841790696,0.3227701169394131,0.35266179888151716,0
1784527200000,1855.46,1849.73,0.010336643726381656,2.0,0.004221422531797891,trending,0.32656018154541017,0.3238329008122296,0.3496069176423603,0
1784530800000,1849.73,1863.95,0.01569248102148668,2.0,0.004264307928885763,trending,0.32430267555008035,0.32561179088094655,0.3500855335689731,0
1784534400000,1863.95,1861.01,0.006620061149590795,2.0,0.0042934419609553815,ranging,0.3291122926317116,0.319516976041187,0.35137073132710145,0
1784538000000,1861.0,1864.16,-0.0007939232683890074,1.0,0.004200735356439684,ranging,0.32465271915299143,0.3300729988241682,0.34527428202284033,0
1784541600000,1864.15,1868.85,-0.00044947427562402886,1.0,0.004111961775071291,ranging,0.3206636958938415,0.3269656983270056,0.3523706057791529,0
1784545200000,1868.86,1893.2,0.0048278047749841235,2.0,0.004412948481914439,ranging,0.33247515279990164,0.3206661479667378,0.3468586992333606,0
1784548800000,1893.21,1873.33,0.013921732956820199,2.0,0.004638558947263707,ranging,0.3383782418954648,0.31566215461154445,0.34595960349299076,0
1784552400000,1873.34,1862.68,0.024212425107908997,2.0,0.004860591468238069,high_volatility,0.33129100586645516,0.32348197725773464,0.34522701687581014,0
1784556000000,1862.68,1868.01,0.016868218050224648,2.0,0.0049206085891536945,high_volatility,0.324266799717329,0.32672674165754534,0.3490064586251256,0
1784559600000,1868.01,1902.34,-0.002039593342935464,1.0,0.005326323620162721,high_volatility,0.32701317435387584,0.34530821458148525,0.32767861106463897,0
1784563200000,1902.34,1899.41,0.0028587824640282644,1.0,0.005245922988963662,high_volatility,0.3182696666680888,0.35731705804128444,0.3244132752906268,0
1784566800000,1899.41,1907.78,-0.0027938231871599273,1.0,0.005165692270525242,high_volatility,0.35003435736021976,0.35457454474496747,0.2953910978948127,0
1784570400000,1907.78,1899.52,-0.0020005053908355164,1.0,0.005283254160382415,high_volatility,0.33892574584051893,0.35507911070283704,0.3059951434566441,0
1784574000000,1899.52,1898.46,0.003323746615677914,1.0,0.005156939619311174,high_volatility,0.3405194044535834,0.3459254007004414,0.31355519484597516,0
1784577600000,1898.46,1904.84,0.005228785619789678,2.0,0.0050054135280131265,high_volatility,0.34057527425765677,0.349741979395903,0.3096827463464402,0
1784581200000,1904.83,1902.45,0.0026492154852952865,1.0,0.004779425581340857,trending,0.3452976876702522,0.3440830633960574,0.3106192489336905,0
1784584800000,1902.46,1895.72,0.01138353765323985,2.0,0.004638721381543867,trending,0.3367141373389537,0.3431962935259996,0.32008956913504666,0
1784588400000,1895.72,1904.77,0.011539450957333441,2.0,0.004510342818535438,trending,0.3537092233923486,0.3417282997293849,0.3045624768782665,0
1784592000000,1904.77,1914.8,0.005112805514936314,2.0,0.004547851098809375,trending,0.36523167270666607,0.3441276768723422,0.2906406504209918,0
1784595600000,1914.8,1907.49,0.01209442775584657,2.0,0.004490378481370153,trending,0.36306208434139914,0.351180086476863,0.28575782918173787,0
1784599200000,1907.49,1917.3,0.009247379126897215,2.0,0.004581948448434697,trending,0.36417348627768925,0.34967025166130355,0.28615626206100725,0
1784602800000,1917.3,1926.75,0.0038043337225899254,1.0,0.004492487604307398,trending,0.3835859014027056,0.3347838928101182,0.28163020578717624,0
1784606400000,1926.74,1924.59,0.007902981933814557,2.0,0.004368006632610832,trending,0.37263477983428683,0.34740748057029486,0.2799577395954183,0
1784610000000,1924.59,1930.56,0.006039698325874365,2.0,0.00435847202387369,trending,0.376537390273362,0.3392659451122512,0.28419666461438675,0
1784613600000,1930.56,1935.03,-0.0004392696754055292,1.0,0.004307788242313139,trending,0.37808880013080975,0.33717165972388846,0.28473954014530184,0
1784617200000,1935.03,1934.08,0.0008324371277299569,1.0,0.004153399374556876,trending,0.38537572788927593,0.3290596943683303,0.2855645777423938,0
1784620800000,1934.07,1939.8,0.0015413960202081967,1.0,0.004317495419647772,trending,0.38608448525008116,0.32344968492952514,0.2904658298203937,0
1784624400000,1939.79,1942.22,-0.0009885594834777578,1.0,0.004167837724556206,trending,0.3900972177175137,0.3156363995298203,0.294266382752666,0
1784628000000,1942.22,1934.18,-0.0011943045631741533,1.0,0.004218367592100241,trending,0.38476243238703156,0.3207425763412592,0.29449499127170925,0
1784631600000,1934.19,1935.69,-0.002004453192401723,1.0,0.004165516061114778,trending,0.37995435076974016,0.3219253612614664,0.2981202879687934,0
1784635200000,1935.69,1942.79,-0.00845176267120995,0.0,0.004137309200994828,trending,0.3750810771073533,0.32833901853969594,0.29657990435295073,0
1784638800000,1942.8,1940.3,-0.011127145286811246,0.0,0.004205424722753096,trending,0.36128887356574363,0.3342689400772264,0.30444218635702985,0
1784642400000,1940.31,1931.87,-0.006180540098453702,0.0,0.0042770259113949485,trending,0.36414891349517997,0.33770410260246225,0.2981469839023579,0
1784646000000,1931.88,1931.81,-0.004358606695275324,0.0,0.004174639868339807,trending,0.36664349841676125,0.3288521814952282,0.3045043200880104,0
1784649600000,1931.81,1926.37,-0.0016248176622351007,1.0,0.0041928580539989605,trending,0.3654597520530301,0.3286625944650996,0.3058776534818703,0
1784653200000,1926.37,1918.71,0.002923839454633592,1.0,0.004207773064911386,trending,0.3648478412419597,0.3296859691468082,0.3054661896112322,0
1784656800000,1918.7,1919.93,0.0004843926601489912,1.0,0.004080857536691802,trending,0.36807784951630684,0.32676803294491985,0.3051541175387732,0
1784660400000,1919.93,1923.39,0.0034834328971242723,1.0,0.003959916402641356,trending,0.35477233134786423,0.33397940527346043,0.3112482633786753,0
1784664000000,1923.38,1923.24,0.00843368482352691,2.0,0.0037834230229713797,trending,0.3555645684544093,0.3325505235303137,0.3118849080152769,0
1784667600000,1923.25,1924.32,0.004827679388043515,2.0,0.0036602019129240914,trending,0.3508257609734337,0.33162146663722514,0.3175527723893412,0
1784671200000,1924.31,1920.86,0.0049821434149288635,2.0,0.0035436581488803064,low_liquidity,0.33374098570489175,0.35093861376699265,0.31532040052811555,0
1784674800000,1920.86,1930.09,-0.0006839059318477503,1.0,0.003615202455183692,trending,0.3468553789450607,0.3475279762807845,0.3056166447741549,0
1784678400000,1930.09,1939.46,-0.0013612036340012734,1.0,0.0036868016055806195,trending,0.35035114122765837,0.3433636818872323,0.30628517688510937,0
1784682000000,1939.45,1933.61,-0.00737480670869517,0.0,0.003712199872831204,trending,0.3415122372569357,0.3509539890212977,0.3075337737217666,0
1784685600000,1933.62,1930.43,-0.006749791497231206,0.0,0.003663184899195918,trending,0.3570091424876481,0.3372109070548855,0.3057799504574665,0
1784689200000,1930.42,1928.77,-0.0074296053961850905,0.0,0.003610879558490351,trending,0.3577508368482631,0.33219862149301455,0.31005054165872237,0
1784692800000,1928.76,1936.82,-0.00800280872770831,0.0,0.0035888440904746207,trending,0.35532538161789257,0.33738657348868956,0.3072880448934179,0
1784696400000,1936.83,1919.35,0.0026779899445126265,1.0,0.0037806059769888516,trending,0.3505854879864191,0.3358085522562326,0.3136059597573484,0
1784700000000,1919.36,1917.4,0.006999061228747161,2.0,0.0036875821076582938,trending,0.3479112113144367,0.34197475694793505,0.31011403173762836,0
1784703600000,1917.41,1914.44,0.00670169866906245,2.0,0.0036157313116522,trending,0.3432485155381377,0.3272685739279388,0.3294829105339235,0
1784707200000,1914.43,1921.32,-0.0021599733516539654,1.0,0.003592370590443505,trending,0.33826716753689545,0.3327989489305816,0.3289338835325229,0
1784710800000,1921.33,1924.49,0.008022904769575234,2.0,0.003488167737827456,trending,0.33240712545728746,0.33316843869488005,0.33442443584783244,0
1784714400000,1924.49,1930.82,0.0012326369107427126,1.0,0.0034585701961945933,trending,0.34316625427893055,0.3326887456643959,0.3241450000566736,0
1784718000000,1930.82,1927.27,0.008177370062316225,2.0,0.003420693319003188,low_liquidity,0.3313198723629926,0.34131103361139536,0.3273690940256121,0
1784721600000,1927.26,1917.17,0.01704074234418429,2.0,0.0035103003373237866,ranging,0.3327266354401086,0.3322477401227926,0.3350256244370987,0
1784725200000,1917.17,1939.93,-0.000721675524374632,1.0,0.003783124445218995,ranging,0.33527917388043205,0.34291012435628226,0.32181070176328574,0
1784728800000,1939.92,1933.2,-0.0012983654045106707,1.0,0.004254712980150526,ranging,0.34466918343046665,0.3293285316803112,0.32600228488922217,0
1784732400000,1933.2,1943.03,-0.009212415660077244,0.0,0.004357838189835718,trending,0.358619930080762,0.3416746141809897,0.2997054557382482,0
1784736000000,1943.04,1949.84,-0.011836868666146971,0.0,0.004494666756318262,trending,0.3569876864556268,0.345214218431101,0.2977980951132722,0
1784739600000,1949.84,1938.53,0.00011864660335403343,1.0,0.004536885952824887,trending,0.36960460720278476,0.3350092186747202,0.2953861741224949,0
1784743200000,1938.53,1930.69,0.0040037499546794475,1.0,0.004602853452085047,trending,0.3586245595697802,0.3413254887208105,0.30004995170940935,0
1784746800000,1930.69,1925.13,0.004737342413239531,2.0,0.0045286322299673675,trending,0.34031461131829943,0.34671801323366525,0.3129673754480354,0
1784750400000,1925.14,1926.76,0.0029116236583695,1.0,0.004367312221531115,ranging,0.34792212963872626,0.3361657033658501,0.3159121669954238,0
1784754000000,1926.76,1938.76,-0.00534877963234226,0.0,0.004316304989029985,ranging,0.33749028118037344,0.34954900042273396,0.31296071839689266,0
1784757600000,1938.76,1938.42,-0.0055818656431527724,0.0,0.004192650014920583,ranging,0.33766468032318026,0.3498393019270691,0.3124960177497506,0
1784761200000,1938.43,1934.25,-0.007082848649347273,0.0,0.00423015625639287,ranging,0.34583598013727995,0.3482796651359599,0.30588435472676007,0
1784764800000,1934.26,1932.37,-0.006536015359377312,0.0,0.004134313844289762,ranging,0.3476683918172641,0.34514027626955657,0.3071913319131793,0
1784768400000,1932.36,1928.39,-0.002914348238686193,1.0,0.0040711723459456095,ranging,0.34209524984170697,0.3463358244876676,0.31156892567062544,0
1784772000000,1928.38,1927.6,-0.001146503423946732,1.0,0.0039573453488636785,low_liquidity,0.3350310821963226,0.36108982088235825,0.3038790969213192,0
1784775600000,1927.6,1920.55,-0.002551352477154878,1.0,0.003921582196621696,ranging,0.3278724898647531,0.35074607730602725,0.3213814328292196,0
1784779200000,1920.56,1919.74,0.0035421463323157543,1.0,0.00380798333332279,ranging,0.3401345240129034,0.3361190207858204,0.3237464552012762,0
1784782800000,1919.74,1922.77,0.0008269319783436035,1.0,0.0037617749770260866,low_liquidity,0.3295500800874155,0.348369513242486,0.3220804066700985,0
1784786400000,1922.78,1925.39,0.001428282062335473,1.0,0.0036165350152990833,low_liquidity,0.33266722075192007,0.34263785599760666,0.3246949232504733,0
1784790000000,1925.39,1915.65,0.005423746509017668,2.0,0.003661425051190653,ranging,0.3380762402381611,0.32215162863164926,0.3397721311301896,0
1784793600000,1915.65,1926.54,-0.011367529353140782,0.0,0.003669202511500036,ranging,0.32685038615551354,0.32613447648054633,0.34701513736394,0
1784797200000,1926.54,1924.36,-0.013323910287056373,0.0,0.0035949336137197606,ranging,0.3322039720928928,0.32285284173664186,0.34494318617046527,0
1784800800000,1924.36,1928.14,-0.016445901231238458,0.0,0.003516094112744882,ranging,0.3261949033656643,0.3414998166931752,0.33230527994116044,0
1784804400000,1928.15,1926.04,-0.015996552511889695,0.0,0.0033675232280119837,ranging,0.3240796159826426,0.33178308472152884,0.3441372992958286,0
1784808000000,1926.03,1904.64,-0.008762810819892497,0.0,0.003926943737963328,ranging,0.31464413023978216,0.31881620419005396,0.3665396655701639,0
1784811600000,1904.67,1898.72,-0.010749346928457082,0.0,0.003967499291777324,ranging,0.32621104626380104,0.3256194157866297,0.34816953794956934,0
1784815200000,1898.73,1896.43,-0.008036152138491848,0.0,0.004022114232632771,ranging,0.32705695234880194,0.3227709756762387,0.3501720719749593,0
1784818800000,1896.44,1895.23,-0.010331199907135269,0.0,0.004074121242144489,ranging,0.3136901649648731,0.34358263161543345,0.34272720341969337,0
1784822400000,1895.23,1887.95,-0.0010434598373897375,1.0,0.004041048242906839,ranging,0.31310713321280986,0.35549373221966757,0.33139913456752257,0
1784826000000,1887.94,1878.31,0.002347855252860409,1.0,0.004163425837684925,trending,0.3050264599915197,0.3580717244105589,0.3369018155979213,0
1784829600000,1878.31,1881.19,0.0011854198672116567,1.0,0.004053082547573065,trending,0.3180632461823656,0.350757176866134,0.3311795769515004,0
1784833200000,1881.19,1875.65,0.0014554954282515187,1.0,0.00409892336941086,trending,0.3064180961583914,0.35090815926601526,0.34267374457559346,0
1784836800000,1875.64,1885.98,-0.007693612869701716,0.0,0.004109795628489518,trending,0.3192859759864177,0.36008166199071223,0.3206323620228701,0
1784840400000,1885.97,1882.72,-0.0052902184074106184,0.0,0.004006547543388694,trending,0.31102092853753954,0.3625117757342315,0.326467295728229,0
1784844000000,1882.73,1883.42,-0.007348334412929702,0.0,0.003944256932356866,trending,0.3090958047988438,0.3540790229813066,0.33682517221984964,0
1784847600000,1883.41,1878.38,0.0012191356381563434,1.0,0.0038831714064404433,low_liquidity,0.31837595902185445,0.33292970519434006,0.34869433578380543,0
1784851200000,1878.38,1871.47,0.0024846778201093045,1.0,0.004065899670296795,trending,0.3132140780927625,0.3209447941833926,0.36584112772384486,0
1784854800000,1871.47,1872.76,0.00438390397061017,2.0,0.003939476659644224,trending,0.324020343366609,0.32158944918909155,0.35439020744429944,0
1784858400000,1872.76,1869.58,0.009922014570117543,2.0,0.003977899773459401,trending,0.3144370655800794,0.32411486533159056,0.36144806908833005,0
1784862000000,1869.57,1880.67,0.008140715808727661,2.0,0.003965722860167425,trending,0.3222990376099295,0.33078311115821346,0.3469178512318571,0
1784865600000,1880.67,1876.12,0.006369528601581909,2.0,0.003851292186176179,low_liquidity,0.3114292560379846,0.33538010683829345,0.353190637123722,0
1784869200000,1876.13,1880.97,0.003774648186839702,2.0,0.0037642934174645123,trending,0.328161063754776,0.32229957604135817,0.3495393602038658,0
1784872800000,1880.97,1888.13,-0.002282681806867193,1.0,0.003699836000352081,trending,0.3354603044434963,0.3202492422676935,0.34429045328881025,0
1784876400000,1888.14,1895.98,-0.006355552273758169,0.0,0.00391117098565996,trending,0.33981780723833344,0.33340553442562354,0.326776658336043,0
1784880000000,1895.98,1888.07,-0.008167070076850913,0.0,0.0038669694279680326,trending,0.3211329052956948,0.3473894011314362,0.3314776935728691,0
1784883600000,1888.07,1888.07,-0.016138172843167875,0.0,0.0038340897084712627,trending,0.3255274610386683,0.3284069044064457,0.346065634554886,0
1784887200000,1888.08,1883.82,-0.011105094966610274,0.0,0.003755946762670432,trending,0.3164927880139496,0.3338302818216222,0.3496769301644282,0
1784890800000,1883.81,1883.93,-0.011741412897506853,0.0,0.003669451594573182,trending,0.3194604317609416,0.3298340600365831,0.35070550820247537,0
1784894400000,1883.93,1872.65,-0.008106159720182693,0.0,0.003750333532440096,trending,0.3249780915261769,0.3245059568882966,0.3505159515855264,0
1784898000000,1872.65,1857.6,0.004807278208440957,2.0,0.004140281129407047,trending,0.32616522698870376,0.31344415699178935,0.3603906160195069,0
1784901600000,1857.61,1862.9,-9.662354393691341e-05,1.0,0.004180763515326525,trending,0.32377512518941953,0.31882927410999495,0.3573956007005855,0
1784905200000,1862.9,1861.81,0.0010849657054157191,1.0,0.004236141810738827,trending,0.32340533613240413,0.33392682647945376,0.34266783738814205,0
1784908800000,1861.82,1857.47,0.0018465977916197751,1.0,0.004232776895472701,trending,0.3275905236701565,0.3335399624639758,0.3388695138658676,0
1784912400000,1857.47,1866.53,-0.004832496664934349,0.0,0.004177244455159259,trending,0.33268696893941374,0.3428881708876258,0.3244248601729604,0
1784916000000,1866.53,1862.72,-0.0017340233636832236,1.0,0.004077308498461134,trending,0.3253068473104245,0.342622204839781,0.3320709478497945,0
1784919600000,1862.73,1863.83,-0.0012823057896910184,1.0,0.003935118742485549,trending,0.32875277893389293,0.3424586699013814,0.32878855116472566,0
1784923200000,1863.84,1860.9,-0.0003009296576925724,1.0,0.0038302165908772586,trending,0.3243307479378887,0.3289157864835823,0.3467534655785291,0
1784926800000,1860.91,1857.51,0.001340504223395822,1.0,0.003677559540211105,trending,0.3282899522074115,0.3264098334882398,0.34530021430434865,0
1784930400000,1857.51,1859.49,-2.151127459681934e-05,1.0,0.0035250966309498043,low_liquidity,0.3233807707002432,0.3344041956557507,0.34221503364400613,0
1784934000000,1859.49,1861.44,-0.0014504899432697949,1.0,0.0033359528546909535,low_liquidity,0.30320878524510464,0.3528083147935593,0.3439828999613359,0
1784937600000,1861.44,1860.34,0.0005052839803476594,1.0,0.003280114274958463,trending,0.3150019002562814,0.3308263482888952,0.35417175145482344,0
1784941200000,1860.34,1860.0,-0.000849462365591358,1.0,0.0031814002025188563,trending,0.31358704733762505,0.33171680601652925,0.35469614664584576,0
1784944800000,1859.99,1859.45,-0.0004840140901880563,1.0,0.003032473384868261,low_liquidity,0.3025304871780014,0.3346410657971236,0.36282844702487493,0
1784948400000,1859.45,1858.74,-0.0014633568976833988,1.0,0.0029227758074752905,trending,0.31062426828794454,0.3219583748300194,0.3674173568820361,0
1784952000000,1858.74,1861.28,-0.004018739791971093,0.0,0.0028042469988788883,low_liquidity,0.30908298584475447,0.3352772049425517,0.35563980921269384,0
1784955600000,1861.28,1858.42,-4.3047319766342795e-05,1.0,0.0027477010080357374,trending,0.3015091586570022,0.32406508171957055,0.3744257596234273,0
1784959200000,1858.42,1858.55,3.766377014335909e-05,1.0,0.0026755486264483886,low_liquidity,0.2923159697227038,0.33665916223678044,0.3710248680405158,0
1784962800000,1858.55,1856.02,0.0009321020247625711,1.0,0.0025517863760671253,low_liquidity,0.2972384523907647,0.3327897659252356,0.3699717816839997,0
1784966400000,1856.03,1853.8,0.003517100010788532,2.0,0.0025,trending,0.3000403970108829,0.3156914490286251,0.38426815396049196,0
1784970000000,1853.8,1858.34,0.004789220487101398,2.0,0.0025,trending,0.29923670759202503,0.32543176585337275,0.3753315265546022,0
1784973600000,1858.35,1858.62,0.005412617963865829,2.0,0.0025,trending,0.29876946807144145,0.32944953605084437,0.3717809958777142,0
1784977200000,1858.63,1857.75,0.005452832727762091,2.0,0.0025,trending,0.298745255887429,0.33382354432871847,0.3674311997838525,0
1784980800000,1857.75,1860.32,0.004122946589834031,2.0,0.0025,trending,0.29590292279840513,0.32991605405536883,0.37418102314622603,0
1784984400000,1860.32,1867.24,0.0031168998093442646,2.0,0.0025,trending,0.2948450545153857,0.3402221856127187,0.36493275987189566,0
1784988000000,1867.25,1868.68,0.0036389322944538893,2.0,0.0025,trending,0.2919960947453698,0.3459645889451231,0.3620393163095071,0
1784991600000,1868.67,1867.88,0.0036833201276311733,2.0,0.0025,trending,0.3017615924945537,0.3496335362576554,0.3486048712477909,0
1784995200000,1867.88,1867.99,0.0022698194315815545,1.0,0.0025,trending,0.295624265141268,0.3415737260929864,0.36280200876574553,0
1784998800000,1867.99,1873.06,-0.00021889314811052163,1.0,0.0025,ranging,0.3115989831139173,0.34335806366946675,0.34504295321661593,0
1785002400000,1873.07,1875.48,0.00018128692388086343,1.0,0.0025,ranging,0.30614439210596045,0.34218807515005095,0.35166753274398854,0
1785006000000,1875.48,1874.76,6.934220913623612e-05,1.0,0.0025,low_liquidity,0.29596021154827395,0.36289086601958753,0.34114892243213857,0
1785009600000,1874.77,1872.23,0.0047109596577343815,2.0,0.0025,low_liquidity,0.2858066866402837,0.35761834831876244,0.3565749650409539,0
1785013200000,1872.23,1872.65,0.003220035778175312,2.0,0.0025,ranging,0.29302122311557716,0.33891311873606506,0.36806565814835773,0
1785016800000,1872.66,1875.82,0.002745465982876949,2.0,0.0025,ranging,0.2991062049086767,0.34793746613995447,0.35295632895136875,0
1785020400000,1875.83,1874.89,0.0039042290481041686,2.0,0.0025,low_liquidity,0.28279212265798215,0.36190040481399455,0.3553074725280234,0
1785024000000,1874.88,1881.05,0.002769729672257526,2.0,0.0025,ranging,0.30575517082111503,0.3362350480173369,0.35800978116154814,0
1785027600000,1881.05,1878.68,0.002512402325036689,2.0,0.0025,ranging,0.3007365472295686,0.33537524626279924,0.36388820650763226,0
1785031200000,1878.67,1880.97,0.002115929546989026,1.0,0.0025,low_liquidity,0.3057005977196752,0.34839734530345473,0.3459020569768701,0
1785034800000,1880.98,1882.21,-0.00034533872415942746,1.0,0.0025,ranging,0.31207619185521424,0.33017893928153486,0.35774486886325096,0
1785038400000,1882.21,1886.26,-0.0025659241037820912,0.0,0.0025,ranging,0.3152565944753662,0.32143628135481406,0.3633071241698197,0
1785042000000,1886.25,1883.4,0.0002123818625887619,1.0,0.0025,ranging,0.3057270144007353,0.3273563263752618,0.36691665922400296,0
1785045600000,1883.4,1884.95,0.0006737579246134384,1.0,0.0025,ranging,0.30185737030977045,0.3237471005831905,0.374395529107039,0
1785049200000,1884.95,1881.56,0.002290652437339169,1.0,0.0025,ranging,0.3038891052705502,0.32750985345029054,0.36860104127915927,0
1785052800000,1881.57,1881.42,0.0027372941714236543,2.0,0.0025,ranging,0.2998160349139923,0.33223916158306477,0.367944803502943,0
1785056400000,1881.42,1883.8,0.0014969742010828568,1.0,0.0025,ranging,0.30694252967661795,0.3232874522115804,0.36977001811180166,0
1785060000000,1883.8,1886.22,0.0065580897244224,2.0,0.0025,ranging,0.30653279386309495,0.3273593032399096,0.3661079028969956,0
1785063600000,1886.21,1885.87,0.015250255850085326,2.0,0.0025,ranging,0.30762696195518924,0.3321235932142595,0.3602494448305512,0
1785067200000,1885.87,1886.57,0.015705751708126492,2.0,0.0025,ranging,0.3132638970565285,0.3227775678506488,0.36395853509282267,0
1785070800000,1886.57,1886.62,0.013044492266593322,2.0,0.0025,ranging,0.30283373683800857,0.32393319598557047,0.373233067176421,0
1785074400000,1886.62,1898.59,0.008374635914020434,2.0,0.0025,ranging,0.31398834682051274,0.32311154321525115,0.3629001099642362,0
1785078000000,1898.58,1914.63,-0.00022458647362677553,1.0,0.0025,trending,0.34737845356867325,0.31458285398077834,0.3380386924505483,0
1785081600000,1914.63,1916.2,-0.0012524788644192597,1.0,0.0025693151518435,trending,0.35112064709351476,0.30895283401741336,0.3399265188890719,0
1785085200000,1916.19,1911.23,0.007680917524316877,2.0,0.0025482909667563633,trending,0.3448326068048671,0.31617330183017994,0.3389940913649528,0
1785088800000,1911.23,1914.49,0.01844877748120899,2.0,0.0025,trending,0.35662117872659055,0.31150938991611526,0.3318694313572942,0
1785092400000,1914.49,1914.2,0.021168112005015116,2.0,0.0025,trending,0.3594436737986031,0.30135427995250513,0.33920204624889183,0
1785096000000,1914.21,1913.8,0.015017243181105755,2.0,0.0025,trending,0.3600740725853284,0.3076524638966624,0.3322734635180093,0
1785099600000,1913.79,1925.91,0.011573749552159729,2.0,0.0025,trending,0.36643181907965466,0.30278765583413036,0.3307805250862149,0
1785103200000,1925.91,1949.81,-0.003441360953118533,0.0,0.0028720981526437687,trending,0.3498891320313956,0.317878751473165,0.33223211649543927,0
1785106800000,1949.81,1954.72,-0.0025988376851927564,1.0,0.0031287854923716676,trending,0.37397588481208605,0.3318166135991528,0.29420750158876113,0
1785110400000,1954.72,1942.54,0.005606062166030101,2.0,0.0032710006526592466,trending,0.3832939719743587,0.32991881885495594,0.28678720917068523,0
1785114000000,1942.54,1948.2,0.008956985935735684,2.0,0.0032914134989667026,trending,0.3852748031936032,0.3244420266501692,0.29028317015622757,0
1785117600000,1948.2,1943.1,0.013046163347228745,2.0,0.0032335043826481305,trending,0.3885355180369942,0.3204597797704818,0.29100470219252406,0
1785121200000,1943.09,1949.64,0.007550111815514571,2.0,0.003176238058491623,trending,0.3939464552756692,0.31465680361291176,0.29139674111141906,0
1785124800000,1949.65,1953.43,0.005538975033658744,2.0,0.0032558397276530046,trending,0.39388453863410483,0.31421048831931114,0.2919049730465841,0
1785128400000,1953.43,1965.65,-0.00023401928115385218,1.0,0.0033925787903477836,trending,0.36675273674766057,0.3320905534421032,0.3011567098102363,0
1785132000000,1965.65,1968.45,-0.0005181741979730647,1.0,0.0035289583352460974,trending,0.37222538750803325,0.32913516631237416,0.2986394461795926,0
1785135600000,1968.45,1964.36,-0.002387546070984903,1.0,0.003520212852139317,trending,0.3870819694357199,0.32445217138730076,0.2884658591769794,0
1785139200000,1964.37,1964.25,-0.003390607101947385,1.0,0.003420373066309172,trending,0.39580975267619206,0.31927639581900513,0.2849138515048027,0
1785142800000,1964.25,1965.19,-0.002050692299472301,1.0,0.003423590497664396,trending,0.39118523807003724,0.3173758119460441,0.29143894998391856,0
1785146400000,1965.19,1967.43,-0.01785578140010069,0.0,0.0033540520058933394,trending,0.38958146824148077,0.3173482119608067,0.29307031979771253,0
1785150000000,1967.42,1959.67,-0.01628845672995971,0.0,0.003330634129850275,trending,0.37909380499320977,0.3191149897993272,0.30179120520746305,0
1785153600000,1959.67,1957.59,-0.008694363988373421,0.0,0.0035689024773233515,trending,0.37256961205484146,0.31365743860651074,0.3137729493386477,0
1785157200000,1957.6,1961.16,-0.008897795182443047,0.0,0.003898852188339861,trending,0.3701071593396827,0.31647010614473264,0.31342273451558467,0
1785160800000,1961.18,1932.3,0.003570874087874598,1.0,0.004736825413456203,high_volatility,0.34888672137267246,0.32256697706739457,0.328546301559933,0
1785164400000,1932.3,1927.75,0.010665283361431799,2.0,0.0046987635735027304,high_volatility,0.32671753746453397,0.34289185493169616,0.33039060760376976,0
1785168000000,1927.74,1940.57,0.003246468821016535,1.0,0.004869870311471761,high_volatility,0.33098119497496653,0.34304928814463714,0.32596951688039627,0
1785171600000,1940.57,1943.71,-0.0009312088737517543,1.0,0.004756375877439309,high_volatility,0.3363461445880403,0.3457283570399496,0.31792549837201006,0
1785175200000,1943.72,1939.2,-0.023514851485148536,0.0,0.004768579076702775,high_volatility,0.33532895701478993,0.33215947079474795,0.3325115721904621,0
1785178800000,1939.21,1948.31,-0.02862994082050596,0.0,0.004795730332297014,high_volatility,0.34149834342542745,0.3342576697004534,0.32424398687411915,0
1785182400000,1948.32,1946.87,-0.03493299501250724,0.0,0.00460726344367878,high_volatility,0.3518428512355313,0.33693425770396895,0.3112228910604998,0
1785186000000,1946.88,1941.9,-0.033987331994438486,0.0,0.004499226043261525,trending,0.3632216547869188,0.3217972252914804,0.31498111992160077,0
1785189600000,1941.89,1893.6,-0.00929446556822977,0.0,0.005406316452951457,high_volatility,0.3064881344097341,0.33756778735509957,0.3559440782351664,0
1785193200000,1893.61,1892.53,-0.005891584281358719,0.0,0.005333231587157911,high_volatility,0.3210309062506995,0.3556177052137472,0.32335138853555323,0
1785196800000,1892.53,1878.86,0.00017031604270689726,1.0,0.00538589927947842,high_volatility,0.3155017757366624,0.3386254940818279,0.3458727301815097,0
1785200400000,1878.86,1875.9,0.0038701423316807038,1.0,0.0053851316839585855,high_volatility,0.309568165522386,0.3427313792619584,0.3477004552156557,0
1785204000000,1875.9,1876.0,0.006727078891257898,2.0,0.005185485487252243,high_volatility,0.3224429571952795,0.35801192178625935,0.3195451210184613,0
1785207600000,1876.01,1881.38,0.0013022355930221163,1.0,0.005032537668516413,high_volatility,0.3300250698051204,0.344003968998069,0.3259709611968106,0
1785211200000,1881.37,1879.18,0.0028310220415286302,1.0,0.004823589633484296,high_volatility,0.3271278232731735,0.33573722748475454,0.33713494924207194,0
1785214800000,1879.18,1883.16,-0.003568470018479597,1.0,0.004724471905007058,trending,0.35108650560200594,0.32284101765663403,0.32607247674136003,0
1785218400000,1883.16,1888.62,-0.005204858573985227,0.0,0.00460760368735714,trending,0.3644639056469499,0.3241189705622188,0.31141712379083125,0
1785222000000,1888.62,1883.83,-0.003795459250569233,1.0,0.0044725055638252815,trending,0.36260627705696696,0.3289387572905002,0.30845496565253283,0
1785225600000,1883.84,1884.5,0.004234544972141263,1.0,0.004275507790316213,trending,0.35826639267448146,0.33124515958125866,0.31048844774425993,0
1785229200000,1884.5,1876.44,-0.0012577007524888772,1.0,0.004222643775335274,trending,0.34042759337282574,0.32018363105875725,0.33938877556841696,0
1785232800000,1876.43,1878.79,0.005407735829975779,2.0,0.004081501920889493,trending,0.3476545211334958,0.3212944721403174,0.33105100672618676,0
1785236400000,1878.8,1876.68,0.023093974465545397,2.0,0.004023050772082446,trending,0.32436388002374567,0.32225492530223737,0.35338119467401696,0
1785240000000,1876.69,1892.48,0.017669935745688203,2.0,0.004128208412784577,trending,0.35094059424702395,0.33628211986125667,0.3127772858917194,0
1785243600000,1892.48,1874.08,0.014839281140613059,2.0,0.00477198618374826,high_volatility,0.31667234451548376,0.3276361837329269,0.35569147175158927,0
1785247200000,1874.08,1888.95,0.011789618571163896,2.0,0.004979791882644789,high_volatility,0.3438947077932135,0.3358318917510978,0.32027340045568864,0
1785250800000,1888.96,1920.02,0.0011510296767742734,1.0,0.005438764491939237,high_volatility,0.3536621043404264,0.3457927159191573,0.3005451797404164,0
1785254400000,1920.02,1925.92,-0.0038163578964859335,1.0,0.0053559180546577856,high_volatility,0.35276959389714513,0.3513576757524219,0.2958727303504329,0
1785258000000,1925.92,1901.89,0.011598988374722063,2.0,0.005784543123559977,high_volatility,0.33248905599228956,0.3665959813094371,0.30091496269827334,0
1785261600000,1901.9,1911.22,0.0003557936815228313,1.0,0.005644051644517166,high_volatility,0.33356245241438526,0.3657636640615415,0.30067388352407326,0
1785265200000,1911.22,1922.23,0.0,1.0,0.005456360469441492,high_volatility,0.3439968218622303,0.34199527188397283,0.3140079062537969,0
1785268800000,1922.24,1918.57,-0.0006775879952255481,1.0,0.0052478422250228285,high_volatility,0.3511787027152761,0.34892598408968145,0.29989531319504237,0
1785272400000,1918.57,1923.95,-0.009485693495153158,0.0,0.005108856576671009,high_volatility,0.3517831323617476,0.3506050896017472,0.2976117780365052,0
1785276000000,1923.96,1911.9,-0.0004184319263560443,1.0,0.005154909474454,high_volatility,0.3400124006447649,0.3573739008519157,0.3026136985033193,0
1785279600000,1911.9,1922.23,-0.01536236558580395,0.0,0.00518548503244044,high_volatility,0.33000149762693554,0.35909806377303854,0.31090043860002603,0
1785283200000,1922.22,1917.27,-0.006128505635617287,0.0,0.005099588537749875,high_volatility,0.3398867202279415,0.3507033705668397,0.3094099092052188,0
1785286800000,1917.27,1905.7,0.003589232303090606,1.0,0.005060035888763492,high_volatility,0.3250419322244679,0.3608166262924494,0.3141414414830825,0
1785290400000,1905.69,1911.1,0.004751190413897932,1.0,0.005100197908153705,high_volatility,0.3387019551234166,0.35528078511385897,0.30601725976272437,0
1785294000000,1911.11,1892.7,0.0169123474401649,2.0,0.005277149306340263,high_volatility,0.3233920885201392,0.3514579827519715,0.32514992872788945,0
1785297600000,1892.7,1905.52,0.005017003232713257,1.0,0.005360246111951176,high_volatility,0.32836962395660607,0.35272672933046584,0.31890364671292804,0
1785301200000,1905.52,1912.54,0.005108389889884712,1.0,0.005215903242590918,high_volatility,0.337627895140602,0.354931778087805,0.3074403267715931,0
1785304800000,1912.53,1920.18,-0.004176691768480012,1.0,0.005110201969108654,high_volatility,0.34258193434527534,0.3557899762078686,0.3016280894468561,0
1785308400000,1920.19,1924.71,-0.004909830571878437,1.0,0.004991868868614709,ranging,0.34323595717796573,0.3394521839914042,0.3173118588306302,0
1785312000000,1924.71,1915.08,-0.005143388265764326,0.0,0.004954910465935345,ranging,0.3236229595102177,0.35768348803135186,0.31869355245843056,0
1785315600000,1915.08,1922.31,-0.006799111485660481,0.0,0.004801947699692593,ranging,0.34135865790308795,0.344038862804273,0.31460247929263907,0
1785319200000,1922.31,1912.16,-0.00885386160153967,0.0,0.004764575030845776,ranging,0.3347922316437229,0.3459533385728548,0.3192544297834222,0
1785322800000,1912.16,1915.26,-0.01208713177323184,0.0,0.004567458475714853,ranging,0.33164405493335586,0.351072725850504,0.31728321921614017,0
1785326400000,1915.26,1905.23,-0.005159482057284337,0.0,0.004555292415485239,ranging,0.33003393949563636,0.344906407872808,0.3250596526315556,0
1785330000000,1905.23,1909.24,0.0036244788502231007,1.0,0.00458198164841262,ranging,0.3280801627462008,0.335883365229343,0.3360364720244563,0
1785333600000,1909.24,1895.23,0.013359856059686592,2.0,0.0047399951589516464,ranging,0.32610607700771577,0.3319959973922076,0.34189792560007676,0
1785337200000,1895.23,1892.11,-0.0018762122709566897,1.0,0.004669841504469276,ranging,0.32104505398281735,0.33913832974929736,0.3398166162678853,0
1785340800000,1892.11,1895.4,-0.005935422602089235,0.0,0.004594435381799458,ranging,0.32973233338397856,0.34469467714213425,0.32557298947388724,0
1785344400000,1895.4,1916.16,-0.009278974615898439,0.0,0.004729541176647007,ranging,0.32208754156492647,0.36263879485378764,0.3152736635812859,0
1785348000000,1916.15,1920.55,-0.006961547473379959,0.0,0.005306859607685711,high_volatility,0.3324322753917279,0.3535714126617224,0.3139963119465497,0
1785351600000,1920.56,1888.56,0.01173380776888222,2.0,0.00589720512128781,high_volatility,0.317966791243681,0.36138791507733675,0.32064529367898215,0
1785355200000,1888.57,1884.15,0.007467558315420675,2.0,0.005803827195672581,high_volatility,0.31094510649019214,0.3673089742675465,0.32174591924226126,0
1785358800000,1884.16,1898.38,0.009687206987009978,2.0,0.005944642015803117,high_volatility,0.3082445677270688,0.36776078123440925,0.3239946510385219,0
1785362400000,1898.39,1907.18,0.002060634025105035,1.0,0.0057940992770734116,high_volatility,0.32148971637902246,0.3746636242912469,0.30384665932973065,0
1785366000000,1907.18,1910.72,-0.0003820549321721378,1.0,0.005605556071990637,high_volatility,0.3294488034605148,0.37107267445987835,0.29947852207960685,0
1785369600000,1910.72,1898.22,0.001986071161403924,1.0,0.0057095002262405724,high_volatility,0.30847630379328117,0.37300933168608663,0.3185143645206322,0
1785373200000,1898.22,1916.77,-0.0054414457655326265,1.0,0.005796601937966586,high_volatility,0.321934426401376,0.3651853001037813,0.31288027349484276,0
1785376800000,1916.77,1911.11,-0.005122677396905417,1.0,0.005616249384474048,high_volatility,0.325902996005464,0.36577864537755006,0.308318358616986,0
1785380400000,1911.12,1909.99,-0.0035288142869858152,1.0,0.005389800645744162,high_volatility,0.3288604653346551,0.3683764482364617,0.30276308642888317,0
1785384000000,1910.0,1901.99,0.006834946555975607,2.0,0.00523001282715711,ranging,0.3314402803435574,0.34446889856377194,0.3240908210926706,0
1785387600000,1902.0,1906.34,0.006200362999255304,2.0,0.005058707008591601,ranging,0.32670157608064976,0.3452111301463864,0.328087293772964,0
1785391200000,1906.34,1901.32,0.00890959964656135,2.0,0.0048756729063365286,ranging,0.30833033262365817,0.35279102628273507,0.3388786410936067,0
1785394800000,1901.33,1903.25,0.010492578484171844,2.0,0.004695981960690731,ranging,0.3142073353253435,0.3534888807194279,0.3323037839552286,0
1785398400000,1903.26,1914.99,0.005347286408806218,2.0,0.004724126111322486,ranging,0.3117617561372874,0.34498587259276725,0.3432523712699452,0
1785402000000,1914.99,1918.16,0.00609959544563532,2.0,0.004607112523198529,ranging,0.3221270515099934,0.3412019346286201,0.33667101386138654,0
1785405600000,1918.15,1918.26,-0.00044832295934849054,1.0,0.004393986754643733,ranging,0.3267281572544886,0.3481257572613334,0.32514608548417795,0
1785409200000,1918.27,1923.22,-0.002246232880273702,1.0,0.004286654576904415,ranging,0.33835562992099216,0.3395038210569113,0.3221405490220965,0
1785412800000,1923.25,1925.23,-0.0030385979856951684,1.0,0.004159070330005968,ranging,0.3418061990644179,0.33818439190030486,0.3200094090352773,0
1785416400000,1925.24,1929.86,-0.0046531872778334815,0.0,0.0042933229290017345,ranging,0.3445053732480854,0.33317030970571937,0.32232431704619524,0
1785420000000,1929.86,1917.4,-0.0005789089391885494,1.0,0.0043860606789299025,ranging,0.3379681680704997,0.3412539051419938,0.32077792678750655,0
1785423600000,1917.41,1918.9,0.0024910104747510875,1.0,0.004281538742253469,ranging,0.34651484446932085,0.34317420918118896,0.31031094634949014,0
1785427200000,1918.9,1919.38,0.0011983036188769614,1.0,0.004198229971681048,ranging,0.34641665484126916,0.3440535831930536,0.30952976196567716,0
1785430800000,1919.37,1920.88,-0.0011505143475907254,1.0,0.004098790374336884,ranging,0.3492022907937055,0.34258892780586503,0.3082087814004295,0
1785434400000,1920.88,1916.29,0.004874001325477995,2.0,0.003992263991706112,low_liquidity,0.3308199220643685,0.3587928402541436,0.3103872376814879,0
1785438000000,1916.3,1923.68,-0.002791524577892446,1.0,0.003990059318622363,ranging,0.3414332928132254,0.33940726341592903,0.3191594437708456,0
1785441600000,1923.69,1921.68,-0.002357312351692231,1.0,0.0038739453064363747,low_liquidity,0.33096852977645436,0.35380272534734236,0.31522874487620334,0
1785445200000,1921.69,1918.67,-0.004331125206523345,0.0,0.0037666077399651264,low_liquidity,0.32532790634964925,0.35818475335729993,0.31648734029305087,0
1785448800000,1918.66,1925.63,-0.011154790899601696,0.0,0.0038724025955774624,ranging,0.34061842580711404,0.3352901512843365,0.32409142290854953,0
1785452400000,1925.62,1918.31,-0.004905359404892784,0.0,0.004027748752495083,ranging,0.3339866144068131,0.33866269365913493,0.3273506919340519,0
1785456000000,1918.32,1917.15,-0.0058367889836475895,0.0,0.003900362488298662,trending,0.33595026070600686,0.3452148122677509,0.3188349270262422,0
1785459600000,1917.15,1910.36,-0.0022142423417574886,1.0,0.004293302207726862,trending,0.3356016042130926,0.3345926699277688,0.3298057258591386,0
1785463200000,1910.35,1904.15,-0.0008087598140903429,1.0,0.004233714573513874,trending,0.33816627826274614,0.33700466116010863,0.32482906057714517,0
1785466800000,1904.15,1908.9,-0.00979621771700978,0.0,0.00420238876791547,trending,0.3438799714408956,0.3392521179471371,0.3168679106119673,0
1785470400000,1908.9,1905.96,-0.008137631429830594,0.0,0.004048774031682569,low_liquidity,0.32678658761462503,0.3507013293143036,0.3225120830710714,0
1785474000000,1905.97,1906.13,-0.011746313210536541,0.0,0.003930342691157107,low_liquidity,0.32544694824011194,0.35488267091217923,0.3196703808477088,0
1785477600000,1906.14,1902.61,-0.008141447800652846,0.0,0.0039009823903794925,trending,0.3405053073145942,0.34303151231933543,0.31646318036607035,0
1785481200000,1902.6,1890.2,-0.003142524600571406,1.0,0.004059911474782678,trending,0.3321417139321091,0.3329967896886387,0.33486149637925217,0
1785484800000,1890.2,1890.45,-0.003983178608267912,0.0,0.003885264683965827,ranging,0.33934767303283025,0.3300694952300291,0.33058283173714065,0
1785488400000,1890.45,1883.74,-0.00882287364498291,0.0,0.0038444675441804046,ranging,0.3303386369779316,0.33209559647505166,0.33756576654701675,0
1785492000000,1883.73,1887.12,-0.01427042265462708,0.0,0.0038412162748287315,ranging,0.33794689836971326,0.32966231586520867,0.332390785765078,0
1785495600000,1887.12,1884.26,-0.011314786706717705,0.0,0.0037392045052628583,ranging,0.3261117961677626,0.34152763043633283,0.33236057339590463,0
1785499200000,1884.27,1882.92,-0.009745501667622669,0.0,0.0037297402535167922,ranging,0.32279887523089473,0.33409840393183904,0.3431027208372662,0
1785502800000,1882.93,1867.12,0.004225759458417189,2.0,0.0040804796667738025,ranging,0.31364457660416645,0.3411011634188375,0.34525425997699616,0
1785506400000,1867.13,1860.19,0.00625742531676865,2.0,0.00430054716148608,trending,0.30919897851854533,0.33579044705336797,0.3550105744280867,0
1785510000000,1860.2,1862.94,0.002818126187638992,1.0,0.0042580104840514105,trending,0.30313689213389816,0.34878050578424247,0.34808260208185926,0
1785513600000,1862.93,1864.57,-0.0012442547075196542,1.0,0.004099583077563788,trending,0.3107560606777424,0.3509952640662964,0.3382486752559611,0
1785517200000,1864.57,1875.01,-0.007039962453533555,0.0,0.004125672283886124,trending,0.3206442024153642,0.36401782916921643,0.3153379684154194,0
1785520800000,1875.01,1871.83,-0.00552400591934088,0.0,0.004107431850767934,trending,0.31714852209244815,0.36622996312861233,0.3166215147789395,0
1785524400000,1871.82,1868.19,-0.002992201007392281,1.0,0.0040201395887347864,trending,0.30706305367437664,0.36433252283635775,0.32860442348926566,0
1785528000000,1868.19,1862.25,0.0013156128339375517,1.0,0.003955008323940693,trending,0.30627859240176947,0.35605333807430234,0.3376680695239282,0
1785531600000,1862.25,1861.81,0.0028037232585493843,1.0,0.003792844646045712,trending,0.3142895044014151,0.3497726415918309,0.33593785400675397,0
1785535200000,1861.81,1861.49,0.003631499497714241,1.0,0.003678168302040177,trending,0.3135040466190175,0.34948018708890616,0.3370157662920763,0
1785538800000,1861.49,1862.6,0.003908514979061639,2.0,0.003501302160702473,low_liquidity,0.31862901625139733,0.345403889352268,0.33596709439633465,0
1785542400000,1862.6,1864.7,0.0027135732289376158,1.0,0.0033684403565038237,trending,0.3305467408216979,0.3392382131852901,0.330215045993012,0
1785546000000,1864.69,1867.03,0.0002999416185063275,1.0,0.003188666320536773,low_liquidity,0.3218597801438968,0.3495485579004345,0.32859166195566875,0
1785549600000,1867.03,1868.25,0.001204335608189444,1.0,0.0030337544243319004,low_liquidity,0.3177553959797757,0.3613708815047488,0.3208737225154754,0
1785553200000,1868.25,1869.88,-4.278349412800697e-05,1.0,0.0028929874851539358,low_liquidity,0.32083758408795654,0.35805984040684885,0.32110257550519455,0
1785556800000,1869.88,1869.76,-0.00014440355981515385,1.0,0.002764450009765014,low_liquidity,0.31906247968731316,0.34446520511130896,0.3364723152013779,0
1785560400000,1869.76,1867.59,0.00018205280602279217,1.0,0.002701004069161595,trending,0.3151964579937167,0.3303818595117389,0.35442168249454437,0
1785564000000,1867.58,1870.5,-0.0016840417000802965,1.0,0.002613005936679709,trending,0.31603462379354547,0.3359547681679319,0.3480106080385226,0
1785567600000,1870.5,1869.8,-0.0015509680179697227,1.0,0.0025072642933267174,low_liquidity,0.3063365134663364,0.3374638179503079,0.3561996685833558,0
1785571200000,1869.81,1869.49,-0.00023000925386074123,1.0,0.0025,low_liquidity,0.30476511011824386,0.34059424317489745,0.3546406467068587,0
1785574800000,1869.5,1867.93,0.0007227251556536363,1.0,0.0025,trending,0.3154796381514484,0.3361302145528358,0.3483901472957157,0
1785578400000,1867.94,1867.35,0.004193107880151148,2.0,0.0025,trending,0.31514988005776473,0.32917586217391814,0.35567425776831707,0
1785582000000,1867.36,1866.9,0.0017087149820558256,1.0,0.0025,trending,0.31080147884809733,0.3274306512974456,0.36176786985445714,0
1785585600000,1866.9,1869.06,-0.00014445764180925913,1.0,0.0025,trending,0.31434151161794643,0.3358656928423197,0.3497927955397338,0
1785589200000,1869.07,1869.28,-0.00385710005991613,0.0,0.0025,trending,0.30109420947011484,0.33120416612462666,0.3677016244052585,0
1785592800000,1869.29,1875.18,-0.020462035644578158,0.0,0.0025,ranging,0.3013499593428759,0.3331847256116048,0.3654653150455193,0
1785596400000,1875.18,1870.09,-0.017533915480003603,0.0,0.0025,ranging,0.3020341500292198,0.3327400572868435,0.36522579268393673,0
1785600000000,1870.1,1868.79,-0.016256508221897503,0.0,0.0025,ranging,0.30191260652048496,0.3241692748079697,0.37391811867154534,0
1785603600000,1868.79,1862.07,-0.00874832847315088,0.0,0.0025,ranging,0.3100999345268837,0.3152701315112092,0.3746299339619072,0
1785607200000,1862.06,1836.81,0.005700099629248445,2.0,0.002965300975438278,ranging,0.30687255816189074,0.30187322020091795,0.3912542216371913,0
1785610800000,1836.8,1837.3,0.0041582757306919405,2.0,0.0029015802808870206,trending,0.31837317763900636,0.3223364410035637,0.35929038135743,0
1785614400000,1837.29,1838.41,0.004503891950109029,2.0,0.0028654401999149283,trending,0.31735234814985663,0.3265434965611043,0.35610415528903905,0
1785618000000,1838.41,1845.78,0.006127490816890457,2.0,0.002867239283006678,trending,0.3390804628974232,0.3307141285677482,0.3302054085348286,0
1785621600000,1845.79,1847.28,0.016034385691394926,2.0,0.0027646751675531,trending,0.3351203464398583,0.3357736054634608,0.329106048096681,0
1785625200000,1847.28,1844.94,0.017610328791180185,2.0,0.002703095217410371,trending,0.3032221257607553,0.3307603944886623,0.36601747975058235,0
1785628800000,1844.95,1846.69,0.01869831969632152,2.0,0.0026475798929558965,trending,0.3119686726850319,0.32379939278463304,0.36423193453033503,0
1785632400000,1846.69,1857.09,0.010360294869930842,2.0,0.002738246052495165,trending,0.32117588102103084,0.3233649001550808,0.3554592188238883,0
1785636000000,1857.09,1876.9,0.0003409877990303567,1.0,0.003159282468095843,trending,0.3314359590113343,0.33385883101112174,0.33470520997754394,0
1785639600000,1876.9,1877.43,-0.0007084152271989996,1.0,0.003074778684417306,trending,0.34253609205267155,0.33764155669306123,0.31982235125426717,0
1785643200000,1877.44,1881.22,-0.006921040601311934,0.0,0.0029687749246048757,trending,0.346964280048462,0.3295509078933736,0.3234848120581644,0
1785646800000,1881.21,1876.33,-0.002867299462248063,1.0,0.0029333837836798215,trending,0.34165314615255776,0.32814565256862865,0.3302012012788136,0
1785650400000,1876.32,1877.54,-0.00468165791407904,0.0,0.002820938489909115,trending,0.34315879874682736,0.3319946943586471,0.32484650689452554,0
1785654000000,1877.54,1876.1,-0.012536645168167992,0.0,0.002692497471215798,trending,0.3369108757312947,0.33678801816518045,0.326301106103525,0
1785657600000,1876.1,1868.2,-0.005962958997966061,0.0,0.002785115106012032,trending,0.32784176680807914,0.3171293592578607,0.35502887393406013,0
1785661200000,1868.19,1870.95,-0.00858387450225817,0.0,0.002826790688216905,ranging,0.31782287279240123,0.3235056330412064,0.3586714941663923,0
1785664800000,1870.94,1868.75,-0.007389966555183869,0.0,0.0027541019587406573,ranging,0.31768136883685366,0.32854196603817476,0.3537766651249715,0
1785668400000,1868.76,1852.58,0.0033682755940365183,2.0,0.003047929469024505,ranging,0.31227929982337027,0.31426123796788963,0.3734594622087401,0
1785672000000,1852.65,1857.06,0.0032686073686365447,2.0,0.0030107855306017645,ranging,0.32734392290759196,0.31749676665038085,0.35515931044202714,0
1785675600000,1857.07,1854.89,0.007418229652432107,2.0,0.0029293120156902255,ranging,0.32678270538529625,0.32033569372258325,0.3528816008921205,0
1785679200000,1854.88,1854.94,0.011277992819174631,2.0,0.0028782667726714034,ranging,0.3345042339172909,0.3197825765858792,0.3457131894968298,0
1785682800000,1854.95,1858.82,0.012577871983301403,2.0,0.0028801358686420192,ranging,0.33885651947585343,0.32350783554153345,0.3376356449826131,0
1785686400000,1858.82,1863.13,0.011083499272729114,2.0,0.0028906618746617294,ranging,0.3389886871155678,0.32936796566322496,0.3316433472212073,0
1785690000000,1863.13,1868.65,0.011655473202579314,2.0,0.0028636343716816385,ranging,0.34673603115969426,0.3306101006575779,0.32265386818272784,0
1785693600000,1868.64,1875.86,0.0033318051453732345,2.0,0.0030763297440852895,ranging,0.34826955028925083,0.3223046981275326,0.3294257515832165,0
1785697200000,1875.86,1882.2,0.0016788864095207412,1.0,0.0030548571913800674,ranging,0.35059299119245796,0.3287923436067981,0.32061466520074394,0
1785700800000,1882.2,1883.78,-0.005260699232394472,0.0,0.0029730526112771135,ranging,0.3456803794988263,0.3286933538155973,0.32562626668557637,0
1785704400000,1883.79,1890.43,-0.012293499362578841,0.0,0.0031216443433856223,ranging,0.36016151565265786,0.3047377394600043,0.3351007448873378,0
1785708000000,1890.44,1882.11,-0.009351206890139241,0.0,0.0033054182922686412,ranging,0.3568946815037318,0.30849002558849853,0.3346152929077697,0
1785711600000,1882.1,1885.36,-0.014925531463486963,0.0,0.003275202109441869,ranging,0.3595207171819657,0.3168000003262992,0.32367928249173505,0
1785715200000,1885.36,1873.87,-0.01008607854333543,0.0,0.0033862752957304243,ranging,0.351040460252499,0.31312715524931223,0.33583238449818864,0
1785718800000,1873.86,1867.19,-0.003914973837691904,0.0,0.0033741579573482385,ranging,0.34094737256413304,0.3193245729625985,0.3397280544732685,0
1785722400000,1867.19,1864.51,-0.008168365951375933,0.0,0.0033468204190359356,ranging,0.33395661022060447,0.32515878622146405,0.3408846035579315,0
1785726000000,1864.51,1857.22,-0.007134319035978498,0.0,0.003458254111500639,ranging,0.3274634180047452,0.32023989386316737,0.3522966881320874,0
1785729600000,1857.21,1854.97,-0.007897701849625682,0.0,0.0034075869964972833,ranging,0.33313585611649615,0.32733286757158997,0.33953127631191393,0
1785733200000,1854.97,1859.88,-0.0038981009527496724,0.0,0.0033254308058892987,ranging,0.3484172107574111,0.3221653424818028,0.32941744676078605,0
1785736800000,1859.88,1849.28,-0.001643883024744719,1.0,0.003446968133325477,ranging,0.3279663184335293,0.317982347729575,0.35405133383689563,0
1785740400000,1849.29,1843.97,-0.0022126173419306783,1.0,0.003440996482928132,ranging,0.3330490309694774,0.31754740531663656,0.34940356371388614,0
1785744000000,1843.96,1840.32,0.001836637106590322,1.0,0.003596277731983136,ranging,0.3193726573189748,0.31319546323927344,0.3674318794417518,0
1785747600000,1840.32,1852.63,0.0035355143768587283,1.0,0.0036540302112750044,ranging,0.3445676413047038,0.3181135691438484,0.33731878955144773,0
1785751200000,1852.62,1846.24,0.014922220296386124,2.0,0.0037044540670338254,ranging,0.3313349109853272,0.32348041052854587,0.3451846784861269,0
1785754800000,1846.24,1839.89,0.012745327166297837,2.0,0.003670679326223964,ranging,0.3366017147033247,0.32374060132298094,0.33965768397369434,0
1785758400000,1839.88,1843.7,0.012214568530672043,2.0,0.003602050241046374,ranging,0.33992972899639057,0.320438806189239,0.33963146481437045,0
1785762000000,1843.69,1859.18,0.005195839025806892,2.0,0.003819898341604654,ranging,0.3436229294708123,0.32482724262930374,0.3315498278998839,0
1785765600000,1859.18,1873.79,-0.002577663452147716,1.0,0.004045674495605127,ranging,0.35024733823250725,0.32553400142356087,0.324218660343932,0
1785769200000,1873.79,1863.34,0.003681561067760075,1.0,0.004091718456817137,ranging,0.34335930247933566,0.3390204404278968,0.31762025709276753,0
1785772800000,1863.34,1866.22,0.0014735668892198461,1.0,0.0040356371512328725,ranging,0.34259272343899844,0.3397791567416643,0.31762811981933725,0
1785776400000,1866.22,1868.84,-0.002803878341645083,1.0,0.00400103150070401,ranging,0.3466808767615933,0.3279813868386183,0.3253377363997883,0
1785780000000,1868.85,1868.96,-0.004580087321291004,0.0,0.0038819427545297856,ranging,0.3289209537409171,0.34666377081054944,0.3244152754485335,0
1785783600000,1868.96,1870.2,-0.005186611057640955,0.0,0.003792472329031953,ranging,0.339885290129062,0.33640506020056793,0.3237096496703701,0
1785787200000,1870.2,1868.97,-0.0094544053676624,0.0,0.0037389907942733283,ranging,0.34650562141295943,0.3207608038280602,0.33273357475898035,0
1785790800000,1868.97,1863.6,0.002167847177505955,1.0,0.0036102474903431684,ranging,0.3373955076665749,0.32733095397022294,0.3352735383632021,0
1785794400000,1863.6,1860.4,0.0031014835519243,1.0,0.003673048188524963,ranging,0.3351176235687124,0.3191245683435055,0.34575780808778217,0
1785798000000,1860.39,1860.5,0.0019833378124161083,1.0,0.0035090952911703433,ranging,0.34062597743610923,0.3280795858377637,0.33129443672612696,0
1785801600000,1860.5,1851.3,0.009026089774752943,2.0,0.0036158658108931705,ranging,0.34827899876923757,0.3174681523157196,0.33425284891504287,0
1785805200000,1851.3,1867.64,-0.0017241010044762861,1.0,0.003800926795473926,ranging,0.3464597814232964,0.31539987744529363,0.33814034113141006,0
1785808800000,1867.64,1866.17,-0.004935241698237558,0.0,0.003771280903205344,ranging,0.345960907936546,0.31975655299942135,0.33428253906403277,0
1785812400000,1866.17,1864.19,-0.0001716563225852008,1.0,0.0037028746564287695,ranging,0.3497510169714838,0.31916346860757894,0.3310855144209373,0
1785816000000,1864.2,1868.01,-0.005417529884743644,0.0,0.0037208887982009657,ranging,0.3553021374877946,0.31702233217136105,0.3276755303408444,0
1785819600000,1868.0,1864.42,-0.0030626146469143745,1.0,0.0036056616339917285,ranging,0.33886926240895116,0.325926346315181,0.33520439127586776,0
1785823200000,1864.42,1856.96,0.005374375323108804,2.0,0.004002935659334501,ranging,0.3553488950104405,0.3127167392065799,0.3319343657829797,0
1785826800000,1856.96,1863.87,0.004839393305327233,2.0,0.003966278619425917,ranging,0.3368512372683208,0.3342941008477024,0.3288546618839768,0
1785830400000,1863.88,1857.89,0.009268578871730826,2.0,0.00390059078136496,ranging,0.34030444353779876,0.3430416186470483,0.31665393781515294,0
1785834000000,1857.88,1858.71,0.0018023252686001356,1.0,0.0037437367040378945,ranging,0.34559155904697264,0.3306598401582611,0.3237486007947662,0
1785837600000,1858.71,1866.94,0.0032620223467276777,1.0,0.0038953264638969805,ranging,0.33858113595031314,0.335702820167879,0.32571604388180775,0
1785841200000,1866.95,1872.89,9.610815370897363e-05,1.0,0.00380239058546653,ranging,0.3463312760169936,0.33726641321942225,0.31640231076358405,0
1785844800000,1872.88,1875.11,-0.002895830111300013,1.0,0.00384453525191236,ranging,0.3516126241350559,0.3340322544718438,0.31435512139310035,0
1785848400000,1875.11,1862.06,0.004011685982191704,2.0,0.004000486575189923,ranging,0.34746643816555056,0.3122063941021047,0.3403271677323448,1
1785852000000,1862.06,1873.03,0.0012066010688562834,1.0,0.004081732289337748,ranging,0.3544607925352621,0.3161964271258382,0.32934278033889963,1
1785855600000,1873.02,1873.07,0.0011692035001362733,1.0,0.004151614019027495,ranging,0.34757692340313245,0.33742338058928445,0.31499969600758304,1
1785859200000,1873.08,1869.68,0.0037279106585084154,1.0,0.004055523165081637,ranging,0.3606485831486063,0.33381926061741485,0.3055321562339789,1
1785862800000,1869.69,1869.53,0.001492353693174131,1.0,0.004015329183834896,ranging,0.3449185410434713,0.33527662858590945,0.3198048303706193,1
1785866400000,1869.54,1875.29,0.00018663780002037278,1.0,0.003983083713441393,ranging,0.3513655752098157,0.32103831838263536,0.32759610640754894,1
1785870000000,1875.29,1875.26,-0.0029382592280536857,1.0,0.0038803259944424342,ranging,0.3554520882854592,0.33581792804483396,0.3087299836697068,1
1785873600000,1875.26,1876.65,-0.0067780353289105255,0.0,0.003912673480342839,ranging,0.3399937893139862,0.32011509438384017,0.3398911163021736,1
1785877200000,1876.65,1872.32,0.0005608015723808091,1.0,0.0037514704037737052,low_liquidity,0.3116180170185796,0.3907247949283021,0.2976571880531182,1
1785880800000,1872.32,1875.64,-0.0006131240536564331,1.0,0.0036701906649431893,ranging,0.3470485631809644,0.3250997311705358,0.32785170564849986,1
1785884400000,1875.64,1869.75,-0.0010696617194811964,1.0,0.0036986393690647185,ranging,0.3288615355865594,0.31704323157353664,0.35409523283990385,1
1785888000000,1869.74,1863.93,0.0019153079783038596,1.0,0.0036875197828556494,ranging,0.3337773267967046,0.30919942079843354,0.35702325240486193,1
1785891600000,1863.94,1873.37,4.8041764307171775e-05,1.0,0.0037056452022350794,ranging,0.3299292240980321,0.3265691356598197,0.3435016402421482,1
1785895200000,1873.37,1874.49,-0.0024593356059514626,1.0,0.0035646487914291615,ranging,0.32913050263248905,0.33691190359784357,0.33395759376966727,1
1785898800000,1874.49,1867.75,0.0023825458439299396,1.0,0.0036046687446545152,ranging,0.3527590858753091,0.303855254753334,0.34338565937135684,1
1785902400000,1867.75,1867.5,0.0013333333333334085,1.0,0.0034575659063595375,ranging,0.3444398948968284,0.32048091440117316,0.33507919070199854,1
1785906000000,1867.5,1873.46,-0.0008113330415381315,1.0,0.003440122870122801,ranging,0.35041234211595734,0.3163274130397117,0.33326024484433103,1
1785909600000,1873.46,1869.88,-0.0008289301987294273,1.0,0.003324969810873404,ranging,0.3600047318739576,0.310452930072896,0.3295423380531464,1
1785913200000,1869.88,1872.2,-0.0017519495780364824,1.0,0.003282113829010467,ranging,0.3519210235038174,0.2918899098257948,0.35618906667038785,1
1785916800000,1872.2,1869.99,0.0033476114845534255,2.0,0.003199790053833526,ranging,0.3536767370894587,0.29623703670866547,0.35008622620187585,1
1785920400000,1869.99,1871.94,0.0035204119790164246,2.0,0.003100239790804727,ranging,0.3450799416529624,0.3100510112412495,0.34486904710578814,1
1785924000000,1871.94,1868.33,0.004046394373585116,2.0,0.0031114500788705472,ranging,0.3396476945008455,0.2909358757406393,0.36941642975851535,1
1785927600000,1868.32,1868.92,0.002669991224878654,1.0,0.002977265779018699,ranging,0.3539131793553134,0.3008988074940496,0.345188013150637,1
1785931200000,1868.92,1876.25,0.01029180546302455,2.0,0.003160846303470339,ranging,0.3216197471204355,0.2897454347764006,0.38863481810316386,1
1785934800000,1876.26,1878.53,0.020345695836638145,2.0,0.003479277961244807,ranging,0.3141799562819728,0.27852572974089695,0.4072943139771303,1
1785938400000,1878.52,1875.89,0.022479996161821836,2.0,0.0035460145154331936,ranging,0.31946811876269915,0.28961759941740284,0.390914281819898,1
1785942000000,1875.89,1873.91,0.023010710226211373,2.0,0.0035205659061849906,ranging,0.3551065855839404,0.2928330891814701,0.3520603252345895,1
1785945600000,1873.91,1895.56,0.011363396568824013,2.0,0.003772571827412044,ranging,0.3341168578001951,0.2947396831262247,0.37114345907358015,1
1785949200000,1895.55,1916.75,-0.00417373157688794,0.0,0.00406024972670254,ranging,0.3750558416088485,0.2909135177731244,0.3340306406180271,1
1785952800000,1916.75,1918.06,-0.005839233392073262,0.0,0.004082707364567106,ranging,0.37379463533641055,0.31176568046744335,0.31443968419614604,1
1785956400000,1918.05,1917.03,-0.004240935196632267,0.0,0.003913844776997329,ranging,0.3918634333957166,0.3086890914211914,0.299447475183092,1
1785960000000,1917.02,1917.1,-0.003494862031192869,1.0,0.003809640010097596,ranging,0.39331729146521505,0.2942514751587412,0.3124312333760436,1
1785963600000,1917.1,1908.75,-0.0010478061558611973,1.0,0.0037865091673180045,ranging,0.39935547568814855,0.29119120966135165,0.30945331465049986,1
1785967200000,1908.75,1906.86,-0.004011830968188468,0.0,0.0036732598486718337,ranging,0.39479842951684546,0.303354954599649,0.30184661588350564,1
1785970800000,1906.85,1908.9,-0.005170517051705237,0.0,0.0035861752683108016,ranging,0.37757065922994226,0.3127596029225822,0.3096697378474755,1
1785974400000,1908.91,1910.4,-0.0014133165829145478,1.0,0.003478383345515538,ranging,0.37783057390567715,0.3126413424719885,0.3095280836223343,1
1785978000000,1910.4,1906.75,0.003980595253703978,2.0,0.003412551127106617,ranging,0.3899172619677024,0.3060605273416648,0.30402221069063284,1
1785981600000,1906.74,1899.21,0.007608426661611878,2.0,0.003536111789373215,ranging,0.375046510935133,0.3104903248605604,0.31446316420430676,1
1785985200000,1899.21,1899.03,0.005423821635255788,2.0,0.0033815626673106666,ranging,0.35483150122077756,0.3338787753012892,0.3112897234779334,1
1785988800000,1899.04,1907.7,0.004487078681134404,2.0,0.0034025249693849222,ranging,0.3716196613262655,0.3275833056476313,0.3007970330261032,1
1785992400000,1907.7,1914.34,-0.003484229551699247,0.0,0.003403969122265304,ranging,0.38431780407528643,0.31706586055637365,0.29861633536833987,1
1785996000000,1914.35,1913.66,-0.005789952238119733,0.0,0.0032777357540646032,ranging,0.3660220187351842,0.34233100688960966,0.29164697437520604,1
1785999600000,1913.67,1909.33,-0.0008170405325428343,1.0,0.0032229006824608785,ranging,0.3722536416304783,0.32721927823888397,0.3005270801306377,1
1786003200000,1909.33,1916.26,-0.008960161982194514,0.0,0.00325248707976398,ranging,0.37757320640825087,0.3172337993096795,0.3051929942820696,1
1786006800000,1916.26,1907.67,-0.00012580792275396213,1.0,0.003307847553338846,ranging,0.37182390309432284,0.3120908816240161,0.316085215281661,1
1786010400000,1907.67,1902.58,0.006533233819340012,2.0,0.0032160712613929143,ranging,0.36303114113066176,0.3140863541172715,0.32288250475206687,1
1786014000000,1902.59,1907.77,0.0015305828270704147,1.0,0.00325229483287938,ranging,0.3426273604532121,0.309252433590649,0.3481202059561389,1
1786017600000,1907.77,1899.09,0.008783154036933416,2.0,0.00323689604243498,ranging,0.35354439411753136,0.2990272789465945,0.34742832693587417,1
1786021200000,1899.1,1907.43,0.0034863664721640486,2.0,0.0034133826954878656,ranging,0.3438809485350456,0.3115968760310534,0.34452217543390107,1
1786024800000,1907.44,1915.01,-0.00473104579088357,0.0,0.003754111362831656,ranging,0.32668496290490623,0.33063472942433464,0.34268030767075913,1
1786028400000,1915.01,1910.69,-0.0003297238170504313,1.0,0.003702442962346857,ranging,0.35543912345537976,0.3345783054601177,0.3099825710845026,1
1786032000000,1910.7,1915.77,-0.0045047161193670915,0.0,0.0036154380919736365,ranging,0.34078145969259976,0.3472186432172027,0.31199989709019754,1
1786035600000,1915.78,1914.08,-0.004075064783081173,0.0,0.0035412955509765342,ranging,0.3538150003413749,0.3187036952211144,0.32748130443751067,1
1786039200000,1914.08,1905.95,-0.0003672709147669595,1.0,0.0035501680394393166,ranging,0.3485739719750334,0.31987861730538686,0.33154741071957966,1
1786042800000,1905.95,1910.06,-0.0031203208276180394,1.0,0.003409307862879465,ranging,0.34904563253127574,0.3124923563018823,0.33846201116684194,1
1786046400000,1910.07,1907.14,-0.0017093658567278736,1.0,0.0032796218981388024,low_liquidity,0.322179371167443,0.3510298054894675,0.3267908233430896,1
1786050000000,1907.15,1906.28,-0.0015317791719999807,1.0,0.0031269981095796763,ranging,0.3524174195108721,0.330890884102793,0.31669169638633493,1
1786053600000,1906.28,1905.25,-0.0013226610681013051,1.0,0.0030215060427871906,ranging,0.34546179003997285,0.32346943697830616,0.33106877298172094,1
1786057200000,1905.24,1904.1,-0.003502967281130087,0.0,0.002961557280314802,ranging,0.3530504553990349,0.30293081466528776,0.34401872993567734,1
1786060800000,1904.1,1903.88,-0.0033825661281173813,0.0,0.0028770689264185486,ranging,0.36134257455918595,0.29829243579278203,0.3403649896480319,1
1786064400000,1903.89,1903.36,-0.0009351882985877413,1.0,0.002863909906660804,ranging,0.3607455500019632,0.2904371536649167,0.3488172963331202,1
1786068000000,1903.36,1902.73,0.0009460091552664363,1.0,0.0029100168959954814,ranging,0.36171604885804454,0.28495079304456333,0.35333315809739224,1
1786071600000,1902.72,1897.43,0.002598251318889133,1.0,0.0028856586401729573,ranging,0.36620552670970546,0.27982190728522854,0.353972566005066,1
1786075200000,1897.43,1897.44,0.006988363268403797,2.0,0.002824307584245236,ranging,0.3550244728442233,0.2757366991994181,0.36923882795635865,1
1786078800000,1897.44,1901.58,0.006026567380809755,2.0,0.0027743997989060853,ranging,0.3559928457599174,0.2826093343224606,0.36139781991762204,1
1786082400000,1901.59,1904.53,0.004368531868754966,2.0,0.002742808732145006,ranging,0.3597379418172121,0.2896983743557162,0.35056368382707176,1
1786086000000,1904.54,1902.36,0.007343510166319733,2.0,0.002664468633329795,ranging,0.3624669458535028,0.29835072155914694,0.3391823325873502,1
1786089600000,1902.35,1910.7,0.011215784790914451,2.0,0.0027547167134302497,ranging,0.36078855405475885,0.28617323037387493,0.3530382155713661,1
1786093200000,1910.7,1913.04,0.0054677372140676805,2.0,0.0027199298318221032,ranging,0.3404377570811061,0.3129690509214129,0.34659319199748106,1
1786096800000,1913.04,1912.85,0.0003764017042633405,1.0,0.002601180338653109,ranging,0.3397603569954356,0.33013267894305437,0.33010696406151,1
1786100400000,1912.85,1916.33,0.0008088377262789326,1.0,0.0025984072807436185,ranging,0.37042515171642193,0.29653680066336996,0.3330380476202081,1
1786104000000,1916.33,1932.13,-0.011707286776769688,0.0,0.002985094751683984,ranging,0.33966580508156635,0.30977072260501604,0.35056347231341756,1
1786107600000,1932.14,1923.5,-0.005744736158045161,0.0,0.003085546607502146,ranging,0.3681201690733117,0.3022331361319106,0.32964669479477776,1
1786111200000,1923.5,1913.57,-0.001938784575427066,1.0,0.003237689453067711,ranging,0.3680972495616931,0.3099853723075389,0.321917378130768,1
1786114800000,1913.57,1917.88,0.0005057667841574798,1.0,0.003177991557910228,ranging,0.36584641273940866,0.30735832779531913,0.3267952594652722,1
1786118400000,1917.87,1909.51,0.002775581170038288,1.0,0.003315401177643304,ranging,0.36821043350357685,0.31091769005206066,0.3208718764443626,1
1786122000000,1909.5,1912.45,0.0021438468979579905,1.0,0.003243942591790695,ranging,0.36352961118292126,0.3161507272886945,0.3203196615283842,1
1786125600000,1912.45,1909.86,0.0026075209701235114,1.0,0.0032185012112223447,ranging,0.3632420678579608,0.31181538889932375,0.32494254324271543,1
1786129200000,1909.87,1918.85,-0.002433749381139716,1.0,0.003206441633658794,ranging,0.36108167715294076,0.31951427767560103,0.31940404517145826,1
1786132800000,1918.84,1914.81,-0.00024023271238404753,1.0,0.0031175359761058037,trending,0.36415998437119984,0.32516443646052123,0.31067557916827887,1
1786136400000,1914.82,1916.55,-0.000991364691763752,1.0,0.0031178552909913635,trending,0.3699698202372656,0.32116362578186025,0.30886655398087404,1
1786140000000,1916.55,1914.84,-0.0008669131624573501,1.0,0.002956824152907345,trending,0.35199375307883457,0.3411655967208688,0.3068406502002966,1
1786143600000,1914.84,1914.18,0.002037425947402971,1.0,0.002802318452376859,low_liquidity,0.316150232320427,0.38313459144249024,0.3007151762370829,1
1786147200000,1914.19,1914.35,0.0013842818711311544,1.0,0.002660128770198744,low_liquidity,0.31603272315933095,0.3479673052026063,0.33599997163806283,1
1786150800000,1914.36,1914.65,0.0015198600266366213,1.0,0.0025274827419405088,trending,0.3278894270409454,0.3509659727656943,0.3211446001933603,1
1786154400000,1914.66,1913.18,0.001703969307644826,1.0,0.0025,low_liquidity,0.31341195021540513,0.38243772383721025,0.30415032594738467,1
1786158000000,1913.18,1918.08,-0.0015484234234234284,1.0,0.0025,low_liquidity,0.3264842379030117,0.33797454951777484,0.3355412125792135,1
1786161600000,1918.09,1917.0,-7.824726134586513e-05,1.0,0.0025,trending,0.31812159821902875,0.3226510774537204,0.3592273243272509,1
1786165200000,1917.0,1917.56,0.0007248795344083625,1.0,0.0025,low_liquidity,0.3086646375181563,0.3553671161257662,0.33596824635607747,1
1786168800000,1917.55,1916.44,0.0024681179687338073,1.0,0.0025,low_liquidity,0.30395122790335943,0.3201922921966939,0.37585647989994675,1
1786172400000,1916.45,1915.11,0.0030703197205383947,2.0,0.0025,trending,0.3126513825375272,0.2983207657572504,0.38902785170522225,1
1786176000000,1915.11,1916.85,0.0012207527975585108,1.0,0.0025,low_liquidity,0.286722560512498,0.34513758841142983,0.36813985107607217,1
1786179600000,1916.85,1918.95,0.0005471742359102194,1.0,0.0025,trending,0.29635668549704375,0.2947496189241078,0.4088936955788485,1
1786183200000,1918.94,1921.17,0.0013533419739013564,1.0,0.0025,trending,0.29215582769048526,0.30862397311028467,0.39922019919923013,1
1786186800000,1921.18,1920.99,0.0008485208147881451,1.0,0.0025,trending,0.29214375020181754,0.3172608605547088,0.3905953892434737,1
1786190400000,1920.99,1919.19,0.0017038438091070418,1.0,0.0025,trending,0.29104679791407134,0.2959955141606071,0.41295768792532167,1
1786194000000,1919.2,1920.0,0.002005208333333286,1.0,0.0025,trending,0.28510941655668465,0.2963618609091664,0.41852872253414897,1
1786197600000,1920.0,1923.77,-0.001387899800911807,1.0,0.0025,trending,0.3028331396411741,0.3073762221241151,0.3897906382347109,1
1786201200000,1923.78,1922.62,-0.0011494731148119497,1.0,0.0025,trending,0.29419155395509416,0.305412047407793,0.4003963986371128,1
1786204800000,1922.63,1922.46,-0.0010767454199306359,1.0,0.0025,trending,0.3009340040461053,0.30186553260925225,0.3972004633446425,1
1786208400000,1922.45,1923.85,-0.0015749668633209257,1.0,0.0025,trending,0.30698944407513384,0.3014704388680976,0.39154011705676867,1
1786212000000,1923.84,1921.1,-0.00226432772890528,1.0,0.0025,trending,0.311394318029017,0.28223453107976054,0.4063711508912225,1
1786215600000,1921.1,1920.41,-0.0019110502444791289,1.0,0.0025,trending,0.3001718013303902,0.28194297317412825,0.41788522549548157,1
1786219200000,1920.41,1920.39,-0.0011976733892595792,1.0,0.0025,trending,0.30663407460393205,0.2887126201927922,0.4046533052032757,1
1786222800000,1920.39,1920.82,-0.0024364594287855645,1.0,0.0025,trending,0.31492966910818615,0.2857015701718033,0.3993687607200105,1
1786226400000,1920.82,1916.75,-0.0010173470718665145,1.0,0.0025,trending,0.3074286970014755,0.2580776999960493,0.43449360300247514,1
1786230000000,1916.74,1916.74,-0.0014086417563153875,1.0,0.0025,trending,0.29230618768947114,0.24988242555010645,0.4578113867604224,1
1786233600000,1916.75,1918.09,-0.0025702652117469693,0.0,0.0025,trending,0.2928112306664459,0.2563988078256428,0.45078996150791134,1
1786237200000,1918.08,1916.14,-0.0008767626582608656,1.0,0.0025,trending,0.2906001848308091,0.24549052525608336,0.46390928991310754,1
1786240800000,1916.15,1914.8,0.0023657823271359124,1.0,0.0025,trending,0.2948925866234182,0.248265862153097,0.45684155122348474,1
1786244400000,1914.79,1914.04,0.002575703747048186,2.0,0.0025,trending,0.29478285127736303,0.24644016971920432,0.4587769790034326,1
1786248000000,1914.04,1913.16,0.0014530933115892708,1.0,0.0025,trending,0.29957370124430194,0.2500758013887692,0.4503504973669289,1
1786251600000,1913.17,1914.46,0.0036511601182578346,2.0,0.0025,ranging,0.31108587584015435,0.25695160149549245,0.4319625226643531,1
1786255200000,1914.45,1919.33,0.00040118166235081354,1.0,0.0025,ranging,0.31726891526448797,0.2546588066459316,0.4280722780895804,1
1786258800000,1919.34,1918.97,0.00013548935105811566,1.0,0.0025,ranging,0.31146908503353404,0.27044425913871445,0.41808665582775145,1
1786262400000,1918.97,1915.94,0.0008142217397204554,1.0,0.0025,ranging,0.30629942479913896,0.24856023566819269,0.44514033953266835,1
1786266000000,1915.94,1921.45,0.0009940409586508547,1.0,0.0025,ranging,0.32424854010503906,0.2656243871037651,0.41012707279119576,1
1786269600000,1921.45,1920.1,0.002588406853809788,2.0,0.0025,trending,0.2948602827433793,0.26639566881585974,0.438744048440761,1
1786273200000,1920.09,1919.23,0.0038192400077112776,2.0,0.0025,trending,0.29655847852330547,0.2671300947235983,0.4363114267530963,1
1786276800000,1919.23,1917.5,0.0034471968709255396,2.0,0.0025,trending,0.29519260385727164,0.25901502719954755,0.4457923689431808,1
1786280400000,1917.5,1923.36,-0.00012998086681637044,1.0,0.0025,trending,0.28744467889550557,0.25829231561408195,0.45426300549041254,1
1786284000000,1923.36,1925.07,-0.001844088786381759,1.0,0.0025,trending,0.2882150521479477,0.27145358207103565,0.4403313657810168,1
1786287600000,1925.08,1926.56,-0.002346150651939216,1.0,0.0025,trending,0.28871259661641463,0.2792179823150478,0.4320694210685375,1
1786291200000,1926.57,1924.11,-0.0017566563242226163,1.0,0.0025,trending,0.2807322378005103,0.2520325877492932,0.46723517445019636,1
1786294800000,1924.1,1923.11,0.000842385510969379,1.0,0.0025,trending,0.28793242984818285,0.2596901640373992,0.45237740611441785,1
1786298400000,1923.1,1921.52,-0.001025230026229229,1.0,0.0025,trending,0.292609640029753,0.25511936932623047,0.45227099064401655,1
1786302000000,1921.51,1922.04,-0.005925995296663933,0.0,0.0025,trending,0.28266380264165847,0.27128762786614097,0.4460485694922005,1
1786305600000,1922.04,1920.73,-0.004139051298204355,0.0,0.0025,ranging,0.2750242564454538,0.23787427703681488,0.4871014665177313,1
1786309200000,1920.72,1924.73,0.00025977669595222963,1.0,0.0025,ranging,0.2884278722321363,0.24587924731504057,0.46569288045282314,1
1786312800000,1924.73,1919.55,0.0020681930660833014,1.0,0.0025,ranging,0.2982459005479347,0.23851297578729944,0.46324112366476583,1
1786316400000,1919.54,1910.65,0.003553764425719086,2.0,0.0025,ranging,0.3244491729810839,0.2599760955600372,0.4155747314588789,1
1786320000000,1910.65,1912.78,0.001573625822101965,1.0,0.0025,ranging,0.335598827612414,0.25787417534325835,0.4065269970443277,1
1786323600000,1912.79,1925.23,-0.001070002025731931,1.0,0.0026578568785150126,trending,0.30598455898134935,0.2896153011147604,0.4044001399038901,1
1786327200000,1925.23,1923.52,0.0023446597903842292,1.0,0.0027790128580082733,trending,0.30198899841125837,0.2760075199139915,0.42200348167475016,1
1786330800000,1923.51,1917.44,0.0040783544726301635,2.0,0.002834558003091509,trending,0.3235989868607272,0.27238161209525225,0.4040194010440205,1
1786334400000,1917.44,1915.79,0.005746976443138374,2.0,0.0028224922380704278,trending,0.31009849034802583,0.270108830277857,0.41979267937411713,1
1786338000000,1915.79,1923.17,-0.0035254293692185135,0.0,0.002826766345670664,trending,0.34641323349973524,0.28270304542549174,0.3708837210747731,1
1786341600000,1923.18,1928.03,-0.005331867242729604,0.0,0.0027609447033294866,trending,0.3249729800949032,0.2912500930834509,0.383776926821646,1
1786345200000,1928.03,1925.26,-0.0025139461683096886,1.0,0.002701876066189373,trending,0.33456739933429436,0.27512055045786354,0.39031205020784204,1
1786348800000,1925.26,1926.8,-0.010795100685073722,0.0,0.002652124206585781,trending,0.33128907623639614,0.2799875946989916,0.38872332906461227,1
1786352400000,1926.8,1916.39,-0.009804893575942386,0.0,0.0027193789206433226,trending,0.32441300366844156,0.2611117589594175,0.414475237372141,1
1786356000000,1916.38,1917.75,-0.012598096727936436,0.0,0.0026256989182454013,trending,0.3265569622210423,0.2754533398028377,0.39798969797611994,1
1786359600000,1917.75,1920.42,-0.02260963747513567,0.0,0.002578254582183898,trending,0.33115181304601565,0.2670178439233561,0.4018303430306282,1
1786363200000,1920.42,1906.0,-0.017649527806925525,0.0,0.0028245882042170884,trending,0.3195440490349253,0.2487978284977241,0.43165812246735064,1
1786366800000,1905.99,1897.6,-0.012594856661045428,0.0,0.002993542464319256,trending,0.32370015394218227,0.24810108614932655,0.42819875990849127,1
1786370400000,1897.61,1893.59,-0.010899930819237458,0.0,0.0030399966029680155,trending,0.33238891386584607,0.254756768604568,0.412854317529586,1
1786374000000,1893.58,1877.0,0.0008044752264251276,1.0,0.0033551485339974384,trending,0.28826364732136267,0.24803022301480057,0.4637061296638368,1
1786377600000,1876.99,1872.36,0.0039362088487258085,2.0,0.003369276489032615,trending,0.28220552537414645,0.26776207431605087,0.4500324003098027,1
1786381200000,1872.38,1873.7,0.00040027752575122477,1.0,0.0033249140680802086,trending,0.28940460232996845,0.29071870128798527,0.41987669638204633,1
1786384800000,1873.7,1872.95,0.001703195493739873,1.0,0.003254323369234345,trending,0.30130903277299714,0.27033872063601927,0.4283522465909835,1
1786388400000,1872.95,1878.51,-0.002848001873825501,1.0,0.003209359865276855,trending,0.31148430505334473,0.28499154451251724,0.40352415043413803,1
1786392000000,1878.52,1879.73,-0.0023460816181047894,1.0,0.0030595803579228278,trending,0.30949061877735784,0.29329924083613446,0.39721014038650765,1
1786395600000,1879.72,1874.45,0.001968577449385167,1.0,0.0029905688457405656,trending,0.30520207727266807,0.2974427291522496,0.39735519357508237,1
1786399200000,1874.45,1876.14,0.0013112027887043354,1.0,0.0029115148674436126,trending,0.3017624814409611,0.28160792254505573,0.4166295960139832,1
1786402800000,1876.15,1873.16,0.004201456362510347,2.0,0.002845814541976191,trending,0.29678552679143827,0.2731610995361435,0.43005337367241825,1
1786406400000,1873.16,1875.32,0.0004959153637780211,1.0,0.0027546787282332606,trending,0.32275385230131637,0.279532848652251,0.39771329904643266,1
1786410000000,1875.31,1878.14,-0.002188335267871433,1.0,0.0026706800141247304,trending,0.32233385196221814,0.29183639673155515,0.38582975130622676,1
1786413600000,1878.13,1878.6,-0.0023208772490151963,1.0,0.002580144883821803,trending,0.29864709020466546,0.2905644230865885,0.41078848670874607,1
1786417200000,1878.61,1881.03,-0.0016374007857397066,1.0,0.0025,trending,0.32265916441239645,0.3102923933098775,0.3670484422777261,1
1786420800000,1881.02,1876.25,0.001577614923384374,1.0,0.0025,trending,0.28935033112135394,0.27918671423400987,0.4314629546446361,1
1786424400000,1876.25,1874.03,0.006072474826977148,2.0,0.0025,trending,0.286618015708549,0.2719871745963196,0.44139480969513134,1
1786428000000,1874.03,1874.24,0.006359911217346914,2.0,0.0025,trending,0.2803467853158755,0.2716330685076593,0.44802014617646524,1
1786431600000,1874.25,1877.95,0.007998083016054647,2.0,0.0025,trending,0.30122253658735154,0.3006587383623715,0.39811872505027696,1
1786435200000,1877.95,1879.21,0.004677497459038671,2.0,0.0025,trending,0.30541778879649983,0.28590836989968915,0.40867384130381096,1
1786438800000,1879.2,1885.41,0.002450395404713035,1.0,0.0025,trending,0.2969486258899611,0.28371729026937914,0.4193340838406598,1
1786442400000,1885.41,1886.16,-0.006611316113161125,0.0,0.0025,trending,0.28879295311993325,0.30573586072950826,0.4054711861505585,1
1786446000000,1886.17,1892.97,-0.015969613887171996,0.0,0.0025,trending,0.34681760905860004,0.31991270332139937,0.33326968762000064,1
1786449600000,1892.96,1888.0,-0.012277542372881367,0.0,0.0025,trending,0.343800081032907,0.31805735954893893,0.338142559418154,1
1786453200000,1888.0,1890.03,-0.01340719459479478,0.0,0.0025,trending,0.33911864318421503,0.312785981061384,0.34809537575440097,1
1786456800000,1890.02,1873.69,-0.004088189615144455,0.0,0.002752230104602938,trending,0.3063739288036754,0.2802053874276388,0.4134206837686859,1
1786460400000,1873.68,1862.74,0.010285922887788956,2.0,0.00312491806697259,trending,0.2776262991495225,0.2569952848957968,0.46537841595468077,1
1786464000000,1862.75,1864.82,0.009330659259338736,2.0,0.003065781471093448,trending,0.29220227070543975,0.2675605353030525,0.4402371939915077,1
1786467600000,1864.83,1864.69,0.010720280582831476,2.0,0.002963522003964591,trending,0.2919198241047618,0.2756788789358779,0.43240129695936036,1
1786471200000,1864.69,1866.03,0.00864401965670436,2.0,0.0029127019084996143,trending,0.3041776134384772,0.28821375949654376,0.407608627064979,1
1786474800000,1866.03,1881.9,0.0003666507253305973,1.0,0.0031812628138024584,trending,0.35901832646205656,0.3172113143711201,0.3237703591668234,1
1786478400000,1881.9,1882.22,6.906737788359152e-05,1.0,0.0030967474714825014,trending,0.36186858205322964,0.32766620516943856,0.3104652127773318,1
1786482000000,1882.22,1884.68,4.775346477914333e-05,1.0,0.0029829952312881926,ranging,0.393241412054436,0.31092952392850925,0.29582906401705455,1
1786485600000,1884.68,1882.16,0.0012273132996132308,1.0,0.002956477393851256,ranging,0.3678814146010597,0.31035427956342126,0.32176430583551907,1
1786489200000,1882.17,1882.59,0.0021406679096351855,1.0,0.0028696531826193877,low_liquidity,0.3130770916653229,0.36055664066877596,0.32636626766590116,1
1786492800000,1882.58,1882.35,0.003755943368661585,2.0,0.0027349151329028906,ranging,0.32957467691780706,0.343366121099258,0.3270592019829349,1
1786496400000,1882.36,1884.77,0.0036821468932548562,2.0,0.0026595468452557253,ranging,0.35620759613787306,0.3243859559970119,0.319406447865115,1
1786500000000,1884.77,1884.47,0.001729929370061667,1.0,0.002568219006553731,ranging,0.32117882233522654,0.3494201359078916,0.3294010417568819,1
1786503600000,1884.48,1886.62,0.002687345623390014,2.0,0.0025,low_liquidity,0.33349157808589874,0.36192041069877956,0.3045880112153217,1
1786507200000,1886.63,1889.42,0.0008097723110795929,1.0,0.0025,ranging,0.37434979019859255,0.3122324869203804,0.313417722881027,1
1786510800000,1889.41,1891.71,0.0074694324182882355,2.0,0.0025,ranging,0.37089480704197797,0.3315178799715468,0.2975873129864752,1
1786514400000,1891.7,1887.73,0.011357556430209748,2.0,0.0025,ranging,0.36266464872233223,0.32095744467477005,0.31637790660289783,1
1786518000000,1887.74,1891.69,0.01262363283624679,2.0,0.0025,ranging,0.36745879636157996,0.316102516586217,0.3164386870522029,1
1786521600000,1891.7,1890.95,0.01077236309791374,2.0,0.0025,ranging,0.3625838417548543,0.3213670613085665,0.3160490969365793,1
1786525200000,1890.94,1905.84,-0.002371657641774716,1.0,0.0025724514743181853,ranging,0.3976224641295654,0.2923467835708992,0.3100307522995355,1
1786528800000,1905.84,1909.17,-0.011198583677723861,0.0,0.002602284610275274,ranging,0.39065410783719046,0.3054452507740773,0.30390064138873224,1
1786532400000,1909.18,1915.57,-0.011912903208966541,0.0,0.0026002945867731335,ranging,0.42320216902201796,0.2881251081047499,0.2886727228732321,1
1786536000000,1915.58,1911.32,-0.010788355691354612,0.0,0.0028567243700167257,ranging,0.3880798094840351,0.28025592573780234,0.33166426477816247,1
1786539600000,1911.31,1901.32,-0.0069320261712914055,0.0,0.002949735954032866,trending,0.39567491659040077,0.29069733604239956,0.31362774736719967,1
1786543200000,1901.31,1887.79,-0.0011865726590352121,1.0,0.0031834312508119095,trending,0.35781993368848986,0.2755622765842872,0.366617789727223,1
1786546800000,1887.78,1892.75,-0.007063796063928041,0.0,0.003214349712346464,ranging,0.3571384540025695,0.28474219662001476,0.35811934937741574,1
1786550400000,1892.75,1890.7,-0.0021685090178241717,1.0,0.003136007277522648,ranging,0.3271453687546022,0.2965972019807043,0.3762574292646935,1
1786554000000,1890.7,1888.14,-0.005396845572891884,0.0,0.0030696209147232207,ranging,0.3356802110998112,0.29682762785052597,0.36749216104966287,1
1786557600000,1888.13,1885.55,-0.0037654795682956488,0.0,0.0029867890930282376,ranging,0.32712581401006485,0.30196401841379866,0.3709101675761364,1
1786561200000,1885.54,1879.38,0.0002287988591982426,1.0,0.0029836823947514634,ranging,0.3132073699012721,0.2923066268224717,0.3944860032762562,1
1786564800000,1879.37,1886.6,-0.0033446411533976095,0.0,0.002984172178507979,ranging,0.3466810310169485,0.29391229114818057,0.3594066778348709,1
1786568400000,1886.6,1877.95,7.45493756488802e-05,1.0,0.0031530281886270753,ranging,0.3103931990534173,0.28969845043407394,0.3999083505125088,1
1786572000000,1877.94,1878.45,0.001852591232132994,1.0,0.003057991608918397,ranging,0.32886678236165096,0.28963173398583336,0.3815014836525157,1
1786575600000,1878.46,1879.81,0.004101478340896136,2.0,0.0029583421573398335,ranging,0.3347813295687963,0.2921316782209598,0.3730869922102439,1
1786579200000,1879.8,1880.29,0.006424540895287434,2.0,0.002935283357516161,ranging,0.3264678059430983,0.2998953169745436,0.3736368770823581,1
1786582800000,1880.28,1878.09,0.009435117592873521,2.0,0.002907261833487091,ranging,0.3324759062278709,0.2800721401691483,0.3874519536029809,1
1786586400000,1878.09,1881.93,0.008868555153485946,2.0,0.0029243266183082172,ranging,0.3522645649226028,0.28860645562538795,0.3591289794520093,1
1786590000000,1881.94,1887.52,0.004264855471730167,2.0,0.0028711110688820025,ranging,0.36289518573431334,0.28618405597524493,0.3509207582904418,1
1786593600000,1887.52,1892.37,-0.001225975892663711,1.0,0.002875028001227864,ranging,0.3603854947923236,0.29537776788222553,0.34423673732545085,1
1786597200000,1892.37,1895.81,-0.003180698487717626,0.0,0.002850874055450346,ranging,0.3597221810680796,0.3042285607982219,0.3360492581336984,1
1786600800000,1895.8,1898.62,-0.008137489334358539,0.0,0.002788916689107391,ranging,0.35461721385308187,0.32147969052733116,0.32390309561958697,1
1786604400000,1898.62,1895.57,-0.008008145307216163,0.0,0.0026757201963205205,ranging,0.3435955349138681,0.3088578402293584,0.34754662485677357,1
1786608000000,1895.57,1890.05,-0.0005343773974233468,1.0,0.002687313416614477,ranging,0.32135130037827786,0.29461159581727775,0.38403710380444434,1
1786611600000,1890.05,1889.78,0.00032278889606196515,1.0,0.0027043600464429873,ranging,0.3155736989219359,0.2996334009965547,0.3847929000815093,1
1786615200000,1889.78,1883.17,0.0054482601145939835,2.0,0.002705710958170509,ranging,0.3076502063101277,0.2864719847135413,0.4058778089763311,1
1786618800000,1883.18,1880.39,-0.00020208573753321968,1.0,0.0027037354016329995,ranging,0.29029826009541665,0.27692100565825917,0.4327807342463241,1
1786622400000,1880.4,1889.04,-0.007511752001016392,0.0,0.0027489019802347373,ranging,0.3029469720780234,0.29481777235846296,0.4022352555635136,1
1786626000000,1889.04,1890.39,-0.007093774300541256,0.0,0.0027468336223006973,ranging,0.298504976941883,0.2940608160116077,0.40743420704650934,1
1786629600000,1890.39,1893.43,-0.004177603608266578,0.0,0.002743910278715388,ranging,0.29884411182443804,0.29877272798463406,0.40238316019092796,1
1786633200000,1893.44,1880.01,0.003936149275801881,2.0,0.002931755929389623,ranging,0.29227256271280794,0.2742633054770173,0.43346413181017474,1
1786636800000,1880.01,1874.85,0.006176494119529696,2.0,0.003216047609239337,ranging,0.28496939309647207,0.2575926790970117,0.4574379278065162,1
1786640400000,1874.86,1876.98,0.006276039169303971,2.0,0.0031491654977056915,ranging,0.2989451917334248,0.2784110052392193,0.4226438030273558,1
1786644000000,1876.98,1885.52,0.0020577877720735493,1.0,0.003153505532633934,ranging,0.30420941703685817,0.30012464076474343,0.39566594219839835,1
1786647600000,1885.52,1887.41,-0.0006675815005748875,1.0,0.003097213746978858,ranging,0.3190437431199816,0.2906720985063427,0.3902841583736758,1
1786651200000,1887.41,1886.43,0.001574402442709344,1.0,0.0029738053426847,low_liquidity,0.27948971594811867,0.3354762171838629,0.3850340668680185,1
1786654800000,1886.43,1888.76,0.00034414112963010446,1.0,0.002836493745095388,low_liquidity,0.2930795946049791,0.35999119025375376,0.34692921514126723,1
1786658400000,1888.77,1889.4,-0.001471366571398458,1.0,0.0027334802823958766,low_liquidity,0.2887345332147117,0.33571988385406826,0.37554558293122003,1
1786662000000,1889.41,1886.15,-0.0016700686583782653,1.0,0.0026518982126199665,ranging,0.29800761440341217,0.29436877699800723,0.4076236085985806,1
1786665600000,1886.16,1889.4,-0.002450513390494402,1.0,0.0025934314589110287,ranging,0.3146556267570543,0.2929619684623254,0.39238240478062036,1
1786669200000,1889.4,1889.41,-0.002826279103000484,0.0,0.002530207168982628,ranging,0.2873976724847701,0.30263647548816686,0.4099658520270631,1
1786672800000,1889.41,1886.62,-0.007298767107313586,0.0,0.0025,ranging,0.28553747464154866,0.2975505344716791,0.41691199088677233,1
1786676400000,1886.63,1883.0,-0.005098247477429596,0.0,0.0025,ranging,0.27591716780181924,0.28891376057185997,0.4351690716263206,1
1786680000000,1883.0,1884.77,-0.003215246422640372,0.0,0.0025,low_liquidity,0.27461759011886544,0.3245042116766458,0.40087819820448883,1
1786683600000,1884.78,1884.07,-0.005758809386063102,0.0,0.0025,ranging,0.27843288911867314,0.2982495608403801,0.4233175500409467,1
1786687200000,1884.07,1872.85,0.001783378273753966,1.0,0.0025,ranging,0.29376871825330403,0.2674258832051052,0.4388053985415908,1
1786690800000,1872.86,1873.4,0.002562186399060584,2.0,0.0025,ranging,0.29782118494212984,0.2741122430939886,0.4280665719638817,1
1786694400000,1873.4,1878.71,-0.002767856667607038,0.0,0.0025,ranging,0.2966720839998099,0.2805465380415589,0.4227813779586313,1
1786698000000,1878.72,1873.22,-0.0017349804080674103,1.0,0.0025,ranging,0.2950745243689155,0.2789456670629008,0.4259798085681836,1
1786701600000,1873.21,1876.19,-0.004935534247597517,0.0,0.0025,ranging,0.31129782498070735,0.2817841719127732,0.4069180031065194,1
1786705200000,1876.18,1878.2,0.0017889468640186479,1.0,0.0025,ranging,0.3053053612521212,0.2884819074145462,0.40621273133333247,1
1786708800000,1878.2,1873.51,0.006351714162187605,2.0,0.0025,ranging,0.3082172697340427,0.2797117653811086,0.4120709648848487,1
1786712400000,1873.51,1869.97,0.00459900426210047,2.0,0.0025,ranging,0.2948228610194859,0.2610545829909966,0.4441225559895175,1
1786716000000,1869.98,1866.93,0.004729689918743674,2.0,0.0025,ranging,0.3004004854610592,0.2587612469143226,0.44083826762461825,1
1786719600000,1866.94,1881.56,-0.00035608750186011395,1.0,0.002644781343023371,ranging,0.31693356691173064,0.2813446136950115,0.40172181939325785,1
1786723200000,1881.56,1885.41,-0.002646639192536382,1.0,0.0026577050762406273,ranging,0.33411986821461315,0.2926801481319394,0.37319998365344753,1
1786726800000,1885.41,1878.57,0.0004631182229035691,1.0,0.002726664752647453,ranging,0.3062137646269285,0.289867239770136,0.4039189956029355,1
1786730400000,1878.57,1875.76,0.002137800145007862,1.0,0.0026567896996018384,ranging,0.3122489074370366,0.27792339409314154,0.4098276984698218,1
1786734000000,1875.75,1880.89,0.0006964787946130979,1.0,0.00264485346260953,ranging,0.3172924908241976,0.3029064568348523,0.37980105234095013,1
1786737600000,1880.89,1880.42,0.0010582742153348867,1.0,0.0025237834245517847,low_liquidity,0.27157079979588455,0.3731973129873352,0.3552318872167802,1
1786741200000,1880.42,1879.44,0.002426254629038338,1.0,0.0025,low_liquidity,0.28853442413022423,0.3314918393289994,0.37997373654077643,1
1786744800000,1879.43,1879.77,0.0027503364773351358,2.0,0.0025,low_liquidity,0.2910705891319998,0.33088381694237595,0.3780455939256243,1
1786748400000,1879.77,1882.2,0.00025502072043348534,1.0,0.0025,low_liquidity,0.31397000937790576,0.31542344131252265,0.37060654930957165,1
1786752000000,1882.2,1882.41,0.0010412184380659273,1.0,0.0025,low_liquidity,0.28192756254471024,0.3198316097431421,0.3982408277121475,1
1786755600000,1882.41,1884.0,-0.001772823779193189,1.0,0.0025,low_liquidity,0.2905433350307387,0.318127343763238,0.39132932120602343,1
1786759200000,1884.0,1884.94,-0.0014748480057720226,1.0,0.0025,low_liquidity,0.29527322538117734,0.3217895120636151,0.38293726255520755,1
1786762800000,1884.94,1882.68,-0.0012110395818726305,1.0,0.0025,ranging,0.32793294002369233,0.2870730958454419,0.3849939641308658,1
1786766400000,1882.69,1884.37,-0.003884587421790764,0.0,0.0025,low_liquidity,0.2916478201075011,0.3199964616110557,0.3883557182814431,1
1786770000000,1884.38,1880.66,-0.00011698020907557893,1.0,0.0025,ranging,0.3098015065456116,0.28607244674033816,0.40412604671405017,1
1786773600000,1880.67,1882.16,-0.0006110001275131394,1.0,0.0025,ranging,0.31860748057168126,0.29295934654378925,0.38843317288452944,1
1786777200000,1882.17,1880.4,-0.0004839395873218466,1.0,0.0025,low_liquidity,0.28284013882625647,0.3124387942074554,0.40472106696628807,1
1786780800000,1880.4,1877.05,0.0036280333502036743,2.0,0.0025,ranging,0.3030296186711027,0.27516664166256316,0.42180373966633417,1
1786784400000,1877.04,1880.44,0.0018187232775306317,1.0,0.0025,ranging,0.32912094210628096,0.2804821951542456,0.3903968627394733,1
1786788000000,1880.45,1881.01,0.0013556546748820786,1.0,0.0025,ranging,0.30518412777983445,0.2921497091338138,0.4026661630863517,1
1786791600000,1881.0,1879.49,0.002883761020276765,2.0,0.0025,low_liquidity,0.27660849338247184,0.3198038864177994,0.4035876201997288,1
1786795200000,1879.49,1883.86,0.0005945240092151138,1.0,0.0025,ranging,0.29379226574046924,0.28015072342931124,0.4260570108302196,1
1786798800000,1883.86,1883.86,0.00033441975518355704,1.0,0.0025,ranging,0.2741865701772003,0.2802864594726012,0.4455269703501985,1
1786802400000,1883.85,1883.56,-0.00039287307014379547,1.0,0.0025,ranging,0.2701843981674627,0.28170827835948636,0.448107323473051,1
1786806000000,1883.55,1884.91,-0.00019099055127302922,1.0,0.0025,ranging,0.2706490509901016,0.2830381874239268,0.4463127615859717,1
1786809600000,1884.92,1884.98,-0.000827594987745206,1.0,0.0025,ranging,0.27040629560147034,0.27605166115199153,0.4535420432465382,1
1786813200000,1884.98,1884.49,0.00036084033345895605,1.0,0.0025,ranging,0.28403659296568723,0.27200642876870773,0.44395697826560504,1
1786816800000,1884.49,1882.82,0.0010728587969111025,1.0,0.0025,low_liquidity,0.2649833955279353,0.2992466524711438,0.43576995200092083,1
1786820400000,1882.82,1884.55,-0.0010135045501578066,1.0,0.0025,low_liquidity,0.26422229647353557,0.3135492609190028,0.4222284426074615,1
1786824000000,1884.55,1883.42,-0.00045130666553405696,1.0,0.0025,low_liquidity,0.26289305224260573,0.32755486133868256,0.40955208641871166,1
1786827600000,1883.41,1885.17,-0.0024560119246540557,1.0,0.0025,ranging,0.28067196430831154,0.2781924757818822,0.44113555990980635,1
1786831200000,1885.16,1884.84,-0.0005995203836929308,1.0,0.0025,ranging,0.27082245493416085,0.27692553487042626,0.4522520101954129,1
1786834800000,1884.84,1882.64,0.0003505715378404606,1.0,0.0025,ranging,0.27546903315165566,0.26503432916699227,0.459496637681352,1
1786838400000,1882.64,1882.57,-0.0004621342101488457,1.0,0.0025,ranging,0.274199597397497,0.2605027926936701,0.46529760990883284,1
1786842000000,1882.57,1880.54,-0.00038818637199955486,1.0,0.0025,ranging,0.275461521058049,0.2533903051078706,0.4711481738340803,1
1786845600000,1880.54,1883.71,-0.0016616145797390125,1.0,0.0025,ranging,0.29546636379905394,0.26529764913967036,0.43923598706127576,1
1786849200000,1883.71,1883.3,-0.0009345298146870018,1.0,0.0025,ranging,0.27082002423972823,0.2700048543712293,0.4591751213890426,1
1786852800000,1883.31,1881.7,-0.0004038900993782457,1.0,0.0025,ranging,0.2761599763549703,0.26192389449770886,0.46191612914732083,1
1786856400000,1881.7,1879.81,0.0003298205669721721,1.0,0.0025,ranging,0.28654577925640806,0.24963674024490265,0.46381748049868937,1
1786860000000,1879.82,1880.58,0.00011166767699322122,1.0,0.0025,ranging,0.28335972577456625,0.25327767030494314,0.4633626039204906,1
1786863600000,1880.58,1881.54,-0.00031888771963384244,1.0,0.0025,ranging,0.2827213019003955,0.26572669622806805,0.4515520018715364,1
1786867200000,1881.54,1880.94,-0.0005901304666816598,1.0,0.0025,ranging,0.284426935574968,0.2609100955019811,0.45466296892305086,1
1786870800000,1880.94,1880.43,0.0008136436878798392,1.0,0.0025,ranging,0.29261784261543955,0.2518839205804517,0.4554982368041088,1
1786874400000,1880.42,1880.79,0.0014408838838999571,1.0,0.0025,ranging,0.29135696526700033,0.25253964149497543,0.4561033932380243,1
1786878000000,1880.8,1880.94,0.0016587450955372063,1.0,0.0025,ranging,0.28461124975705404,0.26070152263401863,0.4546872276089274,1
1786881600000,1880.94,1879.83,0.0051866392173760545,2.0,0.0025,trending,0.27682655410947554,0.26685461555762185,0.4563188303329025,1
1786885200000,1879.82,1881.96,0.0017056685583116682,1.0,0.0025,trending,0.2837287476544072,0.2686684144466357,0.44760283789895705,1
1786888800000,1881.96,1883.5,0.0010565436687017815,1.0,0.0025,trending,0.2792959517686348,0.27698426209608873,0.44371978613527646,1
1786892400000,1883.51,1884.06,0.00093946052673477,1.0,0.0025,ranging,0.2565973733318891,0.2607096188000709,0.4826930078680401,1
1786896000000,1884.06,1889.58,-0.004011473449126224,0.0,0.0025,ranging,0.2891402814500274,0.26589013406185885,0.44496958448811386,1
1786899600000,1889.59,1885.17,-0.005097683498040073,0.0,0.0025,ranging,0.26760242487509195,0.2577723990425921,0.4746251760823159,1
1786903200000,1885.18,1885.49,-0.005006656094702189,0.0,0.0025,ranging,0.2710193605273467,0.2609447657455256,0.4680358737271277,1
1786906800000,1885.49,1885.83,-0.005212558926308231,0.0,0.0025,ranging,0.2655915121365706,0.2552458513773763,0.4791626364860531,1
1786910400000,1885.83,1882.0,-0.001631243358129586,1.0,0.0025,ranging,0.27675667100155643,0.24812661773500086,0.4751167112634427,1
1786914000000,1881.99,1875.56,0.008578771140352881,2.0,0.0025,ranging,0.2725609620882603,0.2292814543258078,0.49815758358593176,1
1786917600000,1875.55,1876.05,0.014024146477972232,2.0,0.0025,ranging,0.27027345291049293,0.23522346856373894,0.49450307852576814,1
1786921200000,1876.05,1876.0,0.01328358208955227,2.0,0.0025,trending,0.28794826156921216,0.2737392324194822,0.43831250601130567,1
1786924800000,1876.01,1878.93,0.01299143661552038,2.0,0.0025,ranging,0.296525502349476,0.27089769185052853,0.43257680579999536,1
1786928400000,1878.92,1891.65,0.004229112150767822,2.0,0.0025,ranging,0.30497006189942305,0.2815969110549833,0.4134330270455936,1
1786932000000,1891.66,1902.36,0.002465358817468788,1.0,0.0025,trending,0.3155727783620505,0.30688848870589236,0.3775387329320572,1
1786935600000,1902.35,1900.92,5.260610651758313e-06,1.0,0.0025,trending,0.3289524020654682,0.27942493991983625,0.3916226580146956,1
1786939200000,1900.93,1903.34,-0.00468124454905583,0.0,0.0025,trending,0.35178885938231896,0.2715637537835978,0.3766473868340833,1
1786942800000,1903.33,1899.65,-0.0029637038401811866,0.0,0.0025,trending,0.3400987042456568,0.26266549401126293,0.39723580174308015,1
1786946400000,1899.66,1907.05,5.768071104594874e-05,1.0,0.0025,trending,0.380933745175751,0.2474409352808068,0.37162531954344213,1
1786950000000,1907.06,1900.93,0.0018569857911654442,1.0,0.0025,trending,0.3511407698605881,0.25783220822188363,0.39102702191752814,1
1786953600000,1900.93,1894.43,0.0025284650264194575,2.0,0.0025,trending,0.3510475100543049,0.2692008100742319,0.3797516798714632,1
1786957200000,1894.44,1894.02,0.0057549550691122775,2.0,0.0025,trending,0.339318647751859,0.2750087750284404,0.3856725772197006,1
1786960800000,1894.02,1907.16,0.0012846326474966752,1.0,0.0025017568067714946,trending,0.3561099619692715,0.26997591469858573,0.37391412333214286,1
1786964400000,1907.15,1904.46,0.004599729057055635,2.0,0.0025,trending,0.3751065016190043,0.2825718266200267,0.342321671760969,1
1786968000000,1904.46,1899.22,0.004212255557544786,2.0,0.0025,trending,0.3616103797826286,0.2865136518139717,0.3518759684033997,1
1786971600000,1899.22,1904.92,0.0020945761501796056,1.0,0.0025947060757458987,trending,0.3687849251596299,0.2732699780091561,0.35794509683121406,1
1786975200000,1904.92,1909.61,0.00020946685448874902,1.0,0.0026983519249453507,trending,0.37238831038556824,0.2801686483758305,0.34744304123860126,1
1786978800000,1909.61,1913.22,-0.003120393890927331,0.0,0.0027463945469691936,trending,0.41066575347152645,0.2716194739058685,0.3177147726226049,1
1786982400000,1913.22,1907.22,-0.0002569184467444696,1.0,0.0027488004484081253,trending,0.3785487941258576,0.27483155653992625,0.346619649334216,1
1786986000000,1907.21,1908.91,-0.001341079464196926,1.0,0.002765728440604787,trending,0.3893903280483144,0.2833874889320605,0.3272221830196251,1
1786989600000,1908.9,1910.01,-0.0028586237768388756,0.0,0.0026919023912445332,trending,0.38286701022046016,0.29181852201654485,0.325314467762995,1
1786993200000,1910.0,1907.25,0.0033294009699829097,2.0,0.0025982917185144146,trending,0.35236236456005404,0.2687105753392551,0.3789270601006909,1
1786996800000,1907.24,1906.73,0.00177266839038559,1.0,0.002543048436769309,trending,0.35887487694557063,0.271138596746686,0.36998652630774337,1
1787000400000,1906.73,1906.35,-0.002523146326749992,0.0,0.0025,trending,0.34653913681119325,0.29152372920667324,0.36193713398213345,1
1787004000000,1906.35,1904.55,-0.005964663568821971,0.0,0.0025,trending,0.32598218587054956,0.273031986563471,0.40098582756597945,1
1787007600000,1904.56,1913.6,-0.009881897993310962,0.0,0.0025065501152356498,trending,0.31988489856746183,0.3149115397321439,0.3652035617003943,1
1787011200000,1913.59,1910.11,-0.007041479286533092,0.0,0.0025,trending,0.31962705170898215,0.3228755013897043,0.3574974469013136,1
1787014800000,1910.12,1901.54,-0.003108007194168816,0.0,0.0025332912141969193,trending,0.30947232532762553,0.29394136939939963,0.3965863052729748,1
1787018400000,1901.53,1893.19,0.005091934776752405,2.0,0.002686886361899081,trending,0.301734386057552,0.2749389211659383,0.42332669277650964,1
1787022000000,1893.19,1894.69,0.0021903319276503908,1.0,0.0027126270595826223,trending,0.2807581485723421,0.2934899241765726,0.42575192725108535,1
1787025600000,1894.68,1896.66,0.0019191631605031123,1.0,0.0026556697309167475,ranging,0.29253200517228034,0.29092612626922887,0.41654186855849085,1
1787029200000,1896.66,1895.63,0.0006857878383439431,1.0,0.002607490957545486,ranging,0.29368169485034584,0.2877849750402056,0.41853333010944854,1
1787032800000,1895.62,1902.83,-0.002527813835182302,1.0,0.002711633840500552,ranging,0.29945467376069806,0.3038058834481296,0.3967394427911723,1
1787036400000,1902.84,1898.84,0.0022487413368161846,1.0,0.0026631716833644186,ranging,0.29903958583800133,0.2981639297503745,0.40279648441162424,1
1787040000000,1898.83,1900.3,-0.0004315108140819923,1.0,0.0026521443963778654,ranging,0.29656083881442374,0.3181668605944479,0.3852723005911285,1
1787043600000,1900.31,1896.93,0.00047972249898520225,1.0,0.0025739450417885425,ranging,0.2910973036763401,0.2814858488668642,0.4274168474567956,1
1787047200000,1896.93,1898.02,0.006849242895227592,2.0,0.0025,ranging,0.2903671467524966,0.3092375913751745,0.400395261872329,1
1787050800000,1898.01,1903.11,0.0076663986842588905,2.0,0.0025,ranging,0.3058304512885559,0.30704189772132867,0.38712765099011537,1
1787054400000,1903.12,1899.48,0.009997472992608447,2.0,0.0025,ranging,0.28462404359165394,0.3057935592877446,0.4095823971206014,1
1787058000000,1899.48,1897.84,0.007134426505922553,2.0,0.0025,ranging,0.2934255402455734,0.30141090193714515,0.40516355781728147,1
1787061600000,1897.84,1911.02,0.002919906646712267,2.0,0.0027830709846566903,ranging,0.3102732943979439,0.2954778650397013,0.3942488405623548,1
1787065200000,1911.03,1917.7,-0.0023048443447880596,1.0,0.0028320590912582107,ranging,0.311158135960896,0.3221462062039556,0.36669565783514835,1
1787068800000,1917.71,1918.47,-0.0028408054334965183,1.0,0.0028413831390556124,ranging,0.33058829680334073,0.3113904092510575,0.3580212939456018,1
1787072400000,1918.47,1911.38,0.0004394730508847644,1.0,0.002811446929151871,ranging,0.3314494602301027,0.3019745917087619,0.3665759480611354,1
1787076000000,1911.38,1916.6,-0.0016591881456745616,1.0,0.0027540087583947004,ranging,0.33800709570031484,0.3063557051444942,0.3556371991551911,1
1787079600000,1916.6,1913.28,0.002388568322461815,1.0,0.0026611866018568923,ranging,0.32220639805556617,0.3032181395141581,0.3745754624302757,1
1787083200000,1913.28,1913.02,0.00031364021285718025,1.0,0.002558808896061495,ranging,0.3115538551594697,0.30825306183522033,0.38019308300530996,1
1787086800000,1913.01,1912.22,0.0007635104747361066,1.0,0.0025,ranging,0.30050275130648096,0.3290899635893363,0.3704072851041827,1
1787090400000,1912.21,1913.42,-0.002989411629438443,0.0,0.0025,ranging,0.31456929264851674,0.31359581353580146,0.37183489381568174,1
1787094000000,1913.42,1917.85,-0.0029720781082982484,0.0,0.0025,ranging,0.3152107004687741,0.30320197478748423,0.3815873247437418,1
1787097600000,1917.85,1913.62,-0.0014475183160711502,1.0,0.0025,ranging,0.3164254030249378,0.30250952346770665,0.3810650735073556,1
1787101200000,1913.62,1913.68,-0.0017819071109067552,1.0,0.0025,trending,0.3181698890630423,0.3138901072678758,0.3679400036690818,1
1787104800000,1913.68,1907.7,0.005205220946689737,2.0,0.0025,ranging,0.3082842321633585,0.28056774896186537,0.4111480188747761,1
1787108400000,1907.71,1912.15,0.0020186700834139426,1.0,0.0025,ranging,0.31545686756981733,0.29819586432765494,0.3863472681025277,1
1787112000000,1912.15,1910.85,0.005583902451788525,2.0,0.0025,ranging,0.29089658546822184,0.30009846399303414,0.40900495053874397,1
1787115600000,1910.84,1910.27,0.004727080465065203,2.0,0.0025,ranging,0.3007707716991333,0.30792822380962337,0.39130100449124333,1
1787119200000,1910.28,1917.63,0.0013506255116992882,1.0,0.0025,ranging,0.325439718176906,0.28609599887896636,0.3884642829441276,1
1787122800000,1917.64,1916.01,0.003679521505628891,2.0,0.0025,ranging,0.3213528527242339,0.2980486422354339,0.38059850504033216,1
1787126400000,1916.01,1921.52,0.008165410716516108,2.0,0.0025,ranging,0.3294367491767102,0.30721799863555554,0.36334525218773434,1
1787130000000,1921.52,1919.3,0.007085916740478426,2.0,0.0025,ranging,0.29967703084367414,0.29551954263429125,0.4048034265220346,1
1787133600000,1919.3,1920.22,0.026236577058878607,2.0,0.0025,ranging,0.29132281406282273,0.32409296093778733,0.38458422499939005,1
1787137200000,1920.23,1923.06,0.08464114484207452,2.0,0.0025,ranging,0.3197143523492211,0.30419478999194327,0.3760908576588356,1
1787140800000,1923.06,1937.21,0.07863886723690272,2.0,0.002547514492831394,trending,0.32376714178039157,0.3259751127310867,0.35025774548852173,1
1787144400000,1937.21,1932.9,0.08180454239743384,2.0,0.002671260694831337,trending,0.31860916547730217,0.30303804161813963,0.3783527929045581,1
1787148000000,1932.91,1970.6,0.06157008017862586,2.0,0.0034597380551794742,abnormal,0.3050248411697452,0.3341854538573638,0.360789704972891,1
1787151600000,1970.61,2085.83,0.007761898141267487,2.0,0.006067844097347225,abnormal,0.38518547416949106,0.3702824960474384,0.24453202978307054,1
1787155200000,2085.83,2089.55,0.06152999449642249,2.0,0.006152739185005897,high_volatility,0.3884369368318363,0.4054879859052849,0.20607507726287885,1
1787158800000,2089.55,2091.02,0.09324635823665006,2.0,0.006235573688998607,high_volatility,0.38837371886732436,0.40359438971075484,0.20803189142192083,1
1787162400000,2091.03,2091.93,0.07555702150645582,2.0,0.006065459061290916,high_volatility,0.383266340083351,0.3903695047950384,0.2263641551216105,1
1787166000000,2091.92,2102.02,0.07173100160797707,2.0,0.005941179880819468,high_volatility,0.42327937176782354,0.3631118619195549,0.21360876631262163,1
1787169600000,2102.02,2218.12,0.019890718265918927,2.0,0.007924156690287329,abnormal,0.4101664143211635,0.3579676587762502,0.23186592690258623,1
1787173200000,2218.13,2286.0,-0.008460192475940542,1.0,0.009347565794656345,high_volatility,0.382072841819093,0.41452771567254465,0.20339944250836242,1
1787176800000,2286.0,2249.99,0.000844448197547587,1.0,0.00974699444015298,high_volatility,0.3533382257261727,0.43927755940002106,0.20738421487380623,1
1787180400000,2250.0,2252.8,-0.0007057883522727515,1.0,0.00938839032902538,high_volatility,0.30243604172638594,0.49429390155650227,0.20327005671711174,1
1787184000000,2252.81,2262.24,-0.005286795388641186,1.0,0.009104255533452591,high_volatility,0.29577007031180397,0.4827653958349598,0.22146453385323633,1
1787187600000,2262.24,2266.66,-0.008073553157509128,1.0,0.008833391846970916,high_volatility,0.31075187960286943,0.49810728458792336,0.1911408358092073,1
1787191200000,2266.66,2251.89,0.004827056383748918,1.0,0.008649808685469797,high_volatility,0.2998284971784561,0.5142513652976358,0.18592013752390799,1
1787194800000,2251.88,2251.21,0.0002665233363390307,1.0,0.008720498558851004,high_volatility,0.32549628136679976,0.4812720041852121,0.193231714447988,1
1787198400000,2251.21,2250.28,0.014207120891622349,2.0,0.00829007172087545,high_volatility,0.32567327333199214,0.4886094173959779,0.18571730927203003,1
1787202000000,2250.27,2248.36,0.01343201266701044,2.0,0.007954775089928109,high_volatility,0.32187233640894886,0.4952177362271008,0.1829099273639503,1
1787205600000,2248.36,2262.76,0.010712581095652984,2.0,0.007876145427186274,high_volatility,0.3525478587908774,0.47133507077146886,0.17611707043765376,1
1787209200000,2262.77,2251.81,0.01988178398710372,2.0,0.00774252549690694,high_volatility,0.37093355470227063,0.45510796070919557,0.17395848458853377,1
1787212800000,2251.81,2282.25,0.0034965494577718914,1.0,0.007808492634445028,high_volatility,0.38279229819079863,0.4353502881637109,0.1818574136454905,1
1787216400000,2282.26,2278.56,-0.0007241415630925285,1.0,0.007698098802204276,high_volatility,0.3703827272832433,0.43834248801423936,0.19127478470251735,1
1787220000000,2278.56,2287.0,-0.0025185832968955824,1.0,0.00750282778711217,high_volatility,0.37794065406469113,0.4343852370724277,0.18767410886288113,1
1787223600000,2286.99,2296.58,0.01298887911590274,2.0,0.007641193580349662,high_volatility,0.3718933373107294,0.4449459020271081,0.18316076066216258,1
1787227200000,2296.59,2290.23,0.023687577230234513,2.0,0.007732035665347163,high_volatility,0.3523378548934492,0.4560869695972187,0.19157517550933223,1
1787230800000,2290.23,2276.91,0.029579561774510266,2.0,0.00802189372388847,high_volatility,0.36447534495176537,0.4353423454420723,0.2001823096061623,1
1787234400000,2276.92,2281.24,0.015403903140397412,2.0,0.007770106561881309,high_volatility,0.3492363574228602,0.4533385825293648,0.19742506004777508,1
1787238000000,2281.24,2326.41,-0.0011347956723019026,1.0,0.008118616010196568,high_volatility,0.34762597133656864,0.4529206463485911,0.1994533823148403,1
1787241600000,2326.4,2344.48,-0.011047225824063367,0.0,0.008313448219393704,high_volatility,0.3431547678928934,0.47088435158266584,0.18596088052444082,1
1787245200000,2344.48,2344.26,-0.010856304334843525,0.0,0.008064782857406543,high_volatility,0.35233515135846377,0.46675477288534917,0.18091007575618714,1
1787248800000,2344.25,2316.38,-0.00084614786865711,1.0,0.008275823304249063,high_volatility,0.36508262576914413,0.44223198138132547,0.19268539284953046,1
1787252400000,2316.37,2323.77,0.001312522323637877,1.0,0.008037596867265994,high_volatility,0.378166794036603,0.4259299830821778,0.1959032228812192,1
1787256000000,2323.78,2318.58,0.009592077909755137,2.0,0.007807175208816453,high_volatility,0.37292142771618664,0.43470352209261715,0.1923750501911963,1
1787259600000,2318.58,2318.81,0.017491730672198225,2.0,0.007475764472896176,trending,0.38996706957950134,0.42312653101522274,0.18690639940527587,1
1787263200000,2318.81,2314.42,0.013536868848350814,2.0,0.007191601426403431,trending,0.37341421826690063,0.43700328645506753,0.18958249527803173,1
1787266800000,2314.42,2326.82,0.006111345097600918,1.0,0.007137792605139088,trending,0.3610271679594643,0.3545257190514595,0.28444711298907605,2
1787270400000,2326.83,2340.82,0.005809929853640927,1.0,0.007067262804834163,trending,0.3730401958233314,0.35294515917116354,0.274014645005505,2
1787274000000,2340.82,2359.37,0.003835769718187665,1.0,0.007288673052084573,trending,0.38177372683500094,0.3454187742286154,0.27280749893638356,2
1787277600000,2359.37,2345.75,0.01139081317275914,2.0,0.00726410362222433,trending,0.37498517302422407,0.34855197879557487,0.27646284818020117,2
1787281200000,2345.75,2341.04,0.013079656904623649,2.0,0.007074969852648683,trending,0.3734583492915275,0.3476936258205527,0.2788480248879199,2
1787284800000,2341.05,2354.42,0.03813253370256775,2.0,0.006804594777663797,trending,0.3709286183102756,0.35086101452266794,0.27821036716705644,2
1787288400000,2354.43,2368.42,0.015022673343410453,2.0,0.006626640861042795,trending,0.38656113592021135,0.34231429728133805,0.2711245667984507,2
1787292000000,2368.42,2372.47,0.009635527530379884,2.0,0.006667032782755124,trending,0.3844288511438221,0.3460757881824897,0.26949536067368823,2
1787295600000,2372.48,2371.66,-0.0005017582621454908,1.0,0.006844372972617726,trending,0.37887282643914905,0.3418578138208079,0.2792693597400431,2
1787299200000,2371.67,2444.2,-0.022739546681940892,0.0,0.007529978633239663,trending,0.37629743033350166,0.34643426813693307,0.2772683015295653,2
1787302800000,2444.2,2404.0,-0.006801164725457554,1.0,0.008355361869495391,high_volatility,0.3735071870632679,0.3479102146964216,0.2785825982403106,2
1787306400000,2404.0,2395.33,-0.0006930151586628241,1.0,0.008165942215700375,high_volatility,0.3706122741321705,0.3561038924119217,0.2732838334559078,2
1787310000000,2395.32,2370.47,0.009778651491054724,2.0,0.008421525893235656,high_volatility,0.3690329590835747,0.3521012628757159,0.27886577804070933,2
1787313600000,2370.48,2388.62,0.007263608275908329,1.0,0.008335795453136665,high_volatility,0.3656575156191195,0.357308465802686,0.2770340185781945,2
1787317200000,2388.62,2387.65,0.015060833874311674,2.0,0.008431530720838088,high_volatility,0.37424907064450935,0.3497915292191925,0.2759594001362981,2
1787320800000,2387.65,2393.67,0.01129646108277238,2.0,0.008311626564854022,high_volatility,0.3705614279604182,0.35844704292481383,0.2709915291147679,2
1787324400000,2393.67,2393.65,0.008313663233973312,2.0,0.008067678622110995,high_volatility,0.3705194938841821,0.35576069499208646,0.27371981112373145,2
1787328000000,2393.64,2405.97,0.014580397926823752,2.0,0.007972121316665502,trending,0.3778428345322087,0.3503203846440285,0.2718367808237629,2
1787331600000,2405.97,2423.61,0.036994400914338366,2.0,0.0078067988725010005,trending,0.3720234716865533,0.3561540240607703,0.27182250425267634,2
1787335200000,2423.61,2420.71,0.041797654407178086,2.0,0.007903356146395302,trending,0.3725676191689357,0.3599694463311787,0.26746293449988556,2
1787338800000,2420.72,2413.55,0.04257214476600857,2.0,0.007597834024653296,trending,0.3656423134693537,0.3619988734607943,0.27235881306985205,2
1787342400000,2413.54,2441.05,0.03334220929518028,2.0,0.00766019248252729,trending,0.3743148691021407,0.35061774282488906,0.27506738807297015,2
1787346000000,2441.05,2513.27,-0.002498736705566884,1.0,0.008377698808244472,high_volatility,0.36013410637762056,0.3670633037890725,0.2728025898333069,2
1787349600000,2513.26,2521.89,-0.0023276193648413823,1.0,0.008430764457534278,high_volatility,0.3641448853178604,0.3660274664557397,0.26982764822640004,2
1787353200000,2521.89,2516.3,-0.0004927870285738045,1.0,0.008466256791761845,high_volatility,0.3741380992054891,0.35993974361773334,0.2659221571767776,2
1787356800000,2516.31,2522.44,-0.0031754967412506163,1.0,0.008384040440051076,high_volatility,0.37159199771166845,0.35581624838731524,0.27259175390101625,2
1787360400000,2522.44,2506.99,-0.026741231516679398,0.0,0.008202582909010174,high_volatility,0.36525326950861303,0.3607005676516925,0.27404616283969446,2
1787364000000,2506.99,2516.02,-0.03109673214044395,0.0,0.008059307763047882,trending,0.37139384562732664,0.35744239529214666,0.2711637590805266,2
1787367600000,2516.02,2515.06,-0.032504194730940794,0.0,0.007725743939473994,trending,0.3708018443623618,0.3560131246066686,0.2731850310309696,2
1787371200000,2515.06,2514.43,-0.03527240766296935,0.0,0.007583747301472325,trending,0.37562398142666525,0.35112598780050536,0.2732500307728294,2
1787374800000,2514.43,2439.95,-0.007385397241746805,1.0,0.009598569714664345,high_volatility,0.3522830950673658,0.35366294145851035,0.2940539634741238,2
1787378400000,2439.95,2437.78,-0.0102757426839174,0.0,0.009474674038288888,high_volatility,0.35268145528063366,0.36629341842050983,0.28102512629885645,2
1787382000000,2437.79,2433.31,-0.0038548314846854614,1.0,0.009180417426755511,high_volatility,0.3469969293388972,0.37966984468441284,0.2733332259766899,2
1787385600000,2433.32,2425.74,0.0009811438983569065,1.0,0.009062578249261197,high_volatility,0.3457460085378623,0.38432217705411725,0.26993181440802055,2
1787389200000,2425.74,2421.93,0.003369213808821936,1.0,0.008721703096017193,high_volatility,0.35647581010700435,0.3771490430315044,0.2663751468614913,2
1787392800000,2421.93,2412.73,0.0005015065921176731,1.0,0.008727505680624383,high_volatility,0.35353328923709404,0.3775360772777311,0.2689306334851748,2
1787396400000,2412.73,2423.93,-0.005375567776297108,1.0,0.008443799124048468,high_volatility,0.3586423741449421,0.374490392590906,0.26686723326415185,2
1787400000000,2423.92,2428.12,-0.002261008516877161,1.0,0.00815649597630538,trending,0.37234132908642303,0.3641978656868134,0.2634608052267636,2
1787403600000,2428.11,2430.09,-0.0015513828705933097,1.0,0.0077712689985563735,trending,0.37245767322703077,0.3679824896852578,0.25955983708771146,2
1787407200000,2430.09,2413.94,0.005464096042155253,1.0,0.007657175762716437,trending,0.36513167008724723,0.37018890300140667,0.26467942691134605,2
1787410800000,2413.93,2410.9,0.01182545937201862,2.0,0.007316340583791246,trending,0.35566308084154935,0.37053739382689294,0.27379952533155766,2
1787414400000,2410.89,2422.63,0.003801653574833974,1.0,0.007131286237182912,trending,0.3668657792947825,0.3651264334066338,0.26800778729858377,2
1787418000000,2422.64,2426.32,-0.007740116719971102,0.0,0.006864071742339481,low_liquidity,0.3623591183180693,0.3708334345973828,0.26680744708454784,2
1787421600000,2426.33,2427.13,-0.005343759913972623,1.0,0.006596434270350768,low_liquidity,0.37250918601459243,0.36262106325937177,0.26486975072603586,2
1787425200000,2427.13,2439.41,-0.006891010531234976,0.0,0.00645862394237465,trending,0.37994449537349134,0.3544951931792048,0.26556031144730385,2
1787428800000,2439.41,2431.84,-0.0003618659122310852,1.0,0.0062686811458015825,trending,0.37701153138344046,0.3568835179643832,0.2661049506521763,2
1787432400000,2431.83,2407.54,0.006525332912433512,2.0,0.0063866490943594945,trending,0.371613357886621,0.3559993409386957,0.27238730117468335,2
1787436000000,2407.54,2414.16,0.0011556814792723635,1.0,0.006283270107799854,trending,0.3732853975401462,0.3560925116388508,0.27062209082100286,2
1787439600000,2414.17,2422.6,-0.0035581606538429567,1.0,0.006116293348492152,low_liquidity,0.3898212619195478,0.346106662276665,0.2640720758037872,2
1787443200000,2422.6,2430.96,-0.02151413433376126,0.0,0.005939491260911097,ranging,0.3959302161974984,0.3382171646176365,0.2658526191848651,2
1787446800000,2430.96,2423.25,-0.020740740740740837,0.0,0.005762528298274687,ranging,0.4074009667644051,0.31731324918836096,0.275285784047234,2
1787450400000,2423.26,2416.95,-0.011154554293634544,0.0,0.0056572660077584104,low_liquidity,0.3956858802625044,0.32795954927379695,0.27635457046369866,2
1787454000000,2416.96,2413.98,-0.010339770834886797,0.0,0.005448715932279946,low_liquidity,0.39124241909310226,0.33236374592335954,0.2763938349835382,2
1787457600000,2413.98,2378.66,0.014209681080944891,2.0,0.0059427272594253806,ranging,0.403256112742535,0.31567601029096537,0.28106787696649976,2
1787461200000,2378.67,2372.99,0.016102048470495012,2.0,0.006096541828114441,trending,0.40567572121787204,0.31616723892631,0.2781570398558179,2
1787464800000,2372.99,2389.99,0.010527240699752083,2.0,0.0061117836806569075,trending,0.4041899780469544,0.32392574403535446,0.27188427791769126,2
1787468400000,2389.99,2389.02,0.01869385773245935,2.0,0.005863382248373555,trending,0.404060295963705,0.32997165824825286,0.2659680457880421,2
1787472000000,2389.01,2412.46,0.006047768667666986,1.0,0.006085743744888802,trending,0.39872146124084057,0.34112310548285835,0.26015543327630114,2
1787475600000,2412.45,2411.2,0.020135202388852136,2.0,0.005861247914859455,ranging,0.4048052712938245,0.33298308967162127,0.2622116390345541,2
1787479200000,2411.2,2415.15,0.0098544603854831,2.0,0.005612024471713333,low_liquidity,0.4010328891621014,0.3406492966744492,0.2583178141634495,2
1787482800000,2415.15,2433.68,0.002029847802504925,1.0,0.005585147118096281,ranging,0.40300330700408216,0.33214625757057203,0.26485043542534575,2
1787486400000,2433.67,2427.05,0.009686656640777835,2.0,0.0054569477613561155,ranging,0.39902959348468736,0.33571975522751124,0.26525065128780134,2
1787490000000,2427.05,2459.75,-0.007980485821729943,0.0,0.0059939803939015775,ranging,0.3983754515741373,0.33858554399887036,0.26303900442699246,2
1787493600000,2459.75,2438.95,0.003989421677361271,1.0,0.007009398440215563,ranging,0.37563891777849456,0.35169481696629573,0.2726662652552098,2
1787497200000,2438.95,2438.62,0.002599831051988577,1.0,0.007054236770765223,ranging,0.37540556194702324,0.3591091019049909,0.26548533614798586,2
1787500800000,2438.61,2450.56,-3.264559937321554e-05,1.0,0.006878889413061421,ranging,0.3748672805380883,0.36042216994930754,0.2647105495126042,2
1787504400000,2450.56,2440.12,0.012233004934183445,2.0,0.006792309573795362,ranging,0.36268821312944177,0.37021975850795386,0.2670920283626044,2
1787508000000,2440.11,2448.68,0.00260140157145905,1.0,0.006537827251642402,ranging,0.3906258426281568,0.34724875424350227,0.2621254031283409,2
1787511600000,2448.68,2444.96,0.007546135724101788,2.0,0.006373157400447456,ranging,0.3895442221955178,0.3422617944683386,0.2681939833361435,2
1787515200000,2444.95,2450.48,0.00597025888805458,1.0,0.006154872687665103,ranging,0.3929269402385988,0.3408414980695295,0.26623156169187173,2
1787518800000,2450.48,2469.97,-0.01642530071215431,0.0,0.006262687444662561,ranging,0.40248767143268244,0.3305243652587849,0.26698796330853275,2
1787522400000,2469.96,2455.05,-0.00459053787091912,1.0,0.006245914438751949,ranging,0.3971658342270627,0.3376398446266581,0.2651943211462791,2
1787526000000,2455.04,2463.41,-0.013302698292204651,0.0,0.006288797675845201,ranging,0.39783161275671686,0.3399553390427836,0.2622130482004995,2
1787529600000,2463.42,2465.11,-0.010965027929788151,0.0,0.006244998979312422,ranging,0.3968209217234914,0.3394331487732041,0.2637459295033045,2
1787533200000,2465.11,2429.4,0.00803490573804222,2.0,0.006584692359095339,ranging,0.37368303760036015,0.3545009590456946,0.2718160033539452,2
1787536800000,2429.4,2443.78,0.005205051191187415,1.0,0.006552585135189302,ranging,0.3864273596083127,0.3406314900595445,0.27294115033214283,2
1787540400000,2443.78,2430.64,0.009873942665306279,2.0,0.006454737215646555,ranging,0.36691749095236903,0.3562037850361338,0.27687872401149716,2
1787544000000,2430.65,2438.08,0.006874261714135743,2.0,0.006297251820399331,ranging,0.38198389455784393,0.3450211698874119,0.2729949355547442,2
1787547600000,2438.07,2448.92,0.005782140698757043,1.0,0.0062737757383905,ranging,0.39005542773790164,0.3357200102793923,0.274224561982706,2
1787551200000,2448.92,2456.5,0.0035416242621615357,1.0,0.006148226962181106,ranging,0.3854453377186586,0.34570736060378454,0.2688473016775567,2
1787554800000,2456.5,2454.64,0.016108268422253325,2.0,0.006094188787758591,ranging,0.3926479971809878,0.3378259407358364,0.2695260620831758,2
1787558400000,2454.67,2454.84,0.023504586856984533,2.0,0.006058571008345868,ranging,0.38917794291670454,0.33604737925126543,0.27477467783202997,2
1787562000000,2454.84,2463.08,0.012484369163811238,2.0,0.005804483234221875,ranging,0.393919519229838,0.33542978624522884,0.2706506945249331,2
1787565600000,2463.07,2465.2,0.02067175077072858,2.0,0.005892184503694678,ranging,0.3920857999777809,0.33560299865612436,0.2723112013660948,2
1787569200000,2465.2,2494.18,-0.0024817775782021156,1.0,0.0063459268061935485,ranging,0.3943843666652927,0.33338571276918033,0.27222992056552703,2
1787572800000,2494.18,2512.54,-0.013575903269201772,0.0,0.006600790104809524,ranging,0.39307161013025,0.3369948608203455,0.26993352904940454,2
1787576400000,2512.54,2493.83,-0.009968602510997182,0.0,0.0069240525390720205,ranging,0.3807844560894944,0.3462592347027698,0.2729563092077358,2
1787580000000,2493.83,2516.16,-0.01681928017296186,0.0,0.007062415099246515,ranging,0.3870972574529004,0.338130945685661,0.27477179686143854,2
1787583600000,2516.16,2487.99,-0.0066680332316446655,1.0,0.00755498451387785,ranging,0.3677182871205205,0.3501723347006442,0.2821093781788353,2
1787587200000,2487.99,2478.43,-0.0013193836420637428,1.0,0.007681863027598647,ranging,0.37358116918822837,0.3471020400327798,0.27931679077899174,2
1787590800000,2478.43,2468.97,0.0059093468126385496,1.0,0.007668914486185016,ranging,0.36625734713186353,0.34964002684393075,0.28410262602420566,2
1787594400000,2468.97,2473.84,0.00016977654173278012,1.0,0.007394523649364981,ranging,0.364656864204808,0.3580367186984103,0.27730641709678183,2
1787598000000,2473.85,2471.4,0.004414501901756074,1.0,0.0071474609244524786,ranging,0.3679425907425894,0.35378089109144417,0.2782765181659664,2
1787601600000,2471.48,2475.16,0.007454063575688119,2.0,0.006864925732737456,low_liquidity,0.35412276861744135,0.3746375198686428,0.27123971151391596,2
1787605200000,2475.16,2483.56,0.0050049123033064635,1.0,0.006603402963498016,ranging,0.3865690440486333,0.3463752551929515,0.26705570075841517,2
1787608800000,2483.56,2474.26,0.013511110392602221,2.0,0.006377875665922821,ranging,0.3880319333543223,0.3416625652316699,0.2703055014140078,2
1787612400000,2474.27,2482.31,0.006840402689430425,2.0,0.00618867087474284,ranging,0.3814407692566321,0.3463363399803669,0.27222289076300105,2
1787616000000,2482.31,2493.61,0.0005534145275323255,1.0,0.0062801834285026135,ranging,0.3847615429502327,0.34272051687379007,0.2725179401759773,2
1787619600000,2493.61,2495.99,0.005104187116134362,1.0,0.006164981962179597,ranging,0.38747232298173845,0.33968021913572405,0.27284745788253745,2
1787623200000,2495.99,2507.69,-0.0027156466708404547,1.0,0.00638477566608394,ranging,0.38272308135555566,0.34198793273379563,0.2752889859106487,2
1787626800000,2507.7,2499.29,-0.00814231241672636,0.0,0.006386942325079372,ranging,0.37797580363934496,0.34709424293584956,0.2749299534248054,2
1787630400000,2499.3,2494.99,-0.0040761686419583665,1.0,0.006200845754532632,ranging,0.37762743887701206,0.3497879220352597,0.2725846390877283,2
1787634000000,2494.99,2508.73,-0.013576590545813949,0.0,0.00603474455596252,trending,0.378661460091958,0.3525845114000408,0.2687540285080013,2
1787637600000,2508.73,2500.88,-0.007621317296311658,0.0,0.005953563809208816,trending,0.3757293405862309,0.3531056407226084,0.2711650186911606,2
1787641200000,2500.89,2478.94,-0.00041550017346136947,1.0,0.006417285860928576,trending,0.3701393736151558,0.34473994010397835,0.28512068628086584,2
1787644800000,2478.94,2484.82,-0.004555661979539827,1.0,0.006341501768946002,trending,0.36960085566254125,0.34538565827532247,0.28501348606213633,2
1787648400000,2484.82,2474.67,-0.005633074308897812,1.0,0.006418211476729691,ranging,0.3671123719060021,0.3407294268869935,0.2921582012070044,2
1787652000000,2474.67,2481.82,-0.0019783868290207396,1.0,0.006218202198862779,ranging,0.3852966235749363,0.33409922952389887,0.28060414690116475,2
1787655600000,2481.82,2477.91,0.0020057225645806476,1.0,0.005980326783324912,ranging,0.38302943013271284,0.33282497091258106,0.28414559895470615,2
1787659200000,2477.9,2473.5,-0.001140084899939442,1.0,0.00596780877344688,ranging,0.37376045196770263,0.34029429992396404,0.28594524810833327,2
1787662800000,2473.51,2460.73,0.004185749757185997,1.0,0.006216096007937572,ranging,0.3728072575009192,0.32896344235351743,0.29822930014556337,2
1787666400000,2460.73,2476.91,-0.003823312110653898,1.0,0.0062477540012399945,ranging,0.37495594685267053,0.3367900500427415,0.28825400310458793,2
1787670000000,2476.92,2482.88,-0.007837672380461402,0.0,0.0060932297723883914,ranging,0.37726521993481216,0.34047410859278554,0.28226067147240236,2
1787673600000,2482.89,2470.68,-0.013858532873540774,0.0,0.0060068442228883205,ranging,0.36843483178995684,0.3494324472873456,0.2821327209226975,2
1787677200000,2470.68,2471.03,-0.011833122220288761,0.0,0.005846517111715538,ranging,0.37315437957362557,0.33678061356697186,0.2900650068594025,2
1787680800000,2471.04,2467.44,-0.005511785494277444,1.0,0.005620398623712718,ranging,0.37440681130275993,0.3358008346714592,0.28979235402578085,2
1787684400000,2467.44,2463.42,-0.008435427170356724,0.0,0.005481286554616239,ranging,0.37514114995055126,0.32802718202832964,0.29683166802111915,2
1787688000000,2463.42,2436.44,0.0040222619888032884,1.0,0.005684735633513461,ranging,0.3640090287910498,0.328534996194728,0.30745597501422234,2
1787691600000,2436.44,2441.79,0.0058154059112371925,2.0,0.005780675088179693,ranging,0.36262866773768543,0.32463279576243087,0.31273853649988376,2
1787695200000,2441.8,2453.84,0.004633553939947133,1.0,0.005585750442058218,low_liquidity,0.35514233369628273,0.3499567869049967,0.2949008793987206,2
1787698800000,2453.85,2442.64,0.009387384141748445,2.0,0.0055516336025664805,low_liquidity,0.3740885631578269,0.34304132011339966,0.28287011672877344,2
1787702400000,2442.65,2446.24,0.004357708156190743,1.0,0.0054050399779325764,trending,0.3825501682944732,0.3423653018350037,0.27508452987052306,2
1787706000000,2446.24,2455.99,0.0036360082899360435,1.0,0.00530127580042006,low_liquidity,0.3878197057882707,0.3411898358438736,0.2709904583678557,2
1787709600000,2455.98,2465.21,-0.0020606763723982624,1.0,0.005178360481313896,low_liquidity,0.3881402612836823,0.3453287079332398,0.2665310307830779,2
1787713200000,2465.21,2465.57,-0.0015371699039167241,1.0,0.0049701256721226975,low_liquidity,0.3860186915844011,0.3433937054948911,0.2705876029207077,2
1787716800000,2465.56,2456.9,-0.00024828035329083065,1.0,0.004931083473203818,ranging,0.38314193167046257,0.3394202362973993,0.27743783203213807,2
1787720400000,2456.89,2464.92,-0.006917060188566082,0.0,0.004851021731481523,ranging,0.38717876126183476,0.33481778452759703,0.2780034542105681,2
1787724000000,2464.91,2460.13,0.003589241218959982,1.0,0.004755089781048867,ranging,0.3849841478736474,0.3362799849573597,0.27873586716899296,2
1787727600000,2460.14,2461.78,0.0005321352842251326,1.0,0.00461164010534981,ranging,0.39574304011704126,0.32468319110270993,0.27957376878024887,2
1787731200000,2461.78,2456.29,-0.0005211111065874796,1.0,0.004576907331240112,ranging,0.3976336926856725,0.32074638679404355,0.28161992052028406,2
1787734800000,2456.29,2447.87,0.00385232875928887,1.0,0.0045839488503554085,ranging,0.3896257026504481,0.32697467426966725,0.2833996230798846,2
1787738400000,2447.86,2468.96,-0.011980753029615654,0.0,0.004756885529018392,ranging,0.38503841797688576,0.3322516939839037,0.2827098880392106,2
1787742000000,2468.97,2463.09,-0.005375361842238857,0.0,0.004722212495118737,ranging,0.3859015131134298,0.3346392409645031,0.27945924592206717,2
1787745600000,2463.09,2455.01,-0.004224015380792867,1.0,0.004893202264227789,ranging,0.3831384036998931,0.3324298305320743,0.2844317657680326,2
1787749200000,2455.01,2457.3,0.0014406055426687825,1.0,0.0049868085872160585,ranging,0.3831066499092467,0.3271191165902455,0.28977423350050774,2
1787752800000,2457.3,2439.38,0.013655109085095374,2.0,0.005081534231700511,ranging,0.3826611067287306,0.3207058748239988,0.29663301844727047,2
1787756400000,2439.38,2449.85,0.008547462089515623,2.0,0.005101808235012425,ranging,0.3877039658992058,0.31886874239955476,0.2934272917012395,2
1787760000000,2449.85,2444.64,0.011302277635971025,2.0,0.005050075844035687,ranging,0.3797555248058783,0.33073885440527595,0.2895056207888458,2
1787763600000,2444.65,2460.84,0.014621023715479353,2.0,0.005063051244630876,ranging,0.39095728959775033,0.3247268958611566,0.2843158145410931,2
1787767200000,2460.84,2472.69,0.008508951789346852,2.0,0.004947349627990075,ranging,0.3922815216923324,0.3259212041324407,0.281797274175227,2
1787770800000,2472.69,2470.79,0.01456619138008497,2.0,0.0048667027079034916,ranging,0.3872253649167906,0.3314686107619442,0.2813060243212651,2
1787774400000,2470.79,2472.27,0.007984564792680615,2.0,0.004762534749371201,ranging,0.3868099394597209,0.32932659901719846,0.28386346152308073,2
1787778000000,2472.27,2496.82,0.00042053492041871365,1.0,0.004970022817674461,ranging,0.396151549454429,0.3212937012255583,0.2825547493200126,2
1787781600000,2496.82,2493.73,0.0004010057223515773,1.0,0.005065684188262378,ranging,0.4045207212617242,0.31570812252183894,0.2797711562164368,2
1787785200000,2493.72,2506.78,-0.005540972881545425,0.0,0.00509583245097416,ranging,0.40446442729529314,0.3121665093000217,0.2833690634046852,2
1787788800000,2506.78,2492.01,-0.001857937969751422,1.0,0.005080457179112702,ranging,0.4019892975799767,0.3144453957581876,0.28356530666183577,2
1787792400000,2492.0,2497.87,-0.0004964229523553021,1.0,0.005034550901195486,ranging,0.4014786766112206,0.31525900433944004,0.28326231904933935,2
1787796000000,2497.87,2494.73,-0.000649368869577005,1.0,0.004884052656554277,low_liquidity,0.3872714667227829,0.3365270563364774,0.27620147694073977,2
1787799600000,2494.73,2492.89,0.0017128714062795147,1.0,0.004707534080940874,ranging,0.38832559004858647,0.32636026042226046,0.2853141495291531,2
1787803200000,2492.89,2487.38,0.01755662584727702,2.0,0.004579280213818704,ranging,0.39158006376180865,0.3282728352171478,0.2801471010210436,2
1787806800000,2487.39,2496.63,0.015344684634887695,2.0,0.00451452358456997,ranging,0.3808801934938526,0.33544676819039865,0.28367303831574864,2
1787810400000,2496.63,2493.11,0.004207596134947922,1.0,0.004411650944869323,low_liquidity,0.3761816948929822,0.345918294407193,0.2779000106998248,2
1787814000000,2493.11,2497.16,0.0018300789697096587,1.0,0.004263915354503316,ranging,0.38218698463284045,0.3392134173109419,0.2785995980562177,2
1787817600000,2497.17,2531.05,-0.014282609983998773,0.0,0.004749407368101591,ranging,0.3925363573618021,0.3226218550726601,0.2848417875655378,2
1787821200000,2531.05,2534.94,-0.015093059401800502,0.0,0.005097918286807469,ranging,0.393962631516174,0.3268126068685782,0.2792247616152477,2
1787824800000,2534.94,2503.6,0.005528039622943126,1.0,0.005700474766778028,ranging,0.3891915712136238,0.32252385896247954,0.28828456982389666,2
1787828400000,2503.6,2501.73,0.00797448165869219,2.0,0.005599102910482263,ranging,0.3846376632323596,0.32948636574589407,0.28587597102174633,2
1787832000000,2501.74,2494.9,0.010986412281053237,2.0,0.005475706682063703,ranging,0.3843621549448438,0.3248535964913989,0.2907842485637573,2
1787835600000,2494.9,2496.68,0.008567377477290083,2.0,0.005498428421917152,ranging,0.3871028932470563,0.3236976024570553,0.28919950429588837,2
1787839200000,2496.69,2517.44,-0.0042702110080081734,1.0,0.0056495490754104385,ranging,0.37853634525388363,0.3326621138927151,0.28880154085340126,2
1787842800000,2517.44,2521.68,-0.00930728720535512,0.0,0.005546846623713909,ranging,0.39201068199195616,0.3256279149203503,0.28236140308769353,2
1787846400000,2521.68,2522.31,-0.005740769374105503,0.0,0.005436848380003402,ranging,0.38597287391630436,0.3345859612110153,0.27944116487268034,2
1787850000000,2522.31,2518.07,-0.0055399571894348965,0.0,0.005370508294214077,ranging,0.38415718459563947,0.3317887751233114,0.28405404028104925,2
1787853600000,2518.07,2506.69,0.003374968584068938,1.0,0.005513392039056385,ranging,0.3817248986404698,0.32919585417262265,0.28907924718690753,2
1787857200000,2506.69,2498.21,0.005095648484314763,1.0,0.005425677384291988,ranging,0.38411585601440557,0.3244285343492523,0.2914556096363422,2
1787860800000,2498.22,2507.83,0.003102283647615778,1.0,0.005238400742496133,ranging,0.37997401762783445,0.33071951519082726,0.28930646718133834,2
1787864400000,2507.84,2504.12,0.0033225244796575293,1.0,0.0050352231220863195,ranging,0.3778710575043922,0.32980304341971284,0.29232589907589496,2
1787868000000,2504.12,2515.15,-0.009100848855932986,0.0,0.004874189213884556,ranging,0.3871128370529951,0.3248159497309055,0.28807121321609935,2
1787871600000,2515.16,2510.94,-0.008371366898452415,0.0,0.004666070447633229,ranging,0.37209417280508716,0.33416388408754183,0.293741943107371,2
1787875200000,2510.94,2515.61,-0.011698951745302444,0.0,0.004561373017937208,ranging,0.37554274666986226,0.3339907573644783,0.29046649596565943,2
1787878800000,2515.61,2512.44,-0.007610131983251334,0.0,0.004705222882635702,ranging,0.38417784574558717,0.32756254584469247,0.2882596084097204,2
1787882400000,2512.44,2492.26,0.004309341721971061,1.0,0.004857629860053586,ranging,0.36803862991021125,0.32778164012611816,0.3041797299636706,2
1787886000000,2492.26,2489.92,0.002634622799126074,1.0,0.0046760020900047,ranging,0.3733738339248055,0.31779262014236975,0.3088335459328248,2
1787889600000,2489.91,2486.18,0.000752157929031716,1.0,0.004670542318257577,ranging,0.365560676676143,0.3136693032379575,0.32077002008589955,2
1787893200000,2486.18,2493.32,-0.0015000080214333522,1.0,0.00458595411827469,ranging,0.3617930467160149,0.310877995667911,0.327328957616074,2
1787896800000,2493.32,2503.0,0.0014222932481022799,1.0,0.004448412322022043,ranging,0.3639974604934265,0.30661628341084635,0.32938625609572714,2
1787900400000,2503.01,2496.48,0.003452861629173798,1.0,0.004301453261800483,ranging,0.3661173528789401,0.309127154594808,0.3247554925262519,2
1787904000000,2496.47,2488.05,0.004445248286810921,2.0,0.004302979571128729,ranging,0.36549846481580933,0.3056822046506597,0.32881933053353096,2
1787907600000,2488.05,2489.58,0.00786879714650679,2.0,0.004162560069951806,ranging,0.36428835461592085,0.30925953613872287,0.3264521092453563,2
1787911200000,2489.57,2506.56,0.002569258266309271,1.0,0.004299157350721933,ranging,0.36129596950149434,0.30625423162367715,0.3324497988748286,2
1787914800000,2506.57,2505.1,-0.013256955810147297,0.0,0.004149741556862077,ranging,0.3646458177184909,0.30587393857981043,0.32948024370169865,2
1787918400000,2505.1,2499.11,-0.022736094049481625,0.0,0.0040875616994860845,ranging,0.3636632863806281,0.3121082697356243,0.3242284438837477,2
1787922000000,2499.1,2509.17,-0.026056425032979114,0.0,0.004173903326724288,ranging,0.35665726894703553,0.2987024495640892,0.3446402814888752,2
1787925600000,2509.17,2513.0,-0.03355352168722647,0.0,0.004869917262637658,ranging,0.3494348766616182,0.2951482321596379,0.35541689117874375,2
1787929200000,2513.0,2471.89,-0.014644664608861935,0.0,0.005451159322655644,ranging,0.34866523667750476,0.29370961456425937,0.3576251487582359,2
1787932800000,2471.89,2442.29,-0.006010752203874148,1.0,0.006316047083300346,ranging,0.34790962043810186,0.3044127316352859,0.3476776479266122,2
1787936400000,2442.3,2443.79,-0.007729796750129858,0.0,0.006050526968472181,ranging,0.35326723414119765,0.32097109927550793,0.3257616665832944,2
1787940000000,2443.79,2428.68,0.005488578157682555,1.0,0.006128691449784429,ranging,0.3446675827652485,0.32979563014004865,0.32553678709470285,2
1787943600000,2428.67,2435.69,0.0029190906888807433,1.0,0.0059293316869849086,ranging,0.34987105300516863,0.3487626492861993,0.3013662977086321,2
1787947200000,2435.68,2427.61,0.006121246823006965,2.0,0.005737570834122549,ranging,0.3501769664585896,0.3483572150226218,0.3014658185187886,2
1787950800000,2427.61,2424.9,0.00778588807785896,2.0,0.005506548026254836,ranging,0.3638813716678782,0.334776882647339,0.3013417456847829,2
1787954400000,2424.91,2442.01,-0.001343155842932764,1.0,0.005469112037544297,trending,0.37135824048634475,0.3432224759921678,0.28541928352148754,2
1787958000000,2442.01,2442.8,-0.0030989028983134936,1.0,0.00518840036399817,trending,0.39522641761124155,0.33187715378761934,0.27289642860113905,2
1787961600000,2442.79,2442.47,-0.0008270316523846244,1.0,0.004941804149057296,trending,0.39851954638456677,0.3302184935185564,0.2712619600968768,2
1787965200000,2442.47,2443.78,-0.00211148303038744,1.0,0.00470455924075828,trending,0.39459413859051296,0.3287786697936732,0.2766271916158138,2
1787968800000,2443.77,2438.73,-0.0014638766899165434,1.0,0.004542053831237199,trending,0.3994330179956162,0.3173926932168912,0.2831742887874927,2
1787972400000,2438.72,2435.23,0.000484553820378375,1.0,0.004347930709334296,trending,0.3874436172477041,0.32224233740460767,0.2903140453476883,2
1787976000000,2435.24,2440.45,-0.0025814911184411926,1.0,0.004142524853929108,low_liquidity,0.3722458206268901,0.338556828756398,0.2891973506167119,2
1787979600000,2440.45,2438.62,-0.0013040162058868265,1.0,0.003920692913469413,trending,0.3843545693188135,0.33169244522578173,0.28395298545540487,2
1787983200000,2438.62,2435.16,-0.00018068627934098025,1.0,0.0037971703233457923,trending,0.3879838758308589,0.32072356691521064,0.29129255725393044,2
1787986800000,2435.17,2436.41,-0.0002216375733148368,1.0,0.0035916815754029113,trending,0.38189967042114814,0.32651937849221924,0.29158095108663257,2
1787990400000,2436.4,2434.15,7.394778464764329e-05,1.0,0.0034299598801768973,trending,0.390109951025113,0.31667003569962193,0.2932200132752652,2
1787994000000,2434.14,2435.44,7.80146503300827e-05,1.0,0.003247329873813463,trending,0.3799977322766022,0.3298402804956299,0.2901619872277678,2
1787997600000,2435.43,2434.72,0.0056926463823356865,2.0,0.0031391348574680163,low_liquidity,0.37471838100668,0.32767742823036816,0.2976041907629518,2
1788001200000,2434.71,2435.87,0.0036496200536155765,2.0,0.002999218450617198,low_liquidity,0.3716659535708549,0.32832836250142,0.30000568392772503,2
1788004800000,2435.88,2434.33,0.006839664301881765,2.0,0.0028892133187413843,low_liquidity,0.37294490901296806,0.321736015442093,0.305319075544939,2
1788008400000,2434.33,2435.63,0.006203733736240613,2.0,0.002753376291518368,trending,0.36453800191272734,0.32865223070818794,0.30680976737908455,2
1788012000000,2435.63,2448.58,0.0015805078862034527,1.0,0.002851059933857912,trending,0.3652883771697128,0.33515952643496644,0.29955209639532077,2
1788015600000,2448.59,2444.76,0.0035790834274120886,2.0,0.0027974007476923033,trending,0.38032912959222964,0.3209425326623136,0.29872833774545676,2
1788019200000,2444.75,2450.98,0.0007507201201153446,1.0,0.0028226801079879148,trending,0.3771185486261122,0.3280369001227809,0.29484455125110687,2
1788022800000,2450.99,2450.74,0.000297869215012625,1.0,0.00279391770835371,trending,0.37697407312243775,0.32173966666100884,0.3012862602165534,2
1788026400000,2450.74,2452.45,7.747354686138408e-05,1.0,0.002771314880437931,trending,0.3751602564591649,0.3296192635883879,0.29522047995244727,2
1788030000000,2452.45,2453.51,0.0016955300773178195,1.0,0.002698019377512514,ranging,0.3839346744189253,0.32014987028747716,0.2959154552935976,2
1788033600000,2453.51,2452.82,0.0024991642272973458,1.0,0.002620279276155884,ranging,0.385881701062036,0.3160583696539849,0.2980599292839791,2
1788037200000,2452.82,2451.47,0.001998800719568372,1.0,0.002522042296016819,ranging,0.3736230772569116,0.32183155049229845,0.3045453722507901,2
1788040800000,2451.47,2452.64,0.0009499967382085028,1.0,0.0025,low_liquidity,0.3646606676685467,0.34059272936055407,0.2947466029708993,2
1788044400000,2452.63,2457.67,-0.00021158251514641346,1.0,0.0025,ranging,0.3480412518168919,0.331020273261755,0.3209384749213532,2
1788048000000,2457.67,2458.95,-0.0012525671526464333,1.0,0.0025,ranging,0.35526435703992976,0.33018212759066234,0.3145535153694078,2
1788051600000,2458.94,2456.37,-4.071047928322358e-06,1.0,0.0025,ranging,0.3547869814576607,0.3283001131581782,0.31691290538416106,2
1788055200000,2456.37,2454.97,0.0024847554145266404,1.0,0.0025,ranging,0.3574982506862322,0.32860437147619487,0.3138973778375728,2
1788058800000,2454.97,2457.15,-0.0007610442992898037,1.0,0.0025,ranging,0.35072289643689397,0.3380258374309162,0.31125126613218973,2
1788062400000,2457.14,2455.87,0.0004031158001034374,1.0,0.0025,ranging,0.35017028527659655,0.323412647094,0.3264170676294035,2
1788066000000,2455.86,2456.36,-0.001148040189548838,1.0,0.0025,ranging,0.34897623248190085,0.322995685146217,0.328028082371882,2
1788069600000,2456.35,2461.07,-0.0005647949875462466,1.0,0.0025,ranging,0.3482587869468543,0.3243546528888708,0.3273865601642749,2
1788073200000,2461.07,2455.28,0.00208937473526416,1.0,0.0025,ranging,0.3499060142507532,0.31962682226382916,0.3304671634854177,2
1788076800000,2455.28,2456.86,0.005132567586268566,2.0,0.0025,ranging,0.35322856728647095,0.31715865201999754,0.3296127806935315,2
1788080400000,2456.87,2453.54,0.008987014680828631,2.0,0.0025,ranging,0.3454358733519269,0.32086629825991253,0.33369782838816064,2
1788084000000,2453.54,2459.68,0.007090353216678613,2.0,0.0025,ranging,0.3433281378991326,0.31987774978096356,0.33679411231990397,2
1788087600000,2459.68,2460.41,0.008413231941018173,2.0,0.0025,ranging,0.3480205408271344,0.3116852227199851,0.3402942364528806,2
1788091200000,2460.42,2469.47,0.02421977185387969,2.0,0.0025,ranging,0.34299896445028394,0.32714102247220767,0.3298600130775085,2
1788094800000,2469.47,2475.59,0.01217487548422791,2.0,0.0025,ranging,0.343604262017282,0.3240405176830587,0.3323552202996594,2
1788098400000,2475.58,2477.12,0.013531843431081159,2.0,0.0025,ranging,0.3510509182141433,0.31988126271758477,0.329067819068272,2
1788102000000,2477.13,2481.11,0.009157191740793325,2.0,0.0025,trending,0.35622476193645247,0.3152548657374856,0.328520372326062,2
1788105600000,2481.11,2529.28,-0.015209862095141746,0.0,0.0029699188970702833,trending,0.3664283563494281,0.3327700145733629,0.30080162907720887,2
1788109200000,2529.27,2505.73,-0.009645891616415159,0.0,0.0033809603840501885,trending,0.378569325141452,0.31661196752186477,0.3048187073366832,2
1788112800000,2505.73,2510.64,-0.015936175636490968,0.0,0.003490944261811414,trending,0.3833827894572028,0.31604315356686047,0.3005740569759367,2
1788116400000,2510.64,2503.83,-0.03472679854462957,0.0,0.003542759803956472,trending,0.3911332074252619,0.3057959604860069,0.3030708320887312,2
1788120000000,2503.82,2490.81,-0.025116327620332335,0.0,0.003708147941525165,trending,0.38761909638304204,0.30545686102805647,0.3069240425889014,2
1788123600000,2490.82,2481.56,-0.027647931140089343,0.0,0.003985275266508453,trending,0.38263666690794534,0.3089010386020509,0.30846229449000373,2
1788127200000,2481.57,2470.63,-0.025390285068990548,0.0,0.004209108491548346,trending,0.3707623772516464,0.3242108109060131,0.3050268118423404,2
1788130800000,2470.62,2416.88,0.0016798517096421328,1.0,0.005473377313554285,trending,0.34715494673615294,0.31497083105685647,0.3378742222069907,2
1788134400000,2416.89,2428.25,-0.004352929064140865,1.0,0.005682883031594769,trending,0.3414702271405729,0.3315861578587176,0.3269436150007095,2
1788138000000,2428.24,2412.95,0.009548478004102856,2.0,0.005688028269460031,trending,0.33446967007908956,0.3416734552118076,0.3238568747091028,2
1788141600000,2412.95,2407.9,0.012774616886083168,2.0,0.005719271136269202,trending,0.3435243154103956,0.340173970049937,0.31630171453966743,2
1788145200000,2407.91,2420.94,0.008029938784108737,2.0,0.0056222148833951656,trending,0.3493561207981363,0.3398818473416443,0.3107620318602194,2
1788148800000,2420.94,2417.68,0.011771615763872756,2.0,0.005404046845898515,trending,0.3593333048505661,0.3313093473170779,0.30935734783235613,2
1788152400000,2417.67,2435.99,0.004396569772453951,1.0,0.005469947616460276,trending,0.36902028627727007,0.3358830406689795,0.29509667305375037,2
1788156000000,2436.0,2438.66,0.006958739635701594,2.0,0.005311101472145527,trending,0.3868467896688305,0.3180997100494532,0.29505350028171634,2
1788159600000,2438.66,2440.38,0.00244634032404778,1.0,0.005111429347326799,trending,0.3917783773490833,0.3198131878196816,0.2884084348312351,2
1788163200000,2440.38,2446.14,0.002211647738886713,1.0,0.005017753608255746,trending,0.39212559857066515,0.3132401518611443,0.2946342495681907,2
1788166800000,2446.15,2446.7,-0.0026239424530999367,1.0,0.004897724093294263,trending,0.3784622873248489,0.32055024809607996,0.3009874645790711,2
1788170400000,2446.71,2455.63,0.0048582237552072804,2.0,0.0048119859846213415,trending,0.3773018798708201,0.31899823922235104,0.3036998809068288,2
1788174000000,2455.64,2446.35,0.00871911214666743,2.0,0.004730486026249141,trending,0.37145898386445636,0.32167240275693687,0.30686861337860677,2
1788177600000,2446.36,2451.55,0.007199526829964498,2.0,0.00472731590725662,ranging,0.37171959984508696,0.3241205897081817,0.30415981044673135,2
1788181200000,2451.55,2440.28,0.014399986886750593,2.0,0.004795944583105644,ranging,0.36700407092617504,0.32209233528954373,0.31090359378428123,2
1788184800000,2440.29,2467.56,0.0041498484332702645,1.0,0.005051109465405778,ranging,0.3736145098725033,0.32135975638791675,0.30502573373957986,2
1788188400000,2467.57,2467.68,0.00573818323283426,2.0,0.005034135698942698,ranging,0.3735704805143162,0.3288282261372422,0.2976012933484416,2
1788192000000,2467.68,2469.2,0.001385063988336377,1.0,0.00493532514175701,ranging,0.37545538292709046,0.33397419938209627,0.29057041769081315,2
1788195600000,2469.19,2475.42,0.0011513197760379956,1.0,0.004850200396594837,ranging,0.37451814605620837,0.32885083986272684,0.2966310140810648,2
1788199200000,2475.41,2477.8,-0.003369924933408819,1.0,0.0048611002806234855,ranging,0.38043512213848346,0.3214406404492719,0.29812423741224464,2
1788202800000,2477.81,2481.84,-0.00571753215356352,0.0,0.00472324811946192,ranging,0.3879558835353952,0.315542169243673,0.29650194722093176,2
1788206400000,2481.84,2472.62,-0.00040847360289886225,1.0,0.0046958431445901175,ranging,0.3741780030025598,0.32021034047006974,0.30561165652737043,2
1788210000000,2472.63,2478.27,-0.006218047266843385,0.0,0.004624927405877419,ranging,0.3891558564503101,0.31238409084206553,0.2984600527076244,2
1788213600000,2478.27,2469.45,-0.0017696248152422323,1.0,0.004538825734710443,ranging,0.36701708358345975,0.33516398693987026,0.29781892947667,2
1788217200000,2469.45,2467.65,0.0018479119810346223,1.0,0.004347086781163949,ranging,0.36338059198227723,0.3310435117137992,0.3055758963039235,2
1788220800000,2467.64,2471.61,-0.0006433053758482243,1.0,0.004240444575514106,ranging,0.3652141805526286,0.3331502273708515,0.30163559207651985,2
1788224400000,2471.62,2462.86,0.00880277401070284,2.0,0.004265465696232471,ranging,0.3635355531244992,0.3236355074058688,0.312828939469632,2
1788228000000,2462.85,2465.08,0.002649001249452443,1.0,0.004142901852507265,ranging,0.36607683853061584,0.3217375964881507,0.3121855649812334,2
1788231600000,2465.09,2472.21,0.0002062931547075486,1.0,0.0041739287774767726,ranging,0.3821567862762135,0.3109553202211844,0.30688789350260204,2
1788235200000,2472.21,2470.02,-0.008846082217957685,0.0,0.004043714221474092,ranging,0.3756997869756392,0.3196691787505358,0.30463103427382493,2
1788238800000,2470.02,2484.54,-0.012919896640826822,0.0,0.004022208049355231,ranging,0.384279554822549,0.31143683580523496,0.304283609372216,2
1788242400000,2484.54,2471.61,-0.005923264592714972,0.0,0.003978822890755581,ranging,0.3679355464785336,0.32241515860386727,0.3096492949175991,2
1788246000000,2471.61,2472.72,-0.005475751399268813,0.0,0.0038775483731410014,ranging,0.37917673711848326,0.315514421120228,0.30530884176128875,2
1788249600000,2472.72,2448.17,-0.0006372106512211317,1.0,0.004139102979310835,ranging,0.3691282962810106,0.30424063040280575,0.32663107331618374,2
1788253200000,2448.18,2452.44,-0.0032742900947628772,1.0,0.004038775395442098,ranging,0.35717766208403184,0.3190955894112293,0.3237267485047389,2
1788256800000,2452.44,2456.97,-0.0031258012918350397,1.0,0.004008511828459281,ranging,0.36172240442308184,0.3229067849344201,0.31537081064249795,2
1788260400000,2456.97,2459.18,-0.004151790434209768,0.0,0.003927276368348243,ranging,0.3589119959338475,0.31832394079926385,0.32276406326688867,2
1788264000000,2459.18,2446.61,-0.005632283036528185,0.0,0.004031421713358787,ranging,0.3547602726299311,0.31333452766036773,0.3319051997097011,2
1788267600000,2446.62,2444.41,-0.010730605749444622,0.0,0.004157448359305217,ranging,0.36037836726945705,0.3112552304815456,0.32836640224899744,2
1788271200000,2444.42,2449.29,-0.014885946539609507,0.0,0.004125586495666682,ranging,0.3702164589502712,0.3103127126236889,0.31947082842603985,2
1788274800000,2449.3,2448.97,-0.012164297643499133,0.0,0.0041758036680035375,ranging,0.3595322346329617,0.325835172085992,0.3146325932810463,2
1788278400000,2448.97,2432.83,-0.004731115614325598,0.0,0.004424518911684803,ranging,0.3580596566709681,0.315704924515463,0.32623541881356893,2
1788282000000,2432.83,2418.18,-0.0011248128757990195,1.0,0.00453532734981574,ranging,0.35569152633847906,0.3214728381817091,0.32283563547981187,2
1788285600000,2418.18,2412.83,0.00014505787809326876,1.0,0.0049070443237699685,ranging,0.34005341015250834,0.31710883234072185,0.34283775750676987,2
1788289200000,2412.83,2419.18,-0.0002521515554856357,1.0,0.004768682801149406,ranging,0.36171469310515514,0.325025205652958,0.3132601012418868,2
1788292800000,2419.19,2421.32,-0.005150083425569663,0.0,0.004602033093091485,ranging,0.36140734068078373,0.3324900468324656,0.3061026124867507,2
1788296400000,2421.33,2415.46,-0.006681957059938792,0.0,0.004691236924896159,trending,0.36498818446997444,0.32897556213943,0.30603625339059554,2
1788300000000,2415.46,2413.18,-0.001350914560869776,1.0,0.004588475338821619,trending,0.3649214275678343,0.3237817975513002,0.3112967748808656,2
1788303600000,2413.17,2418.57,-0.0017158899680389528,1.0,0.0045374102387475785,trending,0.3787259057432564,0.31331022373092937,0.3079638705258142,2
1788307200000,2418.58,2408.85,0.002648566743466807,1.0,0.0045229814954575445,trending,0.3676211050791019,0.3166978725790117,0.31568102234188644,2
1788310800000,2408.84,2399.32,0.009673574179350775,2.0,0.004721379143118166,trending,0.3516545221916866,0.3166090866885524,0.331736391119761,2
1788314400000,2399.32,2409.92,0.004485626078873928,1.0,0.004649570236879877,trending,0.3623887145890351,0.3114831653973266,0.3261281200136382,2
1788318000000,2409.93,2414.42,0.0014413399491388645,1.0,0.004587383896055497,trending,0.37126826858573775,0.3148878641625688,0.31384386725169344,2
1788321600000,2414.42,2415.23,-0.00913784608505197,0.0,0.004454362185621064,trending,0.3618232051209539,0.32630149055068675,0.3118753043283594,2
1788325200000,2415.23,2422.53,-0.018955389613338203,0.0,0.004398825648053553,trending,0.3676528219898246,0.3277462747929147,0.3046009032172607,2
1788328800000,2422.53,2420.73,-0.019816336394393397,0.0,0.0042739094719163595,trending,0.37227702959999337,0.3232216260812323,0.3045013443187743,2
1788332400000,2420.73,2417.9,-0.014897224864551917,0.0,0.004175339621376791,trending,0.3623903897337177,0.3406549790157524,0.2969546312505299,2
1788336000000,2417.9,2393.16,-0.006480970766684968,0.0,0.004464276692050024,trending,0.3508295000203327,0.30643464168898304,0.3427358582906843,2
1788339600000,2393.15,2376.61,0.011099843895296058,2.0,0.004771155713044559,trending,0.3428293175476982,0.30148214541383483,0.3556885370384669,2
1788343200000,2376.62,2372.76,0.009141253224093315,2.0,0.004807460297270592,trending,0.33315184888935534,0.30655735041839394,0.3602908006922508,2
1788346800000,2372.73,2381.88,0.003820511528708437,1.0,0.004712554291879078,trending,0.335826521973143,0.325862360411492,0.33831111761536486,2
1788350400000,2381.87,2377.65,0.0035959876348494735,1.0,0.0046142681284230885,trending,0.3457257164984119,0.33540348761498656,0.31887079588660155,2
1788354000000,2377.65,2402.99,-0.0038368865455119527,1.0,0.004989988365746929,trending,0.35632627312321774,0.3326620896645068,0.31101163721227537,2
1788357600000,2403.0,2394.45,0.00020046357201031206,1.0,0.004967785559435981,trending,0.3566959120897123,0.3300696295750576,0.3132344583352301,2
1788361200000,2394.46,2390.98,0.0008406594785401733,1.0,0.004979562586001474,trending,0.35952670935979075,0.32943563468560993,0.3110376559545993,2
1788364800000,2390.98,2386.2,0.0030844019780404963,1.0,0.004992170730941355,trending,0.35644496216374244,0.3294247414064713,0.31413029642978624,2
1788368400000,2386.21,2393.77,-0.0015122589054086255,1.0,0.0050103313236394996,trending,0.359190551157105,0.33143292977639427,0.3093765190665007,2
1788372000000,2393.77,2394.93,-0.0063133369242523996,0.0,0.004820556955248047,trending,0.35252370412872064,0.34404751810075757,0.3034287777705218,2
1788375600000,2394.92,2392.99,-0.0004471393528596712,1.0,0.004722175249219559,trending,0.3494382761407162,0.3396998170345191,0.3108619068247646,2
1788379200000,2393.0,2393.56,-0.005732047661224149,0.0,0.004628417681050962,trending,0.3519542675856986,0.3335381787232043,0.3145075536910972,2
1788382800000,2393.56,2390.15,-0.0013974018367048924,1.0,0.004406332552963874,low_liquidity,0.3448203173174894,0.34640395008985325,0.3087757325926573,2
1788386400000,2390.14,2379.81,0.011038696366516554,2.0,0.004316651472448461,trending,0.3485096274701745,0.3350019757524658,0.3164883967773596,2
1788390000000,2379.81,2391.92,0.004757684203485102,2.0,0.004272196586496518,trending,0.34891366679898467,0.33949597875547594,0.31159035444553934,2
1788393600000,2391.91,2379.84,0.011962989108511346,2.0,0.004278012146352142,trending,0.34467118458043117,0.33450200972045246,0.3208268056991163,2
1788397200000,2379.82,2386.81,0.007541446533238849,2.0,0.0044002185087109996,trending,0.34571073893326393,0.33522376804766923,0.3190654930190668,2
1788400800000,2386.8,2406.08,0.0010473467216385313,1.0,0.0045376804952481815,trending,0.3455842198771716,0.3448518552375254,0.30956392488530315,2
1788404400000,2406.09,2403.3,-0.0019223567594558455,1.0,0.0044174465383338265,ranging,0.3563686232304377,0.34744864752465016,0.2961827292449121,2
1788408000000,2403.29,2408.31,-0.0019183576865103857,1.0,0.004295716571030838,ranging,0.3698861234822832,0.3373359656285181,0.2927779108891987,2
1788411600000,2408.3,2404.81,-0.004669807593947084,0.0,0.004539842567821832,ranging,0.3546212801947599,0.339955464228597,0.30542325557664307,2
1788415200000,2404.82,2408.6,-0.004886656148800128,0.0,0.004384555475967278,ranging,0.3647194598690464,0.3368565768842521,0.29842396324670145,2
1788418800000,2408.6,2398.68,0.003551953574465916,1.0,0.004507726992476582,ranging,0.34965417761240614,0.3416725650139529,0.308673257373641,2
1788422400000,2398.68,2403.69,0.00814580915176255,2.0,0.004433235375909492,ranging,0.35024914957154435,0.3372731506759294,0.31247769975252626,2
1788426000000,2403.69,2393.58,0.015286725323574002,2.0,0.0043858871895820824,ranging,0.34325251247034133,0.3463744684497511,0.3103730190799075,2
1788429600000,2393.57,2396.83,0.038646879419900415,2.0,0.0042255107838901065,ranging,0.3496908903745638,0.34178038657716725,0.3085287230482689,2
1788433200000,2396.83,2407.2,0.045438683948155534,2.0,0.004185236052496296,ranging,0.35276848186963544,0.3400019851483007,0.3072295329820638,2
1788436800000,2407.2,2423.27,0.02922497286724135,2.0,0.004248011480720501,ranging,0.36757732707588087,0.33596944295691294,0.2964532299672062,2
1788440400000,2423.27,2430.17,0.028936247258422032,2.0,0.004292087271716807,ranging,0.37169222833433446,0.33668628270385315,0.29162148896181245,2
1788444000000,2430.17,2489.46,0.009375527222771352,2.0,0.004995648007037799,ranging,0.36087754562635355,0.33482955839651735,0.30429289597712916,2
1788447600000,2489.46,2516.58,0.00063578348393456,1.0,0.0052354515294227065,ranging,0.3730760185845591,0.3499415261413117,0.27698245527412924,2
1788451200000,2516.58,2494.09,0.004426464161277233,1.0,0.005431486431893272,trending,0.3623584653811114,0.3639379307435706,0.273703603875318,2
1788454800000,2494.1,2500.49,0.004279161284388433,1.0,0.005269196035690407,trending,0.3645543916523846,0.35895422623597717,0.2764913821116382,2
1788458400000,2500.49,2512.8,-0.0064708691499523185,0.0,0.0051431083122608105,trending,0.3667848864091933,0.3560849114827825,0.27713020210802414,2
1788462000000,2512.8,2518.18,-0.00423718717486421,1.0,0.005151022716282526,trending,0.38618476658264106,0.3376439473531073,0.27617128606425156,2
1788465600000,2518.18,2505.13,-0.0014570102150387454,1.0,0.005080535626264862,trending,0.3738514706569078,0.3475338735643591,0.2786146557787331,2
1788469200000,2505.13,2511.19,-0.0017521573437294657,1.0,0.00514264519935977,trending,0.37048745065856686,0.3433297725599445,0.28618277678148857,2
1788472800000,2511.19,2496.54,0.00448620891313567,1.0,0.005188554375722957,trending,0.3680625201485902,0.34876293443720907,0.28317454541420084,2
1788476400000,2496.54,2507.51,-0.0009451607371457893,1.0,0.00503033561567269,trending,0.3606999026486818,0.3547568925438681,0.28454320480745,2
1788480000000,2507.5,2501.48,0.003166125653613072,1.0,0.004937563224728694,trending,0.3826431807965921,0.33350911834978403,0.2838477008536238,2
1788483600000,2501.48,2506.79,0.0009813346949685275,1.0,0.004791437983583048,trending,0.3822143160090192,0.3400956165712916,0.2776900674196892,2
1788487200000,2506.79,2507.74,0.00017944444001383175,1.0,0.0046301984683209275,trending,0.38251951503359527,0.3366550854671109,0.2808253994992938,2
1788490800000,2507.74,2505.14,-0.00029938446553889886,1.0,0.004510422023471525,trending,0.3918637550720494,0.32015059607403024,0.2879856488539204,2
1788494400000,2505.14,2509.4,0.0070734040009563515,2.0,0.004564554479796903,trending,0.39969105774607067,0.3170081308277259,0.2833008114262035,2
1788498000000,2509.41,2509.25,0.0048141875062268635,2.0,0.004444407382707709,trending,0.3948447421748218,0.3181660165195163,0.2869892413056618,2
1788501600000,2509.25,2508.19,0.00730805879937324,2.0,0.004451464998543944,trending,0.39218431263918513,0.31939335834046567,0.2884223290203492,2
1788505200000,2508.19,2504.39,0.00743893722623068,2.0,0.004356081005499289,trending,0.388674989083888,0.31831238259285954,0.29301262832325253,2
1788508800000,2504.39,2527.15,-0.030037789604891008,0.0,0.004535409290016438,trending,0.39821589371132693,0.30922411254406995,0.2925599937446031,2
1788512400000,2527.16,2521.33,-0.027390305909976043,0.0,0.004682833907797117,trending,0.38810486751041845,0.3166126448653066,0.2952824876242749,2
1788516000000,2521.33,2526.52,-0.034173487643082257,0.0,0.00457418009802584,trending,0.39582908162533526,0.3138286805706432,0.2903422378040216,2
1788519600000,2526.52,2523.02,-0.028156732804337614,0.0,0.004380064013886851,trending,0.39123213661688755,0.3221835842347183,0.2865842791483942,2
1788523200000,2523.03,2451.24,0.0036675315350598314,1.0,0.005891329006896756,high_volatility,0.36739825702040035,0.3132591115184111,0.31934263146118846,2
1788526800000,2451.25,2452.27,-0.002817797387726362,1.0,0.005965953326429705,high_volatility,0.3639771864228012,0.3264784819695051,0.3095443316076938,2
1788530400000,2452.26,2440.18,0.004327549606996106,1.0,0.006039357422387133,high_volatility,0.35136532898200684,0.3388395491822835,0.3097951218357096,2
1788534000000,2440.19,2451.98,0.0015742379627892156,1.0,0.0059447160934221225,high_volatility,0.3437602902934504,0.35827920835264293,0.2979605013539066,2
1788537600000,2451.98,2460.23,-0.0036785178621511205,1.0,0.0057522561644276935,high_volatility,0.3486483169528238,0.35891030552807013,0.29244137751910604,2
1788541200000,2460.24,2445.36,0.0026335590669677167,1.0,0.005685296450196327,high_volatility,0.3406428893425994,0.3632462312028899,0.2961108794545107,2
1788544800000,2445.35,2450.74,0.00023258281172222617,1.0,0.00539824574434303,trending,0.3661954378265307,0.3465130482343737,0.28729151393909574,2
1788548400000,2450.75,2455.84,4.071926509752188e-06,1.0,0.0051245793723586645,trending,0.38020187694219815,0.3231738420811776,0.2966242809766243,2
1788552000000,2455.85,2451.18,0.00039164810417835483,1.0,0.0049093821598335955,trending,0.3908037676794025,0.32133962968276486,0.2878566026378327,2
1788555600000,2451.19,2451.8,6.11795415612626e-05,1.0,0.004680442698455711,trending,0.39315603125421805,0.3159371531787554,0.2909068155670265,2
1788559200000,2451.79,2451.31,0.0007587779595401578,1.0,0.0044171024095267545,low_liquidity,0.3740363390465924,0.32375932820414577,0.30220433274926184,2
1788562800000,2451.32,2455.85,-0.0013681617362624188,1.0,0.004199067968828406,low_liquidity,0.3793387997138556,0.3360929736972541,0.2845682265888903,2
1788566400000,2455.86,2452.14,-0.0013009045160553567,1.0,0.00399049850119878,low_liquidity,0.37540838474426547,0.32586869810949454,0.29872291714624,2
1788570000000,2452.15,2451.95,-0.00041599543220705026,1.0,0.003787900386324715,low_liquidity,0.37510517421176365,0.3272862079323289,0.2976086178559074,2
1788573600000,2451.95,2453.17,9.375624192364818e-05,1.0,0.003568870673432906,low_liquidity,0.3684834235185232,0.33319292156890273,0.29832365491257407,2
1788577200000,2453.17,2452.49,0.002055054250985844,1.0,0.0034006722063025783,low_liquidity,0.3583919858493289,0.33308497274003607,0.308523041410635,2
1788580800000,2452.5,2448.95,0.0032217889299497315,1.0,0.00325158273458465,ranging,0.36100764306160893,0.3219080272827807,0.3170843296556104,2
1788584400000,2448.95,2450.93,0.003109023921531895,1.0,0.003151530410094891,ranging,0.36417432022847235,0.3227963480000134,0.3130293317715144,2
1788588000000,2450.93,2453.4,0.00030569821472248293,1.0,0.002998065237867574,low_liquidity,0.3518548505368408,0.3441747715587843,0.3039703779043749,2
1788591600000,2453.41,2457.53,-0.0015706827587049776,1.0,0.0028906751409980146,ranging,0.36031685002275576,0.32308807794926553,0.3165950720279787,2
1788595200000,2457.53,2456.84,0.0008547565165009097,1.0,0.002762578045385215,ranging,0.36423396161727517,0.31507268037457664,0.3206933580081482,2
1788598800000,2456.85,2458.55,-0.0017896727746029573,1.0,0.002623606806140522,ranging,0.3620936924826207,0.3253972810848593,0.3125090264325199,2
1788602400000,2458.54,2454.15,0.0012672412036753844,1.0,0.0025191582384380437,ranging,0.3627066126913677,0.32228695607293073,0.31500643123570155,2
1788606000000,2454.15,2453.67,0.0025798090207729274,2.0,0.0025,ranging,0.36139386711376026,0.32689658082543466,0.3117095520608051,2
1788609600000,2453.67,2458.94,0.004965554263219207,2.0,0.0025,ranging,0.35530904033401944,0.31497874682170207,0.3297122128442785,2
1788613200000,2458.93,2454.15,0.010944726279974892,2.0,0.0025,ranging,0.3595542894850121,0.30624149908198495,0.33420421143300294,2
1788616800000,2454.15,2457.26,0.009457688645076123,2.0,0.0025,ranging,0.35179464830209495,0.30938844576333896,0.33881690593456615,2
1788620400000,2457.26,2460.0,0.0071422764227642155,2.0,0.0025,ranging,0.3534607926821188,0.30618046467065496,0.3403587426472263,2
1788624000000,2459.99,2471.15,0.0025696538049087003,2.0,0.0025,ranging,0.37217415161671075,0.3088639177402179,0.31896193064307143,2
1788627600000,2471.15,2481.01,0.0032688300329299924,2.0,0.0025,ranging,0.3777189301719849,0.3183582776961317,0.30392279213188345,2
1788631200000,2481.01,2480.5,0.00019350937311024552,1.0,0.0025,ranging,0.3594673802798951,0.32373682122054703,0.3167957984995578,2
1788634800000,2480.5,2477.57,0.0011180309738978433,1.0,0.0025,ranging,0.37013358391893697,0.32057375113846437,0.30929266494259877,2
1788638400000,2477.57,2477.5,0.005126135216952488,2.0,0.0025,ranging,0.37907926848736273,0.3200850888200765,0.3008356426925607,2
1788642000000,2477.5,2489.12,0.006608761329305324,2.0,0.0025,ranging,0.37490770167550164,0.31815442415223544,0.3069378741722629,2
1788645600000,2489.13,2480.98,0.009028690275616924,2.0,0.0025,ranging,0.36799534447321713,0.31758852690351314,0.3144161286232697,2
1788649200000,2480.98,2480.34,0.011829023440334652,2.0,0.0025,ranging,0.37211393187809655,0.3163084506316994,0.31157761749020413,2
1788652800000,2480.33,2490.2,0.005718416191470732,2.0,0.0025,ranging,0.37229800356613274,0.3127025442330492,0.314999452200818,2
1788656400000,2490.21,2505.57,0.003164948494753572,2.0,0.002601063246991661,trending,0.3707052401810053,0.3264216238608354,0.30287313595815923,2
1788660000000,2505.58,2503.38,0.0009706876303237078,1.0,0.0026103250838279113,trending,0.37796254304318566,0.31862980507065414,0.3034076518861602,2
1788663600000,2503.38,2509.68,-0.005136112970577922,0.0,0.0026602783425032756,trending,0.3846650974608817,0.30762786921667906,0.3077070333224393,2
1788667200000,2509.68,2504.44,-0.0035017808372330705,0.0,0.002681289902218722,trending,0.3875411242584559,0.3055864473929245,0.30687242834861966,2
1788670800000,2504.45,2513.5,-0.005717127511438158,0.0,0.002869211568253272,trending,0.3838588565322159,0.30969951944197893,0.3064416240258051,2
1788674400000,2513.52,2505.81,-0.0016401882026171322,1.0,0.0028474089814830277,trending,0.3856437575470875,0.31419085384910017,0.3001653886038124,2
1788678000000,2505.82,2496.79,0.0020586432979945446,1.0,0.003089219606505321,trending,0.38132448745187814,0.3103375744124408,0.30833793813568106,2
1788681600000,2496.8,2495.67,0.0019233312096549326,1.0,0.0030079161129145235,trending,0.38351813163863147,0.30973208214607917,0.30674978621528937,2
1788685200000,2495.66,2499.13,-0.001712595983402343,1.0,0.0029572564987394435,trending,0.3428944555143952,0.32487314690929897,0.33223239757630596,3
1788688800000,2499.12,2501.7,-0.009313666706639356,0.0,0.0028266318799796456,trending,0.3402297323456421,0.3251918760364107,0.3345783916179472,3
1788692400000,2501.7,2501.93,-0.008849168441962707,0.0,0.0027051688857312457,trending,0.3280134797212971,0.3379533201712688,0.33403320010743415,3
1788696000000,2501.94,2500.47,-0.006358804544745467,0.0,0.0026414423080920323,trending,0.3255923951482035,0.3385139924796325,0.3358936123721639,3
1788699600000,2500.48,2494.85,-0.0014429725233982005,1.0,0.002701880566123168,trending,0.3269416906534834,0.3327364310944794,0.3403218782520372,3
1788703200000,2494.84,2478.4,0.00635490639122005,2.0,0.003115207607877806,trending,0.3211191171285565,0.3265585562097051,0.35232232666173835,3
1788706800000,2478.4,2479.79,0.004286653305320298,2.0,0.0031091773600568874,trending,0.3366155506045214,0.3284792153129937,0.3349052340824849,3
1788710400000,2479.78,2484.57,0.005984939043778059,2.0,0.0030933605077406593,trending,0.343725043977119,0.32961594310249515,0.32665901292038585,3
1788714000000,2484.57,2491.25,0.006759658805820523,2.0,0.0031095038152770048,trending,0.33850203286871583,0.3335215430600519,0.3279764240712323,3
1788717600000,2491.25,2494.15,0.0056812942284947265,2.0,0.0030343909874109673,trending,0.3293460516387128,0.32788173496054096,0.3427722134007462,3
1788721200000,2494.15,2490.42,0.009661021032596917,2.0,0.002917205636463609,ranging,0.326930345661789,0.3241857847773376,0.34888386956087336,3
1788724800000,2490.42,2499.44,0.005493230483628375,2.0,0.0028953878353065944,ranging,0.3349420234662307,0.3234727774689024,0.34158519906486695,3
1788728400000,2499.43,2508.09,-0.0016825552512071962,1.0,0.0029583418407753445,ranging,0.3351474246868984,0.3218926429934447,0.3429599323196568,3
1788732000000,2508.08,2508.32,0.0013754225936084552,1.0,0.003124209449141623,ranging,0.33602135683538337,0.3220229598337515,0.3419556833308651,3
1788735600000,2508.33,2514.48,-0.006780726034806506,0.0,0.0032247713128736024,ranging,0.3493330484242198,0.3215573743648838,0.32910957721089645,3
1788739200000,2514.48,2513.17,-0.005904893023552016,0.0,0.0032200680705565176,ranging,0.35120288035494157,0.3194389156985327,0.3293582039465257,3
1788742800000,2513.17,2503.87,0.00037142503404741234,1.0,0.003291804861715403,ranging,0.343863533604266,0.3256865938555825,0.3304498725401514,3
1788746400000,2503.87,2511.77,-0.005585702512570845,0.0,0.0036968031282534246,ranging,0.3582256207612212,0.31292119213888425,0.32885318709989453,3
1788750000000,2511.76,2497.43,-0.00323532591504061,1.0,0.003787257572638687,ranging,0.3417202885899122,0.32965268733373737,0.3286270240763503,3
1788753600000,2497.43,2498.33,-0.0027098101531822794,1.0,0.0036441296739151883,ranging,0.3408767497617833,0.3298843832055219,0.32923886703269484,3
1788757200000,2498.33,2504.8,-0.008000638773554725,0.0,0.003662200014458612,ranging,0.34179823856128283,0.33456869383917415,0.323633067599543,3
1788760800000,2504.81,2497.74,-0.003495159624300248,1.0,0.0036214458370597623,ranging,0.3353439974383918,0.33965356215057746,0.3250024404110307,3
1788764400000,2497.75,2489.35,-8.03422580191171e-05,1.0,0.003836876282269597,ranging,0.33805519642496246,0.3202668631962633,0.3416779403787742,3
1788768000000,2489.34,2491.56,0.005586861243558339,2.0,0.0036482382710453847,ranging,0.3367521903070827,0.3311963011505502,0.33205150854236715,3
1788771600000,2491.56,2484.76,0.005674592314750759,2.0,0.003621834678654675,ranging,0.33871411636912946,0.3295592875929229,0.3317265960379477,3
1788775200000,2484.76,2489.01,0.0005142606899930513,1.0,0.0034930718056502574,ranging,0.3349973851724564,0.32675132441778576,0.3382512904097579,3
1788778800000,2489.01,2489.15,-0.007520639575758881,0.0,0.0033673508316022973,ranging,0.33306808664327114,0.3185641995515979,0.348367713805131,3
1788782400000,2489.16,2505.48,-0.009052157670386474,0.0,0.0034331584364865678,ranging,0.34194700511474296,0.3183842317609324,0.3396687631243246,3
1788786000000,2505.48,2498.86,-0.001376627742250447,1.0,0.003465643973447004,ranging,0.34215707628525355,0.31931542874175156,0.338527494972995,3
1788789600000,2498.87,2490.29,0.0006023394865657394,1.0,0.0036310191151960234,ranging,0.33407675425239747,0.31152042929533424,0.35440281645226823,3
1788793200000,2490.29,2470.43,0.01034232906821897,2.0,0.0038201498091124555,ranging,0.34086567293725123,0.31187736255604437,0.34725696450670435,3
1788796800000,2470.44,2482.8,0.004817141936523273,2.0,0.003749348805727228,ranging,0.3447275612448986,0.3184897501940178,0.33678268856108357,3
1788800400000,2482.81,2495.42,-0.001735178847648844,1.0,0.0037588141988458383,ranging,0.3467115580196541,0.3191559891506998,0.33413245282964604,3
1788804000000,2495.42,2491.79,-0.0035035055121017677,1.0,0.0036674055215926375,ranging,0.344793861670189,0.3309879135576268,0.3242182247721841,3
1788807600000,2491.79,2495.98,-0.002331749453120646,1.0,0.0035463670513740707,ranging,0.3573314283889145,0.314772802579713,0.3278957690313725,3
1788811200000,2495.98,2494.76,0.0003807981529284632,1.0,0.003469889918628091,ranging,0.34497842635771825,0.3091037884977229,0.34591778514455884,3
1788814800000,2494.76,2491.09,0.005306913840928962,2.0,0.0033367221765273126,ranging,0.3478815754270162,0.3199158277529123,0.33220259682007147,3
1788818400000,2491.1,2483.06,0.0006685299590021287,1.0,0.003398714783010554,ranging,0.34722402262842683,0.3077888702436341,0.344987107127939,3
1788822000000,2483.06,2490.16,-0.0016545121598611212,1.0,0.0033476267009328246,ranging,0.34104698302483394,0.3183397438521693,0.34061327312299683,3
1788825600000,2490.16,2495.71,-0.006699496335712207,0.0,0.0033123021783303995,ranging,0.3312896115067669,0.3208468956883467,0.34786349280488643,3
1788829200000,2495.71,2504.31,-0.012350707380475945,0.0,0.003270164912925902,ranging,0.328562696038174,0.3193081017302189,0.3521292022316071,3
1788832800000,2504.32,2484.72,-0.006515824720692676,0.0,0.0034620626126934365,ranging,0.3338947228329593,0.3170188529178617,0.349086424249179,3
1788836400000,2484.72,2486.04,-0.002578397773165264,1.0,0.0033913179995710718,ranging,0.33423994076482244,0.31521543310438765,0.35054462613078996,3
1788840000000,2486.05,2478.99,-0.0005687800273498356,1.0,0.003286314720208568,ranging,0.3252807695576267,0.3198900587855931,0.3548291716567802,3
1788843600000,2478.99,2473.38,0.007532202896441298,2.0,0.0032678138899356877,ranging,0.3303657245204182,0.3070405811099088,0.3625936943696731,3
1788847200000,2473.39,2468.53,0.00514881326133354,2.0,0.0032872395355060527,ranging,0.3404679651573916,0.30622285651030107,0.3533091783323073,3
1788850800000,2468.52,2479.63,-0.001964002693950251,1.0,0.003332768032142352,ranging,0.3410384177454562,0.31141340273435214,0.3475481795201916,3
1788854400000,2479.63,2477.58,-0.001933338176769217,1.0,0.0033472296913588198,ranging,0.34442917637755377,0.31660277094723976,0.3389680526752064,3
1788858000000,2477.58,2492.01,-0.01313798901288532,0.0,0.003428941221954455,ranging,0.34388052258497104,0.3250554249270976,0.3310640524879314,3
1788861600000,2492.0,2481.24,0.0018216698102564433,1.0,0.0035218688348451215,ranging,0.3339478970496948,0.31512949775823895,0.3509226051920662,3
1788865200000,2481.25,2474.76,0.009641338958121137,2.0,0.003468152287235481,ranging,0.33212371859521783,0.3108383036879653,0.3570379777168169,3
1788868800000,2474.75,2472.79,0.009604535767291145,2.0,0.0033612980597007886,ranging,0.331919797904804,0.3115888696024485,0.35649133249274745,3
1788872400000,2472.8,2459.27,0.011710792226961697,2.0,0.0037317460343231283,ranging,0.3384434323589861,0.3007745936991394,0.36078197394187456,3
1788876000000,2459.26,2485.76,0.00047470391349113683,1.0,0.003942393700454581,ranging,0.34118322198006823,0.31375927050925556,0.3450575075106763,3
1788879600000,2485.76,2498.62,-0.0065236010277671674,0.0,0.0040158733147253175,ranging,0.34559226458714243,0.32199212896150003,0.3324156064513574,3
1788883200000,2498.62,2496.54,-0.005387456239435262,0.0,0.004041474485296411,ranging,0.3449885263095427,0.3191093229940091,0.33590215069644813,3
1788886800000,2496.54,2488.07,-0.002065858275691723,1.0,0.004017920236792395,ranging,0.3453290916487191,0.3171964240007016,0.33747448435057936,3
1788890400000,2488.07,2486.94,0.0008323481869285665,1.0,0.004262876939021698,ranging,0.3433681410444954,0.30937435314388784,0.3472575058116168,3
1788894000000,2486.94,2482.32,0.0011038061168582303,1.0,0.004230597334967112,ranging,0.3490699710206732,0.32585351927028705,0.32507650970903973,3
1788897600000,2482.31,2483.09,0.005311929893801803,2.0,0.004118947788411167,low_liquidity,0.3348737541020091,0.340912188483011,0.32421405741497983,3
1788901200000,2483.09,2482.93,0.005988892155638803,2.0,0.003974979296667259,low_liquidity,0.3214847882516015,0.35463647187507746,0.3238787398733211,3
1788904800000,2482.92,2489.01,0.0019003539559903082,1.0,0.0038242611516214596,low_liquidity,0.32393349947509875,0.35673378281002316,0.3193327177148782,3
1788908400000,2489.0,2485.06,0.0015452343202981833,1.0,0.003692469490157904,low_liquidity,0.3104016786968461,0.3746931986196062,0.3149051226835478,3
1788912000000,2485.07,2496.28,0.005355969682887984,2.0,0.0036241386327356116,low_liquidity,0.32530540957870896,0.3449607153546773,0.32973387506661367,3
1788915600000,2496.27,2497.8,-0.0004964368644407857,1.0,0.003539435909875784,ranging,0.3308085341878305,0.3368929525757479,0.33229851323642157,3
1788919200000,2497.79,2493.74,0.0030115408984097147,1.0,0.003463828833225269,ranging,0.3281619562720029,0.3375055372281277,0.3343325064998694,3
1788922800000,2493.73,2488.9,0.008690586202740214,2.0,0.003340791706300924,ranging,0.3162034191974942,0.330715488759773,0.35308109204273275,3
1788926400000,2488.91,2509.65,0.004016496324188656,2.0,0.0035029259689473118,ranging,0.3236598081350886,0.31484501266810117,0.3614951791968102,3
1788930000000,2509.65,2496.56,-0.002379273880860122,1.0,0.0036131012288220616,ranging,0.3321134586986417,0.3203680616174565,0.34751847968390176,3
1788933600000,2496.56,2501.25,-0.005537231384307839,0.0,0.0035726768629903384,ranging,0.3249292162345304,0.3268575719047204,0.3482132118607491,3
1788937200000,2501.25,2510.53,-0.0037960112008221802,0.0,0.0035937219302642877,ranging,0.3504391165121749,0.3137352166844671,0.3358256668033581,3
1788940800000,2510.53,2519.73,-0.0032225674973112017,1.0,0.0035519085471352506,ranging,0.3541514545907883,0.31444032076702727,0.33140822464218445,3
1788944400000,2519.72,2490.62,0.004777926781283304,2.0,0.003853144334834313,ranging,0.34823747381957476,0.3171414507374259,0.33462107544299935,3
1788948000000,2490.61,2487.4,0.004820294283187199,2.0,0.0037863787334429934,ranging,0.34184954023192354,0.3121238953878793,0.3460265643801971,3
1788951600000,2487.4,2501.0,-0.0042942822870850605,0.0,0.0038974438796012855,ranging,0.3392943366496573,0.3279311942706716,0.3327744690796711,3
1788955200000,2501.01,2511.61,-0.006262915022634874,0.0,0.003846240711207911,ranging,0.3501467248455125,0.3207896915443339,0.3290635836101536,3
1788958800000,2511.61,2502.52,-0.003556415133545432,1.0,0.003956621332120072,ranging,0.34985174061317226,0.3207091836438662,0.32943907574296166,3
1788962400000,2502.52,2499.39,-0.007185753323810995,0.0,0.004007143806195649,ranging,0.3467602548167765,0.31863007973961666,0.3346096654436068,3
1788966000000,2499.4,2490.26,-0.009946752547926874,0.0,0.004459614574122932,ranging,0.3394735719567474,0.3117139807087917,0.34881244733446093,3
1788969600000,2490.26,2495.88,-0.009639886533006403,0.0,0.00438227333679103,ranging,0.34325890290523203,0.3232943998006907,0.3334466972940773,3
1788973200000,2495.88,2493.62,-0.012724472854725222,0.0,0.004266120536345607,ranging,0.3401764876951503,0.3251504554512677,0.334673056853582,3
1788976800000,2493.61,2481.43,-0.012516976098459365,0.0,0.004229389775652048,ranging,0.3420083227482507,0.3236234432776648,0.33436823397408444,3
1788980400000,2481.43,2465.49,0.0010707810617769375,1.0,0.004342751650148692,ranging,0.3393908768384515,0.3201926927978721,0.3404164303636764,3
1788984000000,2465.49,2471.82,-0.002755054979731497,1.0,0.004347321290068113,ranging,0.3365453056684832,0.32135941115219774,0.34209528317931903,3
1788987600000,2471.82,2461.89,0.0007473932628996316,1.0,0.004328304799675108,ranging,0.3381234603144598,0.32935643363654155,0.33252010604899856,3
1788991200000,2461.89,2450.37,0.009994409007619387,2.0,0.004405676750349013,ranging,0.32690316574313827,0.3327801295764465,0.34031670468041514,3
1788994800000,2450.36,2468.13,0.0029496015201790904,1.0,0.004389384322884859,ranging,0.3352537855981241,0.33288266895905533,0.3318635454428206,3
1788998400000,2468.14,2465.01,0.005545616447803381,2.0,0.0042296677056350195,ranging,0.3412121803092443,0.33552261041554254,0.32326520927521313,3
1789002000000,2465.0,2463.73,0.007468350833898185,2.0,0.00434916196997108,ranging,0.34257564334754953,0.32970122374061533,0.32772313291183514,3
1789005600000,2463.73,2474.86,0.0021981041351835096,1.0,0.00430382470880313,low_liquidity,0.3331255556220378,0.3506657879716532,0.3162086564063089,3
1789009200000,2474.86,2475.41,-0.0009856952989606427,1.0,0.004123118624642574,ranging,0.3402773623058488,0.33253400443661535,0.3271886332575359,3
1789012800000,2475.4,2478.68,-0.003001597624542107,1.0,0.003937675294054674,ranging,0.33722074091317006,0.3372970231124861,0.32548223597434384,3
1789016400000,2478.68,2482.13,-0.005410675508535134,0.0,0.0038219214077159754,ranging,0.34364487754065365,0.33136724559486086,0.3249878768644855,3
1789020000000,2482.12,2480.3,-0.006487118493730626,0.0,0.003772025710845544,ranging,0.34046553774697624,0.33211452204331,0.3274199402097138,3
1789023600000,2480.31,2472.97,-0.004351043482128669,0.0,0.003793726913038993,ranging,0.32443922337360537,0.3271299716248562,0.34843080500153856,3
1789027200000,2472.96,2471.24,-0.022822550622359494,0.0,0.003631347795721825,ranging,0.31110943319655554,0.33939727468500425,0.34949329211844016,3
1789030800000,2471.25,2468.7,-0.013476728642605407,0.0,0.0036035482829914747,ranging,0.3159153202838807,0.32840996067161016,0.3556747190445091,3
1789034400000,2468.7,2464.21,-0.008160830448703638,0.0,0.003508775498634848,ranging,0.3131002223998887,0.33199474425369746,0.35490503334641377,3
1789038000000,2464.2,2462.21,-0.008394897267089307,0.0,0.0034670558948895116,ranging,0.3237308609490848,0.32063385959391244,0.3556352794570027,3
1789041600000,2462.21,2414.84,0.01405476139205919,2.0,0.004325044192056103,ranging,0.313706281100887,0.3064660166339238,0.3798277022651892,3
1789045200000,2414.84,2435.43,0.012585046583149628,2.0,0.004528556890736279,trending,0.3109095856589956,0.3113041433486788,0.37778627099232553,3
1789048800000,2435.42,2444.1,0.009979133423345887,2.0,0.004500364814663772,trending,0.3178867415368022,0.31851717559123466,0.3635960828719631,3
1789052400000,2444.11,2441.54,0.008601128795760138,2.0,0.004396038137690508,trending,0.33240284485373556,0.3395084771212794,0.3280886780249851,3
1789056000000,2441.54,2448.78,0.005312849663914099,2.0,0.004383242104554091,trending,0.3373225716803969,0.3353285295449541,0.3273488987746489,3
1789059600000,2448.79,2466.08,-0.002355965743203736,1.0,0.004526986229454664,trending,0.3295696889906504,0.3406806054592144,0.3297497055501351,3
1789063200000,2466.09,2468.49,-0.009483530417380592,0.0,0.004445541103194269,trending,0.3401462017375726,0.3442724430900663,0.3155813551723611,3
1789066800000,2468.49,2462.54,-0.00985567747122884,0.0,0.004340554840928247,trending,0.33164058187159606,0.32831551778061707,0.3400439003477869,3
1789070400000,2462.55,2461.79,-0.002022918283037911,1.0,0.00417345186498247,trending,0.3309549409367264,0.3322720307636077,0.336773028299666,3
1789074000000,2461.79,2460.27,-0.0023818523983140105,1.0,0.003969195798691013,low_liquidity,0.31509146029081714,0.3584834780567424,0.3264250616524404,3
1789077600000,2460.27,2445.08,0.00074844176877642,1.0,0.004031618408027312,ranging,0.3154961544880077,0.3281056892060241,0.35639815630596816,3
1789081200000,2445.08,2438.27,0.003691141670118636,1.0,0.003989807292591304,trending,0.3147310091528627,0.33988859032538277,0.34538040052175456,3
1789084800000,2438.27,2456.81,0.0009117514174885599,1.0,0.004041272932757336,ranging,0.3120893508541264,0.34296345341748635,0.3449471957283873,3
1789088400000,2456.81,2454.41,0.005879213334365696,2.0,0.003996721842405482,ranging,0.322614202830068,0.3464031746485333,0.33098262252139865,3
1789092000000,2454.41,2446.91,0.008222615461950022,2.0,0.0039089744892199215,ranging,0.32109956884302865,0.3479390813399014,0.33096134981706987,3
1789095600000,2446.91,2447.27,0.00827452630890746,2.0,0.00377598052338269,ranging,0.32246717173341805,0.3242832918333489,0.35324953643323304,3
1789099200000,2447.27,2459.05,0.007185701795408672,2.0,0.0038030066814700204,ranging,0.3341529262075468,0.3369247558211217,0.32892231797133153,3
1789102800000,2459.06,2468.84,0.00027543299687304845,1.0,0.0037136927967586593,ranging,0.3370300128578694,0.33848239491382803,0.3244875922283027,3
1789106400000,2468.84,2467.03,-0.00198214046849865,1.0,0.0035848968544752616,ranging,0.3318565562556214,0.3426833032343901,0.3254601405099886,3
1789110000000,2467.04,2467.52,-0.0037487031513422364,0.0,0.0034539197577686228,ranging,0.3371936274863588,0.3360902760078682,0.32671609650577305,3
1789113600000,2467.53,2476.72,0.013929713492037754,2.0,0.003559373718032605,ranging,0.34407277550243615,0.3376718060037778,0.318255418493786,3
1789117200000,2476.71,2469.52,0.06483041238783249,2.0,0.003585498308926264,ranging,0.33930360192271497,0.34459581978430226,0.31610057829298266,3
1789120800000,2469.52,2462.14,0.05921271739218725,2.0,0.0035679176068140117,ranging,0.3286728371101647,0.3457215926538949,0.32560557023594044,3
1789124400000,2462.14,2458.27,0.04114682276560355,2.0,0.003486170138632154,ranging,0.3185548289039062,0.33822509608139806,0.34322007501469576,3
1789128000000,2458.27,2511.22,0.026505045356440382,2.0,0.004559460486110862,ranging,0.33726980881185775,0.33591647147282755,0.3268137197153147,3
1789131600000,2511.22,2629.62,-0.023919805903514613,0.0,0.006608763371163547,abnormal,0.3036540846845758,0.33654387334978486,0.3598020419656393,3
1789135200000,2629.63,2607.93,-0.02708278212988835,0.0,0.007388535635789631,high_volatility,0.3074536444441101,0.3787659210740639,0.31378043448182585,3
1789138800000,2607.94,2559.42,-0.007786920474170067,1.0,0.008213194189877369,high_volatility,0.31580503075028604,0.3864161113019835,0.29777885794773035,3
1789142400000,2559.43,2577.78,-0.018205587753803765,0.0,0.008234914626287714,high_volatility,0.3065674435798227,0.37537329399397334,0.3180592624262039,3
1789146000000,2577.78,2566.72,-0.019491802767734545,0.0,0.007995734882584317,high_volatility,0.2987326414637183,0.3838093886645678,0.3174579698717138,3
1789149600000,2566.72,2537.3,-0.010053994403499855,0.0,0.008175691941708243,high_volatility,0.2997223440994526,0.38095229050466917,0.31932536539587825,3
1789153200000,2537.31,2539.49,-0.009080563420214238,0.0,0.007845061722968345,high_volatility,0.29098210772252,0.3810803205633297,0.3279375717141503,3
1789156800000,2539.49,2530.85,-0.007934093288816002,0.0,0.007729529755197754,high_volatility,0.2898546794974086,0.37693418639499365,0.33321113410759773,3
1789160400000,2530.85,2516.69,-0.0011840949819008628,1.0,0.007680486357427787,high_volatility,0.28694004890356417,0.37603522425951774,0.3370247268369181,3
1789164000000,2516.68,2511.79,0.0010948367498875289,1.0,0.007443361158529915,high_volatility,0.28837260093719563,0.37284125565624326,0.33878614340656116,3
1789167600000,2511.79,2516.43,-0.0012477994619360944,1.0,0.007024125493456728,high_volatility,0.2822633415769952,0.3704371899414606,0.3472994684815443,3
1789171200000,2516.44,2510.77,0.0007487742803999886,1.0,0.006656249491518845,high_volatility,0.28501089772957455,0.36916723032433774,0.34582187194608777,3
1789174800000,2510.76,2513.71,-0.0007996149118236762,1.0,0.006304342697949305,high_volatility,0.29356984679469633,0.3642961150638813,0.3421340381414223,3
1789178400000,2513.71,2514.54,0.002024227095214215,1.0,0.005916355069839753,high_volatility,0.29272286569999645,0.37249412145861754,0.3347830128413861,3
1789182000000,2514.53,2513.29,0.004336944801435649,1.0,0.005611081468203401,high_volatility,0.29554962792119926,0.3694158148311966,0.33503455724760417,3
1789185600000,2513.29,2512.65,0.008206475235309263,2.0,0.005299117160364898,ranging,0.29503878810262,0.36266102018598434,0.3423001917113957,3
1789189200000,2512.65,2511.7,0.007648206394075707,2.0,0.004997547123145999,ranging,0.29366188624806744,0.35227268131301864,0.3540654324389139,3
1789192800000,2511.7,2519.63,0.005473025801407294,2.0,0.004834848439189067,ranging,0.3045685791771258,0.34752052946308176,0.3479108913597924,3
1789196400000,2519.63,2524.19,0.004746076959341483,2.0,0.004579358109414487,ranging,0.31299089639703864,0.34167321770125175,0.34533588590170955,3
1789200000000,2524.19,2533.27,0.0008960750334547907,1.0,0.004463547941160145,ranging,0.3216742184340137,0.33471361259670396,0.3436121689692823,3
1789203600000,2533.28,2530.91,0.005401219324274731,2.0,0.004280838490270182,ranging,0.33011177309198253,0.34239974117533545,0.327488485732682,3
1789207200000,2530.91,2533.42,0.002538071065989689,1.0,0.004059262077810294,ranging,0.3312268203687204,0.34945642476919847,0.31931675486208094,3
1789210800000,2533.42,2536.17,-0.0004297819152502269,1.0,0.0038774328594230094,low_liquidity,0.336523277701606,0.35136643272015017,0.31211028957824377,3
1789214400000,2536.17,2535.54,-0.0014829188259699588,1.0,0.003687064002034983,ranging,0.34369957910296867,0.3395367457401735,0.31676367515685794,3
1789218000000,2535.53,2544.58,-0.007337163696955917,0.0,0.0036212284647693,ranging,0.3426542886207327,0.33648052576834414,0.32086518561092314,3
1789221600000,2544.57,2539.85,-0.006878358958206099,0.0,0.00347884919664757,ranging,0.3330989483150264,0.327846182378322,0.3390548693066516,3
1789225200000,2539.85,2535.08,-0.006094482225412978,0.0,0.0034120877762485163,ranging,0.3380705513155335,0.3280729922261587,0.33385645645830775,3
1789228800000,2535.09,2531.78,-0.004328970131685983,0.0,0.003280834072627528,ranging,0.33174889650946726,0.3281249385201156,0.3401261649704171,3
1789232400000,2531.78,2525.91,-0.0007561631253686363,1.0,0.0032200149408433847,ranging,0.3301615065824896,0.33114983414967464,0.3386886592678357,3
1789236000000,2525.9,2522.38,0.000245799601963137,1.0,0.003119080369954864,ranging,0.3331815128643599,0.32560166113137934,0.34121682600426073,3
1789239600000,2522.38,2519.63,0.002500367117394209,1.0,0.0030339935757678687,ranging,0.3249481224966364,0.3321525419768239,0.3428993355265397,3
1789243200000,2519.62,2520.82,0.0017494307407905918,1.0,0.00289432565687401,ranging,0.3254243003626898,0.33470681569800775,0.33986888393930254,3
1789246800000,2520.83,2524.0,0.0007725832012677181,1.0,0.0028399072342849964,ranging,0.32461174864178194,0.3305087521048981,0.34487949925331995,3
1789250400000,2524.0,2523.0,-0.0005112960760998986,1.0,0.0027330569098963646,ranging,0.3204230799317051,0.3336058188180153,0.3459711012502795,3
1789254000000,2522.99,2525.93,-0.00202301726492804,1.0,0.002616844760082449,low_liquidity,0.3084729914915795,0.35689764189227524,0.33462936661614534,3
1789257600000,2525.92,2525.23,-0.0020592183682277554,1.0,0.0025,low_liquidity,0.30827721269885106,0.3553069155081861,0.3364158717929629,3
1789261200000,2525.22,2525.95,-0.0013579049466536652,1.0,0.0025,ranging,0.3217343627770096,0.33606369024705623,0.3422019469759341,3
1789264800000,2525.95,2521.71,-0.003378659719000199,0.0,0.0025,ranging,0.3162569174915526,0.3322287690969684,0.35151431341147904,3
1789268400000,2521.72,2520.82,-0.0011424853817408875,1.0,0.0025,ranging,0.3098511311342496,0.34491433296479823,0.34523453590095216,3
1789272000000,2520.81,2520.03,-0.010214164117093971,0.0,0.0025,ranging,0.30750682897030607,0.3366498344017977,0.35584333662789636,3
1789275600000,2520.04,2522.52,-0.0148026576598006,0.0,0.0025,ranging,0.3041615248252887,0.337700521978147,0.3581379531965642,3
1789279200000,2522.52,2513.19,-0.016317906724123588,0.0,0.0025,ranging,0.319473684298118,0.3237495734751272,0.3567767422267548,3
1789282800000,2513.19,2517.94,-0.014650865389961631,0.0,0.0025,ranging,0.31582929164387147,0.3131203981909935,0.37105031016513507,3
1789286400000,2517.94,2494.29,-0.006707319517778587,0.0,0.0025341139634189156,ranging,0.312532211031143,0.2960391308114175,0.3914286581574396,3
1789290000000,2494.3,2485.18,-0.0024545505758133412,1.0,0.0028197611593414377,ranging,0.3140427771689965,0.29740877107205166,0.3885484517589519,3
1789293600000,2485.18,2472.18,0.008324636555590681,2.0,0.0029452022822436057,ranging,0.3161129057801598,0.3049545948480388,0.3789324993718015,3
1789297200000,2472.19,2481.05,0.0040507043388886554,2.0,0.002977941721549945,ranging,0.31664029359611173,0.32135610591104075,0.36200360049284747,3
1789300800000,2481.06,2477.56,0.010909927509323847,2.0,0.002912874245146416,ranging,0.31545153352357125,0.3155395168192397,0.369008949657189,3
1789304400000,2477.56,2479.08,0.010411120254287809,2.0,0.0030741435559177607,trending,0.31830134997644655,0.3187110372393296,0.3629876127842238,3
1789308000000,2479.08,2492.76,0.006711436319581265,2.0,0.0031294520785296966,trending,0.3338244200962968,0.3207404698894067,0.3454351100142965,3
1789311600000,2492.76,2491.1,0.005989321986271223,2.0,0.0030797252081003743,trending,0.33754567100028,0.31523697645822246,0.3472173525414976,3
1789315200000,2491.1,2504.59,0.0032979449730294874,2.0,0.0031039224856501957,trending,0.34257480440121324,0.32339457768724555,0.33403061791154115,3
1789318800000,2504.6,2504.89,0.0016248218484644639,1.0,0.0030538179275152073,trending,0.3277442698974695,0.3256189033685677,0.3466368267339628,3
1789322400000,2504.89,2509.49,-0.013516690642321638,0.0,0.0029204913533909956,trending,0.32838776200778463,0.3304199306991903,0.3411923072930251,3
1789326000000,2509.48,2506.02,-0.01154021117149906,0.0,0.0029237672827681018,ranging,0.3265235393524387,0.3266149362707452,0.3468615243768161,3
1789329600000,2506.03,2512.85,-0.011313846827307628,0.0,0.0028641141878604725,low_liquidity,0.32063264218692417,0.34855644371172223,0.33081091410135366,3
1789333200000,2512.86,2508.96,-0.006138001402971827,0.0,0.0027994570710159748,ranging,0.3257935052931722,0.338766666981405,0.3354398277254229,3
1789336800000,2508.95,2475.57,0.014481513348440833,2.0,0.0032664464451664845,ranging,0.3154925493142125,0.3071813119569369,0.3773261387288506,3
1789340400000,2475.56,2477.1,0.014476605708287904,2.0,0.003223646278234068,ranging,0.32460518487889406,0.31445551638519526,0.3609392987359107,3
1789344000000,2477.1,2484.42,0.012296632614453129,2.0,0.0034489459611032223,ranging,0.32480158569888895,0.3200680477380726,0.3551303665630385,3
1789347600000,2484.41,2493.56,0.009111471149681583,2.0,0.0035736111715462715,ranging,0.3369327670965607,0.3272220277690001,0.3358452051344393,3
1789351200000,2493.56,2511.42,0.0013139976586948876,1.0,0.003683834539480001,ranging,0.3301798097100171,0.33508347877033307,0.3347367115196498,3
1789354800000,2511.42,2512.96,0.004182318859034639,2.0,0.0036456019028451134,ranging,0.3408126458476865,0.33479016156642344,0.32439719258589006,3
1789358400000,2512.96,2514.97,0.0014592619395061845,1.0,0.003503486064050111,ranging,0.3458016414291356,0.3384053315486139,0.3157930270222505,3
1789362000000,2514.98,2516.28,0.0030441763237794017,1.0,0.003359866563355244,ranging,0.3394551003221604,0.33914791521538257,0.321396984462457,3
1789365600000,2516.29,2514.72,-0.0006163708086783792,1.0,0.0034456192074923974,ranging,0.3472828241462465,0.3276519453371424,0.32506523051661107,3
1789369200000,2514.73,2523.47,-0.00565094889180362,0.0,0.003445878037980824,ranging,0.34802379567367886,0.32591858196003276,0.32605762236628844,3
1789372800000,2523.48,2518.64,-0.005149604548486453,0.0,0.0034925994097309053,ranging,0.345793646454852,0.3181522322747956,0.33605412127035245,3
1789376400000,2518.65,2523.94,-0.009231598215488579,0.0,0.003639768647013924,ranging,0.35024626786726387,0.3222016392768378,0.32755209285589826,3
1789380000000,2523.93,2513.17,-0.004548040920431262,0.0,0.0036065791077255337,ranging,0.3487903959673941,0.3258827859990809,0.32532681803352503,3
1789383600000,2513.18,2509.21,-0.0002909282204359709,1.0,0.0035368361074975103,ranging,0.3427206242412246,0.32513673631616374,0.3321426394426116,3
1789387200000,2509.21,2505.67,0.00933083766018683,2.0,0.0036169008369252723,ranging,0.3402489566138243,0.3149981106996419,0.3447529326865338,3
1789390800000,2505.68,2500.64,0.0130886493057778,2.0,0.003878260849815619,ranging,0.34130286238010166,0.31083007262761175,0.3478670649922866,3
1789394400000,2500.63,2501.74,0.014837672979606253,2.0,0.003993670255481559,ranging,0.33758614338864346,0.3148167062007863,0.34759715041057027,3
1789398000000,2501.75,2508.48,0.012565378237020086,2.0,0.0039859829778628,ranging,0.3471206537204257,0.3154840903907791,0.3373952558887952,3
1789401600000,2508.49,2529.05,0.01644491014412508,2.0,0.004233940512502453,ranging,0.3457067697335591,0.31708920032213606,0.33720402994430493,3
1789405200000,2529.04,2533.37,0.0054315003335478895,2.0,0.004140166043392125,ranging,0.35052590795270666,0.31859851836713404,0.3308755736801593,3
1789408800000,2533.37,2538.86,-0.0022017756000725086,1.0,0.004087308078696957,ranging,0.357810316305878,0.31340608554508825,0.3287835981490339,3
1789412400000,2538.86,2540.0,-0.00954724409448815,0.0,0.004047591081351163,ranging,0.36199799077190864,0.31490852478880604,0.3230934844392853,3
1789416000000,2540.01,2570.64,-0.021282637786699032,0.0,0.004964062798875416,high_volatility,0.3563700728807838,0.3322401014849885,0.3113898256342276,3
1789419600000,2570.64,2547.13,-0.012472861612874087,0.0,0.005218384139710022,high_volatility,0.34622344830669505,0.34055209361634076,0.3132244580769642,3
1789423200000,2547.14,2533.27,-0.00817125691300169,0.0,0.005277671499657833,high_volatility,0.3359431204564849,0.34416664133326436,0.3198902382102508,3
1789426800000,2533.27,2515.75,-0.006809102653284382,0.0,0.005296829103482251,high_volatility,0.3206252809201867,0.34872560694563404,0.33064911213417914,3
1789430400000,2515.72,2515.93,-0.010020151594042792,0.0,0.005099718071366709,high_volatility,0.3147497077433767,0.35865231633390127,0.326597975922722,3
1789434000000,2515.93,2515.36,-0.00748600597926341,0.0,0.004937746426947615,trending,0.31874617091671353,0.35128474749608707,0.3299690815871993,3
1789437600000,2515.36,2512.57,-0.010554929812900737,0.0,0.0047682176326666785,trending,0.32473890088568674,0.3495651977566946,0.3256959013576186,3
1789441200000,2512.58,2498.62,-0.009733372821797537,0.0,0.0047367360355779565,ranging,0.3192639499967157,0.3406762432966093,0.34005980670667507,3
1789444800000,2498.63,2490.72,-0.0053639108370269195,0.0,0.004594051522445755,ranging,0.32195626077718725,0.33640058477831636,0.34164315444449644,3
1789448400000,2490.71,2496.53,-0.008892342571489298,0.0,0.004578710910853386,ranging,0.3241547452840212,0.33579819735926497,0.3400470573567138,3
1789452000000,2496.53,2486.05,-0.0009533195229380897,1.0,0.0046022967861681485,ranging,0.328412321997646,0.32993592149344264,0.3416517565089115,3
1789455600000,2486.06,2474.3,0.0008527664389927914,1.0,0.0045547086630069455,ranging,0.3290085025820867,0.3312892324447308,0.3397022649731824,3
1789459200000,2474.29,2477.36,0.0007386895727710119,1.0,0.004431396538002871,ranging,0.33051356444998164,0.3318888461144114,0.337597589435607,3
1789462800000,2477.37,2474.33,-0.00820019965000629,0.0,0.004246348329101166,ranging,0.33573503536023214,0.3337751261054155,0.3304898385343524,3
1789466400000,2474.34,2483.68,-0.03031388906783483,0.0,0.004175465202409429,ranging,0.3433979801424085,0.3363263741470121,0.3202756457105795,3
1789470000000,2483.68,2476.41,-0.020977947916540396,0.0,0.004158922229614737,ranging,0.33159399817905294,0.3371617581704854,0.33124424365046173,3
1789473600000,2476.41,2479.19,-0.022930876616959583,0.0,0.0040471615954727974,ranging,0.33980583632878764,0.33194926889509074,0.3282448947761215,3
1789477200000,2479.18,2454.04,-0.005228113641179366,0.0,0.004730039131579022,ranging,0.3074029172288413,0.3220448243973442,0.37055225837381445,3
1789480800000,2454.05,2408.39,-0.0021798795045653296,1.0,0.005690469210788195,high_volatility,0.2867104988862842,0.3439794919073519,0.369310009206364,3
1789484400000,2408.38,2424.46,-0.003221335885104315,1.0,0.005854773518150501,high_volatility,0.2813639381214288,0.36224048864661823,0.35639557323195303,3
1789488000000,2424.47,2422.34,-0.0059364085966462365,0.0,0.005670981502230935,high_volatility,0.2854887285012933,0.3656499383652533,0.3488613331334534,3
1789491600000,2422.34,2441.21,-0.020637306909278674,0.0,0.005857036625206439,high_volatility,0.3002414214922847,0.3854255580075285,0.31433302050018685,3
1789495200000,2441.2,2403.14,-0.0025757966660285847,1.0,0.007094210459698049,high_volatility,0.2826058783874336,0.3589409278545028,0.35845319375806367,3
1789498800000,2403.14,2416.65,-0.007609707653156161,0.0,0.006943110504610692,high_volatility,0.2821440954225634,0.35352829157086,0.36432761300657657,3
1789502400000,2416.66,2407.96,-0.0036586986494792084,1.0,0.006879441637989259,high_volatility,0.28498884113378437,0.35812742259001673,0.3568837362761989,3
1789506000000,2407.97,2390.83,7.110501374008038e-05,1.0,0.006748596683577431,high_volatility,0.28320713117652535,0.35871912860601785,0.35807374021745675,3
1789509600000,2390.83,2396.95,0.002524040968731267,1.0,0.006617806447984985,high_volatility,0.2882967289616943,0.36253581884659375,0.34916745219171197,3
1789513200000,2396.94,2398.26,0.0015427851859264319,1.0,0.006430708845802164,high_volatility,0.30962766954171567,0.35101924059539,0.3393530898628944,3
1789516800000,2398.26,2399.15,0.001975699726986635,1.0,0.006122068630108147,high_volatility,0.3239106342692736,0.3653570264755287,0.31073233925519766,3
1789520400000,2399.14,2391.0,0.006846507737348295,2.0,0.006009586317769357,high_volatility,0.3073448256733032,0.3392333705923049,0.3534218037343919,3
1789524000000,2391.0,2403.0,0.0015688722430295954,1.0,0.005964448353701471,trending,0.3205639169337814,0.35190086257839626,0.32753522048782246,3
1789527600000,2403.01,2401.96,-0.002081633332778221,1.0,0.005743862813264416,trending,0.32875526827953644,0.35648305140358344,0.3147616803168802,3
1789531200000,2401.96,2403.89,-0.00038271301931458446,1.0,0.00548066655647815,trending,0.32438571158983526,0.349612944881492,0.32600134352867277,3
1789534800000,2403.88,2407.37,-0.0005981631406888344,1.0,0.005327685810949571,trending,0.3263220796768467,0.34232643579100963,0.3313514845321437,3
1789538400000,2407.37,2406.77,-9.140881762681463e-05,1.0,0.005219391338337083,low_liquidity,0.313080276618576,0.35404006461419374,0.3328796587672303,3
1789542000000,2406.77,2396.96,0.010701054669247645,2.0,0.005126206539825569,trending,0.3132719860508804,0.3324676055185191,0.3542604084306005,3
1789545600000,2396.96,2402.97,0.0015813763800631708,1.0,0.005119469904805422,trending,0.30841663663309093,0.326398048223937,0.36518531514297214,3
1789549200000,2402.97,2405.93,-0.00495442510796229,0.0,0.004889203039482619,trending,0.3235329560868595,0.33790143707049686,0.3385656068426436,3
1789552800000,2405.93,2406.55,-0.006698385655814487,0.0,0.004693382746913077,trending,0.3387933309487352,0.33983555877990346,0.32137111027136134,3
1789556400000,2406.55,2422.61,-0.012321421937497079,0.0,0.004807070038529514,trending,0.3594128287501267,0.32955099009133315,0.3110361811585402,3
1789560000000,2422.6,2406.77,-0.00611608088849358,0.0,0.004861510515829034,trending,0.349378447398342,0.3282082210203017,0.3224133315813563,3
1789563600000,2406.76,2394.01,-0.0013533778054395373,1.0,0.004838534199772527,trending,0.3432780569878985,0.32595577615319243,0.33076616685890897,3
1789567200000,2394.01,2390.43,0.003187710997603066,1.0,0.004859839633597493,trending,0.34338058233546614,0.31814790516040264,0.33847151250413116,3
1789570800000,2390.43,2392.76,0.006619970243567863,2.0,0.004833759935311581,trending,0.3413861855446573,0.33097942471904296,0.3276343897362997,3
1789574400000,2392.76,2392.05,0.007938797265943265,2.0,0.004712704777928371,trending,0.34546805195156133,0.3357416709323245,0.3187902771161142,3
1789578000000,2392.06,2390.77,0.0059269607699612425,2.0,0.004827832845023821,trending,0.34735140586046004,0.3281807616322284,0.32446783250731154,3
1789581600000,2390.77,2398.05,-0.002260169721231886,1.0,0.005569021648591523,trending,0.34998893449068774,0.32565194750362997,0.32435911800568235,3
1789585200000,2398.07,2408.6,0.004010628580918496,1.0,0.005890923617076418,trending,0.3545938389162036,0.3391601444590347,0.3062460166247617,3
1789588800000,2408.58,2411.04,0.0032600039816843562,1.0,0.005733904459521126,trending,0.3470876570416647,0.34885749560614326,0.30405484735219207,3
1789592400000,2411.04,2404.94,0.00940979816544285,2.0,0.005579133815785412,trending,0.34195154277798173,0.3546036506095407,0.3034448066124775,3
1789596000000,2404.94,2392.63,0.0152301024395749,2.0,0.0055139343682819595,trending,0.335660791698451,0.33392395102092703,0.330415257280622,3
1789599600000,2392.61,2418.26,0.007360664279275175,2.0,0.005644272630456019,ranging,0.31870586961728414,0.3616894714792049,0.319604658903511,3
1789603200000,2418.26,2418.9,0.009636611682996454,2.0,0.0054519806378119165,ranging,0.32061773774249663,0.3643784565191608,0.3150038057383425,3
1789606800000,2418.91,2427.57,0.003966929892855742,1.0,0.00560482138642,ranging,0.3283821056247783,0.3592877073655569,0.3123301870096649,3
1789610400000,2427.58,2429.07,0.005146002379511572,1.0,0.005498731474815195,ranging,0.3238082668662625,0.36462202251247255,0.31156971062126493,3
1789614000000,2429.08,2436.06,0.0034112460284230206,1.0,0.005267417986006718,ranging,0.34178725717555847,0.34627640031760826,0.3119363425068333,3
1789617600000,2436.07,2442.21,0.0014085602794191576,1.0,0.005220877266518255,ranging,0.340776333791293,0.34812454907760254,0.31109911713110455,3
1789621200000,2442.21,2437.2,0.0007180370917445611,1.0,0.005040802756612562,ranging,0.33519398776723053,0.3530659478511353,0.3117400643816342,3
1789624800000,2437.21,2441.57,-0.0024205736472844297,1.0,0.004863872081705321,ranging,0.3422598185156648,0.3491307441160121,0.3086094373683231,3
1789628400000,2441.57,2444.37,-0.0007200219279404063,1.0,0.004740260098011827,ranging,0.3514142599931333,0.3351281904731574,0.3134575495337094,3
1789632000000,2444.37,2445.65,0.0059002719113527835,2.0,0.004561987449585505,ranging,0.3439360745379909,0.3463195572322456,0.3097443682297634,3
1789635600000,2445.66,2438.95,0.009659894626786292,2.0,0.0044459799702748085,ranging,0.3333335089740033,0.34437759534365764,0.32228889568233904,3
1789639200000,2438.95,2435.66,0.010576188794823693,2.0,0.004287772895540276,ranging,0.33040040950902255,0.34343924348127397,0.32616034700970364,3
1789642800000,2435.66,2442.61,0.011323952657198655,2.0,0.00423651749854726,ranging,0.32629118793357564,0.34352158489693463,0.3301872271694898,3
1789646400000,2442.6,2460.08,0.004296608240382582,1.0,0.004614486407313252,ranging,0.34218177161796576,0.3397424614732481,0.3180757669087863,3
1789650000000,2460.08,2462.51,0.00013807050529734965,1.0,0.004840011508923279,trending,0.3432350044765899,0.345954856492629,0.31081013903078103,3
1789653600000,2462.51,2461.42,-0.003806745699636793,1.0,0.005070519619653416,trending,0.3453943384939818,0.34250799320918435,0.31209766829683383,3
1789657200000,2461.41,2470.27,-0.008630635517575036,0.0,0.005203272147483447,trending,0.3597894061050414,0.33490141542501,0.30530917846994865,3
1789660800000,2470.27,2470.65,-0.006884827879303113,0.0,0.005153164787199756,trending,0.3604052216552034,0.3359111883589639,0.3036835899858326,3
1789664400000,2470.64,2462.85,-0.006179832308098265,0.0,0.005095886750235235,trending,0.35965239326449444,0.3406766904722008,0.2996709162633049,3
1789668000000,2462.85,2452.05,-0.0025244183438347667,1.0,0.004992535717245889,trending,0.34224946344030727,0.34061106933141155,0.3171394672282811,3
1789671600000,2452.05,2448.95,-0.0006819249065924682,1.0,0.004823271596606888,trending,0.3525853230852928,0.33116371890476354,0.31625095800994374,3
1789675200000,2448.96,2453.64,-0.002160056079946404,1.0,0.004670011047570009,low_liquidity,0.3516432781933745,0.340502349224766,0.3078543725818596,3
1789678800000,2453.63,2447.63,0.004081499246209486,1.0,0.004493642444436796,low_liquidity,0.3466197988222657,0.3395876770033989,0.31379252417433545,3
1789682400000,2447.63,2445.86,0.006954609012780777,2.0,0.0044096106053143755,trending,0.3515440236603048,0.3311600426803039,0.3172959336593913,3
1789686000000,2445.86,2447.28,0.013141119937236434,2.0,0.004202764250704129,trending,0.33117779994328034,0.3417503182309605,0.3270718818257591,3
1789689600000,2447.28,2448.34,0.013976816945358905,2.0,0.004104980506938864,trending,0.3361311138057024,0.3373507348073111,0.32651815138698653,3
1789693200000,2448.34,2457.62,0.009358647797462538,2.0,0.0040490115194684005,trending,0.33801950041949064,0.3383555283873271,0.3236249711931823,3
1789696800000,2457.62,2462.87,0.010012708750360533,2.0,0.004001838504792812,trending,0.3418866101243595,0.33799050228671046,0.32012288758893004,3
1789700400000,2462.87,2479.44,0.00425902623172969,2.0,0.0041066906806689054,trending,0.3625029198104255,0.32448333696835524,0.3130137432212194,3
1789704000000,2479.44,2482.56,0.009200180458881269,2.0,0.004034884808901478,trending,0.36873258741388376,0.31926968999022526,0.3119977225958909,3
1789707600000,2482.55,2480.62,0.011206875700429775,2.0,0.0040229276553391605,trending,0.36831181033467686,0.31757256414225976,0.3141156255230634,3
1789711200000,2480.62,2487.53,0.010556656603136316,2.0,0.00387560616368838,trending,0.3740527165950033,0.31210284504351576,0.3138444383614809,3
1789714800000,2487.53,2490.0,0.007277108433734858,2.0,0.003816721910633298,trending,0.3739986793652032,0.31085086756394015,0.31515045307085665,3
1789718400000,2489.99,2505.4,-0.0012612756446077622,1.0,0.0038912887661850387,trending,0.3782440605856143,0.31033225905089257,0.3114236803634932,3
1789722000000,2505.4,2508.42,0.01842195485604492,2.0,0.003950524729066791,trending,0.3785925571745005,0.3082236719266053,0.31318377089889415,3
1789725600000,2508.41,2513.79,0.02736107630311202,2.0,0.003887086775958509,trending,0.37542136623306777,0.315476056205745,0.30910257756118725,3
1789729200000,2513.79,2508.12,0.030277658166276034,2.0,0.003934055281730015,trending,0.3721139330394704,0.31541826871351225,0.3124677982470173,3
1789732800000,2508.12,2502.24,0.03796997889890674,2.0,0.0038469552861140634,trending,0.3679135718415072,0.3155082282649242,0.3165781998935686,3
1789736400000,2502.23,2554.63,0.020672269565455537,2.0,0.004901913951660843,trending,0.36309044682091335,0.3254560373886979,0.3114535157903887,3
1789740000000,2554.63,2582.57,0.011840918155171076,2.0,0.005030412498798474,trending,0.3571479684095802,0.33229507015730403,0.3105569614331158,3
1789743600000,2582.57,2584.06,0.020374913895188307,2.0,0.0052002911611761975,trending,0.3620968864170877,0.33844017966787815,0.2994629339150342,3
1789747200000,2584.07,2597.25,0.013360284916738685,2.0,0.005317003889095243,trending,0.3760229451278359,0.31955249015579457,0.3044245647163697,3
1789750800000,2597.26,2607.44,0.007378885036664284,2.0,0.005324561599619985,trending,0.3722427819432701,0.32110658601607556,0.30665063204065424,3
1789754400000,2607.44,2613.15,0.0026328377628532795,1.0,0.005341478228658648,trending,0.3742130460148904,0.32078420013825254,0.30500275384685693,3
1789758000000,2613.16,2636.71,-0.00931843092338569,0.0,0.0054689120107973156,trending,0.38947503119486254,0.3119875112440002,0.2985374575611373,3
1789761600000,2636.71,2631.95,-0.001964323030452575,1.0,0.0053375730336785105,trending,0.38155421679256296,0.3209611642595267,0.2974846189479104,3
1789765200000,2631.95,2626.68,-0.005288044223125676,0.0,0.0052172032891567655,trending,0.38597112288783636,0.31571142815316827,0.2983174489589953,3
1789768800000,2626.69,2620.03,0.0012518940622816555,1.0,0.005136064580566686,trending,0.37889405963328404,0.31552794405925033,0.3055779963074657,3
1789772400000,2620.04,2612.14,0.003077936098371481,1.0,0.005015766018865972,trending,0.35380013685351386,0.3337773489311618,0.3124225142153244,3
1789776000000,2612.14,2626.78,-0.002710542946116723,1.0,0.004959806292733395,trending,0.3595377191222208,0.3321359063852888,0.30832637449249034,3
1789779600000,2626.79,2612.79,0.006177304720241583,2.0,0.00502484644649537,trending,0.34037170967878877,0.33663037127508255,0.3229979190461287,3
1789783200000,2612.79,2623.31,0.001517167242910622,1.0,0.004839014481437633,trending,0.3573403783225549,0.3313892607686534,0.31127036090879184,3
1789786800000,2623.31,2620.18,0.002583791953224557,1.0,0.0047095743703241275,low_liquidity,0.3390362213474604,0.34094814072387414,0.32001563792866544,3
1789790400000,2620.17,2619.66,0.009760808654558195,2.0,0.004627130550673049,trending,0.3489611818864357,0.32448878612017534,0.32655003199338895,3
1789794000000,2619.67,2628.93,0.004545575576375249,2.0,0.004504320732304727,trending,0.36396405902374557,0.31915697689977696,0.31687896407647753,3
1789797600000,2628.93,2627.29,0.004205854701993417,1.0,0.004349622363078964,low_liquidity,0.33418487266299235,0.3358959201199836,0.3299192072170241,3
1789801200000,2627.3,2626.95,0.004842117284303171,2.0,0.004244040519500303,trending,0.3483540742329554,0.32886769477060435,0.3227782309964403,3
1789804800000,2626.96,2645.23,-0.0012550893495084647,1.0,0.004543905962136623,trending,0.3578547418714782,0.3139093960979587,0.3282358620305632,3
1789808400000,2645.23,2640.88,-0.0009125745963467491,1.0,0.004675492173250001,trending,0.3471083694494859,0.32030826660551626,0.3325833639449978,3
1789812000000,2640.88,2638.34,0.0002577378199928315,1.0,0.004478908789412008,trending,0.35157815676284465,0.32013664720655155,0.3282851960306038,3
1789815600000,2638.34,2639.67,0.0005644644974560631,1.0,0.004263235685871576,trending,0.3562379950284544,0.31899856689004347,0.324763438081502,3
1789819200000,2639.67,2641.91,0.0030621784996460732,1.0,0.004068754355155929,trending,0.3554419916364297,0.3144236436785998,0.3301343646849705,3
1789822800000,2641.91,2638.47,0.0026303122643047683,1.0,0.0040159821151649604,trending,0.35180373202288784,0.30900059021301945,0.33919567776409276,3
1789826400000,2638.47,2639.02,-4.547142499866652e-05,1.0,0.00387775517070165,trending,0.344456582133553,0.30847798834714757,0.3470654295192995,3
1789830000000,2639.01,2641.16,-0.0023777431128745308,1.0,0.0038347640229943834,trending,0.35443008705682727,0.30591880055943604,0.3396511123837367,3
1789833600000,2641.17,2650.0,-0.005298113207547139,0.0,0.0038022352967825848,trending,0.36140108660374964,0.31267825915360525,0.3259206542426451,3
1789837200000,2650.01,2645.41,-0.006588770738751193,0.0,0.003954099633871503,trending,0.3660489242648596,0.3090152723384699,0.32493580339667055,3
1789840800000,2645.42,2638.9,-0.0030580923869795162,1.0,0.0038821043200283727,trending,0.35923676388936093,0.30964983537795304,0.3311134007326859,3
1789844400000,2638.89,2634.88,-0.0008311573961622409,1.0,0.0037495420277095116,trending,0.3554726421637125,0.30790576228365796,0.3366215955526295,3
1789848000000,2634.88,2635.96,-0.0032587747917267595,1.0,0.0036142623255074856,trending,0.3522177100412147,0.30692612776802647,0.3408561621907588,3
1789851600000,2635.97,2627.98,-0.003112656869534769,1.0,0.0037156094347880805,trending,0.3423770695660928,0.30498788970664137,0.35263504072726576,3
1789855200000,2627.97,2630.83,-0.021514122919382817,0.0,0.0036481456604853927,trending,0.35335849458504226,0.30518022535059686,0.34146128006436094,3
1789858800000,2630.84,2632.69,-0.016963637952056576,0.0,0.003521587198527308,trending,0.36703048675247946,0.3085450871988232,0.3244244260486974,3
1789862400000,2632.7,2627.37,-0.018109364116968618,0.0,0.003390686075047917,trending,0.3635010903171441,0.3067886483778582,0.3297102613049976,3
1789866000000,2627.36,2619.8,-0.015837086800519207,0.0,0.003392015457804367,trending,0.35858693978153244,0.30458986608859306,0.3368231941298745,3
1789869600000,2619.8,2574.23,6.603916510949936e-05,1.0,0.004162776754120274,trending,0.3573277903972123,0.3157522935394554,0.32691991606333237,3
1789873200000,2574.24,2588.03,-0.004354663585816265,0.0,0.004290612728845257,trending,0.34501657086955556,0.32468031771882727,0.3303031114116172,3
1789876800000,2588.03,2579.79,-0.0017830908717375582,1.0,0.004209175608098616,trending,0.334291057890889,0.3422331061913753,0.3234758359177357,3
1789880400000,2579.79,2578.31,0.0005662623966862235,1.0,0.004111725976822513,trending,0.3470686967324656,0.3385643134953837,0.3143669897721507,3
1789884000000,2578.31,2574.4,-0.0012391236793038996,1.0,0.004090355440460923,trending,0.33904901707283086,0.34409340680699235,0.3168575761201768,3
1789887600000,2574.4,2576.76,0.0009003554851827467,1.0,0.00391246436823746,trending,0.3477101165365132,0.3288519650541693,0.32343791840931757,3
1789891200000,2576.76,2575.19,0.001992086020837336,1.0,0.003869874286987262,trending,0.35309242282381387,0.3249117307257536,0.32199584645043255,3
1789894800000,2575.19,2579.77,0.00039150777007268545,1.0,0.0037929073507213923,trending,0.35901531898331385,0.3262748199102653,0.3147098611064208,3
1789898400000,2579.77,2571.21,0.005600476040463542,2.0,0.0037135593122697877,trending,0.34848756782921064,0.3272095321674024,0.3243029000033869,3
1789902000000,2571.21,2579.08,0.013194627541604165,2.0,0.003658791698449384,trending,0.3503916199081407,0.3300010604305752,0.3196073196612842,3
1789905600000,2579.09,2580.32,0.023094034848390788,2.0,0.003579348807713744,trending,0.34629977430088044,0.3352499475600332,0.3184502781390864,3
1789909200000,2580.32,2580.78,0.017680701183363068,2.0,0.0034894834978394977,trending,0.34658333536919966,0.3333160363486942,0.32010062828210617,3
1789912800000,2580.79,2585.61,0.015798979737856822,2.0,0.003485131164964244,trending,0.35197543058085534,0.32260536254559546,0.3254192068735491,3
1789916400000,2585.61,2613.11,0.007741733030756537,2.0,0.003700556859417145,trending,0.3544196557609415,0.3259691050050204,0.3196112392340381,3
1789920000000,2613.11,2639.91,-0.002049312287161209,1.0,0.0040753961783829735,trending,0.36105899987374257,0.32856681909135804,0.3103741810348993,3
1789923600000,2639.9,2626.41,0.001770477572047069,1.0,0.0043109042551993815,trending,0.35213573215543065,0.33919670565437554,0.3086675621901938,3
1789927200000,2626.4,2626.46,0.005018161327414061,2.0,0.004299394475118511,trending,0.3605704527146963,0.32944796833081125,0.3099815789544925,3
1789930800000,2626.47,2633.34,0.004507583525104941,2.0,0.0041932743471505725,trending,0.36046813738056477,0.3302063982254775,0.3093254643939578,3
1789934400000,2633.35,2634.5,0.020759157335357825,2.0,0.00410270644744818,trending,0.36414364559751783,0.32505424400513594,0.31080211039734634,3
1789938000000,2634.5,2631.06,0.006993379094357488,2.0,0.004260464868733757,trending,0.35861128182046664,0.32285096440394023,0.3185377537755931,3
1789941600000,2631.07,2639.64,0.008357200224272887,2.0,0.004318175505206829,trending,0.3676469855775672,0.31696503315871677,0.31538798126371603,3
1789945200000,2639.63,2645.21,0.007840587325769866,2.0,0.00427526343512921,trending,0.3765014197937618,0.3210751514075485,0.30242342879868966,3
1789948800000,2645.21,2689.19,-0.009344821303069017,0.0,0.004920297420574751,trending,0.37388449047616856,0.3207572225697551,0.3053582869540764,3
1789952400000,2689.18,2649.46,0.006020094660798669,2.0,0.0055640715484249715,high_volatility,0.3623746901967293,0.33737986209255383,0.30024544771071693,3
1789956000000,2649.46,2661.7,0.0004433256941054342,1.0,0.005553464892495408,trending,0.3639750266499298,0.33634139299479887,0.2996835803552712,3
1789959600000,2661.7,2665.95,-0.0016091824677881839,1.0,0.0053972598231296675,trending,0.3622938847614235,0.33769710074034265,0.30000901449823386,3
1789963200000,2665.95,2664.06,0.012094322199950547,2.0,0.005287652324731616,trending,0.36178958843774167,0.33913087361650374,0.29907953794575454,3
1789966800000,2664.05,2665.41,0.02076978776248306,2.0,0.005182105451450743,trending,0.3631617059897091,0.3378563378795906,0.29898195613070033,3
1789970400000,2665.41,2662.88,0.019933305293516668,2.0,0.005207778902851886,trending,0.3583713916245073,0.33081981911599595,0.31080878925949673,3
1789974000000,2662.89,2661.66,0.023939947250963822,2.0,0.005145874961563755,trending,0.3573537155860216,0.33159058240537326,0.3110557020086052,3
1789977600000,2661.66,2696.28,0.014416158559199976,2.0,0.0055471507874485584,trending,0.3598925201534384,0.3261805020058138,0.31392697784074775,3
1789981200000,2696.27,2720.77,0.004223069204673857,1.0,0.00601879857612166,high_volatility,0.3515032877244349,0.3412866700897253,0.3072100421858398,3
1789984800000,2720.78,2715.96,0.007625296396117864,2.0,0.005891338759076221,high_volatility,0.35037745176802415,0.34921417491147777,0.300408373320498,3
1789988400000,2715.96,2725.38,0.010967277957569133,2.0,0.00571989241367412,high_volatility,0.34062016422861524,0.3598842052458155,0.29949563052556927,3
1789992000000,2725.38,2735.15,0.007129407893534223,2.0,0.0056303374592390956,high_volatility,0.34287237437899976,0.3523755895341459,0.30475203608685425,3
1789995600000,2735.15,2732.26,0.004025971174046461,1.0,0.0056437221390061125,high_volatility,0.3339999204086884,0.3587766198166052,0.30722345977470644,3
1789999200000,2732.27,2736.67,0.007867225496680286,2.0,0.005942663144566498,high_volatility,0.34151700415337427,0.34942268717483493,0.3090603086717908,3
1790002800000,2736.66,2755.27,0.0023808918908128085,1.0,0.006058167058606395,high_volatility,0.3517136824505637,0.3404747303278083,0.30781158722162794,3
1790006400000,2755.28,2754.65,0.010818071261321727,2.0,0.006035262902737549,high_volatility,0.34270707094407105,0.3495295975172888,0.3077633315386402,3
1790010000000,2754.65,2743.26,0.009277283232358435,2.0,0.005992231360168398,high_volatility,0.3385779371254397,0.3534898768497936,0.30793218602476663,3
1790013600000,2743.26,2758.2,0.007617286636212084,2.0,0.005845303661141387,high_volatility,0.3443572645808046,0.34640399412254536,0.3092387412966499,3
1790017200000,2758.21,2761.83,0.005199451088589768,1.0,0.00575148452956612,high_volatility,0.3526499292495576,0.3383807590421746,0.3089693117082677,3
1790020800000,2761.84,2784.45,-0.010759755068325938,0.0,0.0059977500747208585,high_volatility,0.3610256734574308,0.338034336528877,0.30093999001369237,3
1790024400000,2784.44,2768.71,-0.007165792011442185,0.0,0.005924359243686831,high_volatility,0.3528402344052284,0.3415171857784342,0.3056425798163374,3
1790028000000,2768.72,2779.21,-0.014108325747244743,0.0,0.005726674251743842,trending,0.36641236916273734,0.32922919168054265,0.30435843915672006,3
1790031600000,2779.21,2776.19,-0.013161923355389904,0.0,0.005652844739256142,trending,0.3434558003085687,0.33420371395064,0.32234048574079127,3
1790035200000,2776.2,2754.49,-0.00910513379972333,0.0,0.005673018637019706,trending,0.33086117223880357,0.3347573145043057,0.33438151325689075,3
1790038800000,2754.49,2748.87,-0.005576837027578607,1.0,0.005592260257885117,trending,0.33677860371604823,0.32617225320422755,0.3370491430797243,3
1790042400000,2748.86,2740.0,-0.0033832116788321542,1.0,0.005417183365907315,trending,0.3273286973317699,0.3330731943844175,0.33959810828381254,3
1790046000000,2740.01,2739.65,-0.004858284817403691,1.0,0.00530292116286018,trending,0.3254021469591674,0.3397151716123978,0.3348826814284347,3
1790049600000,2739.64,2729.41,0.007184702921144259,2.0,0.0052089207015903645,trending,0.3290747946723503,0.3487918900750078,0.3221333152526419,3
1790053200000,2729.42,2733.54,0.006303181954535164,2.0,0.005194693727277263,trending,0.33829129343508413,0.337860295581843,0.3238484109830728,3
1790056800000,2733.55,2730.73,0.004225976204165205,1.0,0.005010976661562483,trending,0.34444318477898206,0.33932525509229683,0.31623156012872106,3
1790060400000,2730.72,2726.34,0.0059640397015778834,2.0,0.004851378873386787,trending,0.33664214878792215,0.3268427801338193,0.3365150710782586,3
1790064000000,2726.35,2749.02,0.0027609839142677117,1.0,0.004999459745387218,trending,0.35159385358504985,0.32246967815932664,0.32593646825562345,3
1790067600000,2749.01,2750.77,0.003060961112706595,1.0,0.005010986346691421,trending,0.35688954380360666,0.31997306848110685,0.3231373877152866,3
1790071200000,2750.77,2742.27,0.00016774424108501051,1.0,0.004924724039040354,trending,0.3451720331608379,0.3284300399659085,0.3263979268732536,3
1790074800000,2742.26,2742.6,0.00047764894625546006,1.0,0.004781958696049882,trending,0.34846589424921426,0.3317045425188801,0.3198295632319057,3
1790078400000,2742.59,2756.61,-0.00380177101584922,1.0,0.004735604315166177,trending,0.3535620350807019,0.3235092242166121,0.322928740702686,3
1790082000000,2756.6,2759.19,-0.0019172293317966105,1.0,0.004781237162924966,trending,0.35431250013512694,0.3257461520629401,0.31994134780193295,3
1790085600000,2759.2,2742.73,0.003511100254126376,1.0,0.005157802704875959,trending,0.33467239521659414,0.3296772829674039,0.335650321816002,3
1790089200000,2742.73,2743.91,0.0028535921367682793,1.0,0.005083621098715692,trending,0.3362832739823393,0.3303527330546908,0.33336399296296987,3
1790092800000,2743.9,2746.13,0.001966403629835467,1.0,0.005051289945088976,trending,0.33911641719460783,0.33254035339144133,0.32834322941395094,3
1790096400000,2746.13,2753.9,-0.0023929699698609364,1.0,0.004933716992000786,trending,0.34606720151210063,0.3300050908931057,0.32392770759479367,3
1790100000000,2753.91,2752.36,0.00026159368687217466,1.0,0.004803423812798647,trending,0.35307741174882706,0.325493081515775,0.3214295067353979,3
1790103600000,2752.37,2751.74,0.000686838146045865,1.0,0.004753505842799944,trending,0.33696876700336803,0.33773394192133943,0.3252972910752924,4
1790107200000,2751.75,2751.53,0.0030782873528545363,1.0,0.004586730140847921,trending,0.3340189615716604,0.34585505408187367,0.32012598434646594,4
1790110800000,2751.53,2747.31,0.0025042678110589467,1.0,0.004383114303441093,trending,0.3319646201944556,0.34837768761886967,0.31965769218667467,4
1790114400000,2747.31,2753.08,0.003312653464483395,1.0,0.004451301784620128,trending,0.3355596527066158,0.33786748707888725,0.3265728602144969,4
1790118000000,2753.08,2753.63,0.00740113958665467,2.0,0.004530182987641394,trending,0.35354219113923463,0.3257898002427979,0.32066800861796746,4
1790121600000,2753.63,2760.0,0.0071195652173914326,2.0,0.0044762376072299825,ranging,0.35479734190176776,0.3253440677664998,0.31985859033173236,4
1790125200000,2760.01,2754.19,0.0013107301965369356,1.0,0.004616690656454656,ranging,0.3552268859891605,0.3234017714590177,0.32137134255182176,4
1790128800000,2754.18,2762.2,-0.0028636594019259,1.0,0.004536864044920482,ranging,0.3564697626250055,0.3236943449666256,0.3198358924083689,4
1790132400000,2762.21,2774.01,-0.011207601991341076,0.0,0.004599644461149634,trending,0.359804325665651,0.3238848635660617,0.3163108107682874,4
1790136000000,2774.02,2779.65,-0.016066770996348567,0.0,0.004589297637980064,trending,0.3544462457110424,0.32247141791005696,0.32308233637890066,4
1790139600000,2779.65,2757.8,-0.008771484516643668,0.0,0.004678168294923143,trending,0.3526182654763216,0.33391448876134733,0.3134672457623312,4
1790143200000,2757.8,2754.29,-0.005794596792639828,0.0,0.004506862354690518,trending,0.35008903092511506,0.33430683316650683,0.3156041359083781,4
1790146800000,2754.3,2742.92,-0.0054540416782115075,0.0,0.004500721777566226,ranging,0.3433235777703739,0.3183944865096437,0.33828193571998244,4
1790150400000,2742.92,2734.99,-0.004676433917491507,0.0,0.0045668110856395255,ranging,0.3380906926972168,0.3264010461361978,0.33550826116658544,4
1790154000000,2735.0,2733.61,-0.006405449204531788,0.0,0.004437470034770145,ranging,0.34240241407352306,0.33049264538812656,0.3271049405383504,4
1790157600000,2733.61,2738.33,-0.022630581412758755,0.0,0.004313892617625763,ranging,0.34335650626598896,0.32698772675926907,0.3296557669747421,4
1790161200000,2738.33,2727.96,-0.02630170530359688,0.0,0.004377137924914616,ranging,0.3436572583818859,0.32111015524499853,0.3352325863731156,4
1790164800000,2727.95,2722.2,-0.0225075306737198,0.0,0.0043500147794706704,ranging,0.3383877320059488,0.31330624691306824,0.348306021080983,4
1790168400000,2722.19,2716.1,-0.017698170170464933,0.0,0.00430446314896821,ranging,0.3333186007136687,0.3225759321930213,0.34410546709331014,4
1790172000000,2716.11,2676.36,-0.002731321645817464,1.0,0.0052719146438196295,ranging,0.32000121573130613,0.31112723386103447,0.36887155040765934,4
1790175600000,2676.37,2656.21,0.008568599621264772,2.0,0.005420075951119673,trending,0.3099359642094521,0.33881961237637487,0.3512444234141731,4
1790179200000,2656.2,2660.93,0.00391968221636807,1.0,0.005546964494357955,trending,0.3088340153972291,0.3356644312533561,0.35550155334941475,4
1790182800000,2660.92,2668.03,0.0035194506808393644,1.0,0.005493167377525604,trending,0.3140187373394866,0.34341020546376183,0.34257105719675157,4
1790186400000,2668.02,2669.05,0.007950394335062949,2.0,0.005308714969675551,trending,0.3203393324987303,0.3431787132398408,0.3364819542614289,4
1790190000000,2669.05,2678.97,0.0021426145122940277,1.0,0.0051717086888821,trending,0.3167893642308419,0.357133448651032,0.32607718711812617,4
1790193600000,2678.97,2671.36,0.004091548873981665,1.0,0.0049922961001487775,low_liquidity,0.30265503066417715,0.37689807696810856,0.32044689236771434,4
1790197200000,2671.37,2677.42,-0.0008963853261721999,1.0,0.004800806678263159,low_liquidity,0.31585831171401957,0.3671224269693363,0.31701926131664415,4
1790200800000,2677.43,2690.27,-0.0016912800573920528,1.0,0.004796785814241144,trending,0.3288339615309238,0.3482114034618075,0.3229546350072686,4
1790204400000,2690.27,2684.71,-0.0029612136878842676,1.0,0.004613758140470102,low_liquidity,0.3257430947723769,0.37508725492469625,0.29916965030292675,4
1790208000000,2684.7,2682.29,-5.592236484497359e-05,1.0,0.004505846923575408,low_liquidity,0.3364595655438456,0.35811197109929616,0.3054284633568582,4
1790211600000,2682.29,2675.02,0.0028037173553843164,1.0,0.004473180063814801,trending,0.3379625506375845,0.34009852215870556,0.32193892720370987,4
1790215200000,2675.02,2685.72,0.00014148906066169253,1.0,0.004521852074409845,trending,0.34327011044472483,0.34228557286476224,0.314444316690513,4
1790218800000,2685.72,2676.76,0.006253829256265053,2.0,0.004523527676121563,trending,0.33155660198994075,0.34804957182472945,0.32039382618532986,4
1790222400000,2676.76,2682.14,-0.0047872221435121265,0.0,0.004415854857111889,trending,0.3369362559583854,0.3482445790159379,0.3148191650256767,4
1790226000000,2682.15,2682.52,-0.01495608606832377,0.0,0.004458207535768685,trending,0.33747941924175107,0.3418075389487281,0.3207130418095208,4
1790229600000,2682.52,2686.1,-0.01411339860764671,0.0,0.004319007414495066,low_liquidity,0.3298504348872039,0.3600918188176901,0.31005774629510596,4
1790233200000,2686.09,2693.5,-0.017011323556710645,0.0,0.004322488414144572,trending,0.3462283951127378,0.33740981731629405,0.3163617875709683,4
1790236800000,2693.5,2669.3,-0.007679916082868221,0.0,0.004697167611237813,trending,0.33888446189334737,0.32871733464443664,0.332398203462216,4
1790240400000,2669.3,2642.4,0.010486678776869596,2.0,0.005599777895657686,trending,0.33667163029050295,0.316794357913254,0.34653401179624305,4
1790244000000,2642.41,2648.19,0.003655326845883433,1.0,0.005448332916588213,trending,0.33252842614198364,0.3199756614523891,0.34749591240562727,4
1790247600000,2648.2,2647.68,0.013559040367415953,2.0,0.005208410751594294,trending,0.33343936083326087,0.32555527615539137,0.3410053630113477,4
1790251200000,2647.68,2648.8,0.014659468438538159,2.0,0.005072341780756659,trending,0.3384028847302765,0.33710532457829456,0.32449179069142886,4
1790254800000,2648.8,2670.11,-0.0001460613982197101,1.0,0.0051518756534719296,trending,0.34240697709551543,0.33808640532796674,0.31950661757651777,4
1790258400000,2670.11,2657.87,0.012133776294551701,2.0,0.005689383150368942,high_volatility,0.3373854901241385,0.3432835461233299,0.31933096375253156,4
1790262000000,2657.86,2683.58,0.00498215070912722,1.0,0.0057657875545865725,high_volatility,0.3478567905519042,0.351968058147781,0.30017515130031475,4
1790265600000,2683.59,2687.63,0.00023812801613321,1.0,0.005983720605530487,high_volatility,0.34421093286900084,0.3417422242636859,0.3140468428673133,4
1790269200000,2687.62,2669.72,0.006367708973225694,2.0,0.005968586088844653,high_volatility,0.340152170192951,0.34728316584572944,0.31256466396131954,4
1790272800000,2669.71,2690.12,-0.0017062435876464832,1.0,0.006045718021353119,high_volatility,0.34442337772960313,0.3470601207585785,0.30851650151181825,4
1790276400000,2690.13,2696.95,-0.0033000241012994813,1.0,0.005890945341081907,high_volatility,0.34587351113425135,0.33796888211168535,0.3161576067540633,4
1790280000000,2696.94,2688.27,0.000933685976483023,1.0,0.0057360470671579305,high_volatility,0.3469309027232159,0.3488881300293516,0.3041809672474325,4
1790283600000,2688.28,2686.72,0.0010644949976179596,1.0,0.005450154895187456,ranging,0.34020307792963755,0.34684966898807945,0.31294725308228305,4
1790287200000,2686.72,2685.53,-0.0032544786317785235,1.0,0.005258592799186075,ranging,0.3448951531449613,0.3356534172890862,0.31945142956595257,4
1790290800000,2685.53,2688.05,-0.003333271330518417,1.0,0.005008500940936373,ranging,0.32515879095328193,0.35929033658351694,0.3155508724632011,4
1790294400000,2688.06,2690.78,-0.0038947814388392565,1.0,0.004801005985669908,ranging,0.32684039132413983,0.34895809550321305,0.3242015131726472,4
1790298000000,2690.78,2689.58,-0.003584202737973885,1.0,0.004714699520784749,ranging,0.3272283688752774,0.3511705431090375,0.3216010880156851,4
1790301600000,2689.58,2676.79,-0.000848030663593291,1.0,0.0048085660165042895,ranging,0.32000128899170366,0.33857146724873605,0.3414272437595603,4
1790305200000,2676.8,2679.09,-0.0026314905434308145,1.0,0.004599636938425808,ranging,0.31314708270887515,0.34340978064829963,0.3434431366428253,4
1790308800000,2679.1,2680.3,0.003958512106853496,1.0,0.004494777696253982,ranging,0.31617255522098053,0.3388528114714099,0.3449746333076096,4
1790312400000,2680.29,2679.94,0.009246475667365583,2.0,0.0043244460848937995,ranging,0.3217457731594805,0.3428006743141418,0.33545355252637765,4
1790316000000,2679.94,2674.52,0.014754049324738672,2.0,0.0042384195115853516,ranging,0.31865653981325287,0.3323222952328468,0.3490211649539004,4
1790319600000,2674.52,2672.04,0.017024445741830263,2.0,0.004155374886860881,ranging,0.3184785014152695,0.3265146501887694,0.3550068483959611,4
1790323200000,2672.05,2690.91,0.009963172309739088,2.0,0.004228714525806744,ranging,0.3126195525095423,0.3307921130390778,0.3565883344513799,4
1790326800000,2690.9,2704.72,-0.003482800437753175,1.0,0.004338557692275046,ranging,0.31436611751896826,0.3369948570502134,0.34863902543081826,4
1790330400000,2704.73,2713.98,-0.006691279965217123,0.0,0.004431488307073853,ranging,0.31978389375456145,0.3438912045543853,0.3363249016910532,4
1790334000000,2713.97,2717.53,-0.01127126471464901,0.0,0.0045811195740044375,ranging,0.3458360540439419,0.3212264903444275,0.3329374556116306,4
1790337600000,2717.53,2717.72,-0.01251416628644586,0.0,0.004843694829996039,ranging,0.33866798645302126,0.3186415908815934,0.34269042266538524,4
1790341200000,2717.71,2695.3,-0.003483842243906188,1.0,0.005208841901349406,ranging,0.3361037018208936,0.3302534722749219,0.33364282590418454,4
1790344800000,2695.31,2695.82,-0.0009088143867173049,1.0,0.005253479473968475,ranging,0.3284557863551862,0.326133313764702,0.3454108998801118,4
1790348400000,2695.83,2686.9,0.0023968141724663994,1.0,0.005375489955542976,ranging,0.3225995662470411,0.3271499576745619,0.35025047607839693,4
1790352000000,2686.91,2683.71,0.0003837970570590432,1.0,0.005258079606752528,ranging,0.31461220409482105,0.32462437582025705,0.36076342008492196,4
1790355600000,2683.72,2685.91,-0.0016493478932652073,1.0,0.005124708749380808,ranging,0.3165855882279322,0.3255500320333086,0.35786437973875906,4
1790359200000,2685.91,2693.37,-0.00045667695118012386,1.0,0.00496172305119721,ranging,0.3199154299141502,0.3298877007130773,0.35019686937277245,4
1790362800000,2693.38,2693.34,-0.0006423251427595256,1.0,0.004702998300231563,ranging,0.3133459958810739,0.3400518442985923,0.3466021598203338,4
1790366400000,2693.34,2684.74,0.0009572621557394356,1.0,0.004580918576454166,ranging,0.31920169634842743,0.3352756921101614,0.3455226115414112,4
1790370000000,2684.74,2681.48,0.004184256455390223,1.0,0.004393775063620098,ranging,0.3179024575938752,0.3367214631536346,0.3453760792524902,4
1790373600000,2681.47,2692.14,-0.0003677371904877713,1.0,0.004290152057703123,low_liquidity,0.3107063018054035,0.3548198363454479,0.3344738618491487,4
1790377200000,2692.14,2691.61,-0.0013486352034656202,1.0,0.004045161750989285,low_liquidity,0.29910700629216963,0.38961201638231235,0.31128097732551807,4
1790380800000,2691.62,2687.31,0.0008298261086365777,1.0,0.003979124415640905,ranging,0.32836222810125204,0.33915822205734036,0.33247954984140765,4
1790384400000,2687.31,2692.7,-0.002313662866268107,1.0,0.0038361610182596224,ranging,0.32497474582191227,0.33969355668761186,0.33533169749047587,4
1790388000000,2692.7,2691.15,-0.002028872415138494,1.0,0.003672651894975326,low_liquidity,0.30769663650169704,0.36958274851461836,0.3227206149836847,4
1790391600000,2691.15,2687.98,0.0011830445167002601,1.0,0.0035009173886582172,low_liquidity,0.30275104292065197,0.3735672445350797,0.3236817125442682,4
1790395200000,2687.98,2689.54,0.0005465618655979831,1.0,0.0033527014973020303,ranging,0.31586749999338615,0.3333188242379805,0.35081367576863337,4
1790398800000,2689.54,2686.47,-0.0014405520999676291,1.0,0.0031994168185042167,ranging,0.3146891633085883,0.3384969050799258,0.3468139316114859,4
1790402400000,2686.47,2685.69,0.0006180906955008947,1.0,0.003034622783963773,ranging,0.30509686732313707,0.3565395233074163,0.3383636093694466,4
1790406000000,2685.69,2691.16,-0.0006205502459906143,1.0,0.0029059356464612145,ranging,0.31819585562752484,0.34027677962500846,0.3415273647474667,4
1790409600000,2691.15,2691.01,-0.0007840922181634458,1.0,0.00286446860011396,ranging,0.31130188012225235,0.33756040975507,0.3511377101226777,4
1790413200000,2691.0,2682.6,0.0015395511816893581,1.0,0.002855281055125217,ranging,0.31672858462013936,0.32088782436859,0.36238359101127054,4
1790416800000,2682.6,2687.35,0.0004911902059649975,1.0,0.002769762577053495,ranging,0.30905142585290085,0.3352515321659319,0.3556970419811672,4
1790420400000,2687.35,2689.49,0.0012939256141499822,1.0,0.002654809727568668,ranging,0.3077881336518637,0.34229269245085847,0.34991917389727784,4
1790424000000,2689.48,2688.9,0.0009966900963218617,1.0,0.0025562522854428713,ranging,0.30801689259167814,0.3401540164710767,0.35182909093724524,4
1790427600000,2688.9,2686.73,0.0014292467051024715,1.0,0.0025342965509920256,ranging,0.3083945810494929,0.3371024558115289,0.3545029631389781,4
1790431200000,2686.72,2688.67,-0.0013612678387454613,1.0,0.0025,ranging,0.30666625263469055,0.35349847630262204,0.3398352710626874,4
1790434800000,2688.66,2692.97,-0.0030932390631904783,0.0,0.0025,ranging,0.30104373370918386,0.3350252319159972,0.363931034374819,4
1790438400000,2692.97,2691.58,-0.005465191448888795,0.0,0.0025,ranging,0.30001905748805946,0.341465962601056,0.3585149799108845,4
1790442000000,2691.59,2690.57,-0.0015833076262651291,1.0,0.0025,ranging,0.2992284548095016,0.33674514727702287,0.36402639791347546,4
1790445600000,2690.56,2685.01,0.0014301622712762363,1.0,0.0025,low_liquidity,0.29527486047852974,0.3350264849243468,0.36969865459712337,4
1790449200000,2685.0,2684.64,0.004354401335002089,2.0,0.0025,low_liquidity,0.2928001870973792,0.3506358550291775,0.35656395787344336,4
1790452800000,2684.63,2676.87,0.006212479500312007,2.0,0.0025,ranging,0.3117263663503349,0.30602237086958795,0.38225126278007715,4
1790456400000,2676.87,2686.31,0.005673209718908279,2.0,0.0025,ranging,0.3108977939617179,0.3275428531822462,0.36155935285603585,4
1790460000000,2686.32,2688.85,0.003354593971400366,2.0,0.0025,ranging,0.3076798875422426,0.33704169508182785,0.3552784173759296,4
1790463600000,2688.85,2696.33,0.00013351481458134806,1.0,0.0025,ranging,0.3103195990606898,0.3264782326309008,0.3632021683084094,4
1790467200000,2696.33,2693.5,-0.0005494709485799332,1.0,0.0025,ranging,0.3163414307349042,0.3259969039621889,0.35766166530290683,4
1790470800000,2693.49,2701.55,0.0012881493957173085,1.0,0.0025,ranging,0.3118387399541939,0.31744059841201533,0.3707206616337907,4
1790474400000,2701.56,2697.87,0.003476816896292201,2.0,0.0025,ranging,0.32200268282652367,0.321034537643888,0.3569627795295883,4
1790478000000,2697.87,2696.69,0.008002402945833653,2.0,0.0025,ranging,0.3204625813970977,0.3217953456975543,0.35774207290534804,4
1790481600000,2696.69,2692.02,0.008384038751569456,2.0,0.0025,ranging,0.3262225151958175,0.3267347047015603,0.3470427801026222,4
1790485200000,2692.01,2705.03,0.0041108601383348375,2.0,0.0025,ranging,0.3233236037036984,0.3251941091818012,0.35148228711450047,4
1790488800000,2705.03,2707.25,0.0011192169175362476,1.0,0.0025,ranging,0.32491856805734,0.3250595605165048,0.3500218714261552,4
1790492400000,2707.26,2718.27,-0.0031159524256235693,0.0,0.0025,ranging,0.320073660479169,0.32129682555646805,0.3586295139643628,4
1790496000000,2718.27,2714.59,-0.0026633856309792314,0.0,0.0025,ranging,0.32291308339140473,0.3222532826333231,0.3548336339752722,4
1790499600000,2714.59,2716.15,-0.002385729801373304,1.0,0.0025,ranging,0.3313236721679597,0.31284709403605643,0.35582923379598386,4
1790503200000,2716.14,2710.28,-0.00812462181029261,0.0,0.0025,ranging,0.3318198807734319,0.3246507898374641,0.3435293293891041,4
1790506800000,2710.27,2709.8,-0.007395379732821561,0.0,0.0025,ranging,0.33071588372776517,0.32374731789105315,0.3455367983811817,4
1790510400000,2709.81,2707.36,-0.007704922876898612,0.0,0.0025,ranging,0.3388927851422219,0.33179240889488504,0.3293148059628931,4
1790514000000,2707.35,2709.67,-0.006757280406839206,0.0,0.0025,ranging,0.33734442594836245,0.31336405078366747,0.34929152326797,4
1790517600000,2709.68,2688.26,0.003719878285582512,2.0,0.002658366568831929,ranging,0.33881130664687303,0.309126598300488,0.352062095052639,4
1790521200000,2688.25,2689.76,0.0006208732377608328,1.0,0.002657829977933917,ranging,0.3353736685844528,0.3169105535284315,0.3477157778871158,4
1790524800000,2689.76,2686.5,-0.00013772566536385256,1.0,0.0026553939512062408,ranging,0.3364667954962245,0.3246152218130577,0.3389179826907177,4
1790528400000,2686.5,2691.36,-0.002571190773438037,0.0,0.0025598397955176773,ranging,0.33176735495105114,0.3346481976961232,0.3335844473528256,4
1790532000000,2691.35,2698.26,-0.008357237627211633,0.0,0.002526412672739308,ranging,0.33162176395064574,0.32385497062009827,0.344523265429256,4
1790535600000,2698.27,2691.43,-0.0010329081566303744,1.0,0.0025,ranging,0.3311502285358436,0.3218364078562631,0.34701336360789337,4
1790539200000,2691.43,2686.13,-0.004698208947444771,0.0,0.0025,ranging,0.33335810597827675,0.31505054034983687,0.35159135367188643,4
1790542800000,2686.13,2684.44,-0.010080314702507809,0.0,0.002593416149618783,ranging,0.33126275693635004,0.31245967247100753,0.3562775705926425,4
1790546400000,2684.44,2675.71,-0.00848372955215615,0.0,0.002683194650949102,ranging,0.3329859289974148,0.3061307601108312,0.36088331089175407,4
1790550000000,2675.7,2688.65,-0.013601621631673999,0.0,0.0027572217568929526,ranging,0.3419470385859184,0.31766549284377554,0.3403874685703061,4
1790553600000,2688.65,2673.51,-0.005565716978803148,0.0,0.0030798905771469293,ranging,0.3343211252701938,0.31400651619197745,0.35167235853782874,4
1790557200000,2673.57,2657.38,-0.002163785382594874,1.0,0.0033557633388580687,ranging,0.33778658866425454,0.3132958932506902,0.3489175180850554,4
1790560800000,2657.38,2653.01,-0.0012815632055664938,1.0,0.003349618491513694,ranging,0.3405724808446811,0.31712738283364383,0.3423001363216751,4
1790564400000,2653.02,2652.08,-0.002929775874030982,1.0,0.003370331093336435,ranging,0.34693676950881397,0.3152374499097959,0.33782578058139007,4
1790568000000,2652.08,2658.63,-0.0027269684010186035,1.0,0.003337246194957663,ranging,0.3504728245812309,0.31689459181573093,0.33263258360303816,4
1790571600000,2658.62,2651.63,-0.00380143534354338,0.0,0.0035164499105106712,ranging,0.34067104065137505,0.3158885288481285,0.3434404305004964,4
1790575200000,2651.64,2649.61,0.002638124101282724,1.0,0.0034371153541921866,ranging,0.34741355821496644,0.31957761545369506,0.33300882633133844,4
1790578800000,2649.61,2644.31,0.009337029319557821,2.0,0.0034284719637117118,ranging,0.3350039836021013,0.32116304540716045,0.3438329709907382,4
1790582400000,2644.31,2651.38,0.014909217086950921,2.0,0.0033832854448495493,ranging,0.33496151450180367,0.3098569971414959,0.3551814883567004,4
1790586000000,2651.38,2641.55,0.018587571690863225,2.0,0.0034325322988382795,ranging,0.33178699672886447,0.31551608171317785,0.3526969215579576,4
1790589600000,2641.56,2656.6,0.003963713016637893,2.0,0.0034619350733470083,ranging,0.3325344663609725,0.3184162847885596,0.3490492488504678,4
1790593200000,2656.6,2669.0,0.003353315848632299,1.0,0.0034073408260476843,ranging,0.3588853507749296,0.3111035952574654,0.33001105396760505,4
1790596800000,2668.99,2690.91,-0.0013229725260227587,1.0,0.0035959291689793833,ranging,0.3513158130388592,0.318871366007074,0.3298128209540668,4
1790600400000,2690.91,2690.65,0.001880586475387025,1.0,0.003628655393446564,ranging,0.35898635987116045,0.31512210195572954,0.3258915381731101,4
1790604000000,2690.65,2667.13,0.012200380183942983,2.0,0.004025374017520736,ranging,0.3460928366562993,0.32396080769886926,0.3299463556448314,4
1790607600000,2667.13,2677.95,-0.0016617188521069748,1.0,0.004150044022041139,ranging,0.3476824556924347,0.32615259352525794,0.3261649507823073,4
1790611200000,2677.94,2687.35,-0.0016559063761697468,1.0,0.004284436740780906,ranging,0.35806850614669516,0.3134782138371715,0.3284532800161333,4
1790614800000,2687.35,2695.71,-0.007919991393733006,0.0,0.00459404953954321,ranging,0.3592089200069818,0.3178696402652463,0.32292143972777193,4
1790618400000,2695.71,2699.67,-0.0044635085028911226,0.0,0.00445395518434122,ranging,0.35949337229346895,0.32267932512831565,0.31782730257821534,4
1790622000000,2699.68,2673.5,0.005689171498036272,2.0,0.004742331334062785,ranging,0.34894105254137814,0.3209310985637704,0.3301278488948514,4
1790625600000,2673.49,2682.9,-0.0021133847702113906,1.0,0.004634806064892977,ranging,0.3484973019954963,0.32949550522551774,0.3220071927789858,4
1790629200000,2682.9,2674.36,-0.0032718108257676626,1.0,0.004568766665923748,ranging,0.34488148187465945,0.32609464376409825,0.3290238743612423,4
1790632800000,2674.37,2687.62,-0.011158571524248151,0.0,0.004538663753188901,ranging,0.34470974339525223,0.33160511714339735,0.3236851394613504,4
1790636400000,2687.62,2688.71,-0.008743970156692371,0.0,0.004353193411192202,ranging,0.3470008833592015,0.33753586621367954,0.3154632504271191,4
1790640000000,2688.71,2677.23,-0.0034214467938876725,1.0,0.004350129759273728,ranging,0.3456146009641818,0.3305019627505184,0.32388343628529986,4
1790643600000,2677.22,2665.61,0.004100374773504001,1.0,0.004452207204260005,ranging,0.33308734888152663,0.32228149079443585,0.34463116032403746,4
1790647200000,2665.61,2657.63,0.018475107520610434,2.0,0.004398979127878108,ranging,0.33555452442316813,0.32368650623417417,0.3407589693426576,4
1790650800000,2657.63,2665.2,0.017694732102656596,2.0,0.004297001717777683,ranging,0.329148252836614,0.3457525951768264,0.3250991519865596,4
1790654400000,2665.21,2668.07,0.015280708527137588,2.0,0.004168095737391608,ranging,0.337405724893736,0.3388853284087583,0.32370894669750566,4
1790658000000,2668.06,2676.54,0.015351909554873089,2.0,0.004208312264629802,ranging,0.34725411674198514,0.32917986433198176,0.32356601892603315,4
1790661600000,2676.54,2706.73,0.0029814573304320913,1.0,0.004382365157906383,ranging,0.3429656455820731,0.3214614512889761,0.33557290312895083,4
1790665200000,2706.74,2712.36,0.007414207553569474,2.0,0.004369953792748204,ranging,0.3619428811641374,0.31357078119232296,0.3244863376435396,4
1790668800000,2712.35,2708.84,0.010332836195567019,2.0,0.0045166814234896754,ranging,0.36468926426837117,0.3140808228979164,0.3212299128337125,4
1790672400000,2708.83,2717.63,0.003385302635016574,1.0,0.004483596132178061,ranging,0.3687493465537696,0.31134364825510846,0.31990700519112186,4
1790676000000,2717.63,2714.8,-0.0014034182996907063,1.0,0.004337226094976312,ranging,0.36692318985616607,0.32577976043302254,0.30729704971081145,4
1790679600000,2714.8,2732.47,-0.021336007348662478,0.0,0.004374041441164487,ranging,0.3717655306893436,0.3146062798678472,0.3136281894428093,4
1790683200000,2732.47,2736.83,-0.022230098325434988,0.0,0.004352198430238199,ranging,0.3668924636432267,0.3112202349158346,0.3218873014409387,4
1790686800000,2736.83,2726.83,-0.01946215935720219,0.0,0.004358225327781825,ranging,0.3643659182561262,0.32379524524833825,0.3118388364955356,4
1790690400000,2726.83,2710.99,-0.005580987019501937,0.0,0.004458039693913063,ranging,0.36174936117759,0.3227668139283172,0.31548382489409277,4
1790694000000,2710.99,2674.17,0.005923333221149019,2.0,0.00489294978541854,ranging,0.33564601350640205,0.33368745555535356,0.3306665309382445,4
1790697600000,2674.16,2675.99,0.004958912402512894,2.0,0.004795969605367549,ranging,0.3426076802255114,0.3377398166312603,0.31965250314322824,4
1790701200000,2675.99,2673.76,0.0021243492310454304,1.0,0.004633110759900387,ranging,0.34043462163108895,0.34448595487049444,0.3150794234984166,4
1790704800000,2673.77,2695.86,-0.0052042761864489195,0.0,0.004650987093704693,ranging,0.3462933998396742,0.34581551798038207,0.3078910821799437,4
1790708400000,2695.85,2690.01,-0.004472102334192152,1.0,0.004541813462819082,ranging,0.3447893122942273,0.3367666796271042,0.3184440080786684,4
1790712000000,2690.01,2689.26,-0.006187575764336817,0.0,0.0043373006283867165,low_liquidity,0.3348452284398866,0.3583402492803771,0.3068145222797362,4
1790715600000,2689.25,2679.44,-0.002563968590451715,1.0,0.004259623496557876,ranging,0.34313328731203185,0.32802350533107183,0.32884320735689637,4
1790719200000,2679.44,2681.83,-0.0027369370914637203,1.0,0.004130342568880778,ranging,0.34696357215178164,0.334687790459887,0.3183486373883314,4
1790722800000,2681.84,2677.98,-0.0024010634881515003,1.0,0.004044236859485775,ranging,0.34868572804508047,0.3295170469208487,0.32179722503407077,4
1790726400000,2677.98,2672.62,-0.0009803114546773628,1.0,0.003952916467322975,ranging,0.3427179673446812,0.32632863444999544,0.3309533982053234,4
1790730000000,2672.62,2672.57,0.0009429126271716104,1.0,0.0038053357660458855,ranging,0.34611087276979885,0.3230989740136137,0.33079015321658745,4
1790733600000,2672.58,2674.49,-0.004643876028700644,0.0,0.0037253655491967324,ranging,0.3542976746659309,0.32545203187423416,0.32025029345983497,4
1790737200000,2674.49,2671.55,0.0012427242611965372,1.0,0.0035970260121792625,ranging,0.3484954610972398,0.3315411024313447,0.31996343647141556,4
1790740800000,2671.54,2670.0,0.0004157303370786458,1.0,0.0034481341079959263,ranging,0.3482554955186196,0.3333051879639962,0.3184393165173842,4
1790744400000,2669.99,2675.09,0.005076464717074902,2.0,0.0034134695304921226,ranging,0.3472076052500245,0.32921303032196103,0.32357936442801444,4
1790748000000,2675.09,2662.07,0.012599217901858362,2.0,0.00350665343355826,ranging,0.34368377834146946,0.3219676676498846,0.33434855400864605,4
1790751600000,2662.08,2674.87,0.008572379218429349,2.0,0.0035251496808747936,ranging,0.34079364109542404,0.33132539706199615,0.32788096184257987,4
1790755200000,2674.87,2671.11,0.02242513412027214,2.0,0.003436322156317577,ranging,0.33570159632068836,0.33495788652924013,0.32934051715007157,4
1790758800000,2671.1,2688.67,0.007933290437279306,2.0,0.003636591649256716,ranging,0.3407857711352599,0.3395062275197751,0.31970800134496513,4
1790762400000,2688.68,2695.61,-0.006458649433708996,0.0,0.003529355754220795,ranging,0.32856486859887946,0.34856472462098576,0.3228704067801347,4
1790766000000,2695.6,2697.8,-0.005219067388242404,0.0,0.00350701012042237,ranging,0.3414313391838637,0.3354955392695031,0.32307312154663326,4
1790769600000,2697.79,2731.01,-0.012881681136283074,0.0,0.003937207813158114,ranging,0.35971327553523336,0.3150354904338128,0.3252512340309538,4
1790773200000,2731.0,2710.0,-0.01006642066420671,0.0,0.004443257797247446,ranging,0.3615027107037775,0.31783676366367763,0.320660525632545,4
1790776800000,2710.0,2678.2,0.0003547158539318751,1.0,0.004903292515149502,ranging,0.34802022441565433,0.322452609801469,0.32952716578287655,4
1790780400000,2678.2,2683.72,-0.005257627472314397,0.0,0.004830181724912599,ranging,0.34367941130224394,0.32895651167518764,0.3273640770225685,4
1790784000000,2683.73,2695.83,-0.004937254945601155,0.0,0.0046879047291603195,ranging,0.3440266312496785,0.3374781077801356,0.3184952609701858,4
1790787600000,2695.83,2682.72,0.0005926820540347322,1.0,0.00471859383328859,ranging,0.3414853232432228,0.33721094916354566,0.3213037275932316,4
1790791200000,2682.71,2679.15,0.002930033779370289,1.0,0.0045617522249785875,ranging,0.3456608088464021,0.3355783031556253,0.31876088799797264,4
1790794800000,2679.16,2669.61,0.006143219421563373,2.0,0.004458785048756935,ranging,0.3430164288746079,0.3290134529846316,0.3279701181407605,4
1790798400000,2669.62,2682.52,0.0009095924727495763,1.0,0.004342127738154424,ranging,0.3438535864516314,0.34013155177678606,0.31601486177158244,4
1790802000000,2682.51,2684.31,0.0021234507191794094,1.0,0.004093629235446039,low_liquidity,0.3250890017753746,0.36876278921016886,0.30614820901445655,4
1790805600000,2684.31,2687.0,7.44324525503437e-06,1.0,0.0040229520072572154,ranging,0.3457358696743158,0.33958120989633284,0.3146829204293515,4
1790809200000,2687.0,2686.01,0.0037453322958589386,1.0,0.0038935004647228134,ranging,0.34172584414920354,0.34125411454357263,0.3170200413072238,4
1790812800000,2686.01,2684.96,0.008420982063047644,2.0,0.003769722437531701,ranging,0.3450220997312145,0.3309910986916213,0.32398680157716414,4
1790816400000,2684.95,2690.01,0.010390295946855144,2.0,0.003633449090374501,ranging,0.34042680538379444,0.33669334780718546,0.32287984680902,4
1790820000000,2690.0,2687.02,0.010491176098428756,2.0,0.0035441861520191273,ranging,0.3428327308170994,0.3285152887025109,0.3286519804803897,4
1790823600000,2687.02,2696.07,-0.006895221563238407,0.0,0.003468034370784661,ranging,0.3473057387927661,0.3308506756983453,0.3218435855088887,4
1790827200000,2696.08,2707.57,-0.007527044545478034,0.0,0.003498836451096588,ranging,0.34549040325649244,0.32530926924333575,0.3292003275001718,4
1790830800000,2707.57,2717.96,-0.009852977968770715,0.0,0.003469552792972954,ranging,0.3404229374062136,0.3312689719176404,0.3283080906761461,4
1790834400000,2717.96,2715.21,-0.00489464903267145,0.0,0.003382200224961659,ranging,0.3387556342850836,0.3296118058145317,0.3316325599003847,4
1790838000000,2715.21,2677.48,0.010860958812017207,2.0,0.003921330887535935,ranging,0.3334294710257455,0.3269004569343306,0.3396700720399239,4
1790841600000,2677.47,2687.19,0.0020690758747985427,1.0,0.003874007136554126,ranging,0.33461947193570163,0.32415045937722403,0.3412300686870744,4
1790845200000,2687.19,2691.18,0.002411581536723828,1.0,0.0037930921455750044,ranging,0.3357236741135441,0.3328509568944033,0.3314253689920526,4
1790848800000,2691.18,2701.92,-0.004352460472552888,0.0,0.003970050354781334,ranging,0.3458291722889719,0.3284755686574597,0.32569525905356844,4
1790852400000,2701.92,2706.56,-0.0088193130763774,0.0,0.0038939217496347543,ranging,0.34087569700435283,0.333830010193433,0.3252942928022141,4
1790856000000,2706.56,2692.75,-0.004634667161823369,0.0,0.004001663913922004,ranging,0.34196836684262244,0.326626394307267,0.33140523885011053,4
1790859600000,2692.75,2697.67,0.0012529330867008248,1.0,0.004011537113635502,ranging,0.3470046830257018,0.32348605838512123,0.32950925858917696,4
1790863200000,2697.66,2690.16,0.003799030540934556,1.0,0.004113760711774821,ranging,0.3380355216923959,0.32542091058767125,0.33654356771993277,4
1790866800000,2690.17,2682.69,0.006713410792898111,2.0,0.004197353315223739,ranging,0.34086182288245886,0.318175039685064,0.3409631374324772,4
1790870400000,2682.68,2680.27,0.006920944531707773,2.0,0.004191597193774946,ranging,0.3429434316286606,0.3184077684401213,0.3386487999312182,4
1790874000000,2680.26,2701.05,-0.0028137205901409557,1.0,0.004381892722599129,ranging,0.34076102854488644,0.32599924290268045,0.33323972855243317,4
1790877600000,2701.05,2700.38,0.0010554070167902996,1.0,0.004410814335096037,ranging,0.3430904999027726,0.3304088235008465,0.32650067659638093,4
1790881200000,2700.37,2700.7,0.002117969415336818,1.0,0.00430934235528054,ranging,0.33947885244173664,0.33715307351297746,0.32336807404528584,4
1790884800000,2700.7,2698.82,0.0035422888521650098,1.0,0.004172011992695756,ranging,0.3309148222621876,0.33008589693516194,0.33899928080265046,4
1790888400000,2698.82,2693.45,0.00838330022833178,2.0,0.0040363957611362295,ranging,0.3296886125217821,0.3317264700028299,0.33858491747538794,4
1790892000000,2693.44,2703.23,0.006588414600311454,2.0,0.003912086972062015,ranging,0.33154091286217025,0.3364297815713375,0.33202930556649213,4
1790895600000,2703.23,2706.42,0.004888376526924976,2.0,0.0037664548225366115,low_liquidity,0.3193273048883804,0.35801959057675964,0.32265310453485996,4
1790899200000,2706.43,2708.38,0.012693935119887145,2.0,0.0036222737416706685,ranging,0.3288292116154519,0.3400524881771871,0.331118300207361,4
1790902800000,2708.37,2716.03,0.0017010121390410582,1.0,0.003709574500651375,ranging,0.32661125219550663,0.3301527343496447,0.34323601345484867,4
1790906400000,2716.03,2721.04,0.0030797048187458653,1.0,0.003659554099143136,ranging,0.32295538214496544,0.3297784294694586,0.34726618838557594,4
1790910000000,2721.05,2719.65,0.0064861287297997006,2.0,0.0036110557849387596,ranging,0.3395370677356219,0.31894591032346264,0.34151702194091543,4
1790913600000,2719.65,2742.76,0.004003266782365067,2.0,0.0038500452685723543,ranging,0.34843300317924786,0.3116788744256208,0.33988812239513133,4
1790917200000,2742.76,2720.65,0.009755021777883899,2.0,0.004079664578338255,ranging,0.3515579965688675,0.31965536615295354,0.3287866372781791,4
1790920800000,2720.65,2729.42,0.005151277560800471,2.0,0.003987278633129999,ranging,0.35092305763752185,0.3226467611390174,0.32643018122346074,4
1790924400000,2729.42,2737.29,0.0034121338988561956,1.0,0.003962220575013187,ranging,0.3562217066888864,0.3164879782046184,0.3272903151064953,4
1790928000000,2737.29,2753.74,0.0005229251853842154,1.0,0.004282402111079894,ranging,0.36373844460655624,0.3105511954837721,0.3257103599096717,4
1790931600000,2753.73,2747.19,-0.0009682621151066995,1.0,0.004157289184890396,trending,0.35186735551483145,0.32872110911540103,0.3194115353697676,4
1790935200000,2747.19,2743.48,-0.012287313922463405,0.0,0.0041328433383332665,trending,0.35214898866006883,0.32701704270336623,0.32083396863656494,4
1790938800000,2743.49,2746.63,-0.017938346264331217,0.0,0.00399411147333426,trending,0.35942699634818787,0.3272843676534514,0.31328863599836065,4
1790942400000,2746.63,2755.18,-0.023628220297766345,0.0,0.0041426513784438455,trending,0.3634084811566705,0.31571424574639134,0.3208772730969381,4
1790946000000,2755.19,2744.53,-0.0218762411050345,0.0,0.004293911185500712,trending,0.3591447118717866,0.32371573002347137,0.31713955810474204,4
1790949600000,2744.53,2709.77,-0.016529078113640683,0.0,0.004864408230146299,trending,0.33341677722823704,0.32436230629960083,0.34222091647216213,4
1790953200000,2709.77,2697.36,-0.01086988759379548,0.0,0.004862335166010096,trending,0.32584851729727293,0.34334852737302407,0.3308029553297029,4
1790956800000,2697.36,2690.08,-0.010535002676500427,0.0,0.004793938390150295,trending,0.3300223835354794,0.34812056210393805,0.32185705436058254,4
1790960400000,2690.08,2684.49,-0.007092594869044011,0.0,0.004709514156173368,trending,0.3236027038577636,0.3579912136603607,0.31840608248187585,4
1790964000000,2684.48,2664.98,0.001136969132976784,1.0,0.0050229904577781875,high_volatility,0.31778243607462653,0.3611584940609794,0.32105906986439403,4
1790967600000,2664.98,2668.04,0.0002061438359246548,1.0,0.004892253661655491,trending,0.32106867141477985,0.3613764066140262,0.31755492197119384,4
1790971200000,2668.04,2661.74,0.0056391683635517165,2.0,0.004752086711613001,trending,0.3302174857180822,0.3509502505926716,0.31883226368924616,4
1790974800000,2661.73,2665.45,0.005368699469132876,2.0,0.004552666011608717,trending,0.3372755413228587,0.354622724315423,0.3081017343617182,4
1790978400000,2665.45,2668.01,0.00342202615432452,1.0,0.004342127306985672,trending,0.3344508292368104,0.36148692975259017,0.30406224101059937,4
1790982000000,2668.0,2668.59,0.005040114817188135,2.0,0.004100477566056581,trending,0.3268827661450756,0.36983302966996934,0.303284204184955,4
1790985600000,2668.59,2676.75,-0.000276454655832592,1.0,0.004005561503530086,ranging,0.34821772714267496,0.34542219599407054,0.3063600768632545,4
1790989200000,2676.82,2679.76,-0.0007537988476581381,1.0,0.0038745614695096377,ranging,0.350689659639772,0.34535135950427076,0.3039589808559573,4
1790992800000,2679.76,2677.14,0.0011019222005574925,1.0,0.0037133879802948274,low_liquidity,0.33554651227903687,0.3665599889727386,0.29789349874822446,4
1790996400000,2677.15,2682.04,-0.00019761077388846804,1.0,0.0035364438334882743,low_liquidity,0.3291708792314103,0.36861465687885564,0.30221446388973394,4
1791000000000,2682.04,2676.01,0.00261583476892846,1.0,0.003458920707887475,low_liquidity,0.3333389487514093,0.3593836728944607,0.30727737835413,4
1791003600000,2676.02,2677.74,0.0011166132634237158,1.0,0.0032819622743081155,ranging,0.3349686346402991,0.3519373130244535,0.31309405233524745,4
1791007200000,2677.74,2680.09,0.0012574204597606276,1.0,0.0031540822878889335,ranging,0.33312733760905916,0.35189738558115813,0.31497527680978277,4
1791010800000,2680.1,2681.51,0.0011336896002624997,1.0,0.0030154629610695694,ranging,0.3309150620950008,0.34778896701211054,0.3212959708928886,4
1791014400000,2681.51,2683.01,-0.0001267233443036364,1.0,0.002893549811102077,ranging,0.3292586771567738,0.34979484784794623,0.32094647499527995,4
1791018000000,2683.01,2680.73,0.00047002122556150105,1.0,0.002794667870929207,ranging,0.3301982066055047,0.3500458803377356,0.31975591305675977,4
1791021600000,2680.72,2683.46,3.7265321636947846e-05,1.0,0.0026794498260047225,ranging,0.32184046862110344,0.35339355562278213,0.32476597575611443,4
1791025200000,2683.47,2684.55,-0.001065355459946793,1.0,0.0025624021475048517,ranging,0.3260825833790899,0.3464631624175966,0.32745425420331353,4
1791028800000,2684.54,2682.67,-0.00036903532674548156,1.0,0.0025,ranging,0.3305123180518958,0.3401307865166401,0.3293568954314642,4
1791032400000,2682.67,2681.99,0.002617459423786217,2.0,0.0025,ranging,0.3312167767936031,0.3364904029586571,0.3322928202477398,4
1791036000000,2681.99,2683.56,0.00058877014115577,1.0,0.0025,ranging,0.3239935800459347,0.3440914473930273,0.33191497256103797,4
1791039600000,2683.56,2681.69,0.0014095588975606699,1.0,0.0025,ranging,0.32063246369046694,0.34425907048802534,0.3351084658215078,4
1791043200000,2681.69,2681.68,0.0018868768831479255,1.0,0.0025,ranging,0.3213312171870646,0.3340093018324295,0.344659480980506,4
1791046800000,2681.67,2689.01,-0.0014243160122128229,1.0,0.0025,ranging,0.3201460143833766,0.32566074688231256,0.35419323873431097,4
1791050400000,2689.01,2685.14,0.0005362848864491898,1.0,0.0025,ranging,0.3103406039590847,0.33761084686763154,0.3520485491732837,4
1791054000000,2685.15,2685.47,0.0006553787605150241,1.0,0.0025,ranging,0.3084145780667307,0.3356292051630619,0.35595621677020733,4
1791057600000,2685.47,2686.74,0.002512338372897993,2.0,0.0025,ranging,0.3060411464756728,0.34216839633839213,0.3517904571859351,4
1791061200000,2686.74,2685.18,0.003578903462710281,2.0,0.0025,ranging,0.310723128977,0.3402795848286933,0.34899728619430664,4
1791064800000,2685.18,2686.58,0.0022482114807673703,1.0,0.0025,ranging,0.29997161224885954,0.34426981961622466,0.3557585681349158,4
1791068400000,2686.59,2687.23,0.0026830602516345614,2.0,0.0025,low_liquidity,0.2930434865155956,0.36148343761694385,0.34547307586746057,4
1791072000000,2687.24,2693.49,-0.00040467943077560076,1.0,0.0025,ranging,0.30653014335980217,0.3445054968921509,0.348964359748047,4
1791075600000,2693.5,2694.79,-1.8554321487118663e-05,1.0,0.0025,ranging,0.30009860648398096,0.34819278588222546,0.3517086076337935,4
1791079200000,2694.8,2692.62,0.0013258462018406192,1.0,0.0025,ranging,0.30411578532542427,0.3526848766911048,0.3431993379834709,4
1791082800000,2692.62,2694.44,0.004127017116729137,2.0,0.0025,ranging,0.30422349831741746,0.34650772763387677,0.34926877404870577,4
1791086400000,2694.45,2692.4,0.0029638983806270502,2.0,0.0025,low_liquidity,0.296154204720145,0.3562937850304728,0.34755201024938226,4
1791090000000,2692.41,2694.74,0.002516012676547774,2.0,0.0025,ranging,0.30885367204135933,0.34029470323453703,0.3508516247241037,4
1791093600000,2694.74,2696.19,0.0019620278986272055,1.0,0.0025,ranging,0.30267125830065245,0.33701269551547014,0.36031604618387747,4
1791097200000,2696.2,2705.56,-0.002058723517497363,1.0,0.0025,ranging,0.32618648652685905,0.32512799030614575,0.34868552316699525,4
1791100800000,2705.57,2700.38,-0.001907138995252522,1.0,0.0025,ranging,0.3200431959162498,0.3317621165267325,0.3481946875570177,4
1791104400000,2700.37,2701.52,-0.0009143000977226423,1.0,0.0025,ranging,0.32278000898478465,0.3326373045126978,0.3445826865025176,4
1791108000000,2701.53,2701.48,-0.001484371529680062,1.0,0.0025,ranging,0.3244421557599626,0.32592740822093547,0.3496304360191019,4
1791111600000,2701.49,2699.99,-0.00037037174211751456,1.0,0.0025,ranging,0.3167920181597833,0.3334351025103542,0.34977287932986256,4
1791115200000,2700.0,2695.23,0.002964496536473682,2.0,0.0025,ranging,0.3176786121685757,0.33377600349689623,0.3485453843345281,4
1791118800000,2695.23,2699.05,0.001144847261073334,1.0,0.0025,ranging,0.31604391468976006,0.3314069878214576,0.3525490974887823,4
1791122400000,2699.05,2697.47,0.0013197551780002037,1.0,0.0025,ranging,0.3141638172335038,0.32757163736715733,0.358264545399339,4
1791126000000,2697.46,2698.99,0.0009818487656494401,1.0,0.0025,ranging,0.31648028316174887,0.32742052758672513,0.3560991892515259,4
1791129600000,2698.98,2703.22,0.0009322215727909366,1.0,0.0025,ranging,0.30880734312941527,0.3274432329339363,0.3637494239366485,4
1791133200000,2703.22,2702.14,0.0001221254265137972,1.0,0.0025,ranging,0.3021568294599266,0.34185652023347035,0.3559866503066031,4
1791136800000,2702.14,2701.03,0.011058744256820408,2.0,0.0025,low_liquidity,0.29453003491443125,0.35137955893125655,0.3540904061543122,4
1791140400000,2701.02,2701.64,0.009364682193038432,2.0,0.0025,ranging,0.31441510655958765,0.33766415427781415,0.3479207391625983,4
1791144000000,2701.64,2705.74,0.008703718760856516,2.0,0.0025,ranging,0.31173525832851645,0.33804664044642774,0.3502181012250558,4
1791147600000,2705.73,2702.47,0.008225808242089627,2.0,0.0025,trending,0.3158740164683859,0.34388938024935883,0.3402366032822552,4
1791151200000,2702.47,2730.9,8.055952250174414e-05,1.0,0.0025,trending,0.3416500359006113,0.3155016382562551,0.3428483258431335,4
1791154800000,2730.9,2726.94,-0.0039531489508387585,0.0,0.0025,trending,0.3333153189213098,0.3204519758327452,0.34623270524594496,4
1791158400000,2726.93,2729.29,-0.009680173231866207,0.0,0.0025,trending,0.3327688668719408,0.31894476931327187,0.34828636381478734,4
1791162000000,2729.28,2724.7,-0.006686974712812321,0.0,0.0025,trending,0.33713197255886324,0.3160552141559536,0.3468128132851832,4
1791165600000,2724.7,2731.12,-0.0019113037874570749,1.0,0.0025,trending,0.34350470997180893,0.3063189987276798,0.3501762913005112,4
1791169200000,2731.12,2716.16,0.003803163289349598,2.0,0.0025,trending,0.3334765917212739,0.32310096624464735,0.3434224420340788,4
1791172800000,2716.16,2702.87,0.006826077465804881,2.0,0.002502462613915956,trending,0.3276125017164687,0.32040824326533074,0.35197925501820054,4
1791176400000,2702.87,2706.48,0.003938695279477322,2.0,0.00252203718030629,trending,0.32298294216710943,0.3263021197825018,0.3507149380503887,4
1791180000000,2706.47,2725.9,-0.00308155104736052,0.0,0.0026775419243138562,trending,0.3257965372355112,0.3308540724719971,0.3433493902924917,4
1791183600000,2725.9,2726.49,-0.0029708526347060893,0.0,0.002656142667713877,trending,0.33573298547332336,0.32965331149328175,0.3346137030333948,4
1791187200000,2726.49,2721.32,-0.003770229153499116,0.0,0.0028089126780710895,trending,0.3293882035766323,0.3349122081172726,0.33569958830609503,4
1791190800000,2721.33,2717.14,0.0021051546847052904,1.0,0.0027037713298896553,trending,0.3228641950073161,0.33478889359162656,0.34234691140105733,4
1791194400000,2717.14,2717.5,-0.0047580496780128545,0.0,0.0026440485742371647,trending,0.32438129836826185,0.33709760560717744,0.3385210960245608,4
1791198000000,2717.5,2718.39,-0.007784019217257243,0.0,0.0026557112851557465,ranging,0.3322457138792742,0.3243966329023432,0.3433576532183825,4
1791201600000,2718.39,2711.06,-0.005477562281911874,0.0,0.0026524250136717425,ranging,0.33188179735183876,0.3219278506544861,0.34619035199367504,4
1791205200000,2711.06,2722.86,-0.006327905217308305,0.0,0.002692323608483724,ranging,0.33736595447123957,0.32406902787236286,0.33856501765639757,4
1791208800000,2722.85,2704.57,0.0022147698155343676,1.0,0.003051572058398193,ranging,0.3246835677269652,0.31782655392319376,0.3574898783498411,4
1791212400000,2704.57,2697.23,0.0044564238125781586,2.0,0.0030092638200186895,ranging,0.32534563149880374,0.31877268885936844,0.35588167964182776,4
1791216000000,2697.23,2696.21,0.006071485529687948,2.0,0.003370307539962105,ranging,0.3362607235645876,0.302922207663689,0.3608170687717235,4
1791219600000,2696.21,2705.63,0.004571948122988001,2.0,0.003326654304441797,ranging,0.33481890028496414,0.32084248113108227,0.34433861858395354,4
1791223200000,2705.64,2710.56,0.0020069653503336227,1.0,0.003187297193053657,ranging,0.3300394632455656,0.32624809111993824,0.3437124456344961,4
1791226800000,2710.56,2709.25,0.0002694472640030199,1.0,0.0030604063759038713,ranging,0.3159606371502334,0.3257675325497605,0.35827183030000603,4
1791230400000,2709.25,2712.58,0.0021603049495315663,1.0,0.002977510015792248,ranging,0.32197537602017867,0.3222869676354401,0.3557376563443812,4
1791234000000,2712.58,2718.0,-0.003723325974981595,0.0,0.0028815185415297638,ranging,0.3230477900045399,0.33121166080982484,0.3457405491856352,4
1791237600000,2718.01,2716.0,-0.005103092783505181,0.0,0.0027897006139914952,ranging,0.32098026141748004,0.3310524300009852,0.3479673085815347,4
1791241200000,2715.99,2709.98,-0.003933608366113339,0.0,0.0027514897125970237,ranging,0.30795694401121715,0.3293016532026974,0.3627414027860855,4
1791244800000,2709.99,2718.44,-0.005874692838539808,0.0,0.00268053597933972,ranging,0.3096952546707563,0.32299379000027195,0.36731095532897173,4
1791248400000,2718.45,2707.88,-0.0030725142916230297,0.0,0.002764349943756511,ranging,0.30985201587088645,0.3241714076006527,0.36597657652846083,4
1791252000000,2707.88,2702.14,-0.001639441331685143,1.0,0.002725719589290922,ranging,0.3192634299828977,0.3173236151023953,0.36341295491470693,4
1791255600000,2702.14,2699.32,0.003100780937421277,2.0,0.0027049825009654656,ranging,0.32137870919980294,0.31157745160533007,0.367043839194867,4
1791259200000,2699.33,2702.47,0.005321058143106239,2.0,0.0026128735600759755,ranging,0.3205122290702383,0.3191612982481598,0.3603264726816019,4
1791262800000,2702.46,2699.56,0.0041451199454725085,2.0,0.0025388730366821934,ranging,0.31958585036814746,0.316443239462367,0.36397091016948563,4
1791266400000,2699.57,2697.71,0.006016213751663502,2.0,0.0025052973827477763,ranging,0.3209823976299597,0.30835639656889324,0.37066120580114703,4
1791270000000,2697.71,2707.69,0.0023636383781009407,1.0,0.0025475947455306535,ranging,0.3236377323307397,0.3073507471201583,0.369011520549102,4
1791273600000,2707.69,2716.85,-0.0004122421186300018,1.0,0.002502142939034874,ranging,0.32417918517980393,0.30806969792969113,0.367751116890505,4
1791277200000,2716.85,2710.75,0.0014903624458175724,1.0,0.0027197879229764964,ranging,0.32380444654649837,0.30982588228348074,0.36636967117002095,4
1791280800000,2710.74,2713.94,0.0030582842656801112,2.0,0.002658513517477254,ranging,0.32618422470218933,0.31505633903029284,0.3587594362675178,4
1791284400000,2713.93,2714.09,-0.004439793816712112,0.0,0.0026008085920692418,ranging,0.3273890280922581,0.31588035419753474,0.3567306177102072,4
1791288000000,2714.09,2715.73,-0.00741973612988045,0.0,0.0025922199211745635,ranging,0.3265023983332741,0.3179596273365832,0.3555379743301427,4
1791291600000,2715.72,2714.79,-0.005713149083354407,0.0,0.002578231578157009,ranging,0.32380602980261547,0.30929621059937007,0.3668977595980145,4
1791295200000,2714.79,2722.24,-0.011677882919948313,0.0,0.0026549995848703157,ranging,0.3220605020832347,0.30650498975770735,0.3714345081590579,4
1791298800000,2722.25,2702.04,-0.0037490192595224237,0.0,0.00285779048710619,ranging,0.3256728644233954,0.30458322230726886,0.36974391326933576,4
1791302400000,2702.04,2695.58,0.0010684157027429642,1.0,0.0028686175861740207,ranging,0.3211333627393759,0.29841993071609185,0.38044670654453216,4
1791306000000,2695.59,2699.28,-0.00045197237781935407,1.0,0.0028320156938201123,ranging,0.3133436958011468,0.3057555557550811,0.3809007484437722,4
1791309600000,2699.29,2690.45,0.0022932966604098937,1.0,0.002851335097585686,ranging,0.31209844607857545,0.31951836226365316,0.3683831916577714,4
1791313200000,2690.45,2691.91,0.0020728776222087575,1.0,0.002791110843572362,ranging,0.3190793942666928,0.32284779194583524,0.3580728137874719,4
1791316800000,2691.91,2698.46,-0.0005669900609978074,1.0,0.0027091761724933948,ranging,0.3202009951909922,0.3330450670191971,0.3467539377898106,4
1791320400000,2698.46,2698.06,-0.015003372793785164,0.0,0.0025851338143370946,ranging,0.30678788316144207,0.36090406277383025,0.33230805406472774,4
1791324000000,2698.05,2696.62,-0.03117977319755838,0.0,0.0025,ranging,0.3147455383641444,0.3494465286958646,0.33580793293999106,4
1791327600000,2696.61,2697.49,-0.03201124007873979,0.0,0.0025,ranging,0.31028462093431036,0.3453327951646756,0.34438258390101417,4
1791331200000,2697.49,2696.93,-0.03211800083798977,0.0,0.0025,ranging,0.31352724931499093,0.34940397804019013,0.3370687726448189,4
1791334800000,2696.92,2657.58,-0.013802030418651468,0.0,0.0028377013607952177,ranging,0.3147645961088945,0.3096805469098127,0.37555485698129276,4
1791338400000,2657.58,2612.54,0.002089920154332514,1.0,0.0038006920187001365,trending,0.2970012938319296,0.3142583667588456,0.38874033940922476,4
1791342000000,2612.54,2611.14,0.001983807838721985,1.0,0.0037807509102470065,trending,0.29983187017674506,0.33753860017620674,0.3626295296470482,4
1791345600000,2611.14,2610.31,-0.00012259080339127593,1.0,0.0036664750030557624,trending,0.2963824307784503,0.3459996236035057,0.35761794561804394,4
1791349200000,2610.32,2620.9,-0.009122820405204402,0.0,0.003589668563905099,trending,0.2938488690818808,0.3536774323432029,0.3524736985749162,4
1791352800000,2620.89,2618.0,-0.0145569136745608,0.0,0.0035808717234749924,trending,0.2890281944007108,0.35335274363464875,0.3576190619646404,4
1791356400000,2618.0,2616.32,-0.01428724315068497,0.0,0.0034343600454277076,trending,0.2854020032651188,0.3676751297451858,0.34692286698969543,4
1791360000000,2616.33,2609.99,-0.014195456687573382,0.0,0.0033677196180470965,trending,0.28322911625250785,0.34663245075495003,0.3701384329925422,4
1791363600000,2609.99,2596.99,-0.01060843514992349,0.0,0.003454226646914521,trending,0.27794053873733304,0.3520232795304682,0.37003618173219877,4
1791367200000,2597.0,2579.89,-0.006236700014341623,0.0,0.003776786074960475,trending,0.27782963046794545,0.3530530231910502,0.36911734634100435,4
1791370800000,2579.9,2578.94,-0.003183478483407942,1.0,0.0036987512075860388,trending,0.28113733992518725,0.35659863653651797,0.36226402353829484,4
1791374400000,2578.94,2572.94,-0.001717879157695168,1.0,0.0037432205601039795,trending,0.2805521918315027,0.3532325010950215,0.36621530707347577,4
1791378000000,2572.95,2569.44,-0.006931471449031723,0.0,0.0038932347905402676,trending,0.27852317275892063,0.35886008814530446,0.3626167390957749,4
1791381600000,2569.43,2563.8,-0.00031983774085353467,1.0,0.003839574950204359,trending,0.2805220627551844,0.3597433182245664,0.3597346190202491,4
1791385200000,2563.8,2570.73,0.00014003804366868877,1.0,0.003752928694110265,trending,0.27889861148849193,0.3478763618564388,0.3732250266550693,4
1791388800000,2570.74,2568.52,0.0023359755812686345,1.0,0.003733305087408065,trending,0.278786461222057,0.35035330176792234,0.3708602370100207,4
1791392400000,2568.51,2551.63,0.006294015981940904,2.0,0.00408332528564155,trending,0.2749890952845936,0.36296170742167877,0.3620491972937276,4
1791396000000,2551.63,2562.98,0.002660964970464086,1.0,0.004024019999092022,trending,0.2794261753400587,0.3599476732058525,0.36062615145408883,4
1791399600000,2562.98,2571.09,0.0011862673029725546,1.0,0.0039003267681507903,trending,0.28330816224553296,0.36015025246366444,0.3565415852908025,4
1791403200000,2571.1,2574.52,0.00047775896089374825,1.0,0.0037815422168632493,trending,0.2901543285791335,0.361519237276373,0.3483264341444935,4
1791406800000,2574.52,2567.69,0.004030860423181792,2.0,0.003681339171619634,trending,0.2839024033023435,0.35037228213105864,0.3657253145665978,4
1791410400000,2567.7,2569.8,0.00409370379017826,2.0,0.0035219803405625865,trending,0.28261680936092076,0.35138382558226383,0.3659993650568154,4
1791414000000,2569.8,2574.14,-0.0038070967391049537,0.0,0.0034560281999677727,trending,0.30806526730772926,0.33804687867743877,0.35388785401483197,4
1791417600000,2574.15,2575.75,-0.005120838590701782,0.0,0.0033321197875416505,trending,0.3090825761042709,0.33830690997444857,0.35261051392128057,4
1791421200000,2575.75,2578.04,-0.006357542939597449,0.0,0.003295504615241629,trending,0.31644745579821804,0.3272832651637339,0.3562692790380481,4
1791424800000,2578.04,2580.32,-0.005259037638742581,0.0,0.0032799712366131674,trending,0.3144266126894128,0.32933481656550295,0.3562385707450843,4
1791428400000,2580.31,2564.34,0.0015871530296294178,1.0,0.0033546331597534397,trending,0.31086544672606775,0.3197015012906891,0.3694330519832432,4
1791432000000,2564.35,2562.56,-0.0009677822177822648,1.0,0.00361757271633132,trending,0.30204798292033386,0.3152649746450098,0.3826870424346563,4
1791435600000,2562.57,2561.65,0.0024515449026993874,1.0,0.0036193528395343914,trending,0.30010933055669103,0.3233021690881725,0.3765885003551364,4
1791439200000,2561.65,2566.75,-0.005984221291516545,0.0,0.003642006918646772,trending,0.3009778732409686,0.3291944175581917,0.36982770920083974,4
1791442800000,2566.76,2568.41,-0.012061937151778723,0.0,0.0036616755213112915,trending,0.30735603418478363,0.32782188838641485,0.3648220774288015,4
1791446400000,2568.42,2560.08,-0.01170666541670562,0.0,0.0036217867168767243,trending,0.30492885361809163,0.3173101219768772,0.3777610244050312,4
1791450000000,2560.08,2567.93,-0.01776528176391101,0.0,0.0035854567852551325,trending,0.3067321098430275,0.3323014118116918,0.3609664783452807,4
1791453600000,2567.94,2551.39,-0.007709523044301392,0.0,0.003704524831934262,trending,0.30326809017756584,0.3237637846892993,0.3729681251331348,4
1791457200000,2551.4,2537.43,-0.0401075103549654,0.0,0.003867409683429237,trending,0.2983985701627833,0.32165435562480604,0.37994707421241075,4
1791460800000,2537.42,2530.11,-0.044903186027485,0.0,0.003946430832462679,trending,0.2956053465330936,0.32942150819792393,0.37497314526898246,4
1791464400000,2530.1,2522.31,-0.04125583294678292,0.0,0.004328168381811793,high_volatility,0.2895418979438313,0.3354684226469009,0.37498967940926786,4
1791468000000,2522.31,2531.72,-0.033360719194855504,0.0,0.004322661812202778,high_volatility,0.3004663938494813,0.33129420968387524,0.3682393964666434,4
1791471600000,2531.72,2435.66,0.011877684077416406,2.0,0.005965910141148901,abnormal,0.2732863123842537,0.32619193201952257,0.4005217555962237,4
1791475200000,2435.67,2416.5,0.024171322160148945,2.0,0.0061237348298034166,high_volatility,0.2807879957375747,0.3391127189804364,0.38009928528198905,4
1791478800000,2416.49,2418.25,0.02532823322650679,2.0,0.00605243070729599,high_volatility,0.2825741293739763,0.34388751105926624,0.3735383595667574,4
1791482400000,2418.25,2447.26,0.011886763155528834,2.0,0.006201447953248614,high_volatility,0.29959129206107143,0.36287166282096023,0.33753704511796834,4
1791486000000,2447.27,2464.59,0.004142676875261264,1.0,0.00610820871784741,high_volatility,0.31500052280691726,0.37834154894441047,0.30665792824867233,4
1791489600000,2464.6,2474.91,0.0013374223709143873,1.0,0.005878914835314473,high_volatility,0.32046889763459807,0.3727514526982296,0.30677964966717225,4
1791493200000,2474.9,2479.5,0.0010768300060497449,1.0,0.005714205239993253,high_volatility,0.32795990648968787,0.3711204275531567,0.30091966595715536,4
1791496800000,2479.5,2476.35,0.00538292244634242,1.0,0.005492958663335798,high_volatility,0.32045279025958423,0.37252993568078374,0.307017274059632,4
1791500400000,2476.36,2474.8,0.0076329400355583665,2.0,0.005305373779623483,high_volatility,0.3294327450779152,0.36245155976202886,0.30811569516005605,4
1791504000000,2474.88,2478.22,0.0037042716143038668,1.0,0.005079930854390841,high_volatility,0.33453749407698796,0.3614416001229919,0.30402090580002017,4
1791507600000,2478.22,2482.17,0.0036298883638106183,1.0,0.004974605202751454,high_volatility,0.3319319458109736,0.3580546570193672,0.31001339716965914,4
1791511200000,2482.18,2489.68,0.003992480961408695,1.0,0.004984048591140701,high_volatility,0.33117263610001657,0.35733109516782047,0.31149626873216296,4
1791514800000,2489.68,2493.69,0.004334941392073466,1.0,0.0047778570040234525,high_volatility,0.35229518286269756,0.34098787357378973,0.3067169435635127,4
1791518400000,2493.68,2487.4,0.007421403875532695,2.0,0.0046514554790636885,high_volatility,0.344432679060824,0.3468600329165424,0.30870728802263364,4
