open_ts,open,close,fwd_return,label,label_threshold,regime,p_down,p_flat,p_up,p_naive_down,p_naive_flat,p_naive_up,fold
1784426400000,1859.19,1871.44,-0.0010954131577821657,1.0,0.0025680356306996602,trending,0.2219920322349638,0.4533231292650543,0.32468483849998186,0.2695945945945946,0.4722972972972973,0.2581081081081081,0
1784430000000,1871.45,1867.08,0.0016978383357970639,1.0,0.002600203059985015,trending,0.23252631400478804,0.4525873833835658,0.3148863026116462,0.2695945945945946,0.4722972972972973,0.2581081081081081,0
1784433600000,1867.08,1867.33,0.0035076820915425078,2.0,0.002551627674658419,trending,0.23317328465891218,0.46245498787827155,0.30437172746281627,0.2695945945945946,0.4722972972972973,0.2581081081081081,0
1784437200000,1867.32,1868.56,-0.0012844115254526667,1.0,0.0025,trending,0.2364710641685755,0.43759450346813633,0.3259344323632883,0.2695945945945946,0.4722972972972973,0.2581081081081081,0
1784440800000,1868.55,1869.39,0.001529910826526315,1.0,0.0025,trending,0.2472536143440272,0.43742001915827333,0.3153263664976994,0.2695945945945946,0.4722972972972973,0.2581081081081081,0
1784444400000,1869.39,1870.25,0.0006202379361048838,1.0,0.0025,trending,0.24271562317045917,0.42350958996085264,0.33377478686868817,0.2695945945945946,0.4722972972972973,0.2581081081081081,0
1784448000000,1870.26,1873.88,-0.001867782355326919,1.0,0.0025,trending,0.24998607376373638,0.4210989825365544,0.3289149436997093,0.2695945945945946,0.4722972972972973,0.2581081081081081,0
1784451600000,1873.89,1866.16,0.00303832468812959,2.0,0.0025,trending,0.24466774856850002,0.43946364220746087,0.3158686092240392,0.2695945945945946,0.4722972972972973,0.2581081081081081,0
1784455200000,1866.15,1872.25,0.0013032447589798046,1.0,0.002566127950404792,trending,0.2284296524468252,0.43650293778487,0.3350674097683049,0.2695945945945946,0.4722972972972973,0.2581081081081081,0
1784458800000,1872.25,1871.41,-0.0002671782239059839,1.0,0.002586805430774877,trending,0.22918286954690464,0.4366305147423953,0.3341866157107001,0.2695945945945946,0.4722972972972973,0.2581081081081081,0
1784462400000,1871.4,1870.38,-0.0019140495514281541,1.0,0.0026295136422118696,trending,0.2297471405498148,0.45023730181822746,0.3200155576319578,0.2695945945945946,0.4722972972972973,0.2581081081081081,0
1784466000000,1870.39,1871.83,-0.002457488126592633,1.0,0.002620219114814418,trending,0.2287164921376405,0.4384243785201086,0.3328591293422509,0.2695945945945946,0.4722972972972973,0.2581081081081081,0
1784469600000,1871.83,1874.69,-0.0072385301036438365,0.0,0.0026664165311095192,trending,0.22900991577130292,0.4356801419366781,0.3353099422920189,0.2695945945945946,0.4722972972972973,0.2581081081081081,0
1784473200000,1874.69,1870.91,-0.004564623632350107,0.0,0.0026429139252775436,trending,0.24229256188978923,0.4336573641271027,0.3240500739831081,0.2695945945945946,0.4722972972972973,0.2581081081081081,0
1784476800000,1870.91,1866.8,0.0001821298478681399,1.0,0.002633785209037355,trending,0.23108053713312557,0.4370005621460069,0.33191890072086744,0.2695945945945946,0.4722972972972973,0.2581081081081081,0
1784480400000,1866.8,1867.23,-0.002736674110848769,1.0,0.0028141667820783456,trending,0.2295604130486141,0.42864810508250606,0.3417914818688799,0.2695945945945946,0.4722972972972973,0.2581081081081081,0
1784484000000,1867.23,1861.12,0.005007737276478741,2.0,0.0029899452375260196,trending,0.24120959296011157,0.4132763334402949,0.3455140735995936,0.2695945945945946,0.4722972972972973,0.2581081081081081,0
1784487600000,1861.12,1862.37,0.005294329268620057,2.0,0.002957000620792614,trending,0.24188358756140754,0.43217655340901984,0.3259398590295725,0.2695945945945946,0.4722972972972973,0.2581081081081081,0
1784491200000,1862.37,1867.14,0.002677892391572234,1.0,0.0028523907534629754,trending,0.23789648308860964,0.4404902681182611,0.3216132487931293,0.2695945945945946,0.4722972972972973,0.2581081081081081,0
1784494800000,1867.15,1862.12,0.003995446050737872,2.0,0.0029029726229271397,trending,0.24388628924878,0.42871208097054314,0.3274016297806769,0.2695945945945946,0.4722972972972973,0.2581081081081081,0
1784498400000,1862.12,1870.44,0.004608541305789027,2.0,0.0031425716465440564,trending,0.22439179566188872,0.426941387427519,0.34866681691059237,0.2695945945945946,0.4722972972972973,0.2581081081081081,0
1784502000000,1870.44,1872.23,0.004118083782441273,2.0,0.003142848453345715,trending,0.22622397231640964,0.44325392168428746,0.33052210599930293,0.2695945945945946,0.4722972972972973,0.2581081081081081,0
1784505600000,1872.24,1872.14,-0.0017092738790902562,1.0,0.003596791337243433,trending,0.2246323917233885,0.42153185820279154,0.35383575007382,0.2695945945945946,0.4722972972972973,0.2581081081081081,0
1784509200000,1872.14,1869.56,-0.007547230364363777,0.0,0.0038969467278546074,trending,0.22365536465005997,0.4355062852208955,0.3408383501290445,0.2695945945945946,0.4722972972972973,0.2581081081081081,0
1784512800000,1869.57,1879.06,-0.015608868263919162,0.0,0.003956555953465415,trending,0.21268950324903813,0.4488404407633788,0.3384700559875831,0.2695945945945946,0.4722972972972973,0.2581081081081081,0
1784516400000,1879.06,1879.94,-0.008505590603955504,0.0,0.003930515958295909,trending,0.2217741437449806,0.4694116152394258,0.30881424101559346,0.2695945945945946,0.4722972972972973,0.2581081081081081,0
1784520000000,1879.94,1868.94,-0.004243046860787469,0.0,0.0039356435893495205,trending,0.23251125065517977,0.457603418042577,0.3098853313022431,0.2695945945945946,0.4722972972972973,0.2581081081081081,0
1784523600000,1868.95,1855.45,0.00469427901587216,2.0,0.00410702303593759,trending,0.23011089406738272,0.45143325082284447,0.31845585510977287,0.2695945945945946,0.4722972972972973,0.2581081081081081,0
1784527200000,1855.46,1849.73,0.010336643726381656,2.0,0.004221422531797891,trending,0.2362155025019194,0.45609778570127996,0.3076867117968006,0.2695945945945946,0.4722972972972973,0.2581081081081081,0
1784530800000,1849.73,1863.95,0.01569248102148668,2.0,0.004264307928885763,trending,0.22680417281218346,0.4530191699650784,0.32017665722273814,0.2695945945945946,0.4722972972972973,0.2581081081081081,0
1784534400000,1863.95,1861.01,0.006620061149590795,2.0,0.0042934419609553815,ranging,0.24547519470645027,0.44115123427045394,0.3133735710230958,0.2695945945945946,0.4722972972972973,0.2581081081081081,0
1784538000000,1861.0,1864.16,-0.0007939232683890074,1.0,0.004200735356439684,ranging,0.22960568688171112,0.46680913587978645,0.30358517723850237,0.2695945945945946,0.4722972972972973,0.2581081081081081,0
1784541600000,1864.15,1868.85,-0.00044947427562402886,1.0,0.004111961775071291,ranging,0.23097074066553616,0.45659384699966515,0.31243541233479877,0.2695945945945946,0.4722972972972973,0.2581081081081081,0
1784545200000,1868.86,1893.2,0.0048278047749841235,2.0,0.004412948481914439,ranging,0.23004839614849434,0.43100463870314265,0.338946965148363,0.2695945945945946,0.4722972972972973,0.2581081081081081,0
1784548800000,1893.21,1873.33,0.013921732956820199,2.0,0.004638558947263707,ranging,0.2361771430538277,0.44519282238884,0.3186300345573323,0.2695945945945946,0.4722972972972973,0.2581081081081081,0
1784552400000,1873.34,1862.68,0.024212425107908997,2.0,0.004860591468238069,high_volatility,0.23848611377262993,0.4479260780929109,0.31358780813445913,0.2695945945945946,0.4722972972972973,0.2581081081081081,0
1784556000000,1862.68,1868.01,0.016868218050224648,2.0,0.0049206085891536945,high_volatility,0.23088888597741472,0.4552913211431505,0.3138197928794348,0.2695945945945946,0.4722972972972973,0.2581081081081081,0
1784559600000,1868.01,1902.34,-0.002039593342935464,1.0,0.005326323620162721,high_volatility,0.22290316063510573,0.46130467054756297,0.3157921688173313,0.2695945945945946,0.4722972972972973,0.2581081081081081,0
1784563200000,1902.34,1899.41,0.0028587824640282644,1.0,0.005245922988963662,high_volatility,0.21087024426457596,0.4790228157036519,0.31010694003177214,0.2695945945945946,0.4722972972972973,0.2581081081081081,0
1784566800000,1899.41,1907.78,-0.0027938231871599273,1.0,0.005165692270525242,high_volatility,0.2473035016683363,0.4933142013500395,0.2593822969816241,0.2695945945945946,0.4722972972972973,0.2581081081081081,0
1784570400000,1907.78,1899.52,-0.0020005053908355164,1.0,0.005283254160382415,high_volatility,0.23439286267218548,0.49549517564311335,0.2701119616847012,0.2695945945945946,0.4722972972972973,0.2581081081081081,0
1784574000000,1899.52,1898.46,0.003323746615677914,1.0,0.005156939619311174,high_volatility,0.24366767673160147,0.4843808340482828,0.2719514892201158,0.2695945945945946,0.4722972972972973,0.2581081081081081,0
1784577600000,1898.46,1904.84,0.005228785619789678,2.0,0.0050054135280131265,high_volatility,0.24458744686542144,0.4972106674489834,0.258201885685595,0.2695945945945946,0.4722972972972973,0.2581081081081081,0
1784581200000,1904.83,1902.45,0.0026492154852952865,1.0,0.004779425581340857,trending,0.2329561494810358,0.5028788823946032,0.264164968124361,0.2695945945945946,0.4722972972972973,0.2581081081081081,0
1784584800000,1902.46,1895.72,0.01138353765323985,2.0,0.004638721381543867,trending,0.23314019449186127,0.4876055037281489,0.27925430177998983,0.2695945945945946,0.4722972972972973,0.2581081081081081,0
1784588400000,1895.72,1904.77,0.011539450957333441,2.0,0.004510342818535438,trending,0.24664461652153233,0.4807148189645422,0.27264056451392543,0.2695945945945946,0.4722972972972973,0.2581081081081081,0
1784592000000,1904.77,1914.8,0.005112805514936314,2.0,0.004547851098809375,trending,0.26538722949967214,0.4752262755509053,0.2593864949494225,0.2695945945945946,0.4722972972972973,0.2581081081081081,0
1784595600000,1914.8,1907.49,0.01209442775584657,2.0,0.004490378481370153,trending,0.24852386727173895,0.5029634164139091,0.24851271631435204,0.2695945945945946,0.4722972972972973,0.2581081081081081,0
1784599200000,1907.49,1917.3,0.009247379126897215,2.0,0.004581948448434697,trending,0.25758630955071427,0.4932357416119239,0.24917794883736183,0.2695945945945946,0.4722972972972973,0.2581081081081081,0
1784602800000,1917.3,1926.75,0.0038043337225899254,1.0,0.004492487604307398,trending,0.2727829031778007,0.4740323895793743,0.253184707242825,0.2695945945945946,0.4722972972972973,0.2581081081081081,0
1784606400000,1926.74,1924.59,0.007902981933814557,2.0,0.004368006632610832,trending,0.2663721117130746,0.48137151578891807,0.25225637249800725,0.2695945945945946,0.4722972972972973,0.2581081081081081,0
1784610000000,1924.59,1930.56,0.006039698325874365,2.0,0.00435847202387369,trending,0.27612784225235104,0.4647781719177601,0.25909398582988896,0.2695945945945946,0.4722972972972973,0.2581081081081081,0
1784613600000,1930.56,1935.03,-0.0004392696754055292,1.0,0.004307788242313139,trending,0.2784619040795726,0.4610659567867759,0.26047213913365147,0.2695945945945946,0.4722972972972973,0.2581081081081081,0
1784617200000,1935.03,1934.08,0.0008324371277299569,1.0,0.004153399374556876,trending,0.27307331268903934,0.46549156672546826,0.26143512058549234,0.2695945945945946,0.4722972972972973,0.2581081081081081,0
1784620800000,1934.07,1939.8,0.0015413960202081967,1.0,0.004317495419647772,trending,0.28502182635688,0.4382548690189128,0.27672330462420713,0.2695945945945946,0.4722972972972973,0.2581081081081081,0
1784624400000,1939.79,1942.22,-0.0009885594834777578,1.0,0.004167837724556206,trending,0.278117226325339,0.44218609578200896,0.2796966778926521,0.2695945945945946,0.4722972972972973,0.2581081081081081,0
1784628000000,1942.22,1934.18,-0.0011943045631741533,1.0,0.004218367592100241,trending,0.27936184133884256,0.45474869558604475,0.2658894630751126,0.2695945945945946,0.4722972972972973,0.2581081081081081,0
1784631600000,1934.19,1935.69,-0.002004453192401723,1.0,0.004165516061114778,trending,0.27925697480289086,0.4328930455794787,0.2878499796176305,0.2695945945945946,0.4722972972972973,0.2581081081081081,0
1784635200000,1935.69,1942.79,-0.00845176267120995,0.0,0.004137309200994828,trending,0.27663399151496254,0.45008755964551117,0.27327844883952623,0.2695945945945946,0.4722972972972973,0.2581081081081081,0
1784638800000,1942.8,1940.3,-0.011127145286811246,0.0,0.004205424722753096,trending,0.25620908639210077,0.4612178404488593,0.2825730731590399,0.2695945945945946,0.4722972972972973,0.2581081081081081,0
1784642400000,1940.31,1931.87,-0.006180540098453702,0.0,0.0042770259113949485,trending,0.2642776835932776,0.45630216216113845,0.279420154245584,0.2695945945945946,0.4722972972972973,0.2581081081081081,0
1784646000000,1931.88,1931.81,-0.004358606695275324,0.0,0.004174639868339807,trending,0.26064600324033527,0.4654939427058217,0.2738600540538431,0.2695945945945946,0.4722972972972973,0.2581081081081081,0
1784649600000,1931.81,1926.37,-0.0016248176622351007,1.0,0.0041928580539989605,trending,0.25127133995019757,0.4706685433452666,0.2780601167045357,0.2695945945945946,0.4722972972972973,0.2581081081081081,0
1784653200000,1926.37,1918.71,0.002923839454633592,1.0,0.004207773064911386,trending,0.24870641294903106,0.46785130866155006,0.283442278389419,0.2695945945945946,0.4722972972972973,0.2581081081081081,0
1784656800000,1918.7,1919.93,0.0004843926601489912,1.0,0.004080857536691802,trending,0.24534808183944942,0.4658435602201802,0.2888083579403704,0.2695945945945946,0.4722972972972973,0.2581081081081081,0
1784660400000,1919.93,1923.39,0.0034834328971242723,1.0,0.003959916402641356,trending,0.2602138597471391,0.4591153029167484,0.2806708373361124,0.2695945945945946,0.4722972972972973,0.2581081081081081,0
1784664000000,1923.38,1923.24,0.00843368482352691,2.0,0.0037834230229713797,trending,0.24232518615375737,0.4774601925926053,0.2802146212536373,0.2695945945945946,0.4722972972972973,0.2581081081081081,0
1784667600000,1923.25,1924.32,0.004827679388043515,2.0,0.0036602019129240914,trending,0.24583708360812057,0.46639008935881193,0.2877728270330675,0.2695945945945946,0.4722972972972973,0.2581081081081081,0
1784671200000,1924.31,1920.86,0.0049821434149288635,2.0,0.0035436581488803064,low_liquidity,0.21618670801506734,0.4949487095159756,0.288864582468957,0.2695945945945946,0.4722972972972973,0.2581081081081081,0
1784674800000,1920.86,1930.09,-0.0006839059318477503,1.0,0.003615202455183692,trending,0.23752964707316754,0.4708989972278729,0.2915713556989594,0.2695945945945946,0.4722972972972973,0.2581081081081081,0
1784678400000,1930.09,1939.46,-0.0013612036340012734,1.0,0.0036868016055806195,trending,0.24569884641028206,0.4538906742172492,0.30041047937246873,0.2695945945945946,0.4722972972972973,0.2581081081081081,0
1784682000000,1939.45,1933.61,-0.00737480670869517,0.0,0.003712199872831204,trending,0.22147911914215254,0.46971334106418894,0.3088075397936585,0.2695945945945946,0.4722972972972973,0.2581081081081081,0
1784685600000,1933.62,1930.43,-0.006749791497231206,0.0,0.003663184899195918,trending,0.24995656932903296,0.46012533340267464,0.2899180972682924,0.2695945945945946,0.4722972972972973,0.2581081081081081,0
1784689200000,1930.42,1928.77,-0.0074296053961850905,0.0,0.003610879558490351,trending,0.2442171316781821,0.4627292482145056,0.29305362010731234,0.2695945945945946,0.4722972972972973,0.2581081081081081,0
1784692800000,1928.76,1936.82,-0.00800280872770831,0.0,0.0035888440904746207,trending,0.2373872233813769,0.4654503027911916,0.2971624738274315,0.2695945945945946,0.4722972972972973,0.2581081081081081,0
1784696400000,1936.83,1919.35,0.0026779899445126265,1.0,0.0037806059769888516,trending,0.23168365340013455,0.4642895736822142,0.3040267729176512,0.2695945945945946,0.4722972972972973,0.2581081081081081,0
1784700000000,1919.36,1917.4,0.006999061228747161,2.0,0.0036875821076582938,trending,0.23184058477431033,0.4792412980886761,0.2889181171370137,0.2695945945945946,0.4722972972972973,0.2581081081081081,0
1784703600000,1917.41,1914.44,0.00670169866906245,2.0,0.0036157313116522,trending,0.25110384932617774,0.44119207623545376,0.3077040744383685,0.2695945945945946,0.4722972972972973,0.2581081081081081,0
1784707200000,1914.43,1921.32,-0.0021599733516539654,1.0,0.003592370590443505,trending,0.23842985123230562,0.45902612553050465,0.30254402323718965,0.2695945945945946,0.4722972972972973,0.2581081081081081,0
1784710800000,1921.33,1924.49,0.008022904769575234,2.0,0.003488167737827456,trending,0.22741807337309233,0.47046562318554613,0.3021163034413616,0.2695945945945946,0.4722972972972973,0.2581081081081081,0
1784714400000,1924.49,1930.82,0.0012326369107427126,1.0,0.0034585701961945933,trending,0.24668615134679933,0.4660335222330642,0.28728032642013646,0.2695945945945946,0.4722972972972973,0.2581081081081081,0
1784718000000,1930.82,1927.27,0.008177370062316225,2.0,0.003420693319003188,low_liquidity,0.20947094439543867,0.4837404927595016,0.3067885628450596,0.2695945945945946,0.4722972972972973,0.2581081081081081,0
1784721600000,1927.26,1917.17,0.01704074234418429,2.0,0.0035103003373237866,ranging,0.22496269955315285,0.46011115904158967,0.3149261414052575,0.2695945945945946,0.4722972972972973,0.2581081081081081,0
1784725200000,1917.17,1939.93,-0.000721675524374632,1.0,0.003783124445218995,ranging,0.21860109680658718,0.46996078703274496,0.3114381161606678,0.2695945945945946,0.4722972972972973,0.2581081081081081,0
1784728800000,1939.92,1933.2,-0.0012983654045106707,1.0,0.004254712980150526,ranging,0.22774557893457978,0.456997260720008,0.3152571603454121,0.2695945945945946,0.4722972972972973,0.2581081081081081,0
1784732400000,1933.2,1943.03,-0.009212415660077244,0.0,0.004357838189835718,trending,0.24130623818278854,0.4614698542470858,0.2972239075701257,0.2695945945945946,0.4722972972972973,0.2581081081081081,0
1784736000000,1943.04,1949.84,-0.011836868666146971,0.0,0.004494666756318262,trending,0.23610786996755234,0.4785843886303832,0.2853077414020644,0.2695945945945946,0.4722972972972973,0.2581081081081081,0
1784739600000,1949.84,1938.53,0.00011864660335403343,1.0,0.004536885952824887,trending,0.25007041698599997,0.4667322163776394,0.28319736663636064,0.2695945945945946,0.4722972972972973,0.2581081081081081,0
1784743200000,1938.53,1930.69,0.0040037499546794475,1.0,0.004602853452085047,trending,0.23979809728245427,0.4743555498464574,0.2858463528710883,0.2695945945945946,0.4722972972972973,0.2581081081081081,0
1784746800000,1930.69,1925.13,0.004737342413239531,2.0,0.0045286322299673675,trending,0.23155232653825916,0.48421360447236117,0.28423406898937964,0.2695945945945946,0.4722972972972973,0.2581081081081081,0
1784750400000,1925.14,1926.76,0.0029116236583695,1.0,0.004367312221531115,ranging,0.24051181854448225,0.46250824084752884,0.29697994060798905,0.2695945945945946,0.4722972972972973,0.2581081081081081,0
1784754000000,1926.76,1938.76,-0.00534877963234226,0.0,0.004316304989029985,ranging,0.22432355198229706,0.4900714179951857,0.28560503002251725,0.2695945945945946,0.4722972972972973,0.2581081081081081,0
1784757600000,1938.76,1938.42,-0.0055818656431527724,0.0,0.004192650014920583,ranging,0.22036298611356167,0.4990218129779099,0.2806152009085283,0.2695945945945946,0.4722972972972973,0.2581081081081081,0
1784761200000,1938.43,1934.25,-0.007082848649347273,0.0,0.00423015625639287,ranging,0.2202266204805483,0.4931478284124367,0.2866255511070151,0.2695945945945946,0.4722972972972973,0.2581081081081081,0
1784764800000,1934.26,1932.37,-0.006536015359377312,0.0,0.004134313844289762,ranging,0.21679871108709337,0.5005121046370872,0.28268918427581946,0.2695945945945946,0.4722972972972973,0.2581081081081081,0
1784768400000,1932.36,1928.39,-0.002914348238686193,1.0,0.0040711723459456095,ranging,0.22025259678072165,0.4889792691811393,0.290768134038139,0.2695945945945946,0.4722972972972973,0.2581081081081081,0
1784772000000,1928.38,1927.6,-0.001146503423946732,1.0,0.0039573453488636785,low_liquidity,0.20821063704129178,0.5092797505759491,0.28250961238275923,0.2695945945945946,0.4722972972972973,0.2581081081081081,0
1784775600000,1927.6,1920.55,-0.002551352477154878,1.0,0.003921582196621696,ranging,0.22425357242496802,0.4821865623430394,0.2935598652319927,0.2695945945945946,0.4722972972972973,0.2581081081081081,0
1784779200000,1920.56,1919.74,0.0035421463323157543,1.0,0.00380798333332279,ranging,0.23236086565892294,0.4718453551253025,0.2957937792157745,0.2695945945945946,0.4722972972972973,0.2581081081081081,0
1784782800000,1919.74,1922.77,0.0008269319783436035,1.0,0.0037617749770260866,low_liquidity,0.21226629864771734,0.4910772983092607,0.29665640304302193,0.2695945945945946,0.4722972972972973,0.2581081081081081,0
1784786400000,1922.78,1925.39,0.001428282062335473,1.0,0.0036165350152990833,low_liquidity,0.21393178575966504,0.4720416639722066,0.3140265502681283,0.2695945945945946,0.4722972972972973,0.2581081081081081,0
1784790000000,1925.39,1915.65,0.005423746509017668,2.0,0.003661425051190653,ranging,0.2413632127200002,0.4332987463686028,0.32533804091139684,0.2695945945945946,0.4722972972972973,0.2581081081081081,0
1784793600000,1915.65,1926.54,-0.011367529353140782,0.0,0.003669202511500036,ranging,0.2257460831077001,0.4449246019944431,0.3293293148978567,0.2695945945945946,0.4722972972972973,0.2581081081081081,0
1784797200000,1926.54,1924.36,-0.013323910287056373,0.0,0.0035949336137197606,ranging,0.23169444035873937,0.4376029080124899,0.3307026516287707,0.2695945945945946,0.4722972972972973,0.2581081081081081,0
1784800800000,1924.36,1928.14,-0.016445901231238458,0.0,0.003516094112744882,ranging,0.22394153558061858,0.47260524666720616,0.3034532177521754,0.2695945945945946,0.4722972972972973,0.2581081081081081,0
1784804400000,1928.15,1926.04,-0.015996552511889695,0.0,0.0033675232280119837,ranging,0.21762064384984792,0.4597058409013194,0.32267351524883275,0.2695945945945946,0.4722972972972973,0.2581081081081081,0
1784808000000,1926.03,1904.64,-0.008762810819892497,0.0,0.003926943737963328,ranging,0.24804896059489925,0.42943006773555864,0.32252097166954224,0.2695945945945946,0.4722972972972973,0.2581081081081081,0
1784811600000,1904.67,1898.72,-0.010749346928457082,0.0,0.003967499291777324,ranging,0.24632159029504289,0.4427652285272503,0.31091318117770667,0.2695945945945946,0.4722972972972973,0.2581081081081081,0
1784815200000,1898.73,1896.43,-0.008036152138491848,0.0,0.004022114232632771,ranging,0.24145143630072044,0.4363295152531718,0.32221904844610777,0.2695945945945946,0.4722972972972973,0.2581081081081081,0
1784818800000,1896.44,1895.23,-0.010331199907135269,0.0,0.004074121242144489,ranging,0.24182228494868493,0.4310973204459111,0.32708039460540406,0.2695945945945946,0.4722972972972973,0.2581081081081081,0
1784822400000,1895.23,1887.95,-0.0010434598373897375,1.0,0.004041048242906839,ranging,0.2292765850226437,0.4667805282581717,0.3039428867191847,0.2695945945945946,0.4722972972972973,0.2581081081081081,0
1784826000000,1887.94,1878.31,0.002347855252860409,1.0,0.004163425837684925,trending,0.21463621403041222,0.4828158612748195,0.3025479246947682,0.2695945945945946,0.4722972972972973,0.2581081081081081,0
1784829600000,1878.31,1881.19,0.0011854198672116567,1.0,0.004053082547573065,trending,0.23749823524453417,0.4715924141962669,0.290909350559199,0.2695945945945946,0.4722972972972973,0.2581081081081081,0
1784833200000,1881.19,1875.65,0.0014554954282515187,1.0,0.00409892336941086,trending,0.22301281217833469,0.48639612100017693,0.2905910668214884,0.2695945945945946,0.4722972972972973,0.2581081081081081,0
1784836800000,1875.64,1885.98,-0.007693612869701716,0.0,0.004109795628489518,trending,0.23914308560377678,0.4969832907255053,0.2638736236707178,0.2695945945945946,0.4722972972972973,0.2581081081081081,0
1784840400000,1885.97,1882.72,-0.0052902184074106184,0.0,0.004006547543388694,trending,0.2305589154141925,0.5119522156170121,0.25748886896879536,0.2695945945945946,0.4722972972972973,0.2581081081081081,0
1784844000000,1882.73,1883.42,-0.007348334412929702,0.0,0.003944256932356866,trending,0.24883785594615998,0.4842887936286354,0.2668733504252045,0.2695945945945946,0.4722972972972973,0.2581081081081081,0
1784847600000,1883.41,1878.38,0.0012191356381563434,1.0,0.0038831714064404433,low_liquidity,0.22797316578603963,0.4755563180796905,0.29647051613427,0.2695945945945946,0.4722972972972973,0.2581081081081081,0
1784851200000,1878.38,1871.47,0.0024846778201093045,1.0,0.004065899670296795,trending,0.21814673049384647,0.4527835488690724,0.3290697206370811,0.2695945945945946,0.4722972972972973,0.2581081081081081,0
1784854800000,1871.47,1872.76,0.00438390397061017,2.0,0.003939476659644224,trending,0.2301094287333848,0.46276076803645555,0.3071298032301596,0.2695945945945946,0.4722972972972973,0.2581081081081081,0
1784858400000,1872.76,1869.58,0.009922014570117543,2.0,0.003977899773459401,trending,0.21722563480037457,0.47214562958117406,0.3106287356184514,0.2695945945945946,0.4722972972972973,0.2581081081081081,0
1784862000000,1869.57,1880.67,0.008140715808727661,2.0,0.003965722860167425,trending,0.2264603090249134,0.49581183569518567,0.27772785527990096,0.2695945945945946,0.4722972972972973,0.2581081081081081,0
1784865600000,1880.67,1876.12,0.006369528601581909,2.0,0.003851292186176179,low_liquidity,0.22027488473231935,0.484132473952575,0.2955926413151057,0.2695945945945946,0.4722972972972973,0.2581081081081081,0
1784869200000,1876.13,1880.97,0.003774648186839702,2.0,0.0037642934174645123,trending,0.24388896674872643,0.45603328517206854,0.30007774807920495,0.2695945945945946,0.4722972972972973,0.2581081081081081,0
1784872800000,1880.97,1888.13,-0.002282681806867193,1.0,0.003699836000352081,trending,0.2622642137135144,0.4545094168675464,0.2832263694189391,0.2695945945945946,0.4722972972972973,0.2581081081081081,0
1784876400000,1888.14,1895.98,-0.006355552273758169,0.0,0.00391117098565996,trending,0.2411634372011943,0.4814311000899802,0.2774054627088255,0.2695945945945946,0.4722972972972973,0.2581081081081081,0
1784880000000,1895.98,1888.07,-0.008167070076850913,0.0,0.0038669694279680326,trending,0.21655043886948125,0.518360316286994,0.2650892448435248,0.2695945945945946,0.4722972972972973,0.2581081081081081,0
1784883600000,1888.07,1888.07,-0.016138172843167875,0.0,0.0038340897084712627,trending,0.2362655103010716,0.4647291568462017,0.2990053328527266,0.2695945945945946,0.4722972972972973,0.2581081081081081,0
1784887200000,1888.08,1883.82,-0.011105094966610274,0.0,0.003755946762670432,trending,0.2248875113437952,0.4924019026978813,0.2827105859583233,0.2695945945945946,0.4722972972972973,0.2581081081081081,0
1784890800000,1883.81,1883.93,-0.011741412897506853,0.0,0.003669451594573182,trending,0.2292173763379548,0.459088143800792,0.3116944798612532,0.2695945945945946,0.4722972972972973,0.2581081081081081,0
1784894400000,1883.93,1872.65,-0.008106159720182693,0.0,0.003750333532440096,trending,0.2452010108555884,0.4509587333227473,0.3038402558216643,0.2695945945945946,0.4722972972972973,0.2581081081081081,0
1784898000000,1872.65,1857.6,0.004807278208440957,2.0,0.004140281129407047,trending,0.2586612816774521,0.4298511580629715,0.3114875602595766,0.2695945945945946,0.4722972972972973,0.2581081081081081,0
1784901600000,1857.61,1862.9,-9.662354393691341e-05,1.0,0.004180763515326525,trending,0.23953793400324846,0.43741195617816697,0.3230501098185846,0.2695945945945946,0.4722972972972973,0.2581081081081081,0
1784905200000,1862.9,1861.81,0.0010849657054157191,1.0,0.004236141810738827,trending,0.24267795231661066,0.44958759571914547,0.30773445196424376,0.2695945945945946,0.4722972972972973,0.2581081081081081,0
1784908800000,1861.82,1857.47,0.0018465977916197751,1.0,0.004232776895472701,trending,0.24429523533451314,0.4555086921099192,0.30019607255556774,0.2695945945945946,0.4722972972972973,0.2581081081081081,0
1784912400000,1857.47,1866.53,-0.004832496664934349,0.0,0.004177244455159259,trending,0.24521916908195682,0.47641253035996434,0.2783683005580789,0.2695945945945946,0.4722972972972973,0.2581081081081081,0
1784916000000,1866.53,1862.72,-0.0017340233636832236,1.0,0.004077308498461134,trending,0.24240689139936777,0.4775915219040891,0.280001586696543,0.2695945945945946,0.4722972972972973,0.2581081081081081,0
1784919600000,1862.73,1863.83,-0.0012823057896910184,1.0,0.003935118742485549,trending,0.25480827417904667,0.47097054790213205,0.27422117791882133,0.2695945945945946,0.4722972972972973,0.2581081081081081,0
1784923200000,1863.84,1860.9,-0.0003009296576925724,1.0,0.0038302165908772586,trending,0.2530671411706747,0.4610986262495971,0.2858342325797283,0.2695945945945946,0.4722972972972973,0.2581081081081081,0
1784926800000,1860.91,1857.51,0.001340504223395822,1.0,0.003677559540211105,trending,0.2571047629724387,0.45430312584397015,0.2885921111835912,0.2695945945945946,0.4722972972972973,0.2581081081081081,0
1784930400000,1857.51,1859.49,-2.151127459681934e-05,1.0,0.0035250966309498043,low_liquidity,0.25415820860774924,0.4575187164355548,0.288323074956696,0.2695945945945946,0.4722972972972973,0.2581081081081081,0
1784934000000,1859.49,1861.44,-0.0014504899432697949,1.0,0.0033359528546909535,low_liquidity,0.22695526558588813,0.4979444167394685,0.27510031767464355,0.2695945945945946,0.4722972972972973,0.2581081081081081,0
1784937600000,1861.44,1860.34,0.0005052839803476594,1.0,0.003280114274958463,trending,0.2425086406250652,0.46718966156667247,0.2903016978082623,0.2695945945945946,0.4722972972972973,0.2581081081081081,0
1784941200000,1860.34,1860.0,-0.000849462365591358,1.0,0.0031814002025188563,trending,0.24494288364323838,0.45975785510708217,0.2952992612496795,0.2695945945945946,0.4722972972972973,0.2581081081081081,0
1784944800000,1859.99,1859.45,-0.0004840140901880563,1.0,0.003032473384868261,low_liquidity,0.23460368462659476,0.4679499459384064,0.2974463694349989,0.2695945945945946,0.4722972972972973,0.2581081081081081,0
1784948400000,1859.45,1858.74,-0.0014633568976833988,1.0,0.0029227758074752905,trending,0.24960113761341066,0.44957761372076666,0.3008212486658227,0.2695945945945946,0.4722972972972973,0.2581081081081081,0
1784952000000,1858.74,1861.28,-0.004018739791971093,0.0,0.0028042469988788883,low_liquidity,0.23975270334788917,0.46945305161976947,0.2907942450323414,0.2695945945945946,0.4722972972972973,0.2581081081081081,0
1784955600000,1861.28,1858.42,-4.3047319766342795e-05,1.0,0.0027477010080357374,trending,0.2276177916992456,0.45272443274667645,0.319657775554078,0.2695945945945946,0.4722972972972973,0.2581081081081081,0
1784959200000,1858.42,1858.55,3.766377014335909e-05,1.0,0.0026755486264483886,low_liquidity,0.21143345474960673,0.4666966728148359,0.32186987243555754,0.2695945945945946,0.4722972972972973,0.2581081081081081,0
1784962800000,1858.55,1856.02,0.0009321020247625711,1.0,0.0025517863760671253,low_liquidity,0.2302835793237549,0.4640498229495458,0.30566659772669924,0.2695945945945946,0.4722972972972973,0.2581081081081081,0
1784966400000,1856.03,1853.8,0.003517100010788532,2.0,0.0025,trending,0.24897758152347974,0.43389868654251235,0.31712373193400795,0.2695945945945946,0.4722972972972973,0.2581081081081081,0
1784970000000,1853.8,1858.34,0.004789220487101398,2.0,0.0025,trending,0.23090072599702738,0.4491399282312584,0.31995934577171425,0.2695945945945946,0.4722972972972973,0.2581081081081081,0
1784973600000,1858.35,1858.62,0.005412617963865829,2.0,0.0025,trending,0.2377669191287525,0.44895614783088295,0.3132769330403645,0.2695945945945946,0.4722972972972973,0.2581081081081081,0
1784977200000,1858.63,1857.75,0.005452832727762091,2.0,0.0025,trending,0.23363826101884103,0.46164338387367243,0.3047183551074866,0.2695945945945946,0.4722972972972973,0.2581081081081081,0
1784980800000,1857.75,1860.32,0.004122946589834031,2.0,0.0025,trending,0.23408992686052557,0.45551559645779804,0.31039447668167625,0.2695945945945946,0.4722972972972973,0.2581081081081081,0
1784984400000,1860.32,1867.24,0.0031168998093442646,2.0,0.0025,trending,0.22753222534241474,0.4833402610624495,0.2891275135951357,0.2695945945945946,0.4722972972972973,0.2581081081081081,0
1784988000000,1867.25,1868.68,0.0036389322944538893,2.0,0.0025,trending,0.22294644280843826,0.4882605858180869,0.28879297137347476,0.2695945945945946,0.4722972972972973,0.2581081081081081,0
1784991600000,1868.67,1867.88,0.0036833201276311733,2.0,0.0025,trending,0.21789865864567554,0.4874958975398106,0.2946054438145138,0.2695945945945946,0.4722972972972973,0.2581081081081081,0
1784995200000,1867.88,1867.99,0.0022698194315815545,1.0,0.0025,trending,0.21594417161312882,0.47132130245950254,0.3127345259273687,0.2695945945945946,0.4722972972972973,0.2581081081081081,0
1784998800000,1867.99,1873.06,-0.00021889314811052163,1.0,0.0025,ranging,0.2359909364196615,0.4718104503259768,0.29219861325436175,0.2695945945945946,0.4722972972972973,0.2581081081081081,0
1785002400000,1873.07,1875.48,0.00018128692388086343,1.0,0.0025,ranging,0.2144876260417784,0.49187909077717507,0.29363328318104664,0.2695945945945946,0.4722972972972973,0.2581081081081081,0
1785006000000,1875.48,1874.76,6.934220913623612e-05,1.0,0.0025,low_liquidity,0.20210516337934714,0.522010488549131,0.2758843480715219,0.2695945945945946,0.4722972972972973,0.2581081081081081,0
1785009600000,1874.77,1872.23,0.0047109596577343815,2.0,0.0025,low_liquidity,0.1861266419279726,0.49647390430678706,0.3173994537652405,0.2695945945945946,0.4722972972972973,0.2581081081081081,0
1785013200000,1872.23,1872.65,0.003220035778175312,2.0,0.0025,ranging,0.20165924271878694,0.4594301823602174,0.3389105749209956,0.2695945945945946,0.4722972972972973,0.2581081081081081,0
1785016800000,1872.66,1875.82,0.002745465982876949,2.0,0.0025,ranging,0.21356128177185116,0.49152519226134667,0.2949135259668022,0.2695945945945946,0.4722972972972973,0.2581081081081081,0
1785020400000,1875.83,1874.89,0.0039042290481041686,2.0,0.0025,low_liquidity,0.1917168679897962,0.5083043115373862,0.29997882047281754,0.2695945945945946,0.4722972972972973,0.2581081081081081,0
1785024000000,1874.88,1881.05,0.002769729672257526,2.0,0.0025,ranging,0.23252519999342564,0.46116535123363267,0.30630944877294175,0.2695945945945946,0.4722972972972973,0.2581081081081081,0
1785027600000,1881.05,1878.68,0.002512402325036689,2.0,0.0025,ranging,0.22229010955699147,0.4630066199229959,0.31470327052001273,0.2695945945945946,0.4722972972972973,0.2581081081081081,0
1785031200000,1878.67,1880.97,0.002115929546989026,1.0,0.0025,low_liquidity,0.22037372261826504,0.48756991436934366,0.29205636301239135,0.2695945945945946,0.4722972972972973,0.2581081081081081,0
1785034800000,1880.98,1882.21,-0.00034533872415942746,1.0,0.0025,ranging,0.22377749059556132,0.4708423849145339,0.305380124489905,0.2695945945945946,0.4722972972972973,0.2581081081081081,0
1785038400000,1882.21,1886.26,-0.0025659241037820912,0.0,0.0025,ranging,0.23988279578372781,0.46302277273291426,0.29709443148335796,0.2695945945945946,0.4722972972972973,0.2581081081081081,0
1785042000000,1886.25,1883.4,0.0002123818625887619,1.0,0.0025,ranging,0.21668087275591394,0.46998015899766443,0.31333896824642155,0.2695945945945946,0.4722972972972973,0.2581081081081081,0
1785045600000,1883.4,1884.95,0.0006737579246134384,1.0,0.0025,ranging,0.2161427542359097,0.45575682179814814,0.32810042396594225,0.2695945945945946,0.4722972972972973,0.2581081081081081,0
1785049200000,1884.95,1881.56,0.002290652437339169,1.0,0.0025,ranging,0.21638267837870195,0.47225586381747875,0.31136145780381935,0.2695945945945946,0.4722972972972973,0.2581081081081081,0
1785052800000,1881.57,1881.42,0.0027372941714236543,2.0,0.0025,ranging,0.20995402044119785,0.4863091458770179,0.30373683368178417,0.2695945945945946,0.4722972972972973,0.2581081081081081,0
1785056400000,1881.42,1883.8,0.0014969742010828568,1.0,0.0025,ranging,0.22041733938195343,0.44416197824404396,0.33542068237400263,0.2695945945945946,0.4722972972972973,0.2581081081081081,0
1785060000000,1883.8,1886.22,0.0065580897244224,2.0,0.0025,ranging,0.22783907584432528,0.45914987792343226,0.3130110462322426,0.2695945945945946,0.4722972972972973,0.2581081081081081,0
1785063600000,1886.21,1885.87,0.015250255850085326,2.0,0.0025,ranging,0.22475966934624,0.4712812227023232,0.3039591079514368,0.2695945945945946,0.4722972972972973,0.2581081081081081,0
1785067200000,1885.87,1886.57,0.015705751708126492,2.0,0.0025,ranging,0.23294272841650307,0.45261478425751694,0.3144424873259799,0.2695945945945946,0.4722972972972973,0.2581081081081081,0
1785070800000,1886.57,1886.62,0.013044492266593322,2.0,0.0025,ranging,0.2225867707013902,0.44799769171466824,0.32941553758394143,0.2695945945945946,0.4722972972972973,0.2581081081081081,0
1785074400000,1886.62,1898.59,0.008374635914020434,2.0,0.0025,ranging,0.23336982972075335,0.4391059504097211,0.3275242198695255,0.2695945945945946,0.4722972972972973,0.2581081081081081,0
1785078000000,1898.58,1914.63,-0.00022458647362677553,1.0,0.0025,trending,0.24249515370271307,0.4481009531911719,0.30940389310611516,0.2695945945945946,0.4722972972972973,0.2581081081081081,0
1785081600000,1914.63,1916.2,-0.0012524788644192597,1.0,0.0025693151518435,trending,0.2507924604341963,0.4586001826816072,0.2906073568841966,0.2695945945945946,0.4722972972972973,0.2581081081081081,0
1785085200000,1916.19,1911.23,0.007680917524316877,2.0,0.0025482909667563633,trending,0.25833001739583666,0.4525530363365022,0.2891169462676612,0.2695945945945946,0.4722972972972973,0.2581081081081081,0
1785088800000,1911.23,1914.49,0.01844877748120899,2.0,0.0025,trending,0.2780975056311469,0.4378872043225201,0.284015290046333,0.2695945945945946,0.4722972972972973,0.2581081081081081,0
1785092400000,1914.49,1914.2,0.021168112005015116,2.0,0.0025,trending,0.284620197001265,0.41900785949049074,0.29637194350824436,0.2695945945945946,0.4722972972972973,0.2581081081081081,0
1785096000000,1914.21,1913.8,0.015017243181105755,2.0,0.0025,trending,0.278350877179936,0.4398897911970831,0.28175933162298084,0.2695945945945946,0.4722972972972973,0.2581081081081081,0
1785099600000,1913.79,1925.91,0.011573749552159729,2.0,0.0025,trending,0.28081506579115895,0.4253027700614611,0.2938821641473799,0.2695945945945946,0.4722972972972973,0.2581081081081081,0
1785103200000,1925.91,1949.81,-0.003441360953118533,0.0,0.0028720981526437687,trending,0.25850409244862943,0.43882961513551005,0.30266629241586057,0.2695945945945946,0.4722972972972973,0.2581081081081081,0
1785106800000,1949.81,1954.72,-0.0025988376851927564,1.0,0.0031287854923716676,trending,0.25057097755890917,0.43743361729901853,0.31199540514207225,0.2695945945945946,0.4722972972972973,0.2581081081081081,0
1785110400000,1954.72,1942.54,0.005606062166030101,2.0,0.0032710006526592466,trending,0.2825637349211101,0.4342776219643467,0.2831586431145432,0.2695945945945946,0.4722972972972973,0.2581081081081081,0
1785114000000,1942.54,1948.2,0.008956985935735684,2.0,0.0032914134989667026,trending,0.29092893162115013,0.4246856671245817,0.28438540125426803,0.2695945945945946,0.4722972972972973,0.2581081081081081,0
1785117600000,1948.2,1943.1,0.013046163347228745,2.0,0.0032335043826481305,trending,0.2949547227452601,0.41449559938405584,0.290549677870684,0.2695945945945946,0.4722972972972973,0.2581081081081081,0
1785121200000,1943.09,1949.64,0.007550111815514571,2.0,0.003176238058491623,trending,0.2889089958068168,0.41717080793315786,0.29392019626002536,0.2695945945945946,0.4722972972972973,0.2581081081081081,0
1785124800000,1949.65,1953.43,0.005538975033658744,2.0,0.0032558397276530046,trending,0.2874121204631131,0.4128946480895858,0.29969323144730114,0.2695945945945946,0.4722972972972973,0.2581081081081081,0
1785128400000,1953.43,1965.65,-0.00023401928115385218,1.0,0.0033925787903477836,trending,0.25910930789048775,0.42772060434037035,0.3131700877691418,0.2695945945945946,0.4722972972972973,0.2581081081081081,0
1785132000000,1965.65,1968.45,-0.0005181741979730647,1.0,0.0035289583352460974,trending,0.27531344521545276,0.42308293803796165,0.3016036167465856,0.2695945945945946,0.4722972972972973,0.2581081081081081,0
1785135600000,1968.45,1964.36,-0.002387546070984903,1.0,0.003520212852139317,trending,0.28435294478415185,0.4275058814690751,0.28814117374677306,0.2695945945945946,0.4722972972972973,0.2581081081081081,0
1785139200000,1964.37,1964.25,-0.003390607101947385,1.0,0.003420373066309172,trending,0.2962142608925641,0.4145548669863142,0.28923087212112175,0.2695945945945946,0.4722972972972973,0.2581081081081081,0
1785142800000,1964.25,1965.19,-0.002050692299472301,1.0,0.003423590497664396,trending,0.3019463900327393,0.4139289782326682,0.2841246317345924,0.2695945945945946,0.4722972972972973,0.2581081081081081,0
1785146400000,1965.19,1967.43,-0.01785578140010069,0.0,0.0033540520058933394,trending,0.29608422993024025,0.40793738836944543,0.29597838170031426,0.2695945945945946,0.4722972972972973,0.2581081081081081,0
1785150000000,1967.42,1959.67,-0.01628845672995971,0.0,0.003330634129850275,trending,0.2748938287594858,0.41605254086499793,0.3090536303755162,0.2695945945945946,0.4722972972972973,0.2581081081081081,0
1785153600000,1959.67,1957.59,-0.008694363988373421,0.0,0.0035689024773233515,trending,0.2741743203711966,0.41543704280012217,0.31038863682868123,0.2695945945945946,0.4722972972972973,0.2581081081081081,0
1785157200000,1957.6,1961.16,-0.008897795182443047,0.0,0.003898852188339861,trending,0.26144364597397846,0.4302393758608216,0.3083169781651998,0.2695945945945946,0.4722972972972973,0.2581081081081081,0
1785160800000,1961.18,1932.3,0.003570874087874598,1.0,0.004736825413456203,high_volatility,0.24425304548584184,0.45682367776242394,0.29892327675173425,0.2695945945945946,0.4722972972972973,0.2581081081081081,0
1785164400000,1932.3,1927.75,0.010665283361431799,2.0,0.0046987635735027304,high_volatility,0.23015965495090532,0.4929204830457486,0.276919862003346,0.2695945945945946,0.4722972972972973,0.2581081081081081,0
1785168000000,1927.74,1940.57,0.003246468821016535,1.0,0.004869870311471761,high_volatility,0.22632900912009044,0.4960984978628684,0.2775724930170412,0.2695945945945946,0.4722972972972973,0.2581081081081081,0
1785171600000,1940.57,1943.71,-0.0009312088737517543,1.0,0.004756375877439309,high_volatility,0.24140588019763123,0.48918479617674804,0.26940932362562076,0.2695945945945946,0.4722972972972973,0.2581081081081081,0
1785175200000,1943.72,1939.2,-0.023514851485148536,0.0,0.004768579076702775,high_volatility,0.24904521149990033,0.4696147787499231,0.2813400097501766,0.2695945945945946,0.4722972972972973,0.2581081081081081,0
1785178800000,1939.21,1948.31,-0.02862994082050596,0.0,0.004795730332297014,high_volatility,0.2381492527308982,0.4956194554297101,0.2662312918393917,0.2695945945945946,0.4722972972972973,0.2581081081081081,0
1785182400000,1948.32,1946.87,-0.03493299501250724,0.0,0.00460726344367878,high_volatility,0.24259952247215064,0.4976672080550894,0.25973326947276,0.2695945945945946,0.4722972972972973,0.2581081081081081,0
1785186000000,1946.88,1941.9,-0.033987331994438486,0.0,0.004499226043261525,trending,0.2499380846832614,0.4786847354423358,0.27137717987440285,0.2695945945945946,0.4722972972972973,0.2581081081081081,0
1785189600000,1941.89,1893.6,-0.00929446556822977,0.0,0.005406316452951457,high_volatility,0.21554040894353585,0.46844284933901187,0.3160167417174522,0.2695945945945946,0.4722972972972973,0.2581081081081081,0
1785193200000,1893.61,1892.53,-0.005891584281358719,0.0,0.005333231587157911,high_volatility,0.21032198784939557,0.4895744980463087,0.3001035141042958,0.2695945945945946,0.4722972972972973,0.2581081081081081,0
1785196800000,1892.53,1878.86,0.00017031604270689726,1.0,0.00538589927947842,high_volatility,0.2074561295419356,0.45742010417959833,0.335123766278466,0.2695945945945946,0.4722972972972973,0.2581081081081081,0
1785200400000,1878.86,1875.9,0.0038701423316807038,1.0,0.0053851316839585855,high_volatility,0.1978052539085263,0.4653437238501508,0.3368510222413228,0.2695945945945946,0.4722972972972973,0.2581081081081081,0
1785204000000,1875.9,1876.0,0.006727078891257898,2.0,0.005185485487252243,high_volatility,0.21270646411307628,0.49274120611376504,0.2945523297731586,0.2695945945945946,0.4722972972972973,0.2581081081081081,0
1785207600000,1876.01,1881.38,0.0013022355930221163,1.0,0.005032537668516413,high_volatility,0.2280214521352531,0.4873290382640873,0.2846495096006595,0.2695945945945946,0.4722972972972973,0.2581081081081081,0
1785211200000,1881.37,1879.18,0.0028310220415286302,1.0,0.004823589633484296,high_volatility,0.2215629860295566,0.49154524772913655,0.2868917662413069,0.2695945945945946,0.4722972972972973,0.2581081081081081,0
1785214800000,1879.18,1883.16,-0.003568470018479597,1.0,0.004724471905007058,trending,0.23560173685980051,0.47114187286068576,0.29325639027951383,0.2695945945945946,0.4722972972972973,0.2581081081081081,0
1785218400000,1883.16,1888.62,-0.005204858573985227,0.0,0.00460760368735714,trending,0.25731106321587577,0.4810547145614379,0.2616342222226863,0.2695945945945946,0.4722972972972973,0.2581081081081081,0
1785222000000,1888.62,1883.83,-0.003795459250569233,1.0,0.0044725055638252815,trending,0.25815438765115784,0.474949381458971,0.2668962308898712,0.2695945945945946,0.4722972972972973,0.2581081081081081,0
1785225600000,1883.84,1884.5,0.004234544972141263,1.0,0.004275507790316213,trending,0.24927051397795913,0.47902908680137,0.2717003992206709,0.2695945945945946,0.4722972972972973,0.2581081081081081,0
1785229200000,1884.5,1876.44,-0.0012577007524888772,1.0,0.004222643775335274,trending,0.22576154484742084,0.4577050596874142,0.31653339546516507,0.2695945945945946,0.4722972972972973,0.2581081081081081,0
1785232800000,1876.43,1878.79,0.005407735829975779,2.0,0.004081501920889493,trending,0.22932424926982953,0.4638131586716279,0.3068625920585425,0.2695945945945946,0.4722972972972973,0.2581081081081081,0
1785236400000,1878.8,1876.68,0.023093974465545397,2.0,0.004023050772082446,trending,0.22379632725110088,0.4564952598380773,0.31970841291082175,0.2695945945945946,0.4722972972972973,0.2581081081081081,0
1785240000000,1876.69,1892.48,0.017669935745688203,2.0,0.004128208412784577,trending,0.24938379893992252,0.48039227072425633,0.270223930335821,0.2695945945945946,0.4722972972972973,0.2581081081081081,0
1785243600000,1892.48,1874.08,0.014839281140613059,2.0,0.00477198618374826,high_volatility,0.21443024510558678,0.4582291902625881,0.32734056463182504,0.2695945945945946,0.4722972972972973,0.2581081081081081,0
1785247200000,1874.08,1888.95,0.011789618571163896,2.0,0.004979791882644789,high_volatility,0.2396030078750462,0.4792257870575047,0.2811712050674492,0.2695945945945946,0.4722972972972973,0.2581081081081081,0
1785250800000,1888.96,1920.02,0.0011510296767742734,1.0,0.005438764491939237,high_volatility,0.25293606440704497,0.4735080017128463,0.2735559338801087,0.2695945945945946,0.4722972972972973,0.2581081081081081,0
1785254400000,1920.02,1925.92,-0.0038163578964859335,1.0,0.0053559180546577856,high_volatility,0.2435886324763951,0.49886706584996665,0.25754430167363834,0.2695945945945946,0.4722972972972973,0.2581081081081081,0
1785258000000,1925.92,1901.89,0.011598988374722063,2.0,0.005784543123559977,high_volatility,0.23579175538774957,0.5040856736815833,0.2601225709306671,0.2695945945945946,0.4722972972972973,0.2581081081081081,0
1785261600000,1901.9,1911.22,0.0003557936815228313,1.0,0.005644051644517166,high_volatility,0.23566968770513924,0.5111031132813555,0.25322719901350527,0.2695945945945946,0.4722972972972973,0.2581081081081081,0
1785265200000,1911.22,1922.23,0.0,1.0,0.005456360469441492,high_volatility,0.23888735839230596,0.4813123303103231,0.27980031129737076,0.2695945945945946,0.4722972972972973,0.2581081081081081,0
1785268800000,1922.24,1918.57,-0.0006775879952255481,1.0,0.0052478422250228285,high_volatility,0.2515772858925888,0.48760184128413203,0.2608208728232792,0.2695945945945946,0.4722972972972973,0.2581081081081081,0
1785272400000,1918.57,1923.95,-0.009485693495153158,0.0,0.005108856576671009,high_volatility,0.2179411615196723,0.4941106783804113,0.28794816009991636,0.2695945945945946,0.4722972972972973,0.2581081081081081,0
1785276000000,1923.96,1911.9,-0.0004184319263560443,1.0,0.005154909474454,high_volatility,0.2238579352582096,0.5012399573937826,0.2749021073480078,0.2695945945945946,0.4722972972972973,0.2581081081081081,0
1785279600000,1911.9,1922.23,-0.01536236558580395,0.0,0.00518548503244044,high_volatility,0.22770336833495416,0.5009482538964501,0.2713483777685958,0.2695945945945946,0.4722972972972973,0.2581081081081081,0
1785283200000,1922.22,1917.27,-0.006128505635617287,0.0,0.005099588537749875,high_volatility,0.23879883014176395,0.4932592552094865,0.2679419146487496,0.2695945945945946,0.4722972972972973,0.2581081081081081,0
1785286800000,1917.27,1905.7,0.003589232303090606,1.0,0.005060035888763492,high_volatility,0.22554931613111656,0.5172408543958135,0.25720982947306986,0.2695945945945946,0.4722972972972973,0.2581081081081081,0
1785290400000,1905.69,1911.1,0.004751190413897932,1.0,0.005100197908153705,high_volatility,0.22814428752111032,0.517940721308218,0.2539149911706717,0.2695945945945946,0.4722972972972973,0.2581081081081081,0
1785294000000,1911.11,1892.7,0.0169123474401649,2.0,0.005277149306340263,high_volatility,0.21962425383852563,0.4962567402614621,0.28411900590001216,0.2695945945945946,0.4722972972972973,0.2581081081081081,0
1785297600000,1892.7,1905.52,0.005017003232713257,1.0,0.005360246111951176,high_volatility,0.21747195268381314,0.4927421350515198,0.2897859122646671,0.2695945945945946,0.4722972972972973,0.2581081081081081,0
1785301200000,1905.52,1912.54,0.005108389889884712,1.0,0.005215903242590918,high_volatility,0.21686115058195393,0.5065596297499174,0.27657921966812854,0.2695945945945946,0.4722972972972973,0.2581081081081081,0
1785304800000,1912.53,1920.18,-0.004176691768480012,1.0,0.005110201969108654,high_volatility,0.2302645532103241,0.5049154404377251,0.26482000635195085,0.2695945945945946,0.4722972972972973,0.2581081081081081,0
1785308400000,1920.19,1924.71,-0.004909830571878437,1.0,0.004991868868614709,ranging,0.2355495150640291,0.47461489194047163,0.2898355929954992,0.2695945945945946,0.4722972972972973,0.2581081081081081,0
1785312000000,1924.71,1915.08,-0.005143388265764326,0.0,0.004954910465935345,ranging,0.2212159374575787,0.490719386475084,0.2880646760673374,0.2695945945945946,0.4722972972972973,0.2581081081081081,0
1785315600000,1915.08,1922.31,-0.006799111485660481,0.0,0.004801947699692593,ranging,0.23891192024839786,0.4741792856953796,0.28690879405622244,0.2695945945945946,0.4722972972972973,0.2581081081081081,0
1785319200000,1922.31,1912.16,-0.00885386160153967,0.0,0.004764575030845776,ranging,0.241684747161775,0.46919384911301876,0.28912140372520634,0.2695945945945946,0.4722972972972973,0.2581081081081081,0
1785322800000,1912.16,1915.26,-0.01208713177323184,0.0,0.004567458475714853,ranging,0.21528585840934134,0.49976925185919313,0.28494488973146564,0.2695945945945946,0.4722972972972973,0.2581081081081081,0
1785326400000,1915.26,1905.23,-0.005159482057284337,0.0,0.004555292415485239,ranging,0.2288848109107939,0.47412948328241666,0.2969857058067894,0.2695945945945946,0.4722972972972973,0.2581081081081081,0
1785330000000,1905.23,1909.24,0.0036244788502231007,1.0,0.00458198164841262,ranging,0.22817209123408017,0.4511011716441806,0.32072673712173927,0.2695945945945946,0.4722972972972973,0.2581081081081081,0
1785333600000,1909.24,1895.23,0.013359856059686592,2.0,0.0047399951589516464,ranging,0.2445203307205698,0.433479425629904,0.3220002436495261,0.2695945945945946,0.4722972972972973,0.2581081081081081,0
1785337200000,1895.23,1892.11,-0.0018762122709566897,1.0,0.004669841504469276,ranging,0.23363829700373476,0.4451617368298312,0.32119996616643415,0.2695945945945946,0.4722972972972973,0.2581081081081081,0
1785340800000,1892.11,1895.4,-0.005935422602089235,0.0,0.004594435381799458,ranging,0.2370141402426798,0.45775115115888015,0.3052347085984401,0.2695945945945946,0.4722972972972973,0.2581081081081081,0
1785344400000,1895.4,1916.16,-0.009278974615898439,0.0,0.004729541176647007,ranging,0.22703605533278365,0.49147872986492386,0.2814852148022925,0.2695945945945946,0.4722972972972973,0.2581081081081081,0
1785348000000,1916.15,1920.55,-0.006961547473379959,0.0,0.005306859607685711,high_volatility,0.2216526702958778,0.45884514185558567,0.31950218784853646,0.2695945945945946,0.4722972972972973,0.2581081081081081,0
1785351600000,1920.56,1888.56,0.01173380776888222,2.0,0.00589720512128781,high_volatility,0.2284293699238199,0.46637844487884167,0.3051921851973385,0.2695945945945946,0.4722972972972973,0.2581081081081081,0
1785355200000,1888.57,1884.15,0.007467558315420675,2.0,0.005803827195672581,high_volatility,0.2183778138919538,0.4855587075654033,0.2960634785426429,0.2695945945945946,0.4722972972972973,0.2581081081081081,0
1785358800000,1884.16,1898.38,0.009687206987009978,2.0,0.005944642015803117,high_volatility,0.20632311470462367,0.5055118687207445,0.2881650165746317,0.2695945945945946,0.4722972972972973,0.2581081081081081,0
1785362400000,1898.39,1907.18,0.002060634025105035,1.0,0.0057940992770734116,high_volatility,0.2070003108951052,0.5126902376823707,0.280309451422524,0.2695945945945946,0.4722972972972973,0.2581081081081081,0
1785366000000,1907.18,1910.72,-0.0003820549321721378,1.0,0.005605556071990637,high_volatility,0.2114947770161838,0.5180339404104229,0.27047128257339326,0.2695945945945946,0.4722972972972973,0.2581081081081081,0
1785369600000,1910.72,1898.22,0.001986071161403924,1.0,0.0057095002262405724,high_volatility,0.2034177027971324,0.5077596216583118,0.2888226755445558,0.2695945945945946,0.4722972972972973,0.2581081081081081,0
1785373200000,1898.22,1916.77,-0.0054414457655326265,1.0,0.005796601937966586,high_volatility,0.20401071669119558,0.5046511474988948,0.2913381358099095,0.2695945945945946,0.4722972972972973,0.2581081081081081,0
1785376800000,1916.77,1911.11,-0.005122677396905417,1.0,0.005616249384474048,high_volatility,0.20821875494035402,0.4943999032367998,0.29738134182284626,0.2695945945945946,0.4722972972972973,0.2581081081081081,0
1785380400000,1911.12,1909.99,-0.0035288142869858152,1.0,0.005389800645744162,high_volatility,0.20000531295421262,0.5047382033590841,0.2952564836867032,0.2695945945945946,0.4722972972972973,0.2581081081081081,0
1785384000000,1910.0,1901.99,0.006834946555975607,2.0,0.00523001282715711,ranging,0.22130375046565784,0.475611594805173,0.30308465472916923,0.2695945945945946,0.4722972972972973,0.2581081081081081,0
1785387600000,1902.0,1906.34,0.006200362999255304,2.0,0.005058707008591601,ranging,0.21857558825920576,0.47243097616807617,0.30899343557271813,0.2695945945945946,0.4722972972972973,0.2581081081081081,0
1785391200000,1906.34,1901.32,0.00890959964656135,2.0,0.0048756729063365286,ranging,0.20866900062288982,0.47184703892771945,0.31948396044939065,0.2695945945945946,0.4722972972972973,0.2581081081081081,0
1785394800000,1901.33,1903.25,0.010492578484171844,2.0,0.004695981960690731,ranging,0.21543822317801387,0.4672663375469914,0.3172954392749949,0.2695945945945946,0.4722972972972973,0.2581081081081081,0
1785398400000,1903.26,1914.99,0.005347286408806218,2.0,0.004724126111322486,ranging,0.20944693173287462,0.4640631750649225,0.326489893202203,0.2695945945945946,0.4722972972972973,0.2581081081081081,0
1785402000000,1914.99,1918.16,0.00609959544563532,2.0,0.004607112523198529,ranging,0.2108770667251607,0.46435943442230415,0.3247634988525351,0.2695945945945946,0.4722972972972973,0.2581081081081081,0
1785405600000,1918.15,1918.26,-0.00044832295934849054,1.0,0.004393986754643733,ranging,0.20810461716998474,0.4771123009497291,0.3147830818802862,0.2695945945945946,0.4722972972972973,0.2581081081081081,0
1785409200000,1918.27,1923.22,-0.002246232880273702,1.0,0.004286654576904415,ranging,0.2125062045188447,0.48748072610952514,0.30001306937163014,0.2695945945945946,0.4722972972972973,0.2581081081081081,0
1785412800000,1923.25,1925.23,-0.0030385979856951684,1.0,0.004159070330005968,ranging,0.2339689213029397,0.467223359036675,0.2988077196603854,0.2695945945945946,0.4722972972972973,0.2581081081081081,0
1785416400000,1925.24,1929.86,-0.0046531872778334815,0.0,0.0042933229290017345,ranging,0.2274386919287482,0.4458365803987333,0.3267247276725186,0.2695945945945946,0.4722972972972973,0.2581081081081081,0
1785420000000,1929.86,1917.4,-0.0005789089391885494,1.0,0.0043860606789299025,ranging,0.23368123318293635,0.4626096935993673,0.3037090732176963,0.2695945945945946,0.4722972972972973,0.2581081081081081,0
1785423600000,1917.41,1918.9,0.0024910104747510875,1.0,0.004281538742253469,ranging,0.22691546534799845,0.4801685918176612,0.29291594283434036,0.2695945945945946,0.4722972972972973,0.2581081081081081,0
1785427200000,1918.9,1919.38,0.0011983036188769614,1.0,0.004198229971681048,ranging,0.23018093264954928,0.4773153886103883,0.2925036787400624,0.2695945945945946,0.4722972972972973,0.2581081081081081,0
1785430800000,1919.37,1920.88,-0.0011505143475907254,1.0,0.004098790374336884,ranging,0.22518052314424983,0.48139902337138696,0.2934204534843633,0.2695945945945946,0.4722972972972973,0.2581081081081081,0
1785434400000,1920.88,1916.29,0.004874001325477995,2.0,0.003992263991706112,low_liquidity,0.20554600119881372,0.5020542146660528,0.2923997841351333,0.2695945945945946,0.4722972972972973,0.2581081081081081,0
1785438000000,1916.3,1923.68,-0.002791524577892446,1.0,0.003990059318622363,ranging,0.22131241186357511,0.4805764736801259,0.29811111445629895,0.2695945945945946,0.4722972972972973,0.2581081081081081,0
1785441600000,1923.69,1921.68,-0.002357312351692231,1.0,0.0038739453064363747,low_liquidity,0.21469517571507404,0.4994454720978067,0.28585935218711933,0.2695945945945946,0.4722972972972973,0.2581081081081081,0
1785445200000,1921.69,1918.67,-0.004331125206523345,0.0,0.0037666077399651264,low_liquidity,0.2137727344910736,0.49817146783570054,0.28805579767322587,0.2695945945945946,0.4722972972972973,0.2581081081081081,0
1785448800000,1918.66,1925.63,-0.011154790899601696,0.0,0.0038724025955774624,ranging,0.2212212621719639,0.47087376034379325,0.30790497748424284,0.2695945945945946,0.4722972972972973,0.2581081081081081,0
1785452400000,1925.62,1918.31,-0.004905359404892784,0.0,0.004027748752495083,ranging,0.22477583274972338,0.4529773952580187,0.322246771992258,0.2695945945945946,0.4722972972972973,0.2581081081081081,0
1785456000000,1918.32,1917.15,-0.0058367889836475895,0.0,0.003900362488298662,trending,0.21781817442687684,0.47230806696882954,0.30987375860429367,0.2695945945945946,0.4722972972972973,0.2581081081081081,0
1785459600000,1917.15,1910.36,-0.0022142423417574886,1.0,0.004293302207726862,trending,0.22229464250469555,0.44799541600399584,0.3297099414913085,0.2695945945945946,0.4722972972972973,0.2581081081081081,0
1785463200000,1910.35,1904.15,-0.0008087598140903429,1.0,0.004233714573513874,trending,0.23825068569679264,0.4610188526952051,0.30073046160800215,0.2695945945945946,0.4722972972972973,0.2581081081081081,0
1785466800000,1904.15,1908.9,-0.00979621771700978,0.0,0.00420238876791547,trending,0.23375928961581055,0.4614912634946277,0.3047494468895616,0.2695945945945946,0.4722972972972973,0.2581081081081081,0
1785470400000,1908.9,1905.96,-0.008137631429830594,0.0,0.004048774031682569,low_liquidity,0.21277506290589807,0.4714013371478202,0.31582359994628173,0.2695945945945946,0.4722972972972973,0.2581081081081081,0
1785474000000,1905.97,1906.13,-0.011746313210536541,0.0,0.003930342691157107,low_liquidity,0.21480748849349643,0.47279976179802996,0.31239274970847375,0.2695945945945946,0.4722972972972973,0.2581081081081081,0
1785477600000,1906.14,1902.61,-0.008141447800652846,0.0,0.0039009823903794925,trending,0.23534288272851386,0.4654940778844564,0.29916303938702976,0.2695945945945946,0.4722972972972973,0.2581081081081081,0
1785481200000,1902.6,1890.2,-0.003142524600571406,1.0,0.004059911474782678,trending,0.23852259363364567,0.43187563649153643,0.3296017698748179,0.2695945945945946,0.4722972972972973,0.2581081081081081,0
1785484800000,1890.2,1890.45,-0.003983178608267912,0.0,0.003885264683965827,ranging,0.2454842802172193,0.43448277608092206,0.3200329437018586,0.2695945945945946,0.4722972972972973,0.2581081081081081,0
1785488400000,1890.45,1883.74,-0.00882287364498291,0.0,0.0038444675441804046,ranging,0.2386886907268442,0.4366422796470076,0.3246690296261482,0.2695945945945946,0.4722972972972973,0.2581081081081081,0
1785492000000,1883.73,1887.12,-0.01427042265462708,0.0,0.0038412162748287315,ranging,0.23976287782276606,0.4439064542648324,0.31633066791240155,0.2695945945945946,0.4722972972972973,0.2581081081081081,0
1785495600000,1887.12,1884.26,-0.011314786706717705,0.0,0.0037392045052628583,ranging,0.23952527295382237,0.4496887341681071,0.31078599287807057,0.2695945945945946,0.4722972972972973,0.2581081081081081,0
1785499200000,1884.27,1882.92,-0.009745501667622669,0.0,0.0037297402535167922,ranging,0.2464559860756536,0.4337892555558729,0.3197547583684735,0.2695945945945946,0.4722972972972973,0.2581081081081081,0
1785502800000,1882.93,1867.12,0.004225759458417189,2.0,0.0040804796667738025,ranging,0.22139182752559655,0.4468836635197629,0.3317245089546406,0.2695945945945946,0.4722972972972973,0.2581081081081081,0
1785506400000,1867.13,1860.19,0.00625742531676865,2.0,0.00430054716148608,trending,0.21583753107756676,0.4472129776058585,0.3369494913165747,0.2695945945945946,0.4722972972972973,0.2581081081081081,0
1785510000000,1860.2,1862.94,0.002818126187638992,1.0,0.0042580104840514105,trending,0.213660901873852,0.45623454020201215,0.33010455792413573,0.2695945945945946,0.4722972972972973,0.2581081081081081,0
1785513600000,1862.93,1864.57,-0.0012442547075196542,1.0,0.004099583077563788,trending,0.21467083585705993,0.4849397604070206,0.30038940373591955,0.2695945945945946,0.4722972972972973,0.2581081081081081,0
1785517200000,1864.57,1875.01,-0.007039962453533555,0.0,0.004125672283886124,trending,0.23817408081420494,0.48871302268152494,0.27311289650427006,0.2695945945945946,0.4722972972972973,0.2581081081081081,0
1785520800000,1875.01,1871.83,-0.00552400591934088,0.0,0.004107431850767934,trending,0.234646036957415,0.4871642909639159,0.2781896720786692,0.2695945945945946,0.4722972972972973,0.2581081081081081,0
1785524400000,1871.82,1868.19,-0.002992201007392281,1.0,0.0040201395887347864,trending,0.2177275520696057,0.5179769217820605,0.2642955261483338,0.2695945945945946,0.4722972972972973,0.2581081081081081,0
1785528000000,1868.19,1862.25,0.0013156128339375517,1.0,0.003955008323940693,trending,0.2138375785589941,0.5009816796265457,0.2851807418144601,0.2695945945945946,0.4722972972972973,0.2581081081081081,0
1785531600000,1862.25,1861.81,0.0028037232585493843,1.0,0.003792844646045712,trending,0.2255383141716429,0.4854700992452478,0.28899158658310925,0.2695945945945946,0.4722972972972973,0.2581081081081081,0
1785535200000,1861.81,1861.49,0.003631499497714241,1.0,0.003678168302040177,trending,0.2280528118545652,0.4777903164445364,0.2941568717008983,0.2695945945945946,0.4722972972972973,0.2581081081081081,0
1785538800000,1861.49,1862.6,0.003908514979061639,2.0,0.003501302160702473,low_liquidity,0.2343713728526688,0.4863364075606433,0.27929221958668793,0.2695945945945946,0.4722972972972973,0.2581081081081081,0
1785542400000,1862.6,1864.7,0.0027135732289376158,1.0,0.0033684403565038237,trending,0.23626196499401694,0.4888838695777115,0.2748541654282715,0.2695945945945946,0.4722972972972973,0.2581081081081081,0
1785546000000,1864.69,1867.03,0.0002999416185063275,1.0,0.003188666320536773,low_liquidity,0.2363725711844972,0.49699193184987317,0.2666354969656297,0.2695945945945946,0.4722972972972973,0.2581081081081081,0
1785549600000,1867.03,1868.25,0.001204335608189444,1.0,0.0030337544243319004,low_liquidity,0.22909564295146528,0.5125593344485602,0.2583450225999745,0.2695945945945946,0.4722972972972973,0.2581081081081081,0
1785553200000,1868.25,1869.88,-4.278349412800697e-05,1.0,0.0028929874851539358,low_liquidity,0.22899447176893895,0.5118417473276725,0.2591637809033886,0.2695945945945946,0.4722972972972973,0.2581081081081081,0
1785556800000,1869.88,1869.76,-0.00014440355981515385,1.0,0.002764450009765014,low_liquidity,0.2282560192135087,0.4900627573163324,0.2816812234701589,0.2695945945945946,0.4722972972972973,0.2581081081081081,0
1785560400000,1869.76,1867.59,0.00018205280602279217,1.0,0.002701004069161595,trending,0.2292757469166125,0.47819675630491076,0.29252749677847684,0.2695945945945946,0.4722972972972973,0.2581081081081081,0
1785564000000,1867.58,1870.5,-0.0016840417000802965,1.0,0.002613005936679709,trending,0.2238241682566377,0.47802658797119457,0.2981492437721677,0.2695945945945946,0.4722972972972973,0.2581081081081081,0
1785567600000,1870.5,1869.8,-0.0015509680179697227,1.0,0.0025072642933267174,low_liquidity,0.21632379249376124,0.4797984907113682,0.3038777167948706,0.2695945945945946,0.4722972972972973,0.2581081081081081,0
1785571200000,1869.81,1869.49,-0.00023000925386074123,1.0,0.0025,low_liquidity,0.2069241549687534,0.47275789201778545,0.3203179530134612,0.2695945945945946,0.4722972972972973,0.2581081081081081,0
1785574800000,1869.5,1867.93,0.0007227251556536363,1.0,0.0025,trending,0.2078941418428063,0.4579349879030249,0.3341708702541689,0.2695945945945946,0.4722972972972973,0.2581081081081081,0
1785578400000,1867.94,1867.35,0.004193107880151148,2.0,0.0025,trending,0.21287144130169888,0.4489782743499099,0.3381502843483913,0.2695945945945946,0.4722972972972973,0.2581081081081081,0
1785582000000,1867.36,1866.9,0.0017087149820558256,1.0,0.0025,trending,0.21244264876612445,0.46032699766045104,0.32723035357342445,0.2695945945945946,0.4722972972972973,0.2581081081081081,0
1785585600000,1866.9,1869.06,-0.00014445764180925913,1.0,0.0025,trending,0.21728573496043752,0.46407584214298,0.31863842289658245,0.2695945945945946,0.4722972972972973,0.2581081081081081,0
1785589200000,1869.07,1869.28,-0.00385710005991613,0.0,0.0025,trending,0.20197132598444317,0.46023920186702405,0.3377894721485328,0.2695945945945946,0.4722972972972973,0.2581081081081081,0
1785592800000,1869.29,1875.18,-0.020462035644578158,0.0,0.0025,ranging,0.20117839959230432,0.46560825802069317,0.3332133423870026,0.2695945945945946,0.4722972972972973,0.2581081081081081,0
1785596400000,1875.18,1870.09,-0.017533915480003603,0.0,0.0025,ranging,0.1980062367058803,0.4679922074924168,0.3340015558017028,0.2695945945945946,0.4722972972972973,0.2581081081081081,0
1785600000000,1870.1,1868.79,-0.016256508221897503,0.0,0.0025,ranging,0.20098029416879798,0.4481376007099784,0.3508821051212237,0.2695945945945946,0.4722972972972973,0.2581081081081081,0
1785603600000,1868.79,1862.07,-0.00874832847315088,0.0,0.0025,ranging,0.21880528269039265,0.431652341533396,0.34954237577621156,0.2695945945945946,0.4722972972972973,0.2581081081081081,0
1785607200000,1862.06,1836.81,0.005700099629248445,2.0,0.002965300975438278,ranging,0.22272420280271196,0.4016671170253673,0.37560868017192084,0.2695945945945946,0.4722972972972973,0.2581081081081081,0
1785610800000,1836.8,1837.3,0.0041582757306919405,2.0,0.0029015802808870206,trending,0.22767104397332136,0.4492279636936685,0.32310099233301004,0.2695945945945946,0.4722972972972973,0.2581081081081081,0
1785614400000,1837.29,1838.41,0.004503891950109029,2.0,0.0028654401999149283,trending,0.23974540830302052,0.4563320352115469,0.30392255648543254,0.2695945945945946,0.4722972972972973,0.2581081081081081,0
1785618000000,1838.41,1845.78,0.006127490816890457,2.0,0.002867239283006678,trending,0.25011511607730175,0.46622924554678197,0.28365563837591634,0.2695945945945946,0.4722972972972973,0.2581081081081081,0
1785621600000,1845.79,1847.28,0.016034385691394926,2.0,0.0027646751675531,trending,0.2522290901288908,0.4706358243313762,0.277135085539733,0.2695945945945946,0.4722972972972973,0.2581081081081081,0
1785625200000,1847.28,1844.94,0.017610328791180185,2.0,0.002703095217410371,trending,0.2435330324439949,0.4728915979464017,0.2835753696096034,0.2695945945945946,0.4722972972972973,0.2581081081081081,0
1785628800000,1844.95,1846.69,0.01869831969632152,2.0,0.0026475798929558965,trending,0.24897549632822064,0.4671473424214903,0.283877161250289,0.2695945945945946,0.4722972972972973,0.2581081081081081,0
1785632400000,1846.69,1857.09,0.010360294869930842,2.0,0.002738246052495165,trending,0.25085760755577163,0.4652419784526621,0.28390041399156624,0.2695945945945946,0.4722972972972973,0.2581081081081081,0
1785636000000,1857.09,1876.9,0.0003409877990303567,1.0,0.003159282468095843,trending,0.24636840016517997,0.4670471312352446,0.2865844685995753,0.2695945945945946,0.4722972972972973,0.2581081081081081,0
1785639600000,1876.9,1877.43,-0.0007084152271989996,1.0,0.003074778684417306,trending,0.25195006441092194,0.483316275010824,0.26473366057825415,0.2695945945945946,0.4722972972972973,0.2581081081081081,0
1785643200000,1877.44,1881.22,-0.006921040601311934,0.0,0.0029687749246048757,trending,0.26596220005436966,0.46951989622305457,0.2645179037225756,0.2695945945945946,0.4722972972972973,0.2581081081081081,0
1785646800000,1881.21,1876.33,-0.002867299462248063,1.0,0.0029333837836798215,trending,0.26065920664972353,0.45586810028698677,0.2834726930632898,0.2695945945945946,0.4722972972972973,0.2581081081081081,0
1785650400000,1876.32,1877.54,-0.00468165791407904,0.0,0.002820938489909115,trending,0.2533918938287153,0.47040057870911106,0.27620752746217364,0.2695945945945946,0.4722972972972973,0.2581081081081081,0
1785654000000,1877.54,1876.1,-0.012536645168167992,0.0,0.002692497471215798,trending,0.2440270503979874,0.48314839591765885,0.27282455368435365,0.2695945945945946,0.4722972972972973,0.2581081081081081,0
1785657600000,1876.1,1868.2,-0.005962958997966061,0.0,0.002785115106012032,trending,0.24219208014479787,0.45697745724646144,0.30083046260874075,0.2695945945945946,0.4722972972972973,0.2581081081081081,0
1785661200000,1868.19,1870.95,-0.00858387450225817,0.0,0.002826790688216905,ranging,0.2240579183126296,0.4830724576007287,0.2928696240866416,0.2695945945945946,0.4722972972972973,0.2581081081081081,0
1785664800000,1870.94,1868.75,-0.007389966555183869,0.0,0.0027541019587406573,ranging,0.2328194795325737,0.48215935432204127,0.28502116614538503,0.2695945945945946,0.4722972972972973,0.2581081081081081,0
1785668400000,1868.76,1852.58,0.0033682755940365183,2.0,0.003047929469024505,ranging,0.2349169621294845,0.44105988315926664,0.32402315471124876,0.2695945945945946,0.4722972972972973,0.2581081081081081,0
1785672000000,1852.65,1857.06,0.0032686073686365447,2.0,0.0030107855306017645,ranging,0.2362021624518845,0.4635401091762659,0.3002577283718496,0.2695945945945946,0.4722972972972973,0.2581081081081081,0
1785675600000,1857.07,1854.89,0.007418229652432107,2.0,0.0029293120156902255,ranging,0.23234252267234234,0.4709752862381773,0.29668219108948024,0.2695945945945946,0.4722972972972973,0.2581081081081081,0
1785679200000,1854.88,1854.94,0.011277992819174631,2.0,0.0028782667726714034,ranging,0.23056400003090352,0.48933891519546274,0.2800970847736338,0.2695945945945946,0.4722972972972973,0.2581081081081081,0
1785682800000,1854.95,1858.82,0.012577871983301403,2.0,0.0028801358686420192,ranging,0.22284938181131458,0.47425266272082206,0.3028979554678634,0.2695945945945946,0.4722972972972973,0.2581081081081081,0
1785686400000,1858.82,1863.13,0.011083499272729114,2.0,0.0028906618746617294,ranging,0.222397772436808,0.47801589350619766,0.29958633405699436,0.2695945945945946,0.4722972972972973,0.2581081081081081,0
1785690000000,1863.13,1868.65,0.011655473202579314,2.0,0.0028636343716816385,ranging,0.24156200996432084,0.4721245114009805,0.28631347863469864,0.2695945945945946,0.4722972972972973,0.2581081081081081,0
1785693600000,1868.64,1875.86,0.0033318051453732345,2.0,0.0030763297440852895,ranging,0.24647123016651348,0.4450649011256063,0.30846386870788023,0.2695945945945946,0.4722972972972973,0.2581081081081081,0
1785697200000,1875.86,1882.2,0.0016788864095207412,1.0,0.0030548571913800674,ranging,0.24663503396332873,0.46835477013578825,0.285010195900883,0.2695945945945946,0.4722972972972973,0.2581081081081081,0
1785700800000,1882.2,1883.78,-0.005260699232394472,0.0,0.0029730526112771135,ranging,0.23919820863605362,0.46422010976117845,0.2965816816027679,0.2695945945945946,0.4722972972972973,0.2581081081081081,0
1785704400000,1883.79,1890.43,-0.012293499362578841,0.0,0.0031216443433856223,ranging,0.25338200341644607,0.41970802717986144,0.3269099694036925,0.2695945945945946,0.4722972972972973,0.2581081081081081,0
1785708000000,1890.44,1882.11,-0.009351206890139241,0.0,0.0033054182922686412,ranging,0.24772387930099807,0.432915377438386,0.31936074326061603,0.2695945945945946,0.4722972972972973,0.2581081081081081,0
1785711600000,1882.1,1885.36,-0.014925531463486963,0.0,0.003275202109441869,ranging,0.25777270346505887,0.4346472956206567,0.30758000091428456,0.2695945945945946,0.4722972972972973,0.2581081081081081,0
1785715200000,1885.36,1873.87,-0.01008607854333543,0.0,0.0033862752957304243,ranging,0.25626812114412034,0.4303633273065565,0.31336855154932314,0.2695945945945946,0.4722972972972973,0.2581081081081081,0
1785718800000,1873.86,1867.19,-0.003914973837691904,0.0,0.0033741579573482385,ranging,0.2362156589221378,0.44517512093702205,0.31860922014084003,0.2695945945945946,0.4722972972972973,0.2581081081081081,0
1785722400000,1867.19,1864.51,-0.008168365951375933,0.0,0.0033468204190359356,ranging,0.22923492416229196,0.46124864358338247,0.30951643225432546,0.2695945945945946,0.4722972972972973,0.2581081081081081,0
1785726000000,1864.51,1857.22,-0.007134319035978498,0.0,0.003458254111500639,ranging,0.22588782895746493,0.45947072131687927,0.3146414497256558,0.2695945945945946,0.4722972972972973,0.2581081081081081,0
1785729600000,1857.21,1854.97,-0.007897701849625682,0.0,0.0034075869964972833,ranging,0.22883266833671057,0.47245981119239483,0.29870752047089466,0.2695945945945946,0.4722972972972973,0.2581081081081081,0
1785733200000,1854.97,1859.88,-0.0038981009527496724,0.0,0.0033254308058892987,ranging,0.23660976599427674,0.46477111786378084,0.29861911614194236,0.2695945945945946,0.4722972972972973,0.2581081081081081,0
1785736800000,1859.88,1849.28,-0.001643883024744719,1.0,0.003446968133325477,ranging,0.22698727040881805,0.4424504109626536,0.3305623186285285,0.2695945945945946,0.4722972972972973,0.2581081081081081,0
1785740400000,1849.29,1843.97,-0.0022126173419306783,1.0,0.003440996482928132,ranging,0.24274246887470288,0.42944616320850443,0.3278113679167927,0.2695945945945946,0.4722972972972973,0.2581081081081081,0
1785744000000,1843.96,1840.32,0.001836637106590322,1.0,0.003596277731983136,ranging,0.23850736000090128,0.42025016239790786,0.3412424776011908,0.2695945945945946,0.4722972972972973,0.2581081081081081,0
1785747600000,1840.32,1852.63,0.0035355143768587283,1.0,0.0036540302112750044,ranging,0.2516205417144292,0.4389829914489278,0.3093964668366431,0.2695945945945946,0.4722972972972973,0.2581081081081081,0
1785751200000,1852.62,1846.24,0.014922220296386124,2.0,0.0037044540670338254,ranging,0.2497226427629351,0.44904044435693863,0.3012369128801262,0.2695945945945946,0.4722972972972973,0.2581081081081081,0
1785754800000,1846.24,1839.89,0.012745327166297837,2.0,0.003670679326223964,ranging,0.2602824164697697,0.44576505118021614,0.2939525323500142,0.2695945945945946,0.4722972972972973,0.2581081081081081,0
1785758400000,1839.88,1843.7,0.012214568530672043,2.0,0.003602050241046374,ranging,0.24898555544159467,0.44607154796333576,0.3049428965950695,0.2695945945945946,0.4722972972972973,0.2581081081081081,0
1785762000000,1843.69,1859.18,0.005195839025806892,2.0,0.003819898341604654,ranging,0.24777437854621612,0.44749942804578896,0.30472619340799495,0.2695945945945946,0.4722972972972973,0.2581081081081081,0
1785765600000,1859.18,1873.79,-0.002577663452147716,1.0,0.004045674495605127,ranging,0.259084756282221,0.44667868283843826,0.29423656087934086,0.2695945945945946,0.4722972972972973,0.2581081081081081,0
1785769200000,1873.79,1863.34,0.003681561067760075,1.0,0.004091718456817137,ranging,0.2541351530450037,0.4579258997534712,0.2879389472015251,0.2695945945945946,0.4722972972972973,0.2581081081081081,0
1785772800000,1863.34,1866.22,0.0014735668892198461,1.0,0.0040356371512328725,ranging,0.243119198593175,0.4740053021491817,0.28287549925764327,0.2695945945945946,0.4722972972972973,0.2581081081081081,0
1785776400000,1866.22,1868.84,-0.002803878341645083,1.0,0.00400103150070401,ranging,0.2433419014803384,0.4526326872867996,0.304025411232862,0.2695945945945946,0.4722972972972973,0.2581081081081081,0
1785780000000,1868.85,1868.96,-0.004580087321291004,0.0,0.0038819427545297856,ranging,0.23149236970427686,0.47207369512956077,0.29643393516616234,0.2695945945945946,0.4722972972972973,0.2581081081081081,0
1785783600000,1868.96,1870.2,-0.005186611057640955,0.0,0.003792472329031953,ranging,0.22952473407308358,0.472463913658088,0.2980113522688284,0.2695945945945946,0.4722972972972973,0.2581081081081081,0
1785787200000,1870.2,1868.97,-0.0094544053676624,0.0,0.0037389907942733283,ranging,0.23510004343752017,0.4432068468256289,0.32169310973685095,0.2695945945945946,0.4722972972972973,0.2581081081081081,0
1785790800000,1868.97,1863.6,0.002167847177505955,1.0,0.0036102474903431684,ranging,0.22665131516802994,0.4621223663584723,0.3112263184734977,0.2695945945945946,0.4722972972972973,0.2581081081081081,0
1785794400000,1863.6,1860.4,0.0031014835519243,1.0,0.003673048188524963,ranging,0.23210710455673067,0.4470009957274566,0.3208918997158127,0.2695945945945946,0.4722972972972973,0.2581081081081081,0
1785798000000,1860.39,1860.5,0.0019833378124161083,1.0,0.0035090952911703433,ranging,0.22466256294131814,0.4677028897892707,0.30763454726941114,0.2695945945945946,0.4722972972972973,0.2581081081081081,0
1785801600000,1860.5,1851.3,0.009026089774752943,2.0,0.0036158658108931705,ranging,0.2414124124693582,0.4458585510655532,0.3127290364650887,0.2695945945945946,0.4722972972972973,0.2581081081081081,0
1785805200000,1851.3,1867.64,-0.0017241010044762861,1.0,0.003800926795473926,ranging,0.22691302446246855,0.44099034881762184,0.33209662671990947,0.2695945945945946,0.4722972972972973,0.2581081081081081,0
1785808800000,1867.64,1866.17,-0.004935241698237558,0.0,0.003771280903205344,ranging,0.2307408364676966,0.46006244268012964,0.30919672085217387,0.2695945945945946,0.4722972972972973,0.2581081081081081,0
1785812400000,1866.17,1864.19,-0.0001716563225852008,1.0,0.0037028746564287695,ranging,0.23431903618258038,0.4467416293608263,0.3189393344565933,0.2695945945945946,0.4722972972972973,0.2581081081081081,0
1785816000000,1864.2,1868.01,-0.005417529884743644,0.0,0.0037208887982009657,ranging,0.2421500996641234,0.443873219458724,0.3139766808771527,0.2695945945945946,0.4722972972972973,0.2581081081081081,0
1785819600000,1868.0,1864.42,-0.0030626146469143745,1.0,0.0036056616339917285,ranging,0.2184824816974195,0.47701138185362374,0.3045061364489568,0.2695945945945946,0.4722972972972973,0.2581081081081081,0
1785823200000,1864.42,1856.96,0.005374375323108804,2.0,0.004002935659334501,ranging,0.23704846968615487,0.4366994334530367,0.3262520968608084,0.2695945945945946,0.4722972972972973,0.2581081081081081,0
1785826800000,1856.96,1863.87,0.004839393305327233,2.0,0.003966278619425917,ranging,0.22135973973576575,0.4605428873735181,0.318097372890716,0.2695945945945946,0.4722972972972973,0.2581081081081081,0
1785830400000,1863.88,1857.89,0.009268578871730826,2.0,0.00390059078136496,ranging,0.2376339251015278,0.4740879494430375,0.28827812545543474,0.2695945945945946,0.4722972972972973,0.2581081081081081,0
1785834000000,1857.88,1858.71,0.0018023252686001356,1.0,0.0037437367040378945,ranging,0.24594658501141736,0.4505045961352264,0.30354881885335633,0.2695945945945946,0.4722972972972973,0.2581081081081081,0
1785837600000,1858.71,1866.94,0.0032620223467276777,1.0,0.0038953264638969805,ranging,0.23337969323919305,0.4524318087385582,0.31418849802224874,0.2695945945945946,0.4722972972972973,0.2581081081081081,0
1785841200000,1866.95,1872.89,9.610815370897363e-05,1.0,0.00380239058546653,ranging,0.2335665799928318,0.4729033060241771,0.2935301139829911,0.2695945945945946,0.4722972972972973,0.2581081081081081,0
1785844800000,1872.88,1875.11,-0.002895830111300013,1.0,0.00384453525191236,ranging,0.22744224030284646,0.47359251355759435,0.29896524613955916,0.2695945945945946,0.4722972972972973,0.2581081081081081,0
1785848400000,1875.11,1862.06,0.004011685982191704,2.0,0.004000486575189923,ranging,0.20937215122016872,0.3856918873142684,0.4049359614655628,0.269150521609538,0.46736214605067067,0.2634873323397914,1
1785852000000,1862.06,1873.03,0.0012066010688562834,1.0,0.004081732289337748,ranging,0.210858670243037,0.44254722078915004,0.34659410896781284,0.269150521609538,0.46736214605067067,0.2634873323397914,1
1785855600000,1873.02,1873.07,0.0011692035001362733,1.0,0.004151614019027495,ranging,0.21058510734590605,0.4624663693951927,0.32694852325890134,0.269150521609538,0.46736214605067067,0.2634873323397914,1
1785859200000,1873.08,1869.68,0.0037279106585084154,1.0,0.004055523165081637,ranging,0.21933483893819244,0.5017608941310778,0.2789042669307298,0.269150521609538,0.46736214605067067,0.2634873323397914,1
1785862800000,1869.69,1869.53,0.001492353693174131,1.0,0.004015329183834896,ranging,0.2037165330145228,0.484004703696755,0.3122787632887222,0.269150521609538,0.46736214605067067,0.2634873323397914,1
1785866400000,1869.54,1875.29,0.00018663780002037278,1.0,0.003983083713441393,ranging,0.20870481984732156,0.47164953861161285,0.31964564154106556,0.269150521609538,0.46736214605067067,0.2634873323397914,1
1785870000000,1875.29,1875.26,-0.0029382592280536857,1.0,0.0038803259944424342,ranging,0.22949061833505954,0.49029023867387084,0.28021914299106965,0.269150521609538,0.46736214605067067,0.2634873323397914,1
1785873600000,1875.26,1876.65,-0.0067780353289105255,0.0,0.003912673480342839,ranging,0.21254926409308744,0.47612414433484535,0.31132659157206716,0.269150521609538,0.46736214605067067,0.2634873323397914,1
1785877200000,1876.65,1872.32,0.0005608015723808091,1.0,0.0037514704037737052,low_liquidity,0.1496685461428678,0.6268841403191973,0.223447313537935,0.269150521609538,0.46736214605067067,0.2634873323397914,1
1785880800000,1872.32,1875.64,-0.0006131240536564331,1.0,0.0036701906649431893,ranging,0.21722264854806383,0.48954712834107456,0.2932302231108616,0.269150521609538,0.46736214605067067,0.2634873323397914,1
1785884400000,1875.64,1869.75,-0.0010696617194811964,1.0,0.0036986393690647185,ranging,0.23480821380655684,0.4342254718005481,0.330966314392895,0.269150521609538,0.46736214605067067,0.2634873323397914,1
1785888000000,1869.74,1863.93,0.0019153079783038596,1.0,0.0036875197828556494,ranging,0.24576297595280786,0.4121580398452699,0.34207898420192223,0.269150521609538,0.46736214605067067,0.2634873323397914,1
1785891600000,1863.94,1873.37,4.8041764307171775e-05,1.0,0.0037056452022350794,ranging,0.21199372416537451,0.4759921364893032,0.3120141393453223,0.269150521609538,0.46736214605067067,0.2634873323397914,1
1785895200000,1873.37,1874.49,-0.0024593356059514626,1.0,0.0035646487914291615,ranging,0.21999333983859046,0.46675349922988696,0.31325316093152245,0.269150521609538,0.46736214605067067,0.2634873323397914,1
1785898800000,1874.49,1867.75,0.0023825458439299396,1.0,0.0036046687446545152,ranging,0.28460928664420704,0.4015801053799765,0.3138106079758165,0.269150521609538,0.46736214605067067,0.2634873323397914,1
1785902400000,1867.75,1867.5,0.0013333333333334085,1.0,0.0034575659063595375,ranging,0.25680664587533936,0.4328098299880618,0.31038352413659887,0.269150521609538,0.46736214605067067,0.2634873323397914,1
1785906000000,1867.5,1873.46,-0.0008113330415381315,1.0,0.003440122870122801,ranging,0.24001623757872648,0.4883663488868634,0.27161741353441027,0.269150521609538,0.46736214605067067,0.2634873323397914,1
1785909600000,1873.46,1869.88,-0.0008289301987294273,1.0,0.003324969810873404,ranging,0.2391953399099596,0.4283823135365548,0.33242234655348557,0.269150521609538,0.46736214605067067,0.2634873323397914,1
1785913200000,1869.88,1872.2,-0.0017519495780364824,1.0,0.003282113829010467,ranging,0.2581054571212445,0.3945634193556571,0.3473311235230985,0.269150521609538,0.46736214605067067,0.2634873323397914,1
1785916800000,1872.2,1869.99,0.0033476114845534255,2.0,0.003199790053833526,ranging,0.23677023613346143,0.37962400831112364,0.3836057555554148,0.269150521609538,0.46736214605067067,0.2634873323397914,1
1785920400000,1869.99,1871.94,0.0035204119790164246,2.0,0.003100239790804727,ranging,0.22302131238720546,0.4267327555617281,0.3502459320510666,0.269150521609538,0.46736214605067067,0.2634873323397914,1
1785924000000,1871.94,1868.33,0.004046394373585116,2.0,0.0031114500788705472,ranging,0.23741020234197943,0.3835014093965269,0.3790883882614937,0.269150521609538,0.46736214605067067,0.2634873323397914,1
1785927600000,1868.32,1868.92,0.002669991224878654,1.0,0.002977265779018699,ranging,0.22025721363198753,0.3921624544345303,0.3875803319334822,0.269150521609538,0.46736214605067067,0.2634873323397914,1
1785931200000,1868.92,1876.25,0.01029180546302455,2.0,0.003160846303470339,ranging,0.18856295953197308,0.38248031566048146,0.4289567248075454,0.269150521609538,0.46736214605067067,0.2634873323397914,1
1785934800000,1876.26,1878.53,0.020345695836638145,2.0,0.003479277961244807,ranging,0.18771961865314057,0.3390683724344365,0.47321200891242304,0.269150521609538,0.46736214605067067,0.2634873323397914,1
1785938400000,1878.52,1875.89,0.022479996161821836,2.0,0.0035460145154331936,ranging,0.20317619680416862,0.3670566520990062,0.4297671510968252,0.269150521609538,0.46736214605067067,0.2634873323397914,1
1785942000000,1875.89,1873.91,0.023010710226211373,2.0,0.0035205659061849906,ranging,0.24751203734947608,0.42489990187744875,0.3275880607730753,0.269150521609538,0.46736214605067067,0.2634873323397914,1
1785945600000,1873.91,1895.56,0.011363396568824013,2.0,0.003772571827412044,ranging,0.2080589059027833,0.403390188924463,0.38855090517275365,0.269150521609538,0.46736214605067067,0.2634873323397914,1
1785949200000,1895.55,1916.75,-0.00417373157688794,0.0,0.00406024972670254,ranging,0.2814738469919472,0.4199724346804093,0.2985537183276435,0.269150521609538,0.46736214605067067,0.2634873323397914,1
1785952800000,1916.75,1918.06,-0.005839233392073262,0.0,0.004082707364567106,ranging,0.26403103521214305,0.4380052764052378,0.29796368838261905,0.269150521609538,0.46736214605067067,0.2634873323397914,1
1785956400000,1918.05,1917.03,-0.004240935196632267,0.0,0.003913844776997329,ranging,0.3320858070204373,0.4285477549228031,0.23936643805675956,0.269150521609538,0.46736214605067067,0.2634873323397914,1
1785960000000,1917.02,1917.1,-0.003494862031192869,1.0,0.003809640010097596,ranging,0.2786907331428461,0.4057407930103706,0.3155684738467833,0.269150521609538,0.46736214605067067,0.2634873323397914,1
1785963600000,1917.1,1908.75,-0.0010478061558611973,1.0,0.0037865091673180045,ranging,0.35895785473376635,0.37644426768160133,0.26459787758463243,0.269150521609538,0.46736214605067067,0.2634873323397914,1
1785967200000,1908.75,1906.86,-0.004011830968188468,0.0,0.0036732598486718337,ranging,0.3240789992061107,0.408585096433907,0.2673359043599824,0.269150521609538,0.46736214605067067,0.2634873323397914,1
1785970800000,1906.85,1908.9,-0.005170517051705237,0.0,0.0035861752683108016,ranging,0.2943373363668417,0.40843293428257843,0.2972297293505799,0.269150521609538,0.46736214605067067,0.2634873323397914,1
1785974400000,1908.91,1910.4,-0.0014133165829145478,1.0,0.003478383345515538,ranging,0.2697777987260515,0.40905363496214375,0.3211685663118047,0.269150521609538,0.46736214605067067,0.2634873323397914,1
1785978000000,1910.4,1906.75,0.003980595253703978,2.0,0.003412551127106617,ranging,0.30253498005454355,0.40011791730023005,0.29734710264522646,0.269150521609538,0.46736214605067067,0.2634873323397914,1
1785981600000,1906.74,1899.21,0.007608426661611878,2.0,0.003536111789373215,ranging,0.28171353741427185,0.42106921246995715,0.297217250115771,0.269150521609538,0.46736214605067067,0.2634873323397914,1
1785985200000,1899.21,1899.03,0.005423821635255788,2.0,0.0033815626673106666,ranging,0.24380033961086173,0.4810787402110702,0.27512092017806816,0.269150521609538,0.46736214605067067,0.2634873323397914,1
1785988800000,1899.04,1907.7,0.004487078681134404,2.0,0.0034025249693849222,ranging,0.28995114933026167,0.46712720979204975,0.24292164087768867,0.269150521609538,0.46736214605067067,0.2634873323397914,1
1785992400000,1907.7,1914.34,-0.003484229551699247,0.0,0.003403969122265304,ranging,0.3119645489994915,0.44015995989486545,0.247875491105643,0.269150521609538,0.46736214605067067,0.2634873323397914,1
1785996000000,1914.35,1913.66,-0.005789952238119733,0.0,0.0032777357540646032,ranging,0.2737216776078974,0.47121824183999367,0.25506008055210894,0.269150521609538,0.46736214605067067,0.2634873323397914,1
1785999600000,1913.67,1909.33,-0.0008170405325428343,1.0,0.0032229006824608785,ranging,0.2764487474410712,0.43614311563122393,0.28740813692770495,0.269150521609538,0.46736214605067067,0.2634873323397914,1
1786003200000,1909.33,1916.26,-0.008960161982194514,0.0,0.00325248707976398,ranging,0.286893251282023,0.4172943397099637,0.29581240900801326,0.269150521609538,0.46736214605067067,0.2634873323397914,1
1786006800000,1916.26,1907.67,-0.00012580792275396213,1.0,0.003307847553338846,ranging,0.2689390057082296,0.4151290089007075,0.31593198539106293,0.269150521609538,0.46736214605067067,0.2634873323397914,1
1786010400000,1907.67,1902.58,0.006533233819340012,2.0,0.0032160712613929143,ranging,0.2259354712585991,0.402972895274102,0.3710916334672989,0.269150521609538,0.46736214605067067,0.2634873323397914,1
1786014000000,1902.59,1907.77,0.0015305828270704147,1.0,0.00325229483287938,ranging,0.23046026596569816,0.42222795044908845,0.34731178358521325,0.269150521609538,0.46736214605067067,0.2634873323397914,1
1786017600000,1907.77,1899.09,0.008783154036933416,2.0,0.00323689604243498,ranging,0.2298334642027757,0.38540165807914845,0.3847648777180759,0.269150521609538,0.46736214605067067,0.2634873323397914,1
1786021200000,1899.1,1907.43,0.0034863664721640486,2.0,0.0034133826954878656,ranging,0.24609074110198847,0.4142506981770095,0.3396585607210021,0.269150521609538,0.46736214605067067,0.2634873323397914,1
1786024800000,1907.44,1915.01,-0.00473104579088357,0.0,0.003754111362831656,ranging,0.20742966938623433,0.5054560104989114,0.2871143201148542,0.269150521609538,0.46736214605067067,0.2634873323397914,1
1786028400000,1915.01,1910.69,-0.0003297238170504313,1.0,0.003702442962346857,ranging,0.2674335471377294,0.47994619534437694,0.2526202575178936,0.269150521609538,0.46736214605067067,0.2634873323397914,1
1786032000000,1910.7,1915.77,-0.0045047161193670915,0.0,0.0036154380919736365,ranging,0.2470705173491426,0.4636605643220532,0.2892689183288042,0.269150521609538,0.46736214605067067,0.2634873323397914,1
1786035600000,1915.78,1914.08,-0.004075064783081173,0.0,0.0035412955509765342,ranging,0.21852266072800866,0.49098613562347226,0.29049120364851905,0.269150521609538,0.46736214605067067,0.2634873323397914,1
1786039200000,1914.08,1905.95,-0.0003672709147669595,1.0,0.0035501680394393166,ranging,0.24355322836610913,0.4583304968928996,0.29811627474099134,0.269150521609538,0.46736214605067067,0.2634873323397914,1
1786042800000,1905.95,1910.06,-0.0031203208276180394,1.0,0.003409307862879465,ranging,0.23690557439568471,0.43638577206867746,0.32670865353563777,0.269150521609538,0.46736214605067067,0.2634873323397914,1
1786046400000,1910.07,1907.14,-0.0017093658567278736,1.0,0.0032796218981388024,low_liquidity,0.1776921666887634,0.5350217889320583,0.2872860443791782,0.269150521609538,0.46736214605067067,0.2634873323397914,1
1786050000000,1907.15,1906.28,-0.0015317791719999807,1.0,0.0031269981095796763,ranging,0.21486337966203675,0.4687140487189281,0.3164225716190351,0.269150521609538,0.46736214605067067,0.2634873323397914,1
1786053600000,1906.28,1905.25,-0.0013226610681013051,1.0,0.0030215060427871906,ranging,0.2236342883260512,0.4356570422346276,0.3407086694393211,0.269150521609538,0.46736214605067067,0.2634873323397914,1
1786057200000,1905.24,1904.1,-0.003502967281130087,0.0,0.002961557280314802,ranging,0.22645525173927183,0.4145540218979103,0.3589907263628178,0.269150521609538,0.46736214605067067,0.2634873323397914,1
1786060800000,1904.1,1903.88,-0.0033825661281173813,0.0,0.0028770689264185486,ranging,0.2414335241022306,0.3943783722565867,0.36418810364118276,0.269150521609538,0.46736214605067067,0.2634873323397914,1
1786064400000,1903.89,1903.36,-0.0009351882985877413,1.0,0.002863909906660804,ranging,0.23350827700464985,0.39944739048739164,0.36704433250795854,0.269150521609538,0.46736214605067067,0.2634873323397914,1
1786068000000,1903.36,1902.73,0.0009460091552664363,1.0,0.0029100168959954814,ranging,0.27038674662400797,0.3899742934229939,0.3396389599529982,0.269150521609538,0.46736214605067067,0.2634873323397914,1
1786071600000,1902.72,1897.43,0.002598251318889133,1.0,0.0028856586401729573,ranging,0.2680462813904221,0.367010470334996,0.364943248274582,0.269150521609538,0.46736214605067067,0.2634873323397914,1
1786075200000,1897.43,1897.44,0.006988363268403797,2.0,0.002824307584245236,ranging,0.28345809427141466,0.35914823755872105,0.3573936681698642,0.269150521609538,0.46736214605067067,0.2634873323397914,1
1786078800000,1897.44,1901.58,0.006026567380809755,2.0,0.0027743997989060853,ranging,0.252662084780266,0.403630314305194,0.3437076009145399,0.269150521609538,0.46736214605067067,0.2634873323397914,1
1786082400000,1901.59,1904.53,0.004368531868754966,2.0,0.002742808732145006,ranging,0.2398673489825451,0.4041848270907514,0.35594782392670354,0.269150521609538,0.46736214605067067,0.2634873323397914,1
1786086000000,1904.54,1902.36,0.007343510166319733,2.0,0.002664468633329795,ranging,0.2277891685135421,0.43924813101666804,0.33296270046978993,0.269150521609538,0.46736214605067067,0.2634873323397914,1
1786089600000,1902.35,1910.7,0.011215784790914451,2.0,0.0027547167134302497,ranging,0.22814463744547792,0.3993147427984406,0.37254061975608144,0.269150521609538,0.46736214605067067,0.2634873323397914,1
1786093200000,1910.7,1913.04,0.0054677372140676805,2.0,0.0027199298318221032,ranging,0.21244034268259576,0.4286650790563129,0.35889457826109133,0.269150521609538,0.46736214605067067,0.2634873323397914,1
1786096800000,1913.04,1912.85,0.0003764017042633405,1.0,0.002601180338653109,ranging,0.1812248886895917,0.5499383445364124,0.2688367667739959,0.269150521609538,0.46736214605067067,0.2634873323397914,1
1786100400000,1912.85,1916.33,0.0008088377262789326,1.0,0.0025984072807436185,ranging,0.22989314821546128,0.46587427643660656,0.30423257534793213,0.269150521609538,0.46736214605067067,0.2634873323397914,1
1786104000000,1916.33,1932.13,-0.011707286776769688,0.0,0.002985094751683984,ranging,0.21732164132624127,0.43794018316057826,0.3447381755131804,0.269150521609538,0.46736214605067067,0.2634873323397914,1
1786107600000,1932.14,1923.5,-0.005744736158045161,0.0,0.003085546607502146,ranging,0.2454715633944879,0.44328540645245956,0.3112430301530525,0.269150521609538,0.46736214605067067,0.2634873323397914,1
1786111200000,1923.5,1913.57,-0.001938784575427066,1.0,0.003237689453067711,ranging,0.28310538239643496,0.39932354727071084,0.31757107033285437,0.269150521609538,0.46736214605067067,0.2634873323397914,1
1786114800000,1913.57,1917.88,0.0005057667841574798,1.0,0.003177991557910228,ranging,0.26579495871780906,0.4166973360569064,0.31750770522528443,0.269150521609538,0.46736214605067067,0.2634873323397914,1
1786118400000,1917.87,1909.51,0.002775581170038288,1.0,0.003315401177643304,ranging,0.2559713563797554,0.42617041125635,0.3178582323638947,0.269150521609538,0.46736214605067067,0.2634873323397914,1
1786122000000,1909.5,1912.45,0.0021438468979579905,1.0,0.003243942591790695,ranging,0.2327340862522105,0.4452326124242063,0.32203330132358327,0.269150521609538,0.46736214605067067,0.2634873323397914,1
1786125600000,1912.45,1909.86,0.0026075209701235114,1.0,0.0032185012112223447,ranging,0.24085398150877177,0.46430523315037764,0.29484078534085056,0.269150521609538,0.46736214605067067,0.2634873323397914,1
1786129200000,1909.87,1918.85,-0.002433749381139716,1.0,0.003206441633658794,ranging,0.21923312163668057,0.46787655298458514,0.31289032537873424,0.269150521609538,0.46736214605067067,0.2634873323397914,1
1786132800000,1918.84,1914.81,-0.00024023271238404753,1.0,0.0031175359761058037,trending,0.21883349144299963,0.5044721287010763,0.2766943798559242,0.269150521609538,0.46736214605067067,0.2634873323397914,1
1786136400000,1914.82,1916.55,-0.000991364691763752,1.0,0.0031178552909913635,trending,0.2351493610339921,0.48002712594979247,0.28482351301621534,0.269150521609538,0.46736214605067067,0.2634873323397914,1
1786140000000,1916.55,1914.84,-0.0008669131624573501,1.0,0.002956824152907345,trending,0.21527676701431253,0.5516856785912683,0.23303755439441926,0.269150521609538,0.46736214605067067,0.2634873323397914,1
1786143600000,1914.84,1914.18,0.002037425947402971,1.0,0.002802318452376859,low_liquidity,0.15384333148512197,0.6502912806340991,0.19586538788077887,0.269150521609538,0.46736214605067067,0.2634873323397914,1
1786147200000,1914.19,1914.35,0.0013842818711311544,1.0,0.002660128770198744,low_liquidity,0.17216812381392066,0.5756285572755366,0.25220331891054276,0.269150521609538,0.46736214605067067,0.2634873323397914,1
1786150800000,1914.36,1914.65,0.0015198600266366213,1.0,0.0025274827419405088,trending,0.18374042914045013,0.5571867592668807,0.25907281159266915,0.269150521609538,0.46736214605067067,0.2634873323397914,1
1786154400000,1914.66,1913.18,0.001703969307644826,1.0,0.0025,low_liquidity,0.16281369759106668,0.6257188395933801,0.21146746281555326,0.269150521609538,0.46736214605067067,0.2634873323397914,1
1786158000000,1913.18,1918.08,-0.0015484234234234284,1.0,0.0025,low_liquidity,0.23280066497647628,0.516058654827194,0.2511406801963296,0.269150521609538,0.46736214605067067,0.2634873323397914,1
1786161600000,1918.09,1917.0,-7.824726134586513e-05,1.0,0.0025,trending,0.22309603296991434,0.5188779637212662,0.2580260033088195,0.269150521609538,0.46736214605067067,0.2634873323397914,1
1786165200000,1917.0,1917.56,0.0007248795344083625,1.0,0.0025,low_liquidity,0.1724521189382065,0.6164709690673547,0.211076911994439,0.269150521609538,0.46736214605067067,0.2634873323397914,1
1786168800000,1917.55,1916.44,0.0024681179687338073,1.0,0.0025,low_liquidity,0.19286025745955052,0.5178112402461881,0.28932850229426144,0.269150521609538,0.46736214605067067,0.2634873323397914,1
1786172400000,1916.45,1915.11,0.0030703197205383947,2.0,0.0025,trending,0.220287201444236,0.46598004858269887,0.3137327499730651,0.269150521609538,0.46736214605067067,0.2634873323397914,1
1786176000000,1915.11,1916.85,0.0012207527975585108,1.0,0.0025,low_liquidity,0.17298170928848847,0.5300534147417149,0.2969648759697967,0.269150521609538,0.46736214605067067,0.2634873323397914,1
1786179600000,1916.85,1918.95,0.0005471742359102194,1.0,0.0025,trending,0.17271870425935273,0.4058101063985343,0.42147118934211303,0.269150521609538,0.46736214605067067,0.2634873323397914,1
1786183200000,1918.94,1921.17,0.0013533419739013564,1.0,0.0025,trending,0.16383232287316532,0.46681526021595604,0.3693524169108786,0.269150521609538,0.46736214605067067,0.2634873323397914,1
1786186800000,1921.18,1920.99,0.0008485208147881451,1.0,0.0025,trending,0.17961989337645548,0.47452983476300975,0.3458502718605347,0.269150521609538,0.46736214605067067,0.2634873323397914,1
1786190400000,1920.99,1919.19,0.0017038438091070418,1.0,0.0025,trending,0.18559955927226554,0.42808614219058927,0.38631429853714516,0.269150521609538,0.46736214605067067,0.2634873323397914,1
1786194000000,1919.2,1920.0,0.002005208333333286,1.0,0.0025,trending,0.1741545759860887,0.40650027852134807,0.41934514549256324,0.269150521609538,0.46736214605067067,0.2634873323397914,1
1786197600000,1920.0,1923.77,-0.001387899800911807,1.0,0.0025,trending,0.1703177731060654,0.4162208689097987,0.4134613579841359,0.269150521609538,0.46736214605067067,0.2634873323397914,1
1786201200000,1923.78,1922.62,-0.0011494731148119497,1.0,0.0025,trending,0.19553713871841094,0.4007645091393277,0.40369835214226135,0.269150521609538,0.46736214605067067,0.2634873323397914,1
1786204800000,1922.63,1922.46,-0.0010767454199306359,1.0,0.0025,trending,0.23066159142164008,0.3912434591183971,0.37809494945996297,0.269150521609538,0.46736214605067067,0.2634873323397914,1
1786208400000,1922.45,1923.85,-0.0015749668633209257,1.0,0.0025,trending,0.20360636533094548,0.4048672657297278,0.39152636893932674,0.269150521609538,0.46736214605067067,0.2634873323397914,1
1786212000000,1923.84,1921.1,-0.00226432772890528,1.0,0.0025,trending,0.2376771930588222,0.3665420516814776,0.3957807552597001,0.269150521609538,0.46736214605067067,0.2634873323397914,1
1786215600000,1921.1,1920.41,-0.0019110502444791289,1.0,0.0025,trending,0.24118532754282915,0.3812474152349428,0.3775672572222281,0.269150521609538,0.46736214605067067,0.2634873323397914,1
1786219200000,1920.41,1920.39,-0.0011976733892595792,1.0,0.0025,trending,0.24789723553834328,0.3995223091650433,0.3525804552966134,0.269150521609538,0.46736214605067067,0.2634873323397914,1
1786222800000,1920.39,1920.82,-0.0024364594287855645,1.0,0.0025,trending,0.23050689880350742,0.3732535645664334,0.3962395366300591,0.269150521609538,0.46736214605067067,0.2634873323397914,1
1786226400000,1920.82,1916.75,-0.0010173470718665145,1.0,0.0025,trending,0.21275274053227708,0.3261719856205146,0.4610752738472084,0.269150521609538,0.46736214605067067,0.2634873323397914,1
1786230000000,1916.74,1916.74,-0.0014086417563153875,1.0,0.0025,trending,0.21440575133544346,0.33337851221469944,0.4522157364498571,0.269150521609538,0.46736214605067067,0.2634873323397914,1
1786233600000,1916.75,1918.09,-0.0025702652117469693,0.0,0.0025,trending,0.203216953626686,0.35086708883323275,0.4459159575400812,0.269150521609538,0.46736214605067067,0.2634873323397914,1
1786237200000,1918.08,1916.14,-0.0008767626582608656,1.0,0.0025,trending,0.20915313664416915,0.3145925488257457,0.47625431453008527,0.269150521609538,0.46736214605067067,0.2634873323397914,1
1786240800000,1916.15,1914.8,0.0023657823271359124,1.0,0.0025,trending,0.23008133754664323,0.3249968401782229,0.44492182227513377,0.269150521609538,0.46736214605067067,0.2634873323397914,1
1786244400000,1914.79,1914.04,0.002575703747048186,2.0,0.0025,trending,0.21955115548861212,0.30706552651069574,0.473383318000692,0.269150521609538,0.46736214605067067,0.2634873323397914,1
1786248000000,1914.04,1913.16,0.0014530933115892708,1.0,0.0025,trending,0.2388966158640556,0.3322433002186304,0.428860083917314,0.269150521609538,0.46736214605067067,0.2634873323397914,1
1786251600000,1913.17,1914.46,0.0036511601182578346,2.0,0.0025,ranging,0.23443751971330004,0.3496798048549937,0.41588267543170626,0.269150521609538,0.46736214605067067,0.2634873323397914,1
1786255200000,1914.45,1919.33,0.00040118166235081354,1.0,0.0025,ranging,0.19566081173838282,0.3517187567271332,0.45262043153448395,0.269150521609538,0.46736214605067067,0.2634873323397914,1
1786258800000,1919.34,1918.97,0.00013548935105811566,1.0,0.0025,ranging,0.20862735846424102,0.36887694524914655,0.42249569628661243,0.269150521609538,0.46736214605067067,0.2634873323397914,1
1786262400000,1918.97,1915.94,0.0008142217397204554,1.0,0.0025,ranging,0.20083021883115773,0.3478801647166347,0.4512896164522076,0.269150521609538,0.46736214605067067,0.2634873323397914,1
1786266000000,1915.94,1921.45,0.0009940409586508547,1.0,0.0025,ranging,0.19719785159751532,0.33926981140220785,0.4635323370002768,0.269150521609538,0.46736214605067067,0.2634873323397914,1
1786269600000,1921.45,1920.1,0.002588406853809788,2.0,0.0025,trending,0.1756387934511001,0.38890250483953837,0.4354587017093615,0.269150521609538,0.46736214605067067,0.2634873323397914,1
1786273200000,1920.09,1919.23,0.0038192400077112776,2.0,0.0025,trending,0.18151958698540183,0.38857489598821565,0.42990551702638247,0.269150521609538,0.46736214605067067,0.2634873323397914,1
1786276800000,1919.23,1917.5,0.0034471968709255396,2.0,0.0025,trending,0.18713291100971624,0.36534853848077536,0.4475185505095083,0.269150521609538,0.46736214605067067,0.2634873323397914,1
1786280400000,1917.5,1923.36,-0.00012998086681637044,1.0,0.0025,trending,0.15429577394489946,0.3624758893705684,0.483228336684532,0.269150521609538,0.46736214605067067,0.2634873323397914,1
1786284000000,1923.36,1925.07,-0.001844088786381759,1.0,0.0025,trending,0.15814437792684394,0.4044125445226964,0.4374430775504598,0.269150521609538,0.46736214605067067,0.2634873323397914,1
1786287600000,1925.08,1926.56,-0.002346150651939216,1.0,0.0025,trending,0.16306452621867262,0.4243968513978339,0.41253862238349337,0.269150521609538,0.46736214605067067,0.2634873323397914,1
1786291200000,1926.57,1924.11,-0.0017566563242226163,1.0,0.0025,trending,0.1727276245150887,0.37193240782619774,0.4553399676587136,0.269150521609538,0.46736214605067067,0.2634873323397914,1
1786294800000,1924.1,1923.11,0.000842385510969379,1.0,0.0025,trending,0.17475495970341554,0.39271162970535634,0.43253341059122796,0.269150521609538,0.46736214605067067,0.2634873323397914,1
1786298400000,1923.1,1921.52,-0.001025230026229229,1.0,0.0025,trending,0.19026472413068332,0.36870029325979636,0.4410349826095203,0.269150521609538,0.46736214605067067,0.2634873323397914,1
1786302000000,1921.51,1922.04,-0.005925995296663933,0.0,0.0025,trending,0.1905879589750255,0.4129841282317339,0.3964279127932405,0.269150521609538,0.46736214605067067,0.2634873323397914,1
1786305600000,1922.04,1920.73,-0.004139051298204355,0.0,0.0025,ranging,0.1900172565993574,0.31423140698644947,0.49575133641419317,0.269150521609538,0.46736214605067067,0.2634873323397914,1
1786309200000,1920.72,1924.73,0.00025977669595222963,1.0,0.0025,ranging,0.17608544220947817,0.3468800597607804,0.4770344980297414,0.269150521609538,0.46736214605067067,0.2634873323397914,1
1786312800000,1924.73,1919.55,0.0020681930660833014,1.0,0.0025,ranging,0.19698236081939371,0.3169895653145256,0.48602807386608066,0.269150521609538,0.46736214605067067,0.2634873323397914,1
1786316400000,1919.54,1910.65,0.003553764425719086,2.0,0.0025,ranging,0.2376314425639553,0.28021079370846946,0.48215776372757524,0.269150521609538,0.46736214605067067,0.2634873323397914,1
1786320000000,1910.65,1912.78,0.001573625822101965,1.0,0.0025,ranging,0.23211113615156315,0.2904823533571398,0.4774065104912971,0.269150521609538,0.46736214605067067,0.2634873323397914,1
1786323600000,1912.79,1925.23,-0.001070002025731931,1.0,0.0026578568785150126,trending,0.185815566814098,0.38639521914699737,0.4277892140389046,0.269150521609538,0.46736214605067067,0.2634873323397914,1
1786327200000,1925.23,1923.52,0.0023446597903842292,1.0,0.0027790128580082733,trending,0.20387676232434218,0.38947260322310945,0.40665063445254834,0.269150521609538,0.46736214605067067,0.2634873323397914,1
1786330800000,1923.51,1917.44,0.0040783544726301635,2.0,0.002834558003091509,trending,0.21488405570610428,0.37793854000365923,0.4071774042902366,0.269150521609538,0.46736214605067067,0.2634873323397914,1
1786334400000,1917.44,1915.79,0.005746976443138374,2.0,0.0028224922380704278,trending,0.21543339441871345,0.36319999126313873,0.4213666143181479,0.269150521609538,0.46736214605067067,0.2634873323397914,1
1786338000000,1915.79,1923.17,-0.0035254293692185135,0.0,0.002826766345670664,trending,0.21244467378415136,0.404347059921895,0.3832082662939537,0.269150521609538,0.46736214605067067,0.2634873323397914,1
1786341600000,1923.18,1928.03,-0.005331867242729604,0.0,0.0027609447033294866,trending,0.2067136923791682,0.4201952761531061,0.3730910314677257,0.269150521609538,0.46736214605067067,0.2634873323397914,1
1786345200000,1928.03,1925.26,-0.0025139461683096886,1.0,0.002701876066189373,trending,0.21822909781988598,0.41389274050493247,0.36787816167518156,0.269150521609538,0.46736214605067067,0.2634873323397914,1
1786348800000,1925.26,1926.8,-0.010795100685073722,0.0,0.002652124206585781,trending,0.19634531650452508,0.4362017265933715,0.3674529569021035,0.269150521609538,0.46736214605067067,0.2634873323397914,1
1786352400000,1926.8,1916.39,-0.009804893575942386,0.0,0.0027193789206433226,trending,0.2571577251650614,0.36145014554307275,0.3813921292918659,0.269150521609538,0.46736214605067067,0.2634873323397914,1
1786356000000,1916.38,1917.75,-0.012598096727936436,0.0,0.0026256989182454013,trending,0.2223468418187576,0.40109940039939385,0.37655375778184846,0.269150521609538,0.46736214605067067,0.2634873323397914,1
1786359600000,1917.75,1920.42,-0.02260963747513567,0.0,0.002578254582183898,trending,0.23606601744992148,0.407211097349857,0.35672288520022155,0.269150521609538,0.46736214605067067,0.2634873323397914,1
1786363200000,1920.42,1906.0,-0.017649527806925525,0.0,0.0028245882042170884,trending,0.3054677172135691,0.3142104560174332,0.3803218267689977,0.269150521609538,0.46736214605067067,0.2634873323397914,1
1786366800000,1905.99,1897.6,-0.012594856661045428,0.0,0.002993542464319256,trending,0.2651808764111881,0.33327331076599226,0.40154581282281965,0.269150521609538,0.46736214605067067,0.2634873323397914,1
1786370400000,1897.61,1893.59,-0.010899930819237458,0.0,0.0030399966029680155,trending,0.29416756359437674,0.3500497383210785,0.3557826980845447,0.269150521609538,0.46736214605067067,0.2634873323397914,1
1786374000000,1893.58,1877.0,0.0008044752264251276,1.0,0.0033551485339974384,trending,0.2747152719786562,0.30821595466965174,0.4170687733516921,0.269150521609538,0.46736214605067067,0.2634873323397914,1
1786377600000,1876.99,1872.36,0.0039362088487258085,2.0,0.003369276489032615,trending,0.20314240913267925,0.44552879567014325,0.3513287951971774,0.269150521609538,0.46736214605067067,0.2634873323397914,1
1786381200000,1872.38,1873.7,0.00040027752575122477,1.0,0.0033249140680802086,trending,0.18929266772317063,0.4526055351657563,0.358101797111073,0.269150521609538,0.46736214605067067,0.2634873323397914,1
1786384800000,1873.7,1872.95,0.001703195493739873,1.0,0.003254323369234345,trending,0.2008810808202225,0.40880146288184244,0.3903174562979352,0.269150521609538,0.46736214605067067,0.2634873323397914,1
1786388400000,1872.95,1878.51,-0.002848001873825501,1.0,0.003209359865276855,trending,0.21874199113829748,0.4330785543585745,0.34817945450312804,0.269150521609538,0.46736214605067067,0.2634873323397914,1
1786392000000,1878.52,1879.73,-0.0023460816181047894,1.0,0.0030595803579228278,trending,0.21315441469890556,0.4643170797331288,0.3225285055679657,0.269150521609538,0.46736214605067067,0.2634873323397914,1
1786395600000,1879.72,1874.45,0.001968577449385167,1.0,0.0029905688457405656,trending,0.26363171172282834,0.4743146664844655,0.26205362179270625,0.269150521609538,0.46736214605067067,0.2634873323397914,1
1786399200000,1874.45,1876.14,0.0013112027887043354,1.0,0.0029115148674436126,trending,0.2568170105452629,0.4133736492461381,0.32980934020859903,0.269150521609538,0.46736214605067067,0.2634873323397914,1
1786402800000,1876.15,1873.16,0.004201456362510347,2.0,0.002845814541976191,trending,0.23038496941578945,0.4147250188075997,0.3548900117766109,0.269150521609538,0.46736214605067067,0.2634873323397914,1
1786406400000,1873.16,1875.32,0.0004959153637780211,1.0,0.0027546787282332606,trending,0.23541134540934402,0.42680309033365,0.33778556425700607,0.269150521609538,0.46736214605067067,0.2634873323397914,1
1786410000000,1875.31,1878.14,-0.002188335267871433,1.0,0.0026706800141247304,trending,0.24006852083255584,0.4782719789698,0.28165950019764424,0.269150521609538,0.46736214605067067,0.2634873323397914,1
1786413600000,1878.13,1878.6,-0.0023208772490151963,1.0,0.002580144883821803,trending,0.2050053153503085,0.5177250816960617,0.2772696029536299,0.269150521609538,0.46736214605067067,0.2634873323397914,1
1786417200000,1878.61,1881.03,-0.0016374007857397066,1.0,0.0025,trending,0.21091097557890312,0.5517658093206658,0.23732321510043114,0.269150521609538,0.46736214605067067,0.2634873323397914,1
1786420800000,1881.02,1876.25,0.001577614923384374,1.0,0.0025,trending,0.2105344634502792,0.4674705650116443,0.3219949715380766,0.269150521609538,0.46736214605067067,0.2634873323397914,1
1786424400000,1876.25,1874.03,0.006072474826977148,2.0,0.0025,trending,0.20591732976620597,0.43062457566912066,0.3634580945646734,0.269150521609538,0.46736214605067067,0.2634873323397914,1
1786428000000,1874.03,1874.24,0.006359911217346914,2.0,0.0025,trending,0.1913354737911711,0.4060676481624851,0.4025968780463439,0.269150521609538,0.46736214605067067,0.2634873323397914,1
1786431600000,1874.25,1877.95,0.007998083016054647,2.0,0.0025,trending,0.19622071600915175,0.44586934800288736,0.35790993598796095,0.269150521609538,0.46736214605067067,0.2634873323397914,1
1786435200000,1877.95,1879.21,0.004677497459038671,2.0,0.0025,trending,0.204028890340545,0.43200726443062215,0.3639638452288329,0.269150521609538,0.46736214605067067,0.2634873323397914,1
1786438800000,1879.2,1885.41,0.002450395404713035,1.0,0.0025,trending,0.17966511077956565,0.4198080644539936,0.4005268247664408,0.269150521609538,0.46736214605067067,0.2634873323397914,1
1786442400000,1885.41,1886.16,-0.006611316113161125,0.0,0.0025,trending,0.20044169907812434,0.493166084724609,0.3063922161972667,0.269150521609538,0.46736214605067067,0.2634873323397914,1
1786446000000,1886.17,1892.97,-0.015969613887171996,0.0,0.0025,trending,0.26039246866344606,0.44793378950106866,0.2916737418354854,0.269150521609538,0.46736214605067067,0.2634873323397914,1
1786449600000,1892.96,1888.0,-0.012277542372881367,0.0,0.0025,trending,0.2835228587773706,0.43722320874809845,0.27925393247453106,0.269150521609538,0.46736214605067067,0.2634873323397914,1
1786453200000,1888.0,1890.03,-0.01340719459479478,0.0,0.0025,trending,0.21520565336515454,0.4637870936376636,0.3210072529971819,0.269150521609538,0.46736214605067067,0.2634873323397914,1
1786456800000,1890.02,1873.69,-0.004088189615144455,0.0,0.002752230104602938,trending,0.20761986019086467,0.3720081963197659,0.42037194348936957,0.269150521609538,0.46736214605067067,0.2634873323397914,1
1786460400000,1873.68,1862.74,0.010285922887788956,2.0,0.00312491806697259,trending,0.24244937789879925,0.314759975886936,0.4427906462142646,0.269150521609538,0.46736214605067067,0.2634873323397914,1
1786464000000,1862.75,1864.82,0.009330659259338736,2.0,0.003065781471093448,trending,0.2440925358399811,0.361396999652144,0.39451046450787486,0.269150521609538,0.46736214605067067,0.2634873323397914,1
1786467600000,1864.83,1864.69,0.010720280582831476,2.0,0.002963522003964591,trending,0.2703449335699066,0.39721093626923315,0.33244413016086033,0.269150521609538,0.46736214605067067,0.2634873323397914,1
1786471200000,1864.69,1866.03,0.00864401965670436,2.0,0.0029127019084996143,trending,0.2514450206904021,0.39400116334966034,0.35455381595993757,0.269150521609538,0.46736214605067067,0.2634873323397914,1
1786474800000,1866.03,1881.9,0.0003666507253305973,1.0,0.0031812628138024584,trending,0.25268790924079837,0.48995058766650823,0.25736150309269334,0.269150521609538,0.46736214605067067,0.2634873323397914,1
1786478400000,1881.9,1882.22,6.906737788359152e-05,1.0,0.0030967474714825014,trending,0.2754853380704077,0.5121371841810185,0.21237747774857385,0.269150521609538,0.46736214605067067,0.2634873323397914,1
1786482000000,1882.22,1884.68,4.775346477914333e-05,1.0,0.0029829952312881926,ranging,0.32096525191930625,0.46694077421549574,0.21209397386519813,0.269150521609538,0.46736214605067067,0.2634873323397914,1
1786485600000,1884.68,1882.16,0.0012273132996132308,1.0,0.002956477393851256,ranging,0.2642981318131999,0.49504425841883454,0.24065760976796557,0.269150521609538,0.46736214605067067,0.2634873323397914,1
1786489200000,1882.17,1882.59,0.0021406679096351855,1.0,0.0028696531826193877,low_liquidity,0.21768271712748094,0.5855001970447142,0.19681708582780486,0.269150521609538,0.46736214605067067,0.2634873323397914,1
1786492800000,1882.58,1882.35,0.003755943368661585,2.0,0.0027349151329028906,ranging,0.25025914744505995,0.5283056230076341,0.22143522954730602,0.269150521609538,0.46736214605067067,0.2634873323397914,1
1786496400000,1882.36,1884.77,0.0036821468932548562,2.0,0.0026595468452557253,ranging,0.23909678964607034,0.5127594061537957,0.24814380420013396,0.269150521609538,0.46736214605067067,0.2634873323397914,1
1786500000000,1884.77,1884.47,0.001729929370061667,1.0,0.002568219006553731,ranging,0.21132490132811488,0.5467908288843276,0.24188426978755748,0.269150521609538,0.46736214605067067,0.2634873323397914,1
1786503600000,1884.48,1886.62,0.002687345623390014,2.0,0.0025,low_liquidity,0.17997246723549531,0.6074099323543642,0.21261760041014047,0.269150521609538,0.46736214605067067,0.2634873323397914,1
1786507200000,1886.63,1889.42,0.0008097723110795929,1.0,0.0025,ranging,0.22460728519247491,0.5147519116953989,0.26064080311212606,0.269150521609538,0.46736214605067067,0.2634873323397914,1
1786510800000,1889.41,1891.71,0.0074694324182882355,2.0,0.0025,ranging,0.22578497115930746,0.5635798339893651,0.21063519485132745,0.269150521609538,0.46736214605067067,0.2634873323397914,1
1786514400000,1891.7,1887.73,0.011357556430209748,2.0,0.0025,ranging,0.21912127605885917,0.5272079676435836,0.25367075629755714,0.269150521609538,0.46736214605067067,0.2634873323397914,1
1786518000000,1887.74,1891.69,0.01262363283624679,2.0,0.0025,ranging,0.19791655234059913,0.5574425801999312,0.24464086745946956,0.269150521609538,0.46736214605067067,0.2634873323397914,1
1786521600000,1891.7,1890.95,0.01077236309791374,2.0,0.0025,ranging,0.19494139310359374,0.5528731311358148,0.25218547576059147,0.269150521609538,0.46736214605067067,0.2634873323397914,1
1786525200000,1890.94,1905.84,-0.002371657641774716,1.0,0.0025724514743181853,ranging,0.22684318699299627,0.4747771040888111,0.2983797089181927,0.269150521609538,0.46736214605067067,0.2634873323397914,1
1786528800000,1905.84,1909.17,-0.011198583677723861,0.0,0.002602284610275274,ranging,0.23039162197603358,0.4571820451838271,0.3124263328401394,0.269150521609538,0.46736214605067067,0.2634873323397914,1
1786532400000,1909.18,1915.57,-0.011912903208966541,0.0,0.0026002945867731335,ranging,0.26164410975938646,0.43139549655511567,0.30696039368549793,0.269150521609538,0.46736214605067067,0.2634873323397914,1
1786536000000,1915.58,1911.32,-0.010788355691354612,0.0,0.0028567243700167257,ranging,0.2546372904899846,0.37329025285735273,0.3720724566526627,0.269150521609538,0.46736214605067067,0.2634873323397914,1
1786539600000,1911.31,1901.32,-0.0069320261712914055,0.0,0.002949735954032866,trending,0.31924658427534314,0.38301266618677543,0.2977407495378815,0.269150521609538,0.46736214605067067,0.2634873323397914,1
1786543200000,1901.31,1887.79,-0.0011865726590352121,1.0,0.0031834312508119095,trending,0.26845452969606504,0.33133665566570014,0.40020881463823477,0.269150521609538,0.46736214605067067,0.2634873323397914,1
1786546800000,1887.78,1892.75,-0.007063796063928041,0.0,0.003214349712346464,ranging,0.26603208360980035,0.3917204566891026,0.3422474597010971,0.269150521609538,0.46736214605067067,0.2634873323397914,1
1786550400000,1892.75,1890.7,-0.0021685090178241717,1.0,0.003136007277522648,ranging,0.23550650879826596,0.4261285665082329,0.33836492469350116,0.269150521609538,0.46736214605067067,0.2634873323397914,1
1786554000000,1890.7,1888.14,-0.005396845572891884,0.0,0.0030696209147232207,ranging,0.2653674199611569,0.3986075642186696,0.3360250158201735,0.269150521609538,0.46736214605067067,0.2634873323397914,1
1786557600000,1888.13,1885.55,-0.0037654795682956488,0.0,0.0029867890930282376,ranging,0.2525106024521371,0.43079874279485747,0.3166906547530055,0.269150521609538,0.46736214605067067,0.2634873323397914,1
1786561200000,1885.54,1879.38,0.0002287988591982426,1.0,0.0029836823947514634,ranging,0.2781863716665761,0.4086459928226204,0.31316763551080345,0.269150521609538,0.46736214605067067,0.2634873323397914,1
1786564800000,1879.37,1886.6,-0.0033446411533976095,0.0,0.002984172178507979,ranging,0.266002227230533,0.4213166303647953,0.31268114240467165,0.269150521609538,0.46736214605067067,0.2634873323397914,1
1786568400000,1886.6,1877.95,7.45493756488802e-05,1.0,0.0031530281886270753,ranging,0.2484785545014924,0.3937412568734672,0.3577801886250403,0.269150521609538,0.46736214605067067,0.2634873323397914,1
1786572000000,1877.94,1878.45,0.001852591232132994,1.0,0.003057991608918397,ranging,0.28978297988978663,0.3928494375447325,0.31736758256548103,0.269150521609538,0.46736214605067067,0.2634873323397914,1
1786575600000,1878.46,1879.81,0.004101478340896136,2.0,0.0029583421573398335,ranging,0.27165263649948346,0.4238857120513074,0.30446165144920906,0.269150521609538,0.46736214605067067,0.2634873323397914,1
1786579200000,1879.8,1880.29,0.006424540895287434,2.0,0.002935283357516161,ranging,0.26017274383653705,0.40560617423142226,0.33422108193204075,0.269150521609538,0.46736214605067067,0.2634873323397914,1
1786582800000,1880.28,1878.09,0.009435117592873521,2.0,0.002907261833487091,ranging,0.27863096124554687,0.37200286313240544,0.3493661756220477,0.269150521609538,0.46736214605067067,0.2634873323397914,1
1786586400000,1878.09,1881.93,0.008868555153485946,2.0,0.0029243266183082172,ranging,0.2674505515066216,0.3971394934480029,0.3354099550453754,0.269150521609538,0.46736214605067067,0.2634873323397914,1
1786590000000,1881.94,1887.52,0.004264855471730167,2.0,0.0028711110688820025,ranging,0.2751544845556696,0.40788025015926144,0.3169652652850689,0.269150521609538,0.46736214605067067,0.2634873323397914,1
1786593600000,1887.52,1892.37,-0.001225975892663711,1.0,0.002875028001227864,ranging,0.25885030484391547,0.4497067704329769,0.29144292472310773,0.269150521609538,0.46736214605067067,0.2634873323397914,1
1786597200000,1892.37,1895.81,-0.003180698487717626,0.0,0.002850874055450346,ranging,0.22353251023001977,0.4921800071988772,0.284287482571103,0.269150521609538,0.46736214605067067,0.2634873323397914,1
1786600800000,1895.8,1898.62,-0.008137489334358539,0.0,0.002788916689107391,ranging,0.22943557724036187,0.5151542673563324,0.2554101554033057,0.269150521609538,0.46736214605067067,0.2634873323397914,1
1786604400000,1898.62,1895.57,-0.008008145307216163,0.0,0.0026757201963205205,ranging,0.23372231261220056,0.4938693110335585,0.2724083763542409,0.269150521609538,0.46736214605067067,0.2634873323397914,1
1786608000000,1895.57,1890.05,-0.0005343773974233468,1.0,0.002687313416614477,ranging,0.229701598039476,0.44478732863088366,0.3255110733296404,0.269150521609538,0.46736214605067067,0.2634873323397914,1
1786611600000,1890.05,1889.78,0.00032278889606196515,1.0,0.0027043600464429873,ranging,0.22721875288124024,0.45325208267398115,0.3195291644447786,0.269150521609538,0.46736214605067067,0.2634873323397914,1
1786615200000,1889.78,1883.17,0.0054482601145939835,2.0,0.002705710958170509,ranging,0.2209374716088323,0.4141859963497385,0.3648765320414292,0.269150521609538,0.46736214605067067,0.2634873323397914,1
1786618800000,1883.18,1880.39,-0.00020208573753321968,1.0,0.0027037354016329995,ranging,0.23093442583996757,0.42197020757709,0.34709536658294243,0.269150521609538,0.46736214605067067,0.2634873323397914,1
1786622400000,1880.4,1889.04,-0.007511752001016392,0.0,0.0027489019802347373,ranging,0.22847299750385003,0.4463490451194507,0.3251779573766992,0.269150521609538,0.46736214605067067,0.2634873323397914,1
1786626000000,1889.04,1890.39,-0.007093774300541256,0.0,0.0027468336223006973,ranging,0.20293131602581507,0.4376566743010369,0.359412009673148,0.269150521609538,0.46736214605067067,0.2634873323397914,1
1786629600000,1890.39,1893.43,-0.004177603608266578,0.0,0.002743910278715388,ranging,0.2004833227334394,0.43882576401850026,0.36069091324806046,0.269150521609538,0.46736214605067067,0.2634873323397914,1
1786633200000,1893.44,1880.01,0.003936149275801881,2.0,0.002931755929389623,ranging,0.23704027305963624,0.39970986936401387,0.36324985757635,0.269150521609538,0.46736214605067067,0.2634873323397914,1
1786636800000,1880.01,1874.85,0.006176494119529696,2.0,0.003216047609239337,ranging,0.2361445109347324,0.319644153851383,0.4442113352138845,0.269150521609538,0.46736214605067067,0.2634873323397914,1
1786640400000,1874.86,1876.98,0.006276039169303971,2.0,0.0031491654977056915,ranging,0.27104140740755556,0.3808222264808965,0.34813636611154797,0.269150521609538,0.46736214605067067,0.2634873323397914,1
1786644000000,1876.98,1885.52,0.0020577877720735493,1.0,0.003153505532633934,ranging,0.23850025351054788,0.4486234157813455,0.31287633070810655,0.269150521609538,0.46736214605067067,0.2634873323397914,1
1786647600000,1885.52,1887.41,-0.0006675815005748875,1.0,0.003097213746978858,ranging,0.26108412481389176,0.41362675993003123,0.32528911525607695,0.269150521609538,0.46736214605067067,0.2634873323397914,1
1786651200000,1887.41,1886.43,0.001574402442709344,1.0,0.0029738053426847,low_liquidity,0.1852543865015099,0.5520352225867455,0.2627103909117446,0.269150521609538,0.46736214605067067,0.2634873323397914,1
1786654800000,1886.43,1888.76,0.00034414112963010446,1.0,0.002836493745095388,low_liquidity,0.17195982219927636,0.6106435778531668,0.21739659994755683,0.269150521609538,0.46736214605067067,0.2634873323397914,1
1786658400000,1888.77,1889.4,-0.001471366571398458,1.0,0.0027334802823958766,low_liquidity,0.1963096785160979,0.5374297746188074,0.26626054686509476,0.269150521609538,0.46736214605067067,0.2634873323397914,1
1786662000000,1889.41,1886.15,-0.0016700686583782653,1.0,0.0026518982126199665,ranging,0.22164844692546495,0.4623700697209551,0.31598148335357995,0.269150521609538,0.46736214605067067,0.2634873323397914,1
1786665600000,1886.16,1889.4,-0.002450513390494402,1.0,0.0025934314589110287,ranging,0.22731353574353255,0.4534498317733063,0.3192366324831611,0.269150521609538,0.46736214605067067,0.2634873323397914,1
1786669200000,1889.4,1889.41,-0.002826279103000484,0.0,0.002530207168982628,ranging,0.20462099162438277,0.4963331294075684,0.2990458789680489,0.269150521609538,0.46736214605067067,0.2634873323397914,1
1786672800000,1889.41,1886.62,-0.007298767107313586,0.0,0.0025,ranging,0.21422433089294038,0.47756031594153786,0.3082153531655217,0.269150521609538,0.46736214605067067,0.2634873323397914,1
1786676400000,1886.63,1883.0,-0.005098247477429596,0.0,0.0025,ranging,0.20024772472940044,0.45646786707501535,0.34328440819558426,0.269150521609538,0.46736214605067067,0.2634873323397914,1
1786680000000,1883.0,1884.77,-0.003215246422640372,0.0,0.0025,low_liquidity,0.17041170008909162,0.5308567256801607,0.2987315742307476,0.269150521609538,0.46736214605067067,0.2634873323397914,1
1786683600000,1884.78,1884.07,-0.005758809386063102,0.0,0.0025,ranging,0.19535740529759388,0.49233203384309004,0.312310560859316,0.269150521609538,0.46736214605067067,0.2634873323397914,1
1786687200000,1884.07,1872.85,0.001783378273753966,1.0,0.0025,ranging,0.26827480232877066,0.36340519098025176,0.36832000669097753,0.269150521609538,0.46736214605067067,0.2634873323397914,1
1786690800000,1872.86,1873.4,0.002562186399060584,2.0,0.0025,ranging,0.23746563566585752,0.4136654037352471,0.3488689605988954,0.269150521609538,0.46736214605067067,0.2634873323397914,1
1786694400000,1873.4,1878.71,-0.002767856667607038,0.0,0.0025,ranging,0.22224822342804892,0.4093431065948715,0.3684086699770796,0.269150521609538,0.46736214605067067,0.2634873323397914,1
1786698000000,1878.72,1873.22,-0.0017349804080674103,1.0,0.0025,ranging,0.23350786634347287,0.3730050920905913,0.39348704156593595,0.269150521609538,0.46736214605067067,0.2634873323397914,1
1786701600000,1873.21,1876.19,-0.004935534247597517,0.0,0.0025,ranging,0.23262220600451947,0.3701640134880021,0.39721378050747846,0.269150521609538,0.46736214605067067,0.2634873323397914,1
1786705200000,1876.18,1878.2,0.0017889468640186479,1.0,0.0025,ranging,0.21043925196231947,0.41182590128139146,0.377734846756289,0.269150521609538,0.46736214605067067,0.2634873323397914,1
1786708800000,1878.2,1873.51,0.006351714162187605,2.0,0.0025,ranging,0.2399573024717092,0.3847082325864774,0.3753344649418135,0.269150521609538,0.46736214605067067,0.2634873323397914,1
1786712400000,1873.51,1869.97,0.00459900426210047,2.0,0.0025,ranging,0.21798303069246963,0.3200195453813955,0.4619974239261349,0.269150521609538,0.46736214605067067,0.2634873323397914,1
1786716000000,1869.98,1866.93,0.004729689918743674,2.0,0.0025,ranging,0.2283573936887388,0.340722618744472,0.43091998756678923,0.269150521609538,0.46736214605067067,0.2634873323397914,1
1786719600000,1866.94,1881.56,-0.00035608750186011395,1.0,0.002644781343023371,ranging,0.20998523686094575,0.3980236555343718,0.39199110760468253,0.269150521609538,0.46736214605067067,0.2634873323397914,1
1786723200000,1881.56,1885.41,-0.002646639192536382,1.0,0.0026577050762406273,ranging,0.2403323919999897,0.43710426234480954,0.32256334565520073,0.269150521609538,0.46736214605067067,0.2634873323397914,1
1786726800000,1885.41,1878.57,0.0004631182229035691,1.0,0.002726664752647453,ranging,0.22216860875358685,0.4229316355063633,0.35489975574004984,0.269150521609538,0.46736214605067067,0.2634873323397914,1
1786730400000,1878.57,1875.76,0.002137800145007862,1.0,0.0026567896996018384,ranging,0.23217017211657665,0.42075002206017564,0.34707980582324766,0.269150521609538,0.46736214605067067,0.2634873323397914,1
1786734000000,1875.75,1880.89,0.0006964787946130979,1.0,0.00264485346260953,ranging,0.20367765831337264,0.4821287159547716,0.31419362573185566,0.269150521609538,0.46736214605067067,0.2634873323397914,1
1786737600000,1880.89,1880.42,0.0010582742153348867,1.0,0.0025237834245517847,low_liquidity,0.14565810784664296,0.6560043217493299,0.19833757040402727,0.269150521609538,0.46736214605067067,0.2634873323397914,1
1786741200000,1880.42,1879.44,0.002426254629038338,1.0,0.0025,low_liquidity,0.18236199693388852,0.5451787477091592,0.27245925535695237,0.269150521609538,0.46736214605067067,0.2634873323397914,1
1786744800000,1879.43,1879.77,0.0027503364773351358,2.0,0.0025,low_liquidity,0.19562660830651496,0.5417755841980257,0.2625978074954593,0.269150521609538,0.46736214605067067,0.2634873323397914,1
1786748400000,1879.77,1882.2,0.00025502072043348534,1.0,0.0025,low_liquidity,0.20363347580035945,0.5007206798437233,0.29564584435591723,0.269150521609538,0.46736214605067067,0.2634873323397914,1
1786752000000,1882.2,1882.41,0.0010412184380659273,1.0,0.0025,low_liquidity,0.17206010156889368,0.5345196272655626,0.2934202711655438,0.269150521609538,0.46736214605067067,0.2634873323397914,1
1786755600000,1882.41,1884.0,-0.001772823779193189,1.0,0.0025,low_liquidity,0.1651399862326478,0.48023966214461705,0.35462035162273514,0.269150521609538,0.46736214605067067,0.2634873323397914,1
1786759200000,1884.0,1884.94,-0.0014748480057720226,1.0,0.0025,low_liquidity,0.1731959270831224,0.4993208913341545,0.327483181582723,0.269150521609538,0.46736214605067067,0.2634873323397914,1
1786762800000,1884.94,1882.68,-0.0012110395818726305,1.0,0.0025,ranging,0.2254189534025971,0.42364893524214176,0.3509321113552612,0.269150521609538,0.46736214605067067,0.2634873323397914,1
1786766400000,1882.69,1884.37,-0.003884587421790764,0.0,0.0025,low_liquidity,0.18113146786815057,0.5121655057288658,0.30670302640298364,0.269150521609538,0.46736214605067067,0.2634873323397914,1
1786770000000,1884.38,1880.66,-0.00011698020907557893,1.0,0.0025,ranging,0.21677578346205825,0.4344730656227716,0.34875115091517,0.269150521609538,0.46736214605067067,0.2634873323397914,1
1786773600000,1880.67,1882.16,-0.0006110001275131394,1.0,0.0025,ranging,0.20837694594394762,0.46776907161822173,0.3238539824378307,0.269150521609538,0.46736214605067067,0.2634873323397914,1
1786777200000,1882.17,1880.4,-0.0004839395873218466,1.0,0.0025,low_liquidity,0.178380697822312,0.5494456799295013,0.2721736222481866,0.269150521609538,0.46736214605067067,0.2634873323397914,1
1786780800000,1880.4,1877.05,0.0036280333502036743,2.0,0.0025,ranging,0.22573726186104498,0.4264536534626323,0.34780908467632277,0.269150521609538,0.46736214605067067,0.2634873323397914,1
1786784400000,1877.04,1880.44,0.0018187232775306317,1.0,0.0025,ranging,0.24036473973876757,0.42861525868594025,0.3310200015752922,0.269150521609538,0.46736214605067067,0.2634873323397914,1
1786788000000,1880.45,1881.01,0.0013556546748820786,1.0,0.0025,ranging,0.22356026196391815,0.4681324989691003,0.30830723906698165,0.269150521609538,0.46736214605067067,0.2634873323397914,1
1786791600000,1881.0,1879.49,0.002883761020276765,2.0,0.0025,low_liquidity,0.1704500983901113,0.48240498643744756,0.34714491517244117,0.269150521609538,0.46736214605067067,0.2634873323397914,1
1786795200000,1879.49,1883.86,0.0005945240092151138,1.0,0.0025,ranging,0.19250397954631876,0.36598274455431345,0.44151327589936784,0.269150521609538,0.46736214605067067,0.2634873323397914,1
1786798800000,1883.86,1883.86,0.00033441975518355704,1.0,0.0025,ranging,0.16920448269118538,0.3750001405481657,0.45579537676064874,0.269150521609538,0.46736214605067067,0.2634873323397914,1
1786802400000,1883.85,1883.56,-0.00039287307014379547,1.0,0.0025,ranging,0.17859068402897438,0.3851252739252937,0.4362840420457319,0.269150521609538,0.46736214605067067,0.2634873323397914,1
1786806000000,1883.55,1884.91,-0.00019099055127302922,1.0,0.0025,ranging,0.1593439646064421,0.3926112722089462,0.4480447631846117,0.269150521609538,0.46736214605067067,0.2634873323397914,1
1786809600000,1884.92,1884.98,-0.000827594987745206,1.0,0.0025,ranging,0.16665731759333458,0.36876607555664587,0.46457660685001956,0.269150521609538,0.46736214605067067,0.2634873323397914,1
1786813200000,1884.98,1884.49,0.00036084033345895605,1.0,0.0025,ranging,0.18268915893436546,0.36027383322580847,0.45703700783982604,0.269150521609538,0.46736214605067067,0.2634873323397914,1
1786816800000,1884.49,1882.82,0.0010728587969111025,1.0,0.0025,low_liquidity,0.16608131788757724,0.4435275540248399,0.39039112808758286,0.269150521609538,0.46736214605067067,0.2634873323397914,1
1786820400000,1882.82,1884.55,-0.0010135045501578066,1.0,0.0025,low_liquidity,0.1486784968186848,0.45877158402374685,0.39254991915756826,0.269150521609538,0.46736214605067067,0.2634873323397914,1
1786824000000,1884.55,1883.42,-0.00045130666553405696,1.0,0.0025,low_liquidity,0.14785789390537488,0.5695453693972653,0.2825967366973598,0.269150521609538,0.46736214605067067,0.2634873323397914,1
1786827600000,1883.41,1885.17,-0.0024560119246540557,1.0,0.0025,ranging,0.1781218667491297,0.38346451313096797,0.4384136201199025,0.269150521609538,0.46736214605067067,0.2634873323397914,1
1786831200000,1885.16,1884.84,-0.0005995203836929308,1.0,0.0025,ranging,0.1671255189341059,0.39055135459757667,0.44232312646831745,0.269150521609538,0.46736214605067067,0.2634873323397914,1
1786834800000,1884.84,1882.64,0.0003505715378404606,1.0,0.0025,ranging,0.19524220622857713,0.3930957992869764,0.41166199448444635,0.269150521609538,0.46736214605067067,0.2634873323397914,1
1786838400000,1882.64,1882.57,-0.0004621342101488457,1.0,0.0025,ranging,0.19004756397447845,0.3838514249735781,0.4261010110519434,0.269150521609538,0.46736214605067067,0.2634873323397914,1
1786842000000,1882.57,1880.54,-0.00038818637199955486,1.0,0.0025,ranging,0.2147500673193128,0.3411721652403219,0.4440777674403653,0.269150521609538,0.46736214605067067,0.2634873323397914,1
1786845600000,1880.54,1883.71,-0.0016616145797390125,1.0,0.0025,ranging,0.21630243891481715,0.3702904563144479,0.41340710477073495,0.269150521609538,0.46736214605067067,0.2634873323397914,1
1786849200000,1883.71,1883.3,-0.0009345298146870018,1.0,0.0025,ranging,0.1891462388049836,0.3982007029340296,0.41265305826098675,0.269150521609538,0.46736214605067067,0.2634873323397914,1
1786852800000,1883.31,1881.7,-0.0004038900993782457,1.0,0.0025,ranging,0.20542879761948585,0.34488646824124436,0.44968473413926974,0.269150521609538,0.46736214605067067,0.2634873323397914,1
1786856400000,1881.7,1879.81,0.0003298205669721721,1.0,0.0025,ranging,0.23678318170555912,0.3184957246186275,0.4447210936758134,0.269150521609538,0.46736214605067067,0.2634873323397914,1
1786860000000,1879.82,1880.58,0.00011166767699322122,1.0,0.0025,ranging,0.2119050621970798,0.33109469964303595,0.45700023815988416,0.269150521609538,0.46736214605067067,0.2634873323397914,1
1786863600000,1880.58,1881.54,-0.00031888771963384244,1.0,0.0025,ranging,0.21646703123346428,0.3509643303844917,0.43256863838204407,0.269150521609538,0.46736214605067067,0.2634873323397914,1
1786867200000,1881.54,1880.94,-0.0005901304666816598,1.0,0.0025,ranging,0.25262922437000374,0.34504379735278856,0.4023269782772077,0.269150521609538,0.46736214605067067,0.2634873323397914,1
1786870800000,1880.94,1880.43,0.0008136436878798392,1.0,0.0025,ranging,0.24728675609808837,0.316567251673316,0.4361459922285956,0.269150521609538,0.46736214605067067,0.2634873323397914,1
1786874400000,1880.42,1880.79,0.0014408838838999571,1.0,0.0025,ranging,0.24616941935689077,0.312414358663046,0.44141622198006314,0.269150521609538,0.46736214605067067,0.2634873323397914,1
1786878000000,1880.8,1880.94,0.0016587450955372063,1.0,0.0025,ranging,0.23954013353200765,0.3338196510280126,0.4266402154399797,0.269150521609538,0.46736214605067067,0.2634873323397914,1
1786881600000,1880.94,1879.83,0.0051866392173760545,2.0,0.0025,trending,0.23413440400876268,0.33991882217150854,0.4259467738197288,0.269150521609538,0.46736214605067067,0.2634873323397914,1
1786885200000,1879.82,1881.96,0.0017056685583116682,1.0,0.0025,trending,0.2192926202186935,0.3697788967001258,0.41092848308118074,0.269150521609538,0.46736214605067067,0.2634873323397914,1
1786888800000,1881.96,1883.5,0.0010565436687017815,1.0,0.0025,trending,0.18870325635318178,0.37816171698558626,0.43313502666123205,0.269150521609538,0.46736214605067067,0.2634873323397914,1
1786892400000,1883.51,1884.06,0.00093946052673477,1.0,0.0025,ranging,0.17844996011458078,0.3505769473780446,0.47097309250737446,0.269150521609538,0.46736214605067067,0.2634873323397914,1
1786896000000,1884.06,1889.58,-0.004011473449126224,0.0,0.0025,ranging,0.18625265369383806,0.35768381533220694,0.456063530973955,0.269150521609538,0.46736214605067067,0.2634873323397914,1
1786899600000,1889.59,1885.17,-0.005097683498040073,0.0,0.0025,ranging,0.17488328408397455,0.3300638887655421,0.4950528271504833,0.269150521609538,0.46736214605067067,0.2634873323397914,1
1786903200000,1885.18,1885.49,-0.005006656094702189,0.0,0.0025,ranging,0.17822514768034883,0.33621850927079266,0.48555634304885836,0.269150521609538,0.46736214605067067,0.2634873323397914,1
1786906800000,1885.49,1885.83,-0.005212558926308231,0.0,0.0025,ranging,0.17123801778845898,0.33616447205377814,0.49259751015776293,0.269150521609538,0.46736214605067067,0.2634873323397914,1
1786910400000,1885.83,1882.0,-0.001631243358129586,1.0,0.0025,ranging,0.20570171086018632,0.3213025273139319,0.4729957618258818,0.269150521609538,0.46736214605067067,0.2634873323397914,1
1786914000000,1881.99,1875.56,0.008578771140352881,2.0,0.0025,ranging,0.22065272001441122,0.24167087689341774,0.5376764030921711,0.269150521609538,0.46736214605067067,0.2634873323397914,1
1786917600000,1875.55,1876.05,0.014024146477972232,2.0,0.0025,ranging,0.2222803233038725,0.2651648776855785,0.512554799010549,0.269150521609538,0.46736214605067067,0.2634873323397914,1
1786921200000,1876.05,1876.0,0.01328358208955227,2.0,0.0025,trending,0.20870225781158547,0.3120993076769471,0.4791984345114674,0.269150521609538,0.46736214605067067,0.2634873323397914,1
1786924800000,1876.01,1878.93,0.01299143661552038,2.0,0.0025,ranging,0.21011563980850578,0.2992695767353115,0.49061478345618265,0.269150521609538,0.46736214605067067,0.2634873323397914,1
1786928400000,1878.92,1891.65,0.004229112150767822,2.0,0.0025,ranging,0.17744835821696514,0.3328756823054526,0.4896759594775822,0.269150521609538,0.46736214605067067,0.2634873323397914,1
1786932000000,1891.66,1902.36,0.002465358817468788,1.0,0.0025,trending,0.1828123929112732,0.407124010217194,0.4100635968715327,0.269150521609538,0.46736214605067067,0.2634873323397914,1
1786935600000,1902.35,1900.92,5.260610651758313e-06,1.0,0.0025,trending,0.20268279792989546,0.4441258321761359,0.35319136989396865,0.269150521609538,0.46736214605067067,0.2634873323397914,1
1786939200000,1900.93,1903.34,-0.00468124454905583,0.0,0.0025,trending,0.2079668639527803,0.41668355670379403,0.3753495793434258,0.269150521609538,0.46736214605067067,0.2634873323397914,1
1786942800000,1903.33,1899.65,-0.0029637038401811866,0.0,0.0025,trending,0.23142499200493363,0.37906612036012755,0.3895088876349389,0.269150521609538,0.46736214605067067,0.2634873323397914,1
1786946400000,1899.66,1907.05,5.768071104594874e-05,1.0,0.0025,trending,0.27232747938398405,0.36026417706314867,0.3674083435528672,0.269150521609538,0.46736214605067067,0.2634873323397914,1
1786950000000,1907.06,1900.93,0.0018569857911654442,1.0,0.0025,trending,0.2538386852399031,0.3563796182483196,0.38978169651177724,0.269150521609538,0.46736214605067067,0.2634873323397914,1
1786953600000,1900.93,1894.43,0.0025284650264194575,2.0,0.0025,trending,0.27414416076504716,0.3813002322744281,0.34455560696052473,0.269150521609538,0.46736214605067067,0.2634873323397914,1
1786957200000,1894.44,1894.02,0.0057549550691122775,2.0,0.0025,trending,0.27075597809603646,0.4070859739963195,0.32215804790764413,0.269150521609538,0.46736214605067067,0.2634873323397914,1
1786960800000,1894.02,1907.16,0.0012846326474966752,1.0,0.0025017568067714946,trending,0.24293531652894182,0.437924091151791,0.3191405923192672,0.269150521609538,0.46736214605067067,0.2634873323397914,1
1786964400000,1907.15,1904.46,0.004599729057055635,2.0,0.0025,trending,0.25957313778037017,0.4404360035690538,0.29999085865057606,0.269150521609538,0.46736214605067067,0.2634873323397914,1
1786968000000,1904.46,1899.22,0.004212255557544786,2.0,0.0025,trending,0.28413285200891364,0.4433102177154642,0.27255693027562217,0.269150521609538,0.46736214605067067,0.2634873323397914,1
1786971600000,1899.22,1904.92,0.0020945761501796056,1.0,0.0025947060757458987,trending,0.26763581126180136,0.41714559017620356,0.31521859856199513,0.269150521609538,0.46736214605067067,0.2634873323397914,1
1786975200000,1904.92,1909.61,0.00020946685448874902,1.0,0.0026983519249453507,trending,0.28094404694608455,0.4253113803736822,0.2937445726802333,0.269150521609538,0.46736214605067067,0.2634873323397914,1
1786978800000,1909.61,1913.22,-0.003120393890927331,0.0,0.0027463945469691936,trending,0.2952796530101905,0.4107384106123123,0.29398193637749725,0.269150521609538,0.46736214605067067,0.2634873323397914,1
1786982400000,1913.22,1907.22,-0.0002569184467444696,1.0,0.0027488004484081253,trending,0.2517055568546915,0.40691973429647726,0.34137470884883114,0.269150521609538,0.46736214605067067,0.2634873323397914,1
1786986000000,1907.21,1908.91,-0.001341079464196926,1.0,0.002765728440604787,trending,0.2776262312619312,0.42501945941272984,0.29735430932533896,0.269150521609538,0.46736214605067067,0.2634873323397914,1
1786989600000,1908.9,1910.01,-0.0028586237768388756,0.0,0.0026919023912445332,trending,0.29256266059589986,0.4178218111516012,0.2896155282524991,0.269150521609538,0.46736214605067067,0.2634873323397914,1
1786993200000,1910.0,1907.25,0.0033294009699829097,2.0,0.0025982917185144146,trending,0.24371595834633372,0.43929583688581136,0.3169882047678549,0.269150521609538,0.46736214605067067,0.2634873323397914,1
1786996800000,1907.24,1906.73,0.00177266839038559,1.0,0.002543048436769309,trending,0.24153997354997575,0.4347029261773305,0.3237571002726937,0.269150521609538,0.46736214605067067,0.2634873323397914,1
1787000400000,1906.73,1906.35,-0.002523146326749992,0.0,0.0025,trending,0.2364725548592272,0.48872679748540027,0.2748006476553726,0.269150521609538,0.46736214605067067,0.2634873323397914,1
1787004000000,1906.35,1904.55,-0.005964663568821971,0.0,0.0025,trending,0.21395591411382875,0.4010050520764122,0.3850390338097592,0.269150521609538,0.46736214605067067,0.2634873323397914,1
1787007600000,1904.56,1913.6,-0.009881897993310962,0.0,0.0025065501152356498,trending,0.21906812576436532,0.4538589349875495,0.3270729392480852,0.269150521609538,0.46736214605067067,0.2634873323397914,1
1787011200000,1913.59,1910.11,-0.007041479286533092,0.0,0.0025,trending,0.2369849523406519,0.47337249920972285,0.28964254844962517,0.269150521609538,0.46736214605067067,0.2634873323397914,1
1787014800000,1910.12,1901.54,-0.003108007194168816,0.0,0.0025332912141969193,trending,0.23796489940500082,0.41188891510091846,0.3501461854940806,0.269150521609538,0.46736214605067067,0.2634873323397914,1
1787018400000,1901.53,1893.19,0.005091934776752405,2.0,0.002686886361899081,trending,0.2770207356619572,0.35488669750024027,0.36809256683780256,0.269150521609538,0.46736214605067067,0.2634873323397914,1
1787022000000,1893.19,1894.69,0.0021903319276503908,1.0,0.0027126270595826223,trending,0.2418313778938022,0.38098886921356445,0.37717975289263334,0.269150521609538,0.46736214605067067,0.2634873323397914,1
1787025600000,1894.68,1896.66,0.0019191631605031123,1.0,0.0026556697309167475,ranging,0.24273418240587208,0.4028327125603867,0.35443310503374115,0.269150521609538,0.46736214605067067,0.2634873323397914,1
1787029200000,1896.66,1895.63,0.0006857878383439431,1.0,0.002607490957545486,ranging,0.2534930944222007,0.3834848791683347,0.36302202640946474,0.269150521609538,0.46736214605067067,0.2634873323397914,1
1787032800000,1895.62,1902.83,-0.002527813835182302,1.0,0.002711633840500552,ranging,0.22073231406001853,0.4196970199789217,0.3595706659610598,0.269150521609538,0.46736214605067067,0.2634873323397914,1
1787036400000,1902.84,1898.84,0.0022487413368161846,1.0,0.0026631716833644186,ranging,0.23150926776395775,0.42467306856582554,0.3438176636702167,0.269150521609538,0.46736214605067067,0.2634873323397914,1
1787040000000,1898.83,1900.3,-0.0004315108140819923,1.0,0.0026521443963778654,ranging,0.21988311477248731,0.435408364960655,0.3447085202668577,0.269150521609538,0.46736214605067067,0.2634873323397914,1
1787043600000,1900.31,1896.93,0.00047972249898520225,1.0,0.0025739450417885425,ranging,0.23281186945277474,0.38986113156690355,0.3773269989803216,0.269150521609538,0.46736214605067067,0.2634873323397914,1
1787047200000,1896.93,1898.02,0.006849242895227592,2.0,0.0025,ranging,0.21653077626209,0.42042562265512895,0.3630436010827809,0.269150521609538,0.46736214605067067,0.2634873323397914,1
1787050800000,1898.01,1903.11,0.0076663986842588905,2.0,0.0025,ranging,0.2169729118620892,0.4558909677046215,0.3271361204332892,0.269150521609538,0.46736214605067067,0.2634873323397914,1
1787054400000,1903.12,1899.48,0.009997472992608447,2.0,0.0025,ranging,0.20263763405342244,0.4765940610974517,0.3207683048491258,0.269150521609538,0.46736214605067067,0.2634873323397914,1
1787058000000,1899.48,1897.84,0.007134426505922553,2.0,0.0025,ranging,0.2384147338393302,0.4296949648362411,0.33189030132442876,0.269150521609538,0.46736214605067067,0.2634873323397914,1
1787061600000,1897.84,1911.02,0.002919906646712267,2.0,0.0027830709846566903,ranging,0.209687680014427,0.37723664967911513,0.4130756703064579,0.269150521609538,0.46736214605067067,0.2634873323397914,1
1787065200000,1911.03,1917.7,-0.0023048443447880596,1.0,0.0028320590912582107,ranging,0.1943303686012991,0.4383484701553594,0.36732116124334147,0.269150521609538,0.46736214605067067,0.2634873323397914,1
1787068800000,1917.71,1918.47,-0.0028408054334965183,1.0,0.0028413831390556124,ranging,0.22695492127332556,0.44024428644700964,0.33280079227966486,0.269150521609538,0.46736214605067067,0.2634873323397914,1
1787072400000,1918.47,1911.38,0.0004394730508847644,1.0,0.002811446929151871,ranging,0.2552247084853456,0.44130314168527807,0.30347214982937626,0.269150521609538,0.46736214605067067,0.2634873323397914,1
1787076000000,1911.38,1916.6,-0.0016591881456745616,1.0,0.0027540087583947004,ranging,0.23963854389347763,0.49140796738632103,0.26895348872020125,0.269150521609538,0.46736214605067067,0.2634873323397914,1
1787079600000,1916.6,1913.28,0.002388568322461815,1.0,0.0026611866018568923,ranging,0.2408024366461453,0.4913435035244798,0.26785405982937477,0.269150521609538,0.46736214605067067,0.2634873323397914,1
1787083200000,1913.28,1913.02,0.00031364021285718025,1.0,0.002558808896061495,ranging,0.22139810642934712,0.48377405823226644,0.29482783533838636,0.269150521609538,0.46736214605067067,0.2634873323397914,1
1787086800000,1913.01,1912.22,0.0007635104747361066,1.0,0.0025,ranging,0.21664672680599775,0.5039674262379664,0.27938584695603585,0.269150521609538,0.46736214605067067,0.2634873323397914,1
1787090400000,1912.21,1913.42,-0.002989411629438443,0.0,0.0025,ranging,0.2200265759497654,0.4273572160372154,0.35261620801301913,0.269150521609538,0.46736214605067067,0.2634873323397914,1
1787094000000,1913.42,1917.85,-0.0029720781082982484,0.0,0.0025,ranging,0.2029368782392574,0.4564538964174465,0.34060922534329613,0.269150521609538,0.46736214605067067,0.2634873323397914,1
1787097600000,1917.85,1913.62,-0.0014475183160711502,1.0,0.0025,ranging,0.22906251997309424,0.41241327818312845,0.35852420184377737,0.269150521609538,0.46736214605067067,0.2634873323397914,1
1787101200000,1913.62,1913.68,-0.0017819071109067552,1.0,0.0025,trending,0.23465985274368487,0.45867196649675973,0.3066681807595554,0.269150521609538,0.46736214605067067,0.2634873323397914,1
1787104800000,1913.68,1907.7,0.005205220946689737,2.0,0.0025,ranging,0.2445164604724181,0.3791502843379732,0.3763332551896087,0.269150521609538,0.46736214605067067,0.2634873323397914,1
1787108400000,1907.71,1912.15,0.0020186700834139426,1.0,0.0025,ranging,0.2285615927276843,0.41065224273247886,0.3607861645398369,0.269150521609538,0.46736214605067067,0.2634873323397914,1
1787112000000,1912.15,1910.85,0.005583902451788525,2.0,0.0025,ranging,0.21308250763273526,0.4323100753436022,0.3546074170236626,0.269150521609538,0.46736214605067067,0.2634873323397914,1
1787115600000,1910.84,1910.27,0.004727080465065203,2.0,0.0025,ranging,0.2132219230380546,0.4442959574420421,0.34248211951990337,0.269150521609538,0.46736214605067067,0.2634873323397914,1
1787119200000,1910.28,1917.63,0.0013506255116992882,1.0,0.0025,ranging,0.24538112247861008,0.4396771190725792,0.3149417584488107,0.269150521609538,0.46736214605067067,0.2634873323397914,1
1787122800000,1917.64,1916.01,0.003679521505628891,2.0,0.0025,ranging,0.27188744571105933,0.39953606963859184,0.3285764846503489,0.269150521609538,0.46736214605067067,0.2634873323397914,1
1787126400000,1916.01,1921.52,0.008165410716516108,2.0,0.0025,ranging,0.23084791630741466,0.4264687454626323,0.3426833382299531,0.269150521609538,0.46736214605067067,0.2634873323397914,1
1787130000000,1921.52,1919.3,0.007085916740478426,2.0,0.0025,ranging,0.2112560333660431,0.4061894170202521,0.3825545496137049,0.269150521609538,0.46736214605067067,0.2634873323397914,1
1787133600000,1919.3,1920.22,0.026236577058878607,2.0,0.0025,ranging,0.19739639951553833,0.5015735956058568,0.3010300048786049,0.269150521609538,0.46736214605067067,0.2634873323397914,1
1787137200000,1920.23,1923.06,0.08464114484207452,2.0,0.0025,ranging,0.2030629089227176,0.4334798361748711,0.36345725490241126,0.269150521609538,0.46736214605067067,0.2634873323397914,1
1787140800000,1923.06,1937.21,0.07863886723690272,2.0,0.002547514492831394,trending,0.22110592819919886,0.43601193759657847,0.3428821342042227,0.269150521609538,0.46736214605067067,0.2634873323397914,1
1787144400000,1937.21,1932.9,0.08180454239743384,2.0,0.002671260694831337,trending,0.21134058856357263,0.397534197982445,0.39112521345398243,0.269150521609538,0.46736214605067067,0.2634873323397914,1
1787148000000,1932.91,1970.6,0.06157008017862586,2.0,0.0034597380551794742,abnormal,0.209855188392327,0.4367160197693957,0.35342879183827736,0.269150521609538,0.46736214605067067,0.2634873323397914,1
1787151600000,1970.61,2085.83,0.007761898141267487,2.0,0.006067844097347225,abnormal,0.1880749099308751,0.5384754899239156,0.27344960014520925,0.269150521609538,0.46736214605067067,0.2634873323397914,1
1787155200000,2085.83,2089.55,0.06152999449642249,2.0,0.006152739185005897,high_volatility,0.1923212213415198,0.6839834460570944,0.12369533260138578,0.269150521609538,0.46736214605067067,0.2634873323397914,1
1787158800000,2089.55,2091.02,0.09324635823665006,2.0,0.006235573688998607,high_volatility,0.21955047271307135,0.6544156349982373,0.12603389228869136,0.269150521609538,0.46736214605067067,0.2634873323397914,1
1787162400000,2091.03,2091.93,0.07555702150645582,2.0,0.006065459061290916,high_volatility,0.23414004366284003,0.6040004376708921,0.16185951866626794,0.269150521609538,0.46736214605067067,0.2634873323397914,1
1787166000000,2091.92,2102.02,0.07173100160797707,2.0,0.005941179880819468,high_volatility,0.24283613905799942,0.5802792569181784,0.17688460402382222,0.269150521609538,0.46736214605067067,0.2634873323397914,1
1787169600000,2102.02,2218.12,0.019890718265918927,2.0,0.007924156690287329,abnormal,0.26597002321600016,0.48117708991873565,0.25285288686526436,0.269150521609538,0.46736214605067067,0.2634873323397914,1
1787173200000,2218.13,2286.0,-0.008460192475940542,1.0,0.009347565794656345,high_volatility,0.19705548465967915,0.6748255096881742,0.12811900565214662,0.269150521609538,0.46736214605067067,0.2634873323397914,1
1787176800000,2286.0,2249.99,0.000844448197547587,1.0,0.00974699444015298,high_volatility,0.19209367505183206,0.6960964854679368,0.11180983948023114,0.269150521609538,0.46736214605067067,0.2634873323397914,1
1787180400000,2250.0,2252.8,-0.0007057883522727515,1.0,0.00938839032902538,high_volatility,0.20249608286237716,0.6891185551741956,0.10838536196342724,0.269150521609538,0.46736214605067067,0.2634873323397914,1
1787184000000,2252.81,2262.24,-0.005286795388641186,1.0,0.009104255533452591,high_volatility,0.2014438232074483,0.6539413091444902,0.14461486764806133,0.269150521609538,0.46736214605067067,0.2634873323397914,1
1787187600000,2262.24,2266.66,-0.008073553157509128,1.0,0.008833391846970916,high_volatility,0.23712090103717187,0.6565799896248397,0.1062991093379885,0.269150521609538,0.46736214605067067,0.2634873323397914,1
1787191200000,2266.66,2251.89,0.004827056383748918,1.0,0.008649808685469797,high_volatility,0.19362446673140218,0.7016367814757358,0.10473875179286198,0.269150521609538,0.46736214605067067,0.2634873323397914,1
1787194800000,2251.88,2251.21,0.0002665233363390307,1.0,0.008720498558851004,high_volatility,0.22956572881683707,0.6439679606912176,0.12646631049194518,0.269150521609538,0.46736214605067067,0.2634873323397914,1
1787198400000,2251.21,2250.28,0.014207120891622349,2.0,0.00829007172087545,high_volatility,0.20302024127728116,0.6810236196722067,0.1159561390505122,0.269150521609538,0.46736214605067067,0.2634873323397914,1
1787202000000,2250.27,2248.36,0.01343201266701044,2.0,0.007954775089928109,high_volatility,0.182014065308,0.6992801017303577,0.11870583296164218,0.269150521609538,0.46736214605067067,0.2634873323397914,1
1787205600000,2248.36,2262.76,0.010712581095652984,2.0,0.007876145427186274,high_volatility,0.2302570859025922,0.65990912353526,0.10983379056214765,0.269150521609538,0.46736214605067067,0.2634873323397914,1
1787209200000,2262.77,2251.81,0.01988178398710372,2.0,0.00774252549690694,high_volatility,0.2129463828018012,0.6778849808060518,0.10916863639214701,0.269150521609538,0.46736214605067067,0.2634873323397914,1
1787212800000,2251.81,2282.25,0.0034965494577718914,1.0,0.007808492634445028,high_volatility,0.263281331213974,0.6263357043891418,0.11038296439688412,0.269150521609538,0.46736214605067067,0.2634873323397914,1
1787216400000,2282.26,2278.56,-0.0007241415630925285,1.0,0.007698098802204276,high_volatility,0.2233789810287391,0.6603615106409264,0.11625950833033447,0.269150521609538,0.46736214605067067,0.2634873323397914,1
1787220000000,2278.56,2287.0,-0.0025185832968955824,1.0,0.00750282778711217,high_volatility,0.2575068416314338,0.6261688559093371,0.11632430245922913,0.269150521609538,0.46736214605067067,0.2634873323397914,1
1787223600000,2286.99,2296.58,0.01298887911590274,2.0,0.007641193580349662,high_volatility,0.27200321648296705,0.5922610717680219,0.13573571174901108,0.269150521609538,0.46736214605067067,0.2634873323397914,1
1787227200000,2296.59,2290.23,0.023687577230234513,2.0,0.007732035665347163,high_volatility,0.21808852517386282,0.6453138644111993,0.13659761041493787,0.269150521609538,0.46736214605067067,0.2634873323397914,1
1787230800000,2290.23,2276.91,0.029579561774510266,2.0,0.00802189372388847,high_volatility,0.2842971173779256,0.5679261666429798,0.14777671597909467,0.269150521609538,0.46736214605067067,0.2634873323397914,1
1787234400000,2276.92,2281.24,0.015403903140397412,2.0,0.007770106561881309,high_volatility,0.21579214984792966,0.6369878184613137,0.1472200316907566,0.269150521609538,0.46736214605067067,0.2634873323397914,1
1787238000000,2281.24,2326.41,-0.0011347956723019026,1.0,0.008118616010196568,high_volatility,0.23533840430055583,0.6038527723748238,0.16080882332462043,0.269150521609538,0.46736214605067067,0.2634873323397914,1
1787241600000,2326.4,2344.48,-0.011047225824063367,0.0,0.008313448219393704,high_volatility,0.2283662719522745,0.6472365837369379,0.12439714431078769,0.269150521609538,0.46736214605067067,0.2634873323397914,1
1787245200000,2344.48,2344.26,-0.010856304334843525,0.0,0.008064782857406543,high_volatility,0.23187319463702272,0.6549341034644137,0.11319270189856351,0.269150521609538,0.46736214605067067,0.2634873323397914,1
1787248800000,2344.25,2316.38,-0.00084614786865711,1.0,0.008275823304249063,high_volatility,0.23668926705044335,0.6226811446843767,0.14062958826517996,0.269150521609538,0.46736214605067067,0.2634873323397914,1
1787252400000,2316.37,2323.77,0.001312522323637877,1.0,0.008037596867265994,high_volatility,0.26559531680679155,0.5837865269858759,0.15061815620733252,0.269150521609538,0.46736214605067067,0.2634873323397914,1
1787256000000,2323.78,2318.58,0.009592077909755137,2.0,0.007807175208816453,high_volatility,0.2039106302752643,0.6484765796278701,0.14761279009686545,0.269150521609538,0.46736214605067067,0.2634873323397914,1
1787259600000,2318.58,2318.81,0.017491730672198225,2.0,0.007475764472896176,trending,0.2198768508773625,0.625914876965322,0.15420827215731542,0.269150521609538,0.46736214605067067,0.2634873323397914,1
1787263200000,2318.81,2314.42,0.013536868848350814,2.0,0.007191601426403431,trending,0.20797561739631323,0.6412288433478037,0.15079553925588315,0.269150521609538,0.46736214605067067,0.2634873323397914,1
1787266800000,2314.42,2326.82,0.006111345097600918,1.0,0.007137792605139088,trending,0.19997241999177293,0.6312662531388821,0.16876132686934492,0.269150521609538,0.46736214605067067,0.2634873323397914,1
1787270400000,2326.83,2340.82,0.005809929853640927,1.0,0.007067262804834163,trending,0.24954080890822566,0.5042242475623483,0.2462349435294261,0.26,0.476,0.264,2
1787274000000,2340.82,2359.37,0.003835769718187665,1.0,0.007288673052084573,trending,0.24900976484317255,0.5073216162595756,0.2436686188972519,0.26,0.476,0.264,2
1787277600000,2359.37,2345.75,0.01139081317275914,2.0,0.00726410362222433,trending,0.23814039422883612,0.5203333616691269,0.24152624410203694,0.26,0.476,0.264,2
1787281200000,2345.75,2341.04,0.013079656904623649,2.0,0.007074969852648683,trending,0.24402741041090847,0.5119605203226473,0.24401206926644417,0.26,0.476,0.264,2
1787284800000,2341.05,2354.42,0.03813253370256775,2.0,0.006804594777663797,trending,0.2446466328693014,0.5157432238946262,0.2396101432360723,0.26,0.476,0.264,2
1787288400000,2354.43,2368.42,0.015022673343410453,2.0,0.006626640861042795,trending,0.26114154494552483,0.49932577467178685,0.2395326803826884,0.26,0.476,0.264,2
1787292000000,2368.42,2372.47,0.009635527530379884,2.0,0.006667032782755124,trending,0.2609508755792012,0.5002079846495728,0.23884113977122592,0.26,0.476,0.264,2
1787295600000,2372.48,2371.66,-0.0005017582621454908,1.0,0.006844372972617726,trending,0.24588856691306082,0.5108093640589659,0.2433020690279733,0.26,0.476,0.264,2
1787299200000,2371.67,2444.2,-0.022739546681940892,0.0,0.007529978633239663,trending,0.2431809591710962,0.4981490343826269,0.25867000644627697,0.26,0.476,0.264,2
1787302800000,2444.2,2404.0,-0.006801164725457554,1.0,0.008355361869495391,high_volatility,0.24140843513335378,0.5208485065821566,0.23774305828448958,0.26,0.476,0.264,2
1787306400000,2404.0,2395.33,-0.0006930151586628241,1.0,0.008165942215700375,high_volatility,0.23605252817110506,0.538560241725391,0.22538723010350387,0.26,0.476,0.264,2
1787310000000,2395.32,2370.47,0.009778651491054724,2.0,0.008421525893235656,high_volatility,0.2476029408066587,0.5050595386739475,0.24733752051939373,0.26,0.476,0.264,2
1787313600000,2370.48,2388.62,0.007263608275908329,1.0,0.008335795453136665,high_volatility,0.24439531451286486,0.5142465525271868,0.24135813295994843,0.26,0.476,0.264,2
1787317200000,2388.62,2387.65,0.015060833874311674,2.0,0.008431530720838088,high_volatility,0.24638967473036974,0.516828713000792,0.23678161226883832,0.26,0.476,0.264,2
1787320800000,2387.65,2393.67,0.01129646108277238,2.0,0.008311626564854022,high_volatility,0.2386680063498073,0.5374205119841384,0.22391148166605426,0.26,0.476,0.264,2
1787324400000,2393.67,2393.65,0.008313663233973312,2.0,0.008067678622110995,high_volatility,0.23645816372712553,0.529356466943054,0.23418536932982045,0.26,0.476,0.264,2
1787328000000,2393.64,2405.97,0.014580397926823752,2.0,0.007972121316665502,trending,0.2429932278307289,0.5082569750524967,0.24874979711677425,0.26,0.476,0.264,2
1787331600000,2405.97,2423.61,0.036994400914338366,2.0,0.0078067988725010005,trending,0.23732120156787842,0.5207669014929053,0.24191189693921636,0.26,0.476,0.264,2
1787335200000,2423.61,2420.71,0.041797654407178086,2.0,0.007903356146395302,trending,0.24008484031782631,0.5282770204924024,0.23163813918977125,0.26,0.476,0.264,2
1787338800000,2420.72,2413.55,0.04257214476600857,2.0,0.007597834024653296,trending,0.22400229140875447,0.5399864796215692,0.23601122896967636,0.26,0.476,0.264,2
1787342400000,2413.54,2441.05,0.03334220929518028,2.0,0.00766019248252729,trending,0.22249614277735516,0.5278851945436766,0.2496186626789683,0.26,0.476,0.264,2
1787346000000,2441.05,2513.27,-0.002498736705566884,1.0,0.008377698808244472,high_volatility,0.21403809465245424,0.5492892580003548,0.23667264734719098,0.26,0.476,0.264,2
1787349600000,2513.26,2521.89,-0.0023276193648413823,1.0,0.008430764457534278,high_volatility,0.22685850006475902,0.54938712415006,0.22375437578518104,0.26,0.476,0.264,2
1787353200000,2521.89,2516.3,-0.0004927870285738045,1.0,0.008466256791761845,high_volatility,0.2243550320672079,0.5534240225465182,0.22222094538627377,0.26,0.476,0.264,2
1787356800000,2516.31,2522.44,-0.0031754967412506163,1.0,0.008384040440051076,high_volatility,0.22532898899067982,0.5421818188619255,0.23248919214739458,0.26,0.476,0.264,2
1787360400000,2522.44,2506.99,-0.026741231516679398,0.0,0.008202582909010174,high_volatility,0.22324119802946724,0.5411746230921584,0.23558417887837443,0.26,0.476,0.264,2
1787364000000,2506.99,2516.02,-0.03109673214044395,0.0,0.008059307763047882,trending,0.2252009267528543,0.5387849710584061,0.2360141021887396,0.26,0.476,0.264,2
1787367600000,2516.02,2515.06,-0.032504194730940794,0.0,0.007725743939473994,trending,0.22002031059712956,0.5397219933067013,0.24025769609616918,0.26,0.476,0.264,2
1787371200000,2515.06,2514.43,-0.03527240766296935,0.0,0.007583747301472325,trending,0.23343951315749645,0.5259693050078288,0.24059118183467487,0.26,0.476,0.264,2
1787374800000,2514.43,2439.95,-0.007385397241746805,1.0,0.009598569714664345,high_volatility,0.2177535079726737,0.5145970763208004,0.26764941570652595,0.26,0.476,0.264,2
1787378400000,2439.95,2437.78,-0.0102757426839174,0.0,0.009474674038288888,high_volatility,0.21205047881349087,0.5464380458783953,0.24151147530811376,0.26,0.476,0.264,2
1787382000000,2437.79,2433.31,-0.0038548314846854614,1.0,0.009180417426755511,high_volatility,0.2103902434860624,0.5603264893093912,0.22928326720454636,0.26,0.476,0.264,2
1787385600000,2433.32,2425.74,0.0009811438983569065,1.0,0.009062578249261197,high_volatility,0.207298244425068,0.5686805461016894,0.22402120947324256,0.26,0.476,0.264,2
1787389200000,2425.74,2421.93,0.003369213808821936,1.0,0.008721703096017193,high_volatility,0.20880269565671158,0.5699753086488224,0.22122199569446593,0.26,0.476,0.264,2
1787392800000,2421.93,2412.73,0.0005015065921176731,1.0,0.008727505680624383,high_volatility,0.20732071312561154,0.5623939145913731,0.23028537228301543,0.26,0.476,0.264,2
1787396400000,2412.73,2423.93,-0.005375567776297108,1.0,0.008443799124048468,high_volatility,0.22928366161418665,0.5478987061083489,0.22281763227746434,0.26,0.476,0.264,2
1787400000000,2423.92,2428.12,-0.002261008516877161,1.0,0.00815649597630538,trending,0.23658725840237652,0.5369786885590057,0.2264340530386177,0.26,0.476,0.264,2
1787403600000,2428.11,2430.09,-0.0015513828705933097,1.0,0.0077712689985563735,trending,0.23289318857138205,0.542489967382285,0.2246168440463328,0.26,0.476,0.264,2
1787407200000,2430.09,2413.94,0.005464096042155253,1.0,0.007657175762716437,trending,0.22733809865862767,0.5397999183193672,0.23286198302200506,0.26,0.476,0.264,2
1787410800000,2413.93,2410.9,0.01182545937201862,2.0,0.007316340583791246,trending,0.21291011306887628,0.5463167821838698,0.24077310474725389,0.26,0.476,0.264,2
1787414400000,2410.89,2422.63,0.003801653574833974,1.0,0.007131286237182912,trending,0.22160413592928307,0.5416521234023433,0.23674374066837364,0.26,0.476,0.264,2
1787418000000,2422.64,2426.32,-0.007740116719971102,0.0,0.006864071742339481,low_liquidity,0.21776057326357395,0.5489506961633401,0.23328873057308594,0.26,0.476,0.264,2
1787421600000,2426.33,2427.13,-0.005343759913972623,1.0,0.006596434270350768,low_liquidity,0.2209572251803303,0.5473640679184271,0.23167870690124256,0.26,0.476,0.264,2
1787425200000,2427.13,2439.41,-0.006891010531234976,0.0,0.00645862394237465,trending,0.23033078779158978,0.5282750062592432,0.24139420594916702,0.26,0.476,0.264,2
1787428800000,2439.41,2431.84,-0.0003618659122310852,1.0,0.0062686811458015825,trending,0.2263184377581313,0.5378015278258709,0.2358800344159979,0.26,0.476,0.264,2
1787432400000,2431.83,2407.54,0.006525332912433512,2.0,0.0063866490943594945,trending,0.217149898679259,0.5327107708593426,0.2501393304613984,0.26,0.476,0.264,2
1787436000000,2407.54,2414.16,0.0011556814792723635,1.0,0.006283270107799854,trending,0.219929452305579,0.525808200185081,0.25426234750934007,0.26,0.476,0.264,2
1787439600000,2414.17,2422.6,-0.0035581606538429567,1.0,0.006116293348492152,low_liquidity,0.21032732397526122,0.543825473441724,0.2458472025830148,0.26,0.476,0.264,2
1787443200000,2422.6,2430.96,-0.02151413433376126,0.0,0.005939491260911097,ranging,0.21854872264177821,0.538407470829156,0.24304380652906576,0.26,0.476,0.264,2
1787446800000,2430.96,2423.25,-0.020740740740740837,0.0,0.005762528298274687,ranging,0.23384917667540267,0.5019550235059137,0.26419579981868374,0.26,0.476,0.264,2
1787450400000,2423.26,2416.95,-0.011154554293634544,0.0,0.0056572660077584104,low_liquidity,0.21565645184388527,0.5210082140912727,0.263335334064842,0.26,0.476,0.264,2
1787454000000,2416.96,2413.98,-0.010339770834886797,0.0,0.005448715932279946,low_liquidity,0.222006812960044,0.5180133377344873,0.2599798493054687,0.26,0.476,0.264,2
1787457600000,2413.98,2378.66,0.014209681080944891,2.0,0.0059427272594253806,ranging,0.26130446204253394,0.4634045818570304,0.2752909561004357,0.26,0.476,0.264,2
1787461200000,2378.67,2372.99,0.016102048470495012,2.0,0.006096541828114441,trending,0.24568680995434505,0.49351679603035387,0.26079639401530097,0.26,0.476,0.264,2
1787464800000,2372.99,2389.99,0.010527240699752083,2.0,0.0061117836806569075,trending,0.24312862471042668,0.49174707878883717,0.2651242965007362,0.26,0.476,0.264,2
1787468400000,2389.99,2389.02,0.01869385773245935,2.0,0.005863382248373555,trending,0.26194872119388846,0.49256245194780857,0.2454888268583028,0.26,0.476,0.264,2
1787472000000,2389.01,2412.46,0.006047768667666986,1.0,0.006085743744888802,trending,0.24687194364363604,0.509492474987585,0.24363558136877897,0.26,0.476,0.264,2
1787475600000,2412.45,2411.2,0.020135202388852136,2.0,0.005861247914859455,ranging,0.2516805799707131,0.5053218185420384,0.24299760148724858,0.26,0.476,0.264,2
1787479200000,2411.2,2415.15,0.0098544603854831,2.0,0.005612024471713333,low_liquidity,0.2399182580700893,0.5202978475357944,0.2397838943941163,0.26,0.476,0.264,2
1787482800000,2415.15,2433.68,0.002029847802504925,1.0,0.005585147118096281,ranging,0.2345848397230366,0.518670002046805,0.24674515823015838,0.26,0.476,0.264,2
1787486400000,2433.67,2427.05,0.009686656640777835,2.0,0.0054569477613561155,ranging,0.2336227502834558,0.5253639696863716,0.24101328003017264,0.26,0.476,0.264,2
1787490000000,2427.05,2459.75,-0.007980485821729943,0.0,0.0059939803939015775,ranging,0.2260925472931521,0.5256899066534424,0.2482175460534056,0.26,0.476,0.264,2
1787493600000,2459.75,2438.95,0.003989421677361271,1.0,0.007009398440215563,ranging,0.22386841754427989,0.5222406952366816,0.2538908872190386,0.26,0.476,0.264,2
1787497200000,2438.95,2438.62,0.002599831051988577,1.0,0.007054236770765223,ranging,0.22656664705691965,0.5247882323175722,0.24864512062550811,0.26,0.476,0.264,2
1787500800000,2438.61,2450.56,-3.264559937321554e-05,1.0,0.006878889413061421,ranging,0.21935089732057175,0.5421916782985715,0.23845742438085668,0.26,0.476,0.264,2
1787504400000,2450.56,2440.12,0.012233004934183445,2.0,0.006792309573795362,ranging,0.218059511062389,0.540793443548529,0.24114704538908216,0.26,0.476,0.264,2
1787508000000,2440.11,2448.68,0.00260140157145905,1.0,0.006537827251642402,ranging,0.2349702245050417,0.5311521776607572,0.2338775978342012,0.26,0.476,0.264,2
1787511600000,2448.68,2444.96,0.007546135724101788,2.0,0.006373157400447456,ranging,0.2262300876553974,0.5347645519747427,0.23900536036985992,0.26,0.476,0.264,2
1787515200000,2444.95,2450.48,0.00597025888805458,1.0,0.006154872687665103,ranging,0.22551691715388303,0.5353259035964,0.23915717924971694,0.26,0.476,0.264,2
1787518800000,2450.48,2469.97,-0.01642530071215431,0.0,0.006262687444662561,ranging,0.23706891069156344,0.5227800856535206,0.2401510036549159,0.26,0.476,0.264,2
1787522400000,2469.96,2455.05,-0.00459053787091912,1.0,0.006245914438751949,ranging,0.23455502287805283,0.5255260157903371,0.23991896133161017,0.26,0.476,0.264,2
1787526000000,2455.04,2463.41,-0.013302698292204651,0.0,0.006288797675845201,ranging,0.23599496309507922,0.5235709737606954,0.24043406314422539,0.26,0.476,0.264,2
1787529600000,2463.42,2465.11,-0.010965027929788151,0.0,0.006244998979312422,ranging,0.24702094354429638,0.5108913650975955,0.2420876913581081,0.26,0.476,0.264,2
1787533200000,2465.11,2429.4,0.00803490573804222,2.0,0.006584692359095339,ranging,0.2316177100954693,0.5123218726365688,0.25606041726796186,0.26,0.476,0.264,2
1787536800000,2429.4,2443.78,0.005205051191187415,1.0,0.006552585135189302,ranging,0.22558393807616975,0.5163263857581399,0.25808967616569034,0.26,0.476,0.264,2
1787540400000,2443.78,2430.64,0.009873942665306279,2.0,0.006454737215646555,ranging,0.2110852274461684,0.5376179396050997,0.25129683294873184,0.26,0.476,0.264,2
1787544000000,2430.65,2438.08,0.006874261714135743,2.0,0.006297251820399331,ranging,0.2155644786165192,0.5370731619237393,0.24736235945974153,0.26,0.476,0.264,2
1787547600000,2438.07,2448.92,0.005782140698757043,1.0,0.0062737757383905,ranging,0.2251485616116535,0.5239655823479152,0.25088585604043134,0.26,0.476,0.264,2
1787551200000,2448.92,2456.5,0.0035416242621615357,1.0,0.006148226962181106,ranging,0.221845780976678,0.5362764945582447,0.24187772446507735,0.26,0.476,0.264,2
1787554800000,2456.5,2454.64,0.016108268422253325,2.0,0.006094188787758591,ranging,0.22289055716653508,0.5324290468442963,0.2446803959891687,0.26,0.476,0.264,2
1787558400000,2454.67,2454.84,0.023504586856984533,2.0,0.006058571008345868,ranging,0.22518459665060006,0.5222583871171953,0.25255701623220467,0.26,0.476,0.264,2
1787562000000,2454.84,2463.08,0.012484369163811238,2.0,0.005804483234221875,ranging,0.23151235732126496,0.5200448056383891,0.24844283704034598,0.26,0.476,0.264,2
1787565600000,2463.07,2465.2,0.02067175077072858,2.0,0.005892184503694678,ranging,0.22429738513256314,0.5225912714791546,0.25311134338828234,0.26,0.476,0.264,2
1787569200000,2465.2,2494.18,-0.0024817775782021156,1.0,0.0063459268061935485,ranging,0.2350446143345551,0.5106662917850752,0.2542890938803697,0.26,0.476,0.264,2
1787572800000,2494.18,2512.54,-0.013575903269201772,0.0,0.006600790104809524,ranging,0.24074422370370552,0.5076900495606659,0.25156572673562866,0.26,0.476,0.264,2
1787576400000,2512.54,2493.83,-0.009968602510997182,0.0,0.0069240525390720205,ranging,0.23199800470922938,0.5165433584861567,0.25145863680461394,0.26,0.476,0.264,2
1787580000000,2493.83,2516.16,-0.01681928017296186,0.0,0.007062415099246515,ranging,0.23279807277562659,0.5122144095034356,0.25498751772093786,0.26,0.476,0.264,2
1787583600000,2516.16,2487.99,-0.0066680332316446655,1.0,0.00755498451387785,ranging,0.23240910899421935,0.5141311439404398,0.25345974706534086,0.26,0.476,0.264,2
1787587200000,2487.99,2478.43,-0.0013193836420637428,1.0,0.007681863027598647,ranging,0.23227927622528116,0.5187196067035121,0.24900111707120673,0.26,0.476,0.264,2
1787590800000,2478.43,2468.97,0.0059093468126385496,1.0,0.007668914486185016,ranging,0.2253042448467142,0.5133997040431005,0.26129605111018517,0.26,0.476,0.264,2
1787594400000,2468.97,2473.84,0.00016977654173278012,1.0,0.007394523649364981,ranging,0.21938285447668016,0.5222760780376984,0.2583410674856215,0.26,0.476,0.264,2
1787598000000,2473.85,2471.4,0.004414501901756074,1.0,0.0071474609244524786,ranging,0.21725951159819457,0.5271724457855003,0.2555680426163051,0.26,0.476,0.264,2
1787601600000,2471.48,2475.16,0.007454063575688119,2.0,0.006864925732737456,low_liquidity,0.20399357907595345,0.5699844956375678,0.22602192528647874,0.26,0.476,0.264,2
1787605200000,2475.16,2483.56,0.0050049123033064635,1.0,0.006603402963498016,ranging,0.22526507947483454,0.5411225538716748,0.23361236665349072,0.26,0.476,0.264,2
1787608800000,2483.56,2474.26,0.013511110392602221,2.0,0.006377875665922821,ranging,0.2268087780751985,0.5301352490600478,0.24305597286475367,0.26,0.476,0.264,2
1787612400000,2474.27,2482.31,0.006840402689430425,2.0,0.00618867087474284,ranging,0.22910476244138175,0.5330402135670902,0.23785502399152797,0.26,0.476,0.264,2
1787616000000,2482.31,2493.61,0.0005534145275323255,1.0,0.0062801834285026135,ranging,0.23852224500972816,0.518691498837242,0.24278625615302987,0.26,0.476,0.264,2
1787619600000,2493.61,2495.99,0.005104187116134362,1.0,0.006164981962179597,ranging,0.2348085754992499,0.5208760403424578,0.24431538415829224,0.26,0.476,0.264,2
1787623200000,2495.99,2507.69,-0.0027156466708404547,1.0,0.00638477566608394,ranging,0.2363615827612647,0.5108589435591494,0.25277947367958586,0.26,0.476,0.264,2
1787626800000,2507.7,2499.29,-0.00814231241672636,0.0,0.006386942325079372,ranging,0.23012774255118307,0.5241156671131988,0.245756590335618,0.26,0.476,0.264,2
1787630400000,2499.3,2494.99,-0.0040761686419583665,1.0,0.006200845754532632,ranging,0.22418233937348464,0.5330202500170726,0.24279741060944257,0.26,0.476,0.264,2
1787634000000,2494.99,2508.73,-0.013576590545813949,0.0,0.00603474455596252,trending,0.22408003526552692,0.5371602054724487,0.2387597592620245,0.26,0.476,0.264,2
1787637600000,2508.73,2500.88,-0.007621317296311658,0.0,0.005953563809208816,trending,0.21640806865057197,0.5491414543820806,0.2344504769673474,0.26,0.476,0.264,2
1787641200000,2500.89,2478.94,-0.00041550017346136947,1.0,0.006417285860928576,trending,0.2233690452372011,0.5221376949642006,0.2544932597985983,0.26,0.476,0.264,2
1787644800000,2478.94,2484.82,-0.004555661979539827,1.0,0.006341501768946002,trending,0.22256503658605398,0.5167428385433054,0.26069212487064064,0.26,0.476,0.264,2
1787648400000,2484.82,2474.67,-0.005633074308897812,1.0,0.006418211476729691,ranging,0.23064354167032583,0.5014237229091713,0.26793273542050294,0.26,0.476,0.264,2
1787652000000,2474.67,2481.82,-0.0019783868290207396,1.0,0.006218202198862779,ranging,0.23065051718754168,0.5126363517713088,0.2567131310411495,0.26,0.476,0.264,2
1787655600000,2481.82,2477.91,0.0020057225645806476,1.0,0.005980326783324912,ranging,0.23747045187829488,0.5105258280386477,0.2520037200830574,0.26,0.476,0.264,2
1787659200000,2477.9,2473.5,-0.001140084899939442,1.0,0.00596780877344688,ranging,0.22898947136257758,0.5146396164742397,0.2563709121631827,0.26,0.476,0.264,2
1787662800000,2473.51,2460.73,0.004185749757185997,1.0,0.006216096007937572,ranging,0.23711385431595416,0.48680959703714055,0.2760765486469052,0.26,0.476,0.264,2
1787666400000,2460.73,2476.91,-0.003823312110653898,1.0,0.0062477540012399945,ranging,0.23116481790531557,0.5068642361067176,0.26197094598796683,0.26,0.476,0.264,2
1787670000000,2476.92,2482.88,-0.007837672380461402,0.0,0.0060932297723883914,ranging,0.23119374135407364,0.5162330977201415,0.25257316092578486,0.26,0.476,0.264,2
1787673600000,2482.89,2470.68,-0.013858532873540774,0.0,0.0060068442228883205,ranging,0.22551517826022702,0.520838717013639,0.2536461047261339,0.26,0.476,0.264,2
1787677200000,2470.68,2471.03,-0.011833122220288761,0.0,0.005846517111715538,ranging,0.23431852177709464,0.5046701041017005,0.2610113741212047,0.26,0.476,0.264,2
1787680800000,2471.04,2467.44,-0.005511785494277444,1.0,0.005620398623712718,ranging,0.23384666105434657,0.5086501454174736,0.2575031935281799,0.26,0.476,0.264,2
1787684400000,2467.44,2463.42,-0.008435427170356724,0.0,0.005481286554616239,ranging,0.23384437037067296,0.4965131002250621,0.26964252940426486,0.26,0.476,0.264,2
1787688000000,2463.42,2436.44,0.0040222619888032884,1.0,0.005684735633513461,ranging,0.2371623109006569,0.4706929274699532,0.2921447616293898,0.26,0.476,0.264,2
1787691600000,2436.44,2441.79,0.0058154059112371925,2.0,0.005780675088179693,ranging,0.22529975738764038,0.48596426173003965,0.2887359808823199,0.26,0.476,0.264,2
1787695200000,2441.8,2453.84,0.004633553939947133,1.0,0.005585750442058218,low_liquidity,0.2273670051509751,0.512465684726834,0.26016731012219096,0.26,0.476,0.264,2
1787698800000,2453.85,2442.64,0.009387384141748445,2.0,0.0055516336025664805,low_liquidity,0.22338669454389135,0.5166400478255553,0.2599732576305535,0.26,0.476,0.264,2
1787702400000,2442.65,2446.24,0.004357708156190743,1.0,0.0054050399779325764,trending,0.237567005982995,0.5142304079182355,0.2482025860987695,0.26,0.476,0.264,2
1787706000000,2446.24,2455.99,0.0036360082899360435,1.0,0.00530127580042006,low_liquidity,0.23932169606134773,0.5141738491648495,0.2465044547738028,0.26,0.476,0.264,2
1787709600000,2455.98,2465.21,-0.0020606763723982624,1.0,0.005178360481313896,low_liquidity,0.24210162402214677,0.5282891511388463,0.22960922483900695,0.26,0.476,0.264,2
1787713200000,2465.21,2465.57,-0.0015371699039167241,1.0,0.0049701256721226975,low_liquidity,0.23751775157483115,0.5248257674225136,0.23765648100265513,0.26,0.476,0.264,2
1787716800000,2465.56,2456.9,-0.00024828035329083065,1.0,0.004931083473203818,ranging,0.23137372308943238,0.5133139625347434,0.25531231437582425,0.26,0.476,0.264,2
1787720400000,2456.89,2464.92,-0.006917060188566082,0.0,0.004851021731481523,ranging,0.2368752347112248,0.5093093680497985,0.25381539723897667,0.26,0.476,0.264,2
1787724000000,2464.91,2460.13,0.003589241218959982,1.0,0.004755089781048867,ranging,0.2328224328273099,0.5049073742611784,0.2622701929115116,0.26,0.476,0.264,2
1787727600000,2460.14,2461.78,0.0005321352842251326,1.0,0.00461164010534981,ranging,0.23687575120194365,0.499576152268217,0.26354809652983924,0.26,0.476,0.264,2
1787731200000,2461.78,2456.29,-0.0005211111065874796,1.0,0.004576907331240112,ranging,0.24334827298562223,0.48874800291256537,0.26790372410181246,0.26,0.476,0.264,2
1787734800000,2456.29,2447.87,0.00385232875928887,1.0,0.0045839488503554085,ranging,0.23758263221892761,0.48781912767353014,0.27459824010754225,0.26,0.476,0.264,2
1787738400000,2447.86,2468.96,-0.011980753029615654,0.0,0.004756885529018392,ranging,0.2276803080734984,0.5023744583182782,0.2699452336082234,0.26,0.476,0.264,2
1787742000000,2468.97,2463.09,-0.005375361842238857,0.0,0.004722212495118737,ranging,0.22465219769629446,0.5170816261838963,0.2582661761198092,0.26,0.476,0.264,2
1787745600000,2463.09,2455.01,-0.004224015380792867,1.0,0.004893202264227789,ranging,0.225529676950453,0.50201164675055,0.27245867629899695,0.26,0.476,0.264,2
1787749200000,2455.01,2457.3,0.0014406055426687825,1.0,0.0049868085872160585,ranging,0.21660851719929716,0.4916538128095981,0.29173766999110484,0.26,0.476,0.264,2
1787752800000,2457.3,2439.38,0.013655109085095374,2.0,0.005081534231700511,ranging,0.2314320925774946,0.4724453403436947,0.2961225670788107,0.26,0.476,0.264,2
1787756400000,2439.38,2449.85,0.008547462089515623,2.0,0.005101808235012425,ranging,0.22766605781721927,0.48323267689377203,0.28910126528900865,0.26,0.476,0.264,2
1787760000000,2449.85,2444.64,0.011302277635971025,2.0,0.005050075844035687,ranging,0.22025359911954692,0.5013783479327089,0.2783680529477442,0.26,0.476,0.264,2
1787763600000,2444.65,2460.84,0.014621023715479353,2.0,0.005063051244630876,ranging,0.22393116384928824,0.5121932169467475,0.2638756192039644,0.26,0.476,0.264,2
1787767200000,2460.84,2472.69,0.008508951789346852,2.0,0.004947349627990075,ranging,0.2149372279850618,0.5170038489290296,0.2680589230859086,0.26,0.476,0.264,2
1787770800000,2472.69,2470.79,0.01456619138008497,2.0,0.0048667027079034916,ranging,0.21580514460550557,0.5117320951503451,0.2724627602441493,0.26,0.476,0.264,2
1787774400000,2470.79,2472.27,0.007984564792680615,2.0,0.004762534749371201,ranging,0.21789483806525878,0.5066197688338369,0.27548539310090436,0.26,0.476,0.264,2
1787778000000,2472.27,2496.82,0.00042053492041871365,1.0,0.004970022817674461,ranging,0.22668859852884843,0.4917174109410216,0.28159399053012996,0.26,0.476,0.264,2
1787781600000,2496.82,2493.73,0.0004010057223515773,1.0,0.005065684188262378,ranging,0.2497242775885399,0.48164862006321607,0.268627102348244,0.26,0.476,0.264,2
1787785200000,2493.72,2506.78,-0.005540972881545425,0.0,0.00509583245097416,ranging,0.25199765253152234,0.4884696795515972,0.2595326679168804,0.26,0.476,0.264,2
1787788800000,2506.78,2492.01,-0.001857937969751422,1.0,0.005080457179112702,ranging,0.2526253082928999,0.48835727495383224,0.2590174167532678,0.26,0.476,0.264,2
1787792400000,2492.0,2497.87,-0.0004964229523553021,1.0,0.005034550901195486,ranging,0.24975864629019923,0.4913396689754521,0.25890168473434855,0.26,0.476,0.264,2
1787796000000,2497.87,2494.73,-0.000649368869577005,1.0,0.004884052656554277,low_liquidity,0.23033402250961268,0.5336414386526697,0.23602453883771762,0.26,0.476,0.264,2
1787799600000,2494.73,2492.89,0.0017128714062795147,1.0,0.004707534080940874,ranging,0.22531609713429127,0.5219482932320296,0.25273560963367914,0.26,0.476,0.264,2
1787803200000,2492.89,2487.38,0.01755662584727702,2.0,0.004579280213818704,ranging,0.2315243850564576,0.5231146404669826,0.24536097447655983,0.26,0.476,0.264,2
1787806800000,2487.39,2496.63,0.015344684634887695,2.0,0.00451452358456997,ranging,0.23595104759829935,0.51757664412478,0.24647230827692065,0.26,0.476,0.264,2
1787810400000,2496.63,2493.11,0.004207596134947922,1.0,0.004411650944869323,low_liquidity,0.20865152111356938,0.5573716865283338,0.23397679235809685,0.26,0.476,0.264,2
1787814000000,2493.11,2497.16,0.0018300789697096587,1.0,0.004263915354503316,ranging,0.22449195294460322,0.5279610972736055,0.24754694978179118,0.26,0.476,0.264,2
1787817600000,2497.17,2531.05,-0.014282609983998773,0.0,0.004749407368101591,ranging,0.24882305024421816,0.4843363691750578,0.2668405805807241,0.26,0.476,0.264,2
1787821200000,2531.05,2534.94,-0.015093059401800502,0.0,0.005097918286807469,ranging,0.2556963102669165,0.4878402309981488,0.25646345873493465,0.26,0.476,0.264,2
1787824800000,2534.94,2503.6,0.005528039622943126,1.0,0.005700474766778028,ranging,0.24805666781767893,0.4933642608748335,0.25857907130748753,0.26,0.476,0.264,2
1787828400000,2503.6,2501.73,0.00797448165869219,2.0,0.005599102910482263,ranging,0.23666482860365365,0.5076232793331805,0.2557118920631658,0.26,0.476,0.264,2
1787832000000,2501.74,2494.9,0.010986412281053237,2.0,0.005475706682063703,ranging,0.23391827238368929,0.4983968906543903,0.26768483696192036,0.26,0.476,0.264,2
1787835600000,2494.9,2496.68,0.008567377477290083,2.0,0.005498428421917152,ranging,0.22898771263943737,0.506423063337498,0.2645892240230648,0.26,0.476,0.264,2
1787839200000,2496.69,2517.44,-0.0042702110080081734,1.0,0.0056495490754104385,ranging,0.22468793630316652,0.5161308443801121,0.25918121931672133,0.26,0.476,0.264,2
1787842800000,2517.44,2521.68,-0.00930728720535512,0.0,0.005546846623713909,ranging,0.23228456520805493,0.5141781003232747,0.25353733446867033,0.26,0.476,0.264,2
1787846400000,2521.68,2522.31,-0.005740769374105503,0.0,0.005436848380003402,ranging,0.22632364476223138,0.5249847595728682,0.24869159566490054,0.26,0.476,0.264,2
1787850000000,2522.31,2518.07,-0.0055399571894348965,0.0,0.005370508294214077,ranging,0.23393459227457525,0.5151608723208393,0.25090453540458535,0.26,0.476,0.264,2
1787853600000,2518.07,2506.69,0.003374968584068938,1.0,0.005513392039056385,ranging,0.2406934759585913,0.4983560006480908,0.2609505233933178,0.26,0.476,0.264,2
1787857200000,2506.69,2498.21,0.005095648484314763,1.0,0.005425677384291988,ranging,0.2314796464716443,0.500642487506573,0.2678778660217827,0.26,0.476,0.264,2
1787860800000,2498.22,2507.83,0.003102283647615778,1.0,0.005238400742496133,ranging,0.22063289659830398,0.51639023132168,0.262976872080016,0.26,0.476,0.264,2
1787864400000,2507.84,2504.12,0.0033225244796575293,1.0,0.0050352231220863195,ranging,0.2173282808630375,0.5151628843137813,0.2675088348231812,0.26,0.476,0.264,2
1787868000000,2504.12,2515.15,-0.009100848855932986,0.0,0.004874189213884556,ranging,0.23346311629370436,0.5088653567739967,0.25767152693229894,0.26,0.476,0.264,2
1787871600000,2515.16,2510.94,-0.008371366898452415,0.0,0.004666070447633229,ranging,0.21523718360738284,0.527476775989517,0.2572860404031002,0.26,0.476,0.264,2
1787875200000,2510.94,2515.61,-0.011698951745302444,0.0,0.004561373017937208,ranging,0.23149084370951103,0.5179462094088342,0.2505629468816548,0.26,0.476,0.264,2
1787878800000,2515.61,2512.44,-0.007610131983251334,0.0,0.004705222882635702,ranging,0.23097518335832457,0.5014538113444179,0.2675710052972575,0.26,0.476,0.264,2
1787882400000,2512.44,2492.26,0.004309341721971061,1.0,0.004857629860053586,ranging,0.23801123415480546,0.4832371750320536,0.27875159081314094,0.26,0.476,0.264,2
1787886000000,2492.26,2489.92,0.002634622799126074,1.0,0.0046760020900047,ranging,0.2419618037677351,0.47768815924608227,0.2803500369861826,0.26,0.476,0.264,2
1787889600000,2489.91,2486.18,0.000752157929031716,1.0,0.004670542318257577,ranging,0.23374883820316894,0.4865909511422857,0.2796602106545453,0.26,0.476,0.264,2
1787893200000,2486.18,2493.32,-0.0015000080214333522,1.0,0.00458595411827469,ranging,0.23109171930611314,0.48225742551724077,0.2866508551766461,0.26,0.476,0.264,2
1787896800000,2493.32,2503.0,0.0014222932481022799,1.0,0.004448412322022043,ranging,0.22696067804814177,0.49384833372257414,0.27919098822928407,0.26,0.476,0.264,2
1787900400000,2503.01,2496.48,0.003452861629173798,1.0,0.004301453261800483,ranging,0.22128775375538162,0.48211594329647883,0.29659630294813966,0.26,0.476,0.264,2
1787904000000,2496.47,2488.05,0.004445248286810921,2.0,0.004302979571128729,ranging,0.22401409442547585,0.4772718714301827,0.2987140341443414,0.26,0.476,0.264,2
1787907600000,2488.05,2489.58,0.00786879714650679,2.0,0.004162560069951806,ranging,0.22497728560791597,0.4835203659052705,0.29150234848681356,0.26,0.476,0.264,2
1787911200000,2489.57,2506.56,0.002569258266309271,1.0,0.004299157350721933,ranging,0.21882322764403783,0.48064844391844747,0.30052832843751465,0.26,0.476,0.264,2
1787914800000,2506.57,2505.1,-0.013256955810147297,0.0,0.004149741556862077,ranging,0.2152664315312458,0.4996452947355231,0.2850882737332311,0.26,0.476,0.264,2
1787918400000,2505.1,2499.11,-0.022736094049481625,0.0,0.0040875616994860845,ranging,0.21771707227546228,0.4958712855478762,0.28641164217666154,0.26,0.476,0.264,2
1787922000000,2499.1,2509.17,-0.026056425032979114,0.0,0.004173903326724288,ranging,0.20852085153674893,0.4660459589715156,0.32543318949173544,0.26,0.476,0.264,2
1787925600000,2509.17,2513.0,-0.03355352168722647,0.0,0.004869917262637658,ranging,0.21263199118609383,0.4507456173842378,0.3366223914296684,0.26,0.476,0.264,2
1787929200000,2513.0,2471.89,-0.014644664608861935,0.0,0.005451159322655644,ranging,0.22619433976471842,0.44338370246444897,0.33042195777083266,0.26,0.476,0.264,2
1787932800000,2471.89,2442.29,-0.006010752203874148,1.0,0.006316047083300346,ranging,0.24011637468035685,0.438135544943908,0.3217480803757351,0.26,0.476,0.264,2
1787936400000,2442.3,2443.79,-0.007729796750129858,0.0,0.006050526968472181,ranging,0.23232298078810706,0.4793133258357252,0.2883636933761676,0.26,0.476,0.264,2
1787940000000,2443.79,2428.68,0.005488578157682555,1.0,0.006128691449784429,ranging,0.23308668128311974,0.4712935158073246,0.2956198029095557,0.26,0.476,0.264,2
1787943600000,2428.67,2435.69,0.0029190906888807433,1.0,0.0059293316869849086,ranging,0.2262057475064564,0.5110965384557679,0.26269771403777575,0.26,0.476,0.264,2
1787947200000,2435.68,2427.61,0.006121246823006965,2.0,0.005737570834122549,ranging,0.22536311968977094,0.5060465765257267,0.2685903037845024,0.26,0.476,0.264,2
1787950800000,2427.61,2424.9,0.00778588807785896,2.0,0.005506548026254836,ranging,0.22639005926251288,0.5057852956889182,0.267824645048569,0.26,0.476,0.264,2
1787954400000,2424.91,2442.01,-0.001343155842932764,1.0,0.005469112037544297,trending,0.2213815964874883,0.5310086340726343,0.24760976943987742,0.26,0.476,0.264,2
1787958000000,2442.01,2442.8,-0.0030989028983134936,1.0,0.00518840036399817,trending,0.23516072662226684,0.5270852997004771,0.237753973677256,0.26,0.476,0.264,2
1787961600000,2442.79,2442.47,-0.0008270316523846244,1.0,0.004941804149057296,trending,0.23772732663743765,0.52421669311688,0.23805598024568234,0.26,0.476,0.264,2
1787965200000,2442.47,2443.78,-0.00211148303038744,1.0,0.00470455924075828,trending,0.22049650007274912,0.5335434110097149,0.24596008891753599,0.26,0.476,0.264,2
1787968800000,2443.77,2438.73,-0.0014638766899165434,1.0,0.004542053831237199,trending,0.23411462638629676,0.5059693165809716,0.2599160570327317,0.26,0.476,0.264,2
1787972400000,2438.72,2435.23,0.000484553820378375,1.0,0.004347930709334296,trending,0.2276171370957464,0.5112998757151004,0.2610829871891531,0.26,0.476,0.264,2
1787976000000,2435.24,2440.45,-0.0025814911184411926,1.0,0.004142524853929108,low_liquidity,0.20948920097203308,0.5346704793592775,0.25584031966868953,0.26,0.476,0.264,2
1787979600000,2440.45,2438.62,-0.0013040162058868265,1.0,0.003920692913469413,trending,0.21201304285199632,0.5408385499821129,0.2471484071658907,0.26,0.476,0.264,2
1787983200000,2438.62,2435.16,-0.00018068627934098025,1.0,0.0037971703233457923,trending,0.22505535445347594,0.5084647351670888,0.2664799103794354,0.26,0.476,0.264,2
1787986800000,2435.17,2436.41,-0.0002216375733148368,1.0,0.0035916815754029113,trending,0.21906089657383962,0.5203849172163312,0.2605541862098293,0.26,0.476,0.264,2
1787990400000,2436.4,2434.15,7.394778464764329e-05,1.0,0.0034299598801768973,trending,0.23049624112537345,0.4958933673063304,0.27361039156829614,0.26,0.476,0.264,2
1787994000000,2434.14,2435.44,7.80146503300827e-05,1.0,0.003247329873813463,trending,0.22096873684666174,0.5225893880417953,0.2564418751115429,0.26,0.476,0.264,2
1787997600000,2435.43,2434.72,0.0056926463823356865,2.0,0.0031391348574680163,low_liquidity,0.22060263760050272,0.5032848938078842,0.2761124685916132,0.26,0.476,0.264,2
1788001200000,2434.71,2435.87,0.0036496200536155765,2.0,0.002999218450617198,low_liquidity,0.21309983883821423,0.5195586943180206,0.2673414668437652,0.26,0.476,0.264,2
1788004800000,2435.88,2434.33,0.006839664301881765,2.0,0.0028892133187413843,low_liquidity,0.21866592001037016,0.5053673916161902,0.27596668837343963,0.26,0.476,0.264,2
1788008400000,2434.33,2435.63,0.006203733736240613,2.0,0.002753376291518368,trending,0.21267913617483006,0.5089450128366386,0.27837585098853124,0.26,0.476,0.264,2
1788012000000,2435.63,2448.58,0.0015805078862034527,1.0,0.002851059933857912,trending,0.2168523026331337,0.5001641393189075,0.28298355804795877,0.26,0.476,0.264,2
1788015600000,2448.59,2444.76,0.0035790834274120886,2.0,0.0027974007476923033,trending,0.22242000844548607,0.508842860626161,0.26873713092835294,0.26,0.476,0.264,2
1788019200000,2444.75,2450.98,0.0007507201201153446,1.0,0.0028226801079879148,trending,0.23090372330842857,0.4985036379511661,0.27059263874040534,0.26,0.476,0.264,2
1788022800000,2450.99,2450.74,0.000297869215012625,1.0,0.00279391770835371,trending,0.22753012164568642,0.5009734210694264,0.271496457284887,0.26,0.476,0.264,2
1788026400000,2450.74,2452.45,7.747354686138408e-05,1.0,0.002771314880437931,trending,0.22243175862617323,0.5147331417265122,0.26283509964731466,0.26,0.476,0.264,2
1788030000000,2452.45,2453.51,0.0016955300773178195,1.0,0.002698019377512514,ranging,0.2214634689249785,0.5077271192895814,0.27080941178544016,0.26,0.476,0.264,2
1788033600000,2453.51,2452.82,0.0024991642272973458,1.0,0.002620279276155884,ranging,0.21742839464202982,0.5129772323261705,0.2695943730317997,0.26,0.476,0.264,2
1788037200000,2452.82,2451.47,0.001998800719568372,1.0,0.002522042296016819,ranging,0.2085385952348864,0.5161696612905197,0.27529174347459384,0.26,0.476,0.264,2
1788040800000,2451.47,2452.64,0.0009499967382085028,1.0,0.0025,low_liquidity,0.20287684676799414,0.5335951322014371,0.2635280210305688,0.26,0.476,0.264,2
1788044400000,2452.63,2457.67,-0.00021158251514641346,1.0,0.0025,ranging,0.2148098634492348,0.5009878919960076,0.2842022445547576,0.26,0.476,0.264,2
1788048000000,2457.67,2458.95,-0.0012525671526464333,1.0,0.0025,ranging,0.22172216228214475,0.5042624049551377,0.2740154327627175,0.26,0.476,0.264,2
1788051600000,2458.94,2456.37,-4.071047928322358e-06,1.0,0.0025,ranging,0.2173928175101097,0.5047338611485389,0.27787332134135134,0.26,0.476,0.264,2
1788055200000,2456.37,2454.97,0.0024847554145266404,1.0,0.0025,ranging,0.20995745737481464,0.5098406422119498,0.28020190041323556,0.26,0.476,0.264,2
1788058800000,2454.97,2457.15,-0.0007610442992898037,1.0,0.0025,ranging,0.2043371411253058,0.5220558665540281,0.27360699232066604,0.26,0.476,0.264,2
1788062400000,2457.14,2455.87,0.0004031158001034374,1.0,0.0025,ranging,0.21113020692737616,0.5000792886079142,0.2887905044647097,0.26,0.476,0.264,2
1788066000000,2455.86,2456.36,-0.001148040189548838,1.0,0.0025,ranging,0.21044103781131307,0.5063897799709693,0.28316918221771764,0.26,0.476,0.264,2
1788069600000,2456.35,2461.07,-0.0005647949875462466,1.0,0.0025,ranging,0.21032490083505828,0.5067382647883208,0.28293683437662076,0.26,0.476,0.264,2
1788073200000,2461.07,2455.28,0.00208937473526416,1.0,0.0025,ranging,0.21659982348673806,0.5044643574997816,0.2789358190134803,0.26,0.476,0.264,2
1788076800000,2455.28,2456.86,0.005132567586268566,2.0,0.0025,ranging,0.21400992744376335,0.5101553882046137,0.2758346843516229,0.26,0.476,0.264,2
1788080400000,2456.87,2453.54,0.008987014680828631,2.0,0.0025,ranging,0.21276427504665993,0.5024509815204737,0.2847847434328662,0.26,0.476,0.264,2
1788084000000,2453.54,2459.68,0.007090353216678613,2.0,0.0025,ranging,0.21584066352104464,0.4921606353423907,0.29199870113656456,0.26,0.476,0.264,2
1788087600000,2459.68,2460.41,0.008413231941018173,2.0,0.0025,ranging,0.21127753077298086,0.48847198151972154,0.3002504877072976,0.26,0.476,0.264,2
1788091200000,2460.42,2469.47,0.02421977185387969,2.0,0.0025,ranging,0.21244689085191498,0.5030277521207654,0.2845253570273196,0.26,0.476,0.264,2
1788094800000,2469.47,2475.59,0.01217487548422791,2.0,0.0025,ranging,0.21544407786366493,0.48432911862749906,0.3002268035088361,0.26,0.476,0.264,2
1788098400000,2475.58,2477.12,0.013531843431081159,2.0,0.0025,ranging,0.21285430372126388,0.48083833174329066,0.30630736453544555,0.26,0.476,0.264,2
1788102000000,2477.13,2481.11,0.009157191740793325,2.0,0.0025,trending,0.21298010392402855,0.48273168664503213,0.3042882094309393,0.26,0.476,0.264,2
1788105600000,2481.11,2529.28,-0.015209862095141746,0.0,0.0029699188970702833,trending,0.22245179654225133,0.5103494371536538,0.267198766304095,0.26,0.476,0.264,2
1788109200000,2529.27,2505.73,-0.009645891616415159,0.0,0.0033809603840501885,trending,0.23362014888673602,0.4901184185921448,0.2762614325211192,0.26,0.476,0.264,2
1788112800000,2505.73,2510.64,-0.015936175636490968,0.0,0.003490944261811414,trending,0.24008689557945964,0.48443064947329223,0.27548245494724816,0.26,0.476,0.264,2
1788116400000,2510.64,2503.83,-0.03472679854462957,0.0,0.003542759803956472,trending,0.2521937300676579,0.4774692156583477,0.2703370542739944,0.26,0.476,0.264,2
1788120000000,2503.82,2490.81,-0.025116327620332335,0.0,0.003708147941525165,trending,0.24849020354454446,0.48157730529078385,0.26993249116467166,0.26,0.476,0.264,2
1788123600000,2490.82,2481.56,-0.027647931140089343,0.0,0.003985275266508453,trending,0.24387666309456085,0.47545173018917575,0.2806716067162634,0.26,0.476,0.264,2
1788127200000,2481.57,2470.63,-0.025390285068990548,0.0,0.004209108491548346,trending,0.2211529308558677,0.5074081388704814,0.27143893027365085,0.26,0.476,0.264,2
1788130800000,2470.62,2416.88,0.0016798517096421328,1.0,0.005473377313554285,trending,0.22082004488004456,0.4578825533259977,0.32129740179395766,0.26,0.476,0.264,2
1788134400000,2416.89,2428.25,-0.004352929064140865,1.0,0.005682883031594769,trending,0.20884245576248248,0.49471484308499075,0.29644270115252686,0.26,0.476,0.264,2
1788138000000,2428.24,2412.95,0.009548478004102856,2.0,0.005688028269460031,trending,0.21582350122278182,0.4972965262793164,0.28687997249790187,0.26,0.476,0.264,2
1788141600000,2412.95,2407.9,0.012774616886083168,2.0,0.005719271136269202,trending,0.2070956836111592,0.509887418533756,0.2830168978550849,0.26,0.476,0.264,2
1788145200000,2407.91,2420.94,0.008029938784108737,2.0,0.0056222148833951656,trending,0.215958094570069,0.5289610115515818,0.2550808938783491,0.26,0.476,0.264,2
1788148800000,2420.94,2417.68,0.011771615763872756,2.0,0.005404046845898515,trending,0.22574628769570293,0.5158922152259623,0.2583614970783347,0.26,0.476,0.264,2
1788152400000,2417.67,2435.99,0.004396569772453951,1.0,0.005469947616460276,trending,0.240064252635131,0.5153298732086758,0.2446058741561931,0.26,0.476,0.264,2
1788156000000,2436.0,2438.66,0.006958739635701594,2.0,0.005311101472145527,trending,0.23911051145075607,0.5156933239158221,0.2451961646334219,0.26,0.476,0.264,2
1788159600000,2438.66,2440.38,0.00244634032404778,1.0,0.005111429347326799,trending,0.23715386361728383,0.5247643084863947,0.2380818278963216,0.26,0.476,0.264,2
1788163200000,2440.38,2446.14,0.002211647738886713,1.0,0.005017753608255746,trending,0.2405057394678722,0.4906760557401946,0.2688182047919331,0.26,0.476,0.264,2
1788166800000,2446.15,2446.7,-0.0026239424530999367,1.0,0.004897724093294263,trending,0.22432675797556317,0.5098712577251819,0.265801984299255,0.26,0.476,0.264,2
1788170400000,2446.71,2455.63,0.0048582237552072804,2.0,0.0048119859846213415,trending,0.21907894113859047,0.5027481897344824,0.2781728691269271,0.26,0.476,0.264,2
1788174000000,2455.64,2446.35,0.00871911214666743,2.0,0.004730486026249141,trending,0.21144721585019355,0.5138836556348509,0.2746691285149555,0.26,0.476,0.264,2
1788177600000,2446.36,2451.55,0.007199526829964498,2.0,0.00472731590725662,ranging,0.22191568228422376,0.5065156022403227,0.2715687154754536,0.26,0.476,0.264,2
1788181200000,2451.55,2440.28,0.014399986886750593,2.0,0.004795944583105644,ranging,0.2233124462737917,0.5018735654997065,0.27481398822650166,0.26,0.476,0.264,2
1788184800000,2440.29,2467.56,0.0041498484332702645,1.0,0.005051109465405778,ranging,0.2334254679296632,0.5025345236114658,0.2640400084588709,0.26,0.476,0.264,2
1788188400000,2467.57,2467.68,0.00573818323283426,2.0,0.005034135698942698,ranging,0.23477112438502967,0.5059232774048377,0.25930559821013277,0.26,0.476,0.264,2
1788192000000,2467.68,2469.2,0.001385063988336377,1.0,0.00493532514175701,ranging,0.23015554996268622,0.5250207141188186,0.24482373591849524,0.26,0.476,0.264,2
1788195600000,2469.19,2475.42,0.0011513197760379956,1.0,0.004850200396594837,ranging,0.22602320840517456,0.521674472425764,0.2523023191690614,0.26,0.476,0.264,2
1788199200000,2475.41,2477.8,-0.003369924933408819,1.0,0.0048611002806234855,ranging,0.23506041114559242,0.5003797314702471,0.26455985738416044,0.26,0.476,0.264,2
1788202800000,2477.81,2481.84,-0.00571753215356352,0.0,0.00472324811946192,ranging,0.2500323022815791,0.4749707273436854,0.27499697037473564,0.26,0.476,0.264,2
1788206400000,2481.84,2472.62,-0.00040847360289886225,1.0,0.0046958431445901175,ranging,0.2421463008549299,0.49077088407761454,0.2670828150674556,0.26,0.476,0.264,2
1788210000000,2472.63,2478.27,-0.006218047266843385,0.0,0.004624927405877419,ranging,0.24246664870473497,0.4809542082930934,0.27657914300217157,0.26,0.476,0.264,2
1788213600000,2478.27,2469.45,-0.0017696248152422323,1.0,0.004538825734710443,ranging,0.22911582068768638,0.5191769270130417,0.25170725229927193,0.26,0.476,0.264,2
1788217200000,2469.45,2467.65,0.0018479119810346223,1.0,0.004347086781163949,ranging,0.22779921344047077,0.5145531519731087,0.2576476345864205,0.26,0.476,0.264,2
1788220800000,2467.64,2471.61,-0.0006433053758482243,1.0,0.004240444575514106,ranging,0.23367993816621585,0.5091523569142756,0.2571677049195084,0.26,0.476,0.264,2
1788224400000,2471.62,2462.86,0.00880277401070284,2.0,0.004265465696232471,ranging,0.23194298355165677,0.5002667851017469,0.26779023134659635,0.26,0.476,0.264,2
1788228000000,2462.85,2465.08,0.002649001249452443,1.0,0.004142901852507265,ranging,0.22933434861595897,0.500104095819273,0.270561555564768,0.26,0.476,0.264,2
1788231600000,2465.09,2472.21,0.0002062931547075486,1.0,0.0041739287774767726,ranging,0.23682247554633168,0.5033052909626667,0.2598722334910015,0.26,0.476,0.264,2
1788235200000,2472.21,2470.02,-0.008846082217957685,0.0,0.004043714221474092,ranging,0.22548298188131402,0.5109422726922037,0.26357474542648224,0.26,0.476,0.264,2
1788238800000,2470.02,2484.54,-0.012919896640826822,0.0,0.004022208049355231,ranging,0.22485502522787018,0.503498605799481,0.2716463689726489,0.26,0.476,0.264,2
1788242400000,2484.54,2471.61,-0.005923264592714972,0.0,0.003978822890755581,ranging,0.21856651063677257,0.5144761471600726,0.26695734220315487,0.26,0.476,0.264,2
1788246000000,2471.61,2472.72,-0.005475751399268813,0.0,0.0038775483731410014,ranging,0.2241118327780573,0.5062252279812174,0.26966293924072526,0.26,0.476,0.264,2
1788249600000,2472.72,2448.17,-0.0006372106512211317,1.0,0.004139102979310835,ranging,0.23170131806920943,0.46187877374215247,0.3064199081886381,0.26,0.476,0.264,2
1788253200000,2448.18,2452.44,-0.0032742900947628772,1.0,0.004038775395442098,ranging,0.23145649768145737,0.4840946942041853,0.2844488081143573,0.26,0.476,0.264,2
1788256800000,2452.44,2456.97,-0.0031258012918350397,1.0,0.004008511828459281,ranging,0.223939687879985,0.49546090322156816,0.2805994088984468,0.26,0.476,0.264,2
1788260400000,2456.97,2459.18,-0.004151790434209768,0.0,0.003927276368348243,ranging,0.21564008737722729,0.5082332095784817,0.27612670304429104,0.26,0.476,0.264,2
1788264000000,2459.18,2446.61,-0.005632283036528185,0.0,0.004031421713358787,ranging,0.23087971658012965,0.48745938236087305,0.28166090105899744,0.26,0.476,0.264,2
1788267600000,2446.62,2444.41,-0.010730605749444622,0.0,0.004157448359305217,ranging,0.22934361024599415,0.4788482325011894,0.29180815725281656,0.26,0.476,0.264,2
1788271200000,2444.42,2449.29,-0.014885946539609507,0.0,0.004125586495666682,ranging,0.23769332954789954,0.4707992705831902,0.2915073998689103,0.26,0.476,0.264,2
1788274800000,2449.3,2448.97,-0.012164297643499133,0.0,0.0041758036680035375,ranging,0.23931781572010033,0.48332902684071244,0.27735315743918726,0.26,0.476,0.264,2
1788278400000,2448.97,2432.83,-0.004731115614325598,0.0,0.004424518911684803,ranging,0.2343071855968927,0.465901199832527,0.2997916145705802,0.26,0.476,0.264,2
1788282000000,2432.83,2418.18,-0.0011248128757990195,1.0,0.00453532734981574,ranging,0.23168947527161507,0.4822786813527591,0.286031843375626,0.26,0.476,0.264,2
1788285600000,2418.18,2412.83,0.00014505787809326876,1.0,0.0049070443237699685,ranging,0.21999994448007074,0.45671391005363043,0.32328614546629875,0.26,0.476,0.264,2
1788289200000,2412.83,2419.18,-0.0002521515554856357,1.0,0.004768682801149406,ranging,0.22772591610263487,0.4811152172870515,0.2911588666103137,0.26,0.476,0.264,2
1788292800000,2419.19,2421.32,-0.005150083425569663,0.0,0.004602033093091485,ranging,0.22442194482258485,0.4964204361215669,0.2791576190558482,0.26,0.476,0.264,2
1788296400000,2421.33,2415.46,-0.006681957059938792,0.0,0.004691236924896159,trending,0.22543559792219697,0.5013600722281171,0.2732043298496859,0.26,0.476,0.264,2
1788300000000,2415.46,2413.18,-0.001350914560869776,1.0,0.004588475338821619,trending,0.22908010924267233,0.4965385616824652,0.2743813290748626,0.26,0.476,0.264,2
1788303600000,2413.17,2418.57,-0.0017158899680389528,1.0,0.0045374102387475785,trending,0.23021121410685735,0.49598771588481605,0.2738010700083266,0.26,0.476,0.264,2
1788307200000,2418.58,2408.85,0.002648566743466807,1.0,0.0045229814954575445,trending,0.2254599860623371,0.4991234460253402,0.2754165679123228,0.26,0.476,0.264,2
1788310800000,2408.84,2399.32,0.009673574179350775,2.0,0.004721379143118166,trending,0.22398848827410509,0.4869583559969279,0.28905315572896706,0.26,0.476,0.264,2
1788314400000,2399.32,2409.92,0.004485626078873928,1.0,0.004649570236879877,trending,0.23191884483183997,0.4824636510034747,0.2856175041646852,0.26,0.476,0.264,2
1788318000000,2409.93,2414.42,0.0014413399491388645,1.0,0.004587383896055497,trending,0.23453720181678755,0.4950625379656879,0.27040026021752467,0.26,0.476,0.264,2
1788321600000,2414.42,2415.23,-0.00913784608505197,0.0,0.004454362185621064,trending,0.23006406947086422,0.5152181290844482,0.2547178014446876,0.26,0.476,0.264,2
1788325200000,2415.23,2422.53,-0.018955389613338203,0.0,0.004398825648053553,trending,0.23280998488611399,0.5174167835561696,0.24977323155771639,0.26,0.476,0.264,2
1788328800000,2422.53,2420.73,-0.019816336394393397,0.0,0.0042739094719163595,trending,0.24098130224136713,0.5071183329456735,0.25190036481295924,0.26,0.476,0.264,2
1788332400000,2420.73,2417.9,-0.014897224864551917,0.0,0.004175339621376791,trending,0.23786699398469902,0.5150693449105043,0.24706366110479663,0.26,0.476,0.264,2
1788336000000,2417.9,2393.16,-0.006480970766684968,0.0,0.004464276692050024,trending,0.23084294376927533,0.4667785536707474,0.3023785025599772,0.26,0.476,0.264,2
1788339600000,2393.15,2376.61,0.011099843895296058,2.0,0.004771155713044559,trending,0.23026893132933238,0.46511268165132674,0.30461838701934074,0.26,0.476,0.264,2
1788343200000,2376.62,2372.76,0.009141253224093315,2.0,0.004807460297270592,trending,0.21937208750918236,0.4867975210003285,0.29383039149048923,0.26,0.476,0.264,2
1788346800000,2372.73,2381.88,0.003820511528708437,1.0,0.004712554291879078,trending,0.22698747446146425,0.48296680864274083,0.2900457168957949,0.26,0.476,0.264,2
1788350400000,2381.87,2377.65,0.0035959876348494735,1.0,0.0046142681284230885,trending,0.232242502078864,0.5104740447568289,0.2572834531643072,0.26,0.476,0.264,2
1788354000000,2377.65,2402.99,-0.0038368865455119527,1.0,0.004989988365746929,trending,0.22821238212889003,0.5066606415105852,0.26512697636052474,0.26,0.476,0.264,2
1788357600000,2403.0,2394.45,0.00020046357201031206,1.0,0.004967785559435981,trending,0.2256741404689046,0.5153387042185354,0.25898715531256006,0.26,0.476,0.264,2
1788361200000,2394.46,2390.98,0.0008406594785401733,1.0,0.004979562586001474,trending,0.22686680044364624,0.5126414010651112,0.2604917984912425,0.26,0.476,0.264,2
1788364800000,2390.98,2386.2,0.0030844019780404963,1.0,0.004992170730941355,trending,0.22535895128294084,0.5081361404045324,0.2665049083125269,0.26,0.476,0.264,2
1788368400000,2386.21,2393.77,-0.0015122589054086255,1.0,0.0050103313236394996,trending,0.23207668210015103,0.5058391538079455,0.26208416409190344,0.26,0.476,0.264,2
1788372000000,2393.77,2394.93,-0.0063133369242523996,0.0,0.004820556955248047,trending,0.22351112930979766,0.5271131960844446,0.2493756746057577,0.26,0.476,0.264,2
1788375600000,2394.92,2392.99,-0.0004471393528596712,1.0,0.004722175249219559,trending,0.22235256215779295,0.5214155122720758,0.25623192557013114,0.26,0.476,0.264,2
1788379200000,2393.0,2393.56,-0.005732047661224149,0.0,0.004628417681050962,trending,0.2163813062957639,0.5190842936112957,0.26453440009294044,0.26,0.476,0.264,2
1788382800000,2393.56,2390.15,-0.0013974018367048924,1.0,0.004406332552963874,low_liquidity,0.20162553234707484,0.5392603424013872,0.2591141252515379,0.26,0.476,0.264,2
1788386400000,2390.14,2379.81,0.011038696366516554,2.0,0.004316651472448461,trending,0.20842445086118022,0.5201459921952728,0.271429556943547,0.26,0.476,0.264,2
1788390000000,2379.81,2391.92,0.004757684203485102,2.0,0.004272196586496518,trending,0.21524522398210624,0.5213520346871797,0.2634027413307141,0.26,0.476,0.264,2
1788393600000,2391.91,2379.84,0.011962989108511346,2.0,0.004278012146352142,trending,0.20909810090097786,0.5232815965838666,0.26762030251515545,0.26,0.476,0.264,2
1788397200000,2379.82,2386.81,0.007541446533238849,2.0,0.0044002185087109996,trending,0.2244829012817318,0.5065446784452277,0.26897242027304064,0.26,0.476,0.264,2
1788400800000,2386.8,2406.08,0.0010473467216385313,1.0,0.0045376804952481815,trending,0.21933138557352244,0.5214062711966252,0.2592623432298524,0.26,0.476,0.264,2
1788404400000,2406.09,2403.3,-0.0019223567594558455,1.0,0.0044174465383338265,ranging,0.21152440699024722,0.5331814200612429,0.25529417294851,0.26,0.476,0.264,2
1788408000000,2403.29,2408.31,-0.0019183576865103857,1.0,0.004295716571030838,ranging,0.22909665907212098,0.5265807971047795,0.24432254382309945,0.26,0.476,0.264,2
1788411600000,2408.3,2404.81,-0.004669807593947084,0.0,0.004539842567821832,ranging,0.2292594752310316,0.5074294651786011,0.2633110595903674,0.26,0.476,0.264,2
1788415200000,2404.82,2408.6,-0.004886656148800128,0.0,0.004384555475967278,ranging,0.23514153301705468,0.512173552548355,0.25268491443459024,0.26,0.476,0.264,2
1788418800000,2408.6,2398.68,0.003551953574465916,1.0,0.004507726992476582,ranging,0.22632107518954772,0.5070775460858609,0.26660137872459133,0.26,0.476,0.264,2
1788422400000,2398.68,2403.69,0.00814580915176255,2.0,0.004433235375909492,ranging,0.21630813287167872,0.515684361588607,0.2680075055397142,0.26,0.476,0.264,2
1788426000000,2403.69,2393.58,0.015286725323574002,2.0,0.0043858871895820824,ranging,0.21488852360284322,0.5096578699334604,0.2754536064636964,0.26,0.476,0.264,2
1788429600000,2393.57,2396.83,0.038646879419900415,2.0,0.0042255107838901065,ranging,0.21744499409726714,0.5109539583338059,0.2716010475689269,0.26,0.476,0.264,2
1788433200000,2396.83,2407.2,0.045438683948155534,2.0,0.004185236052496296,ranging,0.21762398159535393,0.5179303398498725,0.26444567855477363,0.26,0.476,0.264,2
1788436800000,2407.2,2423.27,0.02922497286724135,2.0,0.004248011480720501,ranging,0.22477760901891738,0.5156334890797188,0.25958890190136374,0.26,0.476,0.264,2
1788440400000,2423.27,2430.17,0.028936247258422032,2.0,0.004292087271716807,ranging,0.23689091479783275,0.5105423623109965,0.25256672289117066,0.26,0.476,0.264,2
1788444000000,2430.17,2489.46,0.009375527222771352,2.0,0.004995648007037799,ranging,0.22301148835986578,0.48517553856620393,0.2918129730739303,0.26,0.476,0.264,2
1788447600000,2489.46,2516.58,0.00063578348393456,1.0,0.0052354515294227065,ranging,0.2335860635994315,0.4988254292378132,0.2675885071627553,0.26,0.476,0.264,2
1788451200000,2516.58,2494.09,0.004426464161277233,1.0,0.005431486431893272,trending,0.21986182239186022,0.5280429307627721,0.2520952468453677,0.26,0.476,0.264,2
1788454800000,2494.1,2500.49,0.004279161284388433,1.0,0.005269196035690407,trending,0.21127882621637012,0.5325486924669524,0.2561724813166776,0.26,0.476,0.264,2
1788458400000,2500.49,2512.8,-0.0064708691499523185,0.0,0.0051431083122608105,trending,0.22258053464791375,0.5232541796591637,0.2541652856929226,0.26,0.476,0.264,2
1788462000000,2512.8,2518.18,-0.00423718717486421,1.0,0.005151022716282526,trending,0.21763472660121105,0.5266046483129052,0.25576062508588376,0.26,0.476,0.264,2
1788465600000,2518.18,2505.13,-0.0014570102150387454,1.0,0.005080535626264862,trending,0.2119101506551393,0.5397495718578225,0.2483402774870382,0.26,0.476,0.264,2
1788469200000,2505.13,2511.19,-0.0017521573437294657,1.0,0.00514264519935977,trending,0.20652928409701862,0.5298969265730354,0.26357378932994585,0.26,0.476,0.264,2
1788472800000,2511.19,2496.54,0.00448620891313567,1.0,0.005188554375722957,trending,0.20663620774223043,0.5393865250367088,0.25397726722106073,0.26,0.476,0.264,2
1788476400000,2496.54,2507.51,-0.0009451607371457893,1.0,0.00503033561567269,trending,0.2030653117708788,0.5522893386648962,0.244645349564225,0.26,0.476,0.264,2
1788480000000,2507.5,2501.48,0.003166125653613072,1.0,0.004937563224728694,trending,0.22523529333337047,0.5256441770460024,0.24912052962062722,0.26,0.476,0.264,2
1788483600000,2501.48,2506.79,0.0009813346949685275,1.0,0.004791437983583048,trending,0.22430207684490414,0.5293342455788399,0.246363677576256,0.26,0.476,0.264,2
1788487200000,2506.79,2507.74,0.00017944444001383175,1.0,0.0046301984683209275,trending,0.21736709908549942,0.5205684398818612,0.2620644610326394,0.26,0.476,0.264,2
1788490800000,2507.74,2505.14,-0.00029938446553889886,1.0,0.004510422023471525,trending,0.2302326631286623,0.5157834542488995,0.2539838826224383,0.26,0.476,0.264,2
1788494400000,2505.14,2509.4,0.0070734040009563515,2.0,0.004564554479796903,trending,0.2366698825205011,0.5128222830759273,0.2505078344035716,0.26,0.476,0.264,2
1788498000000,2509.41,2509.25,0.0048141875062268635,2.0,0.004444407382707709,trending,0.23710945492503568,0.5110913369076739,0.2517992081672903,0.26,0.476,0.264,2
1788501600000,2509.25,2508.19,0.00730805879937324,2.0,0.004451464998543944,trending,0.237354634178509,0.5108580622276792,0.25178730359381174,0.26,0.476,0.264,2
1788505200000,2508.19,2504.39,0.00743893722623068,2.0,0.004356081005499289,trending,0.23858956322622923,0.506285848894162,0.2551245878796088,0.26,0.476,0.264,2
1788508800000,2504.39,2527.15,-0.030037789604891008,0.0,0.004535409290016438,trending,0.24011737460978086,0.4959225241672978,0.2639601012229212,0.26,0.476,0.264,2
1788512400000,2527.16,2521.33,-0.027390305909976043,0.0,0.004682833907797117,trending,0.22702547737892453,0.49410048746195606,0.2788740351591195,0.26,0.476,0.264,2
1788516000000,2521.33,2526.52,-0.034173487643082257,0.0,0.00457418009802584,trending,0.23353553924073514,0.49545553329915365,0.2710089274601112,0.26,0.476,0.264,2
1788519600000,2526.52,2523.02,-0.028156732804337614,0.0,0.004380064013886851,trending,0.23800193392136504,0.4919777901743172,0.2700202759043178,0.26,0.476,0.264,2
1788523200000,2523.03,2451.24,0.0036675315350598314,1.0,0.005891329006896756,high_volatility,0.24781349909318331,0.4614318981327964,0.2907546027740203,0.26,0.476,0.264,2
1788526800000,2451.25,2452.27,-0.002817797387726362,1.0,0.005965953326429705,high_volatility,0.2240536886428513,0.5077656638165737,0.2681806475405749,0.26,0.476,0.264,2
1788530400000,2452.26,2440.18,0.004327549606996106,1.0,0.006039357422387133,high_volatility,0.2109600808188181,0.5278295683537755,0.2612103508274064,0.26,0.476,0.264,2
1788534000000,2440.19,2451.98,0.0015742379627892156,1.0,0.0059447160934221225,high_volatility,0.21135823269370407,0.55053879789504,0.23810296941125586,0.26,0.476,0.264,2
1788537600000,2451.98,2460.23,-0.0036785178621511205,1.0,0.0057522561644276935,high_volatility,0.21756418739067546,0.5492610888427538,0.23317472376657072,0.26,0.476,0.264,2
1788541200000,2460.24,2445.36,0.0026335590669677167,1.0,0.005685296450196327,high_volatility,0.20969803513197752,0.5534026726293662,0.23689929223865633,0.26,0.476,0.264,2
1788544800000,2445.35,2450.74,0.00023258281172222617,1.0,0.00539824574434303,trending,0.24151964829844338,0.521043787223448,0.23743656447810865,0.26,0.476,0.264,2
1788548400000,2450.75,2455.84,4.071926509752188e-06,1.0,0.0051245793723586645,trending,0.24837383732102936,0.5035043498526967,0.24812181282627394,0.26,0.476,0.264,2
1788552000000,2455.85,2451.18,0.00039164810417835483,1.0,0.0049093821598335955,trending,0.25847499382736233,0.5058320742415786,0.23569293193105909,0.26,0.476,0.264,2
1788555600000,2451.19,2451.8,6.11795415612626e-05,1.0,0.004680442698455711,trending,0.2528013780106565,0.5086247195214768,0.23857390246786664,0.26,0.476,0.264,2
1788559200000,2451.79,2451.31,0.0007587779595401578,1.0,0.0044171024095267545,low_liquidity,0.23328698353811003,0.5213196156439394,0.24539340081795064,0.26,0.476,0.264,2
1788562800000,2451.32,2455.85,-0.0013681617362624188,1.0,0.004199067968828406,low_liquidity,0.22836879291276185,0.5412977405879761,0.23033346649926204,0.26,0.476,0.264,2
1788566400000,2455.86,2452.14,-0.0013009045160553567,1.0,0.00399049850119878,low_liquidity,0.21962978583361856,0.5314031295773155,0.24896708458906602,0.26,0.476,0.264,2
1788570000000,2452.15,2451.95,-0.00041599543220705026,1.0,0.003787900386324715,low_liquidity,0.2205896934791714,0.5350871206499774,0.24432318587085114,0.26,0.476,0.264,2
1788573600000,2451.95,2453.17,9.375624192364818e-05,1.0,0.003568870673432906,low_liquidity,0.21150466421896677,0.5476884216036866,0.24080691417734665,0.26,0.476,0.264,2
1788577200000,2453.17,2452.49,0.002055054250985844,1.0,0.0034006722063025783,low_liquidity,0.21248703293564353,0.5269157654884611,0.2605972015758954,0.26,0.476,0.264,2
1788580800000,2452.5,2448.95,0.0032217889299497315,1.0,0.00325158273458465,ranging,0.22836679065680748,0.4946573280020161,0.2769758813411764,0.26,0.476,0.264,2
1788584400000,2448.95,2450.93,0.003109023921531895,1.0,0.003151530410094891,ranging,0.23281756364505402,0.4903460350736644,0.27683640128128156,0.26,0.476,0.264,2
1788588000000,2450.93,2453.4,0.00030569821472248293,1.0,0.002998065237867574,low_liquidity,0.2125736551078916,0.5380376821578671,0.24938866273424132,0.26,0.476,0.264,2
1788591600000,2453.41,2457.53,-0.0015706827587049776,1.0,0.0028906751409980146,ranging,0.20963300423234058,0.5139649820312927,0.27640201373636664,0.26,0.476,0.264,2
1788595200000,2457.53,2456.84,0.0008547565165009097,1.0,0.002762578045385215,ranging,0.21425200088871094,0.5044185108473235,0.2813294882639656,0.26,0.476,0.264,2
1788598800000,2456.85,2458.55,-0.0017896727746029573,1.0,0.002623606806140522,ranging,0.2135015730913645,0.5205925477693347,0.26590587913930064,0.26,0.476,0.264,2
1788602400000,2458.54,2454.15,0.0012672412036753844,1.0,0.0025191582384380437,ranging,0.21511025713323065,0.5022007417374884,0.28268900112928097,0.26,0.476,0.264,2
1788606000000,2454.15,2453.67,0.0025798090207729274,2.0,0.0025,ranging,0.21812871940168285,0.5258589181271932,0.2560123624711239,0.26,0.476,0.264,2
1788609600000,2453.67,2458.94,0.004965554263219207,2.0,0.0025,ranging,0.23008990035194743,0.49961688342503713,0.2702932162230155,0.26,0.476,0.264,2
1788613200000,2458.93,2454.15,0.010944726279974892,2.0,0.0025,ranging,0.20887649944129086,0.49897165533597154,0.29215184522273774,0.26,0.476,0.264,2
1788616800000,2454.15,2457.26,0.009457688645076123,2.0,0.0025,ranging,0.2011824539334764,0.5092125770249838,0.2896049690415398,0.26,0.476,0.264,2
1788620400000,2457.26,2460.0,0.0071422764227642155,2.0,0.0025,ranging,0.2092688969687877,0.50187864823451,0.28885245479670235,0.26,0.476,0.264,2
1788624000000,2459.99,2471.15,0.0025696538049087003,2.0,0.0025,ranging,0.2275348429785245,0.5040508930659072,0.2684142639555683,0.26,0.476,0.264,2
1788627600000,2471.15,2481.01,0.0032688300329299924,2.0,0.0025,ranging,0.23371909883183634,0.5089319524182606,0.2573489487499031,0.26,0.476,0.264,2
1788631200000,2481.01,2480.5,0.00019350937311024552,1.0,0.0025,ranging,0.20869692842489143,0.5056928740780233,0.28561019749708516,0.26,0.476,0.264,2
1788634800000,2480.5,2477.57,0.0011180309738978433,1.0,0.0025,ranging,0.22479486654328645,0.49792593356946424,0.2772791998872492,0.26,0.476,0.264,2
1788638400000,2477.57,2477.5,0.005126135216952488,2.0,0.0025,ranging,0.23244339622515853,0.4961381673733981,0.2714184364014434,0.26,0.476,0.264,2
1788642000000,2477.5,2489.12,0.006608761329305324,2.0,0.0025,ranging,0.2289115440099151,0.49138561152434634,0.2797028444657387,0.26,0.476,0.264,2
1788645600000,2489.13,2480.98,0.009028690275616924,2.0,0.0025,ranging,0.21416185337063656,0.4985043296884083,0.2873338169409552,0.26,0.476,0.264,2
1788649200000,2480.98,2480.34,0.011829023440334652,2.0,0.0025,ranging,0.21591981378166825,0.49932920030801986,0.28475098591031184,0.26,0.476,0.264,2
1788652800000,2480.33,2490.2,0.005718416191470732,2.0,0.0025,ranging,0.2242825149892627,0.49689295276285017,0.27882453224788717,0.26,0.476,0.264,2
1788656400000,2490.21,2505.57,0.003164948494753572,2.0,0.002601063246991661,trending,0.2369735564982061,0.5006209784227325,0.2624054650790614,0.26,0.476,0.264,2
1788660000000,2505.58,2503.38,0.0009706876303237078,1.0,0.0026103250838279113,trending,0.23643943820326954,0.5039256244515568,0.2596349373451737,0.26,0.476,0.264,2
1788663600000,2503.38,2509.68,-0.005136112970577922,0.0,0.0026602783425032756,trending,0.25100667401473625,0.48452119230975765,0.26447213367550615,0.26,0.476,0.264,2
1788667200000,2509.68,2504.44,-0.0035017808372330705,0.0,0.002681289902218722,trending,0.24700733642678857,0.4855646949871,0.2674279685861114,0.26,0.476,0.264,2
1788670800000,2504.45,2513.5,-0.005717127511438158,0.0,0.002869211568253272,trending,0.24489458690128593,0.4738294846565263,0.2812759284421877,0.26,0.476,0.264,2
1788674400000,2513.52,2505.81,-0.0016401882026171322,1.0,0.0028474089814830277,trending,0.24882996148080655,0.4792285946955043,0.27194144382368923,0.26,0.476,0.264,2
1788678000000,2505.82,2496.79,0.0020586432979945446,1.0,0.003089219606505321,trending,0.2488758986768137,0.47926115458911883,0.2718629467340675,0.26,0.476,0.264,2
1788681600000,2496.8,2495.67,0.0019233312096549326,1.0,0.0030079161129145235,trending,0.24460388577839964,0.4880158635217396,0.2673802506998608,0.26,0.476,0.264,2
1788685200000,2495.66,2499.13,-0.001712595983402343,1.0,0.0029572564987394435,trending,0.2367086053074174,0.4997396695384954,0.2635517251540872,0.26,0.476,0.264,2
1788688800000,2499.12,2501.7,-0.009313666706639356,0.0,0.0028266318799796456,trending,0.22645912492211842,0.5093694239142235,0.26417145116365826,0.26,0.476,0.264,2
1788692400000,2501.7,2501.93,-0.008849168441962707,0.0,0.0027051688857312457,trending,0.2024796193661477,0.5433267273906786,0.2541936532431738,0.2552472858866104,0.47913148371531966,0.26562123039806995,3
1788696000000,2501.94,2500.47,-0.006358804544745467,0.0,0.0026414423080920323,trending,0.1958028513069722,0.5333671394662503,0.27083000922677747,0.2552472858866104,0.47913148371531966,0.26562123039806995,3
1788699600000,2500.48,2494.85,-0.0014429725233982005,1.0,0.002701880566123168,trending,0.21167640628861184,0.5107562266588351,0.2775673670525531,0.2552472858866104,0.47913148371531966,0.26562123039806995,3
1788703200000,2494.84,2478.4,0.00635490639122005,2.0,0.003115207607877806,trending,0.21729073081515318,0.4642978043860399,0.318411464798807,0.2552472858866104,0.47913148371531966,0.26562123039806995,3
1788706800000,2478.4,2479.79,0.004286653305320298,2.0,0.0031091773600568874,trending,0.22078929093084187,0.4959681200431955,0.2832425890259626,0.2552472858866104,0.47913148371531966,0.26562123039806995,3
1788710400000,2479.78,2484.57,0.005984939043778059,2.0,0.0030933605077406593,trending,0.2291582521636808,0.5032734953267689,0.26756825250955035,0.2552472858866104,0.47913148371531966,0.26562123039806995,3
1788714000000,2484.57,2491.25,0.006759658805820523,2.0,0.0031095038152770048,trending,0.2072332208636422,0.5186405142385372,0.27412626489782055,0.2552472858866104,0.47913148371531966,0.26562123039806995,3
1788717600000,2491.25,2494.15,0.0056812942284947265,2.0,0.0030343909874109673,trending,0.2004181913731904,0.5170378027662957,0.28254400586051387,0.2552472858866104,0.47913148371531966,0.26562123039806995,3
1788721200000,2494.15,2490.42,0.009661021032596917,2.0,0.002917205636463609,ranging,0.19005205974248257,0.5146758172310621,0.2952721230264554,0.2552472858866104,0.47913148371531966,0.26562123039806995,3
1788724800000,2490.42,2499.44,0.005493230483628375,2.0,0.0028953878353065944,ranging,0.19999274503874773,0.5108711497229217,0.28913610523833067,0.2552472858866104,0.47913148371531966,0.26562123039806995,3
1788728400000,2499.43,2508.09,-0.0016825552512071962,1.0,0.0029583418407753445,ranging,0.20896072694974635,0.5128649972537312,0.27817427579652243,0.2552472858866104,0.47913148371531966,0.26562123039806995,3
1788732000000,2508.08,2508.32,0.0013754225936084552,1.0,0.003124209449141623,ranging,0.20067533920869154,0.5041642965529727,0.2951603642383357,0.2552472858866104,0.47913148371531966,0.26562123039806995,3
1788735600000,2508.33,2514.48,-0.006780726034806506,0.0,0.0032247713128736024,ranging,0.21429471736778372,0.5032329639343402,0.28247231869787603,0.2552472858866104,0.47913148371531966,0.26562123039806995,3
1788739200000,2514.48,2513.17,-0.005904893023552016,0.0,0.0032200680705565176,ranging,0.21786230419814653,0.5113453358700055,0.2707923599318478,0.2552472858866104,0.47913148371531966,0.26562123039806995,3
1788742800000,2513.17,2503.87,0.00037142503404741234,1.0,0.003291804861715403,ranging,0.21595169145417265,0.49786473639070516,0.28618357215512213,0.2552472858866104,0.47913148371531966,0.26562123039806995,3
1788746400000,2503.87,2511.77,-0.005585702512570845,0.0,0.0036968031282534246,ranging,0.22231377840682404,0.4911668396501719,0.28651938194300414,0.2552472858866104,0.47913148371531966,0.26562123039806995,3
1788750000000,2511.76,2497.43,-0.00323532591504061,1.0,0.003787257572638687,ranging,0.22525262437314403,0.5004362857526682,0.27431108987418784,0.2552472858866104,0.47913148371531966,0.26562123039806995,3
1788753600000,2497.43,2498.33,-0.0027098101531822794,1.0,0.0036441296739151883,ranging,0.21617039255579865,0.5080505828842043,0.27577902455999703,0.2552472858866104,0.47913148371531966,0.26562123039806995,3
1788757200000,2498.33,2504.8,-0.008000638773554725,0.0,0.003662200014458612,ranging,0.2191966284694775,0.5240319298347198,0.2567714416958028,0.2552472858866104,0.47913148371531966,0.26562123039806995,3
1788760800000,2504.81,2497.74,-0.003495159624300248,1.0,0.0036214458370597623,ranging,0.21300410131634953,0.5339391679243088,0.2530567307593416,0.2552472858866104,0.47913148371531966,0.26562123039806995,3
1788764400000,2497.75,2489.35,-8.03422580191171e-05,1.0,0.003836876282269597,ranging,0.21081861671924973,0.48153658299362606,0.3076448002871242,0.2552472858866104,0.47913148371531966,0.26562123039806995,3
1788768000000,2489.34,2491.56,0.005586861243558339,2.0,0.0036482382710453847,ranging,0.20817828599351537,0.5174533704202054,0.27436834358627926,0.2552472858866104,0.47913148371531966,0.26562123039806995,3
1788771600000,2491.56,2484.76,0.005674592314750759,2.0,0.003621834678654675,ranging,0.21328754608587905,0.5050449824659782,0.28166747144814286,0.2552472858866104,0.47913148371531966,0.26562123039806995,3
1788775200000,2484.76,2489.01,0.0005142606899930513,1.0,0.0034930718056502574,ranging,0.2020137220153165,0.5098393508573129,0.2881469271273707,0.2552472858866104,0.47913148371531966,0.26562123039806995,3
1788778800000,2489.01,2489.15,-0.007520639575758881,0.0,0.0033673508316022973,ranging,0.20108913301786027,0.5013600155316605,0.29755085145047905,0.2552472858866104,0.47913148371531966,0.26562123039806995,3
1788782400000,2489.16,2505.48,-0.009052157670386474,0.0,0.0034331584364865678,ranging,0.19425844784696225,0.5081020195780667,0.29763953257497117,0.2552472858866104,0.47913148371531966,0.26562123039806995,3
1788786000000,2505.48,2498.86,-0.001376627742250447,1.0,0.003465643973447004,ranging,0.19457318915878,0.5306752369017642,0.2747515739394558,0.2552472858866104,0.47913148371531966,0.26562123039806995,3
1788789600000,2498.87,2490.29,0.0006023394865657394,1.0,0.0036310191151960234,ranging,0.19744222412456805,0.48294133316576004,0.3196164427096718,0.2552472858866104,0.47913148371531966,0.26562123039806995,3
1788793200000,2490.29,2470.43,0.01034232906821897,2.0,0.0038201498091124555,ranging,0.22144613188275267,0.46137112521417895,0.31718274290306847,0.2552472858866104,0.47913148371531966,0.26562123039806995,3
1788796800000,2470.44,2482.8,0.004817141936523273,2.0,0.003749348805727228,ranging,0.218125016690867,0.4848772002352999,0.296997783073833,0.2552472858866104,0.47913148371531966,0.26562123039806995,3
1788800400000,2482.81,2495.42,-0.001735178847648844,1.0,0.0037588141988458383,ranging,0.20969119835691102,0.49749578449969784,0.29281301714339103,0.2552472858866104,0.47913148371531966,0.26562123039806995,3
1788804000000,2495.42,2491.79,-0.0035035055121017677,1.0,0.0036674055215926375,ranging,0.206724902011089,0.5271529828146605,0.26612211517425055,0.2552472858866104,0.47913148371531966,0.26562123039806995,3
1788807600000,2491.79,2495.98,-0.002331749453120646,1.0,0.0035463670513740707,ranging,0.20182059135760827,0.5231399223436477,0.27503948629874403,0.2552472858866104,0.47913148371531966,0.26562123039806995,3
1788811200000,2495.98,2494.76,0.0003807981529284632,1.0,0.003469889918628091,ranging,0.1913001931402054,0.5069503511619646,0.3017494556978299,0.2552472858866104,0.47913148371531966,0.26562123039806995,3
1788814800000,2494.76,2491.09,0.005306913840928962,2.0,0.0033367221765273126,ranging,0.18345625742797772,0.5367969299936045,0.2797468125784177,0.2552472858866104,0.47913148371531966,0.26562123039806995,3
1788818400000,2491.1,2483.06,0.0006685299590021287,1.0,0.003398714783010554,ranging,0.20534654672067706,0.5009967701674025,0.2936566831119204,0.2552472858866104,0.47913148371531966,0.26562123039806995,3
1788822000000,2483.06,2490.16,-0.0016545121598611212,1.0,0.0033476267009328246,ranging,0.2024541246548966,0.5344473256169742,0.2630985497281292,0.2552472858866104,0.47913148371531966,0.26562123039806995,3
1788825600000,2490.16,2495.71,-0.006699496335712207,0.0,0.0033123021783303995,ranging,0.19748587511228952,0.536992192814214,0.2655219320734965,0.2552472858866104,0.47913148371531966,0.26562123039806995,3
1788829200000,2495.71,2504.31,-0.012350707380475945,0.0,0.003270164912925902,ranging,0.19641972749261022,0.5118725533693224,0.29170771913806737,0.2552472858866104,0.47913148371531966,0.26562123039806995,3
1788832800000,2504.32,2484.72,-0.006515824720692676,0.0,0.0034620626126934365,ranging,0.19503072062040275,0.5183166494169136,0.2866526299626837,0.2552472858866104,0.47913148371531966,0.26562123039806995,3
1788836400000,2484.72,2486.04,-0.002578397773165264,1.0,0.0033913179995710718,ranging,0.20358921811926464,0.5156453829201232,0.2807653989606122,0.2552472858866104,0.47913148371531966,0.26562123039806995,3
1788840000000,2486.05,2478.99,-0.0005687800273498356,1.0,0.003286314720208568,ranging,0.19507875290437673,0.5188937167747631,0.2860275303208601,0.2552472858866104,0.47913148371531966,0.26562123039806995,3
1788843600000,2478.99,2473.38,0.007532202896441298,2.0,0.0032678138899356877,ranging,0.22463929465563948,0.47386247886696403,0.3014982264773965,0.2552472858866104,0.47913148371531966,0.26562123039806995,3
1788847200000,2473.39,2468.53,0.00514881326133354,2.0,0.0032872395355060527,ranging,0.2346622456502091,0.46943022550584823,0.29590752884394267,0.2552472858866104,0.47913148371531966,0.26562123039806995,3
1788850800000,2468.52,2479.63,-0.001964002693950251,1.0,0.003332768032142352,ranging,0.2244302786362827,0.4907176206221294,0.28485210074158784,0.2552472858866104,0.47913148371531966,0.26562123039806995,3
1788854400000,2479.63,2477.58,-0.001933338176769217,1.0,0.0033472296913588198,ranging,0.2262843856254963,0.498740273366991,0.2749753410075128,0.2552472858866104,0.47913148371531966,0.26562123039806995,3
1788858000000,2477.58,2492.01,-0.01313798901288532,0.0,0.003428941221954455,ranging,0.2107613413477224,0.5246094452739841,0.2646292133782934,0.2552472858866104,0.47913148371531966,0.26562123039806995,3
1788861600000,2492.0,2481.24,0.0018216698102564433,1.0,0.0035218688348451215,ranging,0.19393246984643422,0.5012015417265594,0.30486598842700635,0.2552472858866104,0.47913148371531966,0.26562123039806995,3
1788865200000,2481.25,2474.76,0.009641338958121137,2.0,0.003468152287235481,ranging,0.21539946608392285,0.4846081252906165,0.29999240862546067,0.2552472858866104,0.47913148371531966,0.26562123039806995,3
1788868800000,2474.75,2472.79,0.009604535767291145,2.0,0.0033612980597007886,ranging,0.21463166752488622,0.49218800354659564,0.29318032892851803,0.2552472858866104,0.47913148371531966,0.26562123039806995,3
1788872400000,2472.8,2459.27,0.011710792226961697,2.0,0.0037317460343231283,ranging,0.22840002756945482,0.4462784370472977,0.3253215353832475,0.2552472858866104,0.47913148371531966,0.26562123039806995,3
1788876000000,2459.26,2485.76,0.00047470391349113683,1.0,0.003942393700454581,ranging,0.21625996036518663,0.5016530670094386,0.28208697262537485,0.2552472858866104,0.47913148371531966,0.26562123039806995,3
1788879600000,2485.76,2498.62,-0.0065236010277671674,0.0,0.0040158733147253175,ranging,0.20553768121400176,0.5160843596910165,0.2783779590949818,0.2552472858866104,0.47913148371531966,0.26562123039806995,3
1788883200000,2498.62,2496.54,-0.005387456239435262,0.0,0.004041474485296411,ranging,0.21214419649953747,0.513269024526547,0.2745867789739155,0.2552472858866104,0.47913148371531966,0.26562123039806995,3
1788886800000,2496.54,2488.07,-0.002065858275691723,1.0,0.004017920236792395,ranging,0.21873215700541213,0.5040086164895901,0.2772592265049978,0.2552472858866104,0.47913148371531966,0.26562123039806995,3
1788890400000,2488.07,2486.94,0.0008323481869285665,1.0,0.004262876939021698,ranging,0.23047121428819492,0.49298433527632235,0.27654445043548276,0.2552472858866104,0.47913148371531966,0.26562123039806995,3
1788894000000,2486.94,2482.32,0.0011038061168582303,1.0,0.004230597334967112,ranging,0.24050113889623187,0.4971277762292203,0.26237108487454786,0.2552472858866104,0.47913148371531966,0.26562123039806995,3
1788897600000,2482.31,2483.09,0.005311929893801803,2.0,0.004118947788411167,low_liquidity,0.20318145547678026,0.551465703791767,0.24535284073145278,0.2552472858866104,0.47913148371531966,0.26562123039806995,3
1788901200000,2483.09,2482.93,0.005988892155638803,2.0,0.003974979296667259,low_liquidity,0.17049529672495836,0.5958490269641058,0.23365567631093587,0.2552472858866104,0.47913148371531966,0.26562123039806995,3
1788904800000,2482.92,2489.01,0.0019003539559903082,1.0,0.0038242611516214596,low_liquidity,0.17299200295199696,0.6031092197318348,0.22389877731616814,0.2552472858866104,0.47913148371531966,0.26562123039806995,3
1788908400000,2489.0,2485.06,0.0015452343202981833,1.0,0.003692469490157904,low_liquidity,0.17231648541279432,0.60412387142795,0.22355964315925567,0.2552472858866104,0.47913148371531966,0.26562123039806995,3
1788912000000,2485.07,2496.28,0.005355969682887984,2.0,0.0036241386327356116,low_liquidity,0.18812072493558074,0.5494929934271,0.2623862816373194,0.2552472858866104,0.47913148371531966,0.26562123039806995,3
1788915600000,2496.27,2497.8,-0.0004964368644407857,1.0,0.003539435909875784,ranging,0.20212879369482994,0.5239891135205411,0.27388209278462894,0.2552472858866104,0.47913148371531966,0.26562123039806995,3
1788919200000,2497.79,2493.74,0.0030115408984097147,1.0,0.003463828833225269,ranging,0.19979407921282735,0.5318927798141051,0.26831314097306747,0.2552472858866104,0.47913148371531966,0.26562123039806995,3
1788922800000,2493.73,2488.9,0.008690586202740214,2.0,0.003340791706300924,ranging,0.18951978403654507,0.5357422489079073,0.27473796705554754,0.2552472858866104,0.47913148371531966,0.26562123039806995,3
1788926400000,2488.91,2509.65,0.004016496324188656,2.0,0.0035029259689473118,ranging,0.20032603527054613,0.4965890502345469,0.303084914494907,0.2552472858866104,0.47913148371531966,0.26562123039806995,3
1788930000000,2509.65,2496.56,-0.002379273880860122,1.0,0.0036131012288220616,ranging,0.20519624812710505,0.5064620934986696,0.2883416583742255,0.2552472858866104,0.47913148371531966,0.26562123039806995,3
1788933600000,2496.56,2501.25,-0.005537231384307839,0.0,0.0035726768629903384,ranging,0.20214823854076583,0.5226652849798484,0.27518647647938577,0.2552472858866104,0.47913148371531966,0.26562123039806995,3
1788937200000,2501.25,2510.53,-0.0037960112008221802,0.0,0.0035937219302642877,ranging,0.20952350322307772,0.48926462792600517,0.301211868850917,0.2552472858866104,0.47913148371531966,0.26562123039806995,3
1788940800000,2510.53,2519.73,-0.0032225674973112017,1.0,0.0035519085471352506,ranging,0.2141116517391742,0.4965650257383311,0.2893233225224946,0.2552472858866104,0.47913148371531966,0.26562123039806995,3
1788944400000,2519.72,2490.62,0.004777926781283304,2.0,0.003853144334834313,ranging,0.21721295362295598,0.5177648379240067,0.2650222084530373,0.2552472858866104,0.47913148371531966,0.26562123039806995,3
1788948000000,2490.61,2487.4,0.004820294283187199,2.0,0.0037863787334429934,ranging,0.21094347487564402,0.5080007466339169,0.2810557784904391,0.2552472858866104,0.47913148371531966,0.26562123039806995,3
1788951600000,2487.4,2501.0,-0.0042942822870850605,0.0,0.0038974438796012855,ranging,0.21246097255076574,0.5231169445215675,0.26442208292766667,0.2552472858866104,0.47913148371531966,0.26562123039806995,3
1788955200000,2501.01,2511.61,-0.006262915022634874,0.0,0.003846240711207911,ranging,0.214491442401331,0.5076912253511363,0.27781733224753274,0.2552472858866104,0.47913148371531966,0.26562123039806995,3
1788958800000,2511.61,2502.52,-0.003556415133545432,1.0,0.003956621332120072,ranging,0.21228588586404185,0.5169120338412521,0.2708020802947061,0.2552472858866104,0.47913148371531966,0.26562123039806995,3
1788962400000,2502.52,2499.39,-0.007185753323810995,0.0,0.004007143806195649,ranging,0.21828036713628152,0.509121143602369,0.2725984892613494,0.2552472858866104,0.47913148371531966,0.26562123039806995,3
1788966000000,2499.4,2490.26,-0.009946752547926874,0.0,0.004459614574122932,ranging,0.21168872577129713,0.48544221640536755,0.30286905782333534,0.2552472858866104,0.47913148371531966,0.26562123039806995,3
1788969600000,2490.26,2495.88,-0.009639886533006403,0.0,0.00438227333679103,ranging,0.2126319869718262,0.526406394291511,0.26096161873666285,0.2552472858866104,0.47913148371531966,0.26562123039806995,3
1788973200000,2495.88,2493.62,-0.012724472854725222,0.0,0.004266120536345607,ranging,0.20384973106840587,0.5420300075162843,0.25412026141530986,0.2552472858866104,0.47913148371531966,0.26562123039806995,3
1788976800000,2493.61,2481.43,-0.012516976098459365,0.0,0.004229389775652048,ranging,0.21653981464268326,0.5306431262380558,0.252817059119261,0.2552472858866104,0.47913148371531966,0.26562123039806995,3
1788980400000,2481.43,2465.49,0.0010707810617769375,1.0,0.004342751650148692,ranging,0.2422358086740166,0.4839411818861221,0.27382300943986143,0.2552472858866104,0.47913148371531966,0.26562123039806995,3
1788984000000,2465.49,2471.82,-0.002755054979731497,1.0,0.004347321290068113,ranging,0.2335155562199104,0.4764997403960175,0.28998470338407206,0.2552472858866104,0.47913148371531966,0.26562123039806995,3
1788987600000,2471.82,2461.89,0.0007473932628996316,1.0,0.004328304799675108,ranging,0.22608881799619276,0.5050610061263702,0.26885017587743704,0.2552472858866104,0.47913148371531966,0.26562123039806995,3
1788991200000,2461.89,2450.37,0.009994409007619387,2.0,0.004405676750349013,ranging,0.21245512864390823,0.5021918156444058,0.2853530557116859,0.2552472858866104,0.47913148371531966,0.26562123039806995,3
1788994800000,2450.36,2468.13,0.0029496015201790904,1.0,0.004389384322884859,ranging,0.2168906096434876,0.5306691256677526,0.2524402646887599,0.2552472858866104,0.47913148371531966,0.26562123039806995,3
1788998400000,2468.14,2465.01,0.005545616447803381,2.0,0.0042296677056350195,ranging,0.2251480918317986,0.5287066788885411,0.24614522927966037,0.2552472858866104,0.47913148371531966,0.26562123039806995,3
1789002000000,2465.0,2463.73,0.007468350833898185,2.0,0.00434916196997108,ranging,0.21760737435236918,0.521633915442773,0.2607587102048578,0.2552472858866104,0.47913148371531966,0.26562123039806995,3
1789005600000,2463.73,2474.86,0.0021981041351835096,1.0,0.00430382470880313,low_liquidity,0.20046553252895583,0.5796315896969633,0.21990287777408085,0.2552472858866104,0.47913148371531966,0.26562123039806995,3
1789009200000,2474.86,2475.41,-0.0009856952989606427,1.0,0.004123118624642574,ranging,0.22356380771943182,0.5417316586750539,0.23470453360551427,0.2552472858866104,0.47913148371531966,0.26562123039806995,3
1789012800000,2475.4,2478.68,-0.003001597624542107,1.0,0.003937675294054674,ranging,0.19887816263066604,0.5702984637819645,0.2308233735873694,0.2552472858866104,0.47913148371531966,0.26562123039806995,3
1789016400000,2478.68,2482.13,-0.005410675508535134,0.0,0.0038219214077159754,ranging,0.21319752772380335,0.5542284732419471,0.23257399903424938,0.2552472858866104,0.47913148371531966,0.26562123039806995,3
1789020000000,2482.12,2480.3,-0.006487118493730626,0.0,0.003772025710845544,ranging,0.21713744156877093,0.5496794456165389,0.23318311281469006,0.2552472858866104,0.47913148371531966,0.26562123039806995,3
1789023600000,2480.31,2472.97,-0.004351043482128669,0.0,0.003793726913038993,ranging,0.21453733970342018,0.5160500692310664,0.26941259106551335,0.2552472858866104,0.47913148371531966,0.26562123039806995,3
1789027200000,2472.96,2471.24,-0.022822550622359494,0.0,0.003631347795721825,ranging,0.19396479540290704,0.5447693438762838,0.2612658607208091,0.2552472858866104,0.47913148371531966,0.26562123039806995,3
1789030800000,2471.25,2468.7,-0.013476728642605407,0.0,0.0036035482829914747,ranging,0.20230459678955534,0.5255686441967622,0.27212675901368244,0.2552472858866104,0.47913148371531966,0.26562123039806995,3
1789034400000,2468.7,2464.21,-0.008160830448703638,0.0,0.003508775498634848,ranging,0.20296216431883504,0.5252447735048165,0.27179306217634863,0.2552472858866104,0.47913148371531966,0.26562123039806995,3
1789038000000,2464.2,2462.21,-0.008394897267089307,0.0,0.0034670558948895116,ranging,0.20409300889860363,0.5119818846579958,0.2839251064434006,0.2552472858866104,0.47913148371531966,0.26562123039806995,3
1789041600000,2462.21,2414.84,0.01405476139205919,2.0,0.004325044192056103,ranging,0.19977996382939825,0.48501351732340037,0.3152065188472014,0.2552472858866104,0.47913148371531966,0.26562123039806995,3
1789045200000,2414.84,2435.43,0.012585046583149628,2.0,0.004528556890736279,trending,0.1953085829456032,0.4869792872720954,0.31771212978230146,0.2552472858866104,0.47913148371531966,0.26562123039806995,3
1789048800000,2435.42,2444.1,0.009979133423345887,2.0,0.004500364814663772,trending,0.20853406334988053,0.5019914658991486,0.28947447075097094,0.2552472858866104,0.47913148371531966,0.26562123039806995,3
1789052400000,2444.11,2441.54,0.008601128795760138,2.0,0.004396038137690508,trending,0.22532232526805276,0.5197996367081862,0.254878038023761,0.2552472858866104,0.47913148371531966,0.26562123039806995,3
1789056000000,2441.54,2448.78,0.005312849663914099,2.0,0.004383242104554091,trending,0.22275799195458526,0.5180779045354087,0.259164103510006,0.2552472858866104,0.47913148371531966,0.26562123039806995,3
1789059600000,2448.79,2466.08,-0.002355965743203736,1.0,0.004526986229454664,trending,0.20686154613751304,0.5315467259557893,0.2615917279066976,0.2552472858866104,0.47913148371531966,0.26562123039806995,3
1789063200000,2466.09,2468.49,-0.009483530417380592,0.0,0.004445541103194269,trending,0.22079298034739306,0.5340593882337108,0.24514763141889606,0.2552472858866104,0.47913148371531966,0.26562123039806995,3
1789066800000,2468.49,2462.54,-0.00985567747122884,0.0,0.004340554840928247,trending,0.21111348639467586,0.5376187928508872,0.251267720754437,0.2552472858866104,0.47913148371531966,0.26562123039806995,3
1789070400000,2462.55,2461.79,-0.002022918283037911,1.0,0.00417345186498247,trending,0.20761974303497532,0.5524075396944006,0.2399727172706241,0.2552472858866104,0.47913148371531966,0.26562123039806995,3
1789074000000,2461.79,2460.27,-0.0023818523983140105,1.0,0.003969195798691013,low_liquidity,0.17352115282031033,0.60357120976503,0.22290763741465972,0.2552472858866104,0.47913148371531966,0.26562123039806995,3
1789077600000,2460.27,2445.08,0.00074844176877642,1.0,0.004031618408027312,ranging,0.1880236429134156,0.520150122864128,0.2918262342224564,0.2552472858866104,0.47913148371531966,0.26562123039806995,3
1789081200000,2445.08,2438.27,0.003691141670118636,1.0,0.003989807292591304,trending,0.204643735468859,0.5187847656389545,0.2765714988921865,0.2552472858866104,0.47913148371531966,0.26562123039806995,3
1789084800000,2438.27,2456.81,0.0009117514174885599,1.0,0.004041272932757336,ranging,0.18960963941738634,0.5306332798184363,0.2797570807641772,0.2552472858866104,0.47913148371531966,0.26562123039806995,3
1789088400000,2456.81,2454.41,0.005879213334365696,2.0,0.003996721842405482,ranging,0.2017945904449402,0.5352846235421556,0.2629207860129043,0.2552472858866104,0.47913148371531966,0.26562123039806995,3
1789092000000,2454.41,2446.91,0.008222615461950022,2.0,0.0039089744892199215,ranging,0.20321443434093234,0.5344996392614662,0.2622859263976015,0.2552472858866104,0.47913148371531966,0.26562123039806995,3
1789095600000,2446.91,2447.27,0.00827452630890746,2.0,0.00377598052338269,ranging,0.1989787255679296,0.5196624524354961,0.28135882199657425,0.2552472858866104,0.47913148371531966,0.26562123039806995,3
1789099200000,2447.27,2459.05,0.007185701795408672,2.0,0.0038030066814700204,ranging,0.20096877382040232,0.5411400677642658,0.2578911584153319,0.2552472858866104,0.47913148371531966,0.26562123039806995,3
1789102800000,2459.06,2468.84,0.00027543299687304845,1.0,0.0037136927967586593,ranging,0.1998059379429029,0.5600534335237469,0.2401406285333502,0.2552472858866104,0.47913148371531966,0.26562123039806995,3
1789106400000,2468.84,2467.03,-0.00198214046849865,1.0,0.0035848968544752616,ranging,0.19916532358254474,0.5490512926937856,0.25178338372366965,0.2552472858866104,0.47913148371531966,0.26562123039806995,3
1789110000000,2467.04,2467.52,-0.0037487031513422364,0.0,0.0034539197577686228,ranging,0.19498964953075063,0.5411163728800404,0.263893977589209,0.2552472858866104,0.47913148371531966,0.26562123039806995,3
1789113600000,2467.53,2476.72,0.013929713492037754,2.0,0.003559373718032605,ranging,0.19513909769662802,0.543282538523813,0.261578363779559,0.2552472858866104,0.47913148371531966,0.26562123039806995,3
1789117200000,2476.71,2469.52,0.06483041238783249,2.0,0.003585498308926264,ranging,0.20531597754104522,0.5527333700314663,0.24195065242748853,0.2552472858866104,0.47913148371531966,0.26562123039806995,3
1789120800000,2469.52,2462.14,0.05921271739218725,2.0,0.0035679176068140117,ranging,0.1931094351730438,0.5553447552116206,0.2515458096153356,0.2552472858866104,0.47913148371531966,0.26562123039806995,3
1789124400000,2462.14,2458.27,0.04114682276560355,2.0,0.003486170138632154,ranging,0.1856493399592252,0.5576071019964299,0.2567435580443449,0.2552472858866104,0.47913148371531966,0.26562123039806995,3
1789128000000,2458.27,2511.22,0.026505045356440382,2.0,0.004559460486110862,ranging,0.20050998307556162,0.5161423726963997,0.28334764422803876,0.2552472858866104,0.47913148371531966,0.26562123039806995,3
1789131600000,2511.22,2629.62,-0.023919805903514613,0.0,0.006608763371163547,abnormal,0.1680440851664676,0.5073529327528863,0.3246029820806461,0.2552472858866104,0.47913148371531966,0.26562123039806995,3
1789135200000,2629.63,2607.93,-0.02708278212988835,0.0,0.007388535635789631,high_volatility,0.15883421266978667,0.61998819696604,0.2211775903641733,0.2552472858866104,0.47913148371531966,0.26562123039806995,3
1789138800000,2607.94,2559.42,-0.007786920474170067,1.0,0.008213194189877369,high_volatility,0.17039494990738696,0.6080783296487163,0.2215267204438967,0.2552472858866104,0.47913148371531966,0.26562123039806995,3
1789142400000,2559.43,2577.78,-0.018205587753803765,0.0,0.008234914626287714,high_volatility,0.16244802401622663,0.574033838968898,0.26351813701487525,0.2552472858866104,0.47913148371531966,0.26562123039806995,3
1789146000000,2577.78,2566.72,-0.019491802767734545,0.0,0.007995734882584317,high_volatility,0.15723692317903976,0.5935807588584822,0.24918231796247806,0.2552472858866104,0.47913148371531966,0.26562123039806995,3
1789149600000,2566.72,2537.3,-0.010053994403499855,0.0,0.008175691941708243,high_volatility,0.18270004576537505,0.5708300867443925,0.2464698674902325,0.2552472858866104,0.47913148371531966,0.26562123039806995,3
1789153200000,2537.31,2539.49,-0.009080563420214238,0.0,0.007845061722968345,high_volatility,0.14438273138186325,0.6042771468721533,0.2513401217459834,0.2552472858866104,0.47913148371531966,0.26562123039806995,3
1789156800000,2539.49,2530.85,-0.007934093288816002,0.0,0.007729529755197754,high_volatility,0.14269933453532382,0.5973097499783612,0.25999091548631503,0.2552472858866104,0.47913148371531966,0.26562123039806995,3
1789160400000,2530.85,2516.69,-0.0011840949819008628,1.0,0.007680486357427787,high_volatility,0.14403931741900114,0.570991762706276,0.28496891987472284,0.2552472858866104,0.47913148371531966,0.26562123039806995,3
1789164000000,2516.68,2511.79,0.0010948367498875289,1.0,0.007443361158529915,high_volatility,0.14243087341429517,0.5802475433311723,0.27732158325453243,0.2552472858866104,0.47913148371531966,0.26562123039806995,3
1789167600000,2511.79,2516.43,-0.0012477994619360944,1.0,0.007024125493456728,high_volatility,0.14804566362565763,0.5701625209063025,0.2817918154680399,0.2552472858866104,0.47913148371531966,0.26562123039806995,3
1789171200000,2516.44,2510.77,0.0007487742803999886,1.0,0.006656249491518845,high_volatility,0.15005377168989145,0.5731381095342678,0.2768081187758408,0.2552472858866104,0.47913148371531966,0.26562123039806995,3
1789174800000,2510.76,2513.71,-0.0007996149118236762,1.0,0.006304342697949305,high_volatility,0.15800714543911587,0.572269742171607,0.26972311238927704,0.2552472858866104,0.47913148371531966,0.26562123039806995,3
1789178400000,2513.71,2514.54,0.002024227095214215,1.0,0.005916355069839753,high_volatility,0.1615105386710282,0.5768785454325327,0.26161091589643914,0.2552472858866104,0.47913148371531966,0.26562123039806995,3
1789182000000,2514.53,2513.29,0.004336944801435649,1.0,0.005611081468203401,high_volatility,0.1704559733335756,0.5755638337158077,0.2539801929506168,0.2552472858866104,0.47913148371531966,0.26562123039806995,3
1789185600000,2513.29,2512.65,0.008206475235309263,2.0,0.005299117160364898,ranging,0.17274586881226284,0.5585237047057822,0.26873042648195505,0.2552472858866104,0.47913148371531966,0.26562123039806995,3
1789189200000,2512.65,2511.7,0.007648206394075707,2.0,0.004997547123145999,ranging,0.17928254738883545,0.5366005285807866,0.28411692403037797,0.2552472858866104,0.47913148371531966,0.26562123039806995,3
1789192800000,2511.7,2519.63,0.005473025801407294,2.0,0.004834848439189067,ranging,0.19592017769782835,0.5312515730310468,0.2728282492711249,0.2552472858866104,0.47913148371531966,0.26562123039806995,3
1789196400000,2519.63,2524.19,0.004746076959341483,2.0,0.004579358109414487,ranging,0.19936595939019355,0.542325455958019,0.2583085846517874,0.2552472858866104,0.47913148371531966,0.26562123039806995,3
1789200000000,2524.19,2533.27,0.0008960750334547907,1.0,0.004463547941160145,ranging,0.21074070162123568,0.528743083482662,0.2605162148961023,0.2552472858866104,0.47913148371531966,0.26562123039806995,3
1789203600000,2533.28,2530.91,0.005401219324274731,2.0,0.004280838490270182,ranging,0.20817187768046252,0.5408071810073999,0.25102094131213765,0.2552472858866104,0.47913148371531966,0.26562123039806995,3
1789207200000,2530.91,2533.42,0.002538071065989689,1.0,0.004059262077810294,ranging,0.18674224549566876,0.580363047977784,0.23289470652654728,0.2552472858866104,0.47913148371531966,0.26562123039806995,3
1789210800000,2533.42,2536.17,-0.0004297819152502269,1.0,0.0038774328594230094,low_liquidity,0.20331546713032753,0.5662354772148862,0.23044905565478635,0.2552472858866104,0.47913148371531966,0.26562123039806995,3
1789214400000,2536.17,2535.54,-0.0014829188259699588,1.0,0.003687064002034983,ranging,0.2023343102933971,0.5570287808230016,0.2406369088836013,0.2552472858866104,0.47913148371531966,0.26562123039806995,3
1789218000000,2535.53,2544.58,-0.007337163696955917,0.0,0.0036212284647693,ranging,0.21713025880205658,0.5277977187769267,0.2550720224210168,0.2552472858866104,0.47913148371531966,0.26562123039806995,3
1789221600000,2544.57,2539.85,-0.006878358958206099,0.0,0.00347884919664757,ranging,0.19711185246874327,0.5152375872791481,0.2876505602521086,0.2552472858866104,0.47913148371531966,0.26562123039806995,3
1789225200000,2539.85,2535.08,-0.006094482225412978,0.0,0.0034120877762485163,ranging,0.2105912994368306,0.5239269960584437,0.26548170450472564,0.2552472858866104,0.47913148371531966,0.26562123039806995,3
1789228800000,2535.09,2531.78,-0.004328970131685983,0.0,0.003280834072627528,ranging,0.21091721225960705,0.5192322997940726,0.26985048794632044,0.2552472858866104,0.47913148371531966,0.26562123039806995,3
1789232400000,2531.78,2525.91,-0.0007561631253686363,1.0,0.0032200149408433847,ranging,0.21666855556944553,0.5138122715349889,0.2695191728955656,0.2552472858866104,0.47913148371531966,0.26562123039806995,3
1789236000000,2525.9,2522.38,0.000245799601963137,1.0,0.003119080369954864,ranging,0.2184224002365477,0.5009666628041094,0.28061093695934297,0.2552472858866104,0.47913148371531966,0.26562123039806995,3
1789239600000,2522.38,2519.63,0.002500367117394209,1.0,0.0030339935757678687,ranging,0.2278153808725628,0.49751622707906007,0.27466839204837706,0.2552472858866104,0.47913148371531966,0.26562123039806995,3
1789243200000,2519.62,2520.82,0.0017494307407905918,1.0,0.00289432565687401,ranging,0.21504368473630872,0.5126288642987221,0.2723274509649692,0.2552472858866104,0.47913148371531966,0.26562123039806995,3
1789246800000,2520.83,2524.0,0.0007725832012677181,1.0,0.0028399072342849964,ranging,0.20671099631825698,0.5117284896279244,0.2815605140538187,0.2552472858866104,0.47913148371531966,0.26562123039806995,3
1789250400000,2524.0,2523.0,-0.0005112960760998986,1.0,0.0027330569098963646,ranging,0.19941950976861048,0.5148758668725498,0.2857046233588397,0.2552472858866104,0.47913148371531966,0.26562123039806995,3
1789254000000,2522.99,2525.93,-0.00202301726492804,1.0,0.002616844760082449,low_liquidity,0.1822403227483205,0.5451158163452284,0.2726438609064511,0.2552472858866104,0.47913148371531966,0.26562123039806995,3
1789257600000,2525.92,2525.23,-0.0020592183682277554,1.0,0.0025,low_liquidity,0.1789233457825269,0.5438090395870936,0.2772676146303796,0.2552472858866104,0.47913148371531966,0.26562123039806995,3
1789261200000,2525.22,2525.95,-0.0013579049466536652,1.0,0.0025,ranging,0.2052695532086401,0.5119016886112029,0.28282875818015696,0.2552472858866104,0.47913148371531966,0.26562123039806995,3
1789264800000,2525.95,2521.71,-0.003378659719000199,0.0,0.0025,ranging,0.20068980693239077,0.5098229135811063,0.28948727948650294,0.2552472858866104,0.47913148371531966,0.26562123039806995,3
1789268400000,2521.72,2520.82,-0.0011424853817408875,1.0,0.0025,ranging,0.18060291918797702,0.5279209243692112,0.2914761564428116,0.2552472858866104,0.47913148371531966,0.26562123039806995,3
1789272000000,2520.81,2520.03,-0.010214164117093971,0.0,0.0025,ranging,0.17951089335671352,0.49276312790391325,0.3277259787393733,0.2552472858866104,0.47913148371531966,0.26562123039806995,3
1789275600000,2520.04,2522.52,-0.0148026576598006,0.0,0.0025,ranging,0.1720501437199819,0.4914490905470371,0.336500765732981,0.2552472858866104,0.47913148371531966,0.26562123039806995,3
1789279200000,2522.52,2513.19,-0.016317906724123588,0.0,0.0025,ranging,0.20318985999352918,0.48199620368384416,0.31481393632262655,0.2552472858866104,0.47913148371531966,0.26562123039806995,3
1789282800000,2513.19,2517.94,-0.014650865389961631,0.0,0.0025,ranging,0.20705936328471322,0.4936473292066057,0.29929330750868105,0.2552472858866104,0.47913148371531966,0.26562123039806995,3
1789286400000,2517.94,2494.29,-0.006707319517778587,0.0,0.0025341139634189156,ranging,0.21199140788811338,0.4564698040561654,0.3315387880557212,0.2552472858866104,0.47913148371531966,0.26562123039806995,3
1789290000000,2494.3,2485.18,-0.0024545505758133412,1.0,0.0028197611593414377,ranging,0.23776631947475008,0.44037284647474334,0.3218608340505067,0.2552472858866104,0.47913148371531966,0.26562123039806995,3
1789293600000,2485.18,2472.18,0.008324636555590681,2.0,0.0029452022822436057,ranging,0.1980519961900287,0.47901434290912653,0.32293366090084485,0.2552472858866104,0.47913148371531966,0.26562123039806995,3
1789297200000,2472.19,2481.05,0.0040507043388886554,2.0,0.002977941721549945,ranging,0.2137614300111618,0.47779199834773517,0.3084465716411032,0.2552472858866104,0.47913148371531966,0.26562123039806995,3
1789300800000,2481.06,2477.56,0.010909927509323847,2.0,0.002912874245146416,ranging,0.21610621072930314,0.4705051450872238,0.31338864418347295,0.2552472858866104,0.47913148371531966,0.26562123039806995,3
1789304400000,2477.56,2479.08,0.010411120254287809,2.0,0.0030741435559177607,trending,0.2275113913958058,0.48937752743564966,0.2831110811685445,0.2552472858866104,0.47913148371531966,0.26562123039806995,3
1789308000000,2479.08,2492.76,0.006711436319581265,2.0,0.0031294520785296966,trending,0.2274245319068433,0.47994460653298343,0.29263086156017326,0.2552472858866104,0.47913148371531966,0.26562123039806995,3
1789311600000,2492.76,2491.1,0.005989321986271223,2.0,0.0030797252081003743,trending,0.2431465555907116,0.4706010006791087,0.2862524437301796,0.2552472858866104,0.47913148371531966,0.26562123039806995,3
1789315200000,2491.1,2504.59,0.0032979449730294874,2.0,0.0031039224856501957,trending,0.25008684505630463,0.4945623127021046,0.25535084224159077,0.2552472858866104,0.47913148371531966,0.26562123039806995,3
1789318800000,2504.6,2504.89,0.0016248218484644639,1.0,0.0030538179275152073,trending,0.21733579438033435,0.5197149754223491,0.2629492301973165,0.2552472858866104,0.47913148371531966,0.26562123039806995,3
1789322400000,2504.89,2509.49,-0.013516690642321638,0.0,0.0029204913533909956,trending,0.20373816967102074,0.5498513456292226,0.24641048469975668,0.2552472858866104,0.47913148371531966,0.26562123039806995,3
1789326000000,2509.48,2506.02,-0.01154021117149906,0.0,0.0029237672827681018,ranging,0.20890924426052343,0.5201764923967054,0.2709142633427711,0.2552472858866104,0.47913148371531966,0.26562123039806995,3
1789329600000,2506.03,2512.85,-0.011313846827307628,0.0,0.0028641141878604725,low_liquidity,0.18905341790500635,0.5791511136288235,0.23179546846617008,0.2552472858866104,0.47913148371531966,0.26562123039806995,3
1789333200000,2512.86,2508.96,-0.006138001402971827,0.0,0.0027994570710159748,ranging,0.1947424392495269,0.5594081404430704,0.24584942030740262,0.2552472858866104,0.47913148371531966,0.26562123039806995,3
1789336800000,2508.95,2475.57,0.014481513348440833,2.0,0.0032664464451664845,ranging,0.22980386635330557,0.4520769421874001,0.31811919145929435,0.2552472858866104,0.47913148371531966,0.26562123039806995,3
1789340400000,2475.56,2477.1,0.014476605708287904,2.0,0.003223646278234068,ranging,0.20857551139697816,0.48013029682225755,0.31129419178076423,0.2552472858866104,0.47913148371531966,0.26562123039806995,3
1789344000000,2477.1,2484.42,0.012296632614453129,2.0,0.0034489459611032223,ranging,0.2038324435663081,0.4799179202282136,0.3162496362054783,0.2552472858866104,0.47913148371531966,0.26562123039806995,3
1789347600000,2484.41,2493.56,0.009111471149681583,2.0,0.0035736111715462715,ranging,0.2138207173261948,0.5123240340557405,0.2738552486180648,0.2552472858866104,0.47913148371531966,0.26562123039806995,3
1789351200000,2493.56,2511.42,0.0013139976586948876,1.0,0.003683834539480001,ranging,0.20852112853333757,0.533227865781384,0.2582510056852783,0.2552472858866104,0.47913148371531966,0.26562123039806995,3
1789354800000,2511.42,2512.96,0.004182318859034639,2.0,0.0036456019028451134,ranging,0.20433091019918237,0.5343773684925341,0.2612917213082836,0.2552472858866104,0.47913148371531966,0.26562123039806995,3
1789358400000,2512.96,2514.97,0.0014592619395061845,1.0,0.003503486064050111,ranging,0.20483797172031837,0.5211452213663152,0.2740168069133665,0.2552472858866104,0.47913148371531966,0.26562123039806995,3
1789362000000,2514.98,2516.28,0.0030441763237794017,1.0,0.003359866563355244,ranging,0.19682395432088734,0.5361555636263386,0.2670204820527739,0.2552472858866104,0.47913148371531966,0.26562123039806995,3
1789365600000,2516.29,2514.72,-0.0006163708086783792,1.0,0.0034456192074923974,ranging,0.2069185318345251,0.5045479947726323,0.2885334733928425,0.2552472858866104,0.47913148371531966,0.26562123039806995,3
1789369200000,2514.73,2523.47,-0.00565094889180362,0.0,0.003445878037980824,ranging,0.21636083066148448,0.5021108910003539,0.2815282783381616,0.2552472858866104,0.47913148371531966,0.26562123039806995,3
1789372800000,2523.48,2518.64,-0.005149604548486453,0.0,0.0034925994097309053,ranging,0.20636093977910935,0.4909198705733749,0.3027191896475157,0.2552472858866104,0.47913148371531966,0.26562123039806995,3
1789376400000,2518.65,2523.94,-0.009231598215488579,0.0,0.003639768647013924,ranging,0.20600260335720982,0.5083686684448588,0.2856287281979313,0.2552472858866104,0.47913148371531966,0.26562123039806995,3
1789380000000,2523.93,2513.17,-0.004548040920431262,0.0,0.0036065791077255337,ranging,0.20233199618203296,0.515096548553723,0.28257145526424404,0.2552472858866104,0.47913148371531966,0.26562123039806995,3
1789383600000,2513.18,2509.21,-0.0002909282204359709,1.0,0.0035368361074975103,ranging,0.20305177838648086,0.5025218764851518,0.29442634512836735,0.2552472858866104,0.47913148371531966,0.26562123039806995,3
1789387200000,2509.21,2505.67,0.00933083766018683,2.0,0.0036169008369252723,ranging,0.20074693991539455,0.48935309965179197,0.3098999604328133,0.2552472858866104,0.47913148371531966,0.26562123039806995,3
1789390800000,2505.68,2500.64,0.0130886493057778,2.0,0.003878260849815619,ranging,0.20644895733173899,0.47819519197234533,0.31535585069591576,0.2552472858866104,0.47913148371531966,0.26562123039806995,3
1789394400000,2500.63,2501.74,0.014837672979606253,2.0,0.003993670255481559,ranging,0.20638473833722154,0.49041784092834195,0.30319742073443656,0.2552472858866104,0.47913148371531966,0.26562123039806995,3
1789398000000,2501.75,2508.48,0.012565378237020086,2.0,0.0039859829778628,ranging,0.2155417897457515,0.4976726332558791,0.2867855769983693,0.2552472858866104,0.47913148371531966,0.26562123039806995,3
1789401600000,2508.49,2529.05,0.01644491014412508,2.0,0.004233940512502453,ranging,0.19433296112436851,0.49643553167737275,0.30923150719825865,0.2552472858866104,0.47913148371531966,0.26562123039806995,3
1789405200000,2529.04,2533.37,0.0054315003335478895,2.0,0.004140166043392125,ranging,0.21736302554934844,0.5029191552082928,0.27971781924235867,0.2552472858866104,0.47913148371531966,0.26562123039806995,3
1789408800000,2533.37,2538.86,-0.0022017756000725086,1.0,0.004087308078696957,ranging,0.2228231468746946,0.49402511541836314,0.28315173770694235,0.2552472858866104,0.47913148371531966,0.26562123039806995,3
1789412400000,2538.86,2540.0,-0.00954724409448815,0.0,0.004047591081351163,ranging,0.241156199828297,0.48571816695933595,0.273125633212367,0.2552472858866104,0.47913148371531966,0.26562123039806995,3
1789416000000,2540.01,2570.64,-0.021282637786699032,0.0,0.004964062798875416,high_volatility,0.2287542262352348,0.5281380969704038,0.24310767679436132,0.2552472858866104,0.47913148371531966,0.26562123039806995,3
1789419600000,2570.64,2547.13,-0.012472861612874087,0.0,0.005218384139710022,high_volatility,0.2050904406423552,0.5607509785010985,0.2341585808565464,0.2552472858866104,0.47913148371531966,0.26562123039806995,3
1789423200000,2547.14,2533.27,-0.00817125691300169,0.0,0.005277671499657833,high_volatility,0.19120658192098167,0.5716103444505037,0.23718307362851462,0.2552472858866104,0.47913148371531966,0.26562123039806995,3
1789426800000,2533.27,2515.75,-0.006809102653284382,0.0,0.005296829103482251,high_volatility,0.19520632338168803,0.545961068308572,0.2588326083097398,0.2552472858866104,0.47913148371531966,0.26562123039806995,3
1789430400000,2515.72,2515.93,-0.010020151594042792,0.0,0.005099718071366709,high_volatility,0.17920155527781734,0.5709413532668012,0.2498570914553814,0.2552472858866104,0.47913148371531966,0.26562123039806995,3
1789434000000,2515.93,2515.36,-0.00748600597926341,0.0,0.004937746426947615,trending,0.1878858324639324,0.5513910851947974,0.2607230823412701,0.2552472858866104,0.47913148371531966,0.26562123039806995,3
1789437600000,2515.36,2512.57,-0.010554929812900737,0.0,0.0047682176326666785,trending,0.18753681025946659,0.5654499452338939,0.24701324450663953,0.2552472858866104,0.47913148371531966,0.26562123039806995,3
1789441200000,2512.58,2498.62,-0.009733372821797537,0.0,0.0047367360355779565,ranging,0.2000399756179149,0.5267203333083423,0.27323969107374274,0.2552472858866104,0.47913148371531966,0.26562123039806995,3
1789444800000,2498.63,2490.72,-0.0053639108370269195,0.0,0.004594051522445755,ranging,0.20164446899139152,0.5196977035048511,0.2786578275037574,0.2552472858866104,0.47913148371531966,0.26562123039806995,3
1789448400000,2490.71,2496.53,-0.008892342571489298,0.0,0.004578710910853386,ranging,0.20327788751066458,0.5255837076577954,0.2711384048315401,0.2552472858866104,0.47913148371531966,0.26562123039806995,3
1789452000000,2496.53,2486.05,-0.0009533195229380897,1.0,0.0046022967861681485,ranging,0.21393693928717727,0.4960008327192227,0.2900622279936,0.2552472858866104,0.47913148371531966,0.26562123039806995,3
1789455600000,2486.06,2474.3,0.0008527664389927914,1.0,0.0045547086630069455,ranging,0.20113854311000065,0.5103008475329487,0.2885606093570507,0.2552472858866104,0.47913148371531966,0.26562123039806995,3
1789459200000,2474.29,2477.36,0.0007386895727710119,1.0,0.004431396538002871,ranging,0.20936583288808835,0.5191223121397424,0.27151185497216923,0.2552472858866104,0.47913148371531966,0.26562123039806995,3
1789462800000,2477.37,2474.33,-0.00820019965000629,0.0,0.004246348329101166,ranging,0.20063227988603582,0.5383204833627798,0.26104723675118435,0.2552472858866104,0.47913148371531966,0.26562123039806995,3
1789466400000,2474.34,2483.68,-0.03031388906783483,0.0,0.004175465202409429,ranging,0.21864807076447443,0.5313942610155687,0.2499576682199569,0.2552472858866104,0.47913148371531966,0.26562123039806995,3
1789470000000,2483.68,2476.41,-0.020977947916540396,0.0,0.004158922229614737,ranging,0.1793604639477043,0.5625744844671519,0.25806505158514387,0.2552472858866104,0.47913148371531966,0.26562123039806995,3
1789473600000,2476.41,2479.19,-0.022930876616959583,0.0,0.0040471615954727974,ranging,0.1871412528750338,0.5639117395168302,0.2489470076081361,0.2552472858866104,0.47913148371531966,0.26562123039806995,3
1789477200000,2479.18,2454.04,-0.005228113641179366,0.0,0.004730039131579022,ranging,0.1820928371652968,0.5010931361038617,0.3168140267308414,0.2552472858866104,0.47913148371531966,0.26562123039806995,3
1789480800000,2454.05,2408.39,-0.0021798795045653296,1.0,0.005690469210788195,high_volatility,0.16311910413325958,0.5328229390376801,0.3040579568290603,0.2552472858866104,0.47913148371531966,0.26562123039806995,3
1789484400000,2408.38,2424.46,-0.003221335885104315,1.0,0.005854773518150501,high_volatility,0.16010334161508516,0.5569811397436989,0.28291551864121595,0.2552472858866104,0.47913148371531966,0.26562123039806995,3
1789488000000,2424.47,2422.34,-0.0059364085966462365,0.0,0.005670981502230935,high_volatility,0.1578880062927523,0.5817461745605381,0.26036581914670964,0.2552472858866104,0.47913148371531966,0.26562123039806995,3
1789491600000,2422.34,2441.21,-0.020637306909278674,0.0,0.005857036625206439,high_volatility,0.178843289281002,0.6162822055326033,0.20487450518639463,0.2552472858866104,0.47913148371531966,0.26562123039806995,3
1789495200000,2441.2,2403.14,-0.0025757966660285847,1.0,0.007094210459698049,high_volatility,0.16829079549953543,0.5321335611197188,0.29957564338074577,0.2552472858866104,0.47913148371531966,0.26562123039806995,3
1789498800000,2403.14,2416.65,-0.007609707653156161,0.0,0.006943110504610692,high_volatility,0.16236235516317704,0.5488191481832059,0.28881849665361714,0.2552472858866104,0.47913148371531966,0.26562123039806995,3
1789502400000,2416.66,2407.96,-0.0036586986494792084,1.0,0.006879441637989259,high_volatility,0.16753904520093005,0.5431179908205349,0.28934296397853493,0.2552472858866104,0.47913148371531966,0.26562123039806995,3
1789506000000,2407.97,2390.83,7.110501374008038e-05,1.0,0.006748596683577431,high_volatility,0.17225382696140823,0.537072227846711,0.2906739451918808,0.2552472858866104,0.47913148371531966,0.26562123039806995,3
1789509600000,2390.83,2396.95,0.002524040968731267,1.0,0.006617806447984985,high_volatility,0.1749804809429534,0.5578194628147194,0.2672000562423272,0.2552472858866104,0.47913148371531966,0.26562123039806995,3
1789513200000,2396.94,2398.26,0.0015427851859264319,1.0,0.006430708845802164,high_volatility,0.16760341486800504,0.5679851833783829,0.26441140175361205,0.2552472858866104,0.47913148371531966,0.26562123039806995,3
1789516800000,2398.26,2399.15,0.001975699726986635,1.0,0.006122068630108147,high_volatility,0.1705394501078894,0.6132875286843202,0.2161730212077904,0.2552472858866104,0.47913148371531966,0.26562123039806995,3
1789520400000,2399.14,2391.0,0.006846507737348295,2.0,0.006009586317769357,high_volatility,0.16092172407009753,0.5738587746884842,0.2652195012414183,0.2552472858866104,0.47913148371531966,0.26562123039806995,3
1789524000000,2391.0,2403.0,0.0015688722430295954,1.0,0.005964448353701471,trending,0.1739511011259892,0.5724674562946924,0.25358144257931836,0.2552472858866104,0.47913148371531966,0.26562123039806995,3
1789527600000,2403.01,2401.96,-0.002081633332778221,1.0,0.005743862813264416,trending,0.18337702248790738,0.5965436207346401,0.22007935677745263,0.2552472858866104,0.47913148371531966,0.26562123039806995,3
1789531200000,2401.96,2403.89,-0.00038271301931458446,1.0,0.00548066655647815,trending,0.18554786731344775,0.5851945799630267,0.2292575527235255,0.2552472858866104,0.47913148371531966,0.26562123039806995,3
1789534800000,2403.88,2407.37,-0.0005981631406888344,1.0,0.005327685810949571,trending,0.18568671333734854,0.5768509777338378,0.23746230892881373,0.2552472858866104,0.47913148371531966,0.26562123039806995,3
1789538400000,2407.37,2406.77,-9.140881762681463e-05,1.0,0.005219391338337083,low_liquidity,0.169885466750624,0.5900475495421669,0.24006698370720914,0.2552472858866104,0.47913148371531966,0.26562123039806995,3
1789542000000,2406.77,2396.96,0.010701054669247645,2.0,0.005126206539825569,trending,0.18747778792747088,0.5350346734095358,0.2774875386629933,0.2552472858866104,0.47913148371531966,0.26562123039806995,3
1789545600000,2396.96,2402.97,0.0015813763800631708,1.0,0.005119469904805422,trending,0.19172287481059988,0.5267114643774703,0.28156566081192985,0.2552472858866104,0.47913148371531966,0.26562123039806995,3
1789549200000,2402.97,2405.93,-0.00495442510796229,0.0,0.004889203039482619,trending,0.19826736233135414,0.5334538018175237,0.2682788358511221,0.2552472858866104,0.47913148371531966,0.26562123039806995,3
1789552800000,2405.93,2406.55,-0.006698385655814487,0.0,0.004693382746913077,trending,0.21719932512896925,0.5503603113185174,0.23244036355251343,0.2552472858866104,0.47913148371531966,0.26562123039806995,3
1789556400000,2406.55,2422.61,-0.012321421937497079,0.0,0.004807070038529514,trending,0.2259392021938143,0.5397243937564306,0.23433640404975506,0.2552472858866104,0.47913148371531966,0.26562123039806995,3
1789560000000,2422.6,2406.77,-0.00611608088849358,0.0,0.004861510515829034,trending,0.21514780465376704,0.5368232335018273,0.24802896184440573,0.2552472858866104,0.47913148371531966,0.26562123039806995,3
1789563600000,2406.76,2394.01,-0.0013533778054395373,1.0,0.004838534199772527,trending,0.22029917218013798,0.5157620307852158,0.2639387970346462,0.2552472858866104,0.47913148371531966,0.26562123039806995,3
1789567200000,2394.01,2390.43,0.003187710997603066,1.0,0.004859839633597493,trending,0.21170442496172007,0.5044559478830495,0.28383962715523037,0.2552472858866104,0.47913148371531966,0.26562123039806995,3
1789570800000,2390.43,2392.76,0.006619970243567863,2.0,0.004833759935311581,trending,0.20979572461009088,0.5269725894139151,0.26323168597599406,0.2552472858866104,0.47913148371531966,0.26562123039806995,3
1789574400000,2392.76,2392.05,0.007938797265943265,2.0,0.004712704777928371,trending,0.20671382021124227,0.548478427803549,0.24480775198520868,0.2552472858866104,0.47913148371531966,0.26562123039806995,3
1789578000000,2392.06,2390.77,0.0059269607699612425,2.0,0.004827832845023821,trending,0.21967782394422813,0.5161370937985835,0.2641850822571884,0.2552472858866104,0.47913148371531966,0.26562123039806995,3
1789581600000,2390.77,2398.05,-0.002260169721231886,1.0,0.005569021648591523,trending,0.21865284083334338,0.4987958757663951,0.28255128340026153,0.2552472858866104,0.47913148371531966,0.26562123039806995,3
1789585200000,2398.07,2408.6,0.004010628580918496,1.0,0.005890923617076418,trending,0.21812576070621387,0.5414661090106913,0.24040813028309485,0.2552472858866104,0.47913148371531966,0.26562123039806995,3
1789588800000,2408.58,2411.04,0.0032600039816843562,1.0,0.005733904459521126,trending,0.21472826072372067,0.5647432907936509,0.22052844848262837,0.2552472858866104,0.47913148371531966,0.26562123039806995,3
1789592400000,2411.04,2404.94,0.00940979816544285,2.0,0.005579133815785412,trending,0.1956620196235404,0.5883850387095858,0.2159529416668739,0.2552472858866104,0.47913148371531966,0.26562123039806995,3
1789596000000,2404.94,2392.63,0.0152301024395749,2.0,0.0055139343682819595,trending,0.19737384053619328,0.5398777901816616,0.2627483692821451,0.2552472858866104,0.47913148371531966,0.26562123039806995,3
1789599600000,2392.61,2418.26,0.007360664279275175,2.0,0.005644272630456019,ranging,0.19725058657968345,0.5606170340702447,0.24213237935007179,0.2552472858866104,0.47913148371531966,0.26562123039806995,3
1789603200000,2418.26,2418.9,0.009636611682996454,2.0,0.0054519806378119165,ranging,0.19460316360467325,0.5734203174554265,0.23197651893990018,0.2552472858866104,0.47913148371531966,0.26562123039806995,3
1789606800000,2418.91,2427.57,0.003966929892855742,1.0,0.00560482138642,ranging,0.21176370245496107,0.5529642407736644,0.2352720567713746,0.2552472858866104,0.47913148371531966,0.26562123039806995,3
1789610400000,2427.58,2429.07,0.005146002379511572,1.0,0.005498731474815195,ranging,0.20190947363028375,0.5720453791639387,0.22604514720577754,0.2552472858866104,0.47913148371531966,0.26562123039806995,3
1789614000000,2429.08,2436.06,0.0034112460284230206,1.0,0.005267417986006718,ranging,0.20965617358918853,0.5439921663721644,0.24635166003864703,0.2552472858866104,0.47913148371531966,0.26562123039806995,3
1789617600000,2436.07,2442.21,0.0014085602794191576,1.0,0.005220877266518255,ranging,0.21504275751478505,0.5389121933362537,0.24604504914896122,0.2552472858866104,0.47913148371531966,0.26562123039806995,3
1789621200000,2442.21,2437.2,0.0007180370917445611,1.0,0.005040802756612562,ranging,0.20890375467380262,0.5604197544241456,0.23067649090205178,0.2552472858866104,0.47913148371531966,0.26562123039806995,3
1789624800000,2437.21,2441.57,-0.0024205736472844297,1.0,0.004863872081705321,ranging,0.2156185164140107,0.5553800796153513,0.2290014039706379,0.2552472858866104,0.47913148371531966,0.26562123039806995,3
1789628400000,2441.57,2444.37,-0.0007200219279404063,1.0,0.004740260098011827,ranging,0.24647970508926162,0.5108866791724146,0.24263361573832382,0.2552472858866104,0.47913148371531966,0.26562123039806995,3
1789632000000,2444.37,2445.65,0.0059002719113527835,2.0,0.004561987449585505,ranging,0.23011675496247735,0.5335217326058833,0.2363615124316393,0.2552472858866104,0.47913148371531966,0.26562123039806995,3
1789635600000,2445.66,2438.95,0.009659894626786292,2.0,0.0044459799702748085,ranging,0.2076481144073693,0.5376265981589049,0.2547252874337257,0.2552472858866104,0.47913148371531966,0.26562123039806995,3
1789639200000,2438.95,2435.66,0.010576188794823693,2.0,0.004287772895540276,ranging,0.20343688762048603,0.5377450754547387,0.2588180369247753,0.2552472858866104,0.47913148371531966,0.26562123039806995,3
1789642800000,2435.66,2442.61,0.011323952657198655,2.0,0.00423651749854726,ranging,0.20401091123253842,0.5363000983829923,0.25968899038446924,0.2552472858866104,0.47913148371531966,0.26562123039806995,3
1789646400000,2442.6,2460.08,0.004296608240382582,1.0,0.004614486407313252,ranging,0.23946576471837458,0.49791175850830555,0.2626224767733199,0.2552472858866104,0.47913148371531966,0.26562123039806995,3
1789650000000,2460.08,2462.51,0.00013807050529734965,1.0,0.004840011508923279,trending,0.2271606733592839,0.5341737344526162,0.23866559218809993,0.2552472858866104,0.47913148371531966,0.26562123039806995,3
1789653600000,2462.51,2461.42,-0.003806745699636793,1.0,0.005070519619653416,trending,0.2403306204579551,0.5199364294140817,0.23973295012796314,0.2552472858866104,0.47913148371531966,0.26562123039806995,3
1789657200000,2461.41,2470.27,-0.008630635517575036,0.0,0.005203272147483447,trending,0.2317856185445601,0.524578332397038,0.2436360490584019,0.2552472858866104,0.47913148371531966,0.26562123039806995,3
1789660800000,2470.27,2470.65,-0.006884827879303113,0.0,0.005153164787199756,trending,0.23638617296363565,0.5268628551405293,0.23675097189583502,0.2552472858866104,0.47913148371531966,0.26562123039806995,3
1789664400000,2470.64,2462.85,-0.006179832308098265,0.0,0.005095886750235235,trending,0.23998913690312568,0.5347303206540638,0.22528054244281046,0.2552472858866104,0.47913148371531966,0.26562123039806995,3
1789668000000,2462.85,2452.05,-0.0025244183438347667,1.0,0.004992535717245889,trending,0.2125497761464503,0.5447650110615019,0.24268521279204788,0.2552472858866104,0.47913148371531966,0.26562123039806995,3
1789671600000,2452.05,2448.95,-0.0006819249065924682,1.0,0.004823271596606888,trending,0.22098459808872242,0.5275891063563785,0.251426295554899,0.2552472858866104,0.47913148371531966,0.26562123039806995,3
1789675200000,2448.96,2453.64,-0.002160056079946404,1.0,0.004670011047570009,low_liquidity,0.20478977366670645,0.5629621788898361,0.23224804744345756,0.2552472858866104,0.47913148371531966,0.26562123039806995,3
1789678800000,2453.63,2447.63,0.004081499246209486,1.0,0.004493642444436796,low_liquidity,0.2033472403440211,0.5481185039730836,0.24853425568289528,0.2552472858866104,0.47913148371531966,0.26562123039806995,3
1789682400000,2447.63,2445.86,0.006954609012780777,2.0,0.0044096106053143755,trending,0.22024569751342776,0.5263885994040928,0.25336570308247947,0.2552472858866104,0.47913148371531966,0.26562123039806995,3
1789686000000,2445.86,2447.28,0.013141119937236434,2.0,0.004202764250704129,trending,0.22034607564017467,0.5296101583313246,0.25004376602850065,0.2552472858866104,0.47913148371531966,0.26562123039806995,3
1789689600000,2447.28,2448.34,0.013976816945358905,2.0,0.004104980506938864,trending,0.2201060319752931,0.5212709071328222,0.2586230608918846,0.2552472858866104,0.47913148371531966,0.26562123039806995,3
1789693200000,2448.34,2457.62,0.009358647797462538,2.0,0.0040490115194684005,trending,0.21874575526725473,0.5276303333368589,0.25362391139588625,0.2552472858866104,0.47913148371531966,0.26562123039806995,3
1789696800000,2457.62,2462.87,0.010012708750360533,2.0,0.004001838504792812,trending,0.21788210975756045,0.5400295670340545,0.24208832320838508,0.2552472858866104,0.47913148371531966,0.26562123039806995,3
1789700400000,2462.87,2479.44,0.00425902623172969,2.0,0.0041066906806689054,trending,0.22243813464945789,0.5324770052397326,0.2450848601108095,0.2552472858866104,0.47913148371531966,0.26562123039806995,3
1789704000000,2479.44,2482.56,0.009200180458881269,2.0,0.004034884808901478,trending,0.24526032655858138,0.5080110016317855,0.24672867180963312,0.2552472858866104,0.47913148371531966,0.26562123039806995,3
1789707600000,2482.55,2480.62,0.011206875700429775,2.0,0.0040229276553391605,trending,0.25189203998472764,0.5028227154722453,0.245285244543027,0.2552472858866104,0.47913148371531966,0.26562123039806995,3
1789711200000,2480.62,2487.53,0.010556656603136316,2.0,0.00387560616368838,trending,0.26310992670382216,0.483835183986599,0.2530548893095788,0.2552472858866104,0.47913148371531966,0.26562123039806995,3
1789714800000,2487.53,2490.0,0.007277108433734858,2.0,0.003816721910633298,trending,0.25584197968860534,0.4902572782074605,0.2539007421039343,0.2552472858866104,0.47913148371531966,0.26562123039806995,3
1789718400000,2489.99,2505.4,-0.0012612756446077622,1.0,0.0038912887661850387,trending,0.2657166774134881,0.4934410427627185,0.24084227982379341,0.2552472858866104,0.47913148371531966,0.26562123039806995,3
1789722000000,2505.4,2508.42,0.01842195485604492,2.0,0.003950524729066791,trending,0.2698685582053677,0.4798342937022143,0.25029714809241793,0.2552472858866104,0.47913148371531966,0.26562123039806995,3
1789725600000,2508.41,2513.79,0.02736107630311202,2.0,0.003887086775958509,trending,0.25448990779681674,0.5091463571533685,0.23636373504981473,0.2552472858866104,0.47913148371531966,0.26562123039806995,3
1789729200000,2513.79,2508.12,0.030277658166276034,2.0,0.003934055281730015,trending,0.2587827729266638,0.5013207905369299,0.23989643653640635,0.2552472858866104,0.47913148371531966,0.26562123039806995,3
1789732800000,2508.12,2502.24,0.03796997889890674,2.0,0.0038469552861140634,trending,0.2473673940246394,0.4938147238548742,0.2588178821204864,0.2552472858866104,0.47913148371531966,0.26562123039806995,3
1789736400000,2502.23,2554.63,0.020672269565455537,2.0,0.004901913951660843,trending,0.21805577117092353,0.5279368655106269,0.2540073633184496,0.2552472858866104,0.47913148371531966,0.26562123039806995,3
1789740000000,2554.63,2582.57,0.011840918155171076,2.0,0.005030412498798474,trending,0.21268421716276692,0.5521171185816873,0.2351986642555457,0.2552472858866104,0.47913148371531966,0.26562123039806995,3
1789743600000,2582.57,2584.06,0.020374913895188307,2.0,0.0052002911611761975,trending,0.2125945782834899,0.5646209701567854,0.2227844515597247,0.2552472858866104,0.47913148371531966,0.26562123039806995,3
1789747200000,2584.07,2597.25,0.013360284916738685,2.0,0.005317003889095243,trending,0.22755329323110365,0.5183399831928667,0.2541067235760296,0.2552472858866104,0.47913148371531966,0.26562123039806995,3
1789750800000,2597.26,2607.44,0.007378885036664284,2.0,0.005324561599619985,trending,0.22709002431279995,0.5215311393763061,0.25137883631089386,0.2552472858866104,0.47913148371531966,0.26562123039806995,3
1789754400000,2607.44,2613.15,0.0026328377628532795,1.0,0.005341478228658648,trending,0.2290714939058579,0.5143042111728081,0.2566242949213341,0.2552472858866104,0.47913148371531966,0.26562123039806995,3
1789758000000,2613.16,2636.71,-0.00931843092338569,0.0,0.0054689120107973156,trending,0.2340269267179013,0.5125989805618026,0.25337409272029604,0.2552472858866104,0.47913148371531966,0.26562123039806995,3
1789761600000,2636.71,2631.95,-0.001964323030452575,1.0,0.0053375730336785105,trending,0.22399685853380724,0.5462668947067709,0.22973624675942192,0.2552472858866104,0.47913148371531966,0.26562123039806995,3
1789765200000,2631.95,2626.68,-0.005288044223125676,0.0,0.0052172032891567655,trending,0.22515301405016352,0.5370700133802101,0.2377769725696263,0.2552472858866104,0.47913148371531966,0.26562123039806995,3
1789768800000,2626.69,2620.03,0.0012518940622816555,1.0,0.005136064580566686,trending,0.22632289231179886,0.5286139897347711,0.24506311795343,0.2552472858866104,0.47913148371531966,0.26562123039806995,3
1789772400000,2620.04,2612.14,0.003077936098371481,1.0,0.005015766018865972,trending,0.24764638651380355,0.5096770230269508,0.24267659045924572,0.2552472858866104,0.47913148371531966,0.26562123039806995,3
1789776000000,2612.14,2626.78,-0.002710542946116723,1.0,0.004959806292733395,trending,0.25281847011755787,0.5091781744485981,0.23800335543384404,0.2552472858866104,0.47913148371531966,0.26562123039806995,3
1789779600000,2626.79,2612.79,0.006177304720241583,2.0,0.00502484644649537,trending,0.2169552582253802,0.5234497554271819,0.2595949863474379,0.2552472858866104,0.47913148371531966,0.26562123039806995,3
1789783200000,2612.79,2623.31,0.001517167242910622,1.0,0.004839014481437633,trending,0.2252575994773,0.5309218801372944,0.24382052038540553,0.2552472858866104,0.47913148371531966,0.26562123039806995,3
1789786800000,2623.31,2620.18,0.002583791953224557,1.0,0.0047095743703241275,low_liquidity,0.1912138650951599,0.5605680687249935,0.2482180661798466,0.2552472858866104,0.47913148371531966,0.26562123039806995,3
1789790400000,2620.17,2619.66,0.009760808654558195,2.0,0.004627130550673049,trending,0.20743583333121426,0.4979011449964505,0.2946630216723352,0.2552472858866104,0.47913148371531966,0.26562123039806995,3
1789794000000,2619.67,2628.93,0.004545575576375249,2.0,0.004504320732304727,trending,0.22464961675313785,0.4983445768602981,0.277005806386564,0.2552472858866104,0.47913148371531966,0.26562123039806995,3
1789797600000,2628.93,2627.29,0.004205854701993417,1.0,0.004349622363078964,low_liquidity,0.18147481116878736,0.5544970522745238,0.26402813655668894,0.2552472858866104,0.47913148371531966,0.26562123039806995,3
1789801200000,2627.3,2626.95,0.004842117284303171,2.0,0.004244040519500303,trending,0.2147366621186847,0.5021741213881551,0.2830892164931602,0.2552472858866104,0.47913148371531966,0.26562123039806995,3
1789804800000,2626.96,2645.23,-0.0012550893495084647,1.0,0.004543905962136623,trending,0.24493783371142247,0.47550367114782294,0.27955849514075476,0.2552472858866104,0.47913148371531966,0.26562123039806995,3
1789808400000,2645.23,2640.88,-0.0009125745963467491,1.0,0.004675492173250001,trending,0.21860455774547147,0.5004884784894416,0.280906963765087,0.2552472858866104,0.47913148371531966,0.26562123039806995,3
1789812000000,2640.88,2638.34,0.0002577378199928315,1.0,0.004478908789412008,trending,0.2175687470430378,0.5155019335096828,0.26692931944727943,0.2552472858866104,0.47913148371531966,0.26562123039806995,3
1789815600000,2638.34,2639.67,0.0005644644974560631,1.0,0.004263235685871576,trending,0.2084676289740327,0.5154621739510395,0.27607019707492775,0.2552472858866104,0.47913148371531966,0.26562123039806995,3
1789819200000,2639.67,2641.91,0.0030621784996460732,1.0,0.004068754355155929,trending,0.20934790343922582,0.49822182772312074,0.2924302688376536,0.2552472858866104,0.47913148371531966,0.26562123039806995,3
1789822800000,2641.91,2638.47,0.0026303122643047683,1.0,0.0040159821151649604,trending,0.21968150660575889,0.48463801314601895,0.295680480248222,0.2552472858866104,0.47913148371531966,0.26562123039806995,3
1789826400000,2638.47,2639.02,-4.547142499866652e-05,1.0,0.00387775517070165,trending,0.20072866777603984,0.4947751125618449,0.3044962196621153,0.2552472858866104,0.47913148371531966,0.26562123039806995,3
1789830000000,2639.01,2641.16,-0.0023777431128745308,1.0,0.0038347640229943834,trending,0.21980140817786487,0.4576685237457075,0.32253006807642765,0.2552472858866104,0.47913148371531966,0.26562123039806995,3
1789833600000,2641.17,2650.0,-0.005298113207547139,0.0,0.0038022352967825848,trending,0.23242025336216354,0.4667212835118419,0.30085846312599457,0.2552472858866104,0.47913148371531966,0.26562123039806995,3
1789837200000,2650.01,2645.41,-0.006588770738751193,0.0,0.003954099633871503,trending,0.22981194326452214,0.4753118686573639,0.29487618807811394,0.2552472858866104,0.47913148371531966,0.26562123039806995,3
1789840800000,2645.42,2638.9,-0.0030580923869795162,1.0,0.0038821043200283727,trending,0.22441799742256952,0.4950130225086295,0.28056898006880104,0.2552472858866104,0.47913148371531966,0.26562123039806995,3
1789844400000,2638.89,2634.88,-0.0008311573961622409,1.0,0.0037495420277095116,trending,0.20495732892689592,0.4943801150523529,0.30066255602075115,0.2552472858866104,0.47913148371531966,0.26562123039806995,3
1789848000000,2634.88,2635.96,-0.0032587747917267595,1.0,0.0036142623255074856,trending,0.20026533085794784,0.47601790966032187,0.32371675948173034,0.2552472858866104,0.47913148371531966,0.26562123039806995,3
1789851600000,2635.97,2627.98,-0.003112656869534769,1.0,0.0037156094347880805,trending,0.21849139533545808,0.4672778208005141,0.31423078386402786,0.2552472858866104,0.47913148371531966,0.26562123039806995,3
1789855200000,2627.97,2630.83,-0.021514122919382817,0.0,0.0036481456604853927,trending,0.21903619207361333,0.47392116617104607,0.3070426417553406,0.2552472858866104,0.47913148371531966,0.26562123039806995,3
1789858800000,2630.84,2632.69,-0.016963637952056576,0.0,0.003521587198527308,trending,0.22270043597349654,0.47338601743340586,0.3039135465930976,0.2552472858866104,0.47913148371531966,0.26562123039806995,3
1789862400000,2632.7,2627.37,-0.018109364116968618,0.0,0.003390686075047917,trending,0.21013081950656812,0.4574043287889366,0.3324648517044953,0.2552472858866104,0.47913148371531966,0.26562123039806995,3
1789866000000,2627.36,2619.8,-0.015837086800519207,0.0,0.003392015457804367,trending,0.23353428809153037,0.45805368899538046,0.3084120229130891,0.2552472858866104,0.47913148371531966,0.26562123039806995,3
1789869600000,2619.8,2574.23,6.603916510949936e-05,1.0,0.004162776754120274,trending,0.23183394099221066,0.5115549116836354,0.2566111473241539,0.2552472858866104,0.47913148371531966,0.26562123039806995,3
1789873200000,2574.24,2588.03,-0.004354663585816265,0.0,0.004290612728845257,trending,0.21667883217359782,0.5318069593504503,0.25151420847595196,0.2552472858866104,0.47913148371531966,0.26562123039806995,3
1789876800000,2588.03,2579.79,-0.0017830908717375582,1.0,0.004209175608098616,trending,0.19385538607408595,0.5693039051703043,0.23684070875560975,0.2552472858866104,0.47913148371531966,0.26562123039806995,3
1789880400000,2579.79,2578.31,0.0005662623966862235,1.0,0.004111725976822513,trending,0.20477960463226144,0.571019842169275,0.22420055319846355,0.2552472858866104,0.47913148371531966,0.26562123039806995,3
1789884000000,2578.31,2574.4,-0.0012391236793038996,1.0,0.004090355440460923,trending,0.19424337818816623,0.572190738750422,0.23356588306141188,0.2552472858866104,0.47913148371531966,0.26562123039806995,3
1789887600000,2574.4,2576.76,0.0009003554851827467,1.0,0.00391246436823746,trending,0.21121757123299717,0.5288030191839002,0.25997940958310256,0.2552472858866104,0.47913148371531966,0.26562123039806995,3
1789891200000,2576.76,2575.19,0.001992086020837336,1.0,0.003869874286987262,trending,0.21289927584835663,0.5474522796698813,0.23964844448176212,0.2552472858866104,0.47913148371531966,0.26562123039806995,3
1789894800000,2575.19,2579.77,0.00039150777007268545,1.0,0.0037929073507213923,trending,0.21954638695308826,0.553263467444043,0.22719014560286865,0.2552472858866104,0.47913148371531966,0.26562123039806995,3
1789898400000,2579.77,2571.21,0.005600476040463542,2.0,0.0037135593122697877,trending,0.20519563675476377,0.5528489899195536,0.24195537332568273,0.2552472858866104,0.47913148371531966,0.26562123039806995,3
1789902000000,2571.21,2579.08,0.013194627541604165,2.0,0.003658791698449384,trending,0.2261163418715846,0.5449096022252845,0.22897405590313086,0.2552472858866104,0.47913148371531966,0.26562123039806995,3
1789905600000,2579.09,2580.32,0.023094034848390788,2.0,0.003579348807713744,trending,0.2229075643353518,0.5451701923714756,0.23192224329317257,0.2552472858866104,0.47913148371531966,0.26562123039806995,3
1789909200000,2580.32,2580.78,0.017680701183363068,2.0,0.0034894834978394977,trending,0.2157075011467683,0.5493151482425023,0.2349773506107294,0.2552472858866104,0.47913148371531966,0.26562123039806995,3
1789912800000,2580.79,2585.61,0.015798979737856822,2.0,0.003485131164964244,trending,0.23455171566669133,0.5153178229864999,0.2501304613468088,0.2552472858866104,0.47913148371531966,0.26562123039806995,3
1789916400000,2585.61,2613.11,0.007741733030756537,2.0,0.003700556859417145,trending,0.22917881194901715,0.5261060991585155,0.24471508889246738,0.2552472858866104,0.47913148371531966,0.26562123039806995,3
1789920000000,2613.11,2639.91,-0.002049312287161209,1.0,0.0040753961783829735,trending,0.2263914780866573,0.5367766446747423,0.23683187723860039,0.2552472858866104,0.47913148371531966,0.26562123039806995,3
1789923600000,2639.9,2626.41,0.001770477572047069,1.0,0.0043109042551993815,trending,0.21263995998252858,0.5632120895978978,0.22414795041957356,0.2552472858866104,0.47913148371531966,0.26562123039806995,3
1789927200000,2626.4,2626.46,0.005018161327414061,2.0,0.004299394475118511,trending,0.23194112713081572,0.535676888038008,0.2323819848311763,0.2552472858866104,0.47913148371531966,0.26562123039806995,3
1789930800000,2626.47,2633.34,0.004507583525104941,2.0,0.0041932743471505725,trending,0.23076361982530208,0.5434727394972827,0.22576364067741522,0.2552472858866104,0.47913148371531966,0.26562123039806995,3
1789934400000,2633.35,2634.5,0.020759157335357825,2.0,0.00410270644744818,trending,0.23972589739906286,0.5274984649321702,0.23277563766876685,0.2552472858866104,0.47913148371531966,0.26562123039806995,3
1789938000000,2634.5,2631.06,0.006993379094357488,2.0,0.004260464868733757,trending,0.24452151456673005,0.5182411247277876,0.23723736070548232,0.2552472858866104,0.47913148371531966,0.26562123039806995,3
1789941600000,2631.07,2639.64,0.008357200224272887,2.0,0.004318175505206829,trending,0.24311705432190925,0.5188225208812522,0.23806042479683845,0.2552472858866104,0.47913148371531966,0.26562123039806995,3
1789945200000,2639.63,2645.21,0.007840587325769866,2.0,0.00427526343512921,trending,0.2538304425971167,0.5186857928058962,0.2274837645969871,0.2552472858866104,0.47913148371531966,0.26562123039806995,3
1789948800000,2645.21,2689.19,-0.009344821303069017,0.0,0.004920297420574751,trending,0.23175406124828443,0.5136623554107896,0.2545835833409259,0.2552472858866104,0.47913148371531966,0.26562123039806995,3
1789952400000,2689.18,2649.46,0.006020094660798669,2.0,0.0055640715484249715,high_volatility,0.2095631288055101,0.5645055044525388,0.22593136674195116,0.2552472858866104,0.47913148371531966,0.26562123039806995,3
1789956000000,2649.46,2661.7,0.0004433256941054342,1.0,0.005553464892495408,trending,0.22595743698818915,0.5454190884529306,0.2286234745588801,0.2552472858866104,0.47913148371531966,0.26562123039806995,3
1789959600000,2661.7,2665.95,-0.0016091824677881839,1.0,0.0053972598231296675,trending,0.22466969655596958,0.5504792701063567,0.2248510333376738,0.2552472858866104,0.47913148371531966,0.26562123039806995,3
1789963200000,2665.95,2664.06,0.012094322199950547,2.0,0.005287652324731616,trending,0.21837634364727618,0.5563446897110566,0.2252789666416673,0.2552472858866104,0.47913148371531966,0.26562123039806995,3
1789966800000,2664.05,2665.41,0.02076978776248306,2.0,0.005182105451450743,trending,0.22155267777103643,0.5523511869091456,0.22609613531981793,0.2552472858866104,0.47913148371531966,0.26562123039806995,3
1789970400000,2665.41,2662.88,0.019933305293516668,2.0,0.005207778902851886,trending,0.21126428562618602,0.5468449139529378,0.24189080042087616,0.2552472858866104,0.47913148371531966,0.26562123039806995,3
1789974000000,2662.89,2661.66,0.023939947250963822,2.0,0.005145874961563755,trending,0.21399658414571562,0.5423871726162649,0.24361624323801948,0.2552472858866104,0.47913148371531966,0.26562123039806995,3
1789977600000,2661.66,2696.28,0.014416158559199976,2.0,0.0055471507874485584,trending,0.2114347362656176,0.5359015727635735,0.2526636909708088,0.2552472858866104,0.47913148371531966,0.26562123039806995,3
1789981200000,2696.27,2720.77,0.004223069204673857,1.0,0.00601879857612166,high_volatility,0.21062436133201876,0.5631950989988801,0.22618053966910104,0.2552472858866104,0.47913148371531966,0.26562123039806995,3
1789984800000,2720.78,2715.96,0.007625296396117864,2.0,0.005891338759076221,high_volatility,0.21674023132027265,0.5691932254211554,0.21406654325857202,0.2552472858866104,0.47913148371531966,0.26562123039806995,3
1789988400000,2715.96,2725.38,0.010967277957569133,2.0,0.00571989241367412,high_volatility,0.19543367666573566,0.5883535333178963,0.21621279001636792,0.2552472858866104,0.47913148371531966,0.26562123039806995,3
1789992000000,2725.38,2735.15,0.007129407893534223,2.0,0.0056303374592390956,high_volatility,0.19377825390724418,0.5763024220940939,0.2299193239986619,0.2552472858866104,0.47913148371531966,0.26562123039806995,3
1789995600000,2735.15,2732.26,0.004025971174046461,1.0,0.0056437221390061125,high_volatility,0.19570055727085275,0.5712949549001192,0.23300448782902808,0.2552472858866104,0.47913148371531966,0.26562123039806995,3
1789999200000,2732.27,2736.67,0.007867225496680286,2.0,0.005942663144566498,high_volatility,0.20388765706988418,0.5520949457753704,0.24401739715474544,0.2552472858866104,0.47913148371531966,0.26562123039806995,3
1790002800000,2736.66,2755.27,0.0023808918908128085,1.0,0.006058167058606395,high_volatility,0.20558244986207766,0.5510195163794644,0.2433980337584579,0.2552472858866104,0.47913148371531966,0.26562123039806995,3
1790006400000,2755.28,2754.65,0.010818071261321727,2.0,0.006035262902737549,high_volatility,0.20067129325044075,0.5621255122494382,0.23720319450012106,0.2552472858866104,0.47913148371531966,0.26562123039806995,3
1790010000000,2754.65,2743.26,0.009277283232358435,2.0,0.005992231360168398,high_volatility,0.19155282114628,0.5745522566904872,0.2338949221632329,0.2552472858866104,0.47913148371531966,0.26562123039806995,3
1790013600000,2743.26,2758.2,0.007617286636212084,2.0,0.005845303661141387,high_volatility,0.19683653755077302,0.5685247855327592,0.23463867691646778,0.2552472858866104,0.47913148371531966,0.26562123039806995,3
1790017200000,2758.21,2761.83,0.005199451088589768,1.0,0.00575148452956612,high_volatility,0.1991392177823036,0.5634251115549241,0.2374356706627722,0.2552472858866104,0.47913148371531966,0.26562123039806995,3
1790020800000,2761.84,2784.45,-0.010759755068325938,0.0,0.0059977500747208585,high_volatility,0.22738539632795216,0.5380336594372432,0.23458094423480466,0.2552472858866104,0.47913148371531966,0.26562123039806995,3
1790024400000,2784.44,2768.71,-0.007165792011442185,0.0,0.005924359243686831,high_volatility,0.20121566453954873,0.5682012860997977,0.23058304936065344,0.2552472858866104,0.47913148371531966,0.26562123039806995,3
1790028000000,2768.72,2779.21,-0.014108325747244743,0.0,0.005726674251743842,trending,0.21504818815082688,0.5227870889632137,0.26216472288595943,0.2552472858866104,0.47913148371531966,0.26562123039806995,3
1790031600000,2779.21,2776.19,-0.013161923355389904,0.0,0.005652844739256142,trending,0.21947211216103565,0.5338986633677345,0.24662922447122998,0.2552472858866104,0.47913148371531966,0.26562123039806995,3
1790035200000,2776.2,2754.49,-0.00910513379972333,0.0,0.005673018637019706,trending,0.20124930281132883,0.5485883760315988,0.2501623211570724,0.2552472858866104,0.47913148371531966,0.26562123039806995,3
1790038800000,2754.49,2748.87,-0.005576837027578607,1.0,0.005592260257885117,trending,0.20456522006221992,0.5151927631520544,0.28024201678572574,0.2552472858866104,0.47913148371531966,0.26562123039806995,3
1790042400000,2748.86,2740.0,-0.0033832116788321542,1.0,0.005417183365907315,trending,0.19237896120395054,0.5309188214330466,0.27670221736300277,0.2552472858866104,0.47913148371531966,0.26562123039806995,3
1790046000000,2740.01,2739.65,-0.004858284817403691,1.0,0.00530292116286018,trending,0.21752017563475867,0.516090604425059,0.26638921994018233,0.2552472858866104,0.47913148371531966,0.26562123039806995,3
1790049600000,2739.64,2729.41,0.007184702921144259,2.0,0.0052089207015903645,trending,0.2101275074688878,0.5405849087498802,0.24928758378123209,0.2552472858866104,0.47913148371531966,0.26562123039806995,3
1790053200000,2729.42,2733.54,0.006303181954535164,2.0,0.005194693727277263,trending,0.22119829035631597,0.5246683244209683,0.2541333852227158,0.2552472858866104,0.47913148371531966,0.26562123039806995,3
1790056800000,2733.55,2730.73,0.004225976204165205,1.0,0.005010976661562483,trending,0.22878949912540328,0.5301088178943956,0.24110168298020118,0.2552472858866104,0.47913148371531966,0.26562123039806995,3
1790060400000,2730.72,2726.34,0.0059640397015778834,2.0,0.004851378873386787,trending,0.23505270569159864,0.5154383125103559,0.24950898179804556,0.2552472858866104,0.47913148371531966,0.26562123039806995,3
1790064000000,2726.35,2749.02,0.0027609839142677117,1.0,0.004999459745387218,trending,0.22011637612239188,0.5324220026574447,0.24746162122016346,0.2552472858866104,0.47913148371531966,0.26562123039806995,3
1790067600000,2749.01,2750.77,0.003060961112706595,1.0,0.005010986346691421,trending,0.22979719613597757,0.5217988102360591,0.24840399362796328,0.2552472858866104,0.47913148371531966,0.26562123039806995,3
1790071200000,2750.77,2742.27,0.00016774424108501051,1.0,0.004924724039040354,trending,0.2293847736209585,0.5375705533157379,0.23304467306330368,0.2552472858866104,0.47913148371531966,0.26562123039806995,3
1790074800000,2742.26,2742.6,0.00047764894625546006,1.0,0.004781958696049882,trending,0.21896826359813748,0.5370770961198584,0.2439546402820041,0.2552472858866104,0.47913148371531966,0.26562123039806995,3
1790078400000,2742.59,2756.61,-0.00380177101584922,1.0,0.004735604315166177,trending,0.22396283736552053,0.5309681399428156,0.24506902269166395,0.2552472858866104,0.47913148371531966,0.26562123039806995,3
1790082000000,2756.6,2759.19,-0.0019172293317966105,1.0,0.004781237162924966,trending,0.22604843841008798,0.531412388769907,0.24253917282000498,0.2552472858866104,0.47913148371531966,0.26562123039806995,3
1790085600000,2759.2,2742.73,0.003511100254126376,1.0,0.005157802704875959,trending,0.21250285888265705,0.5335763325342842,0.2539208085830587,0.2552472858866104,0.47913148371531966,0.26562123039806995,3
1790089200000,2742.73,2743.91,0.0028535921367682793,1.0,0.005083621098715692,trending,0.21602847259211908,0.537501559638944,0.2464699677689369,0.2552472858866104,0.47913148371531966,0.26562123039806995,3
1790092800000,2743.9,2746.13,0.001966403629835467,1.0,0.005051289945088976,trending,0.21306822909643133,0.5397356709933968,0.24719609991017194,0.2552472858866104,0.47913148371531966,0.26562123039806995,3
1790096400000,2746.13,2753.9,-0.0023929699698609364,1.0,0.004933716992000786,trending,0.21563306753147415,0.5476960359410527,0.23667089652747325,0.2552472858866104,0.47913148371531966,0.26562123039806995,3
1790100000000,2753.91,2752.36,0.00026159368687217466,1.0,0.004803423812798647,trending,0.21777050347823743,0.5473690213210469,0.23486047520071557,0.2552472858866104,0.47913148371531966,0.26562123039806995,3
1790103600000,2752.37,2751.74,0.000686838146045865,1.0,0.004753505842799944,trending,0.2122908893646705,0.5431364616355251,0.24457264899980433,0.2552472858866104,0.47913148371531966,0.26562123039806995,3
1790107200000,2751.75,2751.53,0.0030782873528545363,1.0,0.004586730140847921,trending,0.21496690309958524,0.5331344900414549,0.2518986068589599,0.2552472858866104,0.47913148371531966,0.26562123039806995,3
1790110800000,2751.53,2747.31,0.0025042678110589467,1.0,0.004383114303441093,trending,0.20503624761388908,0.5493118322471868,0.24565192013892412,0.2552472858866104,0.47913148371531966,0.26562123039806995,3
1790114400000,2747.31,2753.08,0.003312653464483395,1.0,0.004451301784620128,trending,0.21613038610036173,0.4600517713802043,0.32381784251943396,0.2550660792951542,0.4742290748898678,0.270704845814978,4
1790118000000,2753.08,2753.63,0.00740113958665467,2.0,0.004530182987641394,trending,0.22070612336202441,0.45901740296013904,0.3202764736778365,0.2550660792951542,0.4742290748898678,0.270704845814978,4
1790121600000,2753.63,2760.0,0.0071195652173914326,2.0,0.0044762376072299825,ranging,0.21906818717197662,0.4606584323597539,0.3202733804682694,0.2550660792951542,0.4742290748898678,0.270704845814978,4
1790125200000,2760.01,2754.19,0.0013107301965369356,1.0,0.004616690656454656,ranging,0.21817176706052754,0.4531445904872572,0.3286836424522153,0.2550660792951542,0.4742290748898678,0.270704845814978,4
1790128800000,2754.18,2762.2,-0.0028636594019259,1.0,0.004536864044920482,ranging,0.22517119247162828,0.45970343327604707,0.31512537425232456,0.2550660792951542,0.4742290748898678,0.270704845814978,4
1790132400000,2762.21,2774.01,-0.011207601991341076,0.0,0.004599644461149634,trending,0.23518495154030644,0.4496886292667513,0.3151264191929423,0.2550660792951542,0.4742290748898678,0.270704845814978,4
1790136000000,2774.02,2779.65,-0.016066770996348567,0.0,0.004589297637980064,trending,0.22985780624169863,0.44342061655447385,0.3267215772038275,0.2550660792951542,0.4742290748898678,0.270704845814978,4
1790139600000,2779.65,2757.8,-0.008771484516643668,0.0,0.004678168294923143,trending,0.2240619858672105,0.47645257159886134,0.29948544253392817,0.2550660792951542,0.4742290748898678,0.270704845814978,4
1790143200000,2757.8,2754.29,-0.005794596792639828,0.0,0.004506862354690518,trending,0.21262858985730138,0.4593818995148623,0.3279895106278364,0.2550660792951542,0.4742290748898678,0.270704845814978,4
1790146800000,2754.3,2742.92,-0.0054540416782115075,0.0,0.004500721777566226,ranging,0.21468008787335552,0.44339474261508127,0.34192516951156315,0.2550660792951542,0.4742290748898678,0.270704845814978,4
1790150400000,2742.92,2734.99,-0.004676433917491507,0.0,0.0045668110856395255,ranging,0.2297835096437708,0.4347905101502766,0.33542598020595255,0.2550660792951542,0.4742290748898678,0.270704845814978,4
1790154000000,2735.0,2733.61,-0.006405449204531788,0.0,0.004437470034770145,ranging,0.24303128326939769,0.44971989020112,0.30724882652948227,0.2550660792951542,0.4742290748898678,0.270704845814978,4
1790157600000,2733.61,2738.33,-0.022630581412758755,0.0,0.004313892617625763,ranging,0.2468348020843072,0.4521357256251588,0.30102947229053406,0.2550660792951542,0.4742290748898678,0.270704845814978,4
1790161200000,2738.33,2727.96,-0.02630170530359688,0.0,0.004377137924914616,ranging,0.24116898908095516,0.4419588749831795,0.3168721359358654,0.2550660792951542,0.4742290748898678,0.270704845814978,4
1790164800000,2727.95,2722.2,-0.0225075306737198,0.0,0.0043500147794706704,ranging,0.23173121600395147,0.42099077410822866,0.3472780098878197,0.2550660792951542,0.4742290748898678,0.270704845814978,4
1790168400000,2722.19,2716.1,-0.017698170170464933,0.0,0.00430446314896821,ranging,0.2163311530961414,0.43927389178155113,0.3443949551223075,0.2550660792951542,0.4742290748898678,0.270704845814978,4
1790172000000,2716.11,2676.36,-0.002731321645817464,1.0,0.0052719146438196295,ranging,0.21514829293566448,0.3908503966796217,0.39400131038471375,0.2550660792951542,0.4742290748898678,0.270704845814978,4
1790175600000,2676.37,2656.21,0.008568599621264772,2.0,0.005420075951119673,trending,0.19769030377695182,0.4736785617914581,0.3286311344315901,0.2550660792951542,0.4742290748898678,0.270704845814978,4
1790179200000,2656.2,2660.93,0.00391968221636807,1.0,0.005546964494357955,trending,0.20109046809011866,0.46761531363154757,0.3312942182783339,0.2550660792951542,0.4742290748898678,0.270704845814978,4
1790182800000,2660.92,2668.03,0.0035194506808393644,1.0,0.005493167377525604,trending,0.19379301532944804,0.5031905986429139,0.30301638602763814,0.2550660792951542,0.4742290748898678,0.270704845814978,4
1790186400000,2668.02,2669.05,0.007950394335062949,2.0,0.005308714969675551,trending,0.2196592832165897,0.504049665092959,0.2762910516904513,0.2550660792951542,0.4742290748898678,0.270704845814978,4
1790190000000,2669.05,2678.97,0.0021426145122940277,1.0,0.0051717086888821,trending,0.20908995931059726,0.5117026829924792,0.2792073576969236,0.2550660792951542,0.4742290748898678,0.270704845814978,4
1790193600000,2678.97,2671.36,0.004091548873981665,1.0,0.0049922961001487775,low_liquidity,0.18504711875150037,0.551895715206281,0.26305716604221874,0.2550660792951542,0.4742290748898678,0.270704845814978,4
1790197200000,2671.37,2677.42,-0.0008963853261721999,1.0,0.004800806678263159,low_liquidity,0.2081099855960933,0.5317616607628132,0.26012835364109355,0.2550660792951542,0.4742290748898678,0.270704845814978,4
1790200800000,2677.43,2690.27,-0.0016912800573920528,1.0,0.004796785814241144,trending,0.22566742947990995,0.49133622405295846,0.28299634646713157,0.2550660792951542,0.4742290748898678,0.270704845814978,4
1790204400000,2690.27,2684.71,-0.0029612136878842676,1.0,0.004613758140470102,low_liquidity,0.19188685642223538,0.5556372833194688,0.2524758602582957,0.2550660792951542,0.4742290748898678,0.270704845814978,4
1790208000000,2684.7,2682.29,-5.592236484497359e-05,1.0,0.004505846923575408,low_liquidity,0.1967543157846057,0.5399616686252128,0.2632840155901815,0.2550660792951542,0.4742290748898678,0.270704845814978,4
1790211600000,2682.29,2675.02,0.0028037173553843164,1.0,0.004473180063814801,trending,0.20241326689488873,0.5056384882301267,0.29194824487498466,0.2550660792951542,0.4742290748898678,0.270704845814978,4
1790215200000,2675.02,2685.72,0.00014148906066169253,1.0,0.004521852074409845,trending,0.20813157001121713,0.5149992403074529,0.27686918968132995,0.2550660792951542,0.4742290748898678,0.270704845814978,4
1790218800000,2685.72,2676.76,0.006253829256265053,2.0,0.004523527676121563,trending,0.2049091446086907,0.5052402279999172,0.2898506273913921,0.2550660792951542,0.4742290748898678,0.270704845814978,4
1790222400000,2676.76,2682.14,-0.0047872221435121265,0.0,0.004415854857111889,trending,0.2067970097412579,0.5132739717260973,0.2799290185326448,0.2550660792951542,0.4742290748898678,0.270704845814978,4
1790226000000,2682.15,2682.52,-0.01495608606832377,0.0,0.004458207535768685,trending,0.21503153410768833,0.474611259044923,0.31035720684738866,0.2550660792951542,0.4742290748898678,0.270704845814978,4
1790229600000,2682.52,2686.1,-0.01411339860764671,0.0,0.004319007414495066,low_liquidity,0.18777221484233148,0.5414556430513733,0.27077214210629513,0.2550660792951542,0.4742290748898678,0.270704845814978,4
1790233200000,2686.09,2693.5,-0.017011323556710645,0.0,0.004322488414144572,trending,0.21862416082278727,0.48960615652411615,0.2917696826530966,0.2550660792951542,0.4742290748898678,0.270704845814978,4
1790236800000,2693.5,2669.3,-0.007679916082868221,0.0,0.004697167611237813,trending,0.2259892027158358,0.44183681654363255,0.33217398074053167,0.2550660792951542,0.4742290748898678,0.270704845814978,4
1790240400000,2669.3,2642.4,0.010486678776869596,2.0,0.005599777895657686,trending,0.2253886278542764,0.4159194632096021,0.35869190893612146,0.2550660792951542,0.4742290748898678,0.270704845814978,4
1790244000000,2642.41,2648.19,0.003655326845883433,1.0,0.005448332916588213,trending,0.21755673334581918,0.4370302311276139,0.345413035526567,0.2550660792951542,0.4742290748898678,0.270704845814978,4
1790247600000,2648.2,2647.68,0.013559040367415953,2.0,0.005208410751594294,trending,0.21464706982239756,0.44860341959050876,0.3367495105870936,0.2550660792951542,0.4742290748898678,0.270704845814978,4
1790251200000,2647.68,2648.8,0.014659468438538159,2.0,0.005072341780756659,trending,0.22266509662497813,0.46248586526131835,0.3148490381137035,0.2550660792951542,0.4742290748898678,0.270704845814978,4
1790254800000,2648.8,2670.11,-0.0001460613982197101,1.0,0.0051518756534719296,trending,0.20811550545293706,0.48122699143842024,0.3106575031086427,0.2550660792951542,0.4742290748898678,0.270704845814978,4
1790258400000,2670.11,2657.87,0.012133776294551701,2.0,0.005689383150368942,high_volatility,0.2072603071153343,0.48959187405494997,0.30314781882971575,0.2550660792951542,0.4742290748898678,0.270704845814978,4
1790262000000,2657.86,2683.58,0.00498215070912722,1.0,0.0057657875545865725,high_volatility,0.2288694918335976,0.501122325793777,0.2700081823726253,0.2550660792951542,0.4742290748898678,0.270704845814978,4
1790265600000,2683.59,2687.63,0.00023812801613321,1.0,0.005983720605530487,high_volatility,0.2161116634030837,0.48514673985952245,0.2987415967373938,0.2550660792951542,0.4742290748898678,0.270704845814978,4
1790269200000,2687.62,2669.72,0.006367708973225694,2.0,0.005968586088844653,high_volatility,0.2250329459092577,0.4889549062885528,0.2860121478021894,0.2550660792951542,0.4742290748898678,0.270704845814978,4
1790272800000,2669.71,2690.12,-0.0017062435876464832,1.0,0.006045718021353119,high_volatility,0.21535597895887593,0.5041889000918924,0.2804551209492317,0.2550660792951542,0.4742290748898678,0.270704845814978,4
1790276400000,2690.13,2696.95,-0.0033000241012994813,1.0,0.005890945341081907,high_volatility,0.2121406871681753,0.4744679473665533,0.31339136546527124,0.2550660792951542,0.4742290748898678,0.270704845814978,4
1790280000000,2696.94,2688.27,0.000933685976483023,1.0,0.0057360470671579305,high_volatility,0.215557066975546,0.5108466328283499,0.2735963001961042,0.2550660792951542,0.4742290748898678,0.270704845814978,4
1790283600000,2688.28,2686.72,0.0010644949976179596,1.0,0.005450154895187456,ranging,0.19738037099478567,0.5040873278762966,0.29853230112891777,0.2550660792951542,0.4742290748898678,0.270704845814978,4
1790287200000,2686.72,2685.53,-0.0032544786317785235,1.0,0.005258592799186075,ranging,0.21934808230292183,0.4795976163811619,0.30105430131591626,0.2550660792951542,0.4742290748898678,0.270704845814978,4
1790290800000,2685.53,2688.05,-0.003333271330518417,1.0,0.005008500940936373,ranging,0.19914328105908638,0.5181503186361651,0.28270640030474853,0.2550660792951542,0.4742290748898678,0.270704845814978,4
1790294400000,2688.06,2690.78,-0.0038947814388392565,1.0,0.004801005985669908,ranging,0.2044802700343849,0.4946274936885498,0.30089223627706524,0.2550660792951542,0.4742290748898678,0.270704845814978,4
1790298000000,2690.78,2689.58,-0.003584202737973885,1.0,0.004714699520784749,ranging,0.20239671321418395,0.49906885895074216,0.29853442783507383,0.2550660792951542,0.4742290748898678,0.270704845814978,4
1790301600000,2689.58,2676.79,-0.000848030663593291,1.0,0.0048085660165042895,ranging,0.2067884214270833,0.4608303801297604,0.33238119844315617,0.2550660792951542,0.4742290748898678,0.270704845814978,4
1790305200000,2676.8,2679.09,-0.0026314905434308145,1.0,0.004599636938425808,ranging,0.20020953149115067,0.4906233913634635,0.309167077145386,0.2550660792951542,0.4742290748898678,0.270704845814978,4
1790308800000,2679.1,2680.3,0.003958512106853496,1.0,0.004494777696253982,ranging,0.20196135256455303,0.4818226284455445,0.3162160189899025,0.2550660792951542,0.4742290748898678,0.270704845814978,4
1790312400000,2680.29,2679.94,0.009246475667365583,2.0,0.0043244460848937995,ranging,0.20210289875809131,0.4947401414630036,0.30315695977890506,0.2550660792951542,0.4742290748898678,0.270704845814978,4
1790316000000,2679.94,2674.52,0.014754049324738672,2.0,0.0042384195115853516,ranging,0.1991159091374318,0.47745721876653563,0.3234268720960326,0.2550660792951542,0.4742290748898678,0.270704845814978,4
1790319600000,2674.52,2672.04,0.017024445741830263,2.0,0.004155374886860881,ranging,0.20860505646662889,0.46541298555327243,0.32598195798009877,0.2550660792951542,0.4742290748898678,0.270704845814978,4
1790323200000,2672.05,2690.91,0.009963172309739088,2.0,0.004228714525806744,ranging,0.19441155315591177,0.4403826950532328,0.36520575179085546,0.2550660792951542,0.4742290748898678,0.270704845814978,4
1790326800000,2690.9,2704.72,-0.003482800437753175,1.0,0.004338557692275046,ranging,0.1982457711852723,0.43705171824533007,0.3647025105693976,0.2550660792951542,0.4742290748898678,0.270704845814978,4
1790330400000,2704.73,2713.98,-0.006691279965217123,0.0,0.004431488307073853,ranging,0.2088934567841314,0.4425533028827702,0.34855324033309837,0.2550660792951542,0.4742290748898678,0.270704845814978,4
1790334000000,2713.97,2717.53,-0.01127126471464901,0.0,0.0045811195740044375,ranging,0.22468039245086752,0.4212411974525948,0.3540784100965376,0.2550660792951542,0.4742290748898678,0.270704845814978,4
1790337600000,2717.53,2717.72,-0.01251416628644586,0.0,0.004843694829996039,ranging,0.2279727758833325,0.4124732353905053,0.35955398872616207,0.2550660792951542,0.4742290748898678,0.270704845814978,4
1790341200000,2717.71,2695.3,-0.003483842243906188,1.0,0.005208841901349406,ranging,0.252613392805254,0.44401917895858783,0.30336742823615825,0.2550660792951542,0.4742290748898678,0.270704845814978,4
1790344800000,2695.31,2695.82,-0.0009088143867173049,1.0,0.005253479473968475,ranging,0.23384489361348676,0.4448991943794053,0.32125591200710807,0.2550660792951542,0.4742290748898678,0.270704845814978,4
1790348400000,2695.83,2686.9,0.0023968141724663994,1.0,0.005375489955542976,ranging,0.2175895977825204,0.4545913115337515,0.32781909068372805,0.2550660792951542,0.4742290748898678,0.270704845814978,4
1790352000000,2686.91,2683.71,0.0003837970570590432,1.0,0.005258079606752528,ranging,0.21154904994682294,0.4633287995116966,0.3251221505414804,0.2550660792951542,0.4742290748898678,0.270704845814978,4
1790355600000,2683.72,2685.91,-0.0016493478932652073,1.0,0.005124708749380808,ranging,0.21482598413118867,0.4607563140822542,0.3244177017865572,0.2550660792951542,0.4742290748898678,0.270704845814978,4
1790359200000,2685.91,2693.37,-0.00045667695118012386,1.0,0.00496172305119721,ranging,0.2106649664287917,0.4731455713673276,0.3161894622038806,0.2550660792951542,0.4742290748898678,0.270704845814978,4
1790362800000,2693.38,2693.34,-0.0006423251427595256,1.0,0.004702998300231563,ranging,0.2006511804219185,0.4916911643952507,0.3076576551828309,0.2550660792951542,0.4742290748898678,0.270704845814978,4
1790366400000,2693.34,2684.74,0.0009572621557394356,1.0,0.004580918576454166,ranging,0.21811242031875697,0.480818404800183,0.3010691748810601,0.2550660792951542,0.4742290748898678,0.270704845814978,4
1790370000000,2684.74,2681.48,0.004184256455390223,1.0,0.004393775063620098,ranging,0.20562807586122578,0.48040723769506916,0.3139646864437052,0.2550660792951542,0.4742290748898678,0.270704845814978,4
1790373600000,2681.47,2692.14,-0.0003677371904877713,1.0,0.004290152057703123,low_liquidity,0.20159102690457548,0.5080912577738668,0.2903177153215577,0.2550660792951542,0.4742290748898678,0.270704845814978,4
1790377200000,2692.14,2691.61,-0.0013486352034656202,1.0,0.004045161750989285,low_liquidity,0.16113496457371754,0.5880940765333013,0.2507709588929812,0.2550660792951542,0.4742290748898678,0.270704845814978,4
1790380800000,2691.62,2687.31,0.0008298261086365777,1.0,0.003979124415640905,ranging,0.21133774591816182,0.47027230036584095,0.31838995371599726,0.2550660792951542,0.4742290748898678,0.270704845814978,4
1790384400000,2687.31,2692.7,-0.002313662866268107,1.0,0.0038361610182596224,ranging,0.2225897752012774,0.4707301887332896,0.306680036065433,0.2550660792951542,0.4742290748898678,0.270704845814978,4
1790388000000,2692.7,2691.15,-0.002028872415138494,1.0,0.003672651894975326,low_liquidity,0.18129499292269577,0.5469518686947142,0.2717531383825899,0.2550660792951542,0.4742290748898678,0.270704845814978,4
1790391600000,2691.15,2687.98,0.0011830445167002601,1.0,0.0035009173886582172,low_liquidity,0.18241325892782628,0.5469672173451003,0.27061952372707343,0.2550660792951542,0.4742290748898678,0.270704845814978,4
1790395200000,2687.98,2689.54,0.0005465618655979831,1.0,0.0033527014973020303,ranging,0.21214442305922093,0.45969600288458645,0.32815957405619267,0.2550660792951542,0.4742290748898678,0.270704845814978,4
1790398800000,2689.54,2686.47,-0.0014405520999676291,1.0,0.0031994168185042167,ranging,0.20192247411932365,0.46913065585308616,0.3289468700275901,0.2550660792951542,0.4742290748898678,0.270704845814978,4
1790402400000,2686.47,2685.69,0.0006180906955008947,1.0,0.003034622783963773,ranging,0.18711239357626977,0.5019784968369826,0.3109091095867475,0.2550660792951542,0.4742290748898678,0.270704845814978,4
1790406000000,2685.69,2691.16,-0.0006205502459906143,1.0,0.0029059356464612145,ranging,0.2216878829269189,0.45607013007338865,0.32224198699969236,0.2550660792951542,0.4742290748898678,0.270704845814978,4
1790409600000,2691.15,2691.01,-0.0007840922181634458,1.0,0.00286446860011396,ranging,0.1833655782868539,0.46120290041306494,0.3554315213000812,0.2550660792951542,0.4742290748898678,0.270704845814978,4
1790413200000,2691.0,2682.6,0.0015395511816893581,1.0,0.002855281055125217,ranging,0.19873024372479797,0.431373049371862,0.3698967069033399,0.2550660792951542,0.4742290748898678,0.270704845814978,4
1790416800000,2682.6,2687.35,0.0004911902059649975,1.0,0.002769762577053495,ranging,0.1946782576143834,0.4499955012210225,0.3553262411645942,0.2550660792951542,0.4742290748898678,0.270704845814978,4
1790420400000,2687.35,2689.49,0.0012939256141499822,1.0,0.002654809727568668,ranging,0.19308105736715178,0.4725534299026193,0.33436551273022896,0.2550660792951542,0.4742290748898678,0.270704845814978,4
1790424000000,2689.48,2688.9,0.0009966900963218617,1.0,0.0025562522854428713,ranging,0.19012055310532758,0.4631270665740496,0.3467523803206229,0.2550660792951542,0.4742290748898678,0.270704845814978,4
1790427600000,2688.9,2686.73,0.0014292467051024715,1.0,0.0025342965509920256,ranging,0.18451728770541412,0.46637942963041273,0.349103282664173,0.2550660792951542,0.4742290748898678,0.270704845814978,4
1790431200000,2686.72,2688.67,-0.0013612678387454613,1.0,0.0025,ranging,0.19254821600170147,0.49861438644314215,0.30883739755515627,0.2550660792951542,0.4742290748898678,0.270704845814978,4
1790434800000,2688.66,2692.97,-0.0030932390631904783,0.0,0.0025,ranging,0.1824789811088524,0.47957804464308057,0.3379429742480671,0.2550660792951542,0.4742290748898678,0.270704845814978,4
1790438400000,2692.97,2691.58,-0.005465191448888795,0.0,0.0025,ranging,0.18084745329331928,0.5015047470657887,0.31764779964089207,0.2550660792951542,0.4742290748898678,0.270704845814978,4
1790442000000,2691.59,2690.57,-0.0015833076262651291,1.0,0.0025,ranging,0.18285145093173694,0.5001974748527382,0.31695107421552476,0.2550660792951542,0.4742290748898678,0.270704845814978,4
1790445600000,2690.56,2685.01,0.0014301622712762363,1.0,0.0025,low_liquidity,0.18831611639319212,0.4687321002275457,0.3429517833792622,0.2550660792951542,0.4742290748898678,0.270704845814978,4
1790449200000,2685.0,2684.64,0.004354401335002089,2.0,0.0025,low_liquidity,0.17013571766443236,0.48272130756769177,0.34714297476787587,0.2550660792951542,0.4742290748898678,0.270704845814978,4
1790452800000,2684.63,2676.87,0.006212479500312007,2.0,0.0025,ranging,0.1977986133793889,0.383393691424888,0.4188076951957231,0.2550660792951542,0.4742290748898678,0.270704845814978,4
1790456400000,2676.87,2686.31,0.005673209718908279,2.0,0.0025,ranging,0.20134151119179006,0.44870780724168813,0.3499506815665217,0.2550660792951542,0.4742290748898678,0.270704845814978,4
1790460000000,2686.32,2688.85,0.003354593971400366,2.0,0.0025,ranging,0.19178160001452726,0.46916430640625634,0.3390540935792163,0.2550660792951542,0.4742290748898678,0.270704845814978,4
1790463600000,2688.85,2696.33,0.00013351481458134806,1.0,0.0025,ranging,0.1831663547424181,0.4597757908668916,0.35705785439069043,0.2550660792951542,0.4742290748898678,0.270704845814978,4
1790467200000,2696.33,2693.5,-0.0005494709485799332,1.0,0.0025,ranging,0.18833154744145242,0.460724948601697,0.35094350395685064,0.2550660792951542,0.4742290748898678,0.270704845814978,4
1790470800000,2693.49,2701.55,0.0012881493957173085,1.0,0.0025,ranging,0.18973244703693257,0.4238704741591492,0.38639707880391827,0.2550660792951542,0.4742290748898678,0.270704845814978,4
1790474400000,2701.56,2697.87,0.003476816896292201,2.0,0.0025,ranging,0.19690923563794993,0.4600632324647449,0.3430275318973053,0.2550660792951542,0.4742290748898678,0.270704845814978,4
1790478000000,2697.87,2696.69,0.008002402945833653,2.0,0.0025,ranging,0.18692054984123263,0.47372087935426693,0.3393585708045003,0.2550660792951542,0.4742290748898678,0.270704845814978,4
1790481600000,2696.69,2692.02,0.008384038751569456,2.0,0.0025,ranging,0.20407202543504643,0.47486827569358897,0.3210596988713647,0.2550660792951542,0.4742290748898678,0.270704845814978,4
1790485200000,2692.01,2705.03,0.0041108601383348375,2.0,0.0025,ranging,0.21075917798986576,0.4541629522462707,0.33507786976386356,0.2550660792951542,0.4742290748898678,0.270704845814978,4
1790488800000,2705.03,2707.25,0.0011192169175362476,1.0,0.0025,ranging,0.20466797767161124,0.4504111238021556,0.3449208985262332,0.2550660792951542,0.4742290748898678,0.270704845814978,4
1790492400000,2707.26,2718.27,-0.0031159524256235693,0.0,0.0025,ranging,0.1985902020038397,0.4285699613127458,0.3728398366834146,0.2550660792951542,0.4742290748898678,0.270704845814978,4
1790496000000,2718.27,2714.59,-0.0026633856309792314,0.0,0.0025,ranging,0.20117610394636157,0.43258153458559123,0.3662423614680471,0.2550660792951542,0.4742290748898678,0.270704845814978,4
1790499600000,2714.59,2716.15,-0.002385729801373304,1.0,0.0025,ranging,0.20985434190219074,0.4294292825770605,0.3607163755207487,0.2550660792951542,0.4742290748898678,0.270704845814978,4
1790503200000,2716.14,2710.28,-0.00812462181029261,0.0,0.0025,ranging,0.21570903744382183,0.4643723142529565,0.3199186483032217,0.2550660792951542,0.4742290748898678,0.270704845814978,4
1790506800000,2710.27,2709.8,-0.007395379732821561,0.0,0.0025,ranging,0.19958360845371456,0.46029597946626993,0.3401204120800156,0.2550660792951542,0.4742290748898678,0.270704845814978,4
1790510400000,2709.81,2707.36,-0.007704922876898612,0.0,0.0025,ranging,0.20899491533907555,0.46631894793944145,0.3246861367214829,0.2550660792951542,0.4742290748898678,0.270704845814978,4
1790514000000,2707.35,2709.67,-0.006757280406839206,0.0,0.0025,ranging,0.21449472223310212,0.4386578000177073,0.3468474777491905,0.2550660792951542,0.4742290748898678,0.270704845814978,4
1790517600000,2709.68,2688.26,0.003719878285582512,2.0,0.002658366568831929,ranging,0.21942851744152495,0.42244720255016066,0.3581242800083144,0.2550660792951542,0.4742290748898678,0.270704845814978,4
1790521200000,2688.25,2689.76,0.0006208732377608328,1.0,0.002657829977933917,ranging,0.21363842147803072,0.43241975759259155,0.3539418209293777,0.2550660792951542,0.4742290748898678,0.270704845814978,4
1790524800000,2689.76,2686.5,-0.00013772566536385256,1.0,0.0026553939512062408,ranging,0.20947911183830167,0.4413644538083476,0.3491564343533507,0.2550660792951542,0.4742290748898678,0.270704845814978,4
1790528400000,2686.5,2691.36,-0.002571190773438037,0.0,0.0025598397955176773,ranging,0.2084978781988233,0.4604051435084339,0.3310969782927427,0.2550660792951542,0.4742290748898678,0.270704845814978,4
1790532000000,2691.35,2698.26,-0.008357237627211633,0.0,0.002526412672739308,ranging,0.2069514902007824,0.4478834464245781,0.3451650633746394,0.2550660792951542,0.4742290748898678,0.270704845814978,4
1790535600000,2698.27,2691.43,-0.0010329081566303744,1.0,0.0025,ranging,0.20686478949389747,0.44862220862866736,0.3445130018774351,0.2550660792951542,0.4742290748898678,0.270704845814978,4
1790539200000,2691.43,2686.13,-0.004698208947444771,0.0,0.0025,ranging,0.20123468072240605,0.43522770138607636,0.3635376178915177,0.2550660792951542,0.4742290748898678,0.270704845814978,4
1790542800000,2686.13,2684.44,-0.010080314702507809,0.0,0.002593416149618783,ranging,0.20742278059706976,0.4268160602151104,0.3657611591878199,0.2550660792951542,0.4742290748898678,0.270704845814978,4
1790546400000,2684.44,2675.71,-0.00848372955215615,0.0,0.002683194650949102,ranging,0.21691069715554098,0.41406618634253306,0.369023116501926,0.2550660792951542,0.4742290748898678,0.270704845814978,4
1790550000000,2675.7,2688.65,-0.013601621631673999,0.0,0.0027572217568929526,ranging,0.2284039266245051,0.43435747082152615,0.3372386025539688,0.2550660792951542,0.4742290748898678,0.270704845814978,4
1790553600000,2688.65,2673.51,-0.005565716978803148,0.0,0.0030798905771469293,ranging,0.21640890542649835,0.40854450934112224,0.3750465852323795,0.2550660792951542,0.4742290748898678,0.270704845814978,4
1790557200000,2673.57,2657.38,-0.002163785382594874,1.0,0.0033557633388580687,ranging,0.22436945833445296,0.41086405498280276,0.36476648668274425,0.2550660792951542,0.4742290748898678,0.270704845814978,4
1790560800000,2657.38,2653.01,-0.0012815632055664938,1.0,0.003349618491513694,ranging,0.23180130778374686,0.4150548892574593,0.35314380295879383,0.2550660792951542,0.4742290748898678,0.270704845814978,4
1790564400000,2653.02,2652.08,-0.002929775874030982,1.0,0.003370331093336435,ranging,0.22060075748240796,0.42143521306607623,0.3579640294515158,0.2550660792951542,0.4742290748898678,0.270704845814978,4
1790568000000,2652.08,2658.63,-0.0027269684010186035,1.0,0.003337246194957663,ranging,0.22314979972003257,0.4334660751565888,0.3433841251233786,0.2550660792951542,0.4742290748898678,0.270704845814978,4
1790571600000,2658.62,2651.63,-0.00380143534354338,0.0,0.0035164499105106712,ranging,0.22416407315979808,0.4214654381845738,0.3543704886556281,0.2550660792951542,0.4742290748898678,0.270704845814978,4
1790575200000,2651.64,2649.61,0.002638124101282724,1.0,0.0034371153541921866,ranging,0.22380635812696334,0.4337439973198679,0.3424496445531688,0.2550660792951542,0.4742290748898678,0.270704845814978,4
1790578800000,2649.61,2644.31,0.009337029319557821,2.0,0.0034284719637117118,ranging,0.2231284089517523,0.4467206934754721,0.3301508975727757,0.2550660792951542,0.4742290748898678,0.270704845814978,4
1790582400000,2644.31,2651.38,0.014909217086950921,2.0,0.0033832854448495493,ranging,0.2240793221902102,0.4207321918536699,0.3551884859561199,0.2550660792951542,0.4742290748898678,0.270704845814978,4
1790586000000,2651.38,2641.55,0.018587571690863225,2.0,0.0034325322988382795,ranging,0.216563341558068,0.4181372103028529,0.36529944813907905,0.2550660792951542,0.4742290748898678,0.270704845814978,4
1790589600000,2641.56,2656.6,0.003963713016637893,2.0,0.0034619350733470083,ranging,0.22557682989781058,0.42778347686442086,0.3466396932377686,0.2550660792951542,0.4742290748898678,0.270704845814978,4
1790593200000,2656.6,2669.0,0.003353315848632299,1.0,0.0034073408260476843,ranging,0.24579378923642997,0.44310532870302993,0.3111008820605402,0.2550660792951542,0.4742290748898678,0.270704845814978,4
1790596800000,2668.99,2690.91,-0.0013229725260227587,1.0,0.0035959291689793833,ranging,0.23968144778696512,0.43191937611385917,0.32839917609917585,0.2550660792951542,0.4742290748898678,0.270704845814978,4
1790600400000,2690.91,2690.65,0.001880586475387025,1.0,0.003628655393446564,ranging,0.24343932386452227,0.44117894840882127,0.31538172772665646,0.2550660792951542,0.4742290748898678,0.270704845814978,4
1790604000000,2690.65,2667.13,0.012200380183942983,2.0,0.004025374017520736,ranging,0.22129268389962617,0.4701296395803115,0.3085776765200623,0.2550660792951542,0.4742290748898678,0.270704845814978,4
1790607600000,2667.13,2677.95,-0.0016617188521069748,1.0,0.004150044022041139,ranging,0.23149093858884273,0.46525533604493635,0.30325372536622086,0.2550660792951542,0.4742290748898678,0.270704845814978,4
1790611200000,2677.94,2687.35,-0.0016559063761697468,1.0,0.004284436740780906,ranging,0.22897265241633472,0.42940779824800157,0.3416195493356637,0.2550660792951542,0.4742290748898678,0.270704845814978,4
1790614800000,2687.35,2695.71,-0.007919991393733006,0.0,0.00459404953954321,ranging,0.23201318143822178,0.4304756086438678,0.33751120991791045,0.2550660792951542,0.4742290748898678,0.270704845814978,4
1790618400000,2695.71,2699.67,-0.0044635085028911226,0.0,0.00445395518434122,ranging,0.2312167394709875,0.437904865286779,0.3308783952422334,0.2550660792951542,0.4742290748898678,0.270704845814978,4
1790622000000,2699.68,2673.5,0.005689171498036272,2.0,0.004742331334062785,ranging,0.22246424800655057,0.4383631565741646,0.33917259541928485,0.2550660792951542,0.4742290748898678,0.270704845814978,4
1790625600000,2673.49,2682.9,-0.0021133847702113906,1.0,0.004634806064892977,ranging,0.22526381553663302,0.4707240713144175,0.30401211314894944,0.2550660792951542,0.4742290748898678,0.270704845814978,4
1790629200000,2682.9,2674.36,-0.0032718108257676626,1.0,0.004568766665923748,ranging,0.21132173800856965,0.4589568475210952,0.32972141447033504,0.2550660792951542,0.4742290748898678,0.270704845814978,4
1790632800000,2674.37,2687.62,-0.011158571524248151,0.0,0.004538663753188901,ranging,0.20917114642547216,0.4599993168262798,0.3308295367482479,0.2550660792951542,0.4742290748898678,0.270704845814978,4
1790636400000,2687.62,2688.71,-0.008743970156692371,0.0,0.004353193411192202,ranging,0.21105037173661267,0.4652904843269412,0.32365914393644607,0.2550660792951542,0.4742290748898678,0.270704845814978,4
1790640000000,2688.71,2677.23,-0.0034214467938876725,1.0,0.004350129759273728,ranging,0.21534467012125375,0.45717263540906317,0.3274826944696831,0.2550660792951542,0.4742290748898678,0.270704845814978,4
1790643600000,2677.22,2665.61,0.004100374773504001,1.0,0.004452207204260005,ranging,0.21529374321710962,0.4264104684245997,0.3582957883582907,0.2550660792951542,0.4742290748898678,0.270704845814978,4
1790647200000,2665.61,2657.63,0.018475107520610434,2.0,0.004398979127878108,ranging,0.2043506792697942,0.43543917810666355,0.36021014262354234,0.2550660792951542,0.4742290748898678,0.270704845814978,4
1790650800000,2657.63,2665.2,0.017694732102656596,2.0,0.004297001717777683,ranging,0.1988472052892234,0.4698892364119408,0.3312635582988358,0.2550660792951542,0.4742290748898678,0.270704845814978,4
1790654400000,2665.21,2668.07,0.015280708527137588,2.0,0.004168095737391608,ranging,0.19893230220592592,0.4864234390314922,0.31464425876258184,0.2550660792951542,0.4742290748898678,0.270704845814978,4
1790658000000,2668.06,2676.54,0.015351909554873089,2.0,0.004208312264629802,ranging,0.20863400493803513,0.4688464163306166,0.3225195787313483,0.2550660792951542,0.4742290748898678,0.270704845814978,4
1790661600000,2676.54,2706.73,0.0029814573304320913,1.0,0.004382365157906383,ranging,0.20855316817093678,0.4108114232035097,0.38063540862555345,0.2550660792951542,0.4742290748898678,0.270704845814978,4
1790665200000,2706.74,2712.36,0.007414207553569474,2.0,0.004369953792748204,ranging,0.22111671335928576,0.4068018198927308,0.3720814667479834,0.2550660792951542,0.4742290748898678,0.270704845814978,4
1790668800000,2712.35,2708.84,0.010332836195567019,2.0,0.0045166814234896754,ranging,0.2236064850667348,0.4067284797572967,0.36966503517596855,0.2550660792951542,0.4742290748898678,0.270704845814978,4
1790672400000,2708.83,2717.63,0.003385302635016574,1.0,0.004483596132178061,ranging,0.24115774053880337,0.4100113133312824,0.34883094612991433,0.2550660792951542,0.4742290748898678,0.270704845814978,4
1790676000000,2717.63,2714.8,-0.0014034182996907063,1.0,0.004337226094976312,ranging,0.23664033974789478,0.4452171510836341,0.31814250916847125,0.2550660792951542,0.4742290748898678,0.270704845814978,4
1790679600000,2714.8,2732.47,-0.021336007348662478,0.0,0.004374041441164487,ranging,0.2574267655718074,0.41822321892377756,0.32435001550441506,0.2550660792951542,0.4742290748898678,0.270704845814978,4
1790683200000,2732.47,2736.83,-0.022230098325434988,0.0,0.004352198430238199,ranging,0.240815778475207,0.41262971198078235,0.3465545095440105,0.2550660792951542,0.4742290748898678,0.270704845814978,4
1790686800000,2736.83,2726.83,-0.01946215935720219,0.0,0.004358225327781825,ranging,0.2556406118041619,0.43222838508392475,0.3121310031119134,0.2550660792951542,0.4742290748898678,0.270704845814978,4
1790690400000,2726.83,2710.99,-0.005580987019501937,0.0,0.004458039693913063,ranging,0.25885122567786295,0.42849251502286545,0.3126562592992716,0.2550660792951542,0.4742290748898678,0.270704845814978,4
1790694000000,2710.99,2674.17,0.005923333221149019,2.0,0.00489294978541854,ranging,0.2172649988261911,0.42366715192328186,0.35906784925052715,0.2550660792951542,0.4742290748898678,0.270704845814978,4
1790697600000,2674.16,2675.99,0.004958912402512894,2.0,0.004795969605367549,ranging,0.2239928897146146,0.43155004283603354,0.34445706744935173,0.2550660792951542,0.4742290748898678,0.270704845814978,4
1790701200000,2675.99,2673.76,0.0021243492310454304,1.0,0.004633110759900387,ranging,0.21859947295303922,0.4573561438045165,0.3240443832424443,0.2550660792951542,0.4742290748898678,0.270704845814978,4
1790704800000,2673.77,2695.86,-0.0052042761864489195,0.0,0.004650987093704693,ranging,0.21653279971517952,0.46578790584970786,0.3176792944351126,0.2550660792951542,0.4742290748898678,0.270704845814978,4
1790708400000,2695.85,2690.01,-0.004472102334192152,1.0,0.004541813462819082,ranging,0.21829029269577377,0.46313305946979555,0.3185766478344305,0.2550660792951542,0.4742290748898678,0.270704845814978,4
1790712000000,2690.01,2689.26,-0.006187575764336817,0.0,0.0043373006283867165,low_liquidity,0.19230194985516053,0.5116758345305586,0.2960222156142808,0.2550660792951542,0.4742290748898678,0.270704845814978,4
1790715600000,2689.25,2679.44,-0.002563968590451715,1.0,0.004259623496557876,ranging,0.22427340447618774,0.44368138650541233,0.3320452090184,0.2550660792951542,0.4742290748898678,0.270704845814978,4
1790719200000,2679.44,2681.83,-0.0027369370914637203,1.0,0.004130342568880778,ranging,0.21751759915979282,0.4670331268227464,0.31544927401746065,0.2550660792951542,0.4742290748898678,0.270704845814978,4
1790722800000,2681.84,2677.98,-0.0024010634881515003,1.0,0.004044236859485775,ranging,0.23594826012447448,0.45080476325312235,0.31324697662240314,0.2550660792951542,0.4742290748898678,0.270704845814978,4
1790726400000,2677.98,2672.62,-0.0009803114546773628,1.0,0.003952916467322975,ranging,0.22731122638296014,0.4493372045298055,0.3233515690872342,0.2550660792951542,0.4742290748898678,0.270704845814978,4
1790730000000,2672.62,2672.57,0.0009429126271716104,1.0,0.0038053357660458855,ranging,0.2251622298641964,0.42506729386786035,0.34977047626794316,0.2550660792951542,0.4742290748898678,0.270704845814978,4
1790733600000,2672.58,2674.49,-0.004643876028700644,0.0,0.0037253655491967324,ranging,0.22955511918318405,0.44400200983084853,0.32644287098596747,0.2550660792951542,0.4742290748898678,0.270704845814978,4
1790737200000,2674.49,2671.55,0.0012427242611965372,1.0,0.0035970260121792625,ranging,0.229614358421042,0.44898204210391396,0.321403599475044,0.2550660792951542,0.4742290748898678,0.270704845814978,4
1790740800000,2671.54,2670.0,0.0004157303370786458,1.0,0.0034481341079959263,ranging,0.22038931787814978,0.4656419709872055,0.31396871113464464,0.2550660792951542,0.4742290748898678,0.270704845814978,4
1790744400000,2669.99,2675.09,0.005076464717074902,2.0,0.0034134695304921226,ranging,0.23111121330851622,0.4484517071226705,0.3204370795688134,0.2550660792951542,0.4742290748898678,0.270704845814978,4
1790748000000,2675.09,2662.07,0.012599217901858362,2.0,0.00350665343355826,ranging,0.22042410231622445,0.43242177870985665,0.34715411897391896,0.2550660792951542,0.4742290748898678,0.270704845814978,4
1790751600000,2662.08,2674.87,0.008572379218429349,2.0,0.0035251496808747936,ranging,0.2251399029511425,0.4487603448602526,0.3260997521886049,0.2550660792951542,0.4742290748898678,0.270704845814978,4
1790755200000,2674.87,2671.11,0.02242513412027214,2.0,0.003436322156317577,ranging,0.21703140898262707,0.4495770454681242,0.3333915455492487,0.2550660792951542,0.4742290748898678,0.270704845814978,4
1790758800000,2671.1,2688.67,0.007933290437279306,2.0,0.003636591649256716,ranging,0.23348581114542089,0.4533957040665574,0.3131184847880216,0.2550660792951542,0.4742290748898678,0.270704845814978,4
1790762400000,2688.68,2695.61,-0.006458649433708996,0.0,0.003529355754220795,ranging,0.2189613539656148,0.4588385820667694,0.32220006396761575,0.2550660792951542,0.4742290748898678,0.270704845814978,4
1790766000000,2695.6,2697.8,-0.005219067388242404,0.0,0.00350701012042237,ranging,0.21564247962051486,0.45414644427045886,0.3302110761090264,0.2550660792951542,0.4742290748898678,0.270704845814978,4
1790769600000,2697.79,2731.01,-0.012881681136283074,0.0,0.003937207813158114,ranging,0.22810946149529873,0.4014886810133553,0.370401857491346,0.2550660792951542,0.4742290748898678,0.270704845814978,4
1790773200000,2731.0,2710.0,-0.01006642066420671,0.0,0.004443257797247446,ranging,0.24624913042857563,0.42688549442075346,0.3268653751506709,0.2550660792951542,0.4742290748898678,0.270704845814978,4
1790776800000,2710.0,2678.2,0.0003547158539318751,1.0,0.004903292515149502,ranging,0.22715158977589767,0.437663917324249,0.3351844928998534,0.2550660792951542,0.4742290748898678,0.270704845814978,4
1790780400000,2678.2,2683.72,-0.005257627472314397,0.0,0.004830181724912599,ranging,0.2222774693868221,0.4441952331256604,0.3335272974875174,0.2550660792951542,0.4742290748898678,0.270704845814978,4
1790784000000,2683.73,2695.83,-0.004937254945601155,0.0,0.0046879047291603195,ranging,0.2173663166718499,0.46937318449029236,0.3132604988378578,0.2550660792951542,0.4742290748898678,0.270704845814978,4
1790787600000,2695.83,2682.72,0.0005926820540347322,1.0,0.00471859383328859,ranging,0.22706819080536483,0.45708308573582157,0.3158487234588136,0.2550660792951542,0.4742290748898678,0.270704845814978,4
1790791200000,2682.71,2679.15,0.002930033779370289,1.0,0.0045617522249785875,ranging,0.21438104567810126,0.4677712342777759,0.3178477200441228,0.2550660792951542,0.4742290748898678,0.270704845814978,4
1790794800000,2679.16,2669.61,0.006143219421563373,2.0,0.004458785048756935,ranging,0.221817955083504,0.45369133272677964,0.32449071218971637,0.2550660792951542,0.4742290748898678,0.270704845814978,4
1790798400000,2669.62,2682.52,0.0009095924727495763,1.0,0.004342127738154424,ranging,0.21703698424760623,0.4744644937671179,0.30849852198527583,0.2550660792951542,0.4742290748898678,0.270704845814978,4
1790802000000,2682.51,2684.31,0.0021234507191794094,1.0,0.004093629235446039,low_liquidity,0.17547219598942493,0.5583421626380523,0.2661856413725228,0.2550660792951542,0.4742290748898678,0.270704845814978,4
1790805600000,2684.31,2687.0,7.44324525503437e-06,1.0,0.0040229520072572154,ranging,0.22373763680010872,0.47723834787736036,0.2990240153225311,0.2550660792951542,0.4742290748898678,0.270704845814978,4
1790809200000,2687.0,2686.01,0.0037453322958589386,1.0,0.0038935004647228134,ranging,0.21725966274637784,0.4759267191036126,0.30681361815000957,0.2550660792951542,0.4742290748898678,0.270704845814978,4
1790812800000,2686.01,2684.96,0.008420982063047644,2.0,0.003769722437531701,ranging,0.22046002470944479,0.44499976180501344,0.3345402134855418,0.2550660792951542,0.4742290748898678,0.270704845814978,4
1790816400000,2684.95,2690.01,0.010390295946855144,2.0,0.003633449090374501,ranging,0.21451065067297065,0.48368438674618286,0.30180496258084655,0.2550660792951542,0.4742290748898678,0.270704845814978,4
1790820000000,2690.0,2687.02,0.010491176098428756,2.0,0.0035441861520191273,ranging,0.22004994449183915,0.4549739653503022,0.3249760901578588,0.2550660792951542,0.4742290748898678,0.270704845814978,4
1790823600000,2687.02,2696.07,-0.006895221563238407,0.0,0.003468034370784661,ranging,0.22155503622153824,0.4670504637362753,0.31139450004218644,0.2550660792951542,0.4742290748898678,0.270704845814978,4
1790827200000,2696.08,2707.57,-0.007527044545478034,0.0,0.003498836451096588,ranging,0.22611212307082634,0.4413750056232105,0.3325128713059632,0.2550660792951542,0.4742290748898678,0.270704845814978,4
1790830800000,2707.57,2717.96,-0.009852977968770715,0.0,0.003469552792972954,ranging,0.22493745450121552,0.4524516041189348,0.32261094137984964,0.2550660792951542,0.4742290748898678,0.270704845814978,4
1790834400000,2717.96,2715.21,-0.00489464903267145,0.0,0.003382200224961659,ranging,0.2148202956300034,0.44858176274010125,0.3365979416298953,0.2550660792951542,0.4742290748898678,0.270704845814978,4
1790838000000,2715.21,2677.48,0.010860958812017207,2.0,0.003921330887535935,ranging,0.21626934097244496,0.4255687179402862,0.35816194108726895,0.2550660792951542,0.4742290748898678,0.270704845814978,4
1790841600000,2677.47,2687.19,0.0020690758747985427,1.0,0.003874007136554126,ranging,0.22292547675077823,0.4331936572167444,0.3438808660324773,0.2550660792951542,0.4742290748898678,0.270704845814978,4
1790845200000,2687.19,2691.18,0.002411581536723828,1.0,0.0037930921455750044,ranging,0.2216196592011714,0.44721351369940054,0.33116682709942824,0.2550660792951542,0.4742290748898678,0.270704845814978,4
1790848800000,2691.18,2701.92,-0.004352460472552888,0.0,0.003970050354781334,ranging,0.22653398304889868,0.4529251434417905,0.320540873509311,0.2550660792951542,0.4742290748898678,0.270704845814978,4
1790852400000,2701.92,2706.56,-0.0088193130763774,0.0,0.0038939217496347543,ranging,0.23133614151961016,0.4662718966618558,0.3023919618185341,0.2550660792951542,0.4742290748898678,0.270704845814978,4
1790856000000,2706.56,2692.75,-0.004634667161823369,0.0,0.004001663913922004,ranging,0.22789680997554934,0.45203514006035306,0.32006804996409755,0.2550660792951542,0.4742290748898678,0.270704845814978,4
1790859600000,2692.75,2697.67,0.0012529330867008248,1.0,0.004011537113635502,ranging,0.24835642227969926,0.44806475365230375,0.3035788240679971,0.2550660792951542,0.4742290748898678,0.270704845814978,4
1790863200000,2697.66,2690.16,0.003799030540934556,1.0,0.004113760711774821,ranging,0.22726519608350285,0.44186357554016753,0.33087122837632954,0.2550660792951542,0.4742290748898678,0.270704845814978,4
1790866800000,2690.17,2682.69,0.006713410792898111,2.0,0.004197353315223739,ranging,0.2209448361972235,0.4389157141623411,0.3401394496404355,0.2550660792951542,0.4742290748898678,0.270704845814978,4
1790870400000,2682.68,2680.27,0.006920944531707773,2.0,0.004191597193774946,ranging,0.223769589847724,0.4349204748115044,0.34130993534077164,0.2550660792951542,0.4742290748898678,0.270704845814978,4
1790874000000,2680.26,2701.05,-0.0028137205901409557,1.0,0.004381892722599129,ranging,0.21782476350012478,0.44921449539534064,0.33296074110453466,0.2550660792951542,0.4742290748898678,0.270704845814978,4
1790877600000,2701.05,2700.38,0.0010554070167902996,1.0,0.004410814335096037,ranging,0.2250796953446941,0.4548406825642459,0.32007962209105995,0.2550660792951542,0.4742290748898678,0.270704845814978,4
1790881200000,2700.37,2700.7,0.002117969415336818,1.0,0.00430934235528054,ranging,0.21883216375352627,0.46809229011730835,0.31307554612916544,0.2550660792951542,0.4742290748898678,0.270704845814978,4
1790884800000,2700.7,2698.82,0.0035422888521650098,1.0,0.004172011992695756,ranging,0.2072921331290605,0.45507054961678145,0.33763731725415813,0.2550660792951542,0.4742290748898678,0.270704845814978,4
1790888400000,2698.82,2693.45,0.00838330022833178,2.0,0.0040363957611362295,ranging,0.2213981027256402,0.46588589723187607,0.3127160000424838,0.2550660792951542,0.4742290748898678,0.270704845814978,4
1790892000000,2693.44,2703.23,0.006588414600311454,2.0,0.003912086972062015,ranging,0.2293699450421709,0.4558932171062421,0.314736837851587,0.2550660792951542,0.4742290748898678,0.270704845814978,4
1790895600000,2703.23,2706.42,0.004888376526924976,2.0,0.0037664548225366115,low_liquidity,0.195536583903451,0.5097697211540313,0.29469369494251774,0.2550660792951542,0.4742290748898678,0.270704845814978,4
1790899200000,2706.43,2708.38,0.012693935119887145,2.0,0.0036222737416706685,ranging,0.21452288682350548,0.4657445715184143,0.31973254165808,0.2550660792951542,0.4742290748898678,0.270704845814978,4
1790902800000,2708.37,2716.03,0.0017010121390410582,1.0,0.003709574500651375,ranging,0.22055113495254938,0.4525367898154599,0.3269120752319906,0.2550660792951542,0.4742290748898678,0.270704845814978,4
1790906400000,2716.03,2721.04,0.0030797048187458653,1.0,0.003659554099143136,ranging,0.2270315832393857,0.4334089596907713,0.33955945706984314,0.2550660792951542,0.4742290748898678,0.270704845814978,4
1790910000000,2721.05,2719.65,0.0064861287297997006,2.0,0.0036110557849387596,ranging,0.2362999122646999,0.434446180470658,0.32925390726464215,0.2550660792951542,0.4742290748898678,0.270704845814978,4
1790913600000,2719.65,2742.76,0.004003266782365067,2.0,0.0038500452685723543,ranging,0.24491308718648128,0.41437021122906387,0.3407167015844548,0.2550660792951542,0.4742290748898678,0.270704845814978,4
1790917200000,2742.76,2720.65,0.009755021777883899,2.0,0.004079664578338255,ranging,0.2582906993820548,0.439836352499937,0.3018729481180081,0.2550660792951542,0.4742290748898678,0.270704845814978,4
1790920800000,2720.65,2729.42,0.005151277560800471,2.0,0.003987278633129999,ranging,0.24939571350283002,0.4442894836297225,0.3063148028674476,0.2550660792951542,0.4742290748898678,0.270704845814978,4
1790924400000,2729.42,2737.29,0.0034121338988561956,1.0,0.003962220575013187,ranging,0.25072285925053134,0.44405916566878223,0.3052179750806865,0.2550660792951542,0.4742290748898678,0.270704845814978,4
1790928000000,2737.29,2753.74,0.0005229251853842154,1.0,0.004282402111079894,ranging,0.2651715141318342,0.4203923933662512,0.31443609250191457,0.2550660792951542,0.4742290748898678,0.270704845814978,4
1790931600000,2753.73,2747.19,-0.0009682621151066995,1.0,0.004157289184890396,trending,0.2523196224499608,0.4502555043241085,0.29742487322593075,0.2550660792951542,0.4742290748898678,0.270704845814978,4
1790935200000,2747.19,2743.48,-0.012287313922463405,0.0,0.0041328433383332665,trending,0.24424969543108738,0.4447616362448813,0.3109886683240313,0.2550660792951542,0.4742290748898678,0.270704845814978,4
1790938800000,2743.49,2746.63,-0.017938346264331217,0.0,0.00399411147333426,trending,0.2388025583375017,0.45993342139167437,0.30126402027082405,0.2550660792951542,0.4742290748898678,0.270704845814978,4
1790942400000,2746.63,2755.18,-0.023628220297766345,0.0,0.0041426513784438455,trending,0.25543380690654716,0.43817260732017627,0.3063935857732765,0.2550660792951542,0.4742290748898678,0.270704845814978,4
1790946000000,2755.19,2744.53,-0.0218762411050345,0.0,0.004293911185500712,trending,0.24712679408644583,0.4525513337192177,0.30032187219433637,0.2550660792951542,0.4742290748898678,0.270704845814978,4
1790949600000,2744.53,2709.77,-0.016529078113640683,0.0,0.004864408230146299,trending,0.21016068306552924,0.4411484825120693,0.3486908344224014,0.2550660792951542,0.4742290748898678,0.270704845814978,4
1790953200000,2709.77,2697.36,-0.01086988759379548,0.0,0.004862335166010096,trending,0.20165254561120438,0.4573887442036289,0.34095871018516677,0.2550660792951542,0.4742290748898678,0.270704845814978,4
1790956800000,2697.36,2690.08,-0.010535002676500427,0.0,0.004793938390150295,trending,0.2253318190485439,0.4568801105096391,0.3177880704418169,0.2550660792951542,0.4742290748898678,0.270704845814978,4
1790960400000,2690.08,2684.49,-0.007092594869044011,0.0,0.004709514156173368,trending,0.2140308490794989,0.4776008247583961,0.3083683261621051,0.2550660792951542,0.4742290748898678,0.270704845814978,4
1790964000000,2684.48,2664.98,0.001136969132976784,1.0,0.0050229904577781875,high_volatility,0.2071894975637902,0.4891726103732206,0.30363789206298913,0.2550660792951542,0.4742290748898678,0.270704845814978,4
1790967600000,2664.98,2668.04,0.0002061438359246548,1.0,0.004892253661655491,trending,0.1942671095549725,0.5275513648076698,0.27818152563735765,0.2550660792951542,0.4742290748898678,0.270704845814978,4
1790971200000,2668.04,2661.74,0.0056391683635517165,2.0,0.004752086711613001,trending,0.20983954269769858,0.507985409432917,0.2821750478693844,0.2550660792951542,0.4742290748898678,0.270704845814978,4
1790974800000,2661.73,2665.45,0.005368699469132876,2.0,0.004552666011608717,trending,0.21745051141948035,0.5086763943155438,0.2738730942649758,0.2550660792951542,0.4742290748898678,0.270704845814978,4
1790978400000,2665.45,2668.01,0.00342202615432452,1.0,0.004342127306985672,trending,0.21727628522017242,0.5209203497596309,0.2618033650201966,0.2550660792951542,0.4742290748898678,0.270704845814978,4
1790982000000,2668.0,2668.59,0.005040114817188135,2.0,0.004100477566056581,trending,0.20216838119922664,0.549006267709615,0.24882535109115836,0.2550660792951542,0.4742290748898678,0.270704845814978,4
1790985600000,2668.59,2676.75,-0.000276454655832592,1.0,0.004005561503530086,ranging,0.23665252037655332,0.49519087654134236,0.2681566030821042,0.2550660792951542,0.4742290748898678,0.270704845814978,4
1790989200000,2676.82,2679.76,-0.0007537988476581381,1.0,0.0038745614695096377,ranging,0.2421224901939667,0.49058604089770164,0.2672914689083318,0.2550660792951542,0.4742290748898678,0.270704845814978,4
1790992800000,2679.76,2677.14,0.0011019222005574925,1.0,0.0037133879802948274,low_liquidity,0.1979511821563519,0.5488358800449131,0.253212937798735,0.2550660792951542,0.4742290748898678,0.270704845814978,4
1790996400000,2677.15,2682.04,-0.00019761077388846804,1.0,0.0035364438334882743,low_liquidity,0.19956117919064065,0.5499366555957655,0.25050216521359386,0.2550660792951542,0.4742290748898678,0.270704845814978,4
1791000000000,2682.04,2676.01,0.00261583476892846,1.0,0.003458920707887475,low_liquidity,0.1996617332087494,0.5325305582162214,0.26780770857502917,0.2550660792951542,0.4742290748898678,0.270704845814978,4
1791003600000,2676.02,2677.74,0.0011166132634237158,1.0,0.0032819622743081155,ranging,0.20372471795904906,0.5241184821159388,0.2721567999250122,0.2550660792951542,0.4742290748898678,0.270704845814978,4
1791007200000,2677.74,2680.09,0.0012574204597606276,1.0,0.0031540822878889335,ranging,0.19818822406891506,0.5219166135483722,0.27989516238271284,0.2550660792951542,0.4742290748898678,0.270704845814978,4
1791010800000,2680.1,2681.51,0.0011336896002624997,1.0,0.0030154629610695694,ranging,0.21056496653888332,0.5007472290858794,0.2886878043752373,0.2550660792951542,0.4742290748898678,0.270704845814978,4
1791014400000,2681.51,2683.01,-0.0001267233443036364,1.0,0.002893549811102077,ranging,0.20784934255648221,0.5034106254834193,0.2887400319600985,0.2550660792951542,0.4742290748898678,0.270704845814978,4
1791018000000,2683.01,2680.73,0.00047002122556150105,1.0,0.002794667870929207,ranging,0.2070130489103552,0.508216812782599,0.28477013830704573,0.2550660792951542,0.4742290748898678,0.270704845814978,4
1791021600000,2680.72,2683.46,3.7265321636947846e-05,1.0,0.0026794498260047225,ranging,0.21042256018626887,0.4869126052836243,0.3026648345301068,0.2550660792951542,0.4742290748898678,0.270704845814978,4
1791025200000,2683.47,2684.55,-0.001065355459946793,1.0,0.0025624021475048517,ranging,0.20671114096041734,0.4933336672178732,0.2999551918217094,0.2550660792951542,0.4742290748898678,0.270704845814978,4
1791028800000,2684.54,2682.67,-0.00036903532674548156,1.0,0.0025,ranging,0.2132734975631992,0.48080244249756715,0.3059240599392336,0.2550660792951542,0.4742290748898678,0.270704845814978,4
1791032400000,2682.67,2681.99,0.002617459423786217,2.0,0.0025,ranging,0.20910705650279637,0.48204651060403214,0.30884643289317154,0.2550660792951542,0.4742290748898678,0.270704845814978,4
1791036000000,2681.99,2683.56,0.00058877014115577,1.0,0.0025,ranging,0.2062253509262935,0.4684586835783248,0.32531596549538166,0.2550660792951542,0.4742290748898678,0.270704845814978,4
1791039600000,2683.56,2681.69,0.0014095588975606699,1.0,0.0025,ranging,0.20563190247327096,0.4657561130108425,0.3286119845158866,0.2550660792951542,0.4742290748898678,0.270704845814978,4
1791043200000,2681.69,2681.68,0.0018868768831479255,1.0,0.0025,ranging,0.2210802627473491,0.4565619406822125,0.32235779657043845,0.2550660792951542,0.4742290748898678,0.270704845814978,4
1791046800000,2681.67,2689.01,-0.0014243160122128229,1.0,0.0025,ranging,0.21254525785835213,0.42189897043066715,0.3655557717109808,0.2550660792951542,0.4742290748898678,0.270704845814978,4
1791050400000,2689.01,2685.14,0.0005362848864491898,1.0,0.0025,ranging,0.19634376046330915,0.4486221926867554,0.3550340468499355,0.2550660792951542,0.4742290748898678,0.270704845814978,4
1791054000000,2685.15,2685.47,0.0006553787605150241,1.0,0.0025,ranging,0.1950309171530376,0.4378308019209739,0.36713828092598844,0.2550660792951542,0.4742290748898678,0.270704845814978,4
1791057600000,2685.47,2686.74,0.002512338372897993,2.0,0.0025,ranging,0.1843270573865639,0.4498496296553761,0.36582331295806003,0.2550660792951542,0.4742290748898678,0.270704845814978,4
1791061200000,2686.74,2685.18,0.003578903462710281,2.0,0.0025,ranging,0.1977486010969801,0.4488900455328402,0.3533613533701796,0.2550660792951542,0.4742290748898678,0.270704845814978,4
1791064800000,2685.18,2686.58,0.0022482114807673703,1.0,0.0025,ranging,0.19163261309472757,0.451143914110146,0.35722347279512634,0.2550660792951542,0.4742290748898678,0.270704845814978,4
1791068400000,2686.59,2687.23,0.0026830602516345614,2.0,0.0025,low_liquidity,0.16716046186451367,0.48932380858612246,0.34351572954936377,0.2550660792951542,0.4742290748898678,0.270704845814978,4
1791072000000,2687.24,2693.49,-0.00040467943077560076,1.0,0.0025,ranging,0.2016665824074175,0.44882763048462704,0.3495057871079553,0.2550660792951542,0.4742290748898678,0.270704845814978,4
1791075600000,2693.5,2694.79,-1.8554321487118663e-05,1.0,0.0025,ranging,0.18234342328466885,0.4953041472567846,0.32235242945854653,0.2550660792951542,0.4742290748898678,0.270704845814978,4
1791079200000,2694.8,2692.62,0.0013258462018406192,1.0,0.0025,ranging,0.18927281183075628,0.49866767196827794,0.31205951620096584,0.2550660792951542,0.4742290748898678,0.270704845814978,4
1791082800000,2692.62,2694.44,0.004127017116729137,2.0,0.0025,ranging,0.20463175683012358,0.49262251509191296,0.30274572807796346,0.2550660792951542,0.4742290748898678,0.270704845814978,4
1791086400000,2694.45,2692.4,0.0029638983806270502,2.0,0.0025,low_liquidity,0.17670071961639694,0.5277891018765295,0.29551017850707356,0.2550660792951542,0.4742290748898678,0.270704845814978,4
1791090000000,2692.41,2694.74,0.002516012676547774,2.0,0.0025,ranging,0.19501596418009146,0.49760448705560323,0.30737954876430523,0.2550660792951542,0.4742290748898678,0.270704845814978,4
1791093600000,2694.74,2696.19,0.0019620278986272055,1.0,0.0025,ranging,0.19335851206274174,0.47854356763522427,0.3280979203020339,0.2550660792951542,0.4742290748898678,0.270704845814978,4
1791097200000,2696.2,2705.56,-0.002058723517497363,1.0,0.0025,ranging,0.22818870093312552,0.4495547331283746,0.32225656593849983,0.2550660792951542,0.4742290748898678,0.270704845814978,4
1791100800000,2705.57,2700.38,-0.001907138995252522,1.0,0.0025,ranging,0.21568215383758332,0.46718429263594463,0.3171335535264721,0.2550660792951542,0.4742290748898678,0.270704845814978,4
1791104400000,2700.37,2701.52,-0.0009143000977226423,1.0,0.0025,ranging,0.2130590979754158,0.47640620869166433,0.3105346933329199,0.2550660792951542,0.4742290748898678,0.270704845814978,4
1791108000000,2701.53,2701.48,-0.001484371529680062,1.0,0.0025,ranging,0.21921946442704077,0.4648309091656801,0.31594962640727914,0.2550660792951542,0.4742290748898678,0.270704845814978,4
1791111600000,2701.49,2699.99,-0.00037037174211751456,1.0,0.0025,ranging,0.19422893081205284,0.48952066354536083,0.31625040564258644,0.2550660792951542,0.4742290748898678,0.270704845814978,4
1791115200000,2700.0,2695.23,0.002964496536473682,2.0,0.0025,ranging,0.20505574687267997,0.46942375794521385,0.3255204951821062,0.2550660792951542,0.4742290748898678,0.270704845814978,4
1791118800000,2695.23,2699.05,0.001144847261073334,1.0,0.0025,ranging,0.19247746302299515,0.47743949382960604,0.33008304314739884,0.2550660792951542,0.4742290748898678,0.270704845814978,4
1791122400000,2699.05,2697.47,0.0013197551780002037,1.0,0.0025,ranging,0.19591817011923685,0.4789255172401906,0.3251563126405725,0.2550660792951542,0.4742290748898678,0.270704845814978,4
1791126000000,2697.46,2698.99,0.0009818487656494401,1.0,0.0025,ranging,0.19900305344861258,0.47327402821919884,0.3277229183321886,0.2550660792951542,0.4742290748898678,0.270704845814978,4
1791129600000,2698.98,2703.22,0.0009322215727909366,1.0,0.0025,ranging,0.1945367316741971,0.4311163310400188,0.3743469372857841,0.2550660792951542,0.4742290748898678,0.270704845814978,4
1791133200000,2703.22,2702.14,0.0001221254265137972,1.0,0.0025,ranging,0.18279502419540827,0.4991028681434659,0.3181021076611258,0.2550660792951542,0.4742290748898678,0.270704845814978,4
1791136800000,2702.14,2701.03,0.011058744256820408,2.0,0.0025,low_liquidity,0.16349150530117107,0.5245195771075069,0.31198891759132213,0.2550660792951542,0.4742290748898678,0.270704845814978,4
1791140400000,2701.02,2701.64,0.009364682193038432,2.0,0.0025,ranging,0.18162969406429197,0.4841945424308993,0.3341757635048087,0.2550660792951542,0.4742290748898678,0.270704845814978,4
1791144000000,2701.64,2705.74,0.008703718760856516,2.0,0.0025,ranging,0.18289835566248114,0.4825058399485949,0.33459580438892395,0.2550660792951542,0.4742290748898678,0.270704845814978,4
1791147600000,2705.73,2702.47,0.008225808242089627,2.0,0.0025,trending,0.18465257438388327,0.4902660718856999,0.32508135373041686,0.2550660792951542,0.4742290748898678,0.270704845814978,4
1791151200000,2702.47,2730.9,8.055952250174414e-05,1.0,0.0025,trending,0.2188379042488284,0.42283934626108227,0.35832274949008935,0.2550660792951542,0.4742290748898678,0.270704845814978,4
1791154800000,2730.9,2726.94,-0.0039531489508387585,0.0,0.0025,trending,0.2103081531081488,0.4234040475346723,0.366287799357179,0.2550660792951542,0.4742290748898678,0.270704845814978,4
1791158400000,2726.93,2729.29,-0.009680173231866207,0.0,0.0025,trending,0.21538724272153303,0.4228411742530894,0.36177158302537743,0.2550660792951542,0.4742290748898678,0.270704845814978,4
1791162000000,2729.28,2724.7,-0.006686974712812321,0.0,0.0025,trending,0.21994552462027492,0.42615743145305096,0.35389704392667426,0.2550660792951542,0.4742290748898678,0.270704845814978,4
1791165600000,2724.7,2731.12,-0.0019113037874570749,1.0,0.0025,trending,0.22516307131796287,0.40987622490067627,0.3649607037813607,0.2550660792951542,0.4742290748898678,0.270704845814978,4
1791169200000,2731.12,2716.16,0.003803163289349598,2.0,0.0025,trending,0.22975843018630868,0.44879951146054187,0.3214420583531495,0.2550660792951542,0.4742290748898678,0.270704845814978,4
1791172800000,2716.16,2702.87,0.006826077465804881,2.0,0.002502462613915956,trending,0.21381720776434193,0.4397892738678346,0.34639351836782334,0.2550660792951542,0.4742290748898678,0.270704845814978,4
1791176400000,2702.87,2706.48,0.003938695279477322,2.0,0.00252203718030629,trending,0.20915629302366565,0.45436122466028683,0.33648248231604744,0.2550660792951542,0.4742290748898678,0.270704845814978,4
1791180000000,2706.47,2725.9,-0.00308155104736052,0.0,0.0026775419243138562,trending,0.21642245176909813,0.4618225027208707,0.32175504551003115,0.2550660792951542,0.4742290748898678,0.270704845814978,4
1791183600000,2725.9,2726.49,-0.0029708526347060893,0.0,0.002656142667713877,trending,0.22690331577810413,0.4461240744695327,0.3269726097523632,0.2550660792951542,0.4742290748898678,0.270704845814978,4
1791187200000,2726.49,2721.32,-0.003770229153499116,0.0,0.0028089126780710895,trending,0.21885639495731044,0.46125351232979295,0.31989009271289665,0.2550660792951542,0.4742290748898678,0.270704845814978,4
1791190800000,2721.33,2717.14,0.0021051546847052904,1.0,0.0027037713298896553,trending,0.20823167935034118,0.46072189082215037,0.33104642982750854,0.2550660792951542,0.4742290748898678,0.270704845814978,4
1791194400000,2717.14,2717.5,-0.0047580496780128545,0.0,0.0026440485742371647,trending,0.21285770947858818,0.46391882051229116,0.32322347000912066,0.2550660792951542,0.4742290748898678,0.270704845814978,4
1791198000000,2717.5,2718.39,-0.007784019217257243,0.0,0.0026557112851557465,ranging,0.21411307816975708,0.44820921280266807,0.3376777090275749,0.2550660792951542,0.4742290748898678,0.270704845814978,4
1791201600000,2718.39,2711.06,-0.005477562281911874,0.0,0.0026524250136717425,ranging,0.21221501751866104,0.44532344652966305,0.3424615359516761,0.2550660792951542,0.4742290748898678,0.270704845814978,4
1791205200000,2711.06,2722.86,-0.006327905217308305,0.0,0.002692323608483724,ranging,0.2172221445057205,0.4609784758437619,0.3217993796505175,0.2550660792951542,0.4742290748898678,0.270704845814978,4
1791208800000,2722.85,2704.57,0.0022147698155343676,1.0,0.003051572058398193,ranging,0.2126139072014026,0.41687974264540467,0.3705063501531926,0.2550660792951542,0.4742290748898678,0.270704845814978,4
1791212400000,2704.57,2697.23,0.0044564238125781586,2.0,0.0030092638200186895,ranging,0.2121660574449101,0.41962166428572467,0.36821227826936515,0.2550660792951542,0.4742290748898678,0.270704845814978,4
1791216000000,2697.23,2696.21,0.006071485529687948,2.0,0.003370307539962105,ranging,0.22641899379000832,0.38557672418317734,0.3880042820268144,0.2550660792951542,0.4742290748898678,0.270704845814978,4
1791219600000,2696.21,2705.63,0.004571948122988001,2.0,0.003326654304441797,ranging,0.22500713330646663,0.44498358441414476,0.33000928227938864,0.2550660792951542,0.4742290748898678,0.270704845814978,4
1791223200000,2705.64,2710.56,0.0020069653503336227,1.0,0.003187297193053657,ranging,0.2174648506390713,0.45371658632663625,0.3288185630342926,0.2550660792951542,0.4742290748898678,0.270704845814978,4
1791226800000,2710.56,2709.25,0.0002694472640030199,1.0,0.0030604063759038713,ranging,0.20744731750915194,0.46151590571797974,0.33103677677286836,0.2550660792951542,0.4742290748898678,0.270704845814978,4
1791230400000,2709.25,2712.58,0.0021603049495315663,1.0,0.002977510015792248,ranging,0.21143973135539618,0.4631835801447629,0.32537668849984086,0.2550660792951542,0.4742290748898678,0.270704845814978,4
1791234000000,2712.58,2718.0,-0.003723325974981595,0.0,0.0028815185415297638,ranging,0.20896227667517725,0.4606872495780537,0.3303504737467691,0.2550660792951542,0.4742290748898678,0.270704845814978,4
1791237600000,2718.01,2716.0,-0.005103092783505181,0.0,0.0027897006139914952,ranging,0.2166230161182982,0.46757915098340685,0.31579783289829494,0.2550660792951542,0.4742290748898678,0.270704845814978,4
1791241200000,2715.99,2709.98,-0.003933608366113339,0.0,0.0027514897125970237,ranging,0.20503052147385323,0.45836693560704633,0.3366025429191005,0.2550660792951542,0.4742290748898678,0.270704845814978,4
1791244800000,2709.99,2718.44,-0.005874692838539808,0.0,0.00268053597933972,ranging,0.22379576141994398,0.44176608806640166,0.33443815051365433,0.2550660792951542,0.4742290748898678,0.270704845814978,4
1791248400000,2718.45,2707.88,-0.0030725142916230297,0.0,0.002764349943756511,ranging,0.21467298108555474,0.4422275780651337,0.3430994408493116,0.2550660792951542,0.4742290748898678,0.270704845814978,4
1791252000000,2707.88,2702.14,-0.001639441331685143,1.0,0.002725719589290922,ranging,0.22773891518885014,0.42435385002445525,0.3479072347866946,0.2550660792951542,0.4742290748898678,0.270704845814978,4
1791255600000,2702.14,2699.32,0.003100780937421277,2.0,0.0027049825009654656,ranging,0.23098411279906186,0.4212654952164054,0.3477503919845328,0.2550660792951542,0.4742290748898678,0.270704845814978,4
1791259200000,2699.33,2702.47,0.005321058143106239,2.0,0.0026128735600759755,ranging,0.2210227448890912,0.44872490556369615,0.3302523495472128,0.2550660792951542,0.4742290748898678,0.270704845814978,4
1791262800000,2702.46,2699.56,0.0041451199454725085,2.0,0.0025388730366821934,ranging,0.22466157177343962,0.4345933646159413,0.3407450636106191,0.2550660792951542,0.4742290748898678,0.270704845814978,4
1791266400000,2699.57,2697.71,0.006016213751663502,2.0,0.0025052973827477763,ranging,0.225677709086644,0.42541153977619184,0.34891075113716413,0.2550660792951542,0.4742290748898678,0.270704845814978,4
1791270000000,2697.71,2707.69,0.0023636383781009407,1.0,0.0025475947455306535,ranging,0.22735069759568044,0.4396953998951024,0.33295390250921714,0.2550660792951542,0.4742290748898678,0.270704845814978,4
1791273600000,2707.69,2716.85,-0.0004122421186300018,1.0,0.002502142939034874,ranging,0.23709417087359402,0.4222666662206934,0.34063916290571244,0.2550660792951542,0.4742290748898678,0.270704845814978,4
1791277200000,2716.85,2710.75,0.0014903624458175724,1.0,0.0027197879229764964,ranging,0.24390409292266246,0.4307427153573447,0.3253531917199928,0.2550660792951542,0.4742290748898678,0.270704845814978,4
1791280800000,2710.74,2713.94,0.0030582842656801112,2.0,0.002658513517477254,ranging,0.2421120216873797,0.4354498415344683,0.3224381367781521,0.2550660792951542,0.4742290748898678,0.270704845814978,4
1791284400000,2713.93,2714.09,-0.004439793816712112,0.0,0.0026008085920692418,ranging,0.230189771126175,0.4417983787454341,0.32801185012839085,0.2550660792951542,0.4742290748898678,0.270704845814978,4
1791288000000,2714.09,2715.73,-0.00741973612988045,0.0,0.0025922199211745635,ranging,0.22890878377229337,0.45147017319977234,0.3196210430279343,0.2550660792951542,0.4742290748898678,0.270704845814978,4
1791291600000,2715.72,2714.79,-0.005713149083354407,0.0,0.002578231578157009,ranging,0.23107869006285342,0.4317644026431955,0.3371569072939512,0.2550660792951542,0.4742290748898678,0.270704845814978,4
1791295200000,2714.79,2722.24,-0.011677882919948313,0.0,0.0026549995848703157,ranging,0.22760912645929157,0.43878229548114656,0.3336085780595618,0.2550660792951542,0.4742290748898678,0.270704845814978,4
1791298800000,2722.25,2702.04,-0.0037490192595224237,0.0,0.00285779048710619,ranging,0.23031562401833564,0.41068787360327863,0.35899650237838576,0.2550660792951542,0.4742290748898678,0.270704845814978,4
1791302400000,2702.04,2695.58,0.0010684157027429642,1.0,0.0028686175861740207,ranging,0.20943346039228086,0.3996974422365378,0.3908690973711813,0.2550660792951542,0.4742290748898678,0.270704845814978,4
1791306000000,2695.59,2699.28,-0.00045197237781935407,1.0,0.0028320156938201123,ranging,0.21283206834814478,0.40765495078259145,0.37951298086926377,0.2550660792951542,0.4742290748898678,0.270704845814978,4
1791309600000,2699.29,2690.45,0.0022932966604098937,1.0,0.002851335097585686,ranging,0.20709051271061196,0.4535947972145589,0.33931469007482906,0.2550660792951542,0.4742290748898678,0.270704845814978,4
1791313200000,2690.45,2691.91,0.0020728776222087575,1.0,0.002791110843572362,ranging,0.20924359375092766,0.43681966505978526,0.3539367411892872,0.2550660792951542,0.4742290748898678,0.270704845814978,4
1791316800000,2691.91,2698.46,-0.0005669900609978074,1.0,0.0027091761724933948,ranging,0.20592072676383893,0.46914822690119984,0.32493104633496134,0.2550660792951542,0.4742290748898678,0.270704845814978,4
1791320400000,2698.46,2698.06,-0.015003372793785164,0.0,0.0025851338143370946,ranging,0.2053945141016001,0.5053704416300411,0.2892350442683588,0.2550660792951542,0.4742290748898678,0.270704845814978,4
1791324000000,2698.05,2696.62,-0.03117977319755838,0.0,0.0025,ranging,0.2139191507964959,0.4874049092665441,0.2986759399369598,0.2550660792951542,0.4742290748898678,0.270704845814978,4
1791327600000,2696.61,2697.49,-0.03201124007873979,0.0,0.0025,ranging,0.21375149430875404,0.471140202265129,0.3151083034261169,0.2550660792951542,0.4742290748898678,0.270704845814978,4
1791331200000,2697.49,2696.93,-0.03211800083798977,0.0,0.0025,ranging,0.20833883060910008,0.49061938464037164,0.30104178475052823,0.2550660792951542,0.4742290748898678,0.270704845814978,4
1791334800000,2696.92,2657.58,-0.013802030418651468,0.0,0.0028377013607952177,ranging,0.207773956706439,0.41483565317594456,0.3773903901176164,0.2550660792951542,0.4742290748898678,0.270704845814978,4
1791338400000,2657.58,2612.54,0.002089920154332514,1.0,0.0038006920187001365,trending,0.19002348814702152,0.4296943469750744,0.38028216487790406,0.2550660792951542,0.4742290748898678,0.270704845814978,4
1791342000000,2612.54,2611.14,0.001983807838721985,1.0,0.0037807509102470065,trending,0.18940151759816182,0.4674952855274066,0.3431031968744315,0.2550660792951542,0.4742290748898678,0.270704845814978,4
1791345600000,2611.14,2610.31,-0.00012259080339127593,1.0,0.0036664750030557624,trending,0.1743187885454581,0.4940075364775313,0.3316736749770105,0.2550660792951542,0.4742290748898678,0.270704845814978,4
1791349200000,2610.32,2620.9,-0.009122820405204402,0.0,0.003589668563905099,trending,0.17006235222229177,0.5222316466899644,0.307706001087744,0.2550660792951542,0.4742290748898678,0.270704845814978,4
1791352800000,2620.89,2618.0,-0.0145569136745608,0.0,0.0035808717234749924,trending,0.16386469238033644,0.5342668788874237,0.3018684287322399,0.2550660792951542,0.4742290748898678,0.270704845814978,4
1791356400000,2618.0,2616.32,-0.01428724315068497,0.0,0.0034343600454277076,trending,0.17344950727489536,0.535833500903747,0.2907169918213576,0.2550660792951542,0.4742290748898678,0.270704845814978,4
1791360000000,2616.33,2609.99,-0.014195456687573382,0.0,0.0033677196180470965,trending,0.1754013483507978,0.48843100405185186,0.3361676475973505,0.2550660792951542,0.4742290748898678,0.270704845814978,4
1791363600000,2609.99,2596.99,-0.01060843514992349,0.0,0.003454226646914521,trending,0.17012408207573812,0.500451401436105,0.32942451648815685,0.2550660792951542,0.4742290748898678,0.270704845814978,4
1791367200000,2597.0,2579.89,-0.006236700014341623,0.0,0.003776786074960475,trending,0.1739305645492564,0.48967060898227416,0.3363988264684694,0.2550660792951542,0.4742290748898678,0.270704845814978,4
1791370800000,2579.9,2578.94,-0.003183478483407942,1.0,0.0036987512075860388,trending,0.17077303413712772,0.5023455937449192,0.32688137211795304,0.2550660792951542,0.4742290748898678,0.270704845814978,4
1791374400000,2578.94,2572.94,-0.001717879157695168,1.0,0.0037432205601039795,trending,0.16996513898940724,0.48807661828541105,0.34195824272518177,0.2550660792951542,0.4742290748898678,0.270704845814978,4
1791378000000,2572.95,2569.44,-0.006931471449031723,0.0,0.0038932347905402676,trending,0.16659279346013148,0.5016424238920464,0.3317647826478221,0.2550660792951542,0.4742290748898678,0.270704845814978,4
1791381600000,2569.43,2563.8,-0.00031983774085353467,1.0,0.003839574950204359,trending,0.165333119120686,0.5092208324057663,0.32544604847354774,0.2550660792951542,0.4742290748898678,0.270704845814978,4
1791385200000,2563.8,2570.73,0.00014003804366868877,1.0,0.003752928694110265,trending,0.1693699256936021,0.49668193876111305,0.3339481355452849,0.2550660792951542,0.4742290748898678,0.270704845814978,4
1791388800000,2570.74,2568.52,0.0023359755812686345,1.0,0.003733305087408065,trending,0.1694361421737589,0.5127675355773224,0.3177963222489188,0.2550660792951542,0.4742290748898678,0.270704845814978,4
1791392400000,2568.51,2551.63,0.006294015981940904,2.0,0.00408332528564155,trending,0.17277097357927668,0.514367131391355,0.31286189502936823,0.2550660792951542,0.4742290748898678,0.270704845814978,4
1791396000000,2551.63,2562.98,0.002660964970464086,1.0,0.004024019999092022,trending,0.17663333338615084,0.5029922317702519,0.32037443484359723,0.2550660792951542,0.4742290748898678,0.270704845814978,4
1791399600000,2562.98,2571.09,0.0011862673029725546,1.0,0.0039003267681507903,trending,0.1863882482100081,0.5110043584617106,0.3026073933282813,0.2550660792951542,0.4742290748898678,0.270704845814978,4
1791403200000,2571.1,2574.52,0.00047775896089374825,1.0,0.0037815422168632493,trending,0.19487360874431708,0.5096574541765477,0.2954689370791352,0.2550660792951542,0.4742290748898678,0.270704845814978,4
1791406800000,2574.52,2567.69,0.004030860423181792,2.0,0.003681339171619634,trending,0.1881076186539646,0.4749269832316575,0.336965398114378,0.2550660792951542,0.4742290748898678,0.270704845814978,4
1791410400000,2567.7,2569.8,0.00409370379017826,2.0,0.0035219803405625865,trending,0.17772742992688909,0.4954077721193874,0.3268647979537234,0.2550660792951542,0.4742290748898678,0.270704845814978,4
1791414000000,2569.8,2574.14,-0.0038070967391049537,0.0,0.0034560281999677727,trending,0.19454815792827576,0.46532063122227985,0.3401312108494445,0.2550660792951542,0.4742290748898678,0.270704845814978,4
1791417600000,2574.15,2575.75,-0.005120838590701782,0.0,0.0033321197875416505,trending,0.18886149825664864,0.46267314672592896,0.34846535501742243,0.2550660792951542,0.4742290748898678,0.270704845814978,4
1791421200000,2575.75,2578.04,-0.006357542939597449,0.0,0.003295504615241629,trending,0.18963223354720327,0.4708548513534848,0.3395129150993119,0.2550660792951542,0.4742290748898678,0.270704845814978,4
1791424800000,2578.04,2580.32,-0.005259037638742581,0.0,0.0032799712366131674,trending,0.19492081040415604,0.46668155780013515,0.3383976317957087,0.2550660792951542,0.4742290748898678,0.270704845814978,4
1791428400000,2580.31,2564.34,0.0015871530296294178,1.0,0.0033546331597534397,trending,0.1955580424024451,0.4373279590400276,0.36711399855752735,0.2550660792951542,0.4742290748898678,0.270704845814978,4
1791432000000,2564.35,2562.56,-0.0009677822177822648,1.0,0.00361757271633132,trending,0.19512529282805524,0.4283812822557772,0.37649342491616755,0.2550660792951542,0.4742290748898678,0.270704845814978,4
1791435600000,2562.57,2561.65,0.0024515449026993874,1.0,0.0036193528395343914,trending,0.20202497495135432,0.4320821189206455,0.36589290612800024,0.2550660792951542,0.4742290748898678,0.270704845814978,4
1791439200000,2561.65,2566.75,-0.005984221291516545,0.0,0.003642006918646772,trending,0.19782372700276407,0.4482081185438333,0.3539681544534026,0.2550660792951542,0.4742290748898678,0.270704845814978,4
1791442800000,2566.76,2568.41,-0.012061937151778723,0.0,0.0036616755213112915,trending,0.19639082632559032,0.4493925045718589,0.35421666910255073,0.2550660792951542,0.4742290748898678,0.270704845814978,4
1791446400000,2568.42,2560.08,-0.01170666541670562,0.0,0.0036217867168767243,trending,0.20472474573267388,0.4097229572563164,0.38555229701100974,0.2550660792951542,0.4742290748898678,0.270704845814978,4
1791450000000,2560.08,2567.93,-0.01776528176391101,0.0,0.0035854567852551325,trending,0.19530274785517673,0.4681503454773228,0.3365469066675005,0.2550660792951542,0.4742290748898678,0.270704845814978,4
1791453600000,2567.94,2551.39,-0.007709523044301392,0.0,0.003704524831934262,trending,0.2090305820544429,0.42685156866706947,0.3641178492784878,0.2550660792951542,0.4742290748898678,0.270704845814978,4
1791457200000,2551.4,2537.43,-0.0401075103549654,0.0,0.003867409683429237,trending,0.2000331387110479,0.4269166775387127,0.3730501837502395,0.2550660792951542,0.4742290748898678,0.270704845814978,4
1791460800000,2537.42,2530.11,-0.044903186027485,0.0,0.003946430832462679,trending,0.1872378036971267,0.442595359448266,0.3701668368546074,0.2550660792951542,0.4742290748898678,0.270704845814978,4
1791464400000,2530.1,2522.31,-0.04125583294678292,0.0,0.004328168381811793,high_volatility,0.18005246338536834,0.4307070750281691,0.38924046158646264,0.2550660792951542,0.4742290748898678,0.270704845814978,4
1791468000000,2522.31,2531.72,-0.033360719194855504,0.0,0.004322661812202778,high_volatility,0.19068617043448044,0.43765935266574396,0.37165447689977565,0.2550660792951542,0.4742290748898678,0.270704845814978,4
1791471600000,2531.72,2435.66,0.011877684077416406,2.0,0.005965910141148901,abnormal,0.17388115716897862,0.3841056286893352,0.44201321414168626,0.2550660792951542,0.4742290748898678,0.270704845814978,4
1791475200000,2435.67,2416.5,0.024171322160148945,2.0,0.0061237348298034166,high_volatility,0.17495467453173405,0.43330712618974765,0.3917381992785182,0.2550660792951542,0.4742290748898678,0.270704845814978,4
1791478800000,2416.49,2418.25,0.02532823322650679,2.0,0.00605243070729599,high_volatility,0.16920104320221227,0.4480841997190994,0.3827147570786883,0.2550660792951542,0.4742290748898678,0.270704845814978,4
1791482400000,2418.25,2447.26,0.011886763155528834,2.0,0.006201447953248614,high_volatility,0.17325944326209683,0.48256525163668096,0.34417530510122224,0.2550660792951542,0.4742290748898678,0.270704845814978,4
1791486000000,2447.27,2464.59,0.004142676875261264,1.0,0.00610820871784741,high_volatility,0.19165246473373498,0.5455951854790811,0.26275234978718387,0.2550660792951542,0.4742290748898678,0.270704845814978,4
1791489600000,2464.6,2474.91,0.0013374223709143873,1.0,0.005878914835314473,high_volatility,0.18823288545641384,0.5484481139123986,0.2633190006311876,0.2550660792951542,0.4742290748898678,0.270704845814978,4
1791493200000,2474.9,2479.5,0.0010768300060497449,1.0,0.005714205239993253,high_volatility,0.19395063451488187,0.5447037003939235,0.26134566509119467,0.2550660792951542,0.4742290748898678,0.270704845814978,4
1791496800000,2479.5,2476.35,0.00538292244634242,1.0,0.005492958663335798,high_volatility,0.1856588226063932,0.535228160846213,0.27911301654739373,0.2550660792951542,0.4742290748898678,0.270704845814978,4
1791500400000,2476.36,2474.8,0.0076329400355583665,2.0,0.005305373779623483,high_volatility,0.1896204808947372,0.5248262893711307,0.285553229734132,0.2550660792951542,0.4742290748898678,0.270704845814978,4
1791504000000,2474.88,2478.22,0.0037042716143038668,1.0,0.005079930854390841,high_volatility,0.18772755169018532,0.5181197433346303,0.29415270497518453,0.2550660792951542,0.4742290748898678,0.270704845814978,4
1791507600000,2478.22,2482.17,0.0036298883638106183,1.0,0.004974605202751454,high_volatility,0.19387073286329154,0.49071100619086994,0.3154182609458385,0.2550660792951542,0.4742290748898678,0.270704845814978,4
1791511200000,2482.18,2489.68,0.003992480961408695,1.0,0.004984048591140701,high_volatility,0.19619978081554645,0.4646590729721788,0.3391411462122747,0.2550660792951542,0.4742290748898678,0.270704845814978,4
1791514800000,2489.68,2493.69,0.004334941392073466,1.0,0.0047778570040234525,high_volatility,0.18552432663479035,0.48474765070041037,0.32972802266479934,0.2550660792951542,0.4742290748898678,0.270704845814978,4
1791518400000,2493.68,2487.4,0.007421403875532695,2.0,0.0046514554790636885,high_volatility,0.1856966378771405,0.4945892005780144,0.31971416154484505,0.2550660792951542,0.4742290748898678,0.270704845814978,4
1791522000000,2487.4,2491.18,0.004439663131527993,1.0,0.004546623191250136,trending,0.19000692117222812,0.4694467940292402,0.3405462847985316,0.2550660792951542,0.4742290748898678,0.270704845814978,4
1791525600000,2491.18,2499.62,-0.0025483873548779457,1.0,0.0044010100363975554,trending,0.19180887779522973,0.4760767257442851,0.33211439646048513,0.2550660792951542,0.4742290748898678,0.270704845814978,4
1791529200000,2499.62,2504.5,0.0008424835296467759,1.0,0.004238687083060226,trending,0.20126106689440681,0.46637447504177293,0.3323644580638202,0.2550660792951542,0.4742290748898678,0.270704845814978,4
1791532800000,2504.49,2505.86,-0.003136647697796424,1.0,0.004112853568202312,trending,0.2344029280364067,0.45754528037216036,0.30805179159143287,0.2550660792951542,0.4742290748898678,0.270704845814978,4
