open_ts,open,close,fwd_return,label,label_threshold,regime,p_down,p_flat,p_up,fold
1789761600000,2636.71,2634.89,0.0015788135368079992,1.0,0.0030495487093675495,trending,0.270438944135761,0.2945091023318012,0.4350519535324378,0
1789762500000,2634.9,2628.09,0.0017921760670296383,1.0,0.003070288693764317,trending,0.2567256289722611,0.2996106961981582,0.44366367482958075,0
1789763400000,2628.09,2634.28,-0.0020688765051551927,1.0,0.0030377217513361207,trending,0.2603068811146797,0.29974583159700346,0.4399472872883169,0
1789764300000,2634.27,2631.95,-0.0020023176732080206,1.0,0.002946015732941805,trending,0.2736860036095628,0.31308543795863547,0.4132285584318016,0
1789765200000,2631.95,2639.05,-0.003580834012239409,0.0,0.0028807162590464186,trending,0.29943469875733947,0.3215943813701346,0.37897091987252596,0
1789766100000,2639.05,2632.8,-0.0001405347918567168,1.0,0.002810061128963021,trending,0.2675260296752293,0.30396146012111125,0.42851251020365955,0
1789767000000,2632.81,2628.83,-0.0036936583955600177,0.0,0.0027510412351920773,trending,0.25636334425344454,0.30609928742527737,0.4375373683212781,0
1789767900000,2628.83,2626.68,-0.0025317130369895136,1.0,0.002632335889902021,trending,0.25950980596402706,0.32160227854778806,0.4188879154881848,0
1789768800000,2626.69,2629.6,-0.003700182537268004,0.0,0.002565951162011115,trending,0.2626924873644054,0.3230189733786561,0.41428853925693854,0
1789769700000,2629.6,2632.43,-0.006814996030283793,0.0,0.0025,trending,0.2681408239207955,0.32491771637467415,0.4069414597045304,0
1789770600000,2632.43,2619.12,-0.0027146522496104275,0.0,0.0025336225539387643,trending,0.2551126528662862,0.32062076624563424,0.4242665808880796,0
1789771500000,2619.12,2620.03,-0.003011415899818015,0.0,0.0025,trending,0.24805009605052913,0.33705729133092416,0.41489261261854665,0
1789772400000,2620.04,2619.87,-0.0027749468485077644,0.0,0.0025,trending,0.24435032435028906,0.325643948929056,0.43000572672065485,0
1789773300000,2619.88,2614.49,0.00047810471640730157,1.0,0.0025,low_liquidity,0.2539168288490586,0.3382741632162271,0.40780900793471436,0
1789774200000,2614.49,2612.01,0.003349910605242812,2.0,0.0025,trending,0.25212218467988146,0.34549496741535984,0.40238284790475864,0
1789775100000,2612.0,2612.14,0.005604600059721188,2.0,0.0025,trending,0.28429241734336747,0.36783065581710633,0.34787692683952615,0
1789776000000,2612.14,2612.6,6.506927964489151e-05,1.0,0.0025,trending,0.28798664937079865,0.3777851791209027,0.3342281715082986,0
1789776900000,2612.6,2615.74,-0.0012998233769410117,1.0,0.0025,trending,0.28548404496896296,0.3886961068423081,0.32581984818872906,0
1789777800000,2615.73,2620.76,-0.003327279109876624,0.0,0.0025,trending,0.29828674460163124,0.3843876117999491,0.3173256435984197,0
1789778700000,2620.76,2626.78,-0.005325912333731919,0.0,0.0025,trending,0.31425509165459026,0.3689014320490459,0.3168434762963637,0
1789779600000,2626.79,2612.77,0.001316610340749591,1.0,0.0025,trending,0.28768381844826507,0.36040810669505635,0.35190807485667863,0
1789780500000,2612.78,2612.34,0.0020632842585575073,1.0,0.0025,trending,0.27409155450053907,0.35749053695572264,0.3684179085437384,0
1789781400000,2612.35,2612.04,0.0030512549578107784,2.0,0.0025,trending,0.27078772516813004,0.37911459857194085,0.35009767625992905,0
1789782300000,2612.04,2612.79,0.004026347314556533,2.0,0.0025,low_liquidity,0.2955713902049339,0.3701281238119429,0.33430048598312323,0
1789783200000,2612.79,2616.21,0.004059307165709125,2.0,0.0025,low_liquidity,0.29730356723889967,0.3682047321508139,0.3344917006102865,0
1789784100000,2616.21,2617.73,0.0012453537989021157,1.0,0.0025,low_liquidity,0.29744302031863257,0.38486643967244044,0.317690540008927,0
1789785000000,2617.72,2620.01,0.0010954156663522951,1.0,0.0025,ranging,0.31203745592549725,0.3791270370245757,0.3088355070499271,0
1789785900000,2620.0,2623.31,-0.001193149113143388,1.0,0.0025,low_liquidity,0.29104832641096884,0.39163228786937093,0.31731938571966023,0
1789786800000,2623.31,2626.83,-0.00040352820700229053,1.0,0.0025,ranging,0.30236700588999155,0.3936817030986062,0.3039512910114022,0
1789787700000,2626.84,2620.99,0.0016406014521230805,1.0,0.0025,low_liquidity,0.2847606769968975,0.39245505200538244,0.32278427099772,0
1789788600000,2620.99,2622.88,-0.003271213322759703,0.0,0.0025,low_liquidity,0.2850180312111305,0.4003556577978859,0.3146263109909837,0
1789789500000,2622.88,2620.18,-0.0001984596478104006,1.0,0.0025,low_liquidity,0.27285216270959006,0.4085652981323121,0.31858253915809764,0
1789790400000,2620.17,2625.77,-0.00038845748104365807,1.0,0.0025,low_liquidity,0.28091446260028363,0.40168615129317914,0.31739938610653723,0
1789791300000,2625.78,2625.29,0.0010017940875104436,1.0,0.0025,ranging,0.28316043288958787,0.38827647414793215,0.32856309296247993,0
1789792200000,2625.3,2614.3,0.004762269058638857,2.0,0.0025,ranging,0.27508999524204336,0.38734748756882464,0.33756251718913194,0
1789793100000,2614.31,2619.66,0.003538627150088125,2.0,0.0025,ranging,0.28442255379594666,0.3628265794656485,0.3527508667384049,0
1789794000000,2619.67,2624.75,0.0002628821792551861,1.0,0.0025,ranging,0.2823661373659041,0.3712644555465113,0.3463694070875846,0
1789794900000,2624.74,2627.92,-0.0013014094797406672,1.0,0.0025,ranging,0.2971438792253339,0.3812226988592626,0.32163342191540356,0
1789795800000,2627.91,2626.75,0.0007652041496146733,1.0,0.0025,ranging,0.27762936988699916,0.3776843560037827,0.34468627410921826,0
1789796700000,2626.75,2628.93,-0.000623827945209654,1.0,0.0025,ranging,0.29079509737095915,0.379032665063768,0.3301722375652728,0
1789797600000,2628.93,2625.44,0.0019425315375707353,1.0,0.0025,ranging,0.27697847452295743,0.3886407010261125,0.33438082445093,0
1789798500000,2625.43,2624.5,0.001867022289959941,1.0,0.0025,ranging,0.2733405892664762,0.3951610815360428,0.331498329197481,0
1789799400000,2624.5,2628.76,-0.0013998995724220364,1.0,0.0025,ranging,0.27537848251856056,0.39836018377056853,0.3262613337108709,0
1789800300000,2628.75,2627.29,-0.0001294109139075017,1.0,0.0025,ranging,0.27171124611825714,0.38277868372686824,0.34551007015487467,0
1789801200000,2627.3,2630.54,0.002033802945402785,1.0,0.0025,ranging,0.2848985552461257,0.37476377004696476,0.3403376747069096,0
1789802100000,2630.55,2629.4,0.006039400623716551,2.0,0.0025,ranging,0.2857191064196552,0.3519407376461255,0.3623401559342193,0
1789803000000,2629.39,2625.08,0.009024486872781123,2.0,0.0025,ranging,0.270014890383991,0.3533631741161097,0.3766219354998993,0
1789803900000,2625.08,2626.95,0.006958640248196701,2.0,0.0025,ranging,0.2733638153516878,0.36544154270606016,0.36119464194225215,0
1789804800000,2626.96,2635.89,0.0054858131409125654,2.0,0.0025,ranging,0.29084989252085275,0.3620945646213246,0.34705554285782264,0
1789805700000,2635.88,2645.28,0.0004876610415531779,1.0,0.0025,ranging,0.3130638419508957,0.3398913283171945,0.34704482973190975,0
1789806600000,2645.28,2648.77,-0.004790902947405806,0.0,0.0025,ranging,0.31684090671650683,0.3641003869009418,0.31905870638255135,0
1789807500000,2648.77,2645.23,-0.001644469479024524,1.0,0.0025,trending,0.2789424579133758,0.3739973831800557,0.34706015890656855,0
1789808400000,2645.23,2650.35,-0.0033995510026976206,0.0,0.0025,trending,0.28214041409156926,0.373789873230352,0.3440697126780788,0
1789809300000,2650.36,2646.57,-0.0006083345613379088,1.0,0.0025,trending,0.2646031468650531,0.37554064301635237,0.3598562101185946,0
1789810200000,2646.57,2636.08,0.0030348092622378697,2.0,0.0025,trending,0.2569695688497302,0.3687813797873317,0.37424905136293807,0
1789811100000,2636.08,2640.88,-0.0009618006119171962,1.0,0.0025,trending,0.27546970964744766,0.37654896332335286,0.3479813270291995,0
1789812000000,2640.88,2641.34,-0.0012645096806924716,1.0,0.0025,trending,0.2732827259504655,0.3855131529999903,0.34120412104954423,0
1789812900000,2641.35,2644.96,-0.0025331195934908957,0.0,0.0025,trending,0.2761368244977766,0.40452343206407043,0.31933974343815286,0
1789813800000,2644.95,2644.08,-0.00173595352636835,1.0,0.0025,trending,0.2688564376020316,0.3959649025278417,0.3351786598701267,0
1789814700000,2644.09,2638.34,0.0005041048538094728,1.0,0.0025,trending,0.2556127778348164,0.4018205939352812,0.3425666282299023,0
1789815600000,2638.34,2638.0,0.0015314632297194208,1.0,0.0025,trending,0.2594287372039122,0.4076354989770806,0.33293576381900714,0
1789816500000,2638.0,2638.26,0.0010385632955052237,1.0,0.0025,trending,0.2625948778724276,0.39378911980916953,0.34361600231840284,0
1789817400000,2638.26,2639.49,0.00013260137375037395,1.0,0.0025,trending,0.2562779309198721,0.3963002898720645,0.3474217792080634,0
1789818300000,2639.48,2639.67,0.0008485909223501231,1.0,0.0025,low_liquidity,0.25727243110185366,0.4046473361789916,0.33808023271915455,0
1789819200000,2639.67,2642.04,-0.0016767346444414022,1.0,0.0025,trending,0.26574844945237763,0.4012367716510255,0.3330147788965969,0
1789820100000,2642.05,2641.0,-0.0024422567209390067,1.0,0.0025,trending,0.2552430042770769,0.3826365865407016,0.3621204091822215,0
1789821000000,2641.01,2639.84,-0.0015758530820051408,1.0,0.0025,trending,0.2540611494032348,0.38821422067457095,0.35772462992219417,0
1789821900000,2639.84,2641.91,-0.0013020882619014795,1.0,0.0025,ranging,0.26683232780037563,0.3722715327109543,0.3608961394886701,0
1789822800000,2641.91,2637.61,0.0002805570194228668,1.0,0.0025,ranging,0.26478609231954414,0.3657012285457934,0.36951267913466257,0
1789823700000,2637.61,2634.55,0.0035110360403105556,2.0,0.0025,ranging,0.26833718256472117,0.3585980516468269,0.3730647657884519,0
1789824600000,2634.54,2635.68,0.0013051660292600076,1.0,0.0025,ranging,0.2680715722319084,0.362649789996371,0.3692786377717207,0
1789825500000,2635.69,2638.47,0.00020845414198378265,1.0,0.0025,ranging,0.2810067754633607,0.3613770038764509,0.35761622066018833,0
1789826400000,2638.47,2638.35,0.0014706161047624011,1.0,0.0025,ranging,0.27668047128722595,0.36167382406208226,0.3616457046506918,0
1789827300000,2638.35,2643.8,-0.002314849837355415,1.0,0.0025,ranging,0.2912434701268226,0.36459341723476807,0.34416311263840926,0
1789828200000,2643.81,2639.12,0.003804298402497741,2.0,0.0025,ranging,0.28482728667067664,0.38797913865364897,0.3271935746756743,0
1789829100000,2639.13,2639.02,0.0008109070791428863,1.0,0.0025,ranging,0.28270649574585477,0.3827537951013234,0.33453970915282194,0
1789830000000,2639.01,2642.23,0.0009196776964912612,1.0,0.0025,ranging,0.27713066413839516,0.3822758715520157,0.3405934643095891,0
1789830900000,2642.23,2637.68,0.003810166509963464,2.0,0.0025,ranging,0.2674017829764363,0.38186946575708225,0.3507287512664814,0
1789831800000,2637.69,2649.16,-0.0004907215872199666,1.0,0.0025,ranging,0.3047481870094299,0.34740683384548665,0.3478449791450835,0
1789832700000,2649.17,2641.16,0.0033470141907343542,2.0,0.0025,ranging,0.3049590135185048,0.34692576955692384,0.3481152169245714,0
1789833600000,2641.17,2644.66,0.002034287961401482,1.0,0.0025,ranging,0.31405624544654676,0.34041297180848495,0.3455307827449683,0
1789834500000,2644.67,2647.73,-0.000377682014404801,1.0,0.0025,ranging,0.30811792261574433,0.3494382128403987,0.34244386454385695,0
1789835400000,2647.72,2647.86,-0.0002152681788312183,1.0,0.0025,ranging,0.3117073835451497,0.3499998922979405,0.33829272415690975,0
1789836300000,2647.85,2650.0,-0.00173207547169818,1.0,0.0025,ranging,0.2777013174972656,0.36582281752109996,0.35647586498163447,0
1789837200000,2650.01,2650.04,-0.004630118790659776,0.0,0.0025,ranging,0.2844023271999644,0.3533148905445094,0.3622827822555262,0
1789838100000,2650.05,2646.73,-0.0021989398238582147,1.0,0.0025,ranging,0.2915466188213346,0.33016329379653836,0.378290087382127,0
1789839000000,2646.72,2647.29,-0.002206029562307199,1.0,0.0025,ranging,0.2858636714369709,0.3399889430611452,0.3741473855018838,0
1789839900000,2647.29,2645.41,-0.0024608661795335607,1.0,0.0025,ranging,0.2787639880580331,0.3627059108282328,0.358530101113734,0
1789840800000,2645.42,2637.77,-0.001311714061498881,1.0,0.0025,ranging,0.2827071317299804,0.34958482362691234,0.3677080446431073,0
1789841700000,2637.78,2640.91,-0.0014464711027637467,1.0,0.0025,ranging,0.29040340600219916,0.3358735292462904,0.3737230647515105,0
1789842600000,2640.9,2641.45,-0.0023774820647749495,1.0,0.0025,ranging,0.29405602426484195,0.33452271328937966,0.37142126244577844,0
1789843500000,2641.46,2638.9,-0.0015233620068968445,1.0,0.0025,ranging,0.2998037785256044,0.34657546123189303,0.3536207602425025,0
1789844400000,2638.89,2634.31,0.0004783036165068033,1.0,0.0025,ranging,0.28637946524123364,0.34537998087985916,0.3682405538789071,0
1789845300000,2634.31,2637.09,-0.0006749864433903685,1.0,0.0025,ranging,0.29931413201119506,0.3425572043359687,0.3581286636528362,0
1789846200000,2637.08,2635.17,0.0019846916897201528,1.0,0.0025,low_liquidity,0.28778545652426346,0.3514899317984439,0.3607246116772926,0
1789847100000,2635.17,2634.88,0.00040988583920320565,1.0,0.0025,low_liquidity,0.2899548564162353,0.3750400239845188,0.3350051195992458,0
1789848000000,2634.88,2635.57,-0.004131933509639363,0.0,0.0025,ranging,0.2885663275852363,0.36764845861333073,0.34378521380143295,0
1789848900000,2635.57,2635.31,-0.002845964990836003,0.0,0.0025,ranging,0.3035917281102347,0.3455745467884325,0.3508337251013328,0
1789849800000,2635.31,2640.4,-0.006071049840933318,0.0,0.0025,ranging,0.2967537429045765,0.3551153448492308,0.3481309122461927,0
1789850700000,2640.4,2635.96,-0.003027360050987138,0.0,0.0025,ranging,0.2911064375336686,0.37624220346194864,0.3326513590043827,0
1789851600000,2635.97,2624.68,-0.0016535349071123973,1.0,0.0025,ranging,0.28293371680495516,0.3404924875743761,0.37657379562066867,0
1789852500000,2624.69,2627.81,-0.001952195935018164,1.0,0.0025,ranging,0.3011504400245521,0.3248543997201841,0.37399516025526386,0
1789853400000,2627.81,2624.37,0.0020576366899485166,1.0,0.0025,ranging,0.29056811129722365,0.3362760333432632,0.3731558553595131,0
1789854300000,2624.38,2627.98,0.0010844831391410015,1.0,0.0025,ranging,0.29119046802910165,0.3471549323491775,0.36165459962172086,0
1789855200000,2627.97,2620.34,0.006109894135875482,2.0,0.0025,ranging,0.29263689469647114,0.33674965721227007,0.3706134480912588,0
1789856100000,2620.33,2622.68,0.0037976421065475385,2.0,0.0025,ranging,0.29752229259611823,0.3528468510592488,0.3496308563446329,0
1789857000000,2622.67,2629.77,0.001973556622822503,1.0,0.0025,ranging,0.3037968030845945,0.3422174299612357,0.3539857669541698,0
1789857900000,2629.77,2630.83,0.0007070012125451886,1.0,0.0025,ranging,0.30123379201385103,0.3493058291456927,0.3494603788404563,0
1789858800000,2630.84,2636.35,-0.0024124262711704425,1.0,0.0025,ranging,0.3069215819408738,0.34629199505342423,0.3467864230057019,0
1789859700000,2636.36,2632.64,-0.0012193083748632816,1.0,0.0025,ranging,0.30309100376480824,0.3293405670754846,0.36756842915970717,0
1789860600000,2632.64,2634.96,-0.001578771594255679,1.0,0.0025,ranging,0.2990192932174103,0.3591362853600361,0.3418444214225537,0
1789861500000,2634.96,2632.69,-0.0020207468406838736,1.0,0.0025,low_liquidity,0.3108384554180368,0.38421752162160583,0.30494402296035744,0
1789862400000,2632.7,2629.99,-0.0034752983851649155,0.0,0.0025,ranging,0.3199864444542313,0.35350174937387213,0.3265118061718965,0
1789863300000,2630.0,2629.43,-0.0032212304567909023,0.0,0.0025,ranging,0.323223529972893,0.3461361610502262,0.3306403089768808,0
1789864200000,2629.44,2630.8,-0.004302873650600669,0.0,0.0025,ranging,0.33005077043793807,0.34142595304413315,0.3285232765179288,0
1789865100000,2630.8,2627.37,-0.002881208204401964,0.0,0.0025,ranging,0.31698414847851514,0.35269431219588593,0.330321539325599,0
1789866000000,2627.36,2620.85,0.0007745578724460689,1.0,0.0025,ranging,0.3383144475991923,0.34304508740639256,0.3186404649944151,0
1789866900000,2620.86,2620.96,-0.0026440693486355915,0.0,0.0025,ranging,0.3421951385485373,0.3370635139108314,0.32074134754063127,0
1789867800000,2620.96,2619.48,-0.011456472276940577,0.0,0.0025,ranging,0.35532143767236357,0.31922594208192845,0.32545262024570804,0
1789868700000,2619.49,2619.8,-0.01739445759218272,0.0,0.0025,ranging,0.32350890031213286,0.33569089985900397,0.3408001998288633,0
1789869600000,2619.8,2622.88,-0.018285243701579912,0.0,0.0025,ranging,0.3135708336323629,0.33087689058984304,0.355552275777794,0
1789870500000,2622.87,2614.03,-0.011132236431869669,0.0,0.0025,ranging,0.32733557846388567,0.3203070186850546,0.3523574028510597,0
1789871400000,2614.03,2589.47,-0.002884760201894543,0.0,0.0025,trending,0.30440965620433613,0.30157417382887064,0.3940161699667933,0
1789872300000,2589.48,2574.23,0.005360826344188441,2.0,0.0025,trending,0.2767832328218005,0.2991653081583546,0.4240514590198448,0
1789873200000,2574.24,2574.92,0.004132167212961946,2.0,0.0025,trending,0.28137483300513344,0.3088575560150969,0.4097676109797696,0
1789874100000,2574.91,2584.93,-0.0005067835492643669,1.0,0.0026686214747020666,trending,0.2913655765435554,0.3409428447010816,0.36769157875536307,0
1789875000000,2584.93,2582.0,-0.00043764523625100527,1.0,0.0026541052398976707,trending,0.2934428669744974,0.34340759705234053,0.3631495359731621,0
1789875900000,2582.0,2588.03,-0.0031838889039154106,0.0,0.002594739641525607,trending,0.2911430306610597,0.3654175141028024,0.34343945523613784,0
1789876800000,2588.03,2585.56,-0.0005608069431766172,1.0,0.0025330360167332582,trending,0.2919346270898473,0.35715958226886846,0.35090579064128424,0
1789877700000,2585.56,2583.62,-0.002004938806790424,1.0,0.002513945434382849,trending,0.28198602279832585,0.355604895551369,0.36240908165030516,0
1789878600000,2583.63,2580.87,-0.0017280994393363835,1.0,0.0025,trending,0.26947710478311754,0.3697278404220714,0.3607950547948111,0
1789879500000,2580.87,2579.79,-0.000573690106559055,1.0,0.0025,trending,0.28430982657776044,0.3143036774009844,0.4013864960212551,0
1789880400000,2579.79,2584.11,-0.0019116833261741961,1.0,0.0025,trending,0.2948760036795337,0.3324634478675005,0.37266054845296576,0
1789881300000,2584.11,2578.44,0.0007407579776919082,1.0,0.0025,trending,0.29105053462941394,0.3164626890674163,0.39248677630316964,0
1789882200000,2578.45,2576.41,-0.0007840367022329264,1.0,0.0025,trending,0.29349871199835303,0.3199661671689241,0.38653512083272284,0
1789883100000,2576.42,2578.31,-0.0015164972404403398,1.0,0.0025,trending,0.2984657528673916,0.36559377724815145,0.335940469884457,0
1789884000000,2578.31,2579.17,-0.0015043599297448473,1.0,0.0025,trending,0.3119576599301832,0.3488875751299281,0.33915476493988883,0
1789884900000,2579.16,2580.35,-0.0013060243765380397,1.0,0.0025,trending,0.3174107790215907,0.330680411800324,0.3519088091780853,0
1789885800000,2580.35,2574.39,0.0003262908883270299,1.0,0.0025,trending,0.30461283696455854,0.31818064925317935,0.3772065137822621,0
1789886700000,2574.39,2574.4,0.0009167184586700294,1.0,0.0025,trending,0.3087214597728831,0.3424979577088917,0.34878058251822525,0
1789887600000,2574.4,2575.29,0.0018988152790559987,1.0,0.0025,trending,0.297465873808739,0.36388083736998195,0.33865328882127904,0
1789888500000,2575.28,2576.98,0.00045790033294790256,1.0,0.0025,trending,0.3238195208425995,0.3548368129281779,0.3213436662292225,0
1789889400000,2576.98,2575.23,-0.0004698609444593327,1.0,0.0025,trending,0.313602868742884,0.34576381457124356,0.34063331668587243,0
1789890300000,2575.23,2576.76,-0.000609292289541985,1.0,0.0025,trending,0.30228921841522,0.3677125616198862,0.32999821996489387,0
1789891200000,2576.76,2580.18,-0.0013487431109457937,1.0,0.0025,trending,0.31005106759335527,0.3678040430606818,0.322144889345963,0
1789892100000,2580.17,2578.16,0.0005469016663046666,1.0,0.0025,trending,0.2863304887425492,0.4080814100848807,0.3055881011725702,0
1789893000000,2578.16,2574.02,0.004693048228063379,2.0,0.0025,trending,0.29436857937615346,0.3746904912794009,0.3309409293444457,0
1789893900000,2574.02,2575.19,0.001778509546868312,1.0,0.0025,trending,0.2966149194598815,0.374621667929969,0.3287634126101495,0
1789894800000,2575.19,2576.7,5.8213994644340517e-05,1.0,0.0025,trending,0.2881017970280345,0.38936980948994765,0.32252839348201784,0
1789895700000,2576.7,2579.57,-0.0014072112793993563,1.0,0.0025,trending,0.2900987865162708,0.42802586410158583,0.28187534938214354,0
1789896600000,2579.57,2586.1,-0.0044739182552877566,0.0,0.0025,trending,0.31921484724879956,0.417473436043693,0.2633117167075073,0
1789897500000,2586.1,2579.77,-0.003318125259228477,0.0,0.0025,trending,0.29248865935930923,0.4009590961176968,0.30655224452299396,0
1789898400000,2579.77,2576.85,-0.0019636377748025735,1.0,0.0025,trending,0.3175653437147974,0.37488380819315253,0.3075508480920501,0
1789899300000,2576.85,2575.94,-0.0011840337896069641,1.0,0.0025,trending,0.2982699004832067,0.41350568208029315,0.28822441743650007,0
1789900200000,2575.94,2574.53,0.00040007302303712855,1.0,0.0025,trending,0.2956648573302904,0.41591611830896785,0.2884190243607418,0
1789901100000,2574.52,2571.21,0.003060815724892141,2.0,0.0025,trending,0.3070623360975264,0.3802352074517335,0.31270245645074,0
1789902000000,2571.21,2571.79,0.0033634161420645903,2.0,0.0025,trending,0.30306711327474695,0.37707435054541427,0.3198585361798388,0
1789902900000,2571.79,2572.89,0.0007734493118634056,1.0,0.0025,trending,0.29739551853674473,0.39732519980153547,0.30527928166171986,0
1789903800000,2572.89,2575.56,-0.00017860193511320954,1.0,0.0025,trending,0.2977813848162559,0.41830647344046046,0.2839121417432836,0
1789904700000,2575.56,2579.08,0.00048079160010550126,1.0,0.0025,trending,0.2951992882050902,0.4366010565271418,0.268199655267768,0
1789905600000,2579.09,2580.44,0.00043015919765632127,1.0,0.0025,ranging,0.31543316894258056,0.42004691240939046,0.26451991864802893,0
1789906500000,2580.44,2574.88,0.002260299509103225,1.0,0.0025,ranging,0.3051818576570376,0.39239813117549593,0.30242001116746653,0
1789907400000,2574.89,2575.1,0.001937788823735076,1.0,0.0025,ranging,0.3098795261269717,0.3866313660172443,0.3034891078557839,0
1789908300000,2575.1,2580.32,0.0001782724623302645,1.0,0.0025,ranging,0.3311563840501503,0.3751573511384122,0.2936862648114375,0
1789909200000,2580.32,2581.55,-0.00046096337471679405,1.0,0.0025,ranging,0.3263100293127838,0.38867341005968675,0.2850165606275294,0
1789910100000,2581.55,2580.7,-0.0013290967566939038,1.0,0.0025,ranging,0.30423822443186715,0.40605082481322297,0.2897109507549098,0
1789911000000,2580.7,2580.09,0.0005968784034664498,1.0,0.0025,ranging,0.3184685548170726,0.4062722357467971,0.27525920943613025,0
1789911900000,2580.09,2580.78,0.0018715272127030058,1.0,0.0025,ranging,0.3123647964995007,0.4263819957023288,0.26125320779817046,0
1789912800000,2580.79,2580.36,0.006316948022756508,2.0,0.0025,ranging,0.34563792989746694,0.3938561477705618,0.26050592233197123,0
1789913700000,2580.36,2577.27,0.006165438623038977,2.0,0.0025,ranging,0.3220320973268781,0.39935312586659183,0.27861477680653013,0
1789914600000,2577.27,2581.63,0.008448150974384339,2.0,0.0025,ranging,0.33309373906435746,0.3862281241181763,0.2806781368174663,0
1789915500000,2581.62,2585.61,0.010635788073220631,2.0,0.0025,ranging,0.35566120820432745,0.37382707445853036,0.2705117173371422,0
1789916400000,2585.61,2596.66,0.010220822133047758,2.0,0.0025,ranging,0.37169439676256755,0.3570203602656766,0.271285242971756,0
1789917300000,2596.66,2593.16,0.010103503061901442,2.0,0.0025,ranging,0.34026263587868694,0.39486833716185926,0.2648690269594538,0
1789918200000,2593.17,2603.44,0.014680576468057538,2.0,0.0025,ranging,0.3594302893660176,0.3788495702177051,0.2617201404162773,0
1789919100000,2603.44,2613.11,0.010255978508367347,2.0,0.0025,trending,0.37413165747542865,0.358957016543247,0.2669113259813244,0
1789920000000,2613.11,2623.2,0.005104452577005203,2.0,0.0025,trending,0.3733899165675491,0.3459059248751788,0.280704158557272,0
1789920900000,2623.2,2619.36,0.0008475352757923993,1.0,0.0025,trending,0.35873091959543446,0.3618793196070854,0.27938976079748007,0
1789921800000,2619.36,2641.66,-0.002347009077625417,1.0,0.002524332761877927,trending,0.3679398063431377,0.33167309579729104,0.30038709785957124,0
1789922700000,2641.66,2639.91,-0.005113810698092025,0.0,0.0025368174209578548,trending,0.3854424017920386,0.34071193485176166,0.2738456633561998,0
1789923600000,2639.9,2636.59,-0.004065857793589589,0.0,0.0026313372795621535,trending,0.38160482403562845,0.33171426513592517,0.28668091082844627,0
1789924500000,2636.58,2621.58,0.006465566566727032,2.0,0.002801823116838216,trending,0.3316988252032905,0.3232800155660482,0.34502115923066135,0
1789925400000,2621.59,2635.46,-0.0011383212038884594,1.0,0.0028865561232013053,trending,0.36044724856942784,0.31497258524523625,0.32458016618533597,0
1789926300000,2635.46,2626.41,1.903739324782272e-05,1.0,0.0029373131712619495,high_volatility,0.3419903162449355,0.33350005469939425,0.3245096290556702,0
1789927200000,2626.4,2625.87,0.0005141153217791405,1.0,0.002845414850798927,trending,0.3277102711274961,0.35917501983115707,0.31311470904134675,0
1789928100000,2625.87,2638.53,-0.0034602600690536445,0.0,0.0028477968366984636,trending,0.36580531454855436,0.35896996176263585,0.27522472368880985,0
1789929000000,2638.53,2632.46,0.0009952667846804264,1.0,0.0028098640499744925,trending,0.3591818263894876,0.356415403284916,0.28440277032559635,0
1789929900000,2632.45,2626.46,0.002619495442534925,1.0,0.002778947201092673,trending,0.34440914284185536,0.3458253137738944,0.30976554338425016,0
1789930800000,2626.47,2627.22,0.001739481276787025,1.0,0.002639409110748356,trending,0.33791571539853055,0.35071897330206,0.3113653112994094,0
1789931700000,2627.23,2629.4,0.002776298775385877,2.0,0.0025018203297662647,trending,0.3624202566962929,0.3405138067405854,0.29706593656312175,0
1789932600000,2629.4,2635.08,0.0005806275331299293,1.0,0.0025,trending,0.35982130075532176,0.3529146676030619,0.28726403164161635,0
1789933500000,2635.08,2633.34,0.0004405052139107024,1.0,0.0025,trending,0.37766786451879075,0.3418782353201858,0.28045390016102356,0
1789934400000,2633.35,2631.79,-0.004571033403120928,0.0,0.0025,low_liquidity,0.3709005699872221,0.34619709384421204,0.2829023361685659,0
1789935300000,2631.79,2636.7,-0.004983502104903836,0.0,0.0025,trending,0.39887248320442364,0.33407855264154446,0.2670489641540319,0
1789936200000,2636.71,2636.61,-0.005947030467153058,0.0,0.0025,trending,0.4067227039139078,0.3326660883726734,0.2606112077134188,0
1789937100000,2636.62,2634.5,-0.001305750616815371,1.0,0.0025,trending,0.40511009565592687,0.315459167304979,0.27943073703909405,0
1789938000000,2634.5,2619.76,0.010073441842000763,2.0,0.0025203594635768494,trending,0.3408496996003838,0.3115996083504194,0.34755069204919686,0
1789938900000,2619.76,2623.56,0.00665507935781906,2.0,0.0025,trending,0.35334105349140593,0.3245173441967079,0.32214160231188604,0
1789939800000,2623.56,2620.93,0.005921562193572427,2.0,0.0025,trending,0.3461255698016211,0.3272604695142113,0.32661396068416754,0
1789940700000,2620.93,2631.06,0.003261043077694925,2.0,0.0025,trending,0.3716348961857108,0.3474965606968601,0.28086854311742915,0
1789941600000,2631.07,2646.15,-0.004481983258696642,0.0,0.002600626504473097,high_volatility,0.41494023005800107,0.31974983732703127,0.2653099326149677,0
1789942500000,2646.14,2641.02,-0.0012192259051426735,1.0,0.00259887201921307,high_volatility,0.398513204123564,0.3219267829389477,0.27956001293748833,0
1789943400000,2641.02,2636.45,0.0026968082080069955,2.0,0.0025604708913871507,high_volatility,0.38290072869858793,0.3281133546591901,0.288985916642222,0
1789944300000,2636.46,2639.64,0.002110136230698112,1.0,0.002514498602102927,trending,0.3762629555498008,0.3321000248616186,0.2916370195885805,0
1789945200000,2639.63,2634.29,0.016903985514123532,2.0,0.0025,trending,0.3732656014718919,0.33370798099579796,0.29302641753231,0
1789946100000,2634.29,2637.8,0.01821214648570768,2.0,0.0025334147392061545,high_volatility,0.3927944477852235,0.3148332563995568,0.2923722958152197,0
1789947000000,2637.81,2643.56,0.017797969404893532,2.0,0.0025,trending,0.37514960077743575,0.3335806290944244,0.29126977012813987,0
1789947900000,2643.56,2645.21,0.016626279199005056,2.0,0.0025,trending,0.3971654079198805,0.32927692576447315,0.2735576663156464,0
1789948800000,2645.21,2678.82,0.004169746380868977,2.0,0.002899874994154883,high_volatility,0.4255577815853167,0.28882480909414354,0.28561740932053975,0
1789949700000,2678.75,2685.84,-0.0026211539034343145,1.0,0.003086375763101139,high_volatility,0.41418898980955055,0.2980840135022767,0.28772699668817275,0
1789950600000,2685.85,2690.61,-0.0031665681759898145,0.0,0.003052139775907911,high_volatility,0.4282013988248941,0.30455837667108554,0.26724022450402024,0
1789951500000,2690.6,2689.19,-0.01477396539478426,0.0,0.003162331180762412,high_volatility,0.3855988064627337,0.29254822069282244,0.32185297284444386,0
1789952400000,2689.18,2689.99,-0.011156175301766824,0.0,0.0031215044889685776,high_volatility,0.37469773064967216,0.30218978762693594,0.32311248172339185,0
1789953300000,2689.99,2678.8,-0.005073167089741704,0.0,0.0033784478706789674,high_volatility,0.359508641474284,0.3073359198203361,0.33315543870538,0
1789954200000,2678.79,2682.09,-0.008471005820088195,0.0,0.003359864349594973,high_volatility,0.3646570716404458,0.3119391197833495,0.32340380857620465,0
1789955100000,2682.09,2649.46,0.004619809319634793,2.0,0.0038376812486390043,high_volatility,0.3728892359375404,0.29952451486498105,0.32758624919747853,0
1789956000000,2649.46,2659.98,0.0012556485387109628,1.0,0.0038149905126367302,high_volatility,0.3975144005042678,0.313454209612358,0.2890313898833741,0
1789956900000,2659.97,2665.21,0.001054325925536892,1.0,0.003720301322528986,high_volatility,0.4100188973766112,0.32806286417836594,0.26191823844502293,0
1789957800000,2665.2,2659.37,0.0023765027055280274,1.0,0.003658922326437874,high_volatility,0.40985267379526363,0.33933093985905094,0.2508163863456855,0
1789958700000,2659.37,2661.7,0.0015967238982605991,1.0,0.0035496532150335776,high_volatility,0.4020850239472059,0.3429037676044591,0.25501120844833486,0
1789959600000,2661.7,2663.32,-0.001377979364102,1.0,0.003468534855312527,high_volatility,0.39877757443094003,0.3437666395651831,0.257455786003877,0
1789960500000,2663.31,2668.02,-0.0045539388760204025,0.0,0.003383612386206749,high_volatility,0.415949212540969,0.3349485626907341,0.24910222476829685,0
1789961400000,2668.02,2665.69,-0.00020257419279812172,1.0,0.0032983712001238906,high_volatility,0.401832788067398,0.3429821418568727,0.2551850700757294,0
1789962300000,2665.7,2665.95,-0.0007089405277668215,1.0,0.003169056771988473,high_volatility,0.3913983258001833,0.3489577028868328,0.2596439713129839,0
1789963200000,2665.95,2659.65,0.00012783636944702081,1.0,0.0031187000898795646,high_volatility,0.37748075828846805,0.35124854133725864,0.2712707003742733,0
1789964100000,2659.64,2655.87,0.005079314876104801,2.0,0.0029928438575313873,high_volatility,0.38455849118223745,0.33401548761278366,0.2814260212049789,0
1789965000000,2655.86,2665.15,0.0010543496613699688,1.0,0.0029597866323987287,high_volatility,0.4006507092930674,0.33582196976413375,0.26352732094279885,0
1789965900000,2665.15,2664.06,0.0005067453435732006,1.0,0.002870955809215667,trending,0.40578605452122984,0.33662067904749177,0.25759326643127844,0
1789966800000,2664.05,2659.99,0.0024285805585735343,1.0,0.002787099117190241,trending,0.3802106520673277,0.34846357218300633,0.27132577574966593,0
1789967700000,2659.99,2669.36,0.001011478406809152,1.0,0.0027937548740830692,trending,0.4003742125911163,0.3318934450693053,0.2677323423395784,0
1789968600000,2669.35,2667.96,-0.005086283152671012,0.0,0.002754752899456376,trending,0.3967134194529364,0.33309801366060643,0.2701885668864571,0
1789969500000,2667.96,2665.41,-0.0009491973092319306,1.0,0.002663016118486115,trending,0.3818660499258568,0.33720316938125516,0.280930780692888,0
1789970400000,2665.41,2666.45,-0.0027864764012075494,0.0,0.002564093706743935,trending,0.38759729335678184,0.33238016157460504,0.280022545068613,0
1789971300000,2666.45,2672.06,-0.005011115019872281,0.0,0.0025724229790743515,trending,0.40671196910967794,0.3204898479727821,0.27279818291754,0
1789972200000,2672.07,2654.39,-0.0020419003989617934,1.0,0.0027031147616657283,trending,0.380283840249224,0.3179569516654975,0.3017592080852785,0
1789973100000,2654.4,2662.88,-0.0004581505738149305,1.0,0.0027088439771663047,trending,0.38078329116178017,0.32694612768080866,0.29227058115741106,0
1789974000000,2662.89,2659.02,0.0031891448729230998,2.0,0.0026813112631430204,trending,0.3653904559951925,0.33402371074771875,0.30058583325708876,0
1789974900000,2659.03,2658.67,0.008466639334704817,2.0,0.002557819822209523,trending,0.37864509491450815,0.34477779198382635,0.27657711310166544,0
1789975800000,2658.66,2648.97,0.019520794874989145,2.0,0.002576666853997681,ranging,0.35783883549414164,0.3392550691898837,0.30290609531597457,0
1789976700000,2648.96,2661.66,0.01300692049322616,2.0,0.0026241859685589655,ranging,0.36151833178027004,0.35065963363188146,0.2878220345878485,0
1789977600000,2661.66,2667.5,0.010946579194001771,2.0,0.0025909487408212802,ranging,0.3793517221882456,0.3482786161693282,0.2723696616424261,0
1789978500000,2667.51,2681.18,0.013520166493857122,2.0,0.0026351303999366488,ranging,0.4036935766959248,0.33257343329866107,0.263732990005414,0
1789979400000,2681.18,2700.68,0.015310958721507228,2.0,0.0029613273597265378,high_volatility,0.41543418739452553,0.311853661099861,0.27271215150561345,0
1789980300000,2700.67,2696.28,0.009082884566884664,2.0,0.003016398478651574,high_volatility,0.3715502444001021,0.324268219587295,0.304181536012603,0
1789981200000,2696.27,2696.7,0.008595691029777308,2.0,0.0030004321040595287,high_volatility,0.3829481815282019,0.33001959990207097,0.28703221856972705,0
1789982100000,2696.7,2717.43,-0.0020239711786503856,1.0,0.0031747551472011944,high_volatility,0.39047356998548677,0.3165694891682028,0.2929569408463105,0
1789983000000,2717.44,2742.03,-0.00978836847153397,0.0,0.003467172481586013,high_volatility,0.4205874849102932,0.2981758744196856,0.2812366406700212,0
1789983900000,2742.03,2720.77,-0.0017678818863777757,1.0,0.0036476066511602753,high_volatility,0.40751994948303644,0.314363614103692,0.27811643641327155,0
1789984800000,2720.78,2719.88,0.0005257584893449962,1.0,0.0035666984186173574,high_volatility,0.41281168682951985,0.31278933308098866,0.27439898008949154,0
1789985700000,2719.89,2711.93,0.0035804758972393103,2.0,0.003495952330016337,high_volatility,0.386059911385768,0.3302832785551274,0.28365681005910454,0
1789986600000,2711.93,2715.19,0.004382750378426614,2.0,0.0034012908865213784,high_volatility,0.4086952521277008,0.3236043704815545,0.26770037739074476,0
1789987500000,2715.19,2715.96,0.003468386868731521,2.0,0.0032828950517959886,high_volatility,0.4098510525375966,0.32917539995610123,0.26097354750630214,0
1789988400000,2715.96,2721.31,-0.0004777111023733793,1.0,0.003188242621158447,high_volatility,0.41420029958468113,0.32959547665356936,0.25620422376174956,0
1789989300000,2721.31,2721.64,0.00016166723005239803,1.0,0.003091637889969728,trending,0.40582016135289306,0.3320536679835752,0.2621261706635318,0
1789990200000,2721.63,2727.09,0.00048403243017269837,1.0,0.0030325949090983934,trending,0.4110821773618538,0.3293840448736985,0.25953377776444764,0
1789991100000,2727.1,2725.38,0.0035848211992455248,2.0,0.0029218486506859525,trending,0.36751531762978773,0.33804199749274916,0.29444268487746317,0
1789992000000,2725.38,2720.01,0.004150720034117539,2.0,0.0029012740599925362,trending,0.3671705812221813,0.3272944657435524,0.3055349530342663,0
1789992900000,2720.0,2722.08,0.005257009345794428,2.0,0.0029302022173947856,trending,0.36580939057031014,0.32265158891564055,0.3115390205140493,0
1789993800000,2722.08,2728.41,-0.002228404088828295,1.0,0.002881405629627248,trending,0.37222853067180595,0.3174236187500605,0.3103478505781336,0
1789994700000,2728.4,2735.15,-0.0010566148108878126,1.0,0.00292330603808897,trending,0.38805117584744514,0.3195152829897246,0.2924335411628304,0
1789995600000,2735.15,2731.3,-0.003917548420166339,0.0,0.0029467874175831384,trending,0.37660109656218177,0.3215875948993302,0.30181130853848803,0
1789996500000,2731.29,2736.39,-0.0010342093049601209,1.0,0.0029016145400478843,trending,0.3794983350778049,0.3123896291944879,0.3081120357277071,0
1789997400000,2736.39,2722.33,0.004723894604989232,2.0,0.003050048439234595,trending,0.3415505825011329,0.31125011583136813,0.3471993016674989,0
1789998300000,2722.33,2732.26,0.001614048443413063,1.0,0.0031920748699548473,high_volatility,0.3842367267010258,0.29854513805229993,0.31721813524667414,0
1789999200000,2732.27,2720.6,0.010416819819157652,2.0,0.0033516902861337556,high_volatility,0.33396299646140576,0.32007749585956585,0.34595950767902833,0
1790000100000,2720.57,2733.56,-7.316466439366565e-06,1.0,0.003424887893493192,high_volatility,0.38739286718366867,0.3164003010324903,0.296206831783841,0
1790001000000,2733.57,2735.19,0.003634116825522282,2.0,0.003482489206855418,high_volatility,0.39329358044984003,0.309861219573875,0.29684519997628483,0
1790001900000,2735.2,2736.67,0.006796581246551359,2.0,0.0036278841881892286,high_volatility,0.39520310619341725,0.2986758193234814,0.3061210744831012,0
1790002800000,2736.66,2748.94,0.0010840542172618761,1.0,0.0036170353371739535,high_volatility,0.40728971415859866,0.30243484216343314,0.2902754436779682,0
1790003700000,2748.94,2733.54,0.010363850538130048,2.0,0.0036891244779668894,high_volatility,0.3626353052511433,0.3144444023163999,0.3229202924324568,0
1790004600000,2733.54,2745.13,0.005442365206747901,2.0,0.003673747463209412,high_volatility,0.3854384391899609,0.315675415671827,0.29888614513821216,0
1790005500000,2745.14,2755.27,-0.00022502331894869165,1.0,0.003714540987630472,high_volatility,0.4054254803008491,0.2997701199828709,0.29480439971628014,0
1790006400000,2755.28,2751.92,-0.0007921741911103286,1.0,0.003674092568898701,high_volatility,0.4042904017321,0.29969944455195796,0.29601015371594197,0
1790007300000,2751.93,2761.87,-0.004518677562665885,0.0,0.003659749028444196,high_volatility,0.4121491742697079,0.2993744948709606,0.2884763308593315,0
1790008200000,2761.88,2760.07,-0.005662899853989267,0.0,0.003712813796116436,high_volatility,0.3864190359849202,0.3057741817442127,0.30780678227086694,0
1790009100000,2760.07,2754.65,-0.004134826565988403,0.0,0.0036452942599711187,high_volatility,0.39850950632108373,0.3018206329445326,0.2996698607343837,0
1790010000000,2754.65,2749.74,0.0003236669648767343,1.0,0.0035402731019759455,high_volatility,0.3850628636478801,0.30244382357414384,0.31249331277797604,0
1790010900000,2749.74,2749.39,0.0006401419951336251,1.0,0.0034457200966800283,trending,0.386404919738215,0.30915474178737007,0.3044403384744149,0
1790011800000,2749.39,2744.44,0.0013700427045224561,1.0,0.003324362006090867,trending,0.3742780967830752,0.31054670876933244,0.31517519444759223,0
1790012700000,2744.43,2743.26,0.005446075107718329,2.0,0.003242119043764098,trending,0.3864538146554276,0.3162727414217914,0.29727344392278093,0
1790013600000,2743.26,2750.63,0.0036573439539304697,2.0,0.003216709349804848,trending,0.39061788019154375,0.3155921953851768,0.29378992442327956,0
1790014500000,2750.63,2751.15,0.0053868382312849405,2.0,0.0030913748823244843,trending,0.39734578129230536,0.3181722162888624,0.2844820024188322,0
1790015400000,2751.15,2748.2,0.0060985372243651526,2.0,0.0029782836583319757,trending,0.3849014205040225,0.3213958929357422,0.2937026865602353,0
1790016300000,2748.2,2758.2,0.0013160757015444613,1.0,0.0029222461063572306,trending,0.3915980470551262,0.31544740130791976,0.2929545516369541,0
1790017200000,2758.21,2760.69,0.003752685017151647,2.0,0.0028177171477629785,trending,0.4058461572901637,0.31199723723502937,0.282156605474807,0
1790018100000,2760.7,2765.97,0.013998705698181846,2.0,0.0028260549821207477,trending,0.40149723311242314,0.30750207677224906,0.29100069011532764,0
1790019000000,2765.97,2764.96,0.006032637000173535,2.0,0.0028361087860133056,trending,0.3925772070170995,0.3090276565694035,0.298395136413497,0
1790019900000,2764.96,2761.83,0.008190221700828726,2.0,0.0028200881179890436,trending,0.36512579195700584,0.3097379727137822,0.32513623532921204,0
1790020800000,2761.84,2771.05,-0.0007578354775267249,1.0,0.0028023377309213337,trending,0.37557073931709123,0.317596473033435,0.3068327876494737,0
1790021700000,2771.05,2804.69,-0.012432746578053155,0.0,0.0031312967514236195,trending,0.4162851981426151,0.28222530306607857,0.30148949879130627,0
1790022600000,2804.69,2781.64,-0.001391265584331558,1.0,0.003317675824199141,trending,0.41426541749889895,0.305436979779755,0.2802976027213461,0
1790023500000,2781.64,2784.45,-0.005652821921743878,0.0,0.003229966860219355,trending,0.40043601140305907,0.31547313310637165,0.2840908554905693,0
1790024400000,2784.44,2768.95,0.0030083605698911775,1.0,0.0032652360722396348,trending,0.34549059228312773,0.3257130419747034,0.3287963657421689,0
1790025300000,2768.96,2769.82,0.0010469994440069907,1.0,0.0031395175882745164,trending,0.3823718840668466,0.3252224083457446,0.2924057075874088,0
1790026200000,2769.81,2777.77,-0.0003636010180827487,1.0,0.003067226122357366,low_liquidity,0.3862859944634289,0.3242884195263095,0.2894255860102617,0
1790027100000,2777.77,2768.71,0.0037923798447652146,2.0,0.00300017576975528,low_liquidity,0.40553684282375796,0.31858300456453104,0.27588015261171095,0
1790028000000,2768.72,2777.28,0.0021387832699617526,1.0,0.0029258847433776135,low_liquidity,0.41892222732069445,0.31111327335813593,0.26996449932116967,0
1790028900000,2777.28,2772.72,0.0003426238495052303,1.0,0.002968204901971994,trending,0.4052319916456238,0.317587542976347,0.2771804653780292,0
1790029800000,2772.72,2776.76,-0.0017682478860255868,1.0,0.0029162460217083755,trending,0.4153442403758837,0.31333112628754045,0.2713246333365759,0
1790030700000,2776.75,2779.21,-0.0010866397285559382,1.0,0.002847271062694239,trending,0.39970313600741547,0.3275269324342731,0.2727699315583114,0
1790031600000,2779.21,2783.22,-0.0032121068402783948,0.0,0.0027940693239165925,trending,0.40627107926906264,0.3218339148985676,0.27189500583236975,0
1790032500000,2783.21,2773.67,-0.0007282769759920926,1.0,0.0028097024908268708,low_liquidity,0.3818010786718002,0.3346763172706859,0.2835226040575139,0
1790033400000,2773.67,2771.85,0.00014070025434276268,1.0,0.00273364198744297,trending,0.38987709097522544,0.32469736743588284,0.2854255415888917,0
1790034300000,2771.86,2776.19,-0.007816467893047796,0.0,0.0026613089999917468,low_liquidity,0.41697373318232056,0.3140560283773174,0.268970238440362,0
1790035200000,2776.2,2774.28,-0.008686938593076565,0.0,0.002605151931953827,trending,0.40605427896053115,0.3222688160824577,0.271676904957011,0
1790036100000,2774.27,2771.65,-0.006966969133909373,0.0,0.002556354304763053,low_liquidity,0.4024566777094462,0.32169376625159474,0.275849556038959,0
1790037000000,2771.65,2772.24,-0.008253253686549389,0.0,0.00258520062977321,trending,0.3953584508767027,0.3304051223121732,0.2742364268111242,0
1790037900000,2772.24,2754.49,-0.002040305101851825,1.0,0.0027656236005439475,trending,0.3516822626708206,0.33688648727384873,0.31143125005533073,0
1790038800000,2754.49,2750.18,-0.0024871099346223113,1.0,0.0028438780934081694,trending,0.3441059830685374,0.3437642264260107,0.31212979050545187,0
1790039700000,2750.19,2752.34,-0.0027031544067956936,1.0,0.00291723968161327,trending,0.3499078180461464,0.3534660693606883,0.2966261125931652,0
1790040600000,2752.33,2749.36,-0.0010147816219047145,1.0,0.002839155841172098,trending,0.34478453321278374,0.3642780763458459,0.2909373904413704,0
1790041500000,2749.35,2748.87,-0.0032267804588794746,0.0,0.0027637382307562188,trending,0.3418588882301909,0.38572188887015474,0.27241922289965437,0
1790042400000,2748.86,2743.34,-0.003969613682591411,0.0,0.0027788087939447383,trending,0.34155573407670936,0.3804703237064214,0.27797394221686916,0
1790043300000,2743.34,2744.9,-0.0018834930234252756,1.0,0.0027507592032534308,trending,0.3438125252297506,0.3791382594964678,0.2770492152737815,0
1790044200000,2744.89,2746.57,-0.004547490142250199,0.0,0.0026970591938603543,trending,0.3489113525466212,0.374660176961709,0.2764284704916697,0
1790045100000,2746.58,2740.0,-0.00012773722627734685,1.0,0.0026666737307365373,trending,0.33490994072937336,0.3876613208286054,0.27742873844202126,0
1790046000000,2740.01,2732.45,0.0026166992991638605,1.0,0.002755792637398551,trending,0.3376407725254183,0.377694843106946,0.2846643843676356,0
1790046900000,2732.45,2739.73,-0.0012592481740900663,1.0,0.002752222526014704,trending,0.3472823218123782,0.3695721930559382,0.2831454851316836,0
1790047800000,2739.73,2734.08,-0.0015398232677902302,1.0,0.002684906964671777,trending,0.34137031356499514,0.3513299778939713,0.3072997085410335,0
1790048700000,2734.08,2739.65,-0.0037377037212783515,0.0,0.0026185241504156588,trending,0.363166167898261,0.3669299505759947,0.26990388152574424,0
1790049600000,2739.64,2739.6,-0.004380201489268543,0.0,0.00252023016793174,trending,0.36826257240559496,0.36105191055508945,0.2706855170393156,0
1790050500000,2739.61,2736.28,-0.005759644480828108,0.0,0.0025,trending,0.34736061836616533,0.37926927056325055,0.2733701110705842,0
1790051400000,2736.27,2729.87,0.0014359658152220955,1.0,0.0025,trending,0.3456025784198822,0.37768011234337057,0.2767173092367472,0
1790052300000,2729.87,2729.41,0.0015131475300522723,1.0,0.0025,trending,0.35647745624527344,0.36874708211053453,0.2747754616441919,0
1790053200000,2729.42,2727.6,0.0008798944126704455,1.0,0.0025,trending,0.34758059093971727,0.3761762180750846,0.27624319098519823,0
1790054100000,2727.6,2720.52,0.0034846279387763524,2.0,0.0025,trending,0.3466409149979048,0.36940270348986515,0.28395638151223,0
1790055000000,2720.51,2733.79,0.00018289627220813287,1.0,0.0025,trending,0.3784310711902178,0.35527592905658845,0.26629299975319365,0
1790055900000,2733.79,2733.54,-0.0010279710558469546,1.0,0.0025,trending,0.36103752837197856,0.37102254980491856,0.26793992182310283,0
1790056800000,2733.55,2730.0,0.0009706959706961005,1.0,0.0025,trending,0.362890716767477,0.3641879359068137,0.2729213473257092,0
1790057700000,2730.01,2730.0,-0.0008315018315018241,1.0,0.0025,low_liquidity,0.3464975428808974,0.37866114609790935,0.2748413110211933,0
1790058600000,2730.0,2734.29,-0.0031781559381046653,0.0,0.0025,trending,0.3564170233757463,0.3759059016340338,0.26767707499022,0
1790059500000,2734.29,2730.73,-0.0016076287293140812,1.0,0.0025,trending,0.36231080481100075,0.35944414291697746,0.2782450522720219,0
1790060400000,2730.72,2732.65,0.00012808080068804628,1.0,0.0025,trending,0.3565861740756704,0.36618572685550527,0.27722809906882434,0
1790061300000,2732.65,2727.73,-0.0012611218852306427,1.0,0.0025,trending,0.3651830174600083,0.3553335082887291,0.2794834742512626,0
1790062200000,2727.73,2725.6,0.00769004989727029,2.0,0.0025,trending,0.3533764896391022,0.3634413005968409,0.283182209764057,0
1790063100000,2725.61,2726.34,0.008318845045005352,2.0,0.0025,trending,0.34364028196125607,0.39003834323876996,0.26632137479997403,0
1790064000000,2726.35,2733.0,0.002246615440907318,1.0,0.0025,trending,0.3580294751010996,0.3776297091840464,0.26434081571485396,0
1790064900000,2733.01,2724.29,0.0057446160283964876,2.0,0.0025,trending,0.3608209963749683,0.3423349305596054,0.29684407306542626,0
1790065800000,2724.29,2746.56,-0.0009065886053826189,1.0,0.0025,trending,0.38463257496165937,0.3464685257512965,0.268898899287044,0
1790066700000,2746.55,2749.02,0.0006365904940670575,1.0,0.0025,trending,0.3907060490060208,0.34885257347652016,0.2604413775174591,0
1790067600000,2749.01,2739.14,0.0025226896033061497,2.0,0.0025,trending,0.3671308190252999,0.35302147090137437,0.2798477100733256,0
1790068500000,2739.14,2739.94,2.554800470089269e-05,1.0,0.0025,trending,0.3450327206156916,0.36384360530831733,0.29112367407599105,0
1790069400000,2739.93,2744.07,-0.0012135258940189075,1.0,0.0025,ranging,0.3665097528047194,0.3380004238496732,0.2954898233456074,0
1790070300000,2744.08,2750.77,-0.0030900438786231055,0.0,0.0025,ranging,0.39689695159934446,0.34554943457566156,0.2575536138249939,0
1790071200000,2750.77,2746.05,-0.0016387174304910435,1.0,0.0025,ranging,0.3517033827138707,0.35650569056287473,0.2917909267232545,0
1790072100000,2746.05,2740.01,-0.0002372254115861061,1.0,0.0025,ranging,0.37081626522776084,0.3475268176619918,0.28165691711024743,0
1790073000000,2740.01,2740.74,0.0019228383575240482,1.0,0.0025,ranging,0.3713195736017439,0.34825135808217644,0.2804290683160797,0
1790073900000,2740.73,2742.27,0.00012033825990864777,1.0,0.0025,low_liquidity,0.3533320722409403,0.3708518552864857,0.275816072472574,0
1790074800000,2742.26,2741.55,-7.2951432583678866e-06,1.0,0.0025,ranging,0.3527252333068038,0.37151760132438977,0.27575716536880646,0
1790075700000,2741.54,2739.36,0.0033913030780912123,2.0,0.0025,ranging,0.35037382985977905,0.35785732504079876,0.2917688450994221,0
1790076600000,2739.35,2746.01,0.0012381600941000492,1.0,0.0025,ranging,0.3511639401801788,0.3688674453826772,0.2799686144371439,0
1790077500000,2746.0,2742.6,0.005108291402319054,2.0,0.0025,ranging,0.35841855111003607,0.3540435880098691,0.2875378608800949,0
1790078400000,2742.59,2741.53,0.0054932829478429035,2.0,0.0025,ranging,0.35492306397490486,0.36018090720637064,0.2848960288187245,0
1790079300000,2741.54,2748.65,-0.0014807269022975023,1.0,0.0025,ranging,0.38277936650053274,0.33654288751567346,0.28067774598379386,0
1790080200000,2748.65,2749.41,0.0006510487704634027,1.0,0.0025,ranging,0.3707923666497219,0.34576989818683407,0.28343773516344395,0
1790081100000,2749.42,2756.61,0.0009359321775659346,1.0,0.0025,ranging,0.40003628599612084,0.34055092170615076,0.25941279229772846,0
1790082000000,2756.6,2756.59,0.00011971312382330623,1.0,0.0025,ranging,0.3918081568968117,0.33161727265639745,0.2765745704467908,0
1790082900000,2756.58,2744.58,-0.0016505257635046622,1.0,0.0025,ranging,0.36899206818312547,0.3420678741837803,0.2889400576330942,0
1790083800000,2744.55,2751.2,-0.008512649025879448,0.0,0.0025,ranging,0.3791152919228884,0.3299176015061365,0.29096710657097496,0
1790084700000,2751.2,2759.19,-0.005965518866044017,0.0,0.0025,ranging,0.37822813669828764,0.349233035422414,0.2725388278792984,0
1790085600000,2759.2,2756.92,-0.0040298594083252315,0.0,0.0025,ranging,0.3942441834831657,0.3326855928717869,0.27307022364504735,0
1790086500000,2756.92,2740.05,0.001332092480064162,1.0,0.0025,ranging,0.3481398676456795,0.35183014678916924,0.3000299855651512,0
1790087400000,2740.04,2727.78,0.008402437146690644,2.0,0.0026696103639557785,ranging,0.3325834452960423,0.34312259078127505,0.32429396392268267,0
1790088300000,2727.78,2742.73,0.0004302282762065346,1.0,0.0027087043842575686,ranging,0.35480556228997834,0.34716534464489474,0.2980290930651269,0
1790089200000,2742.73,2745.81,-0.004603377509732942,0.0,0.0026558434769925273,ranging,0.37076508985189793,0.3464816061823063,0.28275330396579573,0
1790090100000,2745.82,2743.7,-0.004063855377774428,0.0,0.002636110271018045,ranging,0.36812378785420036,0.35199598985407027,0.27988022229172943,0
1790091000000,2743.7,2750.7,-0.004606100265386881,0.0,0.002612504992435656,ranging,0.3672061688212275,0.3480469495497402,0.2847468816290322,0
1790091900000,2750.7,2743.91,0.0008090644372447109,1.0,0.002640414259604668,ranging,0.3716106363054182,0.3397712918764702,0.2886180718181116,0
1790092800000,2743.9,2733.17,0.005316171332189201,2.0,0.002720801125849522,ranging,0.3585032653086126,0.34445994794284573,0.2970367867485416,0
1790093700000,2733.16,2732.55,0.007586320469890717,2.0,0.002651561889360169,ranging,0.3605381239913325,0.33599410961603704,0.3034677663926305,0
1790094600000,2732.54,2738.03,0.0045981965135515335,2.0,0.002601709746737219,ranging,0.3646680767342083,0.33467014773520665,0.30066177553058504,0
1790095500000,2738.02,2746.13,0.002829436334041091,2.0,0.002644247707349353,ranging,0.40120363206810106,0.337143415576195,0.261652952355704,0
1790096400000,2746.13,2747.7,0.0017323579721222337,1.0,0.0025522339056453123,ranging,0.38794466739276856,0.35508232020133274,0.25697301240589876,0
1790097300000,2747.69,2753.28,-0.003577551139005264,0.0,0.002527947194749565,ranging,0.37553909448020134,0.35325106433447734,0.27120984118532127,0
1790098200000,2753.28,2750.62,-0.0008470817488420712,1.0,0.0025257137840268974,ranging,0.3770146232735256,0.3480187249645147,0.2749666517619598,0
1790099100000,2750.62,2753.9,-0.0005592069428810298,1.0,0.0025096518971033537,ranging,0.37718578840251554,0.3245387304815457,0.2982754811159387,0
1790100000000,2753.91,2752.46,0.001246157982313978,1.0,0.0025,ranging,0.37477794598994907,0.3188010389866152,0.3064210150234357,0
1790100900000,2752.47,2743.43,0.007443237115581702,2.0,0.0025,ranging,0.36607993497520314,0.33135293577891417,0.3025671292458826,0
1790101800000,2743.43,2748.29,0.0021358735795713457,1.0,0.0025,ranging,0.36122361600481867,0.336711555098231,0.3020648288969503,0
1790102700000,2748.3,2752.36,-0.00022526123036248347,1.0,0.0025,ranging,0.36764822260846125,0.3351270932147381,0.29722468417680065,0
1790103600000,2752.37,2755.89,-0.002202555254382288,1.0,0.0025,ranging,0.3830270054475252,0.3388378614640807,0.27813513308839416,0
1790104500000,2755.89,2763.85,-0.0023083741881795294,1.0,0.0025,ranging,0.3921640645894094,0.34810511249794784,0.2597308229126428,0
1790105400000,2763.85,2754.16,-0.0002650535916577379,1.0,0.0025,ranging,0.3915856858374413,0.3269214375869909,0.28149287657556776,0
1790106300000,2754.16,2751.74,-7.631534956054065e-05,1.0,0.0025,ranging,0.3744588694661723,0.3120553871635939,0.3134857433702339,0
1790107200000,2751.75,2749.82,-0.0005782196652872607,1.0,0.0025,ranging,0.35597623122891275,0.32046425105477394,0.3235595177163132,0
1790108100000,2749.82,2757.47,-0.002955607857927589,0.0,0.0025,ranging,0.37796619087348576,0.3265433924998938,0.29549041662662057,0
1790109000000,2757.48,2753.43,-0.00217910024950696,1.0,0.0025,ranging,0.37965256690938487,0.32436330467420316,0.29598412841641203,0
1790109900000,2753.42,2751.53,-0.0015336921639961254,1.0,0.0025,ranging,0.3897511442387572,0.3164272597186743,0.2938215960425684,0
1790110800000,2751.53,2748.23,-0.0033585253053783903,0.0,0.0025,ranging,0.3736588175316338,0.32132359796583754,0.30501758450252864,0
1790111700000,2748.22,2749.32,-0.001131188803049521,1.0,0.0025,low_liquidity,0.37081036196305206,0.3383542514323987,0.29083538660454933,0
1790112600000,2749.31,2747.43,0.003650684457838782,2.0,0.0025,ranging,0.369204755442379,0.3342443819568959,0.2965508626007251,0
1790113500000,2747.43,2747.31,0.002100236231076913,1.0,0.0025,ranging,0.36117486124523196,0.3281549934824218,0.3106701452723463,0
1790114400000,2747.31,2739.0,0.010036509675063865,2.0,0.0025,ranging,0.35352832686437524,0.32782334652047407,0.3186483266151508,0
1790115300000,2739.0,2746.21,0.00419851358781731,2.0,0.0025,ranging,0.35235327867046246,0.3154644963566229,0.3321822249729146,0
1790116200000,2746.21,2757.46,-0.0013853328788088204,1.0,0.0025,ranging,0.35606616113229717,0.3399209117739389,0.3040129270937639,1
1790117100000,2757.46,2753.08,0.00019977625059941495,1.0,0.0025,ranging,0.351618578818842,0.3427500427757888,0.3056313784053691,1
1790118000000,2753.08,2766.49,-0.0030327237763374537,0.0,0.0025,ranging,0.388890471055504,0.3300306376480163,0.2810788912964797,1
1790118900000,2766.49,2757.74,8.70277836200195e-05,1.0,0.0025,ranging,0.32852985218951875,0.3409933309581462,0.3304768168523351,1
1790119800000,2757.74,2753.64,0.002672825786958377,2.0,0.0025,ranging,0.3256596303167541,0.33835393233325617,0.33598643734998973,1
1790120700000,2753.64,2753.63,0.002313310067075136,1.0,0.0025,ranging,0.3388526715367348,0.35967503284190294,0.30147229562136224,1
1790121600000,2753.63,2758.1,0.004412457851419527,2.0,0.0025,ranging,0.35752287800324717,0.3438615588294802,0.29861556316727256,1
1790122500000,2758.09,2757.98,0.00333577473368174,2.0,0.0025,ranging,0.336034218154824,0.37801314358362365,0.28595263826155237,1
1790123400000,2757.98,2761.0,-0.0029373415429192473,0.0,0.0025,ranging,0.35284969782252384,0.34545747542104804,0.3016928267564281,1
1790124300000,2761.01,2760.0,-0.0021050724637681206,1.0,0.0025,low_liquidity,0.325565981856177,0.3737614518244063,0.30067256631941663,1
1790125200000,2760.01,2770.27,-0.006320683543481254,0.0,0.0025,ranging,0.36967956758712467,0.36168452925922123,0.26863590315365415,1
1790126100000,2770.28,2767.18,-0.002811526536040221,0.0,0.0025,ranging,0.32643434557466083,0.3839104956937451,0.289655158731594,1
1790127000000,2767.18,2752.89,0.0017472547032391095,1.0,0.0025,ranging,0.3287264647636848,0.3425364167913676,0.3287371184449477,1
1790127900000,2752.89,2754.19,0.0029082960870527863,2.0,0.0025,ranging,0.3437446767321834,0.34612487119373003,0.31013045207408657,1
1790128800000,2754.18,2752.76,0.00444281375782829,2.0,0.0025,ranging,0.3203102225729687,0.3533732661136414,0.32631651131338985,1
1790129700000,2752.76,2759.4,0.0033050663187648155,2.0,0.0025,ranging,0.36217728187793524,0.3510234548925798,0.28679926322948496,1
1790130600000,2759.4,2757.7,0.009214200239330061,2.0,0.0025,low_liquidity,0.32413671575351233,0.3834062494683854,0.29245703477810225,1
1790131500000,2757.7,2762.2,0.004275577438273892,2.0,0.0025,ranging,0.3341222796616067,0.39901714338850436,0.266860576949889,1
1790132400000,2762.21,2764.99,0.004430395769966511,2.0,0.0025,low_liquidity,0.3297858439983981,0.40320054754119233,0.2670136084604095,1
1790133300000,2765.0,2768.52,0.00414661985465159,2.0,0.0025,ranging,0.36179025253037556,0.3683289108852059,0.26988083658441847,1
1790134200000,2768.51,2783.11,-0.0006144205582963025,1.0,0.0025,ranging,0.40157808495430924,0.34189492948454847,0.2565269855611423,1
1790135100000,2783.12,2774.01,0.0020331577752061847,1.0,0.0025,ranging,0.3232536005458046,0.31792270267591854,0.3588236967782768,1
1790136000000,2774.02,2777.24,-0.0024124670536215254,1.0,0.0025,ranging,0.33087695234756387,0.3095051999941773,0.3596178476582589,1
1790136900000,2777.24,2780.0,-0.0050000000000000044,0.0,0.0025,ranging,0.32799791027533404,0.3062725365101661,0.3657295532144998,1
1790137800000,2780.01,2781.4,-0.0047062630330050315,0.0,0.0025,ranging,0.3313406436337931,0.3161638662026564,0.3524954901635504,1
1790138700000,2781.39,2779.65,-0.007860701886928223,0.0,0.0025,ranging,0.33189410544189474,0.33903389495307285,0.32907199960503253,1
1790139600000,2779.65,2770.54,-0.0038079219213583704,0.0,0.0025,ranging,0.32600951337007344,0.3064277784941015,0.36756270813582503,1
1790140500000,2770.53,2766.1,-0.0036730414663244115,0.0,0.0025,ranging,0.3140462644751082,0.31311887581812264,0.3728348597067691,1
1790141400000,2766.1,2768.31,-0.0032655302332469383,0.0,0.0025,ranging,0.3361247584433902,0.31772784006764304,0.3461474014889667,1
1790142300000,2768.3,2757.8,-0.0012727536442092013,1.0,0.0025,ranging,0.3227244055164961,0.3539192261433848,0.32335636834011916,1
1790143200000,2757.8,2759.99,-0.004242768995539659,0.0,0.0025,ranging,0.3495355253542544,0.3458732222392062,0.3045912524065394,1
1790144100000,2760.0,2755.94,-0.0015058382983664798,1.0,0.0025,ranging,0.3240608089640107,0.33846998033200276,0.3374692107039866,1
1790145000000,2755.94,2759.27,-0.0071359453768569114,0.0,0.0025,ranging,0.33896410262711535,0.3485431281856723,0.31249276918721236,1
1790145900000,2759.26,2754.29,-0.004128105609794153,0.0,0.0025,ranging,0.3377979106135996,0.34948497071609136,0.312717118670309,1
1790146800000,2754.3,2748.28,-0.0013572125110978828,1.0,0.0025,ranging,0.34125906287634566,0.3318652822982686,0.3268756548253857,1
1790147700000,2748.28,2751.79,-0.002358464853785991,1.0,0.0025,ranging,0.3209187055859897,0.3431141007906656,0.3359671936233447,1
1790148600000,2751.79,2739.58,0.001204564203272085,1.0,0.0025,ranging,0.29482343223314567,0.3175240560034421,0.3876525117634123,1
1790149500000,2739.59,2742.92,-0.002891079579426359,0.0,0.0025,ranging,0.328349927565558,0.3390232196620865,0.33262685277235554,1
1790150400000,2742.92,2744.55,-0.001774425679984093,1.0,0.0025,ranging,0.3096525591444995,0.3561622050347308,0.3341852358207696,1
1790151300000,2744.56,2745.3,-0.0026153790114014086,0.0,0.0025,ranging,0.3512507125138746,0.36388181308612455,0.2848674744000009,1
1790152200000,2745.29,2742.88,-0.00244997958350357,1.0,0.0025,low_liquidity,0.3403267193906723,0.3664056379116862,0.29326764269764144,1
1790153100000,2742.88,2734.99,-0.0005045722287831955,1.0,0.0025,ranging,0.3065602805099568,0.3319540537824702,0.3614856657075729,1
1790154000000,2735.0,2739.68,-0.0022082870992231607,1.0,0.0025,trending,0.31493407447945587,0.3586736847288086,0.32639224079173546,1
1790154900000,2739.68,2738.12,-0.0019758082187777415,1.0,0.0025,trending,0.3486398974869244,0.3526983436770956,0.29866175883598,1
1790155800000,2738.11,2736.16,0.00027776153441316787,1.0,0.0025,trending,0.3325765948924678,0.3519657651371498,0.31545763997038245,1
1790156700000,2736.16,2733.61,0.0017266544971665798,1.0,0.0025,trending,0.3341688785999003,0.3381910564212188,0.3276400649788809,1
1790157600000,2733.61,2733.63,-0.00018656511671300002,1.0,0.0025,trending,0.34817503505619235,0.3437558384191972,0.3080691265246105,1
1790158500000,2733.63,2732.71,-0.004028967581631515,0.0,0.0025,trending,0.3484552314401481,0.32752189497468887,0.3240228735851631,1
1790159400000,2732.71,2736.92,-0.006339242652324439,0.0,0.0025,trending,0.35061994990085393,0.3437573453206238,0.30562270477852227,1
1790160300000,2736.93,2738.33,-0.003786979655483358,0.0,0.0025,trending,0.3339597500685776,0.3668380044954705,0.29920224543595186,1
1790161200000,2738.33,2733.12,-0.003991774967802342,0.0,0.0025,trending,0.3453516806502451,0.33908771415562217,0.31556060519413276,1
1790162100000,2733.12,2721.7,0.00022412462798993005,1.0,0.0025,trending,0.32995987316716757,0.286503406735318,0.38353672009751444,1
1790163000000,2721.7,2719.57,0.0009597105424752339,1.0,0.0025,trending,0.3235996055717092,0.30178802924676307,0.3746123651815277,1
1790163900000,2719.57,2727.96,-0.0021114679100867617,1.0,0.0025,trending,0.3417903784734684,0.3095395929805505,0.34867002854598106,1
1790164800000,2727.95,2722.21,-0.004812266504053642,0.0,0.0025,trending,0.33101242739353615,0.28767056363616805,0.38131700897029575,1
1790165700000,2722.22,2722.31,-0.002413391568190315,1.0,0.0025,trending,0.3463516488966242,0.2713832093547057,0.3822651417486702,1
1790166600000,2722.3,2722.18,-0.0005253142701804325,1.0,0.0025,trending,0.3266225915061728,0.29459929826168113,0.3787781102321461,1
1790167500000,2722.18,2722.2,-0.0022408346190581074,1.0,0.0025,trending,0.3441231205885303,0.2998422062106991,0.35603467320077065,1
1790168400000,2722.19,2709.11,-0.012214343455968946,0.0,0.0025,trending,0.3071800119832065,0.2938470262070532,0.3989729618097403,1
1790169300000,2709.11,2715.74,-0.02328647072252854,0.0,0.0025,trending,0.3102637157490311,0.29886918617786445,0.39086709807310444,1
1790170200000,2715.74,2720.75,-0.018891849673803196,0.0,0.0025,trending,0.32861605063281685,0.2992667076876653,0.37211724167951793,1
1790171100000,2720.75,2716.1,-0.014631272780825322,0.0,0.0025,trending,0.3071565575338962,0.3038856364548735,0.3889578060112304,1
1790172000000,2716.11,2676.02,0.001367702782490321,1.0,0.003112906164470816,trending,0.23418320305506143,0.25884754292146606,0.5069692540234725,1
1790172900000,2676.02,2652.5,0.008192271442035715,2.0,0.0033841009561118495,high_volatility,0.2142547920188406,0.28348102327469255,0.5022641847064669,1
1790173800000,2652.5,2669.35,-0.0015209695244160493,1.0,0.003518466539985036,high_volatility,0.23008145662728155,0.35401722270842273,0.4159013206642957,1
1790174700000,2669.35,2676.36,-0.007528882512068624,0.0,0.0035405829068643813,high_volatility,0.2754120236398801,0.3821312097460314,0.3424567666140885,1
1790175600000,2676.37,2679.68,-0.006120133747313017,0.0,0.003435867824623042,high_volatility,0.28728977030112907,0.39721130297670026,0.3154989267221708,1
1790176500000,2679.68,2674.23,-0.004146988104987259,0.0,0.00337227489781348,high_volatility,0.25388114906184506,0.386578863660038,0.35953998727811687,1
1790177400000,2674.23,2665.29,-0.0006303254054905727,1.0,0.003373288864833708,high_volatility,0.23869623717491267,0.38671270908018474,0.37459105374490265,1
1790178300000,2665.29,2656.21,0.0017769679355170709,1.0,0.00333795440068971,high_volatility,0.22848653246904252,0.3882830162667752,0.3832304512641823,1
1790179200000,2656.2,2663.28,-0.004130245411672839,0.0,0.0035679420586250347,high_volatility,0.2406282187463685,0.3568027527156871,0.4025690285379444,1
1790180100000,2663.28,2663.14,-0.00017272843335314203,1.0,0.0034275214713413876,high_volatility,0.2338415425708689,0.40353484461229133,0.3626236128168397,1
1790181000000,2663.14,2663.61,0.0013252690896938812,1.0,0.0033731236904975237,high_volatility,0.23952053280687008,0.3985236478511668,0.3619558193419632,1
1790181900000,2663.61,2660.93,0.002668240051410642,1.0,0.0033353783911263973,high_volatility,0.23411769441060865,0.3967450136175944,0.36913729197179695,1
1790182800000,2660.92,2652.28,0.004109671678706572,2.0,0.0034121507718938237,high_volatility,0.22474437716979606,0.38393337449141735,0.39132224833878665,1
1790183700000,2652.27,2662.68,-0.00038682830832081905,1.0,0.003443354875555593,high_volatility,0.2500556527183017,0.4221177561354324,0.3278265911462659,1
1790184600000,2662.69,2667.14,-0.0010460643235825628,1.0,0.003387126769299618,high_volatility,0.25639586719471347,0.42691561318305493,0.3166885196222315,1
1790185500000,2667.13,2668.03,0.00038230454680054926,1.0,0.00322943565073179,trending,0.2850934295847919,0.4342290791038956,0.2806774913113125,1
1790186400000,2668.02,2663.18,0.002117768982945245,1.0,0.003114778079210491,trending,0.2573256225034301,0.41012094963434714,0.33255342786222275,1
1790187300000,2663.18,2661.65,0.004414554881370547,2.0,0.002982838006094322,trending,0.2695167150603729,0.41185651987580063,0.3186267650638265,1
1790188200000,2661.64,2664.35,0.003610636740668305,2.0,0.0028494894258844273,trending,0.29278171103963513,0.41620304703882005,0.29101524192154493,1
1790189100000,2664.35,2669.05,0.003716678218841807,2.0,0.0027991362088200856,trending,0.31494675732443883,0.40649228722232267,0.2785609554532384,1
1790190000000,2669.05,2668.82,0.0014725609070673773,1.0,0.0027238749836997586,trending,0.270753249260594,0.3897603812800741,0.33948636945933186,1
1790190900000,2668.82,2673.4,-0.0009014737787088611,1.0,0.0026827238840312633,trending,0.29497085647388804,0.38674285632430644,0.3182862872018056,1
1790191800000,2673.4,2673.97,0.0006357588155441185,1.0,0.0025665402382011766,trending,0.26928028675727866,0.39527505782620687,0.33544465541651447,1
1790192700000,2673.97,2678.97,-0.0028406439788425386,0.0,0.0025,trending,0.2954513878280083,0.38158935273443667,0.322959259437555,1
1790193600000,2678.97,2672.75,0.00034047329529496295,1.0,0.0025,trending,0.2677995923446028,0.3627633667842181,0.3694370408711791,1
1790194500000,2672.75,2670.99,0.0014489009693037236,1.0,0.0025,low_liquidity,0.27309807757458066,0.3721559763422323,0.35474594608318716,1
1790195400000,2670.99,2675.67,0.0009156585079623802,1.0,0.0025,low_liquidity,0.27659720733578863,0.39026961918884157,0.33313317347536975,1
1790196300000,2675.68,2671.36,0.0022685074269286343,1.0,0.0025,trending,0.25620454472922616,0.4110932171327277,0.3327022381380461,1
1790197200000,2671.37,2673.66,0.006152614767771514,2.0,0.0025,trending,0.2814252829630856,0.4129349344049811,0.30563978263193325,1
1790198100000,2673.66,2674.86,0.004628279610895403,2.0,0.0025,trending,0.2681875379451386,0.42037528228429805,0.31143717977056323,1
1790199000000,2674.87,2678.12,0.00275193045867983,2.0,0.0025,trending,0.2642569368904374,0.45118270435848146,0.2845603587510811,1
1790199900000,2678.12,2677.42,0.004799396433880387,2.0,0.0025,trending,0.2721150801641906,0.4370465784306979,0.29083834140511156,1
1790200800000,2677.43,2690.11,-0.0014348855623004253,1.0,0.0025,trending,0.3226196810750616,0.4060053752764999,0.27137494364843856,1
1790201700000,2690.1,2687.24,-0.0012540748128190282,1.0,0.0025,trending,0.27947428378632705,0.43963885131314095,0.280886864900532,1
1790202600000,2687.25,2685.49,-0.0013591560571812877,1.0,0.0025,low_liquidity,0.26902205827752174,0.44394742543689003,0.2870305162855883,1
1790203500000,2685.49,2690.27,-0.0020667070591426917,1.0,0.0025,trending,0.29603288906433356,0.39738713378470664,0.30657997715095975,1
1790204400000,2690.27,2686.25,-0.0002233597021870093,1.0,0.0025,low_liquidity,0.2687892389912555,0.4086531449052587,0.3225576161034857,1
1790205300000,2686.26,2683.87,0.0017400246658743068,1.0,0.0025,trending,0.26732610932035206,0.41847594061400006,0.3141979500656478,1
1790206200000,2683.87,2681.84,0.001428123974584583,1.0,0.0025,trending,0.25443765754339925,0.4310898835244857,0.31447245893211495,1
1790207100000,2681.84,2684.71,-0.0009014008961861775,1.0,0.0025,trending,0.25878268605777754,0.4530148720141888,0.28820244192803374,1
1790208000000,2684.7,2685.65,-0.0008601269711242532,1.0,0.0025,trending,0.25712372850389226,0.45653346613213014,0.2863428053639776,1
1790208900000,2685.65,2688.54,-0.002261450452662017,1.0,0.0025,trending,0.25512313453622365,0.4843727619995941,0.2605041034641823,1
1790209800000,2688.54,2685.67,-0.0025542974378833794,0.0,0.0025,trending,0.25253437998893535,0.45140546998367814,0.29606015002738645,1
1790210700000,2685.66,2682.29,-0.0027103706161526464,0.0,0.0025,trending,0.2501346054630108,0.4564517679450119,0.2934136265919773,1
1790211600000,2682.29,2683.34,-0.0036633449357889036,0.0,0.0025,trending,0.2525952661606417,0.45745215567906217,0.28995257816029607,1
1790212500000,2683.35,2682.46,-0.000764223884046844,1.0,0.0025,ranging,0.2634153583019737,0.44049461706426873,0.2960900246337576,1
1790213400000,2682.45,2678.81,0.0026093675923264392,2.0,0.0025,ranging,0.26172145347272613,0.414336281147477,0.3239422653797968,1
1790214300000,2678.81,2675.02,0.003999970093681471,2.0,0.0025,ranging,0.24544460392005327,0.4107431108267076,0.3438122852532392,1
1790215200000,2675.02,2673.51,0.00472038630863536,2.0,0.0025,ranging,0.24853912190075708,0.40845590365167206,0.34300497444757094,1
1790216100000,2673.51,2680.41,-0.0016452706862009059,1.0,0.0025,ranging,0.2711186318709707,0.42052401676916445,0.3083573513598648,1
1790217000000,2680.41,2685.8,-0.003499888301437215,0.0,0.0025,ranging,0.2763706779091762,0.4484019621153285,0.2752273599754953,1
1790217900000,2685.81,2685.72,-0.003336163114546431,0.0,0.0025,ranging,0.2731102290844148,0.4435679626206875,0.2833218082948977,1
1790218800000,2685.72,2686.13,-0.005189622244641923,0.0,0.0025,ranging,0.26519735265349226,0.4472715039473172,0.28753114339919056,1
1790219700000,2686.13,2676.0,0.0006689088191329517,1.0,0.0025,ranging,0.25981562375761874,0.40042610194603484,0.3397582742963463,1
1790220600000,2675.99,2676.4,-0.00011582723060821198,1.0,0.0025,ranging,0.2569287130955176,0.4298305942358129,0.31324069266866944,1
1790221500000,2676.41,2676.76,0.002009892556672943,1.0,0.0025,ranging,0.27648335504942406,0.4606067173433962,0.2629099276071798,1
1790222400000,2676.76,2672.19,0.007409652756727558,2.0,0.0025,ranging,0.2742660995204624,0.423314923647785,0.30241897683175256,1
1790223300000,2672.19,2677.79,0.0055717588011008345,2.0,0.0025,ranging,0.29089562942776737,0.41221757735990283,0.2968867932123297,1
1790224200000,2677.8,2676.09,0.005885452282994974,2.0,0.0025,ranging,0.29967680883455106,0.4147891230494051,0.2855340681160439,1
1790225100000,2676.09,2682.14,0.00014167791390451434,1.0,0.0025,ranging,0.3165844735411359,0.38773164680812433,0.2956838796507397,1
1790226000000,2682.15,2691.99,-0.0016121902384480524,1.0,0.0025,ranging,0.35895887216567923,0.36516095184608777,0.275880175988233,1
1790226900000,2691.98,2692.71,-0.001604331695578165,1.0,0.0025,ranging,0.3053094285356255,0.41558010025436326,0.27911047121001126,1
1790227800000,2692.7,2691.84,-0.0010030313837375848,1.0,0.0025,ranging,0.2974389386094599,0.4049175661941513,0.2976434951963888,1
1790228700000,2691.84,2682.52,0.0013345660050996244,1.0,0.0025,ranging,0.31301713820726,0.3674059114666299,0.3195769503261101,1
1790229600000,2682.52,2687.65,-0.0012836492846911574,1.0,0.0025,ranging,0.32440530360618053,0.36210052036962137,0.31349417602419805,1
1790230500000,2687.64,2688.39,0.0019863189492597133,1.0,0.0025,ranging,0.325653297485558,0.3723768714989792,0.30196983101546276,1
1790231400000,2688.39,2689.14,0.0025919067062332157,2.0,0.0025,ranging,0.3342967039465515,0.3812198105927778,0.2844834854606707,1
1790232300000,2689.15,2686.1,0.002754923495029926,2.0,0.0025,low_liquidity,0.3162936731973862,0.37557642793115864,0.30812989887145514,1
1790233200000,2686.09,2684.2,0.0012592206243946524,1.0,0.0025,ranging,0.33746105893878975,0.35175217651473445,0.3107867645464758,1
1790234100000,2684.21,2693.73,-0.00866827781551971,0.0,0.0025,ranging,0.3501985997725154,0.373174184990207,0.2766272152372775,1
1790235000000,2693.73,2696.11,-0.009899447722830357,0.0,0.0025,ranging,0.37126464405944315,0.37009184506355025,0.25864351087700654,1
1790235900000,2696.11,2693.5,-0.00898459253759043,0.0,0.0025,ranging,0.3205140039109103,0.3459234349109216,0.3335625611781682,1
1790236800000,2693.5,2687.58,-0.010552244026224344,0.0,0.0025,ranging,0.30355963881022563,0.3256732688647576,0.37076709232501676,1
1790237700000,2687.58,2670.38,-0.005766969494978236,0.0,0.0025,ranging,0.2817745518681703,0.290388934908391,0.42783651322343863,1
1790238600000,2670.39,2669.42,-0.01096867484322439,0.0,0.0025,ranging,0.27884664447161395,0.2941690587895809,0.4269842967388051,1
1790239500000,2669.42,2669.3,-0.010077548420934335,0.0,0.0025,ranging,0.29791336288372366,0.2912624206691497,0.4108242164471267,1
1790240400000,2669.3,2659.22,-0.007077263257646904,0.0,0.0025,ranging,0.27105541186298293,0.2945877292710162,0.43435685886600084,1
1790241300000,2659.22,2654.98,-0.0060942078659725896,0.0,0.0025,ranging,0.2679611357446411,0.2986834072203035,0.43335545703505546,1
1790242200000,2654.98,2640.14,0.0006552682812275279,1.0,0.0030032653932715275,high_volatility,0.22950981311847884,0.27179024107439326,0.4986999458071279,1
1790243100000,2640.15,2642.4,0.002191189827429607,1.0,0.0029603913714830294,high_volatility,0.2569400216064235,0.32088455349433004,0.4221754248992464,1
1790244000000,2642.41,2640.4,0.003635812755643064,2.0,0.0029047275326272996,high_volatility,0.2452874827961216,0.32848821973115483,0.42622429747272367,1
1790244900000,2640.4,2638.8,0.003592542064574822,2.0,0.0028567463972514148,trending,0.26313765133003825,0.34113236067216435,0.3957299879977974,1
1790245800000,2638.79,2641.87,0.0018661024198769471,1.0,0.002818484393626799,trending,0.2643457651745311,0.34007669411527325,0.39557754071019563,1
1790246700000,2641.87,2648.19,-0.0001925843689464246,1.0,0.0027489638946083645,trending,0.2691006998792345,0.3757721078389957,0.3551271922817699,1
1790247600000,2648.2,2650.0,-0.0007396226415093965,1.0,0.002617496578135255,trending,0.27513061072740813,0.3944955254812496,0.3303738637913423,1
1790248500000,2650.0,2648.28,7.929675109874523e-05,1.0,0.002501536229357478,trending,0.27794054219429876,0.3824059702679261,0.3396534875377752,1
1790249400000,2648.28,2646.8,-0.0011598911893607733,1.0,0.0025,trending,0.2808861747420546,0.37779109087577323,0.34132273438217225,1
1790250300000,2646.81,2647.68,0.00042301184433179984,1.0,0.0025,trending,0.27711053996529683,0.36434818688833853,0.3585412731463646,1
1790251200000,2647.68,2648.04,0.0035346898083110645,2.0,0.0025,trending,0.2850997911711705,0.34228353631901703,0.3726166725098125,1
1790252100000,2648.03,2648.49,0.004561089526485151,2.0,0.0025,trending,0.2738194904201485,0.32939343914501357,0.3967870704348379,1
1790253000000,2648.5,2643.73,0.008143796832505767,2.0,0.0025,trending,0.27309708508476654,0.31573032012208346,0.41117259479315005,1
1790253900000,2643.72,2648.8,0.008045152521896748,2.0,0.0025,trending,0.2810414387650056,0.2894277472589533,0.42953081397604115,1
1790254800000,2648.8,2657.4,0.003732972077971075,2.0,0.0025,trending,0.2966201312145258,0.327291117449877,0.3760887513355972,1
1790255700000,2657.4,2660.57,0.012576252457180193,2.0,0.0025,trending,0.3111288336964165,0.33948759403364626,0.3493835722699372,1
1790256600000,2660.57,2665.26,0.005800559795291926,2.0,0.0025,trending,0.33103693357652136,0.3165384445444515,0.3524246218790271,1
1790257500000,2665.27,2670.11,-0.0045840808056597515,0.0,0.0025,trending,0.2950136611165183,0.3632617284485839,0.3417246104348979,1
1790258400000,2670.11,2667.32,-0.001323425760688668,1.0,0.0025,trending,0.26902291889307633,0.35837371958752684,0.37260336151939694,1
1790259300000,2667.32,2694.03,-0.008919722497522375,0.0,0.0026426874942505007,trending,0.3259266716598204,0.2966044043410511,0.37746892399912846,1
1790260200000,2694.02,2680.72,0.0006901131039422914,1.0,0.0027789770784331902,trending,0.3002498330651576,0.35441627886850324,0.3453338880663391,1
1790261100000,2680.71,2657.87,0.009673159334354198,2.0,0.003180569742959227,high_volatility,0.24749725509293458,0.2834256926133234,0.469077052293742,1
1790262000000,2657.86,2663.79,0.003930490016105015,2.0,0.0031616078631077067,high_volatility,0.24986890931202388,0.3075090117711372,0.44262207891683886,1
1790262900000,2663.78,2670.0,0.009689138576779,2.0,0.0031360131708314566,high_volatility,0.28027118650224175,0.3243794016198897,0.39534941187786854,1
1790263800000,2670.0,2682.57,0.002773459779241483,1.0,0.003164529780864719,high_volatility,0.31525503186191944,0.34923473423331264,0.3355102339047679,1
1790264700000,2682.56,2683.58,0.0015091780382920916,1.0,0.0030437471188621626,ranging,0.2758704914527289,0.3652188599471721,0.358910648600099,1
1790265600000,2683.59,2674.26,0.004176856401396867,2.0,0.0031304202073542814,high_volatility,0.2532616917230895,0.3655625584352583,0.38117574984165226,1
1790266500000,2674.26,2695.87,-0.004833319114052159,0.0,0.0032822229152727894,high_volatility,0.3038582347946918,0.3442484436144056,0.35189332159090253,1
1790267400000,2695.88,2690.01,-0.006717447147036704,0.0,0.003377836667037191,high_volatility,0.2802798867581115,0.3674356656297241,0.3522844476121644,1
1790268300000,2690.01,2687.63,-0.006663863701476869,0.0,0.0033408985230497087,high_volatility,0.2773881589041682,0.35916877443501916,0.3634430666608127,1
1790269200000,2687.62,2685.43,-0.0036269796643367824,0.0,0.003255299052068632,high_volatility,0.26245047697643337,0.31911234935377275,0.4184371736697938,1
1790270100000,2685.42,2682.84,0.00013045876757455943,1.0,0.0032063679462849843,high_volatility,0.269530136931656,0.3407029111987529,0.3897669518695911,1
1790271000000,2682.84,2671.94,0.005778572872145338,2.0,0.003237301050203915,high_volatility,0.26479058052563775,0.2880717624034556,0.44713765707090675,1
1790271900000,2671.94,2669.72,0.007641250767870922,2.0,0.0031251100753493647,ranging,0.29992617670215554,0.28295503860729193,0.41711878469055247,1
1790272800000,2669.71,2675.69,0.005262194050880353,2.0,0.003141117546574154,ranging,0.3378048228227979,0.3049455361232724,0.35724964105392965,1
1790273700000,2675.69,2683.19,0.005258665990854228,2.0,0.0030871712536865476,ranging,0.34529988419647417,0.34247795866876835,0.31222215713475754,1
1790274600000,2683.2,2687.38,0.0031443264443435925,2.0,0.0030604176205164665,ranging,0.36949164518413885,0.3284635281242697,0.30204482669159144,1
1790275500000,2687.37,2690.12,0.0025389201968684105,1.0,0.002972585566159183,ranging,0.3437083387569492,0.31723837655226833,0.3390532846907824,1
1790276400000,2690.13,2689.77,-0.00046844153961111967,1.0,0.002920269722532565,ranging,0.3154770420756699,0.33211762497365477,0.35240533295067533,1
1790277300000,2689.76,2697.3,-0.0031883735587440176,0.0,0.0028363045741639325,ranging,0.32837872846627614,0.3329606143071468,0.3386606572265771,1
1790278200000,2697.3,2695.83,-0.0028822292206852618,0.0,0.002718927705344945,ranging,0.3048890746304397,0.3221190207567779,0.37299190461278237,1
1790279100000,2695.82,2696.95,-0.003218450471829226,0.0,0.002662557158131029,ranging,0.30833986871599645,0.3229731580587204,0.36868697322528315,1
1790280000000,2696.94,2688.51,-0.0008108580589248904,1.0,0.002622328402271658,ranging,0.28322036007502444,0.300367119455653,0.4164125204693226,1
1790280900000,2688.51,2688.7,0.00013761297281233986,1.0,0.002581811436389547,ranging,0.28822408873327104,0.301752780569794,0.4100231306969349,1
1790281800000,2688.71,2688.06,0.0008779565932308664,1.0,0.0025,ranging,0.2779541138797418,0.323910565221551,0.39813532089870723,1
1790282700000,2688.06,2688.27,-0.000576578989461729,1.0,0.0025,low_liquidity,0.288572812132791,0.37300119947648586,0.3384259883907232,1
1790283600000,2688.28,2686.33,-0.00020474029624051315,1.0,0.0025,low_liquidity,0.2734019351123602,0.3894084146975047,0.337189650190135,1
1790284500000,2686.32,2689.07,-0.0031349128137238003,0.0,0.0025,low_liquidity,0.29246579954758506,0.3811401538292295,0.3263940466231855,1
1790285400000,2689.07,2690.42,-0.0032894492309750722,0.0,0.0025,ranging,0.3180902926145668,0.36227093248209036,0.3196387749033429,1
1790286300000,2690.42,2686.72,-0.00044291924726047593,1.0,0.0025,ranging,0.29593855993165885,0.3647785472127894,0.3392828928555518,1
1790287200000,2686.72,2685.78,3.350981837657585e-05,1.0,0.0025,ranging,0.3131852875064084,0.3391806979867349,0.34763401450685666,1
1790288100000,2685.79,2680.64,0.004569804225856622,2.0,0.0025,ranging,0.26419338266307557,0.350635048275447,0.3851715690614774,1
1790289000000,2680.65,2681.57,0.0032369097207978204,2.0,0.0025,ranging,0.2682430926131723,0.34792319528799226,0.38383371209883554,1
1790289900000,2681.57,2685.53,0.0009383622599634656,1.0,0.0025,low_liquidity,0.28786678376507285,0.3702089921255632,0.34192422410936407,1
1790290800000,2685.53,2685.87,0.0033955478113236737,2.0,0.0025,ranging,0.2785944212050487,0.3795055531966301,0.3419000255983211,1
1790291700000,2685.88,2692.89,-0.0003899156668113468,1.0,0.0025,ranging,0.2946184664395694,0.3743753260883527,0.3310062074720778,1
1790292600000,2692.89,2690.25,8.177678654397447e-05,1.0,0.0025,ranging,0.2902387702050576,0.37621091366960413,0.33355031612533825,1
1790293500000,2690.26,2688.05,0.001015606108517364,1.0,0.0025,low_liquidity,0.285252634951524,0.39299949859360517,0.3217478664548709,1
1790294400000,2688.06,2694.99,-0.00038219065747913117,1.0,0.0025,ranging,0.303460414001106,0.3724161533025987,0.3241234326962953,1
1790295300000,2694.99,2691.84,-0.0009510223490252212,1.0,0.0025,ranging,0.3015489693460216,0.3745905593715345,0.323860471282444,1
1790296200000,2691.83,2690.47,-0.0013231888852133222,1.0,0.0025,ranging,0.30207834331554045,0.3565576635940916,0.34136399309036797,1
1790297100000,2690.48,2690.78,-0.000445967340325204,1.0,0.0025,low_liquidity,0.29300672061159755,0.3718774473001135,0.33511583208828893,1
1790298000000,2690.78,2693.96,0.0011804184174968313,1.0,0.0025,ranging,0.28510804881684,0.38125932149785857,0.3336326296853014,1
1790298900000,2693.97,2689.28,0.0008701213707758004,1.0,0.0025,ranging,0.2715793743107799,0.3730194225218061,0.355401203167414,1
1790299800000,2689.28,2686.91,-0.001079306712915451,1.0,0.0025,ranging,0.28361218599474297,0.3429988114568369,0.3733890025484201,1
1790300700000,2686.9,2689.58,-0.0047553893172911366,0.0,0.0025,ranging,0.2751819308460324,0.36087123060185605,0.3639468385521116,1
1790301600000,2689.58,2697.14,-0.007663673372535373,0.0,0.0025,ranging,0.2951456338815969,0.3716944084997085,0.3331599576186946,1
1790302500000,2697.14,2691.62,-0.005966666914348995,0.0,0.0025,ranging,0.2920775098884513,0.33320442555200336,0.37471806455954537,1
1790303400000,2691.63,2684.01,-0.0026527471954278514,0.0,0.0025,ranging,0.281424631885921,0.3001135962064302,0.4184617719076488,1
1790304300000,2684.01,2676.79,0.0008592381172973784,1.0,0.0025,ranging,0.2639414076205329,0.3414427143770334,0.39461587800243364,1
1790305200000,2676.8,2676.47,-0.001292747536867478,1.0,0.0025,ranging,0.2581427903376697,0.36146977554353216,0.3803874341187982,1
1790306100000,2676.47,2675.56,0.00043729163240602276,1.0,0.0025,ranging,0.2595410072365737,0.345611969203472,0.3948470235599543,1
1790307000000,2675.56,2676.89,0.002663538658667308,2.0,0.0025,ranging,0.25953846192235364,0.340648956222221,0.39981258185542534,1
1790307900000,2676.89,2679.09,0.0004516458946881574,1.0,0.0025,ranging,0.28299578367570455,0.3242790649309017,0.3927251513933938,1
1790308800000,2679.1,2673.01,0.0020538643701295545,1.0,0.0025,ranging,0.2555608762253385,0.33116403453193605,0.4132750892427255,1
1790309700000,2673.01,2676.73,0.0012253757383076103,1.0,0.0025,ranging,0.28397011227806523,0.3354102202685107,0.3806196674534241,1
1790310600000,2676.73,2684.02,-0.0008643750791723637,1.0,0.0025,ranging,0.3001020532472352,0.3321554918871225,0.3677424548656423,1
1790311500000,2684.03,2680.3,-0.00013431332313551536,1.0,0.0025,ranging,0.28954142545057754,0.34594575411061146,0.364512820438811,1
1790312400000,2680.29,2678.5,-0.001176031360836327,1.0,0.0025,ranging,0.2880557356452702,0.33594381456414235,0.37600044979058744,1
1790313300000,2678.5,2680.01,-0.0009067130346529506,1.0,0.0025,ranging,0.291942484997714,0.33981540153566975,0.3682421134666163,1
1790314200000,2680.02,2681.7,-0.0029048737740985375,0.0,0.0025,ranging,0.2981391186160167,0.3405515879659785,0.3613092934180048,1
1790315100000,2681.69,2679.94,-0.002022433338059848,1.0,0.0025,low_liquidity,0.2898175863394051,0.32528288617135537,0.38489952748923945,1
1790316000000,2679.94,2675.35,-0.0017679929728821042,1.0,0.0025,ranging,0.273416728164945,0.3125683575133394,0.41401491432171567,1
1790316900000,2675.35,2677.58,0.0007730861449517512,1.0,0.0025,ranging,0.28153722560176914,0.32246638469000755,0.39599638970822326,1
1790317800000,2677.58,2673.91,-0.0013388633125273053,1.0,0.0025,ranging,0.2680642312297499,0.31748280758708275,0.41445296118316743,1
1790318700000,2673.91,2674.52,-0.0009272691922288523,1.0,0.0025,ranging,0.29177966156099167,0.34185168386924325,0.36636865456976514,1
1790319600000,2674.52,2670.62,0.002871992271457513,2.0,0.0025,ranging,0.26034943954242085,0.3352961566544285,0.40435440380315063,1
1790320500000,2670.63,2679.65,0.004743156755546485,2.0,0.0025,ranging,0.2804393298042603,0.34179579467743904,0.37776487551830074,1
1790321400000,2679.64,2670.33,0.006171521871828567,2.0,0.0025,ranging,0.27986181196368975,0.305947391988439,0.41419079604787123,1
1790322300000,2670.32,2672.04,0.007062020029640292,2.0,0.0025,ranging,0.3087853783694365,0.2792662024157208,0.41194841921484265,1
1790323200000,2672.05,2678.29,0.00577607353946008,2.0,0.0025,ranging,0.3099506486878181,0.2924212439855838,0.3976281073265981,1
1790324100000,2678.28,2692.36,0.0067561544518564,2.0,0.0025,ranging,0.30802620774430944,0.32434222630584547,0.3676315659498452,1
1790325000000,2692.35,2686.81,0.007239067890919104,2.0,0.0025,ranging,0.2865558802267958,0.33509029328568907,0.3783538264875151,1
1790325900000,2686.8,2690.91,0.005132092860779425,2.0,0.0025,ranging,0.2752147057587266,0.34518009826899915,0.37960519597227427,1
1790326800000,2690.9,2693.76,0.0023498752672843626,1.0,0.0025,ranging,0.28923773413637455,0.3379559999586003,0.37280626590502514,1
1790327700000,2693.75,2710.55,0.001453579531829119,1.0,0.0025,ranging,0.31570155097638364,0.3077948261514228,0.3765036228721935,1
1790328600000,2710.54,2706.26,0.002527473339590358,2.0,0.0025,ranging,0.2810077758053571,0.3512714091663122,0.36772081502833076,1
1790329500000,2706.26,2704.72,0.0034236445916768776,2.0,0.0025,ranging,0.25897016061338085,0.34261257672201495,0.39841726266460425,1
1790330400000,2704.73,2700.09,0.015006907177168127,2.0,0.0025,ranging,0.24290940750089152,0.313659737676418,0.4434308548226904,1
1790331300000,2700.1,2714.49,0.004505450379260978,2.0,0.0025,ranging,0.28592992789416516,0.32726331081764337,0.38680676128819147,1
1790332200000,2714.49,2713.1,0.0033651542515942268,2.0,0.0025,trending,0.2745782925638741,0.34370895409251867,0.38171275334360716,1
1790333100000,2713.11,2713.98,0.0013080420636850665,1.0,0.0025,trending,0.2631256586564069,0.35360181751058173,0.38327252383301147,1
1790334000000,2713.97,2740.61,-0.010632669369228132,0.0,0.0025,trending,0.29392441108793255,0.2951202717006026,0.4109553172114648,1
1790334900000,2740.6,2726.72,-0.005684485389038874,0.0,0.0025397987325519434,trending,0.31167217277343184,0.2891219067803488,0.39920592044621944,1
1790335800000,2726.71,2722.23,-0.002369380985442038,1.0,0.0025060116154852104,trending,0.29439439285053354,0.3065661877377963,0.3990394194116701,1
1790336700000,2722.23,2717.53,6.991643146525561e-05,1.0,0.0025,trending,0.25244687935968335,0.27712576034107705,0.4704273602992396,1
1790337600000,2717.53,2711.47,0.0011211630591525523,1.0,0.0025560159287114793,trending,0.2551738608106128,0.273283002339919,0.47154313684946825,1
1790338500000,2711.47,2711.22,-0.003968693060688477,0.0,0.0027671066012691973,trending,0.25863308585771566,0.26635712492203584,0.4750097892202485,1
1790339400000,2711.22,2715.78,-0.00728335874039876,0.0,0.002716952979396865,trending,0.2638035618901039,0.27416642926174173,0.46203000884815426,1
1790340300000,2715.79,2717.72,-0.008249562132964239,0.0,0.0026798830666625905,trending,0.278347628176217,0.29272899783030526,0.42892337399347763,1
1790341200000,2717.71,2714.51,-0.010628069154285824,0.0,0.0026814950949603975,trending,0.27338539866893774,0.28574247587626433,0.440872125454798,1
1790342100000,2714.52,2700.46,-0.005006554438873323,0.0,0.0028523788077605915,ranging,0.23555591452962296,0.2618943317270817,0.5025497537432954,1
1790343000000,2700.45,2696.0,-0.004421364985163212,0.0,0.003006558747818648,ranging,0.22995846228263261,0.2944595403988094,0.47558199731855794,1
1790343900000,2696.0,2695.3,0.00019292843097251655,1.0,0.0031347125682682545,ranging,0.2457162828103824,0.302337968597833,0.4519457485917846,1
1790344800000,2695.31,2685.66,0.004486792818152674,2.0,0.0033404632702228707,high_volatility,0.23162452047050694,0.2886722628446906,0.47970321668480237,1
1790345700000,2685.65,2686.94,0.0011202334253834767,1.0,0.0032817344962242693,high_volatility,0.25165090730225764,0.31971462201884554,0.4286344706788969,1
1790346600000,2686.95,2684.08,-0.004090787159846232,0.0,0.003277465328229064,high_volatility,0.24453676537764238,0.31140420931778373,0.444059025304574,1
1790347500000,2684.08,2695.82,-0.0033088262569459514,0.0,0.0032913051845478705,high_volatility,0.2858118499134862,0.3148662125564591,0.3993219375300547,1
1790348400000,2695.83,2697.71,-0.0016273061226002028,1.0,0.003206104501699114,ranging,0.2845557606910795,0.326413788171709,0.38903045113721146,1
1790349300000,2697.72,2689.95,0.000825294150448963,1.0,0.003160781593885799,ranging,0.26347059085764063,0.3117542250207826,0.4247751841215769,1
1790350200000,2689.94,2673.1,0.006251169054655614,2.0,0.0032938877234604653,high_volatility,0.23338626457103231,0.2833724437965988,0.48324129163236884,1
1790351100000,2673.1,2686.9,-0.0011872418028211484,1.0,0.0033309652269627814,high_volatility,0.28000032031323063,0.3199796465057116,0.40002003318105783,1
1790352000000,2686.91,2693.32,-0.0006646072505309686,1.0,0.003278206188650911,ranging,0.30179485251486526,0.314409263586444,0.3837958838986907,1
1790352900000,2693.32,2692.17,-0.004483372149604259,0.0,0.003217594457689857,ranging,0.3067194508721005,0.3294273474109523,0.3638532017169472,1
1790353800000,2692.17,2689.81,-0.001282618474910846,1.0,0.0031704322855800712,ranging,0.3055618722270489,0.31392320269054436,0.3805149250824068,1
1790354700000,2689.8,2683.71,0.0008197607043980426,1.0,0.0030795371774518378,ranging,0.28791372562117423,0.3196312651530111,0.3924550092258146,1
1790355600000,2683.72,2691.53,0.0013115216995536194,1.0,0.002987084917195017,ranging,0.32630213265360725,0.315096512087895,0.35860135525849773,1
1790356500000,2691.54,2680.1,0.00507070631692863,2.0,0.003003186786029115,ranging,0.2924652959742536,0.32156929145338753,0.3859654125723588,1
1790357400000,2680.1,2686.36,0.0028253845352073093,1.0,0.0029524000550951576,ranging,0.3260334898777217,0.3165646702966502,0.3574018398256282,1
1790358300000,2686.36,2685.91,0.002777457174663267,1.0,0.0028215955102226784,ranging,0.3179489631690002,0.3361954005047545,0.34585563632624533,1
1790359200000,2685.91,2695.06,0.00041557516344714607,1.0,0.0027873530183586816,ranging,0.3378400576751136,0.32944575566102074,0.33271418666386565,1
1790360100000,2695.06,2693.69,-0.0001781942242796708,1.0,0.0027308553146043104,ranging,0.3228309304476518,0.31984892228769096,0.3573201472646572,1
1790361000000,2693.7,2693.95,-0.0007683884259171991,1.0,0.002610479287746733,low_liquidity,0.3102054319665856,0.3505526799302156,0.3392418881031987,1
1790361900000,2693.96,2693.37,-1.1138462223780898e-05,1.0,0.0025,low_liquidity,0.3130306086169234,0.34960334054880815,0.33736605083426846,1
1790362800000,2693.38,2696.18,-0.0020621768576282173,1.0,0.0025,ranging,0.32565996063460695,0.34182680760355716,0.33251323176183595,1
1790363700000,2696.19,2693.21,0.0002264955202158081,1.0,0.0025,low_liquidity,0.29697429957619326,0.3739622981474233,0.3290634022763834,1
1790364600000,2693.2,2691.88,0.00024518180602406403,1.0,0.0025,low_liquidity,0.29854983443874544,0.36087901705946396,0.34057114850179054,1
1790365500000,2691.89,2693.34,-0.0031930614033135463,0.0,0.0025,low_liquidity,0.31765113278667806,0.3726514875876231,0.3096973796256987,1
1790366400000,2693.34,2690.62,-0.00419605890092245,0.0,0.0025,ranging,0.3306069945198571,0.3513779830394233,0.31801502244071966,1
1790367300000,2690.61,2693.82,-0.004799875270062648,0.0,0.0025,low_liquidity,0.31906291351356636,0.35886703027427264,0.322070056212161,1
1790368200000,2693.82,2692.54,-0.0037622468004189225,0.0,0.0025,ranging,0.30320342275443984,0.3646872370195123,0.3321093402260479,1
1790369100000,2692.54,2684.74,-0.0012142702831557939,1.0,0.0025,ranging,0.2977693232321849,0.3529878671424316,0.34924280962538357,1
1790370000000,2684.74,2679.33,0.002377460036650847,1.0,0.0025,ranging,0.2869838049081095,0.31851762238753906,0.3944985727043514,1
1790370900000,2679.33,2680.89,0.0027602773705748263,2.0,0.0025,low_liquidity,0.3165900552106802,0.3332624024650195,0.3501475423243003,1
1790371800000,2680.89,2682.41,0.003974038271554514,2.0,0.0025,ranging,0.331363519647291,0.3201175798258151,0.3485189005268938,1
1790372700000,2682.41,2681.48,0.003975416561003531,2.0,0.0025,low_liquidity,0.30855024876921694,0.35864761454352095,0.33280213668726216,1
1790373600000,2681.47,2685.7,0.003045760881706938,2.0,0.0025,low_liquidity,0.3120261866854296,0.3582751571958806,0.32969865611868987,1
1790374500000,2685.71,2688.29,0.001871077897102058,1.0,0.0025,low_liquidity,0.3105326778356145,0.3739757646706052,0.31549155749378016,1
1790375400000,2688.29,2693.07,-0.00017823524824833736,1.0,0.0025,ranging,0.31895468816899664,0.3809798218426913,0.300065489988312,1
1790376300000,2693.08,2692.14,-0.00019686940500851513,1.0,0.0025,ranging,0.2901665936287905,0.3619981180548904,0.3478352883163191,1
1790377200000,2692.14,2693.88,-0.0008797719274800109,1.0,0.0025,low_liquidity,0.26123811504353983,0.41049621460319236,0.3282656703532678,1
1790378100000,2693.88,2693.32,-0.0024839231877386014,1.0,0.0025,low_liquidity,0.258769939350641,0.4238159704159311,0.3174140902334278,1
1790379000000,2693.32,2692.59,-0.0027222859774417296,0.0,0.0025,low_liquidity,0.2555299636989854,0.41570387151405186,0.32876616478696274,1
1790379900000,2692.58,2691.61,-0.0015975568525901096,1.0,0.0025,ranging,0.27480681771215265,0.42341061024970583,0.3017825720381414,1
1790380800000,2691.62,2691.51,-0.0006316157101404762,1.0,0.0025,ranging,0.2812687782239084,0.40105569329943946,0.31767552847665226,1
1790381700000,2691.5,2686.63,0.0007742041144482847,1.0,0.0025,ranging,0.2955452556736889,0.35767100065066354,0.3467837436756475,1
1790382600000,2686.64,2685.26,0.0033367346178767576,2.0,0.0025,ranging,0.2984723089909088,0.35373413548350896,0.3477935555255823,1
1790383500000,2685.25,2687.31,0.002005723195314335,1.0,0.0025,ranging,0.27408103446123017,0.36319644928298567,0.3627225162557842,1
1790384400000,2687.31,2689.81,0.0019964235392091467,1.0,0.0025,ranging,0.2807286802072108,0.3586338628502528,0.3606374569425364,1
1790385300000,2689.8,2688.71,0.0015695259064754108,1.0,0.0025,ranging,0.2732026241200799,0.38278749844558835,0.3440098774343317,1
1790386200000,2688.71,2694.22,-0.0009316239950708516,1.0,0.0025,ranging,0.29466217909977876,0.36826214557889164,0.3370756753213295,1
1790387100000,2694.21,2692.7,-0.0005756304081404595,1.0,0.0025,ranging,0.2941392871038985,0.38720214181992446,0.31865857107617707,1
1790388000000,2692.7,2695.18,-0.0028755036769343434,0.0,0.0025,ranging,0.2849573531663705,0.40534355396541066,0.3096990928682189,1
1790388900000,2695.19,2692.93,-0.001047186521743848,1.0,0.0025,ranging,0.3070924233196971,0.3945491423496408,0.29835843433066206,1
1790389800000,2692.92,2691.71,-0.00117397490814386,1.0,0.0025,ranging,0.28987880744517397,0.3957159559446596,0.31440523661016645,1
1790390700000,2691.71,2691.15,-0.001177935083514492,1.0,0.0025,low_liquidity,0.27815234090324864,0.41142593419901274,0.3104217248977387,1
1790391600000,2691.15,2687.43,0.0006102484529830754,1.0,0.0025,ranging,0.26025435847950285,0.4159290273689283,0.3238166141515688,1
1790392500000,2687.43,2690.11,-0.0014906453639442763,1.0,0.0025,low_liquidity,0.2615400621317591,0.42984221937022854,0.3086177184980124,1
1790393400000,2690.1,2688.55,0.00011158431124580481,1.0,0.0025,ranging,0.2592008005188086,0.4330673018059696,0.30773189767522185,1
1790394300000,2688.56,2687.98,0.0005803614610226937,1.0,0.0025,low_liquidity,0.2799081620417623,0.44034236776166313,0.27974947019657465,1
1790395200000,2687.98,2689.07,-0.00036815702082881874,1.0,0.0025,ranging,0.2807028175403314,0.4423595057017428,0.2769376767579258,1
1790396100000,2689.08,2686.1,0.00052492461189102,1.0,0.0025,ranging,0.2910342399173113,0.4224170602953572,0.2865486997873316,1
1790397000000,2686.1,2688.85,-0.00011529092362905224,1.0,0.0025,ranging,0.29284002928547825,0.4253756752183493,0.28178429549617245,1
1790397900000,2688.85,2689.54,-0.0011414591342757685,1.0,0.0025,low_liquidity,0.2532954919665431,0.4397081231255629,0.30699638490789394,1
1790398800000,2689.54,2688.08,-0.0011420791047884737,1.0,0.0025,ranging,0.2615913901064713,0.4328030429440482,0.30560556694948043,1
1790399700000,2688.09,2687.51,-0.0010753448359263063,1.0,0.0025,ranging,0.25597196908115427,0.42958920820811586,0.31443882271072976,1
1790400600000,2687.52,2688.54,-0.0011827980985962272,1.0,0.0025,ranging,0.2620376232373763,0.4350713859944358,0.302890990768188,1
1790401500000,2688.53,2686.47,-0.00029034383410186937,1.0,0.0025,ranging,0.2651300760151336,0.4471397932928983,0.28773013069196807,1
1790402400000,2686.47,2685.01,0.0022197310252101143,1.0,0.0025,ranging,0.26966646316382814,0.43979559990102773,0.2905379369351442,1
1790403300000,2685.01,2684.62,0.002082231377252608,1.0,0.0025,ranging,0.2576951454045663,0.4342784142278122,0.30802644036762156,1
1790404200000,2684.62,2685.36,0.001575207793368394,1.0,0.0025,ranging,0.26641323724831845,0.43288142015129866,0.3007053426003829,1
1790405100000,2685.37,2685.69,0.0020367205448132975,1.0,0.0025,ranging,0.2580896042876755,0.4422205444616347,0.29968985125068975,1
1790406000000,2685.69,2690.97,-0.0005276907583509072,1.0,0.0025,ranging,0.2815380162728033,0.4357131488107021,0.28274883491649466,1
1790406900000,2690.97,2690.21,-2.6020273510285463e-05,1.0,0.0025,ranging,0.26214323692032626,0.4413900423661284,0.29646672071354524,1
1790407800000,2690.22,2689.59,0.0018776095984889274,1.0,0.0025,ranging,0.2677282426442044,0.4321901829174742,0.30008157443832134,1
1790408700000,2689.6,2691.16,-5.573804604697141e-05,1.0,0.0025,ranging,0.27048968161599746,0.4146530768858141,0.31485724149818844,1
1790409600000,2691.15,2689.55,-0.00261382015578826,0.0,0.0025,ranging,0.2694770010283559,0.4035586770401784,0.3269643219314657,1
1790410500000,2689.54,2690.14,-0.0029663883664047264,0.0,0.0025,ranging,0.2597871270224494,0.4172640657683149,0.32294880720923574,1
1790411400000,2690.14,2694.64,-0.004694504646260755,0.0,0.0025,ranging,0.3095958377682977,0.39796971985652857,0.2924344423751737,1
1790412300000,2694.65,2691.01,-0.003125220642063886,0.0,0.0025,ranging,0.2894802050937775,0.37438825620978017,0.33613153869644224,1
1790413200000,2691.0,2682.52,0.0017297168334251545,1.0,0.0025,ranging,0.2613050395939495,0.33801332084693164,0.4006816395591189,1
1790414100000,2682.52,2682.16,0.0022966564261641675,1.0,0.0025,ranging,0.2951246074899634,0.3624833401922479,0.34239205231778863,1
1790415000000,2682.15,2681.99,0.002184944761166152,1.0,0.0025,ranging,0.2871166601431987,0.3658423928157986,0.34704094704100263,1
1790415900000,2681.99,2682.6,0.0017706702452844336,1.0,0.0025,ranging,0.308335536642346,0.4017316136758313,0.28993284968182265,1
1790416800000,2682.6,2687.16,0.00020839845785136646,1.0,0.0025,ranging,0.3284807190940838,0.3935909921969069,0.27792828870900926,1
1790417700000,2687.16,2688.32,0.00010415426734899924,1.0,0.0025,ranging,0.2809963292898254,0.4131083018177299,0.30589536889244473,1
1790418600000,2688.33,2687.85,0.0009152296445114061,1.0,0.0025,ranging,0.29987555701143787,0.397692993402746,0.30243144958581614,1
1790419500000,2687.86,2687.35,0.0007963235157311122,1.0,0.0025,ranging,0.28617561110437484,0.3813404956278034,0.33248389326782174,1
1790420400000,2687.35,2687.72,0.000710639501138699,1.0,0.0025,ranging,0.2903407972049423,0.3852885674809356,0.324370635314122,1
1790421300000,2687.73,2688.6,0.0007996726921073449,1.0,0.0025,ranging,0.28148306480595303,0.3948376987710518,0.32367923642299534,1
1790422200000,2688.6,2690.31,-0.0011262642595090133,1.0,0.0025,ranging,0.27918685914865754,0.3974374440353609,0.32337569681598155,1
1790423100000,2690.31,2689.49,-0.00021937244607705964,1.0,0.0025,ranging,0.2645230503662746,0.4137906414734769,0.32168630816024857,1
1790424000000,2689.48,2689.63,-0.0008811620929272124,1.0,0.0025,ranging,0.284956107147082,0.4126930019167489,0.302350890936169,1
1790424900000,2689.62,2690.75,-0.0021592492799404894,1.0,0.0025,ranging,0.27690832267289983,0.38410225280869287,0.33898942451840736,1
1790425800000,2690.74,2687.28,-0.0014289541841565612,1.0,0.0025,ranging,0.2601412482002896,0.39941844635627194,0.34044030544343845,1
1790426700000,2687.28,2688.9,-0.000807021458589019,1.0,0.0025,ranging,0.27786140005782384,0.36297079569685753,0.3591678042453187,1
1790427600000,2688.9,2687.26,0.0003014222665465027,1.0,0.0025,ranging,0.25743601470404787,0.3745015389187023,0.3680624463772498,1
1790428500000,2687.27,2684.94,0.0013482610412149931,1.0,0.0025,ranging,0.27436399880932577,0.33758222624877127,0.38805377494190296,1
1790429400000,2684.95,2683.44,0.001941537727692788,1.0,0.0025,ranging,0.269580211527045,0.3608732324845837,0.3695465559883714,1
1790430300000,2683.44,2686.73,0.0007220673458070426,1.0,0.0025,ranging,0.29127466640139726,0.3677977534857311,0.34092758011287144,1
1790431200000,2686.72,2688.07,0.0004873384993693275,1.0,0.0025,ranging,0.2948430956259382,0.38124041445976803,0.3239164899142937,1
1790432100000,2688.07,2688.56,0.0009075490225249894,1.0,0.0025,ranging,0.27608804314725677,0.3882242728675383,0.335687683985205,1
1790433000000,2688.57,2688.65,0.0017592472058467479,1.0,0.0025,ranging,0.27693256328161897,0.39028212072703994,0.3327853159913411,1
1790433900000,2688.65,2688.67,0.0015993037449741898,1.0,0.0025,ranging,0.26083800154439,0.4261711878113135,0.3129908106442964,1
1790434800000,2688.66,2689.38,0.0007659758011140383,1.0,0.0025,ranging,0.2549728978155735,0.43920446904142413,0.30582263314300245,1
1790435700000,2689.38,2691.0,-2.9728725380873122e-05,1.0,0.0025,ranging,0.2675361299092369,0.43454480411521584,0.2979190659755472,1
1790436600000,2690.99,2693.38,-0.00028588613563629295,1.0,0.0025,ranging,0.28791050946959185,0.4407046942828407,0.27138479624756745,1
1790437500000,2693.38,2692.97,-0.000516158739235828,1.0,0.0025,ranging,0.25163521519693843,0.40719151671584336,0.3411732680872181,1
1790438400000,2692.97,2691.44,-0.0011778081621733882,1.0,0.0025,ranging,0.24694122469593616,0.4010031695806178,0.352055605723446,1
1790439300000,2691.44,2690.92,-0.0010293877186984268,1.0,0.0025,ranging,0.25123843440331495,0.4296147399213379,0.3191468256753472,1
1790440200000,2690.92,2692.61,-0.001080735791666898,1.0,0.0025,ranging,0.2478610902382361,0.4135549445522443,0.3385839652095195,1
1790441100000,2692.61,2691.58,-0.00037524428031110446,1.0,0.0025,ranging,0.25625537659598807,0.40165781542921236,0.3420868079747994,1
1790442000000,2691.59,2688.27,-8.555688230726943e-05,1.0,0.0025,ranging,0.23443988495991414,0.4175712840422087,0.34798883099787725,1
1790442900000,2688.27,2688.15,2.9760244034005012e-05,1.0,0.0025,ranging,0.2484217180425133,0.42170329082238683,0.3298749911350998,1
1790443800000,2688.15,2689.7,-0.0019444547719076333,1.0,0.0025,ranging,0.25562055406961093,0.411080064330153,0.33329938160023603,1
1790444700000,2689.69,2690.57,-0.0020664766201956564,1.0,0.0025,ranging,0.2593143088519966,0.411217196514745,0.32946849463325845,1
1790445600000,2690.56,2688.04,-0.0007886787398996287,1.0,0.0025,ranging,0.25090148825667713,0.41920274502559984,0.32989576671772297,1
1790446500000,2688.05,2688.23,-0.0017520822251072543,1.0,0.0025,low_liquidity,0.24766113109433163,0.43268251776259076,0.31965635114307767,1
1790447400000,2688.22,2684.47,-0.00043211509161955597,1.0,0.0025,ranging,0.23662573041885154,0.4345425300551881,0.32883173952596034,1
1790448300000,2684.46,2685.01,-0.00013780209384706144,1.0,0.0025,ranging,0.2697129596907023,0.4413197118785241,0.2889673284307736,1
1790449200000,2685.0,2685.92,-0.0014669089176148065,1.0,0.0025,ranging,0.25945408282803595,0.4462171639842702,0.2943287531876939,1
1790450100000,2685.92,2683.52,0.00036891843548780834,1.0,0.0025,low_liquidity,0.2772288909062398,0.45037058129325325,0.27240052780050694,1
1790451000000,2683.52,2683.31,-0.004330472438890731,0.0,0.0025,ranging,0.2856605010745626,0.4329659127027977,0.28137358622263975,1
1790451900000,2683.3,2684.64,-0.0028942428035043655,0.0,0.0025,ranging,0.28120564069669646,0.4483924856900995,0.2704018736132041,1
1790452800000,2684.63,2681.98,-0.00026472978918556933,1.0,0.0025,ranging,0.28834245683404547,0.43976545400961514,0.2718920891563395,1
1790453700000,2681.98,2684.51,0.0012478999891971654,1.0,0.0025,ranging,0.270124763671978,0.4380557402699676,0.29181949605805435,1
1790454600000,2684.51,2671.69,0.005457219961896742,2.0,0.0025,ranging,0.254392945991328,0.3854139810486987,0.3601930729599733,1
1790455500000,2671.7,2676.87,0.0035265067037248965,2.0,0.0025,ranging,0.27522933064464916,0.3373295600853038,0.38744110927004705,1
1790456400000,2676.87,2681.27,0.0033006746802821674,2.0,0.0025,ranging,0.28962495832734997,0.3497654440613279,0.36060959761132205,1
1790457300000,2681.27,2687.86,0.0008296563065040008,1.0,0.0025,ranging,0.2884564986168046,0.3749597005793843,0.336583800803811,1
1790458200000,2687.87,2686.27,0.0003275917908476256,1.0,0.0025,ranging,0.29414190513386645,0.38831014329574665,0.31754795157038695,1
1790459100000,2686.26,2686.31,0.0009455349531513058,1.0,0.0025,ranging,0.25863130154881914,0.37107107524199706,0.37029762320918375,1
1790460000000,2686.32,2690.12,0.001182103400591883,1.0,0.0025,ranging,0.2736704159102106,0.3658198616830212,0.3605097224067682,1
1790460900000,2690.12,2690.09,0.0014943737941852664,1.0,0.0025,ranging,0.2648015438660775,0.3735752311210121,0.36162322501291033,1
1790461800000,2690.08,2687.15,0.002329605716093086,1.0,0.0025,ranging,0.2604765656238061,0.3825169977766411,0.3570064365995527,1
1790462700000,2687.14,2688.85,0.0027818584153076475,2.0,0.0025,ranging,0.25680071410872407,0.4091169893704544,0.33408229652082155,1
1790463600000,2688.85,2693.3,-0.00048267924107980864,1.0,0.0025,ranging,0.2820967014700948,0.38299814301914037,0.3349051555107649,1
1790464500000,2693.3,2694.11,-0.0006161589541631152,1.0,0.0025,ranging,0.28004565522462793,0.38595804249010635,0.33399630228526583,1
1790465400000,2694.11,2693.41,0.0005754786683052071,1.0,0.0025,ranging,0.2600994132952492,0.4017979549570069,0.3381026317477439,1
1790466300000,2693.41,2696.33,-0.0010495747924029741,1.0,0.0025,ranging,0.24266642701957322,0.3658838794932196,0.3914496934872072,1
1790467200000,2696.33,2692.0,0.001281575037147098,1.0,0.0025,ranging,0.23884956119514103,0.36732396159417974,0.39382647721067915,1
1790468100000,2691.99,2692.45,0.00010770859254582987,1.0,0.0025,ranging,0.24228672949504773,0.36540087273126765,0.3923123977736846,1
1790469000000,2692.46,2694.96,1.4842520853708407e-05,1.0,0.0025,ranging,0.23759094380588017,0.3790154337654738,0.38339362242864594,1
1790469900000,2694.96,2693.5,0.002988676443289373,2.0,0.0025,ranging,0.2527270496909348,0.35831193511169296,0.3889610151973723,1
1790470800000,2693.49,2695.45,0.0025190598972342215,2.0,0.0025,ranging,0.1985181858364062,0.47677567028109286,0.32470614388250085,2
1790471700000,2695.45,2692.74,0.003958792902396979,2.0,0.0025,ranging,0.211908578545095,0.43761576780928774,0.3504756536456172,2
1790472600000,2692.74,2695.0,0.0021001855287567928,1.0,0.0025,ranging,0.22905080586642879,0.5116086931542675,0.25934050097930367,2
1790473500000,2695.0,2701.55,-0.0013621809701839238,1.0,0.0025,ranging,0.19830828536844075,0.44828571037514375,0.3534060042564154,2
1790474400000,2701.56,2702.24,-0.0007919355793711835,1.0,0.0025,ranging,0.1859033219317089,0.5050627633262028,0.30903391474208836,2
1790475300000,2702.25,2703.4,-0.0025449434046016517,0.0,0.0025,ranging,0.18701467734843089,0.5568470666051639,0.25613825604640517,2
1790476200000,2703.39,2700.66,-0.001155273155450831,1.0,0.0025,ranging,0.17158852242289122,0.5449518836617684,0.2834595939153405,2
1790477100000,2700.66,2697.87,-0.0004373820829023378,1.0,0.0025,ranging,0.1726850291839358,0.5818688385664952,0.24544613224956902,2
1790478000000,2697.87,2700.1,-0.0002333246916781384,1.0,0.0025,ranging,0.16376091835976697,0.5824903907235491,0.25374869091668384,2
1790478900000,2700.09,2696.52,-0.0003152210997878768,1.0,0.0025,ranging,0.19508670296282177,0.5319917535501724,0.27292154348700587,2
1790479800000,2696.52,2697.54,-0.0021130363219822312,1.0,0.0025,ranging,0.17368215156810898,0.5501835671593543,0.27613428127253664,2
1790480700000,2697.55,2696.69,-0.0017317526300761887,1.0,0.0025,ranging,0.2077420064138997,0.5322159078786899,0.26004208570741033,2
1790481600000,2696.69,2699.47,-0.001511407794863362,1.0,0.0025,ranging,0.22946492841816374,0.5241619399151496,0.2463731316666867,2
1790482500000,2699.46,2695.67,0.0004970934869625854,1.0,0.0025,ranging,0.20434779719554386,0.5475475965281255,0.24810460627633063,2
1790483400000,2695.67,2691.84,0.004959432952924336,2.0,0.0025,ranging,0.19114929889895121,0.5186821429299551,0.29016855817109377,2
1790484300000,2691.85,2692.02,0.004832802133713843,2.0,0.0025,ranging,0.180221018667879,0.6035924560428759,0.21618652528924504,2
1790485200000,2692.01,2695.39,0.005312774774707929,2.0,0.0025,ranging,0.20280317339032344,0.575070062048655,0.22212676456102148,2
1790486100000,2695.38,2697.01,0.004568021623946317,2.0,0.0025,ranging,0.18804542148373757,0.5989455053782831,0.21300907313797937,2
1790487000000,2697.01,2705.19,0.0008391277507309169,1.0,0.0025,ranging,0.2868980004068932,0.520207430492988,0.19289456910011862,2
1790487900000,2705.2,2705.03,0.0008206933009984319,1.0,0.0025,ranging,0.20928021746132286,0.4960760420430254,0.2946437404956516,2
1790488800000,2705.03,2709.71,-0.0010923678179584062,1.0,0.0025,ranging,0.2434008210148745,0.4659667441118802,0.29063243487324525,2
1790489700000,2709.72,2709.33,-0.000542569565169182,1.0,0.0025,ranging,0.23309746633624256,0.5087051904662969,0.2581973431974605,2
1790490600000,2709.33,2707.46,0.0016509939205011648,1.0,0.0025,trending,0.19501258998517254,0.5027246292877551,0.30226278072707236,2
1790491500000,2707.45,2707.25,0.004070551297441938,2.0,0.0025,trending,0.17549212559609467,0.5890211162124589,0.2354867581914464,2
1790492400000,2707.26,2706.75,0.004200609587143189,2.0,0.0025,trending,0.18271624962081356,0.5896481060611364,0.22763564431805,2
1790493300000,2706.76,2707.86,0.003356894374155095,2.0,0.0025,trending,0.2097058974098275,0.524080805861693,0.2662132967284794,2
1790494200000,2707.87,2711.93,0.0016224607567305593,1.0,0.0025,trending,0.22837109027102911,0.5413582809898682,0.23027062873910267,2
1790495100000,2711.93,2718.27,-0.001353802234509427,1.0,0.0025,trending,0.292405254538446,0.47770396833828527,0.22989077712326866,2
1790496000000,2718.27,2718.12,-0.0033000750518740185,0.0,0.0025,trending,0.2880796431375548,0.49011194826762644,0.22180840859481873,2
1790496900000,2718.12,2716.95,-0.00225252581019153,1.0,0.0025,trending,0.2235813340097664,0.524203363697903,0.2522153022923307,2
1790497800000,2716.94,2716.33,-0.0010087139633254694,1.0,0.0025,trending,0.22887982311320135,0.48722840354570923,0.2838917733410894,2
1790498700000,2716.34,2714.59,0.0005746724183026686,1.0,0.0025,trending,0.22767591497070222,0.4616645832714697,0.3106595017578282,2
1790499600000,2714.59,2709.15,0.0029935588653267065,2.0,0.0025,trending,0.25793166528894657,0.35292653470273244,0.38914180000832105,2
1790500500000,2709.15,2710.83,0.0003504461733123687,1.0,0.0025,trending,0.22672137320154778,0.4301044935884555,0.3431741332099966,2
1790501400000,2710.84,2713.59,-0.0015367096724265839,1.0,0.0025,trending,0.21944082122099082,0.4825980551135835,0.29796112366542565,2
1790502300000,2713.59,2716.15,-0.0021611472120464104,1.0,0.0025,trending,0.24779013907685643,0.5101844728386573,0.2420253880844862,2
1790503200000,2716.14,2717.26,-0.0026828496352945264,0.0,0.0025,trending,0.26320070663867107,0.4927373542968633,0.24406193906446577,2
1790504100000,2717.26,2711.78,-0.0008407761691583415,1.0,0.0025,trending,0.2658708180132287,0.37290626627112033,0.361222915715651,2
1790505000000,2711.79,2709.42,-6.274405592343602e-05,1.0,0.0025,trending,0.20689485009922481,0.4548313116427115,0.3382738382580638,2
1790505900000,2709.42,2710.28,-0.00017710347270394333,1.0,0.0025,trending,0.2515293207118152,0.493559197025164,0.2549114822630208,2
1790506800000,2710.27,2709.97,0.0020074022959664095,1.0,0.0025,trending,0.3098110286676723,0.43741438809850347,0.2527745832338243,2
1790507700000,2709.98,2709.5,0.0015353386233620814,1.0,0.0025,trending,0.3004315141683472,0.46543554071006193,0.23413294512159094,2
1790508600000,2709.49,2709.25,0.0021186675279134537,1.0,0.0025,trending,0.30858034045077704,0.4284404938433147,0.26297916570590824,2
1790509500000,2709.26,2709.8,-0.000900435456491322,1.0,0.0025,trending,0.25015269801039486,0.48211683661299554,0.2677304653766096,2
1790510400000,2709.81,2715.41,-0.0058738827654017944,0.0,0.0025,trending,0.2733272308734427,0.49272023199144493,0.23395253713511224,2
1790511300000,2715.41,2713.66,-0.001661962073362111,1.0,0.0025,trending,0.2633401549367412,0.4950244662290957,0.24163537883416317,2
1790512200000,2713.67,2714.99,-0.004243109551048119,0.0,0.0025,trending,0.24628121828772276,0.4920248477188679,0.26169393399340934,2
1790513100000,2714.98,2707.36,0.0008532297145558143,1.0,0.0025,trending,0.2778456589608287,0.46873976331392436,0.25341457772524684,2
1790514000000,2707.35,2699.46,0.002700540108021565,2.0,0.0025,trending,0.24667576020803636,0.4443252134528928,0.30899902633907084,2
1790514900000,2699.45,2709.15,-0.006909916394441162,0.0,0.0025,trending,0.30917605114883945,0.32341488773759075,0.36740906111356986,2
1790515800000,2709.15,2703.47,-0.004734655831209467,0.0,0.0025,trending,0.38483686931277594,0.29120089261651705,0.32396223807070695,2
1790516700000,2703.47,2709.67,-0.007901331158406744,0.0,0.0025,trending,0.3562048051613054,0.3093913979627927,0.334403796875902,2
1790517600000,2709.68,2706.75,-0.006794125796619532,0.0,0.0025,trending,0.3385698382835899,0.3166665576998536,0.34476360401655654,2
1790518500000,2706.75,2690.43,-3.345190174053325e-05,1.0,0.0025,trending,0.30744750418106365,0.2612352370008737,0.4313172588180627,2
1790519400000,2690.44,2690.67,-0.001137263209535111,1.0,0.0025,trending,0.30170217081619627,0.3021337870414575,0.39616404214234635,2
1790520300000,2690.66,2688.26,0.0005579817428373879,1.0,0.0025,trending,0.3066024910692077,0.35938128113831275,0.33401622779247964,2
1790521200000,2688.25,2688.36,0.0016590040024402342,1.0,0.0025,trending,0.34556113643952596,0.35459733966220414,0.2998415238982699,2
1790522100000,2688.37,2690.34,0.0001858501155986847,1.0,0.0025,trending,0.3514925242457859,0.3728897930121542,0.2756176827420599,2
1790523000000,2690.34,2687.61,-0.00066601925130505,1.0,0.0025,trending,0.3387890942824924,0.39290732393356204,0.2683035817839456,2
1790523900000,2687.6,2689.76,-0.0012120040449706826,1.0,0.0025,trending,0.3245690111965324,0.38378093106174177,0.2916500577417257,2
1790524800000,2689.76,2692.82,-0.0016562562666646574,1.0,0.0025,trending,0.32966529884389534,0.39943219158747484,0.2709025095686299,2
1790525700000,2692.82,2690.84,-0.0016834891706679622,1.0,0.0025,trending,0.3682952586035224,0.3579910015549113,0.27371373984156633,2
1790526600000,2690.83,2685.82,0.0008675190444631387,1.0,0.0025,trending,0.3638237801749643,0.3027047213176388,0.333471498507397,2
1790527500000,2685.82,2686.5,0.0018090452261307899,1.0,0.0025,trending,0.298865172448055,0.3855991207918508,0.31553570676009424,2
1790528400000,2686.5,2688.36,0.0015771697242927818,1.0,0.0025,ranging,0.3112373583837781,0.40143203075407213,0.2873306108621497,2
1790529300000,2688.35,2686.31,0.004325636281739653,2.0,0.0025,ranging,0.39057502464265814,0.34575679751473687,0.263668177842605,2
1790530200000,2686.32,2688.15,0.0033740676673548187,2.0,0.0025,ranging,0.35086574654393515,0.3805567861879314,0.2685774672681336,2
1790531100000,2688.15,2691.36,0.002563759586231562,2.0,0.0025,low_liquidity,0.3132642713460236,0.42090077711705415,0.26583495153692227,2
1790532000000,2691.35,2692.6,0.0009358983881750937,1.0,0.0025,ranging,0.30830615652827864,0.45086767901697994,0.2408261644547413,2
1790532900000,2692.61,2697.93,-0.0021460897799423506,1.0,0.0025,ranging,0.3679581310050858,0.3848262766296772,0.24721559236523694,2
1790533800000,2697.93,2697.22,-0.0014867159519801332,1.0,0.0025,ranging,0.372424526391989,0.3896986161616087,0.2378768574464023,2
1790534700000,2697.22,2698.26,-0.00253126088664557,0.0,0.0025,ranging,0.34796333656722994,0.34249847652937887,0.30953818690339124,2
1790535600000,2698.27,2695.12,0.00034506812312629087,1.0,0.0025,ranging,0.33220304482383206,0.34030660601034124,0.3274903491658267,2
1790536500000,2695.11,2692.14,-0.0012369341861864225,1.0,0.0025,ranging,0.3494464992679364,0.3552858116072398,0.29526768912482376,2
1790537400000,2692.15,2693.21,-0.0005718083625115833,1.0,0.0025,ranging,0.2757977085605977,0.4493837646835896,0.2748185267558127,2
1790538300000,2693.21,2691.43,-0.0019692133921371813,1.0,0.0025,low_liquidity,0.25978446293414575,0.5552439918133649,0.18497154525248932,2
1790539200000,2691.43,2696.05,-0.001528161569703923,1.0,0.0025,ranging,0.2738521147261143,0.5540688139124877,0.1720790713613979,2
1790540100000,2696.04,2688.81,-0.000576463193754706,1.0,0.0025,ranging,0.26582368916733506,0.4498511088266104,0.2843252020060546,2
1790541000000,2688.81,2691.67,-0.003481110240111107,0.0,0.0025,low_liquidity,0.2163907707499676,0.5417235078981546,0.24188572135187777,2
1790541900000,2691.67,2686.13,-0.0006291579335326869,1.0,0.0025,ranging,0.2700341815244,0.4212129203083261,0.3087528981672739,2
1790542800000,2686.13,2691.93,-0.006779522498727708,0.0,0.0025,low_liquidity,0.26064029403663524,0.39278717439976785,0.34657253156359696,2
1790543700000,2691.93,2687.26,-0.0014215222940839878,1.0,0.0025,ranging,0.25641857503080895,0.39054308623304607,0.35303833873614493,2
1790544600000,2687.26,2682.3,-0.004216530589419731,0.0,0.0025,ranging,0.3043763131552645,0.2592765444087949,0.4363471424359406,2
1790545500000,2682.3,2684.44,-0.0032520749206538246,0.0,0.0025,ranging,0.248540683450942,0.36093215417078045,0.39052716237827756,2
1790546400000,2684.44,2673.68,0.0010322850902129144,1.0,0.0025,ranging,0.2612325129054766,0.24450224197289103,0.49426524512163234,2
1790547300000,2673.68,2683.44,0.0007154995080940196,1.0,0.0025,high_volatility,0.3262535447826338,0.28570329723900995,0.38804315797835626,2
1790548200000,2683.43,2670.99,0.0047023762724685,2.0,0.0025,high_volatility,0.27986575292156946,0.276826536225425,0.4433077108530055,2
1790549100000,2670.98,2675.71,0.004836099577308461,2.0,0.0025,high_volatility,0.31020201180296725,0.29281644686169794,0.3969815413353348,2
1790550000000,2675.7,2676.44,0.0037736695012777766,2.0,0.0025,high_volatility,0.28349867681556506,0.33010054148891665,0.3864007816955182,2
1790550900000,2676.44,2685.36,0.002818988887895779,2.0,0.0025,high_volatility,0.33278663001966796,0.3652008167825844,0.3020125531977476,2
1790551800000,2685.35,2683.55,-0.002135231316725994,1.0,0.0025,high_volatility,0.32229812314535533,0.4080237142476798,0.2696781626069648,2
1790552700000,2683.55,2688.65,-0.005631078794190336,0.0,0.0025,high_volatility,0.3106388576970224,0.3620890036787782,0.3272721386241994,2
1790553600000,2688.65,2686.54,-0.007001570793660261,0.0,0.0025,high_volatility,0.30383548175185227,0.3448560573065282,0.35130846094161955,2
1790554500000,2686.54,2692.93,-0.00687726751159512,0.0,0.0025,high_volatility,0.30265262004183885,0.26592499031936967,0.4314223896387915,2
1790555400000,2692.93,2677.82,-0.0047762732371854355,0.0,0.0025,high_volatility,0.23849307794248142,0.2553091544552384,0.5061977676022802,2
1790556300000,2677.82,2673.51,-0.006033267128232267,0.0,0.0025,high_volatility,0.27065655747779294,0.2251008033848244,0.5042426391373827,2
1790557200000,2673.57,2667.73,-0.002417785907869119,1.0,0.0025,high_volatility,0.287154344163351,0.20122106563461892,0.51162459020203,2
1790558100000,2667.74,2674.41,-0.0069697615548849345,0.0,0.0025,high_volatility,0.3437141504603875,0.23270503865789288,0.42358081088171967,2
1790559000000,2674.4,2665.03,-0.004502763571141766,0.0,0.0025,high_volatility,0.332977399823468,0.22148123626284544,0.4455413639136865,2
1790559900000,2665.02,2657.38,-0.001644476890772073,1.0,0.0025,high_volatility,0.28220083797317047,0.1626221123652288,0.5551770496616008,2
1790560800000,2657.38,2661.28,-0.002183159983166094,1.0,0.0025,high_volatility,0.2890402920099414,0.20924592610840678,0.5017137818816518,2
1790561700000,2661.28,2655.77,-0.003467920791333623,0.0,0.0025,high_volatility,0.32494507990720717,0.24116395162715337,0.4338909684656395,2
1790562600000,2655.76,2653.03,0.00030908056071732304,1.0,0.0025,high_volatility,0.3312869267350269,0.24926038994901603,0.41945268331595714,2
1790563500000,2653.03,2653.01,-0.0003505452297579703,1.0,0.0025,high_volatility,0.2653865485687503,0.25047318268952706,0.4841402687417226,2
1790564400000,2653.02,2655.47,-0.0002598410074298174,1.0,0.0025,high_volatility,0.28391423562751067,0.25759032620285266,0.45849543816963656,2
1790565300000,2655.47,2646.56,0.004462396469379071,2.0,0.0025,high_volatility,0.2515300689991869,0.2516437989306953,0.4968261320701178,2
1790566200000,2646.57,2653.85,0.002004634775891745,1.0,0.0025,high_volatility,0.2857463506484681,0.24829275724655656,0.4659608921049754,2
1790567100000,2653.84,2652.08,0.002469759584929676,1.0,0.0025,high_volatility,0.25738435248443126,0.21931868470746307,0.5232969628081058,2
1790568000000,2652.08,2654.78,-0.0013560445686650047,1.0,0.0025,high_volatility,0.2796236065577264,0.20968481978255865,0.510691573659715,2
1790568900000,2654.77,2658.37,-0.003923456855140506,0.0,0.0025,high_volatility,0.2562382404746054,0.21610004059281418,0.5276617189325804,2
1790569800000,2658.37,2659.17,-0.003072387248652775,0.0,0.0025,high_volatility,0.2646504821540809,0.22242769597982928,0.5129218218660898,2
1790570700000,2659.17,2658.63,-0.0026329350078799774,0.0,0.0025,high_volatility,0.281875628760269,0.3112560070682437,0.40686836417148736,2
1790571600000,2658.62,2651.18,0.0008750820389411551,1.0,0.0025,high_volatility,0.24383076288968472,0.2012557298093633,0.554913507300952,2
1790572500000,2651.18,2647.94,-0.0003625459791385399,1.0,0.0025,high_volatility,0.2945660529618553,0.20119180710969092,0.5042421399284538,2
1790573400000,2647.94,2651.0,0.0,1.0,0.0025,high_volatility,0.322219581900465,0.17212173952807544,0.5056586785714595,2
1790574300000,2651.0,2651.63,-0.0007617955747973859,1.0,0.0025,high_volatility,0.3197116723601638,0.1955130592772645,0.4847752683625717,2
1790575200000,2651.64,2653.5,-0.0020765027322404706,1.0,0.0025,high_volatility,0.3505626276369228,0.21654102878286435,0.4328963435802129,2
1790576100000,2653.51,2646.98,-0.001122033411661505,1.0,0.0025,high_volatility,0.25605072502997395,0.17222994751986526,0.5717193274501609,2
1790577000000,2646.98,2651.0,-0.0026593738211996287,0.0,0.0025,trending,0.29250164414721436,0.20512125645476256,0.5023770993980231,2
1790577900000,2651.01,2649.61,-0.002000294382947021,1.0,0.0025,trending,0.34724665684364864,0.2343788256286089,0.41837451752774246,2
1790578800000,2649.61,2647.99,0.0011140525455157757,1.0,0.0025,trending,0.3427295167814335,0.1967773496144919,0.4604931336040747,2
1790579700000,2647.99,2644.01,0.000926622819126921,1.0,0.0025,trending,0.2437008383537407,0.18901288598762125,0.5672862756586381,2
1790580600000,2644.02,2643.95,4.916885720240849e-05,1.0,0.0025,trending,0.25606226448402114,0.19704934745284444,0.5468883880631344,2
1790581500000,2643.96,2644.31,0.0026736653418093503,2.0,0.0025,trending,0.25441841380635233,0.18134918300834538,0.5642324031853022,2
1790582400000,2644.31,2650.94,-0.0009204282254596796,1.0,0.0025,trending,0.3329871407757508,0.20882190173905696,0.4581909574851922,2
1790583300000,2650.93,2646.46,0.0007519478850992467,1.0,0.0025,trending,0.25249352521874263,0.16827946918719797,0.5792270055940595,2
1790584200000,2646.47,2644.08,-0.0020044779280504743,1.0,0.0025,trending,0.20719848067305463,0.17649244396335614,0.6163090753635893,2
1790585100000,2644.08,2651.38,-0.00370750326245195,0.0,0.0025,trending,0.2738006348981902,0.28692544139022574,0.439273923711584,2
1790586000000,2651.38,2648.5,-0.00015480460638095384,1.0,0.0025,trending,0.2802810320667962,0.2357093017626461,0.4840096661705577,2
1790586900000,2648.5,2648.45,0.0004568710000187881,1.0,0.0025,high_volatility,0.23603358237390443,0.3084152564849084,0.45555116114118716,2
1790587800000,2648.44,2638.78,0.006809965211195923,2.0,0.0025,high_volatility,0.1950437780071024,0.21164735208060098,0.5933088699122966,2
1790588700000,2638.79,2641.55,0.005697412504022115,2.0,0.0025,trending,0.22576699413255932,0.2230169901914686,0.551216015675972,2
1790589600000,2641.56,2648.09,0.005252842614865694,2.0,0.0025,trending,0.2761734363437442,0.23924670242445908,0.48457986123179664,2
1790590500000,2648.09,2649.66,0.00563845927402018,2.0,0.0025,trending,0.3052638703653405,0.2693012475883088,0.42543488204635066,2
1790591400000,2649.67,2656.75,0.0038392773125057733,2.0,0.0025,trending,0.33510265108548204,0.3012860733824256,0.3636112755320923,2
1790592300000,2656.74,2656.6,0.004667620266506134,2.0,0.0025,trending,0.3095307538766316,0.32566793973124686,0.36480130639212155,2
1790593200000,2656.6,2662.0,0.008711495116453749,2.0,0.0025,trending,0.31546162703061975,0.36386889093566754,0.3206694820337127,2
1790594100000,2662.0,2664.6,0.00570066801771385,2.0,0.0025,trending,0.3042860333446026,0.3907810875688049,0.30493287908659256,2
1790595000000,2664.6,2666.95,0.004559515551472826,2.0,0.0025,trending,0.3042022092901362,0.4021683897627693,0.2936294009470944,2
1790595900000,2666.9,2669.0,0.008209067066316855,2.0,0.0025,trending,0.2898445558395139,0.40716689278642704,0.30298855137405906,2
1790596800000,2668.99,2685.19,2.979305002615007e-05,1.0,0.0025,high_volatility,0.4134691431578979,0.20386771700704168,0.38266313983506034,2
1790597700000,2685.19,2679.79,0.0038100000373164633,2.0,0.0025,high_volatility,0.3618826253228161,0.3103301178651691,0.3277872568120147,2
1790598600000,2679.8,2679.11,0.006763440097644402,2.0,0.0025,high_volatility,0.3778714329517906,0.2679959323571724,0.35413263469103706,2
1790599500000,2679.11,2690.91,-9.662158897905115e-05,1.0,0.0025,high_volatility,0.44193305682217937,0.22527467876270335,0.33279226441511733,2
1790600400000,2690.91,2685.27,-0.0015529164665005757,1.0,0.0025,high_volatility,0.3593328701434589,0.2533513335756918,0.3873157962808494,2
1790601300000,2685.26,2690.0,-0.006728624535315975,0.0,0.0025,high_volatility,0.4004292432949926,0.29031225307214925,0.3092585036328581,2
1790602200000,2689.99,2697.23,-0.012605524927425504,0.0,0.0025,high_volatility,0.3978638876765616,0.2599807562716088,0.34215535605182956,2
1790603100000,2697.23,2690.65,-0.008741382193893643,0.0,0.0025,high_volatility,0.3792629677355316,0.2602114422700187,0.3605255899944497,2
1790604000000,2690.65,2681.1,-0.006489873559360038,0.0,0.0025,high_volatility,0.30202615446444203,0.2582402723633607,0.4397335731721972,2
1790604900000,2681.1,2671.9,-0.0014147236049254497,1.0,0.002518376654197856,high_volatility,0.25823588329435004,0.1930874352868007,0.5486766814188493,2
1790605800000,2671.9,2663.23,0.004318064906147834,2.0,0.0027215357069253245,high_volatility,0.24768922865081627,0.1844570144667729,0.5678537568824109,2
1790606700000,2663.23,2667.13,0.0040567951318457585,2.0,0.002827142231264414,high_volatility,0.2956177422234428,0.24498825023679882,0.4593940075397584,2
1790607600000,2667.13,2663.7,0.003945639523970534,2.0,0.002900493571523482,high_volatility,0.3351875768608124,0.24069861579369334,0.4241138073454943,2
1790608500000,2663.64,2668.12,0.009932087012578084,2.0,0.002947462778609021,high_volatility,0.39519353120496753,0.2983585794059393,0.30644788938909306,2
1790609400000,2668.12,2674.73,0.0034246447304961958,2.0,0.002970190236964103,high_volatility,0.4033458502893982,0.3120114135244761,0.2846427361861256,2
1790610300000,2674.72,2677.95,0.003510147687596943,2.0,0.0028769858639923103,high_volatility,0.37809905978184977,0.39357655855719464,0.22832438166095553,2
1790611200000,2677.94,2674.21,0.017350918589041253,2.0,0.002813368002091315,high_volatility,0.42117613896974,0.33911884369738965,0.2397050173328703,2
1790612100000,2674.2,2694.62,0.0017330829578938722,1.0,0.0030222119573537574,high_volatility,0.4712879888752801,0.2478425949341184,0.2808694161906016,2
1790613000000,2694.61,2683.89,0.006620986702137621,2.0,0.003069858254751217,high_volatility,0.4005639635451869,0.3432889536362615,0.2561470828185516,2
1790613900000,2683.9,2687.35,0.0031108713044449843,2.0,0.002984700922243503,high_volatility,0.4183840207010446,0.3197497547847259,0.2618662245142296,2
1790614800000,2687.35,2720.61,-0.008068043563759675,0.0,0.0033598601653957857,high_volatility,0.48069402597469557,0.18159874472962978,0.3377072292956746,2
1790615700000,2720.62,2699.29,-0.0013818448554990814,1.0,0.003491587447585599,high_volatility,0.4645323924743534,0.2844380850893372,0.2510295224363092,2
1790616600000,2699.3,2701.66,-0.00419001650836881,0.0,0.0033894106390175292,high_volatility,0.4707588581499762,0.29137508965758585,0.2378660521924378,2
1790617500000,2701.67,2695.71,0.0014690007456292786,1.0,0.0033149882302702404,high_volatility,0.33934944237091574,0.3307016097407101,0.3299489478883741,2
1790618400000,2695.71,2698.66,-0.004583756382797399,0.0,0.0031775878713584693,high_volatility,0.43937405987232436,0.3143511507574325,0.2462747893702432,2
1790619300000,2698.66,2695.56,-0.005130659306414986,0.0,0.0030366862730872614,high_volatility,0.40078019043615853,0.3626625713230787,0.23655723824076283,2
1790620200000,2695.55,2690.34,-0.006541924069076943,0.0,0.0029614528448788833,high_volatility,0.4073950321886465,0.2820946843755111,0.3105102834358424,2
1790621100000,2690.34,2699.67,-0.009693777387606684,0.0,0.0029193275899591148,high_volatility,0.47585559517137244,0.3225911615474463,0.20155324328118118,2
1790622000000,2699.68,2686.29,-0.0003052537142305134,1.0,0.002991217161752135,high_volatility,0.41435298367057166,0.3259466376252317,0.25970037870419677,2
1790622900000,2686.28,2681.73,-0.0005108642555364806,1.0,0.002876570554475787,high_volatility,0.38007704852683677,0.37027991180680997,0.2496430396663532,2
1790623800000,2681.73,2672.74,0.0028622312682864415,1.0,0.0029563672002115167,high_volatility,0.37875362648763583,0.3609178613185345,0.26032851219382963,2
1790624700000,2672.75,2673.5,0.003515990274920444,2.0,0.00285374472518671,high_volatility,0.3776686431808032,0.3905911932736776,0.23174016354551916,2
1790625600000,2673.49,2685.47,0.00025693826406558706,1.0,0.002884499728332384,high_volatility,0.4081434478127691,0.396883136338667,0.19497341584856398,2
1790626500000,2685.46,2680.36,0.0003842767389454771,1.0,0.0027732705231168775,low_liquidity,0.39239538940800167,0.41986852154206666,0.18773608904993164,2
1790627400000,2680.35,2680.39,0.00020146321990455185,1.0,0.0026576549343149992,low_liquidity,0.39982631554766723,0.4242902009300943,0.17588348352223854,2
1790628300000,2680.39,2682.9,-0.0031831227403182893,0.0,0.0025479404541474773,low_liquidity,0.3871611528902122,0.41437761746319973,0.19846122964658805,2
1790629200000,2682.9,2686.16,-0.00534964410161709,0.0,0.0025,ranging,0.44988322261474806,0.3754162176007443,0.1747005597845077,2
1790630100000,2686.17,2681.39,-0.0023383394433483806,1.0,0.0025,ranging,0.3993168913434588,0.3964658222587185,0.20421728639782272,2
1790631000000,2681.38,2680.93,0.001462179169168909,1.0,0.0025,ranging,0.44752010433243866,0.3352214481341811,0.2172584475333802,2
1790631900000,2680.92,2674.36,0.004958195605677451,2.0,0.0025,ranging,0.4172305488457937,0.3420416064505962,0.2407278447036101,2
1790632800000,2674.37,2671.79,0.005543100318513128,2.0,0.0025,ranging,0.38348836752647136,0.32870403080850497,0.28780760166502367,2
1790633700000,2671.78,2675.12,0.005887586351266405,2.0,0.0025,low_liquidity,0.42975049974275464,0.3256069559212912,0.2446425443359541,2
1790634600000,2675.11,2684.85,0.0028120751624858276,2.0,0.0025,ranging,0.45939687590681044,0.3076522997161235,0.232950824377066,2
1790635500000,2684.86,2687.62,0.00040556328647656237,1.0,0.0025,low_liquidity,0.4038864423961726,0.4188312110259352,0.1772823465778922,2
1790636400000,2687.62,2686.6,0.0014107049802725147,1.0,0.0025,ranging,0.44675756714181053,0.3689712418717971,0.18427119098639244,2
1790637300000,2686.6,2690.87,-0.0007618353915275211,1.0,0.0025,ranging,0.43532110480529423,0.3609617994481983,0.20371709574650743,2
1790638200000,2690.86,2692.4,-0.0005199821720398567,1.0,0.0025,ranging,0.4218405549246877,0.39199972318468684,0.18615972189062538,2
1790639100000,2692.39,2688.71,-0.004269705546526059,0.0,0.0025,low_liquidity,0.33138088873676286,0.43810877257596204,0.2305103386872751,2
1790640000000,2688.71,2690.39,-0.0074747527310166095,0.0,0.0025,ranging,0.331469858288485,0.443934049955364,0.22459609175615103,2
1790640900000,2690.39,2688.82,-0.010870939668702229,0.0,0.0025,ranging,0.40289951538102997,0.32993166482496833,0.26716881979400164,2
1790641800000,2688.82,2691.0,-0.010130063173541481,0.0,0.0025,ranging,0.4650159579478742,0.3123145256363362,0.2226695164157895,2
1790642700000,2690.99,2677.23,-0.004340306959058404,0.0,0.0025,ranging,0.3515052852065028,0.38635501785552967,0.2621396969379677,2
1790643600000,2677.22,2670.28,-0.003737435774525566,0.0,0.0025,ranging,0.29669922683740113,0.39602593549841697,0.3072748376641818,2
1790644500000,2670.29,2659.59,-0.001263352622020708,1.0,0.0025,ranging,0.368345327955911,0.3103055584165495,0.3213491136275396,2
1790645400000,2659.59,2663.74,-0.0014866315781568717,1.0,0.0025,ranging,0.3812681832832465,0.31966199631541153,0.2990698204013419,2
1790646300000,2663.74,2665.61,-0.002993686248175864,0.0,0.0025,ranging,0.3960221976393316,0.33810187264672364,0.26587592971394464,2
1790647200000,2665.61,2660.3,-0.0012442205766268755,1.0,0.0025,ranging,0.41501668776891537,0.3144382330364378,0.27054507919464676,2
1790648100000,2660.3,2656.23,0.004344503299789526,2.0,0.0025,ranging,0.3457499295020442,0.374753210592161,0.2794968599057948,2
1790649000000,2656.23,2659.78,0.002545323297415525,2.0,0.0025,ranging,0.320773575284236,0.41354684679175785,0.26567957792400615,2
1790649900000,2659.78,2657.63,0.002848402524053384,2.0,0.0025,ranging,0.3280219272915805,0.4397150108225124,0.2322630618859071,2
1790650800000,2657.63,2656.99,0.004019586072962378,2.0,0.0025,ranging,0.3235129029859455,0.4526948189849609,0.22379227802909368,2
1790651700000,2656.99,2667.77,0.0007684320612346696,1.0,0.0025,ranging,0.34858119382861935,0.4342822036505678,0.21713660252081277,2
1790652600000,2667.77,2666.55,-4.500196883627794e-05,1.0,0.0025,ranging,0.37668444819285213,0.44092183513134797,0.1823937166757999,2
1790653500000,2666.56,2665.2,0.0010768422632450037,1.0,0.0025,low_liquidity,0.3049340666431574,0.46012981436906025,0.23493611898778238,2
1790654400000,2665.21,2667.67,0.000652254589210699,1.0,0.0025,ranging,0.32439662080062653,0.4361929359715205,0.23941044322785296,2
1790655300000,2667.66,2669.82,0.0009176648613014038,1.0,0.0025,ranging,0.3116638105186549,0.46185830187724264,0.2264778876041024,2
1790656200000,2669.81,2666.43,0.0011401011839800024,1.0,0.0025,ranging,0.2942338827591843,0.46669657560810474,0.23906954163271085,2
1790657100000,2666.42,2668.07,0.003174579377602571,2.0,0.0025,ranging,0.3218711519853087,0.42085217835710487,0.25727666965758644,2
1790658000000,2668.06,2669.41,0.009140596611236118,2.0,0.0025,ranging,0.31852179212325077,0.44747464169457535,0.23400356618217394,2
1790658900000,2669.41,2672.27,0.008382386510345174,2.0,0.0025,ranging,0.3476545726513991,0.3946194140301804,0.2577260133184205,2
1790659800000,2672.27,2669.47,0.01086357966188034,2.0,0.0025,ranging,0.3630679133360074,0.3391685997923031,0.29776348687168935,2
1790660700000,2669.46,2676.54,0.011279487696802537,2.0,0.0025,ranging,0.3278952304485178,0.4176593297263756,0.2544454398251067,2
1790661600000,2676.54,2693.81,0.005920981806437853,2.0,0.0025,ranging,0.4066905506066047,0.32980007606055295,0.26350937333284236,2
1790662500000,2693.81,2694.67,0.006987868644398043,2.0,0.0025,ranging,0.3557429343580741,0.3738307323397314,0.27042633330219457,2
1790663400000,2694.68,2698.47,0.005462354593529062,2.0,0.0025,ranging,0.3220483826577085,0.47972077409347275,0.19823084324881873,2
1790664300000,2698.48,2706.73,0.0020800005911192354,1.0,0.0025,ranging,0.337985668798078,0.2733613920100172,0.3886529391919047,2
1790665200000,2706.74,2709.76,0.0022252893245158223,1.0,0.0025,ranging,0.3832964670442647,0.28117706775363677,0.3355264652020986,2
1790666100000,2709.76,2713.5,0.003663165653215339,2.0,0.0025,ranging,0.3544860352647213,0.30358744347818856,0.34192652125709005,2
1790667000000,2713.49,2713.21,-0.0007703052841468994,1.0,0.0025,ranging,0.341102457717652,0.29100159492448585,0.3678959473578621,2
1790667900000,2713.2,2712.36,-0.0012977628338420866,1.0,0.0025,ranging,0.433542117061237,0.2925181606321708,0.27393972230659214,2
1790668800000,2712.35,2715.79,-0.004374417756895843,0.0,0.0025,ranging,0.4172812435065821,0.30541791739715707,0.27730083909626096,2
1790669700000,2715.79,2723.44,-0.006928737185324385,0.0,0.0025,trending,0.4784720762830785,0.26781988175609994,0.25370804196082153,2
1790670600000,2723.43,2711.12,0.0003356546371979796,1.0,0.0025,trending,0.35705427963813585,0.33661435580230403,0.3063313645595601,2
1790671500000,2711.12,2708.84,0.003244931409754681,2.0,0.0025,trending,0.3787749174675825,0.3793789961176208,0.24184608641479674,2
1790672400000,2708.83,2703.91,0.004526777888317346,2.0,0.0025,trending,0.33444355001757464,0.3901140304209121,0.27544241956151333,2
1790673300000,2703.9,2704.57,0.0038823177066964476,2.0,0.0025,trending,0.3526379441419124,0.37916259766996074,0.26819945818812685,2
1790674200000,2704.57,2712.03,-0.0004977821041803887,1.0,0.0025,trending,0.39795219674470694,0.34988037737152616,0.25216742588376684,2
1790675100000,2712.04,2717.63,-0.0010413485279452406,1.0,0.0025,trending,0.45487944512346246,0.321679709327683,0.22344084554885443,2
1790676000000,2717.63,2716.15,0.0003865765881854166,1.0,0.0025,trending,0.4586545556896162,0.3242379762611934,0.2171074680491904,2
1790676900000,2716.15,2715.07,0.0012375371537380886,1.0,0.0025,trending,0.45955365016511135,0.33620468018955496,0.20424166964533363,2
1790677800000,2715.07,2710.68,0.005271739932415365,2.0,0.0025,trending,0.38436984509188693,0.3860860819926144,0.22954407291549872,2
1790678700000,2710.67,2714.8,0.006508766759982132,2.0,0.0025,trending,0.4733209829315484,0.31322830996893014,0.21345070709952155,2
1790679600000,2714.8,2717.2,0.005391579567201488,2.0,0.0025,trending,0.49602616400759686,0.30070107262962426,0.20327276336277877,2
1790680500000,2717.19,2718.43,0.006908399333438897,2.0,0.0025,trending,0.48162292697386305,0.3120946607499966,0.20628241227614041,2
1790681400000,2718.43,2724.97,0.005423912923812058,2.0,0.0025,trending,0.5385769300344738,0.27210587179656376,0.1893171981689625,2
1790682300000,2724.98,2732.47,0.001595625935508993,1.0,0.0025,trending,0.5177510116400944,0.28316701376715636,0.19908197459274923,2
1790683200000,2732.47,2731.85,0.0016765195746470951,1.0,0.0025,trending,0.5095199580470996,0.3114259908134975,0.17905405113940304,2
1790684100000,2731.85,2737.21,3.653355058474972e-06,1.0,0.0025,trending,0.5381337774794087,0.2578401279066098,0.20402609461398155,2
1790685000000,2737.2,2739.75,-0.005058855735012413,0.0,0.0025,trending,0.500126258056624,0.2998311832756564,0.20004255866771956,2
1790685900000,2739.74,2736.83,-0.0036538623151602945,0.0,0.0025,trending,0.47369817646591317,0.298997493322611,0.22730433021147572,2
1790686800000,2736.83,2736.43,-0.006906809236852274,0.0,0.0025,trending,0.47436285317456134,0.27793573090647167,0.24770141591896686,2
1790687700000,2736.43,2737.22,-0.0077450844287269005,0.0,0.0025,trending,0.4450909208995795,0.3117303588993748,0.2431787202010457,2
1790688600000,2737.23,2725.89,-0.003939997578772392,0.0,0.0025,trending,0.3908079110320649,0.30060914765577895,0.30858294131215597,2
1790689500000,2725.9,2726.83,-0.005808942985077947,0.0,0.0025,trending,0.4293313839352884,0.28266882961475337,0.2879997864499582,2
1790690400000,2726.83,2717.53,-0.008978741725022332,0.0,0.0025,trending,0.3636469021701718,0.2615548242122049,0.3747982736176233,2
1790691300000,2717.52,2716.02,-0.014333473243937744,0.0,0.0025,trending,0.42912948569484716,0.27505257796010774,0.2958179363450452,2
1790692200000,2716.03,2715.15,-0.012433935510008709,0.0,0.0025,trending,0.42516989342538103,0.2955169915819116,0.2793131149927075,2
1790693100000,2715.14,2710.99,-0.013581754266891344,0.0,0.0025,trending,0.34557055068949116,0.38544126312935817,0.2689881861811507,2
1790694000000,2710.99,2693.13,-0.006702238659106796,0.0,0.0025,trending,0.2824292278980348,0.3758116204797441,0.3417591516222211,2
1790694900000,2693.13,2677.09,0.0019237306179469282,1.0,0.0027161615475787726,trending,0.2812019760830331,0.3820450108430432,0.3367530130739237,2
1790695800000,2677.08,2681.39,-0.0031811858774738466,0.0,0.0026678677830288375,trending,0.2845140798884808,0.451745359795681,0.2637405603158382,2
1790696700000,2681.4,2674.17,0.0006805850039450778,1.0,0.0027739106748626437,trending,0.17399925126314508,0.35238827969115016,0.47361246904570464,2
1790697600000,2674.16,2675.08,0.001835459126455996,1.0,0.0026888064555123247,trending,0.2038402587449491,0.40749239057797065,0.3886673506770802,2
1790698500000,2675.09,2682.24,-0.0017224409448818312,1.0,0.002637562017704681,trending,0.2083982982706681,0.4936177048819788,0.2979839968473531,2
1790699400000,2682.25,2672.86,0.0005350074452084019,1.0,0.0026509716852998215,trending,0.1922143899598387,0.4127604513294061,0.3950251587107553,2
1790700300000,2672.86,2675.99,-0.0008333364474454319,1.0,0.002596630201052864,trending,0.21853443799933625,0.5325547593235153,0.24891080267714846,2
1790701200000,2675.99,2679.99,0.0016791107429505736,1.0,0.0025110230654458933,trending,0.22499729317884268,0.5294910098735593,0.24551169694759792,2
1790702100000,2680.0,2677.62,0.0029541159686587992,2.0,0.0025,low_liquidity,0.24652399651666948,0.5261750933854263,0.2273009100979041,2
1790703000000,2677.63,2674.29,0.007669325316252307,2.0,0.0025,low_liquidity,0.2618879149008211,0.48465735774220425,0.2534547273569746,2
1790703900000,2674.29,2673.76,0.008265513733468843,2.0,0.0025,trending,0.2194576505146651,0.4736852156000248,0.30685713388531005,2
1790704800000,2673.77,2684.49,0.0046712783433726646,2.0,0.0025,trending,0.3038866432278982,0.43489232588668036,0.2612210308854214,2
1790705700000,2684.49,2685.53,0.003619397288430859,2.0,0.0025,trending,0.28116141463486044,0.4783913492217261,0.2404472361434135,2
1790706600000,2685.53,2694.8,-0.0018888229182129068,1.0,0.0025,trending,0.28968966600461954,0.45190584678741447,0.258404487207966,2
1790707500000,2694.8,2695.86,-0.002169993990785879,1.0,0.0025,trending,0.29083527219110716,0.47136068894036576,0.23780403886852697,2
1790708400000,2695.85,2697.03,-0.0026102787139929973,0.0,0.0025,trending,0.27955486504569,0.4942452796459331,0.2261998553083768,2
1790709300000,2697.04,2695.25,-0.0011390409052963735,1.0,0.0025,trending,0.29783025441734695,0.4553321857909668,0.24683755979168626,2
1790710200000,2695.24,2689.71,0.0010447222934815148,1.0,0.0025,ranging,0.2855015399283272,0.35672002345578885,0.35777843661588393,2
1790711100000,2689.71,2690.01,-0.0002788093724558349,1.0,0.0025,ranging,0.30071255921496115,0.4082144345768151,0.29107300620822363,2
1790712000000,2690.01,2689.99,-5.9479775017745595e-05,1.0,0.0025,ranging,0.27978735076491323,0.4308725936981386,0.28934005553694825,2
1790712900000,2689.99,2692.18,-0.004773083523389898,0.0,0.0025,low_liquidity,0.33117705748463283,0.4232672886257406,0.2455556538896267,2
1790713800000,2692.18,2692.52,-0.004445649428787779,0.0,0.0025,low_liquidity,0.31003337558238586,0.44118552129309735,0.24878110312451673,2
1790714700000,2692.53,2689.26,-0.003651562139770803,0.0,0.0025,ranging,0.3261572499921626,0.4428092342285823,0.23103351577925496,2
1790715600000,2689.25,2689.83,-0.002078198250447083,1.0,0.0025,ranging,0.3505713907217833,0.40931232165137943,0.24011628762683723,2
1790716500000,2689.83,2679.33,0.0005075895839632416,1.0,0.0025,ranging,0.3311451908970619,0.3239107379880128,0.3449440711149254,2
1790717400000,2679.34,2680.55,0.0003469437242356044,1.0,0.0025,ranging,0.31492318890126575,0.3730074748043682,0.312069336294366,2
1790718300000,2680.55,2679.44,0.000891977428119306,1.0,0.0025,ranging,0.24261070670657955,0.33180599725534343,0.425583296038077,2
1790719200000,2679.44,2684.24,0.001348612642684932,1.0,0.0025,ranging,0.28455911140919377,0.3314588944421867,0.38398199414861955,2
1790720100000,2684.23,2680.69,9.698995407880773e-05,1.0,0.0025,ranging,0.2706130748802514,0.3492152126928268,0.3801717124269218,2
1790721000000,2680.68,2681.48,-0.001450691409221716,1.0,0.0025,ranging,0.2618264110346968,0.33130370462824155,0.40686988433706156,2
1790721900000,2681.48,2681.83,-0.0014355868940237881,1.0,0.0025,ranging,0.3031486452870776,0.4002029905087213,0.2966483642042012,2
1790722800000,2681.84,2687.86,-0.0059303683971635435,0.0,0.0025,ranging,0.33026000107324005,0.41239865419210053,0.2573413447346594,2
1790723700000,2687.85,2680.95,-0.00281243589026281,0.0,0.0025,ranging,0.3132524717893042,0.3737608558516743,0.31298667235902145,2
1790724600000,2680.95,2677.59,-0.002603087104448454,0.0,0.0025,ranging,0.2547629633684249,0.37872795503756473,0.3665090815940104,2
1790725500000,2677.6,2677.98,-0.0020015085997655557,1.0,0.0025,low_liquidity,0.2241692895274045,0.42853336610283055,0.34729734436976495,2
1790726400000,2677.98,2671.92,0.00031812329710456666,1.0,0.0025,ranging,0.20889849127155252,0.34140851387833887,0.4496929948501086,2
1790727300000,2671.93,2673.41,-0.0004376433094811505,1.0,0.0025,ranging,0.2425834464367835,0.3389042466509423,0.4185123069122742,2
1790728200000,2673.41,2670.62,0.0006066007144407415,1.0,0.0025,ranging,0.19729520271695453,0.33675755845207966,0.46594723883096567,2
1790729100000,2670.62,2672.62,-1.87082338677369e-05,1.0,0.0025,ranging,0.28063638278926584,0.34365247459251164,0.37571114261822247,2
1790730000000,2672.62,2672.77,-0.0002619005750588155,1.0,0.0025,ranging,0.2776692665645044,0.38482763281433363,0.337503100621162,2
1790730900000,2672.78,2672.24,-0.0012349190192496584,1.0,0.0025,ranging,0.28579903660328887,0.3713140502990369,0.3428869130976742,2
1790731800000,2672.24,2672.24,-3.7421788461333705e-06,1.0,0.0025,ranging,0.283925556640973,0.3543538434403302,0.3617205999186968,2
1790732700000,2672.24,2672.57,0.0007184096207020207,1.0,0.0025,ranging,0.2654452809819422,0.33332151371277874,0.401233205305279,2
1790733600000,2672.58,2672.07,0.0004678021159625345,1.0,0.0025,ranging,0.2697042846786968,0.33614287724778835,0.3941528380735149,2
1790734500000,2672.08,2668.94,0.0009179674327635112,1.0,0.0025,ranging,0.19863843997119243,0.39149819687818355,0.40986336315062405,2
1790735400000,2668.95,2672.23,0.0009505169839423289,1.0,0.0025,ranging,0.22399761184404235,0.3958247407327002,0.3801776474232575,2
1790736300000,2672.23,2674.49,-0.0010992750019628295,1.0,0.0025,ranging,0.3248027520577323,0.4476099607442913,0.2275872871979765,2
1790737200000,2674.49,2673.32,0.0003067346969309881,1.0,0.0025,ranging,0.2589446004743538,0.5473295800693646,0.1937258194562816,2
1790738100000,2673.32,2671.39,0.000561505433500864,1.0,0.0025,ranging,0.20964173958933421,0.5532792986782991,0.2370789617323668,2
1790739000000,2671.4,2674.77,-0.0007776369557008778,1.0,0.0025,ranging,0.27946092232049236,0.5026184699171965,0.21792060776231126,2
1790739900000,2674.77,2671.55,-0.0005801875315828431,1.0,0.0025,ranging,0.3220250781635321,0.406893989110207,0.2710809327262608,2
1790740800000,2671.54,2674.14,-0.002041777917386578,1.0,0.0025,ranging,0.2359316428175502,0.5499171106809276,0.2141512465015222,2
1790741700000,2674.15,2672.89,0.0007894077197341254,1.0,0.0025,ranging,0.2098152857365949,0.6057095354889238,0.18447517877448122,2
1790742600000,2672.89,2672.69,0.0021401659002726614,1.0,0.0025,ranging,0.2097422950400254,0.6059905206691942,0.18426718429078034,2
1790743500000,2672.68,2670.0,0.001906367041198509,1.0,0.0025,ranging,0.17278215271014952,0.6615014651593129,0.16571638213053763,2
1790744400000,2669.99,2668.68,-0.0011204040949082117,1.0,0.0025,ranging,0.22335897840100302,0.5804676105909573,0.19617341100803962,2
1790745300000,2668.68,2675.0,-0.0031327102803738738,0.0,0.0025,ranging,0.26004413987203734,0.5676315905923219,0.17232426953564062,2
1790746200000,2675.0,2678.41,-0.005645140213783484,0.0,0.0025,ranging,0.25723484221382414,0.6040755697527759,0.1386895880334,2
1790747100000,2678.42,2675.09,-0.004867125965855368,0.0,0.0025,ranging,0.2706397559764276,0.5079651329500705,0.22139511107350182,2
1790748000000,2675.09,2665.69,-0.0012717157658992395,1.0,0.0025,ranging,0.24250539997492374,0.42417555764610937,0.333319042378967,2
1790748900000,2665.73,2666.62,0.0019762845849802257,1.0,0.0025,ranging,0.25224429941251975,0.4483885563780323,0.29936714420944777,2
1790749800000,2666.61,2663.29,0.00486991653180846,2.0,0.0025,ranging,0.2663925035549534,0.3863592479930949,0.3472482484519518,2
1790750700000,2663.28,2662.07,0.00480828828693447,2.0,0.0025,ranging,0.30138773696340193,0.270852990629598,0.42775927240700007,2
1790751600000,2662.08,2662.3,0.0017466100739960133,1.0,0.0025,ranging,0.26581178189704885,0.316362619351762,0.4178255987511892,2
1790752500000,2662.3,2671.89,-0.0011939114259943429,1.0,0.0025,ranging,0.349172894371244,0.3493043139373327,0.30152279169142326,2
1790753400000,2671.89,2676.26,-0.002791208626964581,0.0,0.0025,ranging,0.3382624240536765,0.41347812048233074,0.2482594554639927,2
1790754300000,2676.27,2674.87,-0.0014056757898514016,1.0,0.0025,ranging,0.31812707074695196,0.42093326093528877,0.26093966831775944,2
1790755200000,2674.87,2666.95,0.0043870338776506035,2.0,0.0025,ranging,0.29917926583980453,0.36514974277053275,0.33567099138966283,2
1790756100000,2666.95,2668.7,0.006505039907070964,2.0,0.0025,ranging,0.2997099827742781,0.41616790903273415,0.2841221081929878,2
1790757000000,2668.69,2668.79,0.007670142648915856,2.0,0.0025,ranging,0.31710887275473065,0.4088779172108209,0.2740132100344485,2
1790757900000,2668.8,2671.11,0.006574045995859423,2.0,0.0025,ranging,0.31193908582069496,0.38107930811580004,0.30698160606350494,2
1790758800000,2671.1,2678.65,0.004177477460661105,2.0,0.0025,ranging,0.33443181969265096,0.40895687850939383,0.25661130179795527,2
1790759700000,2678.64,2686.06,0.002602324594387362,2.0,0.0025,ranging,0.3751763121566231,0.3878266676197854,0.2369970202235915,2
1790760600000,2686.05,2689.26,0.0018034700995812614,1.0,0.0025,ranging,0.46733585642614567,0.3063336954872002,0.2263304480866542,2
1790761500000,2689.25,2688.67,0.002581201858167903,2.0,0.0025,ranging,0.3317104795274735,0.40459273336522944,0.26369678710729705,2
1790762400000,2688.68,2689.84,0.0001933200487760356,1.0,0.0025,ranging,0.33968774350156483,0.3969564550491638,0.2633558014492714,2
1790763300000,2689.83,2693.05,0.0001596702623418711,1.0,0.0025,ranging,0.35873337237000635,0.3852693314280558,0.2559972962019379,2
1790764200000,2693.04,2694.11,0.0018410532606314423,1.0,0.0025,ranging,0.3215750065449117,0.4000563620918047,0.27836863136328366,2
1790765100000,2694.11,2695.61,0.0008124320654694372,1.0,0.0025,ranging,0.2736856221037202,0.47558849680861975,0.25072588108766014,2
1790766000000,2695.6,2690.36,0.0034010318321711086,2.0,0.0025,ranging,0.25318786661106557,0.3913173316690167,0.3554948017199177,2
1790766900000,2690.36,2693.48,0.00375350847231104,2.0,0.0025,ranging,0.23196972440043975,0.4612007439336438,0.30682953166591637,2
1790767800000,2693.48,2699.07,0.011359468261289862,2.0,0.0025,ranging,0.25659813063485937,0.4736037414548156,0.269798127910325,2
1790768700000,2699.06,2697.8,0.012310030395136895,2.0,0.0025,ranging,0.2913880948462624,0.48755218607928064,0.22105971907445696,2
1790769600000,2697.79,2699.51,0.012676374601316542,2.0,0.0025,ranging,0.2873751461187131,0.4905880140941828,0.22203683978710415,2
1790770500000,2699.51,2703.59,0.007042487951205656,2.0,0.0025,trending,0.2928074490015199,0.4900573028309483,0.21713524816753166,2
1790771400000,2703.75,2729.73,-0.009678612903107675,0.0,0.0025,trending,0.43900920670447324,0.29962927821659063,0.261361515078936,2
1790772300000,2729.72,2731.01,-0.007693124521697126,0.0,0.0025,trending,0.41581236893746604,0.276166145011944,0.30802148605059004,2
1790773200000,2731.0,2733.73,-0.011449557930007792,0.0,0.0025,trending,0.38855579838843496,0.3066438343867173,0.3048003672248478,2
1790774100000,2733.74,2722.63,-0.015393204364897328,0.0,0.0025,trending,0.2639478305054871,0.3667031325091181,0.36934903698539484,2
1790775000000,2722.64,2703.31,-0.010857060418523967,0.0,0.002844644643922646,high_volatility,0.21692636691703057,0.2371191695928955,0.545954463490074,2
1790775900000,2703.32,2710.0,-0.01173431734317354,0.0,0.0028117404338616966,trending,0.3926004304429504,0.3529496548398377,0.2544499147172118,2
1790776800000,2710.0,2702.43,-0.00792990012692274,0.0,0.0029361832415626906,high_volatility,0.3541206890115635,0.3208355798558347,0.3250437311326018,2
1790777700000,2702.43,2680.72,-0.0011750574472528807,1.0,0.0031745945067916583,high_volatility,0.2894101644929382,0.33235116440403023,0.3782386711030315,2
1790778600000,2680.73,2673.96,0.0027487322173853634,1.0,0.003198108178271846,high_volatility,0.3045306213532862,0.34913549401650285,0.346333884630211,2
1790779500000,2673.96,2678.2,0.0020610858038980773,1.0,0.003120992070282632,high_volatility,0.2941336434086998,0.3615921144686161,0.34427424212268415,2
1790780400000,2678.2,2681.0,0.0028907124207384616,1.0,0.0030294754759472063,high_volatility,0.36024258798250175,0.36690556066564645,0.27285185135185186,2
1790781300000,2681.0,2677.57,0.0039177313758369525,2.0,0.002999476304559412,high_volatility,0.3579781928601786,0.3647754420299408,0.27724636510988065,2
1790782200000,2677.58,2681.31,0.004001775251649464,2.0,0.002958601818684276,high_volatility,0.3720148875991881,0.37240209987866724,0.2555830125221447,2
1790783100000,2681.31,2683.72,0.004512393245196922,2.0,0.002892681809256561,trending,0.3216219051104946,0.40820179016304586,0.27017630472645965,2
1790784000000,2683.73,2688.75,0.0014839609483960903,1.0,0.0027926127203770803,trending,0.3331225972555039,0.44478185514626545,0.22209554759823066,2
1790784900000,2688.76,2688.06,-0.0003534147303259072,1.0,0.0026971200386386035,trending,0.29015787485768385,0.46747363000999187,0.24236849513232434,2
1790785800000,2688.06,2692.04,-0.004739899852899576,0.0,0.0026354486980616275,trending,0.31570236182648087,0.432249361271439,0.25204827690208026,2
1790786700000,2692.04,2695.83,-0.004863066291272089,0.0,0.002534537019626813,ranging,0.3865308063635949,0.38643123872934126,0.2270379549070639,2
1790787600000,2695.83,2692.74,-0.004293024948565427,0.0,0.0025,ranging,0.36972982790406655,0.370223356268359,0.2600468158275745,2
1790788500000,2692.75,2687.11,-0.002657129778833145,0.0,0.0025,ranging,0.28446912243793593,0.3505394716330595,0.3649914059290046,2
1790789400000,2687.12,2679.28,-0.0017989907736407629,1.0,0.0025,ranging,0.20959279835963934,0.3503188253741816,0.44008837626617914,2
1790790300000,2679.28,2682.72,-0.0013307389515118118,1.0,0.0025,ranging,0.2688989872156114,0.33479745060365634,0.39630356218073226,2
1790791200000,2682.71,2681.18,-0.002715222402076556,0.0,0.0025,ranging,0.2587255536813128,0.3230527086950725,0.4182217376236147,2
1790792100000,2681.18,2679.97,-0.002626895077183722,0.0,0.0025,ranging,0.2879032659320993,0.32347171537080577,0.38862501869709487,2
1790793000000,2679.96,2674.46,0.0006954674962422747,1.0,0.0025,ranging,0.24888992042431707,0.32929992083018356,0.42181015874549943,2
1790793900000,2674.46,2679.15,-0.0035608308605341588,0.0,0.0025,trending,0.28890713337099744,0.36080863329599444,0.35028423333300807,2
1790794800000,2679.16,2673.9,0.0003515464303078808,1.0,0.0025,trending,0.24278367238274148,0.36152409679083447,0.3956922308264241,2
1790795700000,2673.89,2672.93,0.0026525198938993633,2.0,0.0025,trending,0.2633990672114503,0.3508707099810398,0.38573022280750985,2
1790796600000,2672.93,2676.32,0.0015880014348059746,1.0,0.0025,trending,0.25310158784328163,0.3664285677848587,0.3804698443718596,2
1790797500000,2676.31,2669.61,0.004835912361730754,2.0,0.0025,trending,0.30584509373521696,0.4363704946309408,0.25778441163384225,2
1790798400000,2669.62,2674.84,0.003357210150887635,2.0,0.0025,trending,0.3010843099072141,0.4783372243824345,0.22057846571035136,2
1790799300000,2674.84,2680.02,0.0014813322288638187,1.0,0.0025,low_liquidity,0.31350522381859036,0.4567129261386661,0.22978185004274354,2
1790800200000,2680.02,2680.57,0.0010781289054193621,1.0,0.0025,trending,0.25514052825004174,0.5403080729879113,0.20455139876204698,2
1790801100000,2680.56,2682.52,0.0006672830025498122,1.0,0.0025,low_liquidity,0.26089194456634046,0.550348575427853,0.1887594800058065,2
1790802000000,2682.51,2683.82,-0.00044712387566980816,1.0,0.0025,ranging,0.2359541990010514,0.5805132428197193,0.1835325581792294,2
1790802900000,2683.82,2683.99,0.0018405433701318419,1.0,0.0025,low_liquidity,0.26044337015519675,0.5559205892552348,0.18363604058956853,2
1790803800000,2683.99,2683.46,0.002936507344994954,2.0,0.0025,low_liquidity,0.2513337457375098,0.5506295414753097,0.19803671278718044,2
1790804700000,2683.46,2684.31,0.0010021197253671232,1.0,0.0025,low_liquidity,0.25529286060127565,0.533572369052681,0.21113477034604325,2
1790805600000,2684.31,2682.62,0.0020688729674722683,1.0,0.0025,ranging,0.2662027603023216,0.5125723926396566,0.22122484705802187,2
1790806500000,2682.62,2688.93,0.00010413063932501743,1.0,0.0025,ranging,0.2771299620652945,0.5086152240704477,0.21425481386425785,2
1790807400000,2688.93,2691.34,-0.0006650961974332681,1.0,0.0025,ranging,0.262643476081068,0.5379490330297231,0.19940749088920898,2
1790808300000,2691.36,2687.0,-0.00036844064011898325,1.0,0.0025,ranging,0.21607069298591935,0.5457465046481198,0.2381828023659609,2
1790809200000,2687.0,2688.17,-0.0021836416595676367,1.0,0.0025,ranging,0.24075625643624501,0.5012399057503593,0.25800383781339575,2
1790810100000,2688.16,2689.21,-0.002487719441769176,1.0,0.0025,ranging,0.2381017761839932,0.4991947905656144,0.2627034332503925,2
1790811000000,2689.2,2689.55,-0.0006766931271030563,1.0,0.0025,ranging,0.21934211091346842,0.5319496452072551,0.24870824387927656,2
1790811900000,2689.54,2686.01,-0.00039091440463745464,1.0,0.0025,ranging,0.22807401805559493,0.47337846527232746,0.2985475166720776,2
1790812800000,2686.01,2682.3,0.002087760504045022,1.0,0.0025,ranging,0.2015591358572379,0.5491371397485801,0.24930372439418194,2
1790813700000,2682.3,2682.52,0.0031649344646080824,2.0,0.0025,ranging,0.20862107519378245,0.531218588876469,0.2601603359297486,2
1790814600000,2682.51,2687.73,0.0012166400642921182,1.0,0.0025,ranging,0.23729972931988844,0.5043692215012141,0.25833104917889743,2
1790815500000,2687.73,2684.96,0.0018808473869258435,1.0,0.0025,ranging,0.21166140299982192,0.5444595246165775,0.2438790723836005,2
1790816400000,2684.95,2687.9,0.001175638974664217,1.0,0.0025,ranging,0.19387499398792762,0.574196843730373,0.23192816228169924,2
1790817300000,2687.9,2691.01,-0.0006949063734436045,1.0,0.0025,ranging,0.2042634213528234,0.5751347168626061,0.22060186178457056,2
1790818200000,2691.02,2691.0,-0.001843180973615799,1.0,0.0025,ranging,0.2405646766882938,0.5648231893468751,0.19461213396483115,2
1790819100000,2691.0,2690.01,-0.0011115200315241491,1.0,0.0025,ranging,0.22700350888361756,0.557728798442721,0.21526769267366136,2
1790820000000,2690.0,2691.06,-0.001062778236085471,1.0,0.0025,ranging,0.22687651802132447,0.5560582588418643,0.2170652231368112,2
1790820900000,2691.07,2689.14,-0.0005243311988218924,1.0,0.0025,ranging,0.2412507787270208,0.5240039014129527,0.23474531986002647,2
1790821800000,2689.14,2686.04,0.002405027475391286,1.0,0.0025,ranging,0.22897498466880045,0.5337198432427263,0.23730517208847338,2
1790822700000,2686.04,2687.02,0.003368043408683352,2.0,0.0025,ranging,0.1995888822665281,0.5324262140811281,0.26798490365234384,2
1790823600000,2687.02,2688.2,0.004296555315824735,2.0,0.0025,ranging,0.22111026060774286,0.49889856906837377,0.2799911703238834,2
1790824500000,2688.19,2687.73,0.003672243863780844,2.0,0.0025,ranging,0.22848407855310968,0.5341417742017623,0.23737414724512804,2
1790825400000,2687.73,2692.5,0.002447539461467141,1.0,0.0025,ranging,0.2270565438107432,0.55175792335521,0.22118553283404677,3
1790826300000,2692.51,2696.07,0.0042654678847360294,2.0,0.0025,ranging,0.3448608882753212,0.42563555732908853,0.22950355439559028,3
1790827200000,2696.08,2699.75,0.005033799425872898,2.0,0.0025,ranging,0.3029203535415998,0.479383633116561,0.2176960133418391,3
1790828100000,2699.6,2697.6,0.006261120996441161,2.0,0.0025,ranging,0.2657029824850827,0.5044611512845516,0.22983586623036573,3
1790829000000,2697.6,2699.09,0.0057500861401436065,2.0,0.0025,ranging,0.2831997362512463,0.46761253932148933,0.24918772442726433,3
1790829900000,2699.08,2707.57,0.003837389245707312,2.0,0.0025,ranging,0.31900069304132916,0.4244092373471079,0.256590069611563,3
1790830800000,2707.57,2713.34,0.0028673148223221645,2.0,0.0025,ranging,0.32074519827220493,0.45426349197387195,0.22499130975392317,3
1790831700000,2713.34,2714.49,0.0026487480152810328,2.0,0.0025,ranging,0.28716967011178324,0.49668257080428485,0.21614775908393197,3
1790832600000,2714.49,2714.61,-2.9470163301570373e-05,1.0,0.0025,ranging,0.29048469844400354,0.46720105510052773,0.24231424645546873,3
1790833500000,2714.61,2717.96,-0.0010117882529544486,1.0,0.0025,trending,0.3018268764059586,0.4787372945831759,0.21943582901086559,3
1790834400000,2717.96,2721.12,-0.003270712059740166,0.0,0.0025,trending,0.3277540207734517,0.45681363862828206,0.2154323405982662,3
1790835300000,2721.13,2721.68,-0.014358778401575512,0.0,0.0025,trending,0.38253178506400676,0.4101037738421491,0.20736444109384405,3
1790836200000,2721.68,2714.53,-0.011921032370244666,0.0,0.0025,trending,0.374704417019775,0.3460462956236267,0.27924928735659826,3
1790837100000,2714.54,2715.21,-0.013895794432106534,0.0,0.0025,trending,0.2851767432549238,0.429778516105588,0.2850447406394882,3
1790838000000,2715.21,2712.22,-0.012801321426727852,0.0,0.0025,trending,0.31578054134489925,0.3599610981864431,0.3242583604686577,3
1790838900000,2712.22,2682.6,-0.0007194512786102836,1.0,0.0025,trending,0.2966209255522661,0.30090590220099594,0.40247317224673795,3
1790839800000,2682.59,2682.17,0.00040638736545406395,1.0,0.0025,trending,0.29722729608310094,0.34604806989643927,0.35672463402045984,3
1790840700000,2682.17,2677.48,0.003626544362609563,2.0,0.0025,trending,0.21909165261566713,0.3483354751874402,0.43257287219689267,3
1790841600000,2677.47,2677.5,0.00466853408029877,2.0,0.0025,trending,0.24159099134457274,0.3409770283201376,0.41743198033528967,3
1790842500000,2677.51,2680.67,0.0050062111337838555,2.0,0.0025,trending,0.2446736179764358,0.33804965754245697,0.41727672448110725,3
1790843400000,2680.66,2683.26,0.004863486952438434,2.0,0.0025,trending,0.24382100842263485,0.3672080668693683,0.38897092470799677,3
1790844300000,2683.26,2687.19,0.0014848224353321005,1.0,0.0025,trending,0.23799041504782295,0.38586293230411073,0.3761466526480663,3
1790845200000,2687.19,2690.0,-0.0012453531598513035,1.0,0.0025,trending,0.2463105998547102,0.3934863565669494,0.3602030435783403,3
1790846100000,2690.01,2694.09,-0.002241944404232976,1.0,0.0025,trending,0.24793505775933256,0.40781195715676194,0.3442529850839055,3
1790847000000,2694.09,2696.31,-0.00025961406514818375,1.0,0.0025,trending,0.28215853073249797,0.4015402511264362,0.31630121814106577,3
1790847900000,2696.31,2691.18,0.003990814438276313,2.0,0.0025,ranging,0.23760405560902084,0.3999855238435727,0.3624104205474065,3
1790848800000,2691.18,2686.65,0.0040868739880519644,2.0,0.0025,ranging,0.24032289302996176,0.347243837686488,0.4124332692835503,3
1790849700000,2686.65,2688.05,0.0038503748070162214,2.0,0.0025,ranging,0.2576964517550609,0.3652879417755969,0.3770156064693422,3
1790850600000,2688.06,2695.61,0.0032571477327951737,2.0,0.0025,ranging,0.2811719760846123,0.36994376270083956,0.34888426121454813,3
1790851500000,2695.61,2701.92,0.0017172973293064775,1.0,0.0025,ranging,0.26787375750329145,0.4091996515657383,0.3229265909309702,3
1790852400000,2701.92,2697.63,0.003662474097633872,2.0,0.0025,ranging,0.2523972415640776,0.4339260847697111,0.3136766736662113,3
1790853300000,2697.63,2698.4,0.002783130744144602,2.0,0.0025,ranging,0.22932458188640453,0.4774343940910625,0.293241024022533,3
1790854200000,2698.41,2704.39,-0.0001442099697158694,1.0,0.0025,ranging,0.2620899620797549,0.42179110552454174,0.31611893239570327,3
1790855100000,2704.39,2706.56,-0.0051024178292740086,0.0,0.0025,ranging,0.32818740668775737,0.4062441196892002,0.2655684736230425,3
1790856000000,2706.56,2707.51,-0.007833766080273086,0.0,0.0025,ranging,0.30508300587489984,0.4245168585546879,0.27040013557041226,3
1790856900000,2707.51,2705.91,-0.007964049062976875,0.0,0.0025,ranging,0.3082945074564959,0.4084624614544016,0.28324303108910254,3
1790857800000,2705.91,2704.0,-0.002067307692307785,1.0,0.0025,ranging,0.33093177492587805,0.3697261782805964,0.2993420467935255,3
1790858700000,2704.0,2692.75,0.001827128400334166,1.0,0.0025,ranging,0.3420961691966571,0.3325204694222383,0.3253833613811046,3
1790859600000,2692.75,2686.3,0.001027435506086416,1.0,0.0025,ranging,0.32043752222728095,0.35408392073010564,0.32547855704261336,3
1790860500000,2686.31,2684.36,0.005144615476314618,2.0,0.0025,ranging,0.3146879432370674,0.3713525503198628,0.31395950644306986,3
1790861400000,2684.35,2698.41,-0.0018603548015312388,1.0,0.0025,ranging,0.39602944203931206,0.31093567836875985,0.2930348795919281,3
1790862300000,2698.42,2697.67,-0.002783883870154713,0.0,0.0025,ranging,0.2965676038883381,0.37948282089271973,0.32394957521894213,3
1790863200000,2697.66,2689.06,0.00021196998207551054,1.0,0.0025,ranging,0.2799902835109151,0.3718503584045266,0.34815935808455833,3
1790864100000,2689.05,2698.17,-0.003958238361556288,0.0,0.0025,ranging,0.3012956321721179,0.3552445372261021,0.34345983060178004,3
1790865000000,2698.17,2693.39,-0.005988735385517696,0.0,0.0025,ranging,0.286389265896478,0.3584732106624697,0.3551375234410523,3
1790865900000,2693.39,2690.16,-0.0027767865108394574,0.0,0.0025,ranging,0.2740448283919341,0.35996551385172804,0.36598965775633785,3
1790866800000,2690.17,2689.63,-0.0010224454664767846,1.0,0.0025,ranging,0.2647595439413849,0.34450696541796627,0.3907334906406489,3
1790867700000,2689.64,2687.49,-0.0006511652136379498,1.0,0.0025,ranging,0.26992349271678073,0.34132965276859406,0.38874685451462526,3
1790868600000,2687.49,2677.26,0.0024054443722312246,1.0,0.0025,ranging,0.22471501091872298,0.36865359505965756,0.40663139402161946,3
1790869500000,2677.26,2682.69,-0.0009020796290291067,1.0,0.0025,ranging,0.22226519238468312,0.31668801806683866,0.4610467895484783,3
1790870400000,2682.68,2686.88,0.001533377002322256,1.0,0.0025,ranging,0.2304423079452604,0.3424619728462771,0.42709571920846245,3
1790871300000,2686.89,2685.74,0.007725989857543913,2.0,0.0025,ranging,0.24570997268042216,0.37333352199061903,0.38095650532895886,3
1790872200000,2685.74,2683.7,0.009233520885344904,2.0,0.0025,ranging,0.23996071440310468,0.3529124551992473,0.4071268303976481,3
1790873100000,2683.71,2680.27,0.007752950262473579,2.0,0.0025,ranging,0.2225621245870064,0.36740293901153953,0.41003493640145405,3
1790874000000,2680.26,2691.0,0.0035600148643626373,2.0,0.0025,ranging,0.2685920144168556,0.3709801056398896,0.3604278799432547,3
1790874900000,2691.01,2706.49,-0.0021725555978405753,1.0,0.0025316106831149298,high_volatility,0.2791927554757862,0.344619811397428,0.3761874331267858,3
1790875800000,2706.49,2708.48,-0.000793803166351692,1.0,0.0025495356111880484,high_volatility,0.2878459237802175,0.3609031781935614,0.3512508980262212,3
1790876700000,2708.48,2701.05,-0.0002480516836045332,1.0,0.0025537095562963037,high_volatility,0.23237793960933933,0.4203703302250564,0.3472517301656043,3
1790877600000,2701.05,2700.58,0.0007183642032453363,1.0,0.0025431061782877217,high_volatility,0.2272740294109437,0.3884690265207097,0.38425694406834665,3
1790878500000,2700.58,2700.61,-0.0024957324456327257,1.0,0.0025,ranging,0.24723312453541274,0.4326894787642246,0.32007739670036256,3
1790879400000,2700.61,2706.33,-0.003114919466583821,0.0,0.0025099745826814915,high_volatility,0.2681181734573081,0.4046264497687738,0.327255376773918,3
1790880300000,2706.34,2700.38,0.00011850184048167733,1.0,0.0025,high_volatility,0.25694524147114883,0.42032773905733944,0.32272701947151167,3
1790881200000,2700.37,2702.52,-0.0004107277651970165,1.0,0.0025,low_liquidity,0.297555504814589,0.37689372769122076,0.3255507674941903,3
1790882100000,2702.52,2693.87,0.0026059163953717768,2.0,0.0025,ranging,0.2437420094285615,0.42384493974408327,0.33241305082735517,3
1790883000000,2693.87,2697.9,2.2239519626321425e-05,1.0,0.0025,low_liquidity,0.2875328950300543,0.39130216660953515,0.32116493836041055,3
1790883900000,2697.9,2700.7,-0.0006961158218238284,1.0,0.0025,ranging,0.30839208436164545,0.3973865808874354,0.2942213347509191,3
1790884800000,2700.7,2701.41,-0.00200265787125975,1.0,0.0025,ranging,0.28967623956617206,0.4081711049675827,0.30215265546624537,3
1790885700000,2701.4,2700.89,-0.0027398376090844723,0.0,0.0025,low_liquidity,0.2801589469479822,0.4188217237851677,0.30101932926685027,3
1790886600000,2700.88,2697.96,-0.0029503773221248863,0.0,0.0025,low_liquidity,0.28251109304636407,0.4154715778049475,0.3020173291486884,3
1790887500000,2697.96,2698.82,-0.0019897584870426366,1.0,0.0025,low_liquidity,0.2670220187813524,0.4564899601857707,0.27648802103287673,3
1790888400000,2698.82,2696.0,0.0015170623145401851,1.0,0.0025,low_liquidity,0.2569414913101309,0.458044424921641,0.285014083768228,3
1790889300000,2695.99,2693.49,0.0024317892399823293,1.0,0.0025,ranging,0.27804126006499474,0.39298179771673863,0.3289769422182667,3
1790890200000,2693.49,2690.0,0.00423048327137554,2.0,0.0025,ranging,0.25425068758236014,0.36717803368446944,0.37857127873317054,3
1790891100000,2690.01,2693.45,0.003631030834060578,2.0,0.0025,ranging,0.2969074359077119,0.37737912505222554,0.3257134390400625,3
1790892000000,2693.44,2700.09,-0.0001333288890370543,1.0,0.0025,ranging,0.3212019147747229,0.3609839947286621,0.3178140904966151,3
1790892900000,2700.08,2700.04,0.001281462496852015,1.0,0.0025,ranging,0.2647781701913593,0.4392333111637651,0.29598851864487563,3
1790893800000,2700.04,2701.38,0.0014400047383189563,1.0,0.0025,ranging,0.2760619463893156,0.4364154716153824,0.287522581995302,3
1790894700000,2701.38,2703.23,0.0011800697683881367,1.0,0.0025,ranging,0.29186241833405663,0.43364041570261985,0.2744971659633235,3
1790895600000,2703.23,2699.73,0.0023298626158911873,1.0,0.0025,low_liquidity,0.29383496373520596,0.4351838565966218,0.27098117966817226,3
1790896500000,2699.73,2703.5,0.0009173293878306232,1.0,0.0025,low_liquidity,0.3219525464297536,0.41967063378687847,0.25837681978336796,3
1790897400000,2703.5,2705.27,0.000140466570804465,1.0,0.0025,ranging,0.29485190228042046,0.459901328105815,0.2452467696137646,3
1790898300000,2705.26,2706.42,0.0007242039299149017,1.0,0.0025,ranging,0.23062174972371913,0.5434220004743024,0.22595624980197843,3
1790899200000,2706.43,2706.02,-0.0009275615110012625,1.0,0.0025,ranging,0.23211046535280902,0.5378273701188921,0.23006216452829886,3
1790900100000,2706.01,2705.98,-0.0017147207296431821,1.0,0.0025,ranging,0.20299543558764305,0.5974841711411414,0.1995203932712156,3
1790901000000,2705.97,2705.65,-0.001836896863969928,1.0,0.0025,ranging,0.27978223851655754,0.5335532400262262,0.1866645214572163,3
1790901900000,2705.65,2708.38,0.0028245667151580722,2.0,0.0025,ranging,0.2679533356616493,0.5516497509605938,0.18039691337775696,3
1790902800000,2708.37,2703.51,0.005877544377494326,2.0,0.0025,ranging,0.20267351778214646,0.5846299423805057,0.21269653983734788,3
1790903700000,2703.51,2701.34,0.003768500077739212,2.0,0.0025,ranging,0.1942383724248643,0.5671565933669437,0.23860503420819193,3
1790904600000,2701.34,2700.68,0.004398892130870857,2.0,0.0025,low_liquidity,0.1633415127019809,0.6294022763005099,0.20725621099750915,3
1790905500000,2700.69,2716.03,0.0018446040728563595,1.0,0.0025,ranging,0.3095665450227966,0.4163350989772299,0.27409835599997345,3
1790906400000,2716.03,2719.4,-0.00043391924689284433,1.0,0.0025,ranging,0.3268112678987974,0.4185938450301413,0.25459488707106126,3
1790907300000,2719.41,2711.52,0.001353484392517812,1.0,0.0025,ranging,0.26276784264953446,0.4550813879293286,0.282150769421137,3
1790908200000,2711.51,2712.56,0.0023372754888371094,1.0,0.0025,ranging,0.23047944010118285,0.4961140266971971,0.27340653320162,3
1790909100000,2712.56,2721.04,-0.0005108340928468014,1.0,0.0025,ranging,0.28772094397505205,0.42898836324137773,0.2832906927835702,3
1790910000000,2721.05,2718.22,-0.0012655340627321099,1.0,0.0025,ranging,0.29190052853163334,0.3887572978537624,0.3193421736146043,3
1790910900000,2718.22,2715.19,0.01101580368224675,2.0,0.0025,ranging,0.22283840262038773,0.4108520944229123,0.3663095029566999,3
1790911800000,2715.19,2718.9,0.007984846813049451,2.0,0.0025,ranging,0.23130447448978653,0.41264957592266477,0.3560459495875487,3
1790912700000,2718.9,2719.65,0.008497416947033765,2.0,0.0025,ranging,0.3312653267439913,0.3857856588453857,0.282949014410623,3
1790913600000,2719.65,2714.78,0.0075770412335436355,2.0,0.0025,ranging,0.3656928285136482,0.33835390244658947,0.29595326903976243,3
1790914500000,2714.78,2745.1,-0.006138209901278557,0.0,0.0025,trending,0.4162731746370532,0.27085454543535664,0.3128722799275902,3
1790915400000,2745.11,2740.61,-0.007553063004221761,0.0,0.0025,trending,0.38851921545825047,0.35003595336206056,0.26144483117968903,3
1790916300000,2740.62,2742.76,-0.008061223001648021,0.0,0.0025,trending,0.44461798312105233,0.2999903569084029,0.25539165997054486,3
1790917200000,2742.76,2735.35,-0.003926371396713368,0.0,0.0025,trending,0.35386970208695095,0.28969740580029446,0.35643289211275464,3
1790918100000,2735.34,2728.25,0.0006414368184732844,1.0,0.0025,trending,0.3555540502398156,0.31215362835867916,0.3322923214015052,3
1790919000000,2728.24,2719.91,0.004058957833163568,2.0,0.0025,trending,0.3289553311278793,0.3214252146061625,0.34961945426595825,3
1790919900000,2719.97,2720.65,0.0032234943855329323,2.0,0.0025,trending,0.3694064899269755,0.3314716026595168,0.29912190741350764,3
1790920800000,2720.65,2724.61,0.002459067536271231,1.0,0.0025,trending,0.4132825767490745,0.3253690537604384,0.26134836949048723,3
1790921700000,2724.62,2730.0,-0.0010000000000000009,1.0,0.0025,trending,0.4130564564448517,0.3435668976256622,0.243376645929486,3
1790922600000,2729.99,2730.95,-0.0017832622347534466,1.0,0.0025,trending,0.4069136700740018,0.35269864590423633,0.24038768402176186,3
1790923500000,2730.95,2729.42,0.0028833964725105687,2.0,0.0025,trending,0.4165622767272868,0.36366180987957947,0.21977591339313382,3
1790924400000,2729.42,2731.31,0.004184805093526478,2.0,0.0025,ranging,0.4301051742062368,0.3482851871476872,0.22160963864607608,3
1790925300000,2731.3,2727.27,0.012250345583678879,2.0,0.0025,ranging,0.38971316263314115,0.37559243918061386,0.2346943981862449,3
1790926200000,2727.27,2726.08,0.012318053762178538,2.0,0.0025,ranging,0.39661623642479693,0.3631761166413275,0.24020764693387556,3
1790927100000,2726.09,2737.29,0.0060095934299981835,2.0,0.0025,ranging,0.4586707290117907,0.2810948308114871,0.2602344401767221,3
1790928000000,2737.29,2742.74,0.0034345216826969782,2.0,0.0025,ranging,0.4817611815975427,0.2915614706915547,0.22667734771090264,3
1790928900000,2742.74,2760.68,-0.005223350768651103,0.0,0.0025,trending,0.49688781297965984,0.2142839539325232,0.288828233087817,3
1790929800000,2760.68,2759.66,-0.004384598102664783,0.0,0.0025,trending,0.5013013517707644,0.2727026092090325,0.22599603902020307,3
1790930700000,2759.66,2753.74,-0.002378583308518478,1.0,0.0025,trending,0.47376518847773263,0.3017906348604613,0.224444176661806,3
1790931600000,2753.73,2752.16,-0.0031320853438753238,0.0,0.0025,trending,0.47131824690211815,0.2713593410050186,0.25732241209286333,3
1790932500000,2752.16,2746.26,-0.00038597947754415163,1.0,0.0025,trending,0.3828458462126522,0.28366720715015875,0.33348694663718914,3
1790933400000,2746.25,2747.56,0.0007206394036891606,1.0,0.0025,trending,0.40998889664671967,0.2814943669819453,0.30851673637133503,3
1790934300000,2747.56,2747.19,-0.001350470844754148,1.0,0.0025,trending,0.44594924435919064,0.2920409955184895,0.26200976012231975,3
1790935200000,2747.19,2743.54,0.002176020761498032,1.0,0.0025,trending,0.43853183011369823,0.3009746503208338,0.26049351956546796,3
1790936100000,2743.53,2745.2,0.00044441206469492123,1.0,0.0025,trending,0.4848426316065114,0.28329918220252925,0.2318581861909592,3
1790937000000,2745.19,2749.54,-0.00044007361231335196,1.0,0.0025,trending,0.4691735726654568,0.29881117299437354,0.2320152543401697,3
1790937900000,2749.55,2743.48,0.0011481767681922328,1.0,0.0025,trending,0.4443755681508508,0.3083518457045626,0.24727258614458666,3
1790938800000,2743.49,2749.51,-0.0015857370949733385,1.0,0.0025,trending,0.45074901118779903,0.29798946221154365,0.25126152660065737,3
1790939700000,2749.51,2746.42,0.0011979231144545466,1.0,0.0025,trending,0.44209853941893984,0.3188001819614839,0.23910127861957617,3
1790940600000,2746.42,2748.33,-0.0024305669260968887,1.0,0.0025,trending,0.46880633385111714,0.293320307466781,0.23787335868210185,3
1790941500000,2748.32,2746.63,0.0031129056334489036,2.0,0.0025,trending,0.40755479716787696,0.3491141490151459,0.2433310538169771,3
1790942400000,2746.63,2745.15,0.001675682567437109,1.0,0.0025,trending,0.438903827280119,0.3159401806333692,0.24515599208651162,3
1790943300000,2745.15,2749.71,0.00010546566728852902,1.0,0.0025,trending,0.4471962959814729,0.31862777928185976,0.23417592473666732,3
1790944200000,2749.71,2741.65,0.007433479838783175,2.0,0.0025,trending,0.42605390202695936,0.29827399051884057,0.2756721074542,3
1790945100000,2741.65,2755.18,-0.003865446177745091,0.0,0.0025,trending,0.42856720722078734,0.2839185508494521,0.28751424192976055,3
1790946000000,2755.19,2749.75,-0.005444131284662146,0.0,0.0025,trending,0.42227308699996763,0.303508113190597,0.27421879980943537,3
1790946900000,2749.76,2750.0,-0.007570909090909184,0.0,0.0025,trending,0.3821691614460897,0.32884181210770974,0.28898902644620045,3
1790947800000,2750.01,2762.03,-0.013001307009699481,0.0,0.0025,trending,0.4161481306733976,0.29559286488052633,0.2882590044460761,3
1790948700000,2762.03,2744.53,-0.012665192218704213,0.0,0.0025210668528584355,high_volatility,0.3796340835323727,0.3027691282133576,0.3175967882542696,3
1790949600000,2744.53,2734.78,-0.010260423141898234,0.0,0.0026285965788259385,high_volatility,0.33360922180406355,0.3190337010225494,0.34735707717338693,3
1790950500000,2734.78,2729.18,-0.00977216599857822,0.0,0.002679199130820584,high_volatility,0.3089671206748005,0.34846114496316777,0.34257173436203175,3
1790951400000,2729.18,2726.12,-0.010861590832391688,0.0,0.002647043545145478,high_volatility,0.34094560801582974,0.33380012775033757,0.32525426423383264,3
1790952300000,2726.12,2709.77,-0.004579724478461222,0.0,0.002972894867218457,high_volatility,0.29456774350180404,0.36410745466525024,0.3413248018329457,3
1790953200000,2709.77,2706.72,-0.004403854111248884,0.0,0.0029794679595454765,high_volatility,0.28805513854779874,0.4063315174032377,0.3056133440489635,3
1790954100000,2706.72,2702.51,-0.0036558606628652734,0.0,0.0029823495221900083,high_volatility,0.24210691445470162,0.4477824281413888,0.31011065740390964,3
1790955000000,2702.51,2696.51,-0.0013721439935324709,1.0,0.0029555606080711285,high_volatility,0.2489577511933257,0.43795523671962333,0.3130870120870511,3
1790955900000,2696.51,2697.36,-0.0026989352552125867,1.0,0.0028749826168260927,high_volatility,0.21538075185610092,0.4138285912638009,0.37079065688009816,3
1790956800000,2697.36,2694.8,-0.00544381772302216,0.0,0.0028693680009962692,high_volatility,0.2002644374147621,0.3673941581510457,0.4323414044341923,3
1790957700000,2694.79,2692.63,-0.0035615736287570865,0.0,0.0028324099369151493,high_volatility,0.21816813485400202,0.3539938683381626,0.42783799680783535,3
1790958600000,2692.63,2692.81,-0.004211214307730637,0.0,0.002751671928199962,high_volatility,0.21813498982987356,0.3653647156123588,0.4165002945577676,3
1790959500000,2692.81,2690.08,-0.0020780051150895984,1.0,0.002686921841535512,high_volatility,0.20187021489800183,0.3638115926629424,0.4343181924390558,3
1790960400000,2690.08,2680.13,0.002664049878177588,1.0,0.002715338733494596,high_volatility,0.1943500771432759,0.34891705416115315,0.45673286869557095,3
1790961300000,2680.14,2683.04,-0.0012262210030412612,1.0,0.002663849066661363,high_volatility,0.20872385626770865,0.3491870893964669,0.4420890543358244,3
1790962200000,2683.04,2681.47,-0.008901833695696748,0.0,0.002631972569352856,high_volatility,0.20379451222937214,0.35233458413781976,0.4438709036328082,3
1790963100000,2681.48,2684.49,-0.007267674679361735,0.0,0.0025307872075742486,trending,0.2397825305902618,0.37905335408544705,0.381164115324291,3
1790964000000,2684.48,2687.27,-0.008465840797537982,0.0,0.0025,trending,0.2675063333965748,0.37337109534542395,0.35912257125800123,3
1790964900000,2687.27,2679.75,-0.005284075006996902,0.0,0.0025,trending,0.24696311482989045,0.32927221692806796,0.42376466824204156,3
1790965800000,2679.76,2657.6,0.0032623419626731653,2.0,0.00274143899659374,high_volatility,0.18298425052144682,0.2516322408435643,0.565383508634989,3
1790966700000,2657.6,2664.98,0.0011482262531050669,1.0,0.0027723989246104712,high_volatility,0.18223847352149786,0.34163925603112827,0.4761222704473738,3
1790967600000,2664.98,2664.52,0.0013923708585410477,1.0,0.0027126579732240567,high_volatility,0.18900611850691268,0.36351447977786505,0.44747940171522227,3
1790968500000,2664.53,2665.59,0.000420169643493562,1.0,0.002707926588661814,high_volatility,0.23665169534229769,0.33373118372763755,0.42961712093006477,3
1790969400000,2665.59,2666.27,-0.0016427443582233137,1.0,0.002578800198166716,high_volatility,0.20089062143754507,0.34097035313059787,0.4581390254318571,3
1790970300000,2666.28,2668.04,-0.0023612839387715523,1.0,0.0025,trending,0.16577757481661987,0.425789119019484,0.408433306163896,3
1790971200000,2668.04,2668.23,-0.0019376140737492609,1.0,0.0025,trending,0.16872424076596387,0.47554183003345285,0.3557339292005832,3
1790972100000,2668.22,2666.71,-0.0027862047241731247,0.0,0.0025,low_liquidity,0.15418185874304421,0.45837975745427484,0.3874383838026808,3
1790973000000,2666.71,2661.89,0.00027799796385274966,1.0,0.0025,trending,0.13270757054461488,0.41880810514937056,0.4484843243060146,3
1790973900000,2661.89,2661.74,0.0013938250918572592,1.0,0.0025,trending,0.13968711540023004,0.4488978982398437,0.4114149863599263,3
1790974800000,2661.73,2663.06,-0.0002966512207760452,1.0,0.0025,low_liquidity,0.14067559107366961,0.4505907680354805,0.4087336408908499,3
1790975700000,2663.06,2659.28,0.0023013748082187924,1.0,0.0025,trending,0.1443123133853081,0.4224454575684012,0.4332422290462906,3
1790976600000,2659.27,2662.63,0.0013295125496219917,1.0,0.0025,trending,0.15672740221564155,0.4260153114418315,0.41725728634252707,3
1790977500000,2662.63,2665.45,0.0009604381999288591,1.0,0.0025,trending,0.17347057281976633,0.4816094092041118,0.3449200179761217,3
1790978400000,2665.45,2662.27,0.0014311095418571007,1.0,0.0025,trending,0.1686163426309307,0.48836527460172025,0.34301838276734903,3
1790979300000,2662.26,2665.4,0.001223080963457468,1.0,0.0025,trending,0.16942402390826927,0.4981588048867753,0.3324171712049555,3
1790980200000,2665.41,2666.17,0.0011814700487966512,1.0,0.0025,trending,0.168093321424789,0.4950990539312096,0.33680762464400155,3
1790981100000,2666.17,2668.01,0.00021739048954083628,1.0,0.0025,trending,0.18380626399807673,0.4928381982461356,0.32335553775578746,3
1790982000000,2668.0,2666.08,0.0010577327011942472,1.0,0.0025,trending,0.17915641385580125,0.4796546409411173,0.3411889452030815,3
1790982900000,2666.08,2668.66,0.0016300315514155006,1.0,0.0025,trending,0.18835741284191196,0.4739702066153696,0.3376723805427185,3
1790983800000,2668.66,2669.32,0.0021690917537049437,1.0,0.0025,trending,0.16460347617141294,0.591747785826491,0.24364873800209594,3
1790984700000,2669.32,2668.59,0.0030577945656693473,2.0,0.0025,low_liquidity,0.20481279881905012,0.5735839256743385,0.22160327550661152,3
1790985600000,2668.59,2668.9,0.004159016823410466,2.0,0.0025,trending,0.23107226663819627,0.5358048449706768,0.23312288839112685,3
1790986500000,2668.9,2673.01,0.00230825922836031,1.0,0.0025,trending,0.25551149917631366,0.5214134147981975,0.22307508602548895,3
1790987400000,2673.01,2675.11,0.0019961795963530093,1.0,0.0025,trending,0.28939780589214265,0.5036365650197975,0.20696562908805993,3
1790988300000,2675.11,2676.75,0.0011244979919680098,1.0,0.0025,trending,0.2781570586775244,0.4912099626738503,0.23063297864862534,3
1790989200000,2676.82,2680.0,-0.0006343283582088688,1.0,0.0025,trending,0.29331781283704295,0.47614152538825094,0.230540661774706,3
1790990100000,2680.0,2679.18,0.00012690450063090886,1.0,0.0025,trending,0.27624528587932917,0.4555363063056758,0.2682184078149949,3
1790991000000,2679.18,2680.45,0.0009587942323117105,1.0,0.0025,trending,0.23659960631044186,0.5198761397805418,0.24352425390901622,3
1790991900000,2680.44,2679.76,-0.0009776994954773244,1.0,0.0025,low_liquidity,0.23172680573953508,0.5508161993379685,0.21745699492249643,3
1790992800000,2679.76,2678.3,-0.0003883060150094986,1.0,0.0025,trending,0.2193344741320372,0.5665114843247462,0.21415404154321657,3
1790993700000,2678.31,2679.52,0.0005672657789455027,1.0,0.0025,low_liquidity,0.23283120763593174,0.5499654500754926,0.21720334228857577,3
1790994600000,2679.53,2683.02,-0.0006969757959314204,1.0,0.0025,ranging,0.2612541111233911,0.5272201088650187,0.21152578001159023,3
1790995500000,2683.03,2677.14,0.0018303114517732588,1.0,0.0025,ranging,0.2245603926888257,0.529431602353664,0.24600800495751024,3
1790996400000,2677.15,2677.26,0.0013073067240387815,1.0,0.0025,ranging,0.20178903043815802,0.5737517652191582,0.22445920434268388,3
1790997300000,2677.26,2681.04,-0.002513949810521221,0.0,0.0025,ranging,0.22812043581862532,0.5609383949446091,0.21094116923676562,3
1790998200000,2681.05,2681.15,-0.0024765492419297486,1.0,0.0025,ranging,0.2473908615168893,0.5586634840417305,0.19394565444138015,3
1790999100000,2681.16,2682.04,-0.0022482886161279136,1.0,0.0025,low_liquidity,0.25355409073568774,0.5581139784593129,0.18833193080499933,3
1791000000000,2682.04,2680.76,-0.0020516569927930828,1.0,0.0025,ranging,0.27872964105746983,0.5218919202737148,0.19937843866881533,3
1791000900000,2680.76,2674.3,0.001043263657779514,1.0,0.0025,ranging,0.25864118521501267,0.4721420315956722,0.269216783189315,3
1791001800000,2674.29,2674.51,0.0008749266220726692,1.0,0.0025,ranging,0.2513786330537334,0.5178521686142311,0.23076919833203532,3
1791002700000,2674.51,2676.01,0.0006464848786065236,1.0,0.0025,ranging,0.2551283362166187,0.5445737223880323,0.20029794139534907,3
1791003600000,2676.02,2675.26,0.0002691327198103277,1.0,0.0025,ranging,0.2565186637051978,0.543631681487915,0.19984965480688724,3
1791004500000,2675.27,2677.09,0.00019424076142371405,1.0,0.0025,ranging,0.3082011276870156,0.4932201859297917,0.1985786863831926,3
1791005400000,2677.09,2676.85,0.0006201318714160742,1.0,0.0025,ranging,0.27725715375190463,0.5230137002742982,0.1997291459737973,3
1791006300000,2676.85,2677.74,0.0008776057421557848,1.0,0.0025,low_liquidity,0.24654002742157308,0.5866987612416167,0.16676121133681016,3
1791007200000,2677.74,2675.98,0.0018722113020275266,1.0,0.0025,ranging,0.24933901156621072,0.5715837425550073,0.17907724587878188,3
1791008100000,2675.98,2677.61,0.0011017287805168419,1.0,0.0025,ranging,0.25822536535077,0.5630161646171088,0.1787584700321211,3
1791009000000,2677.6,2678.51,0.0006346812220225928,1.0,0.0025,ranging,0.25675395072371615,0.5724921286972252,0.17075392057905875,3
1791009900000,2678.5,2680.09,0.0005298329533709456,1.0,0.0025,ranging,0.27684433345917264,0.5468111997955531,0.17634446674527418,3
1791010800000,2680.1,2680.99,0.0008653519781871566,1.0,0.0025,ranging,0.24478993849063008,0.5952913308216085,0.15991873068776147,3
1791011700000,2680.99,2680.56,-0.0002201032620050558,1.0,0.0025,ranging,0.26065335180209964,0.5791161690984634,0.160230479099437,3
1791012600000,2680.56,2680.21,0.000820831203524941,1.0,0.0025,ranging,0.27112933790126353,0.5689671382789162,0.15990352381982012,3
1791013500000,2680.21,2681.51,0.0005593863159190082,1.0,0.0025,ranging,0.27000647932812244,0.5740981042093732,0.1558954164625043,3
1791014400000,2681.51,2683.31,0.0008608770511047137,1.0,0.0025,ranging,0.2851380391649468,0.5649119688574978,0.14994999197755546,3
1791015300000,2683.3,2679.97,0.00176494512998282,1.0,0.0025,ranging,0.27195158760021104,0.566016777651555,0.16203163474823404,3
1791016200000,2679.97,2682.41,-0.00010065575359474721,1.0,0.0025,low_liquidity,0.24498161441257954,0.5996655780333155,0.15535280755410485,3
1791017100000,2682.41,2683.01,-0.0008497918382712744,1.0,0.0025,ranging,0.2702537762990812,0.5763021511104399,0.15344407259047887,3
1791018000000,2683.01,2685.62,-0.0012138724019034042,1.0,0.0025,ranging,0.2910083069720438,0.5632493660384252,0.14574232698953085,3
1791018900000,2685.61,2684.7,-0.0008269080344172064,1.0,0.0025,ranging,0.23820917671201533,0.603504171141823,0.15828665214616167,3
1791019800000,2684.71,2682.14,0.000562983289462915,1.0,0.0025,ranging,0.23255362830296233,0.5917529942531234,0.17569337744391414,3
1791020700000,2682.14,2680.73,0.0010183793220504,1.0,0.0025,ranging,0.22058697182727133,0.6174318715803029,0.16198115659242573,3
1791021600000,2680.72,2682.36,-0.00017894689750819204,1.0,0.0025,ranging,0.2405325155259213,0.6015563134975882,0.1579111709764906,3
1791022500000,2682.35,2682.48,0.0004883540604216918,1.0,0.0025,ranging,0.24980557881879473,0.5952519831275931,0.15494243805361213,3
1791023400000,2682.47,2683.65,0.0006558232258304653,1.0,0.0025,ranging,0.25626216314626366,0.594967671172364,0.14877016568137227,3
1791024300000,2683.65,2683.46,0.00040619200584335324,1.0,0.0025,ranging,0.2223924438204654,0.6045178004066944,0.17308975577284008,3
1791025200000,2683.47,2681.88,0.0006860858800541436,1.0,0.0025,ranging,0.22234267393619372,0.5952367292438038,0.18242059682000253,3
1791026100000,2681.89,2683.79,-0.0002720033981794545,1.0,0.0025,ranging,0.24017630594717312,0.5964572165665569,0.16336647748627003,3
1791027000000,2683.79,2685.41,-0.0015602831597409939,1.0,0.0025,ranging,0.23989514943534287,0.6057078413286212,0.1543970092360359,3
1791027900000,2685.4,2684.55,-0.0007003035890559284,1.0,0.0025,ranging,0.2521828689455077,0.5712417201284421,0.17657541092605022,3
1791028800000,2684.54,2683.72,-0.0009129119282189624,1.0,0.0025,ranging,0.2337350677574922,0.578537655426424,0.18772727681608384,3
1791029700000,2683.72,2683.06,-0.0015728310212964614,1.0,0.0025,ranging,0.21794837707697767,0.5916383262757913,0.1904132966472312,3
1791030600000,2683.07,2681.22,-0.00019021191845491892,1.0,0.0025,ranging,0.21739493458891299,0.5774708913072457,0.20513417410384138,3
1791031500000,2681.22,2682.67,-0.0002534788102898089,1.0,0.0025,low_liquidity,0.20523973175328128,0.6210810531708438,0.173679215075875,3
1791032400000,2682.67,2681.27,-0.0009062869461112788,1.0,0.0025,ranging,0.2117010252238835,0.6022600595266581,0.18603891524945837,3
1791033300000,2681.27,2678.84,0.0008847112929477596,1.0,0.0025,ranging,0.19800456030400687,0.616328491051067,0.1856669486449261,3
1791034200000,2678.83,2680.71,0.00019397846093016646,1.0,0.0025,ranging,0.22296214198575667,0.6106889400078988,0.16634891800634458,3
1791035100000,2680.7,2681.99,0.0005853862244080688,1.0,0.0025,low_liquidity,0.21749401645634933,0.6146724517478132,0.1678335317958376,3
1791036000000,2681.99,2678.84,0.0013326663779844594,1.0,0.0025,ranging,0.20962007811295535,0.6051843047549114,0.18519561713213326,3
1791036900000,2678.84,2681.21,-0.00014545671543808592,1.0,0.0025,ranging,0.2256367246419743,0.6024970001944102,0.17186627516361558,3
1791037800000,2681.22,2681.23,-0.00012307784114007347,1.0,0.0025,ranging,0.2194307846310626,0.6142370175585737,0.1663321978103636,3
1791038700000,2681.24,2683.56,-0.0006968355468108811,1.0,0.0025,ranging,0.24139484135287786,0.578847323363871,0.17975783528325098,3
1791039600000,2683.56,2682.41,-0.0009692776272083314,1.0,0.0025,ranging,0.2407402123264476,0.5716809841065601,0.18757880356699233,3
1791040500000,2682.41,2680.82,-0.0001977007035162126,1.0,0.0025,ranging,0.20174008317070852,0.596711201575933,0.20154871525335838,3
1791041400000,2680.83,2680.9,0.0004215002424559078,1.0,0.0025,ranging,0.22563243336427702,0.5621873070426388,0.21218025959308426,3
1791042300000,2680.9,2681.69,-3.728991792573133e-06,1.0,0.0025,ranging,0.1977023921289454,0.5895524967807667,0.21274511109028796,3
1791043200000,2681.69,2679.81,0.0019590941148812657,1.0,0.0025,ranging,0.22582678254135008,0.5675248600306405,0.2066483574280093,3
1791044100000,2679.82,2680.29,0.001361792940316242,1.0,0.0025,ranging,0.2095816102191825,0.5824063465745773,0.20801204320624003,3
1791045000000,2680.3,2682.03,0.001480222070595616,1.0,0.0025,ranging,0.23544482076854734,0.575989575062398,0.18856560416905468,3
1791045900000,2682.03,2681.68,0.002733361176576077,2.0,0.0025,ranging,0.223879451971234,0.5706605481087043,0.20545999992006178,3
1791046800000,2681.67,2685.06,0.0007336893775187203,1.0,0.0025,ranging,0.2517363138134751,0.5609605739245016,0.1873031122620233,3
1791047700000,2685.07,2683.94,0.0009948061432074606,1.0,0.0025,ranging,0.20358671424010805,0.5679838070827762,0.22842947867711577,3
1791048600000,2683.93,2686.0,-0.00017125837676845723,1.0,0.0025,ranging,0.23650572369483572,0.5476771424829153,0.21581713382224882,3
1791049500000,2685.99,2689.01,-0.0014391913752646035,1.0,0.0025,ranging,0.20867627663820357,0.42916059446692195,0.3621631288948745,3
1791050400000,2689.01,2687.03,-0.0009452815934323233,1.0,0.0025,ranging,0.16856704643793152,0.4759863711884025,0.355446582373666,3
1791051300000,2687.03,2686.61,-0.0018201376455831975,1.0,0.0025,ranging,0.16045556789013096,0.49530800262023916,0.34423642948962985,3
1791052200000,2686.61,2685.54,-0.0010463444968237257,1.0,0.0025,ranging,0.15127160849882273,0.4910737628235301,0.3576546286776472,3
1791053100000,2685.54,2685.14,0.00012289861981118477,1.0,0.0025,ranging,0.1672870430159773,0.5983258316284943,0.23438712535552841,3
1791054000000,2685.15,2684.49,0.0012143833651829805,1.0,0.0025,ranging,0.17206362158303978,0.5868672673756904,0.2410691110412698,3
1791054900000,2684.49,2681.72,0.002379070149008955,1.0,0.0025,ranging,0.16726668527105737,0.5813827167393021,0.2513505979896405,3
1791055800000,2681.73,2682.73,0.0016177550480294123,1.0,0.0025,ranging,0.18493726797273455,0.5608773726386598,0.25418535938860576,3
1791056700000,2682.73,2685.47,0.00047291535559890185,1.0,0.0025,low_liquidity,0.19816354690653168,0.5242229130323477,0.2776135400611206,3
1791057600000,2685.47,2687.75,-0.0003311319877220553,1.0,0.0025,ranging,0.2175676855701515,0.517760691305615,0.2646716231242335,3
1791058500000,2687.75,2688.1,-0.0009188646255718913,1.0,0.0025,ranging,0.21988819259194203,0.5214188352071603,0.25869297220089765,3
1791059400000,2688.09,2687.07,-0.00043541850416994876,1.0,0.0025,low_liquidity,0.17627465085102553,0.5210428427615883,0.30268250638738614,3
1791060300000,2687.07,2686.74,-0.0005806293128475248,1.0,0.0025,ranging,0.18540042537295423,0.5605358464941723,0.25406372813287337,3
1791061200000,2686.74,2686.86,0.0007666942081090422,1.0,0.0025,ranging,0.20360851067227015,0.5302701314628887,0.26612135786484115,3
1791062100000,2686.87,2685.63,0.0008526863343052415,1.0,0.0025,ranging,0.1897158794421646,0.5569883561583715,0.2532957643994639,3
1791063000000,2685.63,2685.9,0.0007930302691836477,1.0,0.0025,ranging,0.21209129780540217,0.5207712218548513,0.26713748033974655,3
1791063900000,2685.91,2685.18,0.0005213803171482123,1.0,0.0025,low_liquidity,0.2142288137724815,0.5351034717351938,0.2506677144923247,3
1791064800000,2685.18,2688.92,-0.0007661068384332559,1.0,0.0025,ranging,0.2610439142234471,0.5122837941649285,0.2266722916116244,3
1791065700000,2688.93,2687.92,3.3483139379120175e-05,1.0,0.0025,ranging,0.23701592747184125,0.4865381847612061,0.2764458877669527,3
1791066600000,2687.92,2688.03,-3.7201965752409194e-06,1.0,0.0025,ranging,0.2377683830094983,0.4847698273002735,0.2774617896902283,3
1791067500000,2688.02,2686.58,0.00024194328849325153,1.0,0.0025,ranging,0.22347205245230567,0.5051293246510828,0.2713986228966115,3
1791068400000,2686.59,2686.86,0.0002828580573606132,1.0,0.0025,low_liquidity,0.22773516883636397,0.4956814179836161,0.2765834131800198,3
1791069300000,2686.86,2688.01,0.0011086268280249278,1.0,0.0025,ranging,0.27063510747483605,0.4869314264894203,0.24243346603574367,3
1791070200000,2688.01,2688.02,0.0010230578641527988,1.0,0.0025,low_liquidity,0.24652091541132218,0.49356237811284664,0.25991670647583115,3
1791071100000,2688.01,2687.23,0.002329536362722928,1.0,0.0025,ranging,0.21509812430290573,0.5642853886742846,0.22061648702280973,3
1791072000000,2687.24,2687.62,0.0023217567959756824,1.0,0.0025,ranging,0.2169808371004026,0.5708748132502112,0.2121443496493863,3
1791072900000,2687.61,2690.99,-0.00016350859720759559,1.0,0.0025,ranging,0.21734704344901204,0.5481007604972655,0.23455219605372246,3
1791073800000,2690.98,2690.77,0.0006132073718676523,1.0,0.0025,ranging,0.17823061057580075,0.5809959389638364,0.24077345046036278,3
1791074700000,2690.77,2693.49,0.000482645192668274,1.0,0.0025,ranging,0.20075728222182182,0.49631021501400274,0.30293250276417555,3
1791075600000,2693.5,2693.86,-3.712145397305466e-05,1.0,0.0025,ranging,0.1849267902226078,0.548692742667065,0.2663804671103272,3
1791076500000,2693.85,2690.55,0.0012525320101837156,1.0,0.0025,ranging,0.15426409248530462,0.5083608974480232,0.33737501006667225,3
1791077400000,2690.55,2692.42,7.428261563857674e-06,1.0,0.0025,ranging,0.162597228398743,0.5105769332934709,0.32682583830778617,3
1791078300000,2692.43,2694.79,-0.0008052575525365757,1.0,0.0025,ranging,0.18173077325153603,0.5455218479687838,0.2727473787796802,3
1791079200000,2694.8,2693.76,-0.0002932703730104125,1.0,0.0025,ranging,0.17629794834504484,0.5548797402360538,0.2688223114189014,3
1791080100000,2693.76,2693.92,-0.00028582882936389886,1.0,0.0025,ranging,0.165005289324792,0.5070855877545783,0.3279091229206296,3
1791081000000,2693.92,2692.44,0.0013667899748925905,1.0,0.0025,ranging,0.16219621260863587,0.48310558570028633,0.3546982016910777,3
1791081900000,2692.43,2692.62,0.0006759215930951523,1.0,0.0025,ranging,0.16744471588826368,0.5517371152930024,0.2808181688187339,3
1791082800000,2692.62,2692.97,0.000571859322606727,1.0,0.0025,low_liquidity,0.15758973944548177,0.5774321285393238,0.26497813201519443,3
1791083700000,2692.97,2693.15,5.9409984590530485e-05,1.0,0.0025,ranging,0.17777819674307374,0.5740027801148925,0.24821902314203376,3
1791084600000,2693.15,2696.12,-0.0015207038262391448,1.0,0.0025,trending,0.19727208784541536,0.5792940652556379,0.22343384689894683,3
1791085500000,2696.11,2694.44,-0.0007571146509107729,1.0,0.0025,trending,0.19371793183067504,0.49818786035173024,0.30809420781759483,3
1791086400000,2694.45,2694.51,-0.0003414349918909876,1.0,0.0025,trending,0.18343961746642246,0.5008901089470825,0.31567027358649496,3
1791087300000,2694.5,2693.31,0.0005420839041923031,1.0,0.0025,low_liquidity,0.17757900945175112,0.5063776505396006,0.31604334000864837,3
1791088200000,2693.31,2692.02,0.0017533302129997264,1.0,0.0025,low_liquidity,0.16451069519362685,0.5248899489834375,0.3105993558229357,3
1791089100000,2692.01,2692.4,0.0008691130589806306,1.0,0.0025,trending,0.17969802570614185,0.5736944100596358,0.24660756423422217,3
1791090000000,2692.41,2693.59,0.0002673012596570157,1.0,0.0025,trending,0.18331860073085246,0.5788589128421928,0.2378224864269547,3
1791090900000,2693.58,2694.77,-0.0011318220107838783,1.0,0.0025,trending,0.1896186896950402,0.5550037576960066,0.2553775526089532,3
1791091800000,2694.77,2696.74,-0.0015055214814924112,1.0,0.0025,trending,0.20619943603404897,0.5770420596039876,0.21675850436196342,3
1791092700000,2696.74,2694.74,0.0005380853069314462,1.0,0.0025,trending,0.18216651377871929,0.5235159445975488,0.294317541623732,3
1791093600000,2694.74,2694.31,0.00046765220037792155,1.0,0.0025,trending,0.16877216691753313,0.5190502528006289,0.312177580281838,3
1791094500000,2694.31,2691.72,0.00049039276001972,1.0,0.0025,trending,0.16858065066934147,0.49807445335026074,0.3333448959803977,3
1791095400000,2691.72,2692.68,0.0009024466330942449,1.0,0.0025,trending,0.14313050781093645,0.5373937216454769,0.3194757705435866,3
1791096300000,2692.68,2696.19,0.003475274368646142,2.0,0.0025,trending,0.19934364567301194,0.5021325363843632,0.298523817942625,3
1791097200000,2696.2,2695.57,0.002619112098739773,2.0,0.0025,trending,0.19547515711316477,0.4950402321325309,0.3094846107543044,3
1791098100000,2695.56,2693.04,0.003082018833734379,2.0,0.0025,trending,0.17347545511260068,0.5056012472619694,0.32092329762542987,3
1791099000000,2693.04,2695.11,0.001402540156060228,1.0,0.0025,ranging,0.18490142226514678,0.4930227500424622,0.3220758276923911,3
1791099900000,2695.11,2705.56,-0.0019145759103474935,1.0,0.0025,trending,0.2628874995311542,0.40256736472016985,0.33454513574867595,3
1791100800000,2705.57,2702.63,-0.0012506336420450292,1.0,0.0025,trending,0.22388831445057827,0.4423379763198034,0.33377370922961835,3
1791101700000,2702.64,2701.34,0.0005441743727185866,1.0,0.0025,trending,0.17503670608483424,0.4661516061856162,0.35881168772954963,3
1791102600000,2701.35,2698.89,0.0016932887224008208,1.0,0.0025,trending,0.15680414638918436,0.4702800893056951,0.37291576430512063,3
1791103500000,2698.89,2700.38,0.000422162806716031,1.0,0.0025,trending,0.2484742688497991,0.42919378985728573,0.32233194129291515,3
1791104400000,2700.37,2699.25,0.001489302584051222,1.0,0.0025,trending,0.2297922135560389,0.4412611123579945,0.32894667408596673,3
1791105300000,2699.25,2702.81,0.0008139676854830302,1.0,0.0025,trending,0.2537896590848841,0.42793371870247643,0.3182766222126395,3
1791106200000,2702.81,2703.46,-0.000125764760714131,1.0,0.0025,trending,0.25777830960459347,0.40730541837192263,0.3349162720234839,3
1791107100000,2703.47,2701.52,-1.4806479315288001e-05,1.0,0.0025,trending,0.24127136038177377,0.3891869860841359,0.3695416535340904,3
1791108000000,2701.53,2703.27,-0.0007250478124641857,1.0,0.0025,trending,0.24989029705526034,0.39620020879715745,0.3539094941475822,3
1791108900000,2703.26,2705.01,-0.0004103496844743981,1.0,0.0025,trending,0.2633927956217452,0.4211018390068342,0.31550536537142054,3
1791109800000,2705.0,2703.12,-0.0009285566308561144,1.0,0.0025,trending,0.260749888316332,0.3873468491584774,0.3519032625251905,3
1791110700000,2703.13,2701.48,-0.0005515495210033361,1.0,0.0025,trending,0.18795496770781858,0.4243740000892731,0.38767103220290833,3
1791111600000,2701.49,2701.31,-0.0007885063173053153,1.0,0.0025,trending,0.194612472891306,0.41206640610057144,0.3933211210081226,3
1791112500000,2701.31,2703.9,-0.0007026887089019995,1.0,0.0025,trending,0.23030077668974,0.44478757883842474,0.32491164447183524,3
1791113400000,2703.91,2700.61,-0.0002221720278010597,1.0,0.0025,trending,0.2008766822517876,0.4287750374684448,0.3703482802797676,3
1791114300000,2700.61,2699.99,-0.0017629694924795603,1.0,0.0025,trending,0.24591808205314472,0.3999676428682341,0.35411427507862114,3
1791115200000,2700.0,2699.18,-0.0007002126571773459,1.0,0.0025,trending,0.21509047659143693,0.47245120997016893,0.31245831343839425,3
1791116100000,2699.18,2702.0,-0.0010843819393041576,1.0,0.0025,trending,0.2564532362271678,0.4452000814754945,0.29834668229733763,3
1791117000000,2702.01,2700.01,-0.0009481446365015023,1.0,0.0025,trending,0.24017464024067833,0.43776719162599687,0.32205816813332483,3
1791117900000,2700.0,2695.23,0.0014173187445969404,1.0,0.0025,trending,0.23753251318530647,0.40262903736628497,0.3598384494484087,3
1791118800000,2695.23,2697.29,-0.00025951974018356694,1.0,0.0025,trending,0.25412615392223503,0.4083152365562881,0.33755860952147687,3
1791119700000,2697.29,2699.07,-0.0010448043214885683,1.0,0.0025,ranging,0.284312757657903,0.401454793256238,0.3142324490858589,3
1791120600000,2699.07,2697.45,-0.000982409312498711,1.0,0.0025,ranging,0.2813408729543201,0.399214087108137,0.319445039937543,3
1791121500000,2697.46,2699.05,-0.000585391156147641,1.0,0.0025,ranging,0.28830082881776586,0.384188131944017,0.32751103923821717,3
1791122400000,2699.05,2696.59,0.0009678890747202296,1.0,0.0025,ranging,0.28626740537871753,0.36208052692962217,0.35165206769166035,3
1791123300000,2696.59,2696.25,0.0010978210477514683,1.0,0.0025,ranging,0.2738995476592906,0.3988365378807126,0.32726391445999675,3
1791124200000,2696.25,2694.8,0.0014323883033990903,1.0,0.0025,ranging,0.29932450740921174,0.3666684877953154,0.3340070047954729,3
1791125100000,2694.79,2697.47,0.0005634909748764017,1.0,0.0025,ranging,0.3530623497515058,0.33862212435601924,0.30831552589247496,3
1791126000000,2697.46,2699.2,0.00041493775933632016,1.0,0.0025,ranging,0.33678998117179665,0.371697905348014,0.29151211348018935,3
1791126900000,2699.22,2699.21,-0.00023340162491991556,1.0,0.0025,ranging,0.3210690310937486,0.36047168967406223,0.3184592792321891,3
1791127800000,2699.21,2698.66,0.0019342933159420816,1.0,0.0025,ranging,0.2965038660869329,0.38164242439835117,0.3218537095147159,3
1791128700000,2698.67,2698.99,0.0015672529353571996,1.0,0.0025,ranging,0.3187704209822513,0.368286473024961,0.3129431059927878,3
1791129600000,2698.98,2700.32,0.0008406411092019006,1.0,0.0025,ranging,0.3541136311732081,0.3558505043629854,0.2900358644638064,3
1791130500000,2700.32,2698.58,0.0017638906387804631,1.0,0.0025,ranging,0.3103714834426241,0.3787105819218967,0.3109179346354791,3
1791131400000,2698.59,2703.88,0.0004105211769751538,1.0,0.0025,ranging,0.38002635675415386,0.348229019587614,0.2717446236582322,3
1791132300000,2703.88,2703.22,-0.00039952353119609985,1.0,0.0025,ranging,0.3197985655263837,0.3747769631713398,0.3054244713022765,3
1791133200000,2703.22,2702.59,-0.00039961666401489015,1.0,0.0025,ranging,0.2962520238962537,0.3964582194587314,0.30728975664501484,3
1791134100000,2702.58,2703.34,-0.0007990115930665009,1.0,0.0025,ranging,0.30773463444145505,0.39351851828360795,0.29874684727493694,3
1791135000000,2703.35,2704.99,-0.001134939500700427,1.0,0.0025,ranging,0.34054670468555814,0.3706578581349068,0.28879543717953504,3
1791135900000,2704.99,2702.14,-0.00041078552554629777,1.0,0.0025,ranging,0.2985961933655491,0.40386280730221485,0.29754099933223616,3
1791136800000,2702.14,2701.51,9.624247180273215e-05,1.0,0.0025,ranging,0.2741807175539181,0.4124690418452408,0.3133502406008411,3
1791137700000,2701.5,2701.18,0.0008403734664108597,1.0,0.0025,low_liquidity,0.3288889123710706,0.39757012619306387,0.2735409614358655,3
1791138600000,2701.17,2701.92,0.0003553028957186122,1.0,0.0025,ranging,0.3212200787276133,0.4097503096756898,0.26902961159669675,3
1791139500000,2701.92,2701.03,0.00022583977223500362,1.0,0.0025,ranging,0.31167889364800744,0.4242204766759147,0.2641006296760777,3
1791140400000,2701.02,2701.77,-0.00047376349578243104,1.0,0.0025,ranging,0.30171104641352475,0.43238255005456866,0.26590640353190653,3
1791141300000,2701.78,2703.45,-0.0005326527215223642,1.0,0.0025,low_liquidity,0.30325362401052447,0.4072501845402491,0.28949619144922656,3
1791142200000,2703.46,2702.88,-5.1796602143050485e-05,1.0,0.0025,ranging,0.30660977056142547,0.4100555960912427,0.2833346333473317,3
1791143100000,2702.89,2701.64,0.0015175967190299566,1.0,0.0025,ranging,0.24574205474488173,0.4600863253360448,0.29417161991907337,3
1791144000000,2701.64,2700.49,0.0025550918537007306,2.0,0.0025,ranging,0.23277408798918076,0.46384133152846874,0.30338458048235056,3
1791144900000,2700.5,2702.01,0.0008142086816851357,1.0,0.0025,ranging,0.27141421507672264,0.45541243850495683,0.27317334641832053,3
1791145800000,2702.02,2702.74,0.0012172832014920587,1.0,0.0025,ranging,0.2745603414427553,0.4736501852745251,0.2517894732827195,3
1791146700000,2702.74,2705.74,-0.0012085418406794224,1.0,0.0025,ranging,0.25925209707086855,0.44427562429111384,0.29647227863801756,3
1791147600000,2705.73,2707.39,0.004376909126501793,2.0,0.0025,trending,0.27320030208691715,0.4465534761833956,0.28024622172968733,3
1791148500000,2707.38,2704.21,0.008105879351085976,2.0,0.0025,trending,0.2124195180665624,0.4311380588731035,0.3564424230603342,3
1791149400000,2704.21,2706.03,0.008233463782737038,2.0,0.0025,trending,0.21060432619486258,0.4770851565922085,0.31231051721292885,3
1791150300000,2706.03,2702.47,0.01052000577249701,2.0,0.0025,trending,0.24836427498742694,0.43295851817332137,0.31867720683925166,3
1791151200000,2702.47,2719.24,0.005255144819876323,2.0,0.0025,abnormal,0.30322333805835433,0.3413486725937699,0.35542798934787584,3
1791152100000,2719.23,2726.13,0.0023439821285118345,1.0,0.0025,high_volatility,0.34274822111526804,0.2922172480760217,0.36503453080871034,3
1791153000000,2726.13,2728.31,-0.0002015899952716449,1.0,0.0025,high_volatility,0.31852410271369425,0.3403600617112538,0.3411158355750519,3
1791153900000,2728.3,2730.9,-0.0014500714050312835,1.0,0.0025,high_volatility,0.2750312849043806,0.35212794493329735,0.37284077016232203,3
1791154800000,2730.9,2733.53,-0.0034424352394157864,0.0,0.0025,high_volatility,0.2553629349910292,0.3520813325969594,0.39255573241201147,3
1791155700000,2733.53,2732.52,-0.0048160672200020516,0.0,0.0025,high_volatility,0.2562328723117324,0.35251767318967425,0.3912494544985934,3
1791156600000,2732.52,2727.76,0.0,1.0,0.0025,high_volatility,0.2539191954945164,0.2800038645755053,0.4660769399299782,3
1791157500000,2727.75,2726.94,0.0008617718028265386,1.0,0.0025,high_volatility,0.3765316583111927,0.23338272558345255,0.3900856161053548,3
1791158400000,2726.93,2724.12,0.0022062170535805947,1.0,0.0025,high_volatility,0.3671132927824738,0.21127167550453022,0.42161503171299614,3
1791159300000,2724.12,2719.36,0.004523123087785352,2.0,0.0025,high_volatility,0.3907929286466949,0.2062676058336354,0.40293946551966975,3
1791160200000,2719.36,2727.76,-0.0009934891632694676,1.0,0.0025,high_volatility,0.4216500322303379,0.20515744405034475,0.3731925237193173,3
1791161100000,2727.76,2729.29,-0.0016817560611002147,1.0,0.0025,high_volatility,0.4463097283439701,0.2052180858839466,0.34847218577208333,3
1791162000000,2729.28,2730.13,0.0007691941409382341,1.0,0.0025,high_volatility,0.459633586092231,0.20680720996095306,0.33355920394681593,3
1791162900000,2730.14,2731.66,0.0007870672045569016,1.0,0.0025,high_volatility,0.4591941324232079,0.2069702450746231,0.3338356225021689,3
1791163800000,2731.67,2725.05,0.0038568099667894984,2.0,0.0025,high_volatility,0.4350799142917996,0.1877305346749872,0.3771895510332131,3
1791164700000,2725.05,2724.7,0.0023562227034168437,1.0,0.0025,high_volatility,0.44202877968098375,0.20407965525114188,0.35389156506787434,3
1791165600000,2724.7,2732.23,-0.0010797041244696715,1.0,0.0025,high_volatility,0.46773929827948335,0.19995580580620692,0.3323048959143098,3
1791166500000,2732.22,2733.81,-0.00211426543907578,1.0,0.0025,high_volatility,0.5216696268987533,0.1835319948106972,0.2947983782905495,3
1791167400000,2733.81,2735.56,-0.004858237435844903,0.0,0.0025,high_volatility,0.52601470527608,0.18327788490997912,0.2907074098139409,3
1791168300000,2735.57,2731.12,-0.005477606256773737,0.0,0.0025,high_volatility,0.4586518556427493,0.18252654055879963,0.358821603798451,3
1791169200000,2731.12,2729.28,-0.00593196740532298,0.0,0.0025,high_volatility,0.44787001670818827,0.20427583303762328,0.3478541502541884,3
1791170100000,2729.28,2728.03,-0.007038045769291457,0.0,0.0025,high_volatility,0.45262381412455843,0.21143979342832103,0.33593639244712065,3
1791171000000,2728.04,2722.27,-0.006894981026863589,0.0,0.0025,high_volatility,0.3974024845846074,0.2183660099763789,0.38423150543901374,3
1791171900000,2722.26,2716.16,-0.004892937087653149,0.0,0.0025,high_volatility,0.35500342543566266,0.3033639780159757,0.3416325965483617,3
1791172800000,2716.16,2713.09,-0.0045999211231474435,0.0,0.0025,high_volatility,0.3337505196907897,0.31919126955067356,0.3470582107585367,3
1791173700000,2713.09,2708.83,-0.004186309218371043,0.0,0.0025,high_volatility,0.35978949090330525,0.3213738181116229,0.31883669098507184,3
1791174600000,2708.83,2703.5,0.001054189014240814,1.0,0.0025,high_volatility,0.36492034793537786,0.3197494914649413,0.3153301605996809,3
1791175500000,2703.5,2702.87,0.0013356173252876413,1.0,0.0025,high_volatility,0.3404991928412724,0.3379776374137482,0.3215231697449795,3
1791176400000,2702.87,2700.61,0.004406411884722461,2.0,0.0025,high_volatility,0.32569507837228934,0.3383567075763628,0.3359482140513479,3
1791177300000,2700.61,2697.49,0.005464339070765822,2.0,0.0025,high_volatility,0.3117579810742272,0.3633808014091827,0.32486121751659003,3
1791178200000,2697.48,2706.35,0.0019251020747501624,1.0,0.0025,high_volatility,0.3395482686649937,0.3838108980155842,0.27664083331942213,3
1791179100000,2706.35,2706.48,0.007175371700511413,2.0,0.0025,high_volatility,0.31434444105926707,0.35489949333093523,0.3307560656097977,3
1791180000000,2706.47,2712.51,0.00571426464787228,2.0,0.0025,high_volatility,0.34168692320448235,0.4780647903129348,0.18024828648258295,4
1791180900000,2712.52,2712.23,0.004391220508585203,2.0,0.0025,high_volatility,0.3740640835990053,0.44345942396388816,0.18247649243710645,4
1791181800000,2712.24,2711.56,0.00596704480077892,2.0,0.0025,trending,0.31905615291475425,0.5073920927222155,0.1735517543630303,4
1791182700000,2711.56,2725.9,0.00021644227594541654,1.0,0.0025,high_volatility,0.5583733704386837,0.28539514292640905,0.15623148663490713,4
1791183600000,2725.9,2728.01,0.0014626046092205414,1.0,0.0025,high_volatility,0.5820275036348433,0.29213220782031446,0.12584028854484208,4
1791184500000,2728.01,2724.14,0.0010829105699414754,1.0,0.0025,high_volatility,0.5363624172026593,0.288919693938735,0.17471788885860567,4
1791185400000,2724.14,2727.74,-0.0018036909676141244,1.0,0.0025,high_volatility,0.5020782129146023,0.3142322932480548,0.1836894938373429,4
1791186300000,2727.75,2726.49,-0.0018962108791888976,1.0,0.0025,high_volatility,0.5902708666533728,0.21633411783220943,0.19339501551441773,4
1791187200000,2726.49,2732.0,-0.004688872620790652,0.0,0.0025,high_volatility,0.6102119976024566,0.2309989019999951,0.15878910039754832,4
1791188100000,2731.99,2727.09,-0.003325889501263335,0.0,0.0025,high_volatility,0.5605732921555145,0.24518407788142613,0.19424262996305933,4
1791189000000,2727.09,2722.82,-0.0015718997216122021,1.0,0.0025,high_volatility,0.545658355141879,0.23671464529020178,0.21762699956791925,4
1791189900000,2722.81,2721.32,-0.0015360192847589937,1.0,0.0025,high_volatility,0.45181872318086835,0.29805900807557895,0.25012226874355253,4
1791190800000,2721.33,2719.19,-0.0007281580176449198,1.0,0.0025,high_volatility,0.39658979563699426,0.35128625635921484,0.2521239480037909,4
1791191700000,2719.2,2718.02,-5.1508083089846224e-05,1.0,0.0025,high_volatility,0.41406536193602556,0.358338552726679,0.22759608533729547,4
1791192600000,2718.03,2718.54,-0.0015927667056581107,1.0,0.0025,ranging,0.42262113544258223,0.34754165334677956,0.22983721121063813,4
1791193500000,2718.54,2717.14,0.00013249225288358701,1.0,0.0025,low_liquidity,0.4140188027381654,0.3681404637980557,0.21784073346377889,4
1791194400000,2717.14,2717.21,-0.0017444363887959558,1.0,0.0025,ranging,0.4087234587823335,0.35781199385641776,0.23346454736124878,4
1791195300000,2717.21,2717.88,0.0010375734027991967,1.0,0.0025,ranging,0.4095296425308718,0.3785275690837994,0.2119427883853287,4
1791196200000,2717.88,2714.21,0.0007663371662471885,1.0,0.0025,ranging,0.5123210035783786,0.26092901299590243,0.22674998342571898,4
1791197100000,2714.22,2717.5,0.0003275068997239394,1.0,0.0025,low_liquidity,0.47993729476243463,0.32177767025423654,0.19828503498332892,4
1791198000000,2717.5,2712.47,0.0015041641013542328,1.0,0.0025,low_liquidity,0.43509289183418914,0.3260675454674091,0.2388395626984016,4
1791198900000,2712.47,2720.7,-0.001804682618443687,1.0,0.0025,ranging,0.4544863887593143,0.3068830097045757,0.23863060153610996,4
1791199800000,2720.7,2716.29,-0.001962235254703959,1.0,0.0025,ranging,0.5706703412897478,0.2391390920846233,0.1901905666256288,4
1791200700000,2716.29,2718.39,-0.0026964490010631392,0.0,0.0025,ranging,0.39613755828864733,0.37410567678869033,0.22975676492266225,4
1791201600000,2718.39,2716.55,0.0011963703962747374,1.0,0.0025,ranging,0.37137352631903425,0.4369223257941152,0.1917041478868504,4
1791202500000,2716.54,2715.79,0.0017895345369118854,1.0,0.0025,low_liquidity,0.3515138761198751,0.47850925210180684,0.16997687177831824,4
1791203400000,2715.79,2710.96,0.001670994776757917,1.0,0.0025,ranging,0.39601662533281196,0.3800201499170101,0.223963224750178,4
1791204300000,2710.95,2711.06,0.004352541072495608,2.0,0.0025,ranging,0.4374860093119469,0.4200106209695156,0.14250336971853744,4
1791205200000,2711.06,2719.8,0.0032318552834766923,2.0,0.0025,ranging,0.5176003256844128,0.3381050289617763,0.14429464535381084,4
1791206100000,2719.81,2720.65,-0.0018708764449671955,1.0,0.0025,ranging,0.6139738965835724,0.2767738547952877,0.10925224862113994,4
1791207000000,2720.66,2715.49,-0.0033842879185707053,0.0,0.0025,ranging,0.5880332074182326,0.28947689256126946,0.12248990002049792,4
1791207900000,2715.49,2722.86,-0.0067172017657903815,0.0,0.0025,ranging,0.6286496637450781,0.20754285320884175,0.16380748304608017,4
1791208800000,2722.85,2728.59,-0.009972183435400739,0.0,0.0025,high_volatility,0.6791313508962527,0.16913142058646308,0.15173722851728422,4
1791209700000,2728.59,2715.56,-0.00393657293523253,0.0,0.0025,high_volatility,0.5566278337825438,0.2500107958096879,0.19336137040776835,4
1791210600000,2715.55,2706.3,-0.0020729409156413636,1.0,0.0025,high_volatility,0.4179536514419771,0.23969526847040507,0.3423510800876177,4
1791211500000,2706.31,2704.57,-0.0027139249492525996,0.0,0.0025,high_volatility,0.5927968519196847,0.24761580051804918,0.1595873475622661,4
1791212400000,2704.57,2701.38,-0.0010217000199899129,1.0,0.0025,high_volatility,0.5684591437154426,0.268437658411724,0.16310319787283337,4
1791213300000,2701.39,2704.87,-0.006281263055155972,0.0,0.0025,high_volatility,0.6202234689129537,0.25816365230684074,0.12161287878020555,4
1791214200000,2704.87,2700.69,-0.0040582221580410804,0.0,0.0025,high_volatility,0.660870944202726,0.21000319466564735,0.12912586113162666,4
1791215100000,2700.69,2697.23,-0.00037816574782278956,1.0,0.0025,high_volatility,0.38840190289649335,0.31004951773586786,0.30154857936763885,4
1791216000000,2697.23,2698.62,-0.0007040635584113497,1.0,0.0025,high_volatility,0.39920048878780956,0.2346704600329831,0.3661290511792073,4
1791216900000,2698.62,2687.88,0.004881170290340409,2.0,0.0025,high_volatility,0.2767364660300769,0.3317646764594242,0.391498857510499,4
1791217800000,2687.89,2689.73,0.004186293791569984,2.0,0.0025,high_volatility,0.22444989481637329,0.4010538559693816,0.3744962492142452,4
1791218700000,2689.74,2696.21,0.003493793139258461,2.0,0.0025,high_volatility,0.2760069107610873,0.42727264292614786,0.29672044631276484,4
1791219600000,2696.21,2696.72,0.003941825625203954,2.0,0.0025,high_volatility,0.24680725354051822,0.4685509300164879,0.28464181644299386,4
1791220500000,2696.72,2701.0,0.0026841910403554436,2.0,0.0025,high_volatility,0.28280541271472326,0.3827166120970663,0.33447797518821043,4
1791221400000,2700.99,2700.99,0.0026767962858063044,2.0,0.0025,high_volatility,0.2451927588416422,0.3775625858020722,0.37724465535628554,4
1791222300000,2701.0,2705.63,0.0018221264548368143,1.0,0.0025,high_volatility,0.23551993291924403,0.4894379769915847,0.2750420900891714,4
1791223200000,2705.64,2707.35,0.0009344931390475875,1.0,0.0025,high_volatility,0.21501838473571,0.5106554479481118,0.2743261673161783,4
1791224100000,2707.35,2708.25,0.0006424813071170821,1.0,0.0025,high_volatility,0.19769491387695137,0.48371452251041747,0.31859056361263116,4
1791225000000,2708.24,2708.22,0.0006720281217922341,1.0,0.0025,ranging,0.18763638309015054,0.48820043269626223,0.3241631842135872,4
1791225900000,2708.23,2710.56,-0.0004832949648780893,1.0,0.0025,ranging,0.20325613704678827,0.4972543328177902,0.29948953013542157,4
1791226800000,2710.56,2709.88,-0.0005830516480433978,1.0,0.0025,ranging,0.20942160066025073,0.5500055830987948,0.24057281624095453,4
1791227700000,2709.88,2709.99,0.0007822907095600407,1.0,0.0025,ranging,0.19108860955003837,0.5191315116234552,0.2897798788265065,4
1791228600000,2709.99,2710.04,0.0014501630972236779,1.0,0.0025,ranging,0.16681402421493743,0.5416255788123406,0.2915603969727219,4
1791229500000,2710.04,2709.25,0.0012291224508627074,1.0,0.0025,ranging,0.2562254034138279,0.46086203023518313,0.28291256635098905,4
1791230400000,2709.25,2708.3,0.0014658641952516316,1.0,0.0025,ranging,0.25548964370697536,0.451534997302421,0.2929753589906036,4
1791231300000,2708.3,2712.11,0.0006710642267457878,1.0,0.0025,ranging,0.277470050932904,0.4745551736740338,0.24797477539306217,4
1791232200000,2712.11,2713.97,0.000666919678552258,1.0,0.0025,ranging,0.32258866896510113,0.4736738136447962,0.20373751739010262,4
1791233100000,2713.97,2712.58,0.0019980977519558074,1.0,0.0025,ranging,0.18655321230675626,0.5338811196594816,0.27956566803376215,4
1791234000000,2712.58,2712.27,0.002507125028113011,2.0,0.0025,ranging,0.29716402927498625,0.49384438194268593,0.20899158878232782,4
1791234900000,2712.28,2713.93,0.0010206600759783413,1.0,0.0025,ranging,0.14790055738934516,0.7041212026807496,0.14797823992990516,4
1791235800000,2713.93,2715.78,0.00046395510681995766,1.0,0.0025,ranging,0.16766207176784728,0.6569238079911175,0.1754141202410352,4
1791236700000,2715.77,2718.0,-0.0007358351729213064,1.0,0.0025,ranging,0.16059925207601217,0.7144091609433721,0.12499158698061563,4
1791237600000,2718.01,2719.07,-0.0018131199270340348,1.0,0.0025,ranging,0.2065860768590411,0.6448536672128973,0.14856025592806169,4
1791238500000,2719.07,2716.7,-0.0002392608679646635,1.0,0.0025,ranging,0.1320471003090446,0.7291073977007765,0.13884550199017895,4
1791239400000,2716.71,2717.04,-0.000886994670670993,1.0,0.0025,ranging,0.13728236022558268,0.7377637807185642,0.12495385905585325,4
1791240300000,2717.04,2716.0,-0.0022164948453607947,1.0,0.0025,trending,0.13455966917873513,0.7526609989052356,0.11277933191602929,4
1791241200000,2715.99,2714.14,-0.00040160050697446437,1.0,0.0025,trending,0.137949719425316,0.7290733106235109,0.13297696995117309,4
1791242100000,2714.14,2716.05,-0.0009020452495352993,1.0,0.0025,trending,0.14617152851678078,0.7383720435340085,0.11545642794921088,4
1791243000000,2716.06,2714.63,-0.0008472609526897212,1.0,0.0025,trending,0.12063791774998606,0.7740996481695624,0.10526243408045158,4
1791243900000,2714.64,2709.98,0.0031217942567842716,2.0,0.0025,trending,0.04240016945734771,0.829904727242033,0.12769510330061934,4
1791244800000,2709.99,2713.05,0.002170988371021476,1.0,0.0025,trending,0.04268128445641231,0.8541035336104653,0.1032151819331225,4
1791245700000,2713.04,2713.6,0.0010760613207547731,1.0,0.0025,trending,0.04113952038066028,0.8625321218708886,0.09632835774845125,4
1791246600000,2713.59,2712.33,-0.0014821205384299985,1.0,0.0025,trending,0.035678291915273434,0.8758634691218895,0.08845823896283704,4
1791247500000,2712.33,2718.44,-0.0038845808625534994,0.0,0.0025,trending,0.0500948420141793,0.8567062081748372,0.09319894981098341,4
1791248400000,2718.45,2718.94,-0.006149455302434159,0.0,0.0025,trending,0.05089712642969343,0.8665085619560245,0.0825943116142821,4
1791249300000,2718.95,2716.52,-0.0038505146290106484,0.0,0.0025,trending,0.04234596494713107,0.854005661108179,0.10364837394469005,4
1791250200000,2716.53,2708.31,-0.001524936214835071,1.0,0.0025,trending,0.049361612992946294,0.6937226180760897,0.2569157689309639,4
1791251100000,2708.31,2707.88,-0.0021197394271533776,1.0,0.0025,ranging,0.05728478432393682,0.7933887673719371,0.14932644830412622,4
1791252000000,2707.88,2702.22,-0.0006550169860336519,1.0,0.0025,ranging,0.06588280099618601,0.7233059799740568,0.21081121902975727,4
1791252900000,2702.22,2706.06,-0.0025572234170713193,0.0,0.0025,ranging,0.15325262840304826,0.42626740380415373,0.4204799677927979,4
1791253800000,2706.05,2704.18,-0.002573793164656224,0.0,0.0025,ranging,0.1351573427298573,0.4360621705061293,0.4287804867640135,4
1791254700000,2704.18,2702.14,-0.0010436172811177924,1.0,0.0025,ranging,0.1348756575583875,0.6567923249690529,0.20833201747255958,4
1791255600000,2702.14,2700.45,0.0011072228702624365,1.0,0.0025,ranging,0.11309063980963731,0.6463236209338556,0.24058573925650706,4
1791256500000,2700.44,2699.14,0.0014930681624518716,1.0,0.0025,ranging,0.13891831531870055,0.560919798584527,0.30016188609677247,4
1791257400000,2699.14,2697.22,0.002094749408650509,1.0,0.0025,ranging,0.15444886372664796,0.4932850470140988,0.3522660892592533,4
1791258300000,2697.22,2699.32,0.0011669605678465977,1.0,0.0025,ranging,0.13190211299668758,0.6325823675087805,0.23551551949453192,4
1791259200000,2699.33,2703.44,0.0002330364276625918,1.0,0.0025,ranging,0.14267311703436497,0.6814720146777573,0.17585486828787775,4
1791260100000,2703.43,2703.17,-9.248400951478164e-05,1.0,0.0025,ranging,0.13255276334857433,0.7189181008887873,0.14852913576263838,4
1791261000000,2703.17,2702.87,-0.00041067457924337525,1.0,0.0025,ranging,0.10565610587337006,0.7450560882953895,0.1492878058312404,4
1791261900000,2702.87,2702.47,-0.001076792711852459,1.0,0.0025,ranging,0.08745232425674648,0.7962308576952913,0.11631681804796216,4
1791262800000,2702.46,2704.07,-0.004755794043793338,0.0,0.0025,ranging,0.12017764954214279,0.7602200819676631,0.11960226849019405,4
1791263700000,2704.07,2702.92,-0.0036257084930372274,0.0,0.0025,ranging,0.10680950637233443,0.7687511260442358,0.1244393675834297,4
1791264600000,2702.93,2701.76,-0.0016137628804927528,1.0,0.0025,ranging,0.10966615233825298,0.7601585757946645,0.13017527186708247,4
1791265500000,2701.76,2699.56,-0.0006852968631925194,1.0,0.0025,ranging,0.07881014875587712,0.7956150284031791,0.1255748228409438,4
1791266400000,2699.57,2691.21,0.0026716607028065553,2.0,0.0025,ranging,0.14268332022714716,0.568884800512892,0.28843187925996083,4
1791267300000,2691.21,2693.12,0.0017897457224336222,1.0,0.0025,ranging,0.13605477176825334,0.6635831270249188,0.2003621012068279,4
1791268200000,2693.12,2697.4,0.003558982724104709,2.0,0.0025,ranging,0.12653608367231486,0.7234262812130441,0.1500376351146409,4
1791269100000,2697.41,2697.71,0.003699433964362342,2.0,0.0025,ranging,0.13955071814347292,0.7399100420084356,0.12053923984809138,4
1791270000000,2697.71,2698.4,0.004891787726059915,2.0,0.0025,ranging,0.14917500910975348,0.7259462659602918,0.12487872492995475,4
1791270900000,2698.41,2697.94,0.006575387147230716,2.0,0.0025,ranging,0.1351335549675355,0.7461628460083486,0.11870359902411597,4
1791271800000,2697.95,2707.0,0.0030698189878093363,2.0,0.0025,ranging,0.2646365145742394,0.6229803213833769,0.11238316404238363,4
1791272700000,2706.99,2707.69,0.0033829574286567965,2.0,0.0025,ranging,0.2788701271580913,0.5739130377718487,0.14721683507006011,4
1791273600000,2707.69,2711.6,0.001250184392978193,1.0,0.0025,ranging,0.39399712318961755,0.44877712480394716,0.15722575200643527,4
1791274500000,2711.6,2715.68,-0.006270989218169931,0.0,0.0025,ranging,0.2859294793599705,0.5464620402849846,0.16760848035504503,4
1791275400000,2715.67,2715.31,-0.004146856160070045,0.0,0.0025,ranging,0.21742561028083704,0.6005860098279763,0.18198837989118677,4
1791276300000,2715.31,2716.85,-0.0022452472532528134,1.0,0.0025,ranging,0.12045495897792625,0.695265528139872,0.18427951288220185,4
1791277200000,2716.85,2714.99,-7.734835119077577e-05,1.0,0.0025,ranging,0.10525459104352078,0.6864124989606993,0.20833290999577983,4
1791278100000,2714.99,2698.65,0.0067329961276934025,2.0,0.0025,ranging,0.16297054224182045,0.32431721488479975,0.5127122428733798,4
1791279000000,2698.65,2704.05,0.004940737042584242,2.0,0.0025,ranging,0.15952490421662596,0.45566187319061535,0.3848132225927587,4
1791279900000,2704.05,2710.75,0.0011767960896431617,1.0,0.0025,ranging,0.22050994341528357,0.3718857285750058,0.4076043280097107,4
1791280800000,2710.74,2714.78,-0.0005377968012141299,1.0,0.0025,ranging,0.2342830965344003,0.4604892201167444,0.3052276833488552,4
1791281700000,2714.78,2716.82,-0.0007214316737951254,1.0,0.0025,ranging,0.24460511505928986,0.48272744866179923,0.272667436278911,4
1791282600000,2716.83,2717.41,-0.00044527693649465405,1.0,0.0025,ranging,0.22868435545601196,0.4669840682905548,0.3043315762534332,4
1791283500000,2717.4,2713.94,5.5270197572676594e-05,1.0,0.0025,ranging,0.13848013675478488,0.6080956511235478,0.2534242121216673,4
1791284400000,2713.93,2713.32,0.0007592174900121762,1.0,0.0025,ranging,0.15162388621594927,0.5199142133063631,0.3284619004776877,4
1791285300000,2713.32,2714.86,-0.002044304310351297,1.0,0.0025,ranging,0.22589348369671192,0.4864942241202054,0.28761229218308276,4
1791286200000,2714.85,2716.2,-0.00037920624401732717,1.0,0.0025,ranging,0.22835426373396528,0.4732780068112816,0.29836772945475304,4
1791287100000,2716.2,2714.09,0.000604254096216339,1.0,0.0025,ranging,0.14752040127847926,0.5785764296201478,0.27390316910137297,4
1791288000000,2714.09,2715.38,-0.0011379622741568562,1.0,0.0025,ranging,0.24120757770683185,0.47864556120324286,0.2801468610899253,4
1791288900000,2715.37,2709.31,0.00034695180691768357,1.0,0.0025,ranging,0.15433557171604098,0.5289716812237086,0.3166927470602504,4
1791289800000,2709.3,2715.17,0.0012853707134359293,1.0,0.0025,ranging,0.2501796708495162,0.45067240172912104,0.2991479274213628,4
1791290700000,2715.17,2715.73,-0.000346131611021705,1.0,0.0025,ranging,0.20807422212473348,0.5293892648747468,0.2625365130005196,4
1791291600000,2715.72,2712.29,0.001766035342828376,1.0,0.0025,ranging,0.28493612012671204,0.4406491424167487,0.27441473745653927,4
1791292500000,2712.29,2710.25,-0.0007416290010147097,1.0,0.0025,ranging,0.24626080423621277,0.46177056974564523,0.29196862601814194,4
1791293400000,2710.25,2718.66,-0.0009968146071962503,1.0,0.0025,ranging,0.35043732031952635,0.4201354154780233,0.22942726420245022,4
1791294300000,2718.66,2714.79,0.0027442269936164276,2.0,0.0025,ranging,0.3715917950231331,0.3799512162227257,0.24845698875414118,4
1791295200000,2714.79,2717.08,0.002388593637287162,1.0,0.0025,ranging,0.3749496137150465,0.3545093043195072,0.27054108196544624,4
1791296100000,2717.07,2708.24,0.0025034708888429513,2.0,0.0025,ranging,0.19519768351627642,0.4011055558087641,0.4036967606749594,4
1791297000000,2708.24,2715.95,-0.0013402308584472555,1.0,0.0025,ranging,0.2583049168944281,0.4647371249867359,0.27695795811883595,4
1791297900000,2715.95,2722.24,-0.007420359703773305,0.0,0.0025,ranging,0.3509062673524914,0.3249414305411922,0.3241523021063164,4
1791298800000,2722.25,2723.57,-0.006524524796498676,0.0,0.0025,ranging,0.37913852262675873,0.33239743540308264,0.2884640419701587,4
1791299700000,2723.57,2715.02,-0.00479186157008038,0.0,0.0025,ranging,0.272409446605433,0.3145909507421442,0.4129996026524228,4
1791300600000,2715.03,2712.31,-0.0045016978147778275,0.0,0.0025,ranging,0.23597341585221343,0.2996374177176837,0.464389166430103,4
1791301500000,2712.3,2702.04,-0.0023907862207813713,1.0,0.0025,high_volatility,0.18995650282630575,0.4182951065542269,0.3917483906194672,4
1791302400000,2702.04,2705.8,-0.004057949589770127,0.0,0.0025,ranging,0.2195525007570968,0.39197757209010947,0.3884699271527936,4
1791303300000,2705.8,2702.01,-0.001791259099707343,1.0,0.0025,high_volatility,0.2155943331643421,0.3040890328194311,0.4803166340162268,4
1791304200000,2702.01,2700.1,-0.0018221547350097955,1.0,0.0025,high_volatility,0.24166483319058654,0.25655850472949654,0.5017766620799169,4
1791305100000,2700.1,2695.58,0.001372617395885234,1.0,0.0025,high_volatility,0.3606731565619719,0.24540220736522286,0.39392463607280515,4
1791306000000,2695.59,2694.82,0.0021596989780392484,1.0,0.0025,ranging,0.32987587335243856,0.2724655243102227,0.3976586023373387,4
1791306900000,2694.81,2697.17,0.00015201118209073883,1.0,0.0025,ranging,0.3788248969225019,0.2530532655236843,0.36812183755381384,4
1791307800000,2697.17,2695.18,-7.420654650147629e-05,1.0,0.0025,ranging,0.36785611668443935,0.21684801805143822,0.41529586526412243,4
1791308700000,2695.18,2699.28,-0.003271242701757604,0.0,0.0025,trending,0.23674364612683219,0.39544170967438286,0.367814644198785,4
1791309600000,2699.29,2700.64,-0.005165442265536946,0.0,0.0025,trending,0.23150917176773952,0.4583605329740565,0.31013029525820407,4
1791310500000,2700.64,2697.58,-0.004192646742635975,0.0,0.0025,trending,0.2509508953111173,0.39411386608604343,0.3549352386028393,4
1791311400000,2697.58,2694.98,-0.0026233960919933574,0.0,0.0025,trending,0.2348468523731918,0.4072751325443896,0.3578780150824186,4
1791312300000,2694.98,2690.45,0.0005426601497890982,1.0,0.0025,trending,0.304780632556785,0.3078102099919087,0.3874091574513064,4
1791313200000,2690.45,2686.69,0.0021625122362460836,1.0,0.0025,trending,0.2790447444827571,0.31724778063712894,0.4037074748801138,4
1791314100000,2686.68,2686.27,0.0030339466993265507,2.0,0.0025,trending,0.3139625933955362,0.31176575984254273,0.37427164676192104,4
1791315000000,2686.27,2687.91,0.0036087517811236314,2.0,0.0025,trending,0.3285653862689838,0.3560381845374747,0.3153964291935415,4
1791315900000,2687.91,2691.91,0.002433216563703988,1.0,0.0025,trending,0.3366453518749868,0.34258106463301,0.3207735834920032,4
1791316800000,2691.91,2692.5,0.0017604456824511505,1.0,0.0025,trending,0.33738249067308107,0.35118227465597246,0.31143523467094647,4
1791317700000,2692.49,2694.42,0.00096866858173561,1.0,0.0025,trending,0.3464380348010903,0.3611121960930962,0.2924497691058136,4
1791318600000,2694.43,2697.61,-0.000140865432734949,1.0,0.0025,trending,0.36738694006264705,0.37357272674503555,0.25904033319231745,4
1791319500000,2697.61,2698.46,-0.00014823269568575714,1.0,0.0025,low_liquidity,0.2899681702626692,0.5497658396244568,0.16026599011287396,4
1791320400000,2698.46,2697.24,-5.931989737650856e-05,1.0,0.0025,low_liquidity,0.2622891399269564,0.5757964175166216,0.16191444255642198,4
1791321300000,2697.25,2697.03,-0.0005784140332144583,1.0,0.0025,trending,0.25772048173829903,0.5843554526018743,0.15792406565982658,4
1791322200000,2697.02,2697.23,-0.00027435554253818495,1.0,0.0025,low_liquidity,0.27800988824046974,0.5772306836679434,0.1447594280915869,4
1791323100000,2697.23,2698.06,-0.0005337168187512509,1.0,0.0025,trending,0.21742185369711975,0.654890928003844,0.1276872182990363,4
1791324000000,2698.05,2697.08,0.000430094769157785,1.0,0.0025,trending,0.23930291446892815,0.6397930191962473,0.12090406633482445,4
1791324900000,2697.08,2695.47,0.0009645813160601424,1.0,0.0025,trending,0.201161779656275,0.6458049397554417,0.1530332805882834,4
1791325800000,2695.47,2696.49,0.0010309698904873432,1.0,0.0025,low_liquidity,0.19424447066071257,0.6525875985745383,0.15316793076474908,4
1791326700000,2696.49,2696.62,0.000322626102305712,1.0,0.0025,low_liquidity,0.17974480241986773,0.7018203570452969,0.11843484053483527,4
1791327600000,2696.61,2698.24,0.0001927182163190544,1.0,0.0025,ranging,0.17525480060713383,0.7074833560509122,0.11726184334195403,4
1791328500000,2698.24,2698.07,-0.0015047793422705569,1.0,0.0025,ranging,0.19066168504462994,0.648187401720099,0.16115091323527111,4
1791329400000,2698.08,2699.27,-0.000526068159169002,1.0,0.0025,ranging,0.17534574066135644,0.6757663999713982,0.14888785936724527,4
1791330300000,2699.27,2697.49,-0.00020760039888934045,1.0,0.0025,ranging,0.14181976598145699,0.7907385995071043,0.06744163451143868,4
1791331200000,2697.49,2698.76,-0.002089848671241734,1.0,0.0025,ranging,0.15650659974732423,0.7673118692364131,0.07618153101626263,4
1791332100000,2698.76,2694.01,-0.0033555925924552144,0.0,0.0025,ranging,0.12142809061186166,0.7763841320849075,0.10218777730323086,4
1791333000000,2694.01,2697.85,-0.0033693496673276035,0.0,0.0025,ranging,0.14169520048451315,0.7688233892531005,0.08948141026238653,4
1791333900000,2697.86,2696.93,-0.014590664199664038,0.0,0.0025,low_liquidity,0.11410213584403073,0.8156723451527708,0.07022551900319837,4
1791334800000,2696.92,2693.12,-0.030035794914448632,0.0,0.0025,ranging,0.07763442352281087,0.7970229218193735,0.12534265465781574,4
1791335700000,2693.12,2684.97,-0.027162314662733555,0.0,0.0025,ranging,0.17536274659209766,0.5862064064242174,0.23843084698368486,4
1791336600000,2684.98,2688.76,-0.02764471354825282,0.0,0.0025,trending,0.18432317938697912,0.6589892817808612,0.15668753883215952,4
1791337500000,2688.77,2657.58,-0.0169477494562722,0.0,0.0025,abnormal,0.07381536969282455,0.07721283756363413,0.8489717927435414,4
1791338400000,2657.58,2612.23,-0.0003253924807539166,1.0,0.0025,abnormal,0.04555103351538262,0.06342175037320555,0.8910272161114119,4
1791339300000,2612.22,2612.04,-0.0012710371969801848,1.0,0.0025395028061231083,high_volatility,0.09586496959168012,0.3841312519929973,0.5200037784153226,4
1791340200000,2612.04,2614.43,-0.0009677061539226095,1.0,0.0025,high_volatility,0.10916113690475973,0.4824582478549009,0.4083806152403393,4
1791341100000,2614.44,2612.54,-0.0005358769626494508,1.0,0.0025,high_volatility,0.1456146886510367,0.385069920355131,0.46931539099383235,4
1791342000000,2612.54,2611.38,0.0003561335385886544,1.0,0.0025,high_volatility,0.1419020083506429,0.4197548667395119,0.4383431249098452,4
1791342900000,2611.39,2608.72,-0.00024149774602089114,1.0,0.0025,high_volatility,0.11506176351900936,0.36092581735981616,0.5240124191211745,4
1791343800000,2608.71,2611.9,-0.0011524177801601754,1.0,0.0025,high_volatility,0.1536927518958763,0.42370487785082817,0.4226023702532955,4
1791344700000,2611.91,2611.14,-0.0003178688235789817,1.0,0.0025,high_volatility,0.1062741689286579,0.42199579603167015,0.471730035039672,4
1791345600000,2611.14,2612.31,0.00046701961099571143,1.0,0.0025,high_volatility,0.11002119726424865,0.4328721966369847,0.4571066060987668,4
1791346500000,2612.3,2608.09,0.002726132917192148,2.0,0.0025,high_volatility,0.06621201621053825,0.30616117796749476,0.6276268058219671,4
1791347400000,2608.1,2608.89,0.0032082609845567323,2.0,0.0025,high_volatility,0.07307382451642204,0.3812905265134424,0.5456356489701356,4
1791348300000,2608.88,2610.31,0.0040569893997264295,2.0,0.0025,trending,0.09266644329304635,0.4022897276437505,0.5050438290632032,4
1791349200000,2610.32,2613.53,0.002379922939472534,1.0,0.0025,trending,0.1190127727543857,0.463798664385036,0.4171885628605783,4
1791350100000,2613.53,2615.2,0.0002753135515449756,1.0,0.0025,trending,0.12819053851779047,0.4634228993081997,0.40838656217400987,4
1791351000000,2615.2,2617.26,0.0022695490704016663,1.0,0.0025,trending,0.12767653274147203,0.42898238307825276,0.4433410841802751,4
1791351900000,2617.25,2620.9,-0.001106490136975835,1.0,0.0025,trending,0.15836578860352135,0.46384988779357356,0.377784323602905,4
1791352800000,2620.89,2619.75,-0.0005305849794827733,1.0,0.0025,trending,0.15295761771748154,0.5387290980547107,0.3083132842278079,4
1791353700000,2619.74,2615.92,0.0006039940059328064,1.0,0.0025,trending,0.1389001468545549,0.26023888388464594,0.6008609692607992,4
1791354600000,2615.93,2623.2,-0.0008272339127781692,1.0,0.0025,trending,0.18517694499130702,0.35141213611392186,0.4634109188947711,4
1791355500000,2623.2,2618.0,-0.0006417112299464955,1.0,0.0025,trending,0.19652063215649346,0.2977087372821119,0.5057706305613947,4
1791356400000,2618.0,2618.36,-0.0011266594356773574,1.0,0.0025,trending,0.1410138645660061,0.5531386671144005,0.30584746831959353,4
1791357300000,2618.37,2617.5,-0.0004469914040114986,1.0,0.0025,trending,0.12644900970420878,0.5406672020879194,0.3328837882078717,4
1791358200000,2617.51,2621.03,-0.003082757541882586,0.0,0.0025,trending,0.1603396613115312,0.5277238830326578,0.311936455655811,4
1791359100000,2621.03,2616.32,-0.0024194288160470645,1.0,0.0025,trending,0.1350978413737004,0.3959225477329002,0.46897961089339946,4
1791360000000,2616.33,2615.41,-0.0026420331802661234,0.0,0.0025,trending,0.12233074853378226,0.4179945182593934,0.45967473320682434,4
1791360900000,2615.41,2616.33,-0.003799214930838235,0.0,0.0025,trending,0.10810308864038665,0.42663630575293054,0.4652606056066828,4
1791361800000,2616.33,2612.95,-0.0056640961365505005,0.0,0.0025,trending,0.09869730558837009,0.3110246215166978,0.5902780728949321,4
1791362700000,2612.95,2609.99,-0.0049808619956398514,0.0,0.0025,trending,0.06480286564215654,0.33971764109316327,0.5954794932646802,4
1791363600000,2609.99,2608.5,-0.008215449492045224,0.0,0.0025,trending,0.05784405900126261,0.351072643804509,0.5910832971942284,4
1791364500000,2608.51,2606.39,-0.007500796120304187,0.0,0.0025,trending,0.0582956812126257,0.3389735242334485,0.6027307945539258,4
1791365400000,2606.39,2598.15,-0.008590728018012861,0.0,0.0025,trending,0.045382027540596816,0.12513143880789868,0.8294865336515045,4
1791366300000,2598.15,2596.99,-0.006584545955124921,0.0,0.0025,trending,0.044123799491603014,0.14928860384182055,0.8065875966665764,4
1791367200000,2597.0,2587.07,-0.0015229584046817513,1.0,0.0025,trending,0.03288414019733383,0.07757704966001308,0.8895388101426531,4
1791368100000,2587.07,2586.84,-0.003494611185848373,0.0,0.0025,trending,0.041534121692079505,0.17006186213864366,0.7884040161692769,4
1791369000000,2586.85,2575.83,-0.0001552897512646645,1.0,0.0025,high_volatility,0.03236172991627051,0.1320596700355357,0.8355786000481938,4
1791369900000,2575.83,2579.89,-0.00036823275410957645,1.0,0.0025,high_volatility,0.04106634300097582,0.1621137939786397,0.7968198630203844,4
1791370800000,2579.9,2583.13,-0.000437453786685138,1.0,0.0025,trending,0.04453125778704096,0.208337671814558,0.747131070398401,4
1791371700000,2583.13,2577.8,-0.0016991232834200343,1.0,0.0025,high_volatility,0.04476610133052244,0.20352437339860638,0.7517095252708711,4
1791372600000,2577.81,2575.43,-0.002294762428021624,1.0,0.0025,trending,0.04145110836717113,0.21529525572946662,0.7432536359033622,4
1791373500000,2575.43,2578.94,-0.002326537259494166,1.0,0.0025,trending,0.04765981660198282,0.300318407553228,0.6520217758447892,4
1791374400000,2578.94,2582.0,-0.007908597986057364,0.0,0.0025,trending,0.05564138488470553,0.43782969611832234,0.5065289189969722,4
1791375300000,2581.99,2573.42,-0.004577566040522063,0.0,0.0025,trending,0.04636665772247987,0.22968704345221838,0.7239462988253018,4
1791376200000,2573.42,2569.52,-0.004744076714717216,0.0,0.0025,high_volatility,0.03918453795852597,0.2269088491228007,0.7339066129186732,4
1791377100000,2569.52,2572.94,-0.0013603115502109908,1.0,0.0025,trending,0.04966807791139016,0.3153173929173493,0.6350145291712606,4
1791378000000,2572.95,2561.58,0.00030449956667366607,1.0,0.0025,high_volatility,0.04446082290673674,0.1918074016072015,0.7637317754860617,4
1791378900000,2561.58,2561.64,0.0001951874580345958,1.0,0.0025,high_volatility,0.047650718380319784,0.2689189040354534,0.6834303775842269,4
1791379800000,2561.65,2557.33,0.0007703346850036485,1.0,0.0025,high_volatility,0.03955013082294529,0.2053117857870285,0.7551380833900262,4
1791380700000,2557.33,2569.44,-0.0021950308238370964,1.0,0.0025146098622619733,high_volatility,0.0672847039766624,0.2632961077351816,0.6694191882881559,4
1791381600000,2569.43,2562.36,0.001030300192010447,1.0,0.0025,high_volatility,0.06449143739400552,0.32602749906591044,0.6094810635400841,4
1791382500000,2562.36,2562.14,-0.0003902987346514619,1.0,0.0025,high_volatility,0.06172782668559331,0.30106019481285984,0.6372119785015469,4
1791383400000,2562.13,2559.3,0.00225452272105664,1.0,0.0025,high_volatility,0.053249682304279594,0.30103742669516986,0.6457128910005505,4
1791384300000,2559.29,2563.8,0.0027030189562367024,2.0,0.0025,high_volatility,0.06512337766096812,0.44298400335033683,0.4918926189886952,4
1791385200000,2563.8,2565.0,0.0026861598440546253,2.0,0.0025,high_volatility,0.08503647256570579,0.41130663742369605,0.5036568900105982,4
1791386100000,2565.0,2561.14,0.003908415783596464,2.0,0.0025,high_volatility,0.06361307416684335,0.35235325459312633,0.5840336712400304,4
1791387000000,2561.15,2565.07,0.0005652867173215892,1.0,0.0025,high_volatility,0.08431183143824715,0.3741094422222767,0.5415787263394761,4
1791387900000,2565.07,2570.73,-0.000859677990298513,1.0,0.0025,high_volatility,0.12275748178254844,0.3305660617792294,0.5466764564382222,4
1791388800000,2570.74,2571.89,-0.0004082600733311681,1.0,0.0025,high_volatility,0.15562936022180174,0.29347709515659337,0.5508935446216048,4
1791389700000,2571.89,2571.15,-0.004192676428835473,0.0,0.0025,high_volatility,0.11026467730334723,0.32522777838863925,0.5645075443080135,4
1791390600000,2571.14,2566.52,-0.008073188597789938,0.0,0.0025,high_volatility,0.09263435109125355,0.2892672861562165,0.6180983627525299,4
1791391500000,2566.52,2568.52,-0.006575771261271068,0.0,0.0025,trending,0.10048442620330143,0.3176925417042553,0.5818230320924432,4
1791392400000,2568.51,2570.84,-0.004325434488338553,0.0,0.0025,trending,0.12750838331186265,0.3179723512199997,0.5545192654681377,4
1791393300000,2570.83,2560.37,-0.0004413424622222717,1.0,0.0025,trending,0.09615027271702077,0.24416763079326345,0.6596820964897159,4
1791394200000,2560.37,2545.8,0.004996464765496089,2.0,0.0025,high_volatility,0.07416251580297874,0.13722804487122847,0.7886094393257927,4
1791395100000,2545.8,2551.63,0.004448137073165048,2.0,0.0025,high_volatility,0.08048530637445063,0.19118699551018348,0.7283276981153659,4
1791396000000,2551.63,2559.72,0.0008633756817151284,1.0,0.0025,high_volatility,0.11503887985627612,0.23334609209345472,0.6516150280502692,4
1791396900000,2559.73,2559.24,0.0031259280098778763,2.0,0.0025,high_volatility,0.13768556807051086,0.26323913116545977,0.5990753007640294,4
1791397800000,2559.24,2558.52,0.0045651392211121244,2.0,0.0025,high_volatility,0.10676802266934717,0.29469855151705476,0.598533425813598,4
1791398700000,2558.51,2562.98,0.003164285324114946,2.0,0.0025,high_volatility,0.11529093829348983,0.29077839994054444,0.5939306617659658,4
1791399600000,2562.98,2561.93,0.005570019477503241,2.0,0.0025,trending,0.13804083670432524,0.33274765411351953,0.5292115091821552,4
1791400500000,2561.92,2567.24,0.00409778594911292,2.0,0.0025,trending,0.1748820901968138,0.3159574603817981,0.509160449421388,4
1791401400000,2567.23,2570.2,0.0003346043109486718,1.0,0.0025,trending,0.17474342300903212,0.339969029082231,0.48528754790873696,4
1791402300000,2570.2,2571.09,0.001334064540720048,1.0,0.0025,trending,0.14817288995925318,0.26540577484909295,0.5864213351916538,4
1791403200000,2571.1,2576.2,-0.001389643661206419,1.0,0.0025,trending,0.17601022132994726,0.27242789323930366,0.551561885430749,4
1791404100000,2576.19,2577.76,-0.0029638135435418045,0.0,0.0025,trending,0.16655518122794324,0.2974422483775311,0.5360025703945257,4
1791405000000,2577.76,2571.06,-0.001800813672181989,1.0,0.0025,ranging,0.1620444381724977,0.18314053943185304,0.6548150223956491,4
1791405900000,2571.05,2574.52,-0.0026529217096779023,0.0,0.0025,low_liquidity,0.15691203541274537,0.30464485545145176,0.538443109135803,4
1791406800000,2574.52,2572.62,-0.0019241084963965704,1.0,0.0025,ranging,0.14665054035241373,0.27274101666529155,0.5806084429822947,4
1791407700000,2572.62,2570.12,-0.0002178886588952711,1.0,0.0025,ranging,0.1602569852956228,0.25371527079570805,0.5860277439086692,4
1791408600000,2570.12,2566.43,0.0014183125976552358,1.0,0.0025,ranging,0.15522877214990374,0.21342124848934604,0.6313499793607501,4
1791409500000,2566.43,2567.69,0.0008217502891705308,1.0,0.0025,ranging,0.12865950256587777,0.20693716155146913,0.6644033358826532,4
1791410400000,2567.7,2567.67,0.0003777744024737739,1.0,0.0025,ranging,0.1408910911072759,0.20139272306352474,0.6577161858291993,4
1791411300000,2567.66,2569.56,0.0025335076822492475,2.0,0.0025,low_liquidity,0.14833164215018818,0.22242106444861404,0.6292472934011978,4
1791412200000,2569.56,2570.07,0.0019299085238924096,1.0,0.0025,low_liquidity,0.13874676023797722,0.24666491280869246,0.6145883269533303,4
1791413100000,2570.06,2569.8,0.001688847381118963,1.0,0.0025,low_liquidity,0.12823456456525806,0.3262708167091421,0.5454946187255998,4
1791414000000,2569.8,2568.64,0.0010783916780865432,1.0,0.0025,ranging,0.12053117093902771,0.4933901946552744,0.38607863440569784,4
1791414900000,2568.65,2576.07,-0.0014828789590345393,1.0,0.0025,ranging,0.15774364451195436,0.3219210268126651,0.5203353286753806,4
1791415800000,2576.08,2575.03,-0.001168918420368037,1.0,0.0025,ranging,0.17048417885167222,0.4208045630144549,0.4087112581338729,4
1791416700000,2575.04,2574.14,0.0006254516071386718,1.0,0.0025,ranging,0.14311949422300516,0.5609146800334798,0.29596582574351504,4
1791417600000,2574.15,2571.41,0.004091140658238013,2.0,0.0025,ranging,0.16304729671601312,0.3949583175074131,0.4419943857765737,4
1791418500000,2571.4,2572.25,0.003603848770531659,2.0,0.0025,ranging,0.19690663415771226,0.4194524635690741,0.38364090227321374,4
1791419400000,2572.25,2572.02,0.004234026173979943,2.0,0.0025,ranging,0.18905738705510416,0.484875280231898,0.32606733271299776,4
1791420300000,2572.02,2575.75,0.00088906143841605,1.0,0.0025,ranging,0.2698757210199921,0.345989661324631,0.38413461765537693,4
1791421200000,2575.75,2581.93,-0.001452401885411292,1.0,0.0025,ranging,0.3471324166463694,0.2904336290921323,0.36243395426149827,4
1791422100000,2581.93,2581.52,-0.0010923796832874588,1.0,0.0025,ranging,0.2611031756434453,0.34872096779318723,0.3901758565633675,4
1791423000000,2581.51,2582.91,0.00039877502506868723,1.0,0.0025,ranging,0.27845066427392695,0.40127555747228666,0.3202737782537864,4
1791423900000,2582.91,2578.04,0.0008843927945261232,1.0,0.0025,ranging,0.18822012594422402,0.47804494932640895,0.33373492472936694,4
1791424800000,2578.04,2578.18,-0.003172780798858077,0.0,0.0025,ranging,0.2059471085775574,0.44267501128212083,0.35137788014032173,4
1791425700000,2578.18,2578.7,-0.0030441695427928517,0.0,0.0025,ranging,0.21549332780502195,0.4303347860734879,0.3541718861214901,4
1791426600000,2578.71,2583.94,-0.006188224184772162,0.0,0.0025,ranging,0.30682276584616636,0.37595405159697853,0.3172231825568551,4
1791427500000,2583.95,2580.32,-0.006193030321820503,0.0,0.0025,ranging,0.23200055785738363,0.2918567687239634,0.4761426734186531,4
1791428400000,2580.31,2570.0,-0.002964980544747031,0.0,0.0025,ranging,0.20136502113881255,0.16510536294059638,0.633529615920591,4
1791429300000,2570.0,2570.85,0.000941322908765585,1.0,0.0025,ranging,0.18477456173584855,0.19261952108431532,0.622605917179836,4
1791430200000,2570.85,2567.95,-0.003738390544987258,0.0,0.0025,ranging,0.17317345364693928,0.19941727028149883,0.6274092760715618,4
1791431100000,2567.94,2564.34,-0.0006941357230321188,1.0,0.0025,ranging,0.18720433687920493,0.17517984035272982,0.6376158227680653,4
1791432000000,2564.35,2562.38,0.0025796329974474563,2.0,0.0025,ranging,0.18330268753603954,0.16566928252171662,0.6510280299422438,4
1791432900000,2562.38,2573.27,-0.00027202742036391836,1.0,0.0025,ranging,0.1956918139564533,0.11438992186317283,0.6899182641803739,4
1791433800000,2573.26,2558.35,0.004377821642855828,2.0,0.0025,ranging,0.16292652751569942,0.16108625514831368,0.6759872173359869,4
1791434700000,2558.34,2562.56,-0.00035511363636353543,1.0,0.0025,ranging,0.1773955983863743,0.15335667326078764,0.669247728352838,4
1791435600000,2562.57,2568.99,0.0011171705611934257,1.0,0.0025,ranging,0.18216547707869582,0.19248943962337953,0.6253450832979247,4
1791436500000,2568.99,2572.57,-0.00543036729807167,0.0,0.0025,ranging,0.27473131593803046,0.21823226567807447,0.507036418383895,4
1791437400000,2572.57,2569.55,-0.002934365939561423,0.0,0.0025,ranging,0.2296885346919505,0.24876686991484184,0.5215445953932076,4
1791438300000,2569.54,2561.65,0.001990904299962848,1.0,0.0025,ranging,0.15791555966015353,0.17751573255909978,0.6645687077807466,4
1791439200000,2561.65,2571.86,-0.0007232119944321491,1.0,0.0025,ranging,0.25450570879010015,0.22777593255622716,0.5177183586536727,4
1791440100000,2571.86,2558.6,0.005272414601735331,2.0,0.0025,trending,0.17146452764058273,0.21172537726093144,0.6168100950984858,4
1791441000000,2558.6,2562.01,0.004270084816218267,2.0,0.0025,trending,0.1819853381524187,0.2012176605858419,0.6167970012617394,4
1791441900000,2562.01,2566.75,0.0006467322489529526,1.0,0.0025,trending,0.19646219954287547,0.24506791346529505,0.5584698869918294,4
1791442800000,2566.76,2570.0,-0.0010350194552528613,1.0,0.0025,trending,0.20542717344557654,0.25421823793552517,0.5403545886188983,4
1791443700000,2570.01,2572.09,-0.0024221547457514703,1.0,0.0025,ranging,0.23742084454301313,0.2866781916917986,0.47590096376518826,4
1791444600000,2572.09,2572.95,-0.0037699916438328485,0.0,0.0025,ranging,0.21662860678514273,0.3283346644418589,0.45503672877299833,4
1791445500000,2572.95,2568.41,-0.0032432516615337192,0.0,0.0025,ranging,0.2820462951306389,0.2558245050901413,0.46212919977921973,4
1791446400000,2568.42,2567.34,-0.0007984918242227579,1.0,0.0025,ranging,0.2759098704310468,0.28697184629330097,0.4371182832756523,4
1791447300000,2567.33,2565.86,-0.001017202809194595,1.0,0.0025,ranging,0.22642417763706502,0.23556775130796082,0.5380080710549742,4
1791448200000,2565.85,2563.25,0.0017633863259534088,1.0,0.0025,ranging,0.19000996839459489,0.19522249925648563,0.6147675323489195,4
1791449100000,2563.25,2560.08,0.003066310427799035,2.0,0.0025,ranging,0.18116047993041837,0.18276977699531777,0.6360697430742639,4
1791450000000,2560.08,2565.29,-0.0004054122535853688,1.0,0.0025,ranging,0.2001130149407773,0.21197475706184596,0.5879122279973767,4
1791450900000,2565.28,2563.25,-0.002465619818589726,1.0,0.0025,ranging,0.22143502205825974,0.19497172499713913,0.5835932529446012,4
1791451800000,2563.31,2567.77,-0.0051172807533385045,0.0,0.0025,ranging,0.2437043915791976,0.21062014223691478,0.5456754661838876,4
1791452700000,2567.77,2567.93,-0.006440985540883126,0.0,0.0025,ranging,0.1981792435450521,0.2869740955076636,0.5148466609472843,4
1791453600000,2567.94,2564.25,-0.010010724383347935,0.0,0.0025,ranging,0.17820085485835266,0.22568446267651474,0.5961146824651327,4
1791454500000,2564.25,2556.93,-0.006922363928617448,0.0,0.0025,ranging,0.14729187185053905,0.16890606531020244,0.6838020628392584,4
1791455400000,2556.92,2554.63,-0.005006595867111829,0.0,0.0025,ranging,0.10936389512819264,0.1655892771351531,0.7250468277366543,4
1791456300000,2554.64,2551.39,-0.005471527285126898,0.0,0.0025,ranging,0.14235596011857637,0.13665095219795406,0.7209930876834696,4
1791457200000,2551.4,2538.58,-0.0007957204421369379,1.0,0.0025,trending,0.13791848570297602,0.07921294194371555,0.7828685723533084,4
1791458100000,2538.59,2539.23,-0.0010514998641321105,1.0,0.0025,trending,0.1349300502913086,0.11041052774335965,0.7546594219653319,4
1791459000000,2539.24,2541.84,-0.003458124822962927,0.0,0.0025,trending,0.13281486084353397,0.13087110975431157,0.7363140294021544,4
1791459900000,2541.85,2537.43,-0.0028848086449674293,0.0,0.0025,trending,0.10620722642740098,0.14048035768446235,0.7533124158881367,4
1791460800000,2537.42,2536.56,-6.701990096824595e-05,1.0,0.0025,trending,0.10811380588534596,0.1426201594973453,0.7492660346173088,4
1791461700000,2536.57,2536.56,-0.0008870281010502357,1.0,0.0025,trending,0.10801663652675364,0.1625969841610477,0.7293863793121986,4
1791462600000,2536.56,2533.05,-0.007098162294467136,0.0,0.0025,trending,0.10014911342657627,0.14396084101007722,0.7558900455633465,4
1791463500000,2533.06,2530.11,-0.003082869914746822,0.0,0.0025,trending,0.0910664896017324,0.08761127557062211,0.8213222348276455,4
1791464400000,2530.1,2536.39,-0.0013877991949187152,1.0,0.0025,high_volatility,0.08522793132038774,0.15656637580362354,0.7582056928759887,4
1791465300000,2536.39,2534.31,0.00022491329000806637,1.0,0.0025,high_volatility,0.09874357209343984,0.2187312780975145,0.6825251498090457,4
1791466200000,2534.3,2515.07,0.004962088530339193,2.0,0.002727117200310569,high_volatility,0.05626475251356592,0.0743928577819749,0.8693423897044592,4
1791467100000,2515.06,2522.31,0.0037307071692218585,2.0,0.002881700236823904,high_volatility,0.07376969655272414,0.10319525951208618,0.8230350439351897,4
1791468000000,2522.31,2532.87,-0.009321441684729037,0.0,0.0029521857254098272,high_volatility,0.12326991421780513,0.1836468892219448,0.69308319656025,4
1791468900000,2532.87,2534.88,-0.027330682320267696,0.0,0.0028833580895952352,high_volatility,0.14729070552078863,0.2625275353893369,0.5901817590898745,4
1791469800000,2534.89,2527.55,-0.029451445075270533,0.0,0.0028448940618382925,high_volatility,0.10219326229897134,0.2956360471882587,0.60217069051277,4
1791470700000,2527.54,2531.72,-0.03794258448801602,0.0,0.0027641274880880543,high_volatility,0.09403927117698298,0.3037567284842628,0.6022040003387543,4
1791471600000,2531.72,2509.26,-0.03362345870894223,0.0,0.0029761750753451934,high_volatility,0.06602581888776798,0.208387436858829,0.725586744253403,4
1791472500000,2509.27,2465.6,-0.014686080467229079,0.0,0.003816340325863564,abnormal,0.02593809171009889,0.04815824495385286,0.9259036633360483,4
1791473400000,2465.6,2453.11,-0.009180183522141228,0.0,0.004177973301437174,high_volatility,0.039140692593084385,0.16741337973973988,0.7934459276671758,4
1791474300000,2453.12,2435.66,-0.007866450982485174,0.0,0.004426414345637941,high_volatility,0.040154433205053394,0.11531283358723188,0.8445327332077147,4
1791475200000,2435.67,2424.89,0.0003216640754839517,1.0,0.004579003723475365,high_volatility,0.04232942204677467,0.1411982171535122,0.8164723607997131,4
1791476100000,2424.89,2429.39,-0.0039145629149702765,1.0,0.004628808772314868,high_volatility,0.054508357496767204,0.278236064439514,0.6672555780637187,4
1791477000000,2429.39,2430.59,-0.0032461254263369543,1.0,0.004567243892689842,high_volatility,0.07082697330169531,0.41752863610412816,0.5116443905941765,4
1791477900000,2430.59,2416.5,0.0007241878750259279,1.0,0.004639953454841091,high_volatility,0.044579977123113804,0.4344177567219592,0.5210022661549268,4
1791478800000,2416.49,2425.67,-0.0033104255731406518,1.0,0.00459083227688802,high_volatility,0.054124210219955955,0.573588421822431,0.372287367957613,4
1791479700000,2425.67,2419.88,0.00831859431046178,2.0,0.004630512188267495,high_volatility,0.04400992288074577,0.447793684679898,0.5081963924393563,4
1791480600000,2419.87,2422.7,0.010731828125644993,2.0,0.004438397827803739,high_volatility,0.06605853012657131,0.6875972194281992,0.24634425044522945,4
1791481500000,2422.69,2418.25,0.011996278300423935,2.0,0.004404181991890871,high_volatility,0.04166116353713698,0.47718875772781105,0.481150078735052,4
1791482400000,2418.25,2417.64,0.013997121159477821,2.0,0.0042179082057759755,high_volatility,0.05333419617677537,0.6300385589138748,0.31662724490934974,4
1791483300000,2417.64,2440.01,0.006635218708119783,2.0,0.004307534650910646,high_volatility,0.09635954563528815,0.682245930877456,0.22139452348725572,4
1791484200000,2440.0,2448.7,0.005272185241148586,2.0,0.004222285851571105,high_volatility,0.10513244093345311,0.7237293692462012,0.17113818982034548,4
1791485100000,2448.7,2447.26,0.007081388981963421,2.0,0.0040219454685078765,high_volatility,0.1596415626246409,0.6982947623823853,0.14206367499297387,4
1791486000000,2447.27,2451.48,0.008345978755690542,2.0,0.003928929855620384,high_volatility,0.1729042764668983,0.6559823093164567,0.1711134142166449,4
1791486900000,2451.49,2456.2,0.00558179301359818,2.0,0.003820477872670084,high_volatility,0.18329512135699105,0.616782038939854,0.19992283970315491,4
1791487800000,2456.21,2461.61,0.004257376270002222,2.0,0.003682553600549445,high_volatility,0.2392746240417365,0.5833821850639528,0.1773431908943108,4
1791488700000,2461.6,2464.59,0.004187309045317722,2.0,0.0035188449192195582,high_volatility,0.3256714395213994,0.4657897718010348,0.20853878867756573,4
1791489600000,2464.6,2471.94,0.0006836735519470949,1.0,0.0033963096074041093,high_volatility,0.34947696293430924,0.43730406549580597,0.21321897156988467,4
1791490500000,2471.93,2469.91,0.002214655594738435,1.0,0.0032779435115925146,high_volatility,0.21449655289124545,0.430462676142928,0.3550407709658266,4
1791491400000,2469.9,2472.09,0.001173096448753741,1.0,0.0032028691443656203,trending,0.20392500053049564,0.33927941352743585,0.4567955859420684,4
1791492300000,2472.08,2474.91,0.0018546128950143181,1.0,0.0031234368170453626,trending,0.18300623523647158,0.400781355190727,0.4162124095728013,4
1791493200000,2474.9,2473.63,0.0023002631759803105,1.0,0.0030345491434323095,trending,0.1392280023839565,0.3810114820661304,0.47976051554991317,4
1791494100000,2473.64,2475.38,-0.00047265470352031436,1.0,0.002898215147622065,trending,0.12243457988140971,0.3808559247385834,0.4967094953800069,4
1791495000000,2475.39,2474.99,0.00034747615141883514,1.0,0.0027773384815283344,trending,0.09548705359411554,0.35566085177473494,0.5488520946311495,4
1791495900000,2475.0,2479.5,-0.001270417422867598,1.0,0.002782718422181071,trending,0.12503408271049526,0.27613996299547533,0.5988259542940293,4
1791496800000,2479.5,2479.32,-0.0012785763838472075,1.0,0.002645332310627036,trending,0.09473171272311919,0.3973935147441162,0.5078747725327647,4
1791497700000,2479.32,2474.21,0.001604552564252737,1.0,0.0025631306546040357,trending,0.07720933325401284,0.22098131098447948,0.7018093557615077,4
1791498600000,2474.21,2475.85,-4.442918593616785e-05,1.0,0.0025,trending,0.0799166684540547,0.2332934177272305,0.6867899138187148,4
1791499500000,2475.85,2476.35,-0.0006259212146908499,1.0,0.0025,ranging,0.08226099665198396,0.19450395049513874,0.7232350528528774,4
1791500400000,2476.36,2476.15,0.0015467560527431257,1.0,0.0025,ranging,0.09192240295451114,0.21075655956113126,0.6973210374843575,4
1791501300000,2476.14,2478.18,0.00015333833700537092,1.0,0.0025,ranging,0.10489005504629699,0.28359572513300946,0.6115142198206936,4
1791502200000,2478.18,2475.74,0.00200748059166167,1.0,0.0025,ranging,0.10172810269571557,0.2690403252120625,0.6292315720922219,4
1791503100000,2475.74,2474.8,0.0013819298529171853,1.0,0.0025,ranging,0.0635026736175576,0.45205970859010103,0.4844376177923413,4
1791504000000,2474.88,2479.98,-0.001693562044855157,1.0,0.0025,ranging,0.08595769721089591,0.44795398412258064,0.46608831866652334,4
1791504900000,2479.98,2478.56,0.0002703182493060119,1.0,0.0025,low_liquidity,0.11216854667811611,0.4666177241496982,0.4212137291721856,4
1791505800000,2478.55,2480.71,0.0016446904313685007,1.0,0.0025,ranging,0.13886567007797798,0.4423499463479139,0.418784383574108,4
1791506700000,2480.71,2478.22,0.0015938859342594647,1.0,0.0025,ranging,0.10577642451432046,0.5414522865181486,0.3527712889675309,4
1791507600000,2478.22,2475.78,0.002714296100622793,2.0,0.0025,ranging,0.11122162849714207,0.47559558049215445,0.41318279101070343,4
1791508500000,2475.78,2479.23,-0.0003146138115464048,1.0,0.0025,ranging,0.1779226295518338,0.4487679371951126,0.3733094332530536,4
1791509400000,2479.22,2484.79,0.0004829381959843282,1.0,0.0025,ranging,0.24270409344392838,0.3873583799826703,0.3699375265734014,4
1791510300000,2484.79,2482.17,0.003025578425329245,2.0,0.0025,ranging,0.11385339049384091,0.6390482629364289,0.2470983465697302,4
1791511200000,2482.18,2482.5,0.0010956696878146044,1.0,0.0025,ranging,0.13165738713847616,0.5644755783755123,0.30386703448601166,4
1791512100000,2482.5,2478.45,0.004349492626440021,2.0,0.0025,ranging,0.10621197452404513,0.5229787388082086,0.3708092866677463,4
1791513000000,2478.46,2485.99,0.002618675055008346,2.0,0.0025,ranging,0.16733187862238275,0.399190534710512,0.4334775866671052,4
1791513900000,2486.0,2489.68,0.0016106487580733742,1.0,0.0025,ranging,0.1830112871215052,0.29641247080206706,0.5205762420764277,4
1791514800000,2489.68,2485.22,0.004257168379459442,2.0,0.0025,ranging,0.10124321002800264,0.29050484254587805,0.6082519474261193,4
1791515700000,2485.22,2489.23,0.0017997533373774743,1.0,0.0025,ranging,0.12500639043602177,0.3424097841410129,0.5325838254229653,4
1791516600000,2489.22,2492.5,-0.0006740220661984875,1.0,0.0025,ranging,0.13291450406502284,0.33808175376079264,0.5290037421741844,4
1791517500000,2492.51,2493.69,-0.0025223664529271383,0.0,0.0025,ranging,0.18916471297461,0.45677907745329144,0.35405620957209843,4
1791518400000,2493.68,2495.8,-0.0016107059860566153,1.0,0.0025,trending,0.2114447173889749,0.40534160093098504,0.38321368168004005,4
1791519300000,2495.8,2493.71,0.0013514001227086236,1.0,0.0025,low_liquidity,0.17966973852652535,0.39421597706648265,0.42611428440699206,4
1791520200000,2493.7,2490.82,0.0023325651793384417,1.0,0.0025,low_liquidity,0.18039573111676296,0.34361487271369534,0.4759893961695416,4
1791521100000,2490.82,2487.4,0.0015196590817720956,1.0,0.0025,trending,0.12457469835343134,0.22236544004172312,0.6530598616048455,4
1791522000000,2487.4,2491.78,0.0018380434869851303,1.0,0.0025,trending,0.1621393441455782,0.27111485950762654,0.5667457963467953,4
1791522900000,2491.79,2497.08,0.0004405145209604999,1.0,0.0025,trending,0.1575370268618677,0.39310361639307373,0.44935935674505856,4
1791523800000,2497.08,2496.63,0.0011775873877988285,1.0,0.0025,trending,0.1672986043054754,0.30945662401091467,0.5232447716836099,4
1791524700000,2496.64,2491.18,0.0033879526971154483,2.0,0.0025,trending,0.10178820951495277,0.22826650273959037,0.6699452877454568,4
1791525600000,2491.18,2496.36,0.0008011664984217681,1.0,0.0025,low_liquidity,0.12433266708024343,0.2547451768552893,0.6209221560644672,4
1791526500000,2496.36,2498.18,0.000988719788005854,1.0,0.0025,trending,0.15491723162927545,0.33601864288036537,0.5090641254903592,4
1791527400000,2498.19,2499.57,0.001704293138419688,1.0,0.0025,trending,0.1579052523286346,0.33545106141434955,0.5066436862570158,4
1791528300000,2499.57,2499.62,0.0019522967491059084,1.0,0.0025,trending,0.11678055748884449,0.23115977693609746,0.6520596655750581,4
1791529200000,2499.62,2498.36,0.0026737539826124923,2.0,0.0025,trending,0.1039832424616901,0.2296837410409444,0.6663330164973654,4
1791530100000,2498.36,2500.65,-0.000411892907844047,1.0,0.0025,trending,0.14862805576879903,0.2065657938827147,0.6448061503484862,4
1791531000000,2500.65,2503.83,-0.002304469552645294,1.0,0.0025,trending,0.15954743887016296,0.24581966291770913,0.594632898212128,4
1791531900000,2503.84,2504.5,0.0005430225593932025,1.0,0.0025,trending,0.152220286419802,0.37191328720592487,0.47586642637427307,4
1791532800000,2504.49,2505.04,-0.0005908089291987162,1.0,0.0025,trending,0.18350651306939456,0.3532913028927741,0.46320218403783125,4
1791533700000,2505.05,2499.62,0.002752418367591991,2.0,0.0025,trending,0.11370452076479193,0.31175605767681885,0.5745394215583892,4
