open_ts,open,close,fwd_return,label,label_threshold,regime,p_down,p_flat,p_up,fold
1784433600000,1867.08,1867.33,0.0035076820915425078,2.0,0.002551627674658419,trending,0.22340383000616845,0.4781066779911679,0.29848949200266367,0
1784437200000,1867.32,1868.56,-0.0012844115254526667,1.0,0.0025,trending,0.22781500065206772,0.45423919023366643,0.31794580911426584,0
1784440800000,1868.55,1869.39,0.001529910826526315,1.0,0.0025,trending,0.23465994110618593,0.45688530884350126,0.3084547500503127,0
1784444400000,1869.39,1870.25,0.0006202379361048838,1.0,0.0025,trending,0.23052991557460883,0.45190481325039944,0.3175652711749917,0
1784448000000,1870.26,1873.88,-0.001867782355326919,1.0,0.0025,trending,0.2324354208686176,0.44922664150582503,0.31833793762555734,0
1784451600000,1873.89,1866.16,0.00303832468812959,2.0,0.0025,trending,0.22300019918192188,0.45632505457320266,0.32067474624487563,0
1784455200000,1866.15,1872.25,0.0013032447589798046,1.0,0.002566127950404792,trending,0.22396054390681946,0.45380846923841256,0.322230986854768,0
1784458800000,1872.25,1871.41,-0.0002671782239059839,1.0,0.002586805430774877,trending,0.2209203246999492,0.44755392833925944,0.33152574696079135,0
1784462400000,1871.4,1870.38,-0.0019140495514281541,1.0,0.0026295136422118696,trending,0.2214240892792824,0.453957659683129,0.3246182510375887,0
1784466000000,1870.39,1871.83,-0.002457488126592633,1.0,0.002620219114814418,trending,0.22134772043316284,0.4487137240289018,0.3299385555379354,0
1784469600000,1871.83,1874.69,-0.0072385301036438365,0.0,0.0026664165311095192,trending,0.21688728158897877,0.4514222613666598,0.33169045704436134,0
1784473200000,1874.69,1870.91,-0.004564623632350107,0.0,0.0026429139252775436,trending,0.23462470998853754,0.4491985885463336,0.31617670146512894,0
1784476800000,1870.91,1866.8,0.0001821298478681399,1.0,0.002633785209037355,trending,0.2254894547324142,0.449674878574923,0.32483566669266295,0
1784480400000,1866.8,1867.23,-0.002736674110848769,1.0,0.0028141667820783456,trending,0.21850245060711818,0.44015457612233866,0.3413429732705432,0
1784484000000,1867.23,1861.12,0.005007737276478741,2.0,0.0029899452375260196,trending,0.22043474423669795,0.4380259751457912,0.341539280617511,0
1784487600000,1861.12,1862.37,0.005294329268620057,2.0,0.002957000620792614,trending,0.21395382149332554,0.4539650017350986,0.332081176771576,0
1784491200000,1862.37,1867.14,0.002677892391572234,1.0,0.0028523907534629754,trending,0.22341873042224267,0.45661410745485465,0.3199671621229029,0
1784494800000,1867.15,1862.12,0.003995446050737872,2.0,0.0029029726229271397,trending,0.22305640518936545,0.4489584133676683,0.3279851814429663,0
1784498400000,1862.12,1870.44,0.004608541305789027,2.0,0.0031425716465440564,trending,0.21561763922899949,0.4455557048723322,0.3388266558986683,0
1784502000000,1870.44,1872.23,0.004118083782441273,2.0,0.003142848453345715,trending,0.211219965028582,0.4507532650211163,0.3380267699503016,0
1784505600000,1872.24,1872.14,-0.0017092738790902562,1.0,0.003596791337243433,trending,0.2170358385215263,0.43989341279176847,0.3430707486867052,0
1784509200000,1872.14,1869.56,-0.007547230364363777,0.0,0.0038969467278546074,trending,0.21498784136335058,0.4525778333151762,0.33243432532147327,0
1784512800000,1869.57,1879.06,-0.015608868263919162,0.0,0.003956555953465415,trending,0.20330817202622792,0.46104764272739196,0.33564418524638,0
1784516400000,1879.06,1879.94,-0.008505590603955504,0.0,0.003930515958295909,trending,0.20679339250370818,0.4686078684638005,0.3245987390324913,0
1784520000000,1879.94,1868.94,-0.004243046860787469,0.0,0.0039356435893495205,trending,0.21806304576898627,0.4601758920035925,0.32176106222742135,0
1784523600000,1868.95,1855.45,0.00469427901587216,2.0,0.00410702303593759,trending,0.2172943923154949,0.4494757213326458,0.33322988635185924,0
1784527200000,1855.46,1849.73,0.010336643726381656,2.0,0.004221422531797891,trending,0.21982097005897508,0.45366081970113564,0.32651821023988936,0
1784530800000,1849.73,1863.95,0.01569248102148668,2.0,0.004264307928885763,trending,0.21674936558995997,0.4521507042062239,0.3310999302038162,0
1784534400000,1863.95,1861.01,0.006620061149590795,2.0,0.0042934419609553815,ranging,0.22535611321048457,0.45279761938031177,0.3218462674092038,0
1784538000000,1861.0,1864.16,-0.0007939232683890074,1.0,0.004200735356439684,ranging,0.22125035752395583,0.4652316857639044,0.31351795671213983,0
1784541600000,1864.15,1868.85,-0.00044947427562402886,1.0,0.004111961775071291,ranging,0.21956531704010596,0.4622461353005043,0.3181885476593898,0
1784545200000,1868.86,1893.2,0.0048278047749841235,2.0,0.004412948481914439,ranging,0.2214126402514201,0.4536095420934724,0.32497781765510764,0
1784548800000,1893.21,1873.33,0.013921732956820199,2.0,0.004638558947263707,ranging,0.22839660113080082,0.45108918099784406,0.32051421787135514,0
1784552400000,1873.34,1862.68,0.024212425107908997,2.0,0.004860591468238069,high_volatility,0.2239318962286971,0.4431783318720667,0.33288977189923613,0
1784556000000,1862.68,1868.01,0.016868218050224648,2.0,0.0049206085891536945,high_volatility,0.21436548699305438,0.44900093151162646,0.33663358149531913,0
1784559600000,1868.01,1902.34,-0.002039593342935464,1.0,0.005326323620162721,high_volatility,0.2178861974239564,0.48021615424559305,0.3018976483304507,0
1784563200000,1902.34,1899.41,0.0028587824640282644,1.0,0.005245922988963662,high_volatility,0.20699048763794614,0.5036012220133932,0.2894082903486606,0
1784566800000,1899.41,1907.78,-0.0027938231871599273,1.0,0.005165692270525242,high_volatility,0.23248455522226763,0.5088556096213512,0.25865983515638113,0
1784570400000,1907.78,1899.52,-0.0020005053908355164,1.0,0.005283254160382415,high_volatility,0.22721049951382108,0.5006886701824591,0.2721008303037198,0
1784574000000,1899.52,1898.46,0.003323746615677914,1.0,0.005156939619311174,high_volatility,0.22682734705925808,0.489961043740496,0.2832116092002459,0
1784577600000,1898.46,1904.84,0.005228785619789678,2.0,0.0050054135280131265,high_volatility,0.22556433178673665,0.5017328227908058,0.27270284542245754,0
1784581200000,1904.83,1902.45,0.0026492154852952865,1.0,0.004779425581340857,trending,0.2291318194729828,0.4992124905670234,0.27165568995999384,0
1784584800000,1902.46,1895.72,0.01138353765323985,2.0,0.004638721381543867,trending,0.22793651890778008,0.49046278420442924,0.2816006968877907,0
1784588400000,1895.72,1904.77,0.011539450957333441,2.0,0.004510342818535438,trending,0.23471383849287675,0.49597885388141405,0.2693073076257092,0
1784592000000,1904.77,1914.8,0.005112805514936314,2.0,0.004547851098809375,trending,0.25310155747263546,0.4899292380609725,0.25696920446639204,0
1784595600000,1914.8,1907.49,0.01209442775584657,2.0,0.004490378481370153,trending,0.24524760126757508,0.5074400517942659,0.24731234693815904,0
1784599200000,1907.49,1917.3,0.009247379126897215,2.0,0.004581948448434697,trending,0.2469725455258616,0.5033314711975105,0.24969598327662795,0
1784602800000,1917.3,1926.75,0.0038043337225899254,1.0,0.004492487604307398,trending,0.2670891571951419,0.47988156248990305,0.2530292803149551,0
1784606400000,1926.74,1924.59,0.007902981933814557,2.0,0.004368006632610832,trending,0.25389538964529496,0.4984365408282088,0.24766806952649617,0
1784610000000,1924.59,1930.56,0.006039698325874365,2.0,0.00435847202387369,trending,0.2579129737576463,0.48988071614213635,0.25220631010021727,0
1784613600000,1930.56,1935.03,-0.0004392696754055292,1.0,0.004307788242313139,trending,0.26227226090726474,0.48705396147600666,0.2506737776167285,0
1784617200000,1935.03,1934.08,0.0008324371277299569,1.0,0.004153399374556876,trending,0.26774157758183315,0.4815718814313854,0.25068654098678134,0
1784620800000,1934.07,1939.8,0.0015413960202081967,1.0,0.004317495419647772,trending,0.275607965251763,0.46365700958154915,0.26073502516668784,0
1784624400000,1939.79,1942.22,-0.0009885594834777578,1.0,0.004167837724556206,trending,0.27693202155062896,0.46417437476410606,0.25889360368526504,0
1784628000000,1942.22,1934.18,-0.0011943045631741533,1.0,0.004218367592100241,trending,0.2769312195076131,0.45983973643456455,0.2632290440578224,0
1784631600000,1934.19,1935.69,-0.002004453192401723,1.0,0.004165516061114778,trending,0.2715165339935161,0.46488522793188686,0.263598238074597,0
1784635200000,1935.69,1942.79,-0.00845176267120995,0.0,0.004137309200994828,trending,0.262378916764328,0.4791840811087811,0.2584370021268909,0
1784638800000,1942.8,1940.3,-0.011127145286811246,0.0,0.004205424722753096,trending,0.2512693850971158,0.4905982343914141,0.25813238051147,0
1784642400000,1940.31,1931.87,-0.006180540098453702,0.0,0.0042770259113949485,trending,0.25300525986073136,0.48315272774612833,0.26384201239314037,0
1784646000000,1931.88,1931.81,-0.004358606695275324,0.0,0.004174639868339807,trending,0.2555617641524057,0.47288630446992325,0.27155193137767086,0
1784649600000,1931.81,1926.37,-0.0016248176622351007,1.0,0.0041928580539989605,trending,0.2568937644030951,0.4711532930290925,0.2719529425678123,0
1784653200000,1926.37,1918.71,0.002923839454633592,1.0,0.004207773064911386,trending,0.25861696805164064,0.47012854872306536,0.2712544832252939,0
1784656800000,1918.7,1919.93,0.0004843926601489912,1.0,0.004080857536691802,trending,0.2589939232426811,0.4674624628327252,0.2735436139245936,0
1784660400000,1919.93,1923.39,0.0034834328971242723,1.0,0.003959916402641356,trending,0.2479833889017373,0.4724798434208046,0.279536767677458,0
1784664000000,1923.38,1923.24,0.00843368482352691,2.0,0.0037834230229713797,trending,0.2415192135414829,0.48204375213704626,0.2764370343214709,0
1784667600000,1923.25,1924.32,0.004827679388043515,2.0,0.0036602019129240914,trending,0.24053436474318363,0.47898815712277937,0.28047747813403706,0
1784671200000,1924.31,1920.86,0.0049821434149288635,2.0,0.0035436581488803064,low_liquidity,0.22572342263517894,0.49294208614478396,0.28133449122003723,0
1784674800000,1920.86,1930.09,-0.0006839059318477503,1.0,0.003615202455183692,trending,0.23413353884162652,0.499715373235527,0.2661510879228466,0
1784678400000,1930.09,1939.46,-0.0013612036340012734,1.0,0.0036868016055806195,trending,0.23815024424014494,0.49357018431351357,0.26827957144634157,0
1784682000000,1939.45,1933.61,-0.00737480670869517,0.0,0.003712199872831204,trending,0.2291413686525617,0.5026565384374306,0.26820209291000763,0
1784685600000,1933.62,1930.43,-0.006749791497231206,0.0,0.003663184899195918,trending,0.24335030320795478,0.48819193653334314,0.26845776025870194,0
1784689200000,1930.42,1928.77,-0.0074296053961850905,0.0,0.003610879558490351,trending,0.2471161663597616,0.47824605098313094,0.27463778265710737,0
1784692800000,1928.76,1936.82,-0.00800280872770831,0.0,0.0035888440904746207,trending,0.24365908307371675,0.4823966981394512,0.2739442187868321,0
1784696400000,1936.83,1919.35,0.0026779899445126265,1.0,0.0037806059769888516,trending,0.2454890621419293,0.4737494413402252,0.28076149651784554,0
1784700000000,1919.36,1917.4,0.006999061228747161,2.0,0.0036875821076582938,trending,0.23866849297683154,0.4885881888976926,0.27274331812547575,0
1784703600000,1917.41,1914.44,0.00670169866906245,2.0,0.0036157313116522,trending,0.23078321462834628,0.4705809081129524,0.2986358772587013,0
1784707200000,1914.43,1921.32,-0.0021599733516539654,1.0,0.003592370590443505,trending,0.22935111936340596,0.47254118248739124,0.29810769814920274,0
1784710800000,1921.33,1924.49,0.008022904769575234,2.0,0.003488167737827456,trending,0.21542248964311395,0.472422827351818,0.31215468300506816,0
1784714400000,1924.49,1930.82,0.0012326369107427126,1.0,0.0034585701961945933,trending,0.2315465592877085,0.4709229631705161,0.29753047754177553,0
1784718000000,1930.82,1927.27,0.008177370062316225,2.0,0.003420693319003188,low_liquidity,0.21442564714278797,0.486514012622039,0.299060340235173,0
1784721600000,1927.26,1917.17,0.01704074234418429,2.0,0.0035103003373237866,ranging,0.22454703035863946,0.46100038099499674,0.31445258864636383,0
1784725200000,1917.17,1939.93,-0.000721675524374632,1.0,0.003783124445218995,ranging,0.22719525569901294,0.4751741953695528,0.29763054893143415,0
1784728800000,1939.92,1933.2,-0.0012983654045106707,1.0,0.004254712980150526,ranging,0.23892566695865322,0.4652921771765386,0.29578215586480816,0
1784732400000,1933.2,1943.03,-0.009212415660077244,0.0,0.004357838189835718,trending,0.24261972063488188,0.488268775447591,0.2691115039175271,0
1784736000000,1943.04,1949.84,-0.011836868666146971,0.0,0.004494666756318262,trending,0.24551915439534663,0.4875094267455325,0.2669714188591208,0
1784739600000,1949.84,1938.53,0.00011864660335403343,1.0,0.004536885952824887,trending,0.25733531699177575,0.4810907064854445,0.2615739765227798,0
1784743200000,1938.53,1930.69,0.0040037499546794475,1.0,0.004602853452085047,trending,0.24375265713789204,0.49036032065800916,0.2658870222040987,0
1784746800000,1930.69,1925.13,0.004737342413239531,2.0,0.0045286322299673675,trending,0.22856564010060626,0.49419884007301396,0.27723551982637984,0
1784750400000,1925.14,1926.76,0.0029116236583695,1.0,0.004367312221531115,ranging,0.23312707299876764,0.47924922759995175,0.28762369940128063,0
1784754000000,1926.76,1938.76,-0.00534877963234226,0.0,0.004316304989029985,ranging,0.22074153770262597,0.5005196569459882,0.27873880535138584,0
1784757600000,1938.76,1938.42,-0.0055818656431527724,0.0,0.004192650014920583,ranging,0.22224036456636362,0.5014303999442769,0.27632923548935945,0
1784761200000,1938.43,1934.25,-0.007082848649347273,0.0,0.00423015625639287,ranging,0.2428324497428029,0.48434774259717017,0.2728198076600269,0
1784764800000,1934.26,1932.37,-0.006536015359377312,0.0,0.004134313844289762,ranging,0.24250935928940234,0.4828609219336624,0.27462971877693515,0
1784768400000,1932.36,1928.39,-0.002914348238686193,1.0,0.0040711723459456095,ranging,0.2357982580108247,0.4786227256775927,0.28557901631158267,0
1784772000000,1928.38,1927.6,-0.001146503423946732,1.0,0.0039573453488636785,low_liquidity,0.22587273799393354,0.501697507365843,0.2724297546402235,0
1784775600000,1927.6,1920.55,-0.002551352477154878,1.0,0.003921582196621696,ranging,0.22870620771011843,0.4787387010389166,0.292555091250965,0
1784779200000,1920.56,1919.74,0.0035421463323157543,1.0,0.00380798333332279,ranging,0.23155029974023836,0.47063564356642146,0.2978140566933402,0
1784782800000,1919.74,1922.77,0.0008269319783436035,1.0,0.0037617749770260866,low_liquidity,0.2185340979522614,0.4864629528229582,0.29500294922478043,0
1784786400000,1922.78,1925.39,0.001428282062335473,1.0,0.0036165350152990833,low_liquidity,0.21926582648065043,0.47839882543396656,0.30233534808538304,0
1784790000000,1925.39,1915.65,0.005423746509017668,2.0,0.003661425051190653,ranging,0.23490535899858217,0.4496116557647246,0.3154829852366933,0
1784793600000,1915.65,1926.54,-0.011367529353140782,0.0,0.003669202511500036,ranging,0.22296407678705715,0.4554934480589242,0.3215424751540188,0
1784797200000,1926.54,1924.36,-0.013323910287056373,0.0,0.0035949336137197606,ranging,0.2294655954805709,0.44596822581370965,0.32456617870571935,0
1784800800000,1924.36,1928.14,-0.016445901231238458,0.0,0.003516094112744882,ranging,0.21747667190359984,0.47107845933825543,0.3114448687581446,0
1784804400000,1928.15,1926.04,-0.015996552511889695,0.0,0.0033675232280119837,ranging,0.22091648534158748,0.4616032927443187,0.3174802219140938,0
1784808000000,1926.03,1904.64,-0.008762810819892497,0.0,0.003926943737963328,ranging,0.21516197706010942,0.4352825249546047,0.3495554979852859,0
1784811600000,1904.67,1898.72,-0.010749346928457082,0.0,0.003967499291777324,ranging,0.22673141594747395,0.4410965647331723,0.3321720193193537,0
1784815200000,1898.73,1896.43,-0.008036152138491848,0.0,0.004022114232632771,ranging,0.22216691703100813,0.44239561835647123,0.33543746461252066,0
1784818800000,1896.44,1895.23,-0.010331199907135269,0.0,0.004074121242144489,ranging,0.20592058459601217,0.47119941112949976,0.3228800042744881,0
1784822400000,1895.23,1887.95,-0.0010434598373897375,1.0,0.004041048242906839,ranging,0.20256851553262356,0.49727523181864175,0.30015625264873474,0
1784826000000,1887.94,1878.31,0.002347855252860409,1.0,0.004163425837684925,trending,0.19068289214356632,0.5074241626350982,0.3018929452213356,0
1784829600000,1878.31,1881.19,0.0011854198672116567,1.0,0.004053082547573065,trending,0.20956594168414333,0.48276607050790493,0.30766798780795174,0
1784833200000,1881.19,1875.65,0.0014554954282515187,1.0,0.00409892336941086,trending,0.19766128315101741,0.5027364930348212,0.2996022238141614,0
1784836800000,1875.64,1885.98,-0.007693612869701716,0.0,0.004109795628489518,trending,0.20872842005437273,0.5150897130838328,0.27618186686179436,0
1784840400000,1885.97,1882.72,-0.0052902184074106184,0.0,0.004006547543388694,trending,0.20209067805553665,0.5224065758707964,0.275502746073667,0
1784844000000,1882.73,1883.42,-0.007348334412929702,0.0,0.003944256932356866,trending,0.20229408267057242,0.5176400318489636,0.2800658854804641,0
1784847600000,1883.41,1878.38,0.0012191356381563434,1.0,0.0038831714064404433,low_liquidity,0.20891635313877213,0.47624181017870765,0.31484183668252025,0
1784851200000,1878.38,1871.47,0.0024846778201093045,1.0,0.004065899670296795,trending,0.21009332412362108,0.4500861843817595,0.33982049149461946,0
1784854800000,1871.47,1872.76,0.00438390397061017,2.0,0.003939476659644224,trending,0.21558151591499186,0.4611941456843455,0.32322433840066267,0
1784858400000,1872.76,1869.58,0.009922014570117543,2.0,0.003977899773459401,trending,0.2083957273677236,0.4644042818419283,0.32719999079034806,0
1784862000000,1869.57,1880.67,0.008140715808727661,2.0,0.003965722860167425,trending,0.21739078395761002,0.47164542784620334,0.3109637881961867,0
1784865600000,1880.67,1876.12,0.006369528601581909,2.0,0.003851292186176179,low_liquidity,0.21247698145406488,0.46539946118078707,0.3221235573651481,0
1784869200000,1876.13,1880.97,0.003774648186839702,2.0,0.0037642934174645123,trending,0.22771521037694542,0.45733201399817086,0.31495277562488366,0
1784872800000,1880.97,1888.13,-0.002282681806867193,1.0,0.003699836000352081,trending,0.2382703832972047,0.4543521517129651,0.3073774649898301,0
1784876400000,1888.14,1895.98,-0.006355552273758169,0.0,0.00391117098565996,trending,0.23586933690363102,0.4715380253790545,0.2925926377173145,0
1784880000000,1895.98,1888.07,-0.008167070076850913,0.0,0.0038669694279680326,trending,0.21699211355374873,0.48996126982227395,0.29304661662397735,0
1784883600000,1888.07,1888.07,-0.016138172843167875,0.0,0.0038340897084712627,trending,0.22710827983856074,0.4681807005793199,0.3047110195821194,0
1784887200000,1888.08,1883.82,-0.011105094966610274,0.0,0.003755946762670432,trending,0.21161072426342697,0.4820034308509044,0.30638584488566867,0
1784890800000,1883.81,1883.93,-0.011741412897506853,0.0,0.003669451594573182,trending,0.20909401861435434,0.4673614415670403,0.32354453981860537,0
1784894400000,1883.93,1872.65,-0.008106159720182693,0.0,0.003750333532440096,trending,0.21558462475503087,0.4587088021407525,0.32570657310421663,0
1784898000000,1872.65,1857.6,0.004807278208440957,2.0,0.004140281129407047,trending,0.21985412659003328,0.44353520901815147,0.33661066439181525,0
1784901600000,1857.61,1862.9,-9.662354393691341e-05,1.0,0.004180763515326525,trending,0.22459718640695983,0.447567633017129,0.32783518057591116,0
1784905200000,1862.9,1861.81,0.0010849657054157191,1.0,0.004236141810738827,trending,0.20906717537225158,0.4752652275200877,0.3156675971076608,0
1784908800000,1861.82,1857.47,0.0018465977916197751,1.0,0.004232776895472701,trending,0.21285567302896993,0.48002962992233844,0.3071146970486916,0
1784912400000,1857.47,1866.53,-0.004832496664934349,0.0,0.004177244455159259,trending,0.21716008335534123,0.4938700388780429,0.2889698777666158,0
1784916000000,1866.53,1862.72,-0.0017340233636832236,1.0,0.004077308498461134,trending,0.21488728949571054,0.4942486885332502,0.2908640219710391,0
1784919600000,1862.73,1863.83,-0.0012823057896910184,1.0,0.003935118742485549,trending,0.21843843814751004,0.49549762428522065,0.28606393756726917,0
1784923200000,1863.84,1860.9,-0.0003009296576925724,1.0,0.0038302165908772586,trending,0.218930296644863,0.4699668337103075,0.3111028696448295,0
1784926800000,1860.91,1857.51,0.001340504223395822,1.0,0.003677559540211105,trending,0.22844621715220884,0.4653315359938119,0.30622224685397925,0
1784930400000,1857.51,1859.49,-2.151127459681934e-05,1.0,0.0035250966309498043,low_liquidity,0.22035207866573986,0.47571041558606897,0.3039375057481911,0
1784934000000,1859.49,1861.44,-0.0014504899432697949,1.0,0.0033359528546909535,low_liquidity,0.19517227747447935,0.4956331112649342,0.30919461126058634,0
1784937600000,1861.44,1860.34,0.0005052839803476594,1.0,0.003280114274958463,trending,0.20594243541252505,0.4669893701803478,0.3270681944071272,0
1784941200000,1860.34,1860.0,-0.000849462365591358,1.0,0.0031814002025188563,trending,0.2075378785887285,0.4630401752541928,0.32942194615707865,0
1784944800000,1859.99,1859.45,-0.0004840140901880563,1.0,0.003032473384868261,low_liquidity,0.1935837894191905,0.4659061529153654,0.34051005766544407,0
1784948400000,1859.45,1858.74,-0.0014633568976833988,1.0,0.0029227758074752905,trending,0.19909488151506222,0.44878069111328556,0.35212442737165217,0
1784952000000,1858.74,1861.28,-0.004018739791971093,0.0,0.0028042469988788883,low_liquidity,0.19921410909017337,0.4732175639515991,0.3275683269582276,0
1784955600000,1861.28,1858.42,-4.3047319766342795e-05,1.0,0.0027477010080357374,trending,0.19256868634044227,0.4503708571328707,0.35706045652668694,0
1784959200000,1858.42,1858.55,3.766377014335909e-05,1.0,0.0026755486264483886,low_liquidity,0.18570565419086693,0.46975913792641233,0.3445352078827208,0
1784962800000,1858.55,1856.02,0.0009321020247625711,1.0,0.0025517863760671253,low_liquidity,0.18542793262515758,0.469023314135772,0.3455487532390705,0
1784966400000,1856.03,1853.8,0.003517100010788532,2.0,0.0025,trending,0.1937251926161246,0.4393781780072414,0.3668966293766341,0
1784970000000,1853.8,1858.34,0.004789220487101398,2.0,0.0025,trending,0.18997787685555842,0.4564185372682486,0.353603585876193,0
1784973600000,1858.35,1858.62,0.005412617963865829,2.0,0.0025,trending,0.19637218418329916,0.4611393832517849,0.342488432564916,0
1784977200000,1858.63,1857.75,0.005452832727762091,2.0,0.0025,trending,0.19372557307472182,0.4712497926524714,0.3350246342728069,0
1784980800000,1857.75,1860.32,0.004122946589834031,2.0,0.0025,trending,0.19031499484129277,0.46570630662286305,0.3439786985358441,0
1784984400000,1860.32,1867.24,0.0031168998093442646,2.0,0.0025,trending,0.18360263476474076,0.48460832062058623,0.33178904461467307,0
1784988000000,1867.25,1868.68,0.0036389322944538893,2.0,0.0025,trending,0.18329276419751409,0.4981307575015704,0.3185764783009155,0
1784991600000,1868.67,1867.88,0.0036833201276311733,2.0,0.0025,trending,0.1940291084894499,0.4972683599022463,0.3087025316083037,0
1784995200000,1867.88,1867.99,0.0022698194315815545,1.0,0.0025,trending,0.18694179017824747,0.49060351271368924,0.3224546971080634,0
1784998800000,1867.99,1873.06,-0.00021889314811052163,1.0,0.0025,ranging,0.19855257959927844,0.49192561002112034,0.30952181037960114,0
1785002400000,1873.07,1875.48,0.00018128692388086343,1.0,0.0025,ranging,0.19779574581617468,0.49616352157621085,0.30604073260761444,0
1785006000000,1875.48,1874.76,6.934220913623612e-05,1.0,0.0025,low_liquidity,0.1839268109364727,0.5216830724923359,0.29439011657119135,0
1785009600000,1874.77,1872.23,0.0047109596577343815,2.0,0.0025,low_liquidity,0.17448711867064276,0.5045307850476584,0.3209820962816989,0
1785013200000,1872.23,1872.65,0.003220035778175312,2.0,0.0025,ranging,0.18160863475707129,0.48345113062027417,0.33494023462265454,0
1785016800000,1872.66,1875.82,0.002745465982876949,2.0,0.0025,ranging,0.18749067767703695,0.5122802825500794,0.3002290397728836,0
1785020400000,1875.83,1874.89,0.0039042290481041686,2.0,0.0025,low_liquidity,0.17500417790504683,0.4961234213336503,0.3288724007613028,0
1785024000000,1874.88,1881.05,0.002769729672257526,2.0,0.0025,ranging,0.19924261326656242,0.47027991049239937,0.3304774762410381,0
1785027600000,1881.05,1878.68,0.002512402325036689,2.0,0.0025,ranging,0.19952066090965923,0.46492524217469494,0.33555409691564575,0
1785031200000,1878.67,1880.97,0.002115929546989026,1.0,0.0025,low_liquidity,0.1985744576070707,0.48364396287779127,0.317781579515138,0
1785034800000,1880.98,1882.21,-0.00034533872415942746,1.0,0.0025,ranging,0.2037810424914257,0.46087610826744746,0.3353428492411268,0
1785038400000,1882.21,1886.26,-0.0025659241037820912,0.0,0.0025,ranging,0.20539554419143743,0.4528585583361094,0.34174589747245315,0
1785042000000,1886.25,1883.4,0.0002123818625887619,1.0,0.0025,ranging,0.20061879574719904,0.4587464479090264,0.34063475634377455,0
1785045600000,1883.4,1884.95,0.0006737579246134384,1.0,0.0025,ranging,0.19070233449684104,0.4514499164840527,0.3578477490191062,0
1785049200000,1884.95,1881.56,0.002290652437339169,1.0,0.0025,ranging,0.19840138488934067,0.4597090149458483,0.3418896001648109,0
1785052800000,1881.57,1881.42,0.0027372941714236543,2.0,0.0025,ranging,0.1934590383745017,0.4611763408765765,0.34536462074892177,0
1785056400000,1881.42,1883.8,0.0014969742010828568,1.0,0.0025,ranging,0.20185784045647903,0.4466656616180084,0.35147649792551255,0
1785060000000,1883.8,1886.22,0.0065580897244224,2.0,0.0025,ranging,0.1974138850788132,0.4527179758624819,0.3498681390587049,0
1785063600000,1886.21,1885.87,0.015250255850085326,2.0,0.0025,ranging,0.20072648458092415,0.46021188614890624,0.3390616292701696,0
1785067200000,1885.87,1886.57,0.015705751708126492,2.0,0.0025,ranging,0.2076064660433869,0.4494313002887962,0.34296223366781686,0
1785070800000,1886.57,1886.62,0.013044492266593322,2.0,0.0025,ranging,0.19523358054964138,0.45001975386074994,0.3547466655896086,0
1785074400000,1886.62,1898.59,0.008374635914020434,2.0,0.0025,ranging,0.20759233895196688,0.45804480448030016,0.33436285656773285,0
1785078000000,1898.58,1914.63,-0.00022458647362677553,1.0,0.0025,trending,0.24943383319572907,0.4391375143800668,0.31142865242420403,0
1785081600000,1914.63,1916.2,-0.0012524788644192597,1.0,0.0025693151518435,trending,0.2517842935854502,0.4367896854695316,0.31142602094501826,0
1785085200000,1916.19,1911.23,0.007680917524316877,2.0,0.0025482909667563633,trending,0.24154008611672545,0.45246639736954836,0.30599351651372625,0
1785088800000,1911.23,1914.49,0.01844877748120899,2.0,0.0025,trending,0.2580243967415347,0.4412710971225038,0.30070450613596156,0
1785092400000,1914.49,1914.2,0.021168112005015116,2.0,0.0025,trending,0.26098293664172184,0.42658473472599895,0.31243232863227927,0
1785096000000,1914.21,1913.8,0.015017243181105755,2.0,0.0025,trending,0.2535632578017612,0.4424114682833183,0.30402527391492046,0
1785099600000,1913.79,1925.91,0.011573749552159729,2.0,0.0025,trending,0.2615967312680959,0.426251222817911,0.31215204591399304,0
1785103200000,1925.91,1949.81,-0.003441360953118533,0.0,0.0028720981526437687,trending,0.2401805711010029,0.43914510100069154,0.32067432789830563,0
1785106800000,1949.81,1954.72,-0.0025988376851927564,1.0,0.0031287854923716676,trending,0.2639773222242614,0.4714744369469079,0.26454824082883077,0
1785110400000,1954.72,1942.54,0.005606062166030101,2.0,0.0032710006526592466,trending,0.27548987832966476,0.46942268333872705,0.25508743833160824,0
1785114000000,1942.54,1948.2,0.008956985935735684,2.0,0.0032914134989667026,trending,0.28091442592282195,0.45752232668904363,0.2615632473881344,0
1785117600000,1948.2,1943.1,0.013046163347228745,2.0,0.0032335043826481305,trending,0.2841119527836122,0.4532224972745283,0.2626655499418597,0
1785121200000,1943.09,1949.64,0.007550111815514571,2.0,0.003176238058491623,trending,0.28677653998007324,0.444251221004612,0.2689722390153148,0
1785124800000,1949.65,1953.43,0.005538975033658744,2.0,0.0032558397276530046,trending,0.2835219339271551,0.4434062537924031,0.27307181228044186,0
1785128400000,1953.43,1965.65,-0.00023401928115385218,1.0,0.0033925787903477836,trending,0.25490874746942843,0.4587829445282802,0.2863083080022913,0
1785132000000,1965.65,1968.45,-0.0005181741979730647,1.0,0.0035289583352460974,trending,0.25814465526046515,0.46205505575592504,0.2798002889836099,0
1785135600000,1968.45,1964.36,-0.002387546070984903,1.0,0.003520212852139317,trending,0.28110725730329,0.46140448834472175,0.25748825435198824,0
1785139200000,1964.37,1964.25,-0.003390607101947385,1.0,0.003420373066309172,trending,0.2923905332169758,0.45156285570207827,0.25604661108094595,0
1785142800000,1964.25,1965.19,-0.002050692299472301,1.0,0.003423590497664396,trending,0.28836234168611263,0.4483417031460416,0.26329595516784576,0
1785146400000,1965.19,1967.43,-0.01785578140010069,0.0,0.0033540520058933394,trending,0.284341204781999,0.4496108433296312,0.26604795188836977,0
1785150000000,1967.42,1959.67,-0.01628845672995971,0.0,0.003330634129850275,trending,0.2779098726995196,0.44237183695797,0.2797182903425105,0
1785153600000,1959.67,1957.59,-0.008694363988373421,0.0,0.0035689024773233515,trending,0.26544433769307996,0.43714861957313744,0.29740704273378255,0
1785157200000,1957.6,1961.16,-0.008897795182443047,0.0,0.003898852188339861,trending,0.25799960675086253,0.44589946770407424,0.2961009255450632,0
1785160800000,1961.18,1932.3,0.003570874087874598,1.0,0.004736825413456203,high_volatility,0.24124485914007227,0.4482335693636562,0.31052157149627163,0
1785164400000,1932.3,1927.75,0.010665283361431799,2.0,0.0046987635735027304,high_volatility,0.22465621588802814,0.4762150960975717,0.2991286880144003,0
1785168000000,1927.74,1940.57,0.003246468821016535,1.0,0.004869870311471761,high_volatility,0.22267007597643906,0.4781490960893208,0.29918082793424006,0
1785171600000,1940.57,1943.71,-0.0009312088737517543,1.0,0.004756375877439309,high_volatility,0.23571457173547675,0.47510049885546174,0.28918492940906143,0
1785175200000,1943.72,1939.2,-0.023514851485148536,0.0,0.004768579076702775,high_volatility,0.2318516510892723,0.4708988584567727,0.29724949045395493,0
1785178800000,1939.21,1948.31,-0.02862994082050596,0.0,0.004795730332297014,high_volatility,0.23427424616301107,0.46593981309014776,0.29978594074684106,0
1785182400000,1948.32,1946.87,-0.03493299501250724,0.0,0.00460726344367878,high_volatility,0.24705823314277797,0.47037582178166154,0.28256594507556054,0
1785186000000,1946.88,1941.9,-0.033987331994438486,0.0,0.004499226043261525,trending,0.25379207654008223,0.45441120482347647,0.29179671863644124,0
1785189600000,1941.89,1893.6,-0.00929446556822977,0.0,0.005406316452951457,high_volatility,0.19841426180014718,0.4590070920775223,0.34257864612233047,0
1785193200000,1893.61,1892.53,-0.005891584281358719,0.0,0.005333231587157911,high_volatility,0.21252936397679684,0.49924230671574754,0.28822832930745573,0
1785196800000,1892.53,1878.86,0.00017031604270689726,1.0,0.00538589927947842,high_volatility,0.2108575820233992,0.46921079534780524,0.3199316226287956,0
1785200400000,1878.86,1875.9,0.0038701423316807038,1.0,0.0053851316839585855,high_volatility,0.1979069140051042,0.4823739276369739,0.319719158357922,0
1785204000000,1875.9,1876.0,0.006727078891257898,2.0,0.005185485487252243,high_volatility,0.2091177374555961,0.4938072912909731,0.2970749712534308,0
1785207600000,1876.01,1881.38,0.0013022355930221163,1.0,0.005032537668516413,high_volatility,0.21719267476498638,0.48992492457084075,0.2928824006641728,0
1785211200000,1881.37,1879.18,0.0028310220415286302,1.0,0.004823589633484296,high_volatility,0.21084985215054852,0.4873683170952922,0.3017818307541592,0
1785214800000,1879.18,1883.16,-0.003568470018479597,1.0,0.004724471905007058,trending,0.2383418454383781,0.4691395262989036,0.29251862826271835,0
1785218400000,1883.16,1888.62,-0.005204858573985227,0.0,0.00460760368735714,trending,0.252653600935175,0.4666235694181832,0.2807228296466417,0
1785222000000,1888.62,1883.83,-0.003795459250569233,1.0,0.0044725055638252815,trending,0.2448782111693506,0.4810393987175535,0.2740823901130958,0
1785225600000,1883.84,1884.5,0.004234544972141263,1.0,0.004275507790316213,trending,0.2412887984021005,0.4844502174299875,0.274260984167912,0
1785229200000,1884.5,1876.44,-0.0012577007524888772,1.0,0.004222643775335274,trending,0.22311314434632182,0.4636404853205083,0.31324637033316993,0
1785232800000,1876.43,1878.79,0.005407735829975779,2.0,0.004081501920889493,trending,0.2394195788811858,0.4638136005619771,0.29676682055683695,0
1785236400000,1878.8,1876.68,0.023093974465545397,2.0,0.004023050772082446,trending,0.21834705554675768,0.45459133548147945,0.32706160897176284,0
1785240000000,1876.69,1892.48,0.017669935745688203,2.0,0.004128208412784577,trending,0.23776195920922505,0.4847364569468979,0.2775015838438771,0
1785243600000,1892.48,1874.08,0.014839281140613059,2.0,0.00477198618374826,high_volatility,0.2057585338673686,0.4589538611865154,0.3352876049461161,0
1785247200000,1874.08,1888.95,0.011789618571163896,2.0,0.004979791882644789,high_volatility,0.22632722675377276,0.48652513506410405,0.2871476381821232,0
1785250800000,1888.96,1920.02,0.0011510296767742734,1.0,0.005438764491939237,high_volatility,0.23919323047694444,0.499478625252223,0.26132814427083273,0
1785254400000,1920.02,1925.92,-0.0038163578964859335,1.0,0.0053559180546577856,high_volatility,0.23652297183417265,0.5137844401749893,0.24969258799083813,0
1785258000000,1925.92,1901.89,0.011598988374722063,2.0,0.005784543123559977,high_volatility,0.21153882406085434,0.5193396237453543,0.26912155219379136,0
1785261600000,1901.9,1911.22,0.0003557936815228313,1.0,0.005644051644517166,high_volatility,0.21220781448091228,0.5224519653529199,0.26534022016616776,0
1785265200000,1911.22,1922.23,0.0,1.0,0.005456360469441492,high_volatility,0.2292426346045341,0.49463270714359825,0.27612465825186766,0
1785268800000,1922.24,1918.57,-0.0006775879952255481,1.0,0.0052478422250228285,high_volatility,0.23485651309664332,0.5009290603423047,0.2642144265610521,0
1785272400000,1918.57,1923.95,-0.009485693495153158,0.0,0.005108856576671009,high_volatility,0.23137129707503692,0.4989913199134272,0.26963738301153584,0
1785276000000,1923.96,1911.9,-0.0004184319263560443,1.0,0.005154909474454,high_volatility,0.2180350596407201,0.5131024217424421,0.26886251861683785,0
1785279600000,1911.9,1922.23,-0.01536236558580395,0.0,0.00518548503244044,high_volatility,0.2086202420530053,0.5105217918040929,0.28085796614290176,0
1785283200000,1922.22,1917.27,-0.006128505635617287,0.0,0.005099588537749875,high_volatility,0.21754571101645337,0.5108611083370902,0.2715931806464564,0
1785286800000,1917.27,1905.7,0.003589232303090606,1.0,0.005060035888763492,high_volatility,0.21015759805474715,0.5131259118729106,0.2767164900723423,0
1785290400000,1905.69,1911.1,0.004751190413897932,1.0,0.005100197908153705,high_volatility,0.22157075495242143,0.5067562917350329,0.2716729533125457,0
1785294000000,1911.11,1892.7,0.0169123474401649,2.0,0.005277149306340263,high_volatility,0.20041323740200798,0.5105775258503236,0.2890092367476685,0
1785297600000,1892.7,1905.52,0.005017003232713257,1.0,0.005360246111951176,high_volatility,0.20016370743629258,0.512262789311814,0.28757350325189335,0
1785301200000,1905.52,1912.54,0.005108389889884712,1.0,0.005215903242590918,high_volatility,0.21527818675452787,0.514233178427461,0.2704886348180111,0
1785304800000,1912.53,1920.18,-0.004176691768480012,1.0,0.005110201969108654,high_volatility,0.21727569427031448,0.5205443417695617,0.2621799639601239,0
1785308400000,1920.19,1924.71,-0.004909830571878437,1.0,0.004991868868614709,ranging,0.22408803398593205,0.4927824892827612,0.28312947673130673,0
1785312000000,1924.71,1915.08,-0.005143388265764326,0.0,0.004954910465935345,ranging,0.20633330346526868,0.5138024020952094,0.2798642944395219,0
1785315600000,1915.08,1922.31,-0.006799111485660481,0.0,0.004801947699692593,ranging,0.2294588058965132,0.4920502242250334,0.2784909698784534,0
1785319200000,1922.31,1912.16,-0.00885386160153967,0.0,0.004764575030845776,ranging,0.21741472480226617,0.49815914068874256,0.2844261345089913,0
1785322800000,1912.16,1915.26,-0.01208713177323184,0.0,0.004567458475714853,ranging,0.21433683660031932,0.5083285589151578,0.27733460448452285,0
1785326400000,1915.26,1905.23,-0.005159482057284337,0.0,0.004555292415485239,ranging,0.21554748500750243,0.49126220112676794,0.2931903138657295,0
1785330000000,1905.23,1909.24,0.0036244788502231007,1.0,0.00458198164841262,ranging,0.2143574567404223,0.4798715843480345,0.3057709589115433,0
1785333600000,1909.24,1895.23,0.013359856059686592,2.0,0.0047399951589516464,ranging,0.2116043036892279,0.4754531064471996,0.3129425898635726,0
1785337200000,1895.23,1892.11,-0.0018762122709566897,1.0,0.004669841504469276,ranging,0.19953944332257384,0.49477763192442475,0.3056829247530014,0
1785340800000,1892.11,1895.4,-0.005935422602089235,0.0,0.004594435381799458,ranging,0.2104763036620469,0.49491087416761653,0.29461282217033663,0
1785344400000,1895.4,1916.16,-0.009278974615898439,0.0,0.004729541176647007,ranging,0.20250556994382954,0.5209715097849446,0.276522920271226,0
1785348000000,1916.15,1920.55,-0.006961547473379959,0.0,0.005306859607685711,high_volatility,0.21540500713357483,0.5055851139756634,0.27900987889076173,0
1785351600000,1920.56,1888.56,0.01173380776888222,2.0,0.00589720512128781,high_volatility,0.1986156941796311,0.520291774121482,0.2810925316988868,0
1785355200000,1888.57,1884.15,0.007467558315420675,2.0,0.005803827195672581,high_volatility,0.19383685803195033,0.522869046442777,0.2832940955252726,0
1785358800000,1884.16,1898.38,0.009687206987009978,2.0,0.005944642015803117,high_volatility,0.18948248354544217,0.532296227270209,0.27822128918434885,0
1785362400000,1898.39,1907.18,0.002060634025105035,1.0,0.0057940992770734116,high_volatility,0.20267345765151323,0.5427117402331638,0.25461480211532295,0
1785366000000,1907.18,1910.72,-0.0003820549321721378,1.0,0.005605556071990637,high_volatility,0.2147505088503003,0.5289116992563608,0.2563377918933389,0
1785369600000,1910.72,1898.22,0.001986071161403924,1.0,0.0057095002262405724,high_volatility,0.197241072096432,0.5248183130967007,0.2779406148068673,0
1785373200000,1898.22,1916.77,-0.0054414457655326265,1.0,0.005796601937966586,high_volatility,0.20597383349520612,0.5181637292421198,0.27586243726267407,0
1785376800000,1916.77,1911.11,-0.005122677396905417,1.0,0.005616249384474048,high_volatility,0.2069055746073765,0.5235534954556654,0.26954092993695805,0
1785380400000,1911.12,1909.99,-0.0035288142869858152,1.0,0.005389800645744162,high_volatility,0.20436526360087737,0.5265314280610512,0.2691033083380714,0
1785384000000,1910.0,1901.99,0.006834946555975607,2.0,0.00523001282715711,ranging,0.2216980655758577,0.4934872450512739,0.28481468937286847,0
1785387600000,1902.0,1906.34,0.006200362999255304,2.0,0.005058707008591601,ranging,0.2150236543034489,0.49513738267373025,0.28983896302282086,0
1785391200000,1906.34,1901.32,0.00890959964656135,2.0,0.0048756729063365286,ranging,0.2013091908821367,0.5029984366548527,0.29569237246301067,0
1785394800000,1901.33,1903.25,0.010492578484171844,2.0,0.004695981960690731,ranging,0.2071699427561778,0.5069171494756832,0.28591290776813894,0
1785398400000,1903.26,1914.99,0.005347286408806218,2.0,0.004724126111322486,ranging,0.2050568765779565,0.4862243508497148,0.3087187725723287,0
1785402000000,1914.99,1918.16,0.00609959544563532,2.0,0.004607112523198529,ranging,0.21510538276819657,0.47950539516267965,0.3053892220691237,0
1785405600000,1918.15,1918.26,-0.00044832295934849054,1.0,0.004393986754643733,ranging,0.21207157072198904,0.4951197742266064,0.2928086550514047,0
1785409200000,1918.27,1923.22,-0.002246232880273702,1.0,0.004286654576904415,ranging,0.22620070133639497,0.48238259068362055,0.2914167079799846,0
1785412800000,1923.25,1925.23,-0.0030385979856951684,1.0,0.004159070330005968,ranging,0.22676869858167398,0.4870465488748468,0.2861847525434793,0
1785416400000,1925.24,1929.86,-0.0046531872778334815,0.0,0.0042933229290017345,ranging,0.23658602830559752,0.47215231064012536,0.29126166105427714,0
1785420000000,1929.86,1917.4,-0.0005789089391885494,1.0,0.0043860606789299025,ranging,0.23327264409631826,0.48348381746516866,0.28324353843851297,0
1785423600000,1917.41,1918.9,0.0024910104747510875,1.0,0.004281538742253469,ranging,0.23347056182552473,0.4964477539970117,0.2700816841774637,0
1785427200000,1918.9,1919.38,0.0011983036188769614,1.0,0.004198229971681048,ranging,0.23335731543093288,0.4983826063468031,0.26826007822226416,0
1785430800000,1919.37,1920.88,-0.0011505143475907254,1.0,0.004098790374336884,ranging,0.23601589870340123,0.49806245204165217,0.26592164925494666,0
1785434400000,1920.88,1916.29,0.004874001325477995,2.0,0.003992263991706112,low_liquidity,0.22051594258459567,0.5153865176494689,0.26409753976593553,0
1785438000000,1916.3,1923.68,-0.002791524577892446,1.0,0.003990059318622363,ranging,0.23337114771660117,0.48157718053571835,0.2850516717476806,0
1785441600000,1923.69,1921.68,-0.002357312351692231,1.0,0.0038739453064363747,low_liquidity,0.22787065770712048,0.49569241112619306,0.2764369311666864,0
1785445200000,1921.69,1918.67,-0.004331125206523345,0.0,0.0037666077399651264,low_liquidity,0.22205519446129116,0.5009812567787334,0.27696354875997553,0
1785448800000,1918.66,1925.63,-0.011154790899601696,0.0,0.0038724025955774624,ranging,0.23640514419029515,0.47199987486369227,0.2915949809460126,0
1785452400000,1925.62,1918.31,-0.004905359404892784,0.0,0.004027748752495083,ranging,0.23545137631346494,0.47024784745044884,0.2943007762360862,0
1785456000000,1918.32,1917.15,-0.0058367889836475895,0.0,0.003900362488298662,trending,0.22689796135238605,0.48253599673081105,0.29056604191680285,0
1785459600000,1917.15,1910.36,-0.0022142423417574886,1.0,0.004293302207726862,trending,0.23086679659911516,0.4751902634026488,0.293942939998236,0
1785463200000,1910.35,1904.15,-0.0008087598140903429,1.0,0.004233714573513874,trending,0.23314894374337436,0.4796288670743752,0.28722218918225056,0
1785466800000,1904.15,1908.9,-0.00979621771700978,0.0,0.00420238876791547,trending,0.23549907771537743,0.48292679544829087,0.2815741268363317,0
1785470400000,1908.9,1905.96,-0.008137631429830594,0.0,0.004048774031682569,low_liquidity,0.21781360161601523,0.4937372371109665,0.2884491612730183,0
1785474000000,1905.97,1906.13,-0.011746313210536541,0.0,0.003930342691157107,low_liquidity,0.2162238605150116,0.4986353579192296,0.2851407815657589,0
1785477600000,1906.14,1902.61,-0.008141447800652846,0.0,0.0039009823903794925,trending,0.23682249609807907,0.4805671172452113,0.2826103866567097,0
1785481200000,1902.6,1890.2,-0.003142524600571406,1.0,0.004059911474782678,trending,0.22786383579894745,0.46908915477212965,0.3030470094289228,0
1785484800000,1890.2,1890.45,-0.003983178608267912,0.0,0.003885264683965827,ranging,0.2330774950120604,0.4665197659035681,0.30040273908437154,0
1785488400000,1890.45,1883.74,-0.00882287364498291,0.0,0.0038444675441804046,ranging,0.22796438871370733,0.46617498702626947,0.30586062426002325,0
1785492000000,1883.73,1887.12,-0.01427042265462708,0.0,0.0038412162748287315,ranging,0.23629412959005636,0.4633783274891624,0.3003275429207812,0
1785495600000,1887.12,1884.26,-0.011314786706717705,0.0,0.0037392045052628583,ranging,0.2222918412234703,0.48129453062111616,0.29641362815541344,0
1785499200000,1884.27,1882.92,-0.009745501667622669,0.0,0.0037297402535167922,ranging,0.22133201084689796,0.4669276369270479,0.31174035222605423,0
1785502800000,1882.93,1867.12,0.004225759458417189,2.0,0.0040804796667738025,ranging,0.2071842660111969,0.4803427328621066,0.31247300112669646,0
1785506400000,1867.13,1860.19,0.00625742531676865,2.0,0.00430054716148608,trending,0.20246445409440053,0.47962722799460944,0.31790831791099,0
1785510000000,1860.2,1862.94,0.002818126187638992,1.0,0.0042580104840514105,trending,0.19573307635081694,0.47920830188814256,0.32505862176104044,0
1785513600000,1862.93,1864.57,-0.0012442547075196542,1.0,0.004099583077563788,trending,0.1981732336129915,0.4915392972254464,0.31028746916156213,0
1785517200000,1864.57,1875.01,-0.007039962453533555,0.0,0.004125672283886124,trending,0.20908944055419107,0.5113323989868336,0.27957816045897527,0
1785520800000,1875.01,1871.83,-0.00552400591934088,0.0,0.004107431850767934,trending,0.20398951821082145,0.5190777665263793,0.2769327152627993,0
1785524400000,1871.82,1868.19,-0.002992201007392281,1.0,0.0040201395887347864,trending,0.19966881462821492,0.5217272155566963,0.2786039698150888,0
1785528000000,1868.19,1862.25,0.0013156128339375517,1.0,0.003955008323940693,trending,0.1985041034841342,0.5086020318628841,0.2928938646529817,0
1785531600000,1862.25,1861.81,0.0028037232585493843,1.0,0.003792844646045712,trending,0.20696657520508488,0.4957920384202984,0.29724138637461683,0
1785535200000,1861.81,1861.49,0.003631499497714241,1.0,0.003678168302040177,trending,0.20561406680051258,0.496396088906955,0.29798984429253256,0
1785538800000,1861.49,1862.6,0.003908514979061639,2.0,0.003501302160702473,low_liquidity,0.21369639262621493,0.483432546542813,0.3028710608309719,0
1785542400000,1862.6,1864.7,0.0027135732289376158,1.0,0.0033684403565038237,trending,0.22270553459831513,0.4813077168261388,0.2959867485755462,0
1785546000000,1864.69,1867.03,0.0002999416185063275,1.0,0.003188666320536773,low_liquidity,0.21955192000012408,0.4942731664512369,0.2861749135486389,0
1785549600000,1867.03,1868.25,0.001204335608189444,1.0,0.0030337544243319004,low_liquidity,0.21185136819674105,0.5115406239488557,0.27660800785440337,0
1785553200000,1868.25,1869.88,-4.278349412800697e-05,1.0,0.0028929874851539358,low_liquidity,0.21087068481827997,0.51738846314805,0.27174085203367,0
1785556800000,1869.88,1869.76,-0.00014440355981515385,1.0,0.002764450009765014,low_liquidity,0.2106851962103433,0.5073674923729048,0.2819473114167519,0
1785560400000,1869.76,1867.59,0.00018205280602279217,1.0,0.002701004069161595,trending,0.21196015243761268,0.47185686833982327,0.31618297922256405,0
1785564000000,1867.58,1870.5,-0.0016840417000802965,1.0,0.002613005936679709,trending,0.20731530873275272,0.48617295972142005,0.30651173154582717,0
1785567600000,1870.5,1869.8,-0.0015509680179697227,1.0,0.0025072642933267174,low_liquidity,0.19864276279186185,0.47677118468994173,0.32458605251819644,0
1785571200000,1869.81,1869.49,-0.00023000925386074123,1.0,0.0025,low_liquidity,0.19877197872948116,0.4809833791641813,0.3202446421063375,0
1785574800000,1869.5,1867.93,0.0007227251556536363,1.0,0.0025,trending,0.20568219023242496,0.47313319914163293,0.32118461062594195,0
1785578400000,1867.94,1867.35,0.004193107880151148,2.0,0.0025,trending,0.20804267931712456,0.45993611011126523,0.33202121057161016,0
1785582000000,1867.36,1866.9,0.0017087149820558256,1.0,0.0025,trending,0.20603398338841952,0.45897890960794085,0.33498710700363965,0
1785585600000,1866.9,1869.06,-0.00014445764180925913,1.0,0.0025,trending,0.2066271440751156,0.47428889803885727,0.31908395788602717,0
1785589200000,1869.07,1869.28,-0.00385710005991613,0.0,0.0025,trending,0.1938574515161727,0.4649619473814901,0.3411806011023372,0
1785592800000,1869.29,1875.18,-0.020462035644578158,0.0,0.0025,ranging,0.19236722907998285,0.47376405366159235,0.33386871725842476,0
1785596400000,1875.18,1870.09,-0.017533915480003603,0.0,0.0025,ranging,0.19492641031316693,0.4723096415974495,0.3327639480893836,0
1785600000000,1870.1,1868.79,-0.016256508221897503,0.0,0.0025,ranging,0.19340028434136436,0.4607076537652975,0.34589206189333815,0
1785603600000,1868.79,1862.07,-0.00874832847315088,0.0,0.0025,ranging,0.20224893656447634,0.44939068764110657,0.34836037579441703,0
1785607200000,1862.06,1836.81,0.005700099629248445,2.0,0.002965300975438278,ranging,0.20487240510530486,0.4157717867056043,0.37935580818909087,0
1785610800000,1836.8,1837.3,0.0041582757306919405,2.0,0.0029015802808870206,trending,0.20719165216677946,0.4571249723391369,0.33568337549408367,0
1785614400000,1837.29,1838.41,0.004503891950109029,2.0,0.0028654401999149283,trending,0.20586175632392273,0.4612240257859994,0.3329142178900778,0
1785618000000,1838.41,1845.78,0.006127490816890457,2.0,0.002867239283006678,trending,0.23030902273262263,0.4604326690623173,0.3092583082050601,0
1785621600000,1845.79,1847.28,0.016034385691394926,2.0,0.0027646751675531,trending,0.22961535982138775,0.4734780920830793,0.296906548095533,0
1785625200000,1847.28,1844.94,0.017610328791180185,2.0,0.002703095217410371,trending,0.19874745053729742,0.47324856680509897,0.3280039826576036,0
1785628800000,1844.95,1846.69,0.01869831969632152,2.0,0.0026475798929558965,trending,0.2094672971987753,0.4668685491798103,0.3236641536214144,0
1785632400000,1846.69,1857.09,0.010360294869930842,2.0,0.002738246052495165,trending,0.2126910851928147,0.46312096217662896,0.32418795263055633,0
1785636000000,1857.09,1876.9,0.0003409877990303567,1.0,0.003159282468095843,trending,0.2167474940458193,0.47112861891505975,0.31212388703912103,0
1785639600000,1876.9,1877.43,-0.0007084152271989996,1.0,0.003074778684417306,trending,0.23182533993097856,0.4901633554918935,0.27801130457712786,0
1785643200000,1877.44,1881.22,-0.006921040601311934,0.0,0.0029687749246048757,trending,0.24295536510404095,0.47593494203289943,0.28110969286305953,0
1785646800000,1881.21,1876.33,-0.002867299462248063,1.0,0.0029333837836798215,trending,0.2361655720447816,0.46995253362645356,0.2938818943287649,0
1785650400000,1876.32,1877.54,-0.00468165791407904,0.0,0.002820938489909115,trending,0.238641752853431,0.4802839839352376,0.2810742632113314,0
1785654000000,1877.54,1876.1,-0.012536645168167992,0.0,0.002692497471215798,trending,0.2247983527198844,0.48765802821710114,0.2875436190630144,0
1785657600000,1876.1,1868.2,-0.005962958997966061,0.0,0.002785115106012032,trending,0.21589968529768558,0.4528726402343752,0.3312276744679393,0
1785661200000,1868.19,1870.95,-0.00858387450225817,0.0,0.002826790688216905,ranging,0.20777884133518976,0.46342277000319676,0.3287983886616136,0
1785664800000,1870.94,1868.75,-0.007389966555183869,0.0,0.0027541019587406573,ranging,0.21375368388216032,0.46631319850964625,0.3199331176081934,0
1785668400000,1868.76,1852.58,0.0033682755940365183,2.0,0.003047929469024505,ranging,0.20462390812704187,0.43524643229740195,0.3601296595755562,0
1785672000000,1852.65,1857.06,0.0032686073686365447,2.0,0.0030107855306017645,ranging,0.22314321857479247,0.4471817880919268,0.3296749933332808,0
1785675600000,1857.07,1854.89,0.007418229652432107,2.0,0.0029293120156902255,ranging,0.21998862111240985,0.44990513353564515,0.33010624535194516,0
1785679200000,1854.88,1854.94,0.011277992819174631,2.0,0.0028782667726714034,ranging,0.22165783841650047,0.4535327327457634,0.32480942883773617,0
1785682800000,1854.95,1858.82,0.012577871983301403,2.0,0.0028801358686420192,ranging,0.22865290559567042,0.46044872838279505,0.3108983660215344,0
1785686400000,1858.82,1863.13,0.011083499272729114,2.0,0.0028906618746617294,ranging,0.227163057377061,0.4713432961348869,0.3014936464880522,0
1785690000000,1863.13,1868.65,0.011655473202579314,2.0,0.0028636343716816385,ranging,0.23946004019046616,0.4715958091191333,0.2889441506904006,0
1785693600000,1868.64,1875.86,0.0033318051453732345,2.0,0.0030763297440852895,ranging,0.23754303915492303,0.4630684236634632,0.2993885371816136,0
1785697200000,1875.86,1882.2,0.0016788864095207412,1.0,0.0030548571913800674,ranging,0.24698739561531435,0.4637236198613132,0.2892889845233724,0
1785700800000,1882.2,1883.78,-0.005260699232394472,0.0,0.0029730526112771135,ranging,0.2415375336331825,0.4729040363631516,0.28555843000366576,0
1785704400000,1883.79,1890.43,-0.012293499362578841,0.0,0.0031216443433856223,ranging,0.26296681963841023,0.4330884300021286,0.3039447503594612,0
1785708000000,1890.44,1882.11,-0.009351206890139241,0.0,0.0033054182922686412,ranging,0.2570097700650681,0.43515696643062624,0.3078332635043057,0
1785711600000,1882.1,1885.36,-0.014925531463486963,0.0,0.003275202109441869,ranging,0.2526977910308254,0.4512805616847813,0.29602164728439334,0
1785715200000,1885.36,1873.87,-0.01008607854333543,0.0,0.0033862752957304243,ranging,0.2348212237917373,0.44809216468292423,0.3170866115253383,0
1785718800000,1873.86,1867.19,-0.003914973837691904,0.0,0.0033741579573482385,ranging,0.22173883139406714,0.4594153377220361,0.3188458308838968,0
1785722400000,1867.19,1864.51,-0.008168365951375933,0.0,0.0033468204190359356,ranging,0.2159173652869841,0.46912119268540303,0.31496144202761284,0
1785726000000,1864.51,1857.22,-0.007134319035978498,0.0,0.003458254111500639,ranging,0.21186500122135724,0.45680571363599937,0.3313292851426433,0
1785729600000,1857.21,1854.97,-0.007897701849625682,0.0,0.0034075869964972833,ranging,0.2155058909852292,0.4714030371665525,0.3130910718482181,0
1785733200000,1854.97,1859.88,-0.0038981009527496724,0.0,0.0033254308058892987,ranging,0.22905214600845927,0.4672250813713032,0.3037227726202375,0
1785736800000,1859.88,1849.28,-0.001643883024744719,1.0,0.003446968133325477,ranging,0.21464830491840395,0.4494842844252056,0.33586741065639053,0
1785740400000,1849.29,1843.97,-0.0022126173419306783,1.0,0.003440996482928132,ranging,0.2257869275416827,0.4490578215812623,0.32515525087705505,0
1785744000000,1843.96,1840.32,0.001836637106590322,1.0,0.003596277731983136,ranging,0.2094518026364245,0.44552094028470657,0.34502725707886894,0
1785747600000,1840.32,1852.63,0.0035355143768587283,1.0,0.0036540302112750044,ranging,0.23208469342789403,0.4497322142660997,0.3181830923060063,0
1785751200000,1852.62,1846.24,0.014922220296386124,2.0,0.0037044540670338254,ranging,0.2186018870364867,0.46028130966275993,0.3211168033007535,0
1785754800000,1846.24,1839.89,0.012745327166297837,2.0,0.003670679326223964,ranging,0.22630684736774567,0.4589953895502693,0.31469776308198494,0
1785758400000,1839.88,1843.7,0.012214568530672043,2.0,0.003602050241046374,ranging,0.22497207715477774,0.45845887591835094,0.31656904692687143,0
1785762000000,1843.69,1859.18,0.005195839025806892,2.0,0.003819898341604654,ranging,0.2269836415603708,0.4686972359305496,0.3043191225090796,0
1785765600000,1859.18,1873.79,-0.002577663452147716,1.0,0.004045674495605127,ranging,0.23506891669245947,0.46617813498187977,0.29875294832566085,0
1785769200000,1873.79,1863.34,0.003681561067760075,1.0,0.004091718456817137,ranging,0.2244775321585329,0.4878418251379836,0.2876806427034835,0
1785772800000,1863.34,1866.22,0.0014735668892198461,1.0,0.0040356371512328725,ranging,0.22782000775044678,0.48866615077477094,0.2835138414747824,0
1785776400000,1866.22,1868.84,-0.002803878341645083,1.0,0.00400103150070401,ranging,0.23402141487620015,0.4747094735659999,0.2912691115578,0
1785780000000,1868.85,1868.96,-0.004580087321291004,0.0,0.0038819427545297856,ranging,0.2152462871293195,0.5018303832799709,0.2829233295907096,0
1785783600000,1868.96,1870.2,-0.005186611057640955,0.0,0.003792472329031953,ranging,0.2228872828423515,0.4902877946655329,0.2868249224921156,0
1785787200000,1870.2,1868.97,-0.0094544053676624,0.0,0.0037389907942733283,ranging,0.22755552280450056,0.4676705712273826,0.3047739059681168,0
1785790800000,1868.97,1863.6,0.002167847177505955,1.0,0.0036102474903431684,ranging,0.22210708694119358,0.47374518384524716,0.3041477292135592,0
1785794400000,1863.6,1860.4,0.0031014835519243,1.0,0.003673048188524963,ranging,0.22317691862793126,0.45888121332881043,0.3179418680432583,0
1785798000000,1860.39,1860.5,0.0019833378124161083,1.0,0.0035090952911703433,ranging,0.22566159530119895,0.47549506343573666,0.29884334126306433,0
1785801600000,1860.5,1851.3,0.009026089774752943,2.0,0.0036158658108931705,ranging,0.24410862227743857,0.4491948343734527,0.30669654334910873,0
1785805200000,1851.3,1867.64,-0.0017241010044762861,1.0,0.003800926795473926,ranging,0.23988268309963298,0.45479734890914,0.30531996799122707,0
1785808800000,1867.64,1866.17,-0.004935241698237558,0.0,0.003771280903205344,ranging,0.23548265394742643,0.4594826039341633,0.3050347421184103,0
1785812400000,1866.17,1864.19,-0.0001716563225852008,1.0,0.0037028746564287695,ranging,0.23833830881770166,0.4595462334664249,0.30211545771587345,0
1785816000000,1864.2,1868.01,-0.005417529884743644,0.0,0.0037208887982009657,ranging,0.24347965053746393,0.45877557212226,0.2977447773402761,0
1785819600000,1868.0,1864.42,-0.0030626146469143745,1.0,0.0036056616339917285,ranging,0.22712402959179034,0.46907749453208875,0.3037984758761209,0
1785823200000,1864.42,1856.96,0.005374375323108804,2.0,0.004002935659334501,ranging,0.256019463619634,0.43822696995754495,0.3057535664228211,0
1785826800000,1856.96,1863.87,0.004839393305327233,2.0,0.003966278619425917,ranging,0.22798940468622653,0.4755037710493252,0.29650682426444835,0
1785830400000,1863.88,1857.89,0.009268578871730826,2.0,0.00390059078136496,ranging,0.2310422621543622,0.4859524728504003,0.28300526499523754,0
1785834000000,1857.88,1858.71,0.0018023252686001356,1.0,0.0037437367040378945,ranging,0.2365815730624833,0.46904888539058914,0.2943695415469275,0
1785837600000,1858.71,1866.94,0.0032620223467276777,1.0,0.0038953264638969805,ranging,0.2339419800410324,0.4773017097877146,0.288756310171253,0
1785841200000,1866.95,1872.89,9.610815370897363e-05,1.0,0.00380239058546653,ranging,0.2413165815908048,0.4785079911467785,0.28017542726241673,0
1785844800000,1872.88,1875.11,-0.002895830111300013,1.0,0.00384453525191236,ranging,0.23545203087701905,0.48769109490902895,0.27685687421395194,0
1785848400000,1875.11,1862.06,0.004011685982191704,2.0,0.004000486575189923,ranging,0.2408483328793021,0.4643068199881676,0.2948448471325304,0
1785852000000,1862.06,1873.03,0.0012066010688562834,1.0,0.004081732289337748,ranging,0.23863778463948007,0.4744721482900263,0.28689006707049375,1
1785855600000,1873.02,1873.07,0.0011692035001362733,1.0,0.004151614019027495,ranging,0.23659047699149732,0.48389626618705955,0.279513256821443,1
1785859200000,1873.08,1869.68,0.0037279106585084154,1.0,0.004055523165081637,ranging,0.2481268029970997,0.48729928780541265,0.2645739091974876,1
1785862800000,1869.69,1869.53,0.001492353693174131,1.0,0.004015329183834896,ranging,0.24359849094546548,0.48087708981312455,0.27552441924140986,1
1785866400000,1869.54,1875.29,0.00018663780002037278,1.0,0.003983083713441393,ranging,0.23989142579447442,0.47808361609034516,0.2820249581151805,1
1785870000000,1875.29,1875.26,-0.0029382592280536857,1.0,0.0038803259944424342,ranging,0.2394794786645356,0.5005870435131592,0.25993347782230514,1
1785873600000,1875.26,1876.65,-0.0067780353289105255,0.0,0.003912673480342839,ranging,0.22686397028684663,0.47542654513969673,0.29770948457345664,1
1785877200000,1876.65,1872.32,0.0005608015723808091,1.0,0.0037514704037737052,low_liquidity,0.1735210771451473,0.6088110102108061,0.21766791264404653,1
1785880800000,1872.32,1875.64,-0.0006131240536564331,1.0,0.0036701906649431893,ranging,0.23035850814768677,0.49622974244458046,0.2734117494077326,1
1785884400000,1875.64,1869.75,-0.0010696617194811964,1.0,0.0036986393690647185,ranging,0.21599283045467296,0.4507533467726417,0.3332538227726852,1
1785888000000,1869.74,1863.93,0.0019153079783038596,1.0,0.0036875197828556494,ranging,0.22125153285230323,0.4461505518401196,0.3325979153075773,1
1785891600000,1863.94,1873.37,4.8041764307171775e-05,1.0,0.0037056452022350794,ranging,0.21449889818704804,0.476585155086615,0.3089159467263368,1
1785895200000,1873.37,1874.49,-0.0024593356059514626,1.0,0.0035646487914291615,ranging,0.20838545895903252,0.5017499741255059,0.28986456691546153,1
1785898800000,1874.49,1867.75,0.0023825458439299396,1.0,0.0036046687446545152,ranging,0.24685636211729045,0.43563538473057284,0.3175082531521366,1
1785902400000,1867.75,1867.5,0.0013333333333334085,1.0,0.0034575659063595375,ranging,0.23510939464102543,0.4663413636204172,0.29854924173855735,1
1785906000000,1867.5,1873.46,-0.0008113330415381315,1.0,0.003440122870122801,ranging,0.2279094214945923,0.4775983477663379,0.29449223073906966,1
1785909600000,1873.46,1869.88,-0.0008289301987294273,1.0,0.003324969810873404,ranging,0.24357282174503206,0.4554689015672904,0.30095827668767755,1
1785913200000,1869.88,1872.2,-0.0017519495780364824,1.0,0.003282113829010467,ranging,0.24446746701890273,0.42910696381334806,0.3264255691677493,1
1785916800000,1872.2,1869.99,0.0033476114845534255,2.0,0.003199790053833526,ranging,0.23855378428347074,0.4378544376699575,0.32359177804657163,1
1785920400000,1869.99,1871.94,0.0035204119790164246,2.0,0.003100239790804727,ranging,0.22900520801048524,0.458983427129711,0.3120113648598037,1
1785924000000,1871.94,1868.33,0.004046394373585116,2.0,0.0031114500788705472,ranging,0.2288350581993468,0.41142557341465924,0.35973936838599396,1
1785927600000,1868.32,1868.92,0.002669991224878654,1.0,0.002977265779018699,ranging,0.24250410883620452,0.4174317777235774,0.34006411344021803,1
1785931200000,1868.92,1876.25,0.01029180546302455,2.0,0.003160846303470339,ranging,0.20111790127230075,0.39107492385915893,0.40780717486854023,1
1785934800000,1876.26,1878.53,0.020345695836638145,2.0,0.003479277961244807,ranging,0.1956271876911554,0.36973105093470277,0.4346417613741419,1
1785938400000,1878.52,1875.89,0.022479996161821836,2.0,0.0035460145154331936,ranging,0.20212738302068142,0.38065515389122456,0.4172174630880941,1
1785942000000,1875.89,1873.91,0.023010710226211373,2.0,0.0035205659061849906,ranging,0.25547302196188926,0.4075666789179716,0.33696029912013914,1
1785945600000,1873.91,1895.56,0.011363396568824013,2.0,0.003772571827412044,ranging,0.2317309316857445,0.4159911002496695,0.3522779680645859,1
1785949200000,1895.55,1916.75,-0.00417373157688794,0.0,0.00406024972670254,ranging,0.26984078191990335,0.43536702890767554,0.2947921891724211,1
1785952800000,1916.75,1918.06,-0.005839233392073262,0.0,0.004082707364567106,ranging,0.2775108304240413,0.4543224741279045,0.26816669544805416,1
1785956400000,1918.05,1917.03,-0.004240935196632267,0.0,0.003913844776997329,ranging,0.30090963568220763,0.4581182635364815,0.240972100781311,1
1785960000000,1917.02,1917.1,-0.003494862031192869,1.0,0.003809640010097596,ranging,0.2948826087096855,0.4420639338457052,0.26305345744460934,1
1785963600000,1917.1,1908.75,-0.0010478061558611973,1.0,0.0037865091673180045,ranging,0.3071028192259118,0.4120060390517717,0.28089114172231666,1
1785967200000,1908.75,1906.86,-0.004011830968188468,0.0,0.0036732598486718337,ranging,0.289000743858048,0.42566453622128086,0.2853347199206712,1
1785970800000,1906.85,1908.9,-0.005170517051705237,0.0,0.0035861752683108016,ranging,0.27731995241724994,0.45105506592617667,0.27162498165657334,1
1785974400000,1908.91,1910.4,-0.0014133165829145478,1.0,0.003478383345515538,ranging,0.2839325799409098,0.4517877856313223,0.2642796344277677,1
1785978000000,1910.4,1906.75,0.003980595253703978,2.0,0.003412551127106617,ranging,0.3010475697770171,0.43983288297528794,0.259119547247695,1
1785981600000,1906.74,1899.21,0.007608426661611878,2.0,0.003536111789373215,ranging,0.2749319196891379,0.42247387589853796,0.3025942044123241,1
1785985200000,1899.21,1899.03,0.005423821635255788,2.0,0.0033815626673106666,ranging,0.23998515790472896,0.4939953248331814,0.2660195172620895,1
1785988800000,1899.04,1907.7,0.004487078681134404,2.0,0.0034025249693849222,ranging,0.29691814825907986,0.4445676376862118,0.2585142140547083,1
1785992400000,1907.7,1914.34,-0.003484229551699247,0.0,0.003403969122265304,ranging,0.29199700457207867,0.4521274713977492,0.2558755240301722,1
1785996000000,1914.35,1913.66,-0.005789952238119733,0.0,0.0032777357540646032,ranging,0.2693154137282761,0.48980391918045607,0.2408806670912677,1
1785999600000,1913.67,1909.33,-0.0008170405325428343,1.0,0.0032229006824608785,ranging,0.2912009877844897,0.450302271407199,0.2584967408083114,1
1786003200000,1909.33,1916.26,-0.008960161982194514,0.0,0.00325248707976398,ranging,0.3020679783545389,0.43207534750465576,0.2658566741408053,1
1786006800000,1916.26,1907.67,-0.00012580792275396213,1.0,0.003307847553338846,ranging,0.28883419670605015,0.4328500718822706,0.27831573141167937,1
1786010400000,1907.67,1902.58,0.006533233819340012,2.0,0.0032160712613929143,ranging,0.27705514423091226,0.4356783396177723,0.28726651615131543,1
1786014000000,1902.59,1907.77,0.0015305828270704147,1.0,0.00325229483287938,ranging,0.2581479618281775,0.4284916336567369,0.3133604045150856,1
1786017600000,1907.77,1899.09,0.008783154036933416,2.0,0.00323689604243498,ranging,0.2828614724897675,0.3904803724599924,0.32665815505024015,1
1786021200000,1899.1,1907.43,0.0034863664721640486,2.0,0.0034133826954878656,ranging,0.2738399674631166,0.4152919398099188,0.3108680927269646,1
1786024800000,1907.44,1915.01,-0.00473104579088357,0.0,0.003754111362831656,ranging,0.2407800141440065,0.4537388393466578,0.3054811465093357,1
1786028400000,1915.01,1910.69,-0.0003297238170504313,1.0,0.003702442962346857,ranging,0.2530569536911913,0.48512761578016583,0.26181543052864287,1
1786032000000,1910.7,1915.77,-0.0045047161193670915,0.0,0.0036154380919736365,ranging,0.2399826476251474,0.4991758291449034,0.2608415232299492,1
1786035600000,1915.78,1914.08,-0.004075064783081173,0.0,0.0035412955509765342,ranging,0.23722853995027118,0.47143254489092445,0.29133891515880445,1
1786039200000,1914.08,1905.95,-0.0003672709147669595,1.0,0.0035501680394393166,ranging,0.24566921043759044,0.45673832110597234,0.29759246845643716,1
1786042800000,1905.95,1910.06,-0.0031203208276180394,1.0,0.003409307862879465,ranging,0.2346124203889211,0.46359139456350457,0.30179618504757433,1
1786046400000,1910.07,1907.14,-0.0017093658567278736,1.0,0.0032796218981388024,low_liquidity,0.20007791497712685,0.5259694284129736,0.2739526566098995,1
1786050000000,1907.15,1906.28,-0.0015317791719999807,1.0,0.0031269981095796763,ranging,0.2421805949307988,0.47730430509656413,0.280515099972637,1
1786053600000,1906.28,1905.25,-0.0013226610681013051,1.0,0.0030215060427871906,ranging,0.22209374000318158,0.47648978858757046,0.30141647140924804,1
1786057200000,1905.24,1904.1,-0.003502967281130087,0.0,0.002961557280314802,ranging,0.23320492824361014,0.4505025300085142,0.3162925417478755,1
1786060800000,1904.1,1903.88,-0.0033825661281173813,0.0,0.0028770689264185486,ranging,0.2533906684229124,0.44212767587494756,0.3044816557021401,1
1786064400000,1903.89,1903.36,-0.0009351882985877413,1.0,0.002863909906660804,ranging,0.2508873506658951,0.418359927458698,0.3307527218754069,1
1786068000000,1903.36,1902.73,0.0009460091552664363,1.0,0.0029100168959954814,ranging,0.25957298827408837,0.40377967316666785,0.33664733855924384,1
1786071600000,1902.72,1897.43,0.002598251318889133,1.0,0.0028856586401729573,ranging,0.2653801237146499,0.39806699326617284,0.33655288301917724,1
1786075200000,1897.43,1897.44,0.006988363268403797,2.0,0.002824307584245236,ranging,0.27535231836637586,0.3744850819987607,0.35016259963486335,1
1786078800000,1897.44,1901.58,0.006026567380809755,2.0,0.0027743997989060853,ranging,0.25926467844107576,0.41171417685536127,0.329021144703563,1
1786082400000,1901.59,1904.53,0.004368531868754966,2.0,0.002742808732145006,ranging,0.2654584719775496,0.42327921426663156,0.31126231375581875,1
1786086000000,1904.54,1902.36,0.007343510166319733,2.0,0.002664468633329795,ranging,0.25150107441663977,0.44747672071916617,0.3010222048641941,1
1786089600000,1902.35,1910.7,0.011215784790914451,2.0,0.0027547167134302497,ranging,0.25214264716273554,0.4039291364316252,0.3439282164056392,1
1786093200000,1910.7,1913.04,0.0054677372140676805,2.0,0.0027199298318221032,ranging,0.2350397211392568,0.45562569754665977,0.30933458131408337,1
1786096800000,1913.04,1912.85,0.0003764017042633405,1.0,0.002601180338653109,ranging,0.2229369549587567,0.4871137332465913,0.28994931179465205,1
1786100400000,1912.85,1916.33,0.0008088377262789326,1.0,0.0025984072807436185,ranging,0.2507293997612177,0.4401124733550367,0.3091581268837456,1
1786104000000,1916.33,1932.13,-0.011707286776769688,0.0,0.002985094751683984,ranging,0.25615510828912635,0.44482223102498014,0.29902266068589356,1
1786107600000,1932.14,1923.5,-0.005744736158045161,0.0,0.003085546607502146,ranging,0.27858098983766855,0.4313761503382196,0.2900428598241118,1
1786111200000,1923.5,1913.57,-0.001938784575427066,1.0,0.003237689453067711,ranging,0.28109434586822857,0.42173422320651316,0.2971714309252583,1
1786114800000,1913.57,1917.88,0.0005057667841574798,1.0,0.003177991557910228,ranging,0.2763504495243938,0.4392400156104365,0.28440953486516973,1
1786118400000,1917.87,1909.51,0.002775581170038288,1.0,0.003315401177643304,ranging,0.2669509673567122,0.4336165185199369,0.2994325141233509,1
1786122000000,1909.5,1912.45,0.0021438468979579905,1.0,0.003243942591790695,ranging,0.2653042246123598,0.4566205964908763,0.278075178896764,1
1786125600000,1912.45,1909.86,0.0026075209701235114,1.0,0.0032185012112223447,ranging,0.2563507112222401,0.45469332143195534,0.28895596734580453,1
1786129200000,1909.87,1918.85,-0.002433749381139716,1.0,0.003206441633658794,ranging,0.25279020363387095,0.4517659562054401,0.2954438401606891,1
1786132800000,1918.84,1914.81,-0.00024023271238404753,1.0,0.0031175359761058037,trending,0.25014464177342977,0.4780828856384841,0.2717724725880861,1
1786136400000,1914.82,1916.55,-0.000991364691763752,1.0,0.0031178552909913635,trending,0.25963854698888045,0.46831741700963175,0.27204403600148785,1
1786140000000,1916.55,1914.84,-0.0008669131624573501,1.0,0.002956824152907345,trending,0.23449396508764384,0.5021605681283938,0.2633454667839625,1
1786143600000,1914.84,1914.18,0.002037425947402971,1.0,0.002802318452376859,low_liquidity,0.17077608095158275,0.6090216530534586,0.2202022659949587,1
1786147200000,1914.19,1914.35,0.0013842818711311544,1.0,0.002660128770198744,low_liquidity,0.18286460314622602,0.5499066323243901,0.26722876452938393,1
1786150800000,1914.36,1914.65,0.0015198600266366213,1.0,0.0025274827419405088,trending,0.20223247214999512,0.5342969054112651,0.2634706224387398,1
1786154400000,1914.66,1913.18,0.001703969307644826,1.0,0.0025,low_liquidity,0.16563026553596716,0.6049596681415426,0.22941006632249025,1
1786158000000,1913.18,1918.08,-0.0015484234234234284,1.0,0.0025,low_liquidity,0.21106089270690045,0.5217728599829431,0.2671662473101565,1
1786161600000,1918.09,1917.0,-7.824726134586513e-05,1.0,0.0025,trending,0.21247839874750685,0.5096845125440119,0.2778370887084813,1
1786165200000,1917.0,1917.56,0.0007248795344083625,1.0,0.0025,low_liquidity,0.18861539524463528,0.5739857949547867,0.23739880980057804,1
1786168800000,1917.55,1916.44,0.0024681179687338073,1.0,0.0025,low_liquidity,0.20923987873972552,0.5012248762122914,0.289535245047983,1
1786172400000,1916.45,1915.11,0.0030703197205383947,2.0,0.0025,trending,0.205125568598474,0.433405407874533,0.3614690235269931,1
1786176000000,1915.11,1916.85,0.0012207527975585108,1.0,0.0025,low_liquidity,0.18385560119879968,0.48630650259979696,0.32983789620140336,1
1786179600000,1916.85,1918.95,0.0005471742359102194,1.0,0.0025,trending,0.19713167508189144,0.3930696242382151,0.4097987006798934,1
1786183200000,1918.94,1921.17,0.0013533419739013564,1.0,0.0025,trending,0.1892708050969267,0.4218675728055389,0.38886162209753444,1
1786186800000,1921.18,1920.99,0.0008485208147881451,1.0,0.0025,trending,0.19566715996964087,0.4235840516968339,0.3807487883335253,1
1786190400000,1920.99,1919.19,0.0017038438091070418,1.0,0.0025,trending,0.1930147221240719,0.39271654409505485,0.41426873378087326,1
1786194000000,1919.2,1920.0,0.002005208333333286,1.0,0.0025,trending,0.17685038313563375,0.3768549906987624,0.44629462616560395,1
1786197600000,1920.0,1923.77,-0.001387899800911807,1.0,0.0025,trending,0.1953817270558188,0.3886086672719979,0.4160096056721833,1
1786201200000,1923.78,1922.62,-0.0011494731148119497,1.0,0.0025,trending,0.19768134676927798,0.3957637883404917,0.40655486489023035,1
1786204800000,1922.63,1922.46,-0.0010767454199306359,1.0,0.0025,trending,0.20769194210378364,0.38088145173520654,0.4114266061610099,1
1786208400000,1922.45,1923.85,-0.0015749668633209257,1.0,0.0025,trending,0.2179361011192129,0.383489551856385,0.39857434702440203,1
1786212000000,1923.84,1921.1,-0.00226432772890528,1.0,0.0025,trending,0.22479482599143386,0.3574151454902143,0.4177900285183519,1
1786215600000,1921.1,1920.41,-0.0019110502444791289,1.0,0.0025,trending,0.21960055945813628,0.3556267142440534,0.4247727262978103,1
1786219200000,1920.41,1920.39,-0.0011976733892595792,1.0,0.0025,trending,0.2273743369286333,0.37185051635295285,0.4007751467184139,1
1786222800000,1920.39,1920.82,-0.0024364594287855645,1.0,0.0025,trending,0.23929026830910105,0.3562456163616028,0.4044641153292962,1
1786226400000,1920.82,1916.75,-0.0010173470718665145,1.0,0.0025,trending,0.21456388052412137,0.31195561573102615,0.47348050374485257,1
1786230000000,1916.74,1916.74,-0.0014086417563153875,1.0,0.0025,trending,0.20163872295542595,0.28945700751590503,0.5089042695286691,1
1786233600000,1916.75,1918.09,-0.0025702652117469693,0.0,0.0025,trending,0.19021635049782484,0.3008402558942481,0.5089433936079272,1
1786237200000,1918.08,1916.14,-0.0008767626582608656,1.0,0.0025,trending,0.19484544489064057,0.2802587721168764,0.5248957829924831,1
1786240800000,1916.15,1914.8,0.0023657823271359124,1.0,0.0025,trending,0.20142465823318031,0.28056749156030536,0.5180078502065143,1
1786244400000,1914.79,1914.04,0.002575703747048186,2.0,0.0025,trending,0.2104359479552957,0.27325465166270707,0.5163094003819972,1
1786248000000,1914.04,1913.16,0.0014530933115892708,1.0,0.0025,trending,0.21770879187279132,0.2808470831160959,0.5014441250111128,1
1786251600000,1913.17,1914.46,0.0036511601182578346,2.0,0.0025,ranging,0.23195342536898725,0.2939755146390987,0.474071059991914,1
1786255200000,1914.45,1919.33,0.00040118166235081354,1.0,0.0025,ranging,0.22080652640035972,0.2974520741825301,0.4817413994171101,1
1786258800000,1919.34,1918.97,0.00013548935105811566,1.0,0.0025,ranging,0.22036085150257104,0.32229166096415235,0.4573474875332766,1
1786262400000,1918.97,1915.94,0.0008142217397204554,1.0,0.0025,ranging,0.22023625172534544,0.28359980067283846,0.4961639476018161,1
1786266000000,1915.94,1921.45,0.0009940409586508547,1.0,0.0025,ranging,0.23709526186771163,0.30802079773845475,0.4548839403938336,1
1786269600000,1921.45,1920.1,0.002588406853809788,2.0,0.0025,trending,0.20157839648191514,0.31877138454176585,0.47965021897631904,1
1786273200000,1920.09,1919.23,0.0038192400077112776,2.0,0.0025,trending,0.1964567457182055,0.31868607019109735,0.48485718409069717,1
1786276800000,1919.23,1917.5,0.0034471968709255396,2.0,0.0025,trending,0.19846986775066117,0.2994273422129801,0.5021027900363587,1
1786280400000,1917.5,1923.36,-0.00012998086681637044,1.0,0.0025,trending,0.17883998561822656,0.3051643850036044,0.5159956293781691,1
1786284000000,1923.36,1925.07,-0.001844088786381759,1.0,0.0025,trending,0.18774180060644546,0.3353706170932042,0.4768875823003503,1
1786287600000,1925.08,1926.56,-0.002346150651939216,1.0,0.0025,trending,0.1932894607412985,0.3279945402317407,0.47871599902696077,1
1786291200000,1926.57,1924.11,-0.0017566563242226163,1.0,0.0025,trending,0.1731494582922956,0.2887740919688379,0.5380764497388665,1
1786294800000,1924.1,1923.11,0.000842385510969379,1.0,0.0025,trending,0.1847869554678013,0.2971548119631218,0.5180582325690768,1
1786298400000,1923.1,1921.52,-0.001025230026229229,1.0,0.0025,trending,0.2045005974602845,0.29095447621345466,0.5045449263262608,1
1786302000000,1921.51,1922.04,-0.005925995296663933,0.0,0.0025,trending,0.18959780468097587,0.3203317549710628,0.4900704403479613,1
1786305600000,1922.04,1920.73,-0.004139051298204355,0.0,0.0025,ranging,0.16740081374954902,0.26123935424093986,0.5713598320095111,1
1786309200000,1920.72,1924.73,0.00025977669595222963,1.0,0.0025,ranging,0.17923954088499497,0.28034115061761283,0.5404193084973922,1
1786312800000,1924.73,1919.55,0.0020681930660833014,1.0,0.0025,ranging,0.19523551852466714,0.2699582388951498,0.534806242580183,1
1786316400000,1919.54,1910.65,0.003553764425719086,2.0,0.0025,ranging,0.24195084941878053,0.3031566970808297,0.4548924535003897,1
1786320000000,1910.65,1912.78,0.001573625822101965,1.0,0.0025,ranging,0.2462895770538736,0.30787447254575157,0.4458359504003748,1
1786323600000,1912.79,1925.23,-0.001070002025731931,1.0,0.0026578568785150126,trending,0.20729159504837621,0.35922337013772754,0.4334850348138962,1
1786327200000,1925.23,1923.52,0.0023446597903842292,1.0,0.0027790128580082733,trending,0.21438042116438177,0.35648704942928955,0.4291325294063287,1
1786330800000,1923.51,1917.44,0.0040783544726301635,2.0,0.002834558003091509,trending,0.22419140215785735,0.36290975605130954,0.4128988417908331,1
1786334400000,1917.44,1915.79,0.005746976443138374,2.0,0.0028224922380704278,trending,0.21791564174304237,0.3441240942995819,0.43796026395737575,1
1786338000000,1915.79,1923.17,-0.0035254293692185135,0.0,0.002826766345670664,trending,0.24304080438684747,0.3761757250602559,0.3807834705528967,1
1786341600000,1923.18,1928.03,-0.005331867242729604,0.0,0.0027609447033294866,trending,0.23824431071075874,0.38273699454461163,0.3790186947446296,1
1786345200000,1928.03,1925.26,-0.0025139461683096886,1.0,0.002701876066189373,trending,0.24685180036441212,0.36407688863518206,0.3890713110004058,1
1786348800000,1925.26,1926.8,-0.010795100685073722,0.0,0.002652124206585781,trending,0.23715778125901202,0.3710210247327059,0.3918211940082822,1
1786352400000,1926.8,1916.39,-0.009804893575942386,0.0,0.0027193789206433226,trending,0.23982726022069858,0.3242901184015126,0.43588262137778866,1
1786356000000,1916.38,1917.75,-0.012598096727936436,0.0,0.0026256989182454013,trending,0.2390688795121933,0.34728758854041086,0.4136435319473959,1
1786359600000,1917.75,1920.42,-0.02260963747513567,0.0,0.002578254582183898,trending,0.23149197487374534,0.34988636572388865,0.418621659402366,1
1786363200000,1920.42,1906.0,-0.017649527806925525,0.0,0.0028245882042170884,trending,0.22587136398904326,0.31676833873894195,0.4573602972720149,1
1786366800000,1905.99,1897.6,-0.012594856661045428,0.0,0.002993542464319256,trending,0.21418463552579653,0.3111039368602555,0.4747114276139479,1
1786370400000,1897.61,1893.59,-0.010899930819237458,0.0,0.0030399966029680155,trending,0.22265659107093327,0.32786733335393814,0.4494760755751286,1
1786374000000,1893.58,1877.0,0.0008044752264251276,1.0,0.0033551485339974384,trending,0.17900960939095184,0.3022377292629272,0.5187526613461209,1
1786377600000,1876.99,1872.36,0.0039362088487258085,2.0,0.003369276489032615,trending,0.1707302854905822,0.342184302401537,0.4870854121078809,1
1786381200000,1872.38,1873.7,0.00040027752575122477,1.0,0.0033249140680802086,trending,0.17623690934171607,0.3736618622165227,0.45010122844176126,1
1786384800000,1873.7,1872.95,0.001703195493739873,1.0,0.003254323369234345,trending,0.19583570480090629,0.34493439828503,0.4592298969140637,1
1786388400000,1872.95,1878.51,-0.002848001873825501,1.0,0.003209359865276855,trending,0.20239997118410333,0.38037852907487174,0.4172214997410249,1
1786392000000,1878.52,1879.73,-0.0023460816181047894,1.0,0.0030595803579228278,trending,0.18332785653097733,0.3889344246512237,0.427737718817799,1
1786395600000,1879.72,1874.45,0.001968577449385167,1.0,0.0029905688457405656,trending,0.17803389215943707,0.39775282366189774,0.4242132841786652,1
1786399200000,1874.45,1876.14,0.0013112027887043354,1.0,0.0029115148674436126,trending,0.1790478894114243,0.3468320922934222,0.47412001829515354,1
1786402800000,1876.15,1873.16,0.004201456362510347,2.0,0.002845814541976191,trending,0.17619440701869815,0.36553588669900094,0.45826970628230085,1
1786406400000,1873.16,1875.32,0.0004959153637780211,1.0,0.0027546787282332606,trending,0.20758787376701762,0.38956609992422614,0.40284602630875616,1
1786410000000,1875.31,1878.14,-0.002188335267871433,1.0,0.0026706800141247304,trending,0.19888683406449478,0.4086587476636547,0.3924544182718505,1
1786413600000,1878.13,1878.6,-0.0023208772490151963,1.0,0.002580144883821803,trending,0.18332205185661735,0.39479938703704165,0.4218785611063411,1
1786417200000,1878.61,1881.03,-0.0016374007857397066,1.0,0.0025,trending,0.2071192799084001,0.44913906919955043,0.34374165089204944,1
1786420800000,1881.02,1876.25,0.001577614923384374,1.0,0.0025,trending,0.1796856537162409,0.39126202000099514,0.429052326282764,1
1786424400000,1876.25,1874.03,0.006072474826977148,2.0,0.0025,trending,0.1735953934361494,0.36733656632585315,0.4590680402379976,1
1786428000000,1874.03,1874.24,0.006359911217346914,2.0,0.0025,trending,0.1677751620313133,0.36785037397546183,0.4643744639932249,1
1786431600000,1874.25,1877.95,0.007998083016054647,2.0,0.0025,trending,0.1780587629733747,0.3832907231356676,0.4386505138909577,1
1786435200000,1877.95,1879.21,0.004677497459038671,2.0,0.0025,trending,0.1840528651945423,0.38730109936713264,0.4286460354383251,1
1786438800000,1879.2,1885.41,0.002450395404713035,1.0,0.0025,trending,0.17018354683314818,0.38562718976653754,0.44418926340031417,1
1786442400000,1885.41,1886.16,-0.006611316113161125,0.0,0.0025,trending,0.1752385076747535,0.4443736071129303,0.38038788521231626,1
1786446000000,1886.17,1892.97,-0.015969613887171996,0.0,0.0025,trending,0.2316263437130659,0.46370551354187534,0.30466814274505877,1
1786449600000,1892.96,1888.0,-0.012277542372881367,0.0,0.0025,trending,0.23825920060032868,0.4532224068635066,0.30851839253616464,1
1786453200000,1888.0,1890.03,-0.01340719459479478,0.0,0.0025,trending,0.23492039063027254,0.4445460385442509,0.3205335708254766,1
1786456800000,1890.02,1873.69,-0.004088189615144455,0.0,0.002752230104602938,trending,0.2089229191495361,0.3788964984218276,0.4121805824286364,1
1786460400000,1873.68,1862.74,0.010285922887788956,2.0,0.00312491806697259,trending,0.1860052908958816,0.31722276671199057,0.4967719423921277,1
1786464000000,1862.75,1864.82,0.009330659259338736,2.0,0.003065781471093448,trending,0.2005622940532445,0.35537915329025604,0.4440585526564996,1
1786467600000,1864.83,1864.69,0.010720280582831476,2.0,0.002963522003964591,trending,0.20179595387218344,0.36142635873096607,0.43677768739685047,1
1786471200000,1864.69,1866.03,0.00864401965670436,2.0,0.0029127019084996143,trending,0.21759913405525896,0.39055420855027884,0.39184665739446223,1
1786474800000,1866.03,1881.9,0.0003666507253305973,1.0,0.0031812628138024584,trending,0.26892929823086087,0.4616120711819394,0.2694586305871997,1
1786478400000,1881.9,1882.22,6.906737788359152e-05,1.0,0.0030967474714825014,trending,0.25722086890905815,0.496935654084211,0.2458434770067309,1
1786482000000,1882.22,1884.68,4.775346477914333e-05,1.0,0.0029829952312881926,ranging,0.3100298270356926,0.4403946288734879,0.24957554409081964,1
1786485600000,1884.68,1882.16,0.0012273132996132308,1.0,0.002956477393851256,ranging,0.2867897929840527,0.42915791446399126,0.284052292551956,1
1786489200000,1882.17,1882.59,0.0021406679096351855,1.0,0.0028696531826193877,low_liquidity,0.19581523853751515,0.5345158651222255,0.26966889634025953,1
1786492800000,1882.58,1882.35,0.003755943368661585,2.0,0.0027349151329028906,ranging,0.22121049976845777,0.49913364389270864,0.2796558563388335,1
1786496400000,1882.36,1884.77,0.0036821468932548562,2.0,0.0026595468452557253,ranging,0.23470142035530847,0.46920479052717373,0.29609378911751777,1
1786500000000,1884.77,1884.47,0.001729929370061667,1.0,0.002568219006553731,ranging,0.19899811564242237,0.5126596349173311,0.2883422494402466,1
1786503600000,1884.48,1886.62,0.002687345623390014,2.0,0.0025,low_liquidity,0.2020431310436874,0.5471911902038966,0.25076567875241595,1
1786507200000,1886.63,1889.42,0.0008097723110795929,1.0,0.0025,ranging,0.26324770161590766,0.4593096900395325,0.27744260834455975,1
1786510800000,1889.41,1891.71,0.0074694324182882355,2.0,0.0025,ranging,0.25057539567650516,0.49944371391468023,0.24998089040881458,1
1786514400000,1891.7,1887.73,0.011357556430209748,2.0,0.0025,ranging,0.23723873494593314,0.48365557872690945,0.2791056863271573,1
1786518000000,1887.74,1891.69,0.01262363283624679,2.0,0.0025,ranging,0.24333470208210028,0.47437727702210064,0.28228802089579896,1
1786521600000,1891.7,1890.95,0.01077236309791374,2.0,0.0025,ranging,0.24591017789641467,0.4828463711175716,0.2712434509860137,1
1786525200000,1890.94,1905.84,-0.002371657641774716,1.0,0.0025724514743181853,ranging,0.29153089956812356,0.44386842633430185,0.2646006740975745,1
1786528800000,1905.84,1909.17,-0.011198583677723861,0.0,0.002602284610275274,ranging,0.29436642181013944,0.442931456386982,0.26270212180287855,1
1786532400000,1909.18,1915.57,-0.011912903208966541,0.0,0.0026002945867731335,ranging,0.3419727002917561,0.40776767115417256,0.2502596285540714,1
1786536000000,1915.58,1911.32,-0.010788355691354612,0.0,0.0028567243700167257,ranging,0.30924679440064423,0.3890986112578896,0.3016545943414662,1
1786539600000,1911.31,1901.32,-0.0069320261712914055,0.0,0.002949735954032866,trending,0.29971304662167203,0.41679596849290373,0.2834909848854241,1
1786543200000,1901.31,1887.79,-0.0011865726590352121,1.0,0.0031834312508119095,trending,0.2707889884883165,0.38130244895214743,0.34790856255953617,1
1786546800000,1887.78,1892.75,-0.007063796063928041,0.0,0.003214349712346464,ranging,0.2560678284821188,0.40584536909538693,0.3380868024224944,1
1786550400000,1892.75,1890.7,-0.0021685090178241717,1.0,0.003136007277522648,ranging,0.23765482503858334,0.4213823321078039,0.3409628428536128,1
1786554000000,1890.7,1888.14,-0.005396845572891884,0.0,0.0030696209147232207,ranging,0.26361313894153027,0.41662560996009435,0.31976125109837544,1
1786557600000,1888.13,1885.55,-0.0037654795682956488,0.0,0.0029867890930282376,ranging,0.24202655703151818,0.42667474664227345,0.3312986963262085,1
1786561200000,1885.54,1879.38,0.0002287988591982426,1.0,0.0029836823947514634,ranging,0.22345464607418575,0.41217066642952116,0.36437468749629315,1
1786564800000,1879.37,1886.6,-0.0033446411533976095,0.0,0.002984172178507979,ranging,0.23853880774316724,0.42567972544588106,0.3357814668109517,1
1786568400000,1886.6,1877.95,7.45493756488802e-05,1.0,0.0031530281886270753,ranging,0.2110116141054653,0.40268515788142356,0.3863032280131112,1
1786572000000,1877.94,1878.45,0.001852591232132994,1.0,0.003057991608918397,ranging,0.2341183660567256,0.42341594697181567,0.3424656869714588,1
1786575600000,1878.46,1879.81,0.004101478340896136,2.0,0.0029583421573398335,ranging,0.2180117815364618,0.40951909140578124,0.37246912705775703,1
1786579200000,1879.8,1880.29,0.006424540895287434,2.0,0.002935283357516161,ranging,0.21756990412429922,0.4031479932647521,0.3792821026109486,1
1786582800000,1880.28,1878.09,0.009435117592873521,2.0,0.002907261833487091,ranging,0.22011178873041332,0.38557076528630324,0.3943174459832834,1
1786586400000,1878.09,1881.93,0.008868555153485946,2.0,0.0029243266183082172,ranging,0.23039056300068966,0.40065891611195437,0.36895052088735597,1
1786590000000,1881.94,1887.52,0.004264855471730167,2.0,0.0028711110688820025,ranging,0.24470201179149642,0.4116377124613808,0.3436602757471227,1
1786593600000,1887.52,1892.37,-0.001225975892663711,1.0,0.002875028001227864,ranging,0.2324706965424197,0.43287576431190095,0.33465353914567947,1
1786597200000,1892.37,1895.81,-0.003180698487717626,0.0,0.002850874055450346,ranging,0.23825865625306114,0.44372689417822075,0.31801444956871816,1
1786600800000,1895.8,1898.62,-0.008137489334358539,0.0,0.002788916689107391,ranging,0.23438292636415256,0.4507291274762988,0.31488794615954874,1
1786604400000,1898.62,1895.57,-0.008008145307216163,0.0,0.0026757201963205205,ranging,0.22145823887601862,0.43520181670829106,0.3433399444156903,1
1786608000000,1895.57,1890.05,-0.0005343773974233468,1.0,0.002687313416614477,ranging,0.20604525526369086,0.4238978724317031,0.37005687230460604,1
1786611600000,1890.05,1889.78,0.00032278889606196515,1.0,0.0027043600464429873,ranging,0.19858243968231878,0.4114118568175104,0.3900057035001708,1
1786615200000,1889.78,1883.17,0.0054482601145939835,2.0,0.002705710958170509,ranging,0.19791277003195965,0.36992083814624943,0.43216639182179095,1
1786618800000,1883.18,1880.39,-0.00020208573753321968,1.0,0.0027037354016329995,ranging,0.1896958522544057,0.36461755692130643,0.4456865908242879,1
1786622400000,1880.4,1889.04,-0.007511752001016392,0.0,0.0027489019802347373,ranging,0.19707894129948642,0.39719271582171095,0.4057283428788027,1
1786626000000,1889.04,1890.39,-0.007093774300541256,0.0,0.0027468336223006973,ranging,0.1892615310751345,0.4051521807033137,0.4055862882215518,1
1786629600000,1890.39,1893.43,-0.004177603608266578,0.0,0.002743910278715388,ranging,0.18573715222988166,0.42075780935634965,0.3935050384137686,1
1786633200000,1893.44,1880.01,0.003936149275801881,2.0,0.002931755929389623,ranging,0.1872731284141753,0.36949637195450863,0.44323049963131617,1
1786636800000,1880.01,1874.85,0.006176494119529696,2.0,0.003216047609239337,ranging,0.1816996966484639,0.33489401559536536,0.4834062877561707,1
1786640400000,1874.86,1876.98,0.006276039169303971,2.0,0.0031491654977056915,ranging,0.19416568522008928,0.3752172952512114,0.43061701952869935,1
1786644000000,1876.98,1885.52,0.0020577877720735493,1.0,0.003153505532633934,ranging,0.18387167414911018,0.41775984380548786,0.39836848204540193,1
1786647600000,1885.52,1887.41,-0.0006675815005748875,1.0,0.003097213746978858,ranging,0.21455779847280154,0.4343008303091095,0.35114137121808897,1
1786651200000,1887.41,1886.43,0.001574402442709344,1.0,0.0029738053426847,low_liquidity,0.16388638039973893,0.5201222295702848,0.31599139002997634,1
1786654800000,1886.43,1888.76,0.00034414112963010446,1.0,0.002836493745095388,low_liquidity,0.16073240688628443,0.5743587783217216,0.2649088147919939,1
1786658400000,1888.77,1889.4,-0.001471366571398458,1.0,0.0027334802823958766,low_liquidity,0.1781410990628812,0.5207571411335667,0.30110175980355197,1
1786662000000,1889.41,1886.15,-0.0016700686583782653,1.0,0.0026518982126199665,ranging,0.19982286200259905,0.41821315308769413,0.3819639849097069,1
1786665600000,1886.16,1889.4,-0.002450513390494402,1.0,0.0025934314589110287,ranging,0.20389885927821283,0.4107017827519626,0.38539935796982455,1
1786669200000,1889.4,1889.41,-0.002826279103000484,0.0,0.002530207168982628,ranging,0.18267367301754242,0.4310507791672868,0.3862755478151708,1
1786672800000,1889.41,1886.62,-0.007298767107313586,0.0,0.0025,ranging,0.1821204317259636,0.40723538126500297,0.41064418700903343,1
1786676400000,1886.63,1883.0,-0.005098247477429596,0.0,0.0025,ranging,0.17303731260300254,0.3821011777992776,0.44486150959771986,1
1786680000000,1883.0,1884.77,-0.003215246422640372,0.0,0.0025,low_liquidity,0.16116267499824394,0.4459993890809551,0.392837935920801,1
1786683600000,1884.78,1884.07,-0.005758809386063102,0.0,0.0025,ranging,0.17749852854135031,0.4078690454180184,0.4146324260406313,1
1786687200000,1884.07,1872.85,0.001783378273753966,1.0,0.0025,ranging,0.19687201877062674,0.3567382702995154,0.44638971092985785,1
1786690800000,1872.86,1873.4,0.002562186399060584,2.0,0.0025,ranging,0.19509162885215076,0.3923684037919621,0.4125399673558871,1
1786694400000,1873.4,1878.71,-0.002767856667607038,0.0,0.0025,ranging,0.1936414800543161,0.39300570173940375,0.41335281820628017,1
1786698000000,1878.72,1873.22,-0.0017349804080674103,1.0,0.0025,ranging,0.1979320115530723,0.3812703819315409,0.4207976065153868,1
1786701600000,1873.21,1876.19,-0.004935534247597517,0.0,0.0025,ranging,0.20655772279657394,0.3798369898970435,0.4136052873063826,1
1786705200000,1876.18,1878.2,0.0017889468640186479,1.0,0.0025,ranging,0.20479441309871588,0.3895634943211378,0.40564209258014633,1
1786708800000,1878.2,1873.51,0.006351714162187605,2.0,0.0025,ranging,0.20835621485230962,0.3673802709593155,0.42426351418837494,1
1786712400000,1873.51,1869.97,0.00459900426210047,2.0,0.0025,ranging,0.19969088924045095,0.3397861167502405,0.4605229940093085,1
1786716000000,1869.98,1866.93,0.004729689918743674,2.0,0.0025,ranging,0.20914227068630034,0.3415470064905377,0.44931072282316203,1
1786719600000,1866.94,1881.56,-0.00035608750186011395,1.0,0.002644781343023371,ranging,0.2294516882234118,0.37076316902161455,0.3997851427549736,1
1786723200000,1881.56,1885.41,-0.002646639192536382,1.0,0.0026577050762406273,ranging,0.2360574727604272,0.4061242228189514,0.35781830442062146,1
1786726800000,1885.41,1878.57,0.0004631182229035691,1.0,0.002726664752647453,ranging,0.20871536111747066,0.38911093545827463,0.4021737034242546,1
1786730400000,1878.57,1875.76,0.002137800145007862,1.0,0.0026567896996018384,ranging,0.21827476092365275,0.37185983552972174,0.40986540354662554,1
1786734000000,1875.75,1880.89,0.0006964787946130979,1.0,0.00264485346260953,ranging,0.21062408294475757,0.43623303849918155,0.3531428785560608,1
1786737600000,1880.89,1880.42,0.0010582742153348867,1.0,0.0025237834245517847,low_liquidity,0.1475404999852419,0.5793776229382037,0.2730818770765543,1
1786741200000,1880.42,1879.44,0.002426254629038338,1.0,0.0025,low_liquidity,0.17720157328862338,0.47809414933052335,0.3447042773808533,1
1786744800000,1879.43,1879.77,0.0027503364773351358,2.0,0.0025,low_liquidity,0.1851589840962423,0.4902151298087973,0.3246258860949604,1
1786748400000,1879.77,1882.2,0.00025502072043348534,1.0,0.0025,low_liquidity,0.198235189103869,0.46240777719041554,0.33935703370571535,1
1786752000000,1882.2,1882.41,0.0010412184380659273,1.0,0.0025,low_liquidity,0.18341736256373226,0.4707381805072169,0.3458444569290509,1
1786755600000,1882.41,1884.0,-0.001772823779193189,1.0,0.0025,low_liquidity,0.18463519814945836,0.4471130977844084,0.3682517040661332,1
1786759200000,1884.0,1884.94,-0.0014748480057720226,1.0,0.0025,low_liquidity,0.18566127207105657,0.4659749696750266,0.34836375825391674,1
1786762800000,1884.94,1882.68,-0.0012110395818726305,1.0,0.0025,ranging,0.22339953273527582,0.3799778941257235,0.3966225731390006,1
1786766400000,1882.69,1884.37,-0.003884587421790764,0.0,0.0025,low_liquidity,0.18303408011566707,0.4514127323763793,0.36555318750795346,1
1786770000000,1884.38,1880.66,-0.00011698020907557893,1.0,0.0025,ranging,0.20507745177195985,0.37956989450344103,0.4153526537245992,1
1786773600000,1880.67,1882.16,-0.0006110001275131394,1.0,0.0025,ranging,0.20922240814897777,0.38647364803645395,0.40430394381456825,1
1786777200000,1882.17,1880.4,-0.0004839395873218466,1.0,0.0025,low_liquidity,0.17901385090139046,0.43999079329563356,0.3809953558029761,1
1786780800000,1880.4,1877.05,0.0036280333502036743,2.0,0.0025,ranging,0.20820471505298865,0.3638904681354796,0.42790481681153175,1
1786784400000,1877.04,1880.44,0.0018187232775306317,1.0,0.0025,ranging,0.22288826422369457,0.3785905495267128,0.39852118624959265,1
1786788000000,1880.45,1881.01,0.0013556546748820786,1.0,0.0025,ranging,0.2104680424360539,0.38958045593848517,0.3999515016254609,1
1786791600000,1881.0,1879.49,0.002883761020276765,2.0,0.0025,low_liquidity,0.1798277303221224,0.42568557869315604,0.3944866909847215,1
1786795200000,1879.49,1883.86,0.0005945240092151138,1.0,0.0025,ranging,0.19640081087934683,0.36119538918528765,0.44240379993536555,1
1786798800000,1883.86,1883.86,0.00033441975518355704,1.0,0.0025,ranging,0.1759448604843812,0.3559554385986507,0.4680997009169682,1
1786802400000,1883.85,1883.56,-0.00039287307014379547,1.0,0.0025,ranging,0.16606959403323182,0.36552319472641526,0.46840721124035295,1
1786806000000,1883.55,1884.91,-0.00019099055127302922,1.0,0.0025,ranging,0.15755173102012976,0.3610629093725017,0.4813853596073686,1
1786809600000,1884.92,1884.98,-0.000827594987745206,1.0,0.0025,ranging,0.1603639985027998,0.3473292045785984,0.4923067969186018,1
1786813200000,1884.98,1884.49,0.00036084033345895605,1.0,0.0025,ranging,0.16788124574191843,0.34147193916667284,0.49064681509140873,1
1786816800000,1884.49,1882.82,0.0010728587969111025,1.0,0.0025,low_liquidity,0.159114142040058,0.3982810193362472,0.4426048386236948,1
1786820400000,1882.82,1884.55,-0.0010135045501578066,1.0,0.0025,low_liquidity,0.15093645482172177,0.4095121204476258,0.4395514247306525,1
1786824000000,1884.55,1883.42,-0.00045130666553405696,1.0,0.0025,low_liquidity,0.1477708913162425,0.4737704687932417,0.3784586398905158,1
1786827600000,1883.41,1885.17,-0.0024560119246540557,1.0,0.0025,ranging,0.166400006847859,0.3494172618590515,0.48418273129308953,1
1786831200000,1885.16,1884.84,-0.0005995203836929308,1.0,0.0025,ranging,0.15967117067234612,0.3523645007606131,0.48796432856704075,1
1786834800000,1884.84,1882.64,0.0003505715378404606,1.0,0.0025,ranging,0.17457512257284089,0.32332364962995375,0.5021012277972053,1
1786838400000,1882.64,1882.57,-0.0004621342101488457,1.0,0.0025,ranging,0.17417060470890103,0.3192482363448454,0.5065811589462536,1
1786842000000,1882.57,1880.54,-0.00038818637199955486,1.0,0.0025,ranging,0.17830696087339407,0.3031604441958465,0.5185325949307594,1
1786845600000,1880.54,1883.71,-0.0016616145797390125,1.0,0.0025,ranging,0.18660452239531256,0.32467840213566856,0.48871707546901877,1
1786849200000,1883.71,1883.3,-0.0009345298146870018,1.0,0.0025,ranging,0.17276113488627493,0.32544749607533857,0.5017913690383865,1
1786852800000,1883.31,1881.7,-0.0004038900993782457,1.0,0.0025,ranging,0.17425064854711625,0.3105768393785437,0.5151725120743401,1
1786856400000,1881.7,1879.81,0.0003298205669721721,1.0,0.0025,ranging,0.19410786095729143,0.29003796471253607,0.5158541743301724,1
1786860000000,1879.82,1880.58,0.00011166767699322122,1.0,0.0025,ranging,0.1858951251418915,0.2918975779036461,0.5222072969544623,1
1786863600000,1880.58,1881.54,-0.00031888771963384244,1.0,0.0025,ranging,0.18365716842143248,0.3116116581447455,0.504731173433822,1
1786867200000,1881.54,1880.94,-0.0005901304666816598,1.0,0.0025,ranging,0.18917731452461603,0.30908997576635466,0.5017327097090293,1
1786870800000,1880.94,1880.43,0.0008136436878798392,1.0,0.0025,ranging,0.19896194788013613,0.2894852508393845,0.5115528012804794,1
1786874400000,1880.42,1880.79,0.0014408838838999571,1.0,0.0025,ranging,0.1997903690451863,0.29062007503193316,0.5095895559228806,1
1786878000000,1880.8,1880.94,0.0016587450955372063,1.0,0.0025,ranging,0.18665708103482356,0.30426820323298764,0.5090747157321888,1
1786881600000,1880.94,1879.83,0.0051866392173760545,2.0,0.0025,trending,0.1790394898842854,0.3238565256017244,0.4971039845139902,1
1786885200000,1879.82,1881.96,0.0017056685583116682,1.0,0.0025,trending,0.1803679996084,0.3255822664894186,0.49404973390218127,1
1786888800000,1881.96,1883.5,0.0010565436687017815,1.0,0.0025,trending,0.17234387693932693,0.34248738517462957,0.4851687378860436,1
1786892400000,1883.51,1884.06,0.00093946052673477,1.0,0.0025,ranging,0.1545377212645449,0.3194521220903227,0.5260101566451324,1
1786896000000,1884.06,1889.58,-0.004011473449126224,0.0,0.0025,ranging,0.19604552871059336,0.32379678329961237,0.48015768798979436,1
1786899600000,1889.59,1885.17,-0.005097683498040073,0.0,0.0025,ranging,0.16630860559570484,0.3138883415414245,0.5198030528628708,1
1786903200000,1885.18,1885.49,-0.005006656094702189,0.0,0.0025,ranging,0.16214871052839397,0.31804818210773206,0.519803107363874,1
1786906800000,1885.49,1885.83,-0.005212558926308231,0.0,0.0025,ranging,0.15745597148640716,0.3042129402025171,0.5383310883110757,1
1786910400000,1885.83,1882.0,-0.001631243358129586,1.0,0.0025,ranging,0.16677545314869685,0.28261674498045863,0.5506078018708446,1
1786914000000,1881.99,1875.56,0.008578771140352881,2.0,0.0025,ranging,0.17333489131349447,0.24136745119824812,0.5852976574882575,1
1786917600000,1875.55,1876.05,0.014024146477972232,2.0,0.0025,ranging,0.17211046378692854,0.2519805328884995,0.5759090033245721,1
1786921200000,1876.05,1876.0,0.01328358208955227,2.0,0.0025,trending,0.19243026468619034,0.3274797286511694,0.4800900066626403,1
1786924800000,1876.01,1878.93,0.01299143661552038,2.0,0.0025,ranging,0.20004544735000876,0.30898753436794374,0.4909670182820476,1
1786928400000,1878.92,1891.65,0.004229112150767822,2.0,0.0025,ranging,0.2135585816991526,0.3718041490702376,0.41463726923060984,1
1786932000000,1891.66,1902.36,0.002465358817468788,1.0,0.0025,trending,0.21990516696226506,0.39581096614012923,0.3842838668976057,1
1786935600000,1902.35,1900.92,5.260610651758313e-06,1.0,0.0025,trending,0.22997577382135503,0.37756724069053305,0.392456985488112,1
1786939200000,1900.93,1903.34,-0.00468124454905583,0.0,0.0025,trending,0.2364978979295298,0.36620650708614977,0.3972955949843204,1
1786942800000,1903.33,1899.65,-0.0029637038401811866,0.0,0.0025,trending,0.26637481982565075,0.3458804653847252,0.3877447147896241,1
1786946400000,1899.66,1907.05,5.768071104594874e-05,1.0,0.0025,trending,0.30779532351223865,0.3218984079179643,0.37030626856979704,1
1786950000000,1907.06,1900.93,0.0018569857911654442,1.0,0.0025,trending,0.27023514009744787,0.3567587075894158,0.3730061523131364,1
1786953600000,1900.93,1894.43,0.0025284650264194575,2.0,0.0025,trending,0.26743830047462697,0.3568356080705735,0.3757260914547995,1
1786957200000,1894.44,1894.02,0.0057549550691122775,2.0,0.0025,trending,0.2544898429793488,0.37412095320515815,0.371389203815493,1
1786960800000,1894.02,1907.16,0.0012846326474966752,1.0,0.0025017568067714946,trending,0.26155117308604875,0.3602347235945278,0.37821410331942346,1
1786964400000,1907.15,1904.46,0.004599729057055635,2.0,0.0025,trending,0.28831588949822684,0.37100842528056754,0.3406756852212055,1
1786968000000,1904.46,1899.22,0.004212255557544786,2.0,0.0025,trending,0.2814426831886591,0.3796319837948503,0.3389253330164905,1
1786971600000,1899.22,1904.92,0.0020945761501796056,1.0,0.0025947060757458987,trending,0.2784800525884033,0.3574691327436349,0.3640508146679618,1
1786975200000,1904.92,1909.61,0.00020946685448874902,1.0,0.0026983519249453507,trending,0.29643059879515343,0.36342362902593534,0.3401457721789112,1
1786978800000,1909.61,1913.22,-0.003120393890927331,0.0,0.0027463945469691936,trending,0.3383743913592928,0.355751309352689,0.3058742992880182,1
1786982400000,1913.22,1907.22,-0.0002569184467444696,1.0,0.0027488004484081253,trending,0.3090150155533707,0.36438969187315823,0.32659529257347114,1
1786986000000,1907.21,1908.91,-0.001341079464196926,1.0,0.002765728440604787,trending,0.3178973870924088,0.3562699700930401,0.32583264281455115,1
1786989600000,1908.9,1910.01,-0.0028586237768388756,0.0,0.0026919023912445332,trending,0.30160866214414533,0.38043147766416263,0.317959860191692,1
1786993200000,1910.0,1907.25,0.0033294009699829097,2.0,0.0025982917185144146,trending,0.2821513928075112,0.36589715071844436,0.3519514564740444,1
1786996800000,1907.24,1906.73,0.00177266839038559,1.0,0.002543048436769309,trending,0.25864917245683167,0.36856918978165343,0.37278163776151496,1
1787000400000,1906.73,1906.35,-0.002523146326749992,0.0,0.0025,trending,0.25637819299229636,0.3926964753274169,0.3509253316802866,1
1787004000000,1906.35,1904.55,-0.005964663568821971,0.0,0.0025,trending,0.23673479019046606,0.3630036587473028,0.4002615510622312,1
1787007600000,1904.56,1913.6,-0.009881897993310962,0.0,0.0025065501152356498,trending,0.23552985675238805,0.4282204751352293,0.33624966811238266,1
1787011200000,1913.59,1910.11,-0.007041479286533092,0.0,0.0025,trending,0.23113478675027108,0.44607784226802294,0.3227873709817059,1
1787014800000,1910.12,1901.54,-0.003108007194168816,0.0,0.0025332912141969193,trending,0.21058370813451155,0.41385277712657587,0.37556351473891264,1
1787018400000,1901.53,1893.19,0.005091934776752405,2.0,0.002686886361899081,trending,0.21464670650838824,0.3594983135697897,0.42585497992182203,1
1787022000000,1893.19,1894.69,0.0021903319276503908,1.0,0.0027126270595826223,trending,0.17977033945459622,0.3934912405210106,0.4267384200243932,1
1787025600000,1894.68,1896.66,0.0019191631605031123,1.0,0.0026556697309167475,ranging,0.19588577263648826,0.4067370922780605,0.39737713508545125,1
1787029200000,1896.66,1895.63,0.0006857878383439431,1.0,0.002607490957545486,ranging,0.20434451026859293,0.38978889221974483,0.4058665975116622,1
1787032800000,1895.62,1902.83,-0.002527813835182302,1.0,0.002711633840500552,ranging,0.21472043139266087,0.409652793115872,0.3756267754914672,1
1787036400000,1902.84,1898.84,0.0022487413368161846,1.0,0.0026631716833644186,ranging,0.1933665658378945,0.4236582042073304,0.3829752299547752,1
1787040000000,1898.83,1900.3,-0.0004315108140819923,1.0,0.0026521443963778654,ranging,0.19756032267320767,0.43171146833413543,0.3707282089926569,1
1787043600000,1900.31,1896.93,0.00047972249898520225,1.0,0.0025739450417885425,ranging,0.19299686439727687,0.38764656731994246,0.41935656828278073,1
1787047200000,1896.93,1898.02,0.006849242895227592,2.0,0.0025,ranging,0.1869779566901791,0.42395811762559177,0.3890639256842291,1
1787050800000,1898.01,1903.11,0.0076663986842588905,2.0,0.0025,ranging,0.2125607911628063,0.41479546731844674,0.372643741518747,1
1787054400000,1903.12,1899.48,0.009997472992608447,2.0,0.0025,ranging,0.17502446155519233,0.4333110690947129,0.39166446935009486,1
1787058000000,1899.48,1897.84,0.007134426505922553,2.0,0.0025,ranging,0.18109316173721127,0.40780444342809263,0.41110239483469624,1
1787061600000,1897.84,1911.02,0.002919906646712267,2.0,0.0027830709846566903,ranging,0.22374514048264785,0.39813532840684235,0.3781195311105098,1
1787065200000,1911.03,1917.7,-0.0023048443447880596,1.0,0.0028320590912582107,ranging,0.21799903931712902,0.4516702484904312,0.3303307121924399,1
1787068800000,1917.71,1918.47,-0.0028408054334965183,1.0,0.0028413831390556124,ranging,0.22475808058133268,0.45689278613616313,0.318349133282504,1
1787072400000,1918.47,1911.38,0.0004394730508847644,1.0,0.002811446929151871,ranging,0.23841590600068016,0.4167035612784406,0.3448805327208792,1
1787076000000,1911.38,1916.6,-0.0016591881456745616,1.0,0.0027540087583947004,ranging,0.23846345081838727,0.44226626786814555,0.3192702813134671,1
1787079600000,1916.6,1913.28,0.002388568322461815,1.0,0.0026611866018568923,ranging,0.2253688966035114,0.4595012341532793,0.3151298692432093,1
1787083200000,1913.28,1913.02,0.00031364021285718025,1.0,0.002558808896061495,ranging,0.21347784524450966,0.43237891137278095,0.35414324338270936,1
1787086800000,1913.01,1912.22,0.0007635104747361066,1.0,0.0025,ranging,0.19739811769698498,0.4635241497760349,0.33907773252698015,1
1787090400000,1912.21,1913.42,-0.002989411629438443,0.0,0.0025,ranging,0.21938499858968613,0.4204907155966025,0.3601242858137115,1
1787094000000,1913.42,1917.85,-0.0029720781082982484,0.0,0.0025,ranging,0.21877925289222797,0.4320959620141076,0.34912478509366457,1
1787097600000,1917.85,1913.62,-0.0014475183160711502,1.0,0.0025,ranging,0.22038341961898225,0.4172489132936803,0.3623676670873375,1
1787101200000,1913.62,1913.68,-0.0017819071109067552,1.0,0.0025,trending,0.22111751977074356,0.4436160440621335,0.3352664361671229,1
1787104800000,1913.68,1907.7,0.005205220946689737,2.0,0.0025,ranging,0.21525333195581797,0.3850139037995688,0.3997327642446132,1
1787108400000,1907.71,1912.15,0.0020186700834139426,1.0,0.0025,ranging,0.2200250135405974,0.41753511310264846,0.3624398733567541,1
1787112000000,1912.15,1910.85,0.005583902451788525,2.0,0.0025,ranging,0.18746345905409756,0.43077940998387004,0.38175713096203234,1
1787115600000,1910.84,1910.27,0.004727080465065203,2.0,0.0025,ranging,0.19790772019841948,0.4464742660234994,0.3556180137780813,1
1787119200000,1910.28,1917.63,0.0013506255116992882,1.0,0.0025,ranging,0.21927940922795447,0.404713865466606,0.37600672530543944,1
1787122800000,1917.64,1916.01,0.003679521505628891,2.0,0.0025,ranging,0.22219133986380823,0.4239454919999308,0.35386316813626095,1
1787126400000,1916.01,1921.52,0.008165410716516108,2.0,0.0025,ranging,0.24722391879880248,0.42246615898935097,0.33030992221184646,1
1787130000000,1921.52,1919.3,0.007085916740478426,2.0,0.0025,ranging,0.21145881435686104,0.4136835171424256,0.3748576685007133,1
1787133600000,1919.3,1920.22,0.026236577058878607,2.0,0.0025,ranging,0.19806535630063882,0.481707712368443,0.3202269313309181,1
1787137200000,1920.23,1923.06,0.08464114484207452,2.0,0.0025,ranging,0.23462658763272257,0.42519150728027916,0.3401819050869983,1
1787140800000,1923.06,1937.21,0.07863886723690272,2.0,0.002547514492831394,trending,0.23480145364411076,0.45420623353669826,0.31099231281919104,1
1787144400000,1937.21,1932.9,0.08180454239743384,2.0,0.002671260694831337,trending,0.238689555724724,0.4163420113686284,0.34496843290664764,1
1787148000000,1932.91,1970.6,0.06157008017862586,2.0,0.0034597380551794742,abnormal,0.2156244684515308,0.4528380925430539,0.3315374390054153,1
1787151600000,1970.61,2085.83,0.007761898141267487,2.0,0.006067844097347225,abnormal,0.29686179443383587,0.5372663917935846,0.16587181377257942,1
1787155200000,2085.83,2089.55,0.06152999449642249,2.0,0.006152739185005897,high_volatility,0.26897789958355023,0.6125584601704894,0.1184636402459603,1
1787158800000,2089.55,2091.02,0.09324635823665006,2.0,0.006235573688998607,high_volatility,0.2583413248275181,0.6206365607424953,0.12102211442998662,1
1787162400000,2091.03,2091.93,0.07555702150645582,2.0,0.006065459061290916,high_volatility,0.2575837430535032,0.5952245668343392,0.14719169011215746,1
1787166000000,2091.92,2102.02,0.07173100160797707,2.0,0.005941179880819468,high_volatility,0.3444076242726234,0.5315610714998743,0.12403130422750226,1
1787169600000,2102.02,2218.12,0.019890718265918927,2.0,0.007924156690287329,abnormal,0.37120652524564113,0.47677284399491304,0.15202063075944586,1
1787173200000,2218.13,2286.0,-0.008460192475940542,1.0,0.009347565794656345,high_volatility,0.30369537646800154,0.5768363412005769,0.11946828233142147,1
1787176800000,2286.0,2249.99,0.000844448197547587,1.0,0.00974699444015298,high_volatility,0.2375634350570932,0.6466033400476163,0.11583322489529055,1
1787180400000,2250.0,2252.8,-0.0007057883522727515,1.0,0.00938839032902538,high_volatility,0.18294254569597815,0.704288408260128,0.11276904604389391,1
1787184000000,2252.81,2262.24,-0.005286795388641186,1.0,0.009104255533452591,high_volatility,0.16820550061203837,0.7001415274154471,0.13165297197251447,1
1787187600000,2262.24,2266.66,-0.008073553157509128,1.0,0.008833391846970916,high_volatility,0.17784837825929414,0.7214433776111795,0.10070824412952628,1
1787191200000,2266.66,2251.89,0.004827056383748918,1.0,0.008649808685469797,high_volatility,0.1743937032421067,0.7274213086788731,0.09818498807902017,1
1787194800000,2251.88,2251.21,0.0002665233363390307,1.0,0.008720498558851004,high_volatility,0.21280217525563136,0.6767106651408983,0.11048715960347036,1
1787198400000,2251.21,2250.28,0.014207120891622349,2.0,0.00829007172087545,high_volatility,0.21331264608653835,0.6818098211926301,0.10487753272083147,1
1787202000000,2250.27,2248.36,0.01343201266701044,2.0,0.007954775089928109,high_volatility,0.20523499309474477,0.6947820327087074,0.0999829741965478,1
1787205600000,2248.36,2262.76,0.010712581095652984,2.0,0.007876145427186274,high_volatility,0.27114780628636675,0.6337210156930118,0.09513117802062146,1
1787209200000,2262.77,2251.81,0.01988178398710372,2.0,0.00774252549690694,high_volatility,0.2688467314976835,0.6340349160498446,0.09711835245247194,1
1787212800000,2251.81,2282.25,0.0034965494577718914,1.0,0.007808492634445028,high_volatility,0.3080797827126413,0.587571941527474,0.10434827575988473,1
1787216400000,2282.26,2278.56,-0.0007241415630925285,1.0,0.007698098802204276,high_volatility,0.26874667828086285,0.6221082691734899,0.10914505254564735,1
1787220000000,2278.56,2287.0,-0.0025185832968955824,1.0,0.00750282778711217,high_volatility,0.2978641108917594,0.5944602032948648,0.10767568581337573,1
1787223600000,2286.99,2296.58,0.01298887911590274,2.0,0.007641193580349662,high_volatility,0.2707754933630775,0.6276944656630432,0.10153004097387928,1
1787227200000,2296.59,2290.23,0.023687577230234513,2.0,0.007732035665347163,high_volatility,0.24168447234530638,0.6524069104815005,0.10590861717319328,1
1787230800000,2290.23,2276.91,0.029579561774510266,2.0,0.00802189372388847,high_volatility,0.24554027557678365,0.6385269682283923,0.11593275619482402,1
1787234400000,2276.92,2281.24,0.015403903140397412,2.0,0.007770106561881309,high_volatility,0.2132594553632239,0.6751982192163726,0.11154232542040336,1
1787238000000,2281.24,2326.41,-0.0011347956723019026,1.0,0.008118616010196568,high_volatility,0.2229968503208294,0.6630123433441393,0.11399080633503132,1
1787241600000,2326.4,2344.48,-0.011047225824063367,0.0,0.008313448219393704,high_volatility,0.20675970786809394,0.6928671241290948,0.10037316800281133,1
1787245200000,2344.48,2344.26,-0.010856304334843525,0.0,0.008064782857406543,high_volatility,0.20789987977406718,0.6938519538745307,0.09824816635140217,1
1787248800000,2344.25,2316.38,-0.00084614786865711,1.0,0.008275823304249063,high_volatility,0.23909006694614024,0.6495309612239855,0.11137897182987425,1
1787252400000,2316.37,2323.77,0.001312522323637877,1.0,0.008037596867265994,high_volatility,0.2564329958494179,0.6256230727281046,0.11794393142247742,1
1787256000000,2323.78,2318.58,0.009592077909755137,2.0,0.007807175208816453,high_volatility,0.24986276868461219,0.6351920178650897,0.11494521345029807,1
1787259600000,2318.58,2318.81,0.017491730672198225,2.0,0.007475764472896176,trending,0.2760468708184501,0.6133804278003464,0.11057270138120348,1
1787263200000,2318.81,2314.42,0.013536868848350814,2.0,0.007191601426403431,trending,0.25211247060877295,0.6362097751802105,0.11167775421101644,1
1787266800000,2314.42,2326.82,0.006111345097600918,1.0,0.007137792605139088,trending,0.2667827990230738,0.6331296506289876,0.10008755034793855,1
1787270400000,2326.83,2340.82,0.005809929853640927,1.0,0.007067262804834163,trending,0.25073382488786095,0.5226063973508076,0.22665977776133145,2
1787274000000,2340.82,2359.37,0.003835769718187665,1.0,0.007288673052084573,trending,0.2531536314608258,0.5214011021899593,0.2254452663492149,2
1787277600000,2359.37,2345.75,0.01139081317275914,2.0,0.00726410362222433,trending,0.24897702873764366,0.5218324521444546,0.22919051911790173,2
1787281200000,2345.75,2341.04,0.013079656904623649,2.0,0.007074969852648683,trending,0.25072467270996035,0.5178894790919567,0.23138584819808286,2
1787284800000,2341.05,2354.42,0.03813253370256775,2.0,0.006804594777663797,trending,0.2503828422731853,0.5193546388045504,0.2302625189222643,2
1787288400000,2354.43,2368.42,0.015022673343410453,2.0,0.006626640861042795,trending,0.260447496029742,0.5156374684261624,0.2239150355440955,2
1787292000000,2368.42,2372.47,0.009635527530379884,2.0,0.006667032782755124,trending,0.25754704417419877,0.5192068474698146,0.22324610835598666,2
1787295600000,2372.48,2371.66,-0.0005017582621454908,1.0,0.006844372972617726,trending,0.25577217872451946,0.5160671600710167,0.2281606612044638,2
1787299200000,2371.67,2444.2,-0.022739546681940892,0.0,0.007529978633239663,trending,0.25720731783283024,0.5158663152258239,0.2269263669413459,2
1787302800000,2444.2,2404.0,-0.006801164725457554,1.0,0.008355361869495391,high_volatility,0.24907513010480395,0.5253639038033691,0.2255609660918271,2
1787306400000,2404.0,2395.33,-0.0006930151586628241,1.0,0.008165942215700375,high_volatility,0.24185828160359918,0.5369256662587686,0.2212160521376323,2
1787310000000,2395.32,2370.47,0.009778651491054724,2.0,0.008421525893235656,high_volatility,0.24425177759350425,0.5220877899339595,0.23366043247253626,2
1787313600000,2370.48,2388.62,0.007263608275908329,1.0,0.008335795453136665,high_volatility,0.2399173390581526,0.5310040008844206,0.22907866005742683,2
1787317200000,2388.62,2387.65,0.015060833874311674,2.0,0.008431530720838088,high_volatility,0.24472443853418874,0.5258005799261388,0.22947498153967247,2
1787320800000,2387.65,2393.67,0.01129646108277238,2.0,0.008311626564854022,high_volatility,0.24080765992266942,0.5362234228100213,0.22296891726730922,2
1787324400000,2393.67,2393.65,0.008313663233973312,2.0,0.008067678622110995,high_volatility,0.24318415698203094,0.5288165499483852,0.22799929306958372,2
1787328000000,2393.64,2405.97,0.014580397926823752,2.0,0.007972121316665502,trending,0.24825913326677432,0.5228560553983908,0.228884811334835,2
1787331600000,2405.97,2423.61,0.036994400914338366,2.0,0.0078067988725010005,trending,0.2511386614474725,0.5237678195660939,0.22509351898643357,2
1787335200000,2423.61,2420.71,0.041797654407178086,2.0,0.007903356146395302,trending,0.24946083258169338,0.5280015837551539,0.22253758366315254,2
1787338800000,2420.72,2413.55,0.04257214476600857,2.0,0.007597834024653296,trending,0.24099209022067494,0.5360311394872928,0.22297677029203244,2
1787342400000,2413.54,2441.05,0.03334220929518028,2.0,0.00766019248252729,trending,0.24530984303163805,0.527378990436514,0.2273111665318479,2
1787346000000,2441.05,2513.27,-0.002498736705566884,1.0,0.008377698808244472,high_volatility,0.242396903406322,0.5348412041974159,0.22276189239626215,2
1787349600000,2513.26,2521.89,-0.0023276193648413823,1.0,0.008430764457534278,high_volatility,0.24705497195517864,0.53348654665647,0.2194584813883514,2
1787353200000,2521.89,2516.3,-0.0004927870285738045,1.0,0.008466256791761845,high_volatility,0.25232404742975806,0.530091235601658,0.21758471696858386,2
1787356800000,2516.31,2522.44,-0.0031754967412506163,1.0,0.008384040440051076,high_volatility,0.25371930006706994,0.5222092408528399,0.2240714590800902,2
1787360400000,2522.44,2506.99,-0.026741231516679398,0.0,0.008202582909010174,high_volatility,0.24660524359644287,0.5299734714738722,0.22342128492968505,2
1787364000000,2506.99,2516.02,-0.03109673214044395,0.0,0.008059307763047882,trending,0.2530611339341214,0.5238722924711338,0.2230665735947448,2
1787367600000,2516.02,2515.06,-0.032504194730940794,0.0,0.007725743939473994,trending,0.25691242634432915,0.5131370420991325,0.22995053155653847,2
1787371200000,2515.06,2514.43,-0.03527240766296935,0.0,0.007583747301472325,trending,0.2620864321284403,0.5096326304895481,0.22828093738201158,2
1787374800000,2514.43,2439.95,-0.007385397241746805,1.0,0.009598569714664345,high_volatility,0.24345161490255415,0.5073185679613612,0.24922981713608455,2
1787378400000,2439.95,2437.78,-0.0102757426839174,0.0,0.009474674038288888,high_volatility,0.23808600937174554,0.5254426729407867,0.23647131768746765,2
1787382000000,2437.79,2433.31,-0.0038548314846854614,1.0,0.009180417426755511,high_volatility,0.22710158993982463,0.548095106639039,0.22480330342113644,2
1787385600000,2433.32,2425.74,0.0009811438983569065,1.0,0.009062578249261197,high_volatility,0.2270603951035431,0.5512847380052522,0.2216548668912046,2
1787389200000,2425.74,2421.93,0.003369213808821936,1.0,0.008721703096017193,high_volatility,0.23197906542451638,0.5476899013493046,0.22033103322617892,2
1787392800000,2421.93,2412.73,0.0005015065921176731,1.0,0.008727505680624383,high_volatility,0.2338355602022601,0.5430254603803369,0.22313897941740302,2
1787396400000,2412.73,2423.93,-0.005375567776297108,1.0,0.008443799124048468,high_volatility,0.2386192597575736,0.5427888832397375,0.21859185700268893,2
1787400000000,2423.92,2428.12,-0.002261008516877161,1.0,0.00815649597630538,trending,0.24720349269758157,0.535770445835675,0.2170260614667434,2
1787403600000,2428.11,2430.09,-0.0015513828705933097,1.0,0.0077712689985563735,trending,0.2476724796513757,0.5361839541870492,0.21614356616157504,2
1787407200000,2430.09,2413.94,0.005464096042155253,1.0,0.007657175762716437,trending,0.24554142701614037,0.5332006524759714,0.22125792050788823,2
1787410800000,2413.93,2410.9,0.01182545937201862,2.0,0.007316340583791246,trending,0.23458428716159416,0.5387194413357057,0.22669627150270028,2
1787414400000,2410.89,2422.63,0.003801653574833974,1.0,0.007131286237182912,trending,0.24195475645553605,0.5353544484505087,0.22269079509395523,2
1787418000000,2422.64,2426.32,-0.007740116719971102,0.0,0.006864071742339481,low_liquidity,0.239422373396997,0.5402355451826603,0.2203420814203427,2
1787421600000,2426.33,2427.13,-0.005343759913972623,1.0,0.006596434270350768,low_liquidity,0.2453437736461076,0.5348799838545193,0.21977624249937305,2
1787425200000,2427.13,2439.41,-0.006891010531234976,0.0,0.00645862394237465,trending,0.24914016853467807,0.5298471347885507,0.22101269667677123,2
1787428800000,2439.41,2431.84,-0.0003618659122310852,1.0,0.0062686811458015825,trending,0.24513800851517525,0.5350483081248429,0.2198136833599818,2
1787432400000,2431.83,2407.54,0.006525332912433512,2.0,0.0063866490943594945,trending,0.24317509855078634,0.527172961121168,0.22965194032804573,2
1787436000000,2407.54,2414.16,0.0011556814792723635,1.0,0.006283270107799854,trending,0.2447873359243762,0.5272538434287123,0.22795882064691148,2
1787439600000,2414.17,2422.6,-0.0035581606538429567,1.0,0.006116293348492152,low_liquidity,0.2640226290349756,0.5158648178326093,0.22011255313241515,2
1787443200000,2422.6,2430.96,-0.02151413433376126,0.0,0.005939491260911097,ranging,0.2682196003712906,0.5090913613581434,0.22268903827056608,2
1787446800000,2430.96,2423.25,-0.020740740740740837,0.0,0.005762528298274687,ranging,0.2905522503713686,0.4813504117654831,0.2280973378631482,2
1787450400000,2423.26,2416.95,-0.011154554293634544,0.0,0.0056572660077584104,low_liquidity,0.2771773528115053,0.4905138008634406,0.23230884632505408,2
1787454000000,2416.96,2413.98,-0.010339770834886797,0.0,0.005448715932279946,low_liquidity,0.2716881237552548,0.4956551619851842,0.23265671425956075,2
1787457600000,2413.98,2378.66,0.014209681080944891,2.0,0.0059427272594253806,ranging,0.2877975740334878,0.46553729458145665,0.2466651313850555,2
1787461200000,2378.67,2372.99,0.016102048470495012,2.0,0.006096541828114441,trending,0.2833487941606109,0.4768270580347929,0.2398241478045961,2
1787464800000,2372.99,2389.99,0.010527240699752083,2.0,0.0061117836806569075,trending,0.2731123039008861,0.4913761043263946,0.23551159177271921,2
1787468400000,2389.99,2389.02,0.01869385773245935,2.0,0.005863382248373555,trending,0.28396340141507903,0.4913693676394699,0.22466723094545102,2
1787472000000,2389.01,2412.46,0.006047768667666986,1.0,0.006085743744888802,trending,0.2718441277363817,0.5088859197976789,0.21926995246593933,2
1787475600000,2412.45,2411.2,0.020135202388852136,2.0,0.005861247914859455,ranging,0.2797931710060747,0.5001608840892898,0.22004594490463544,2
1787479200000,2411.2,2415.15,0.0098544603854831,2.0,0.005612024471713333,low_liquidity,0.2786816194539516,0.5066957535712105,0.214622626974838,2
1787482800000,2415.15,2433.68,0.002029847802504925,1.0,0.005585147118096281,ranging,0.28173202432821426,0.4969759275642005,0.22129204810758527,2
1787486400000,2433.67,2427.05,0.009686656640777835,2.0,0.0054569477613561155,ranging,0.28061738603624886,0.5006388699159444,0.21874374404780678,2
1787490000000,2427.05,2459.75,-0.007980485821729943,0.0,0.0059939803939015775,ranging,0.2789444176648524,0.4990185643063546,0.22203701802879303,2
1787493600000,2459.75,2438.95,0.003989421677361271,1.0,0.007009398440215563,ranging,0.2738966294602222,0.49802515200699954,0.22807821853277835,2
1787497200000,2438.95,2438.62,0.002599831051988577,1.0,0.007054236770765223,ranging,0.27073695538155523,0.5078960638286981,0.22136698078974673,2
1787500800000,2438.61,2450.56,-3.264559937321554e-05,1.0,0.006878889413061421,ranging,0.2665177365403877,0.5133120767680849,0.2201701866915274,2
1787504400000,2450.56,2440.12,0.012233004934183445,2.0,0.006792309573795362,ranging,0.26130561677488384,0.5183686095381399,0.22032577368697623,2
1787508000000,2440.11,2448.68,0.00260140157145905,1.0,0.006537827251642402,ranging,0.2704222531137802,0.5120650646839546,0.2175126822022652,2
1787511600000,2448.68,2444.96,0.007546135724101788,2.0,0.006373157400447456,ranging,0.2673555940999252,0.508518487201588,0.22412591869848686,2
1787515200000,2444.95,2450.48,0.00597025888805458,1.0,0.006154872687665103,ranging,0.2700513018879469,0.5093140824941892,0.22063461561786393,2
1787518800000,2450.48,2469.97,-0.01642530071215431,0.0,0.006262687444662561,ranging,0.2746196910907534,0.5046538690697635,0.2207264398394831,2
1787522400000,2469.96,2455.05,-0.00459053787091912,1.0,0.006245914438751949,ranging,0.2679044104187019,0.5130032286018481,0.21909236097945,2
1787526000000,2455.04,2463.41,-0.013302698292204651,0.0,0.006288797675845201,ranging,0.27241126018057205,0.5070119974701782,0.2205767423492498,2
1787529600000,2463.42,2465.11,-0.010965027929788151,0.0,0.006244998979312422,ranging,0.2724618582324398,0.5062146866032681,0.2213234551642921,2
1787533200000,2465.11,2429.4,0.00803490573804222,2.0,0.006584692359095339,ranging,0.26066177793792095,0.5107381547911289,0.22860006727095006,2
1787536800000,2429.4,2443.78,0.005205051191187415,1.0,0.006552585135189302,ranging,0.262173566944749,0.5099217372566807,0.22790469579857026,2
1787540400000,2443.78,2430.64,0.009873942665306279,2.0,0.006454737215646555,ranging,0.2508932031908792,0.5179297786841857,0.23117701812493519,2
1787544000000,2430.65,2438.08,0.006874261714135743,2.0,0.006297251820399331,ranging,0.2529728389761269,0.5201487530165575,0.2268784080073156,2
1787547600000,2438.07,2448.92,0.005782140698757043,1.0,0.0062737757383905,ranging,0.2634064396063872,0.5070454805012555,0.22954807989235737,2
1787551200000,2448.92,2456.5,0.0035416242621615357,1.0,0.006148226962181106,ranging,0.2590098704257393,0.5173885236891366,0.22360160588512415,2
1787554800000,2456.5,2454.64,0.016108268422253325,2.0,0.006094188787758591,ranging,0.2668289955727308,0.5090517262099982,0.22411927821727115,2
1787558400000,2454.67,2454.84,0.023504586856984533,2.0,0.006058571008345868,ranging,0.2660781000494877,0.5049510799581147,0.22897081999239763,2
1787562000000,2454.84,2463.08,0.012484369163811238,2.0,0.005804483234221875,ranging,0.2671084975522203,0.5072094304108228,0.22568207203695684,2
1787565600000,2463.07,2465.2,0.02067175077072858,2.0,0.005892184503694678,ranging,0.2652550082661905,0.5081737805892536,0.22657121114455603,2
1787569200000,2465.2,2494.18,-0.0024817775782021156,1.0,0.0063459268061935485,ranging,0.272693282305151,0.49885904430224287,0.2284476733926063,2
1787572800000,2494.18,2512.54,-0.013575903269201772,0.0,0.006600790104809524,ranging,0.27146611071525434,0.5027137172923523,0.22582017199239346,2
1787576400000,2512.54,2493.83,-0.009968602510997182,0.0,0.0069240525390720205,ranging,0.2622728278887054,0.511031044324262,0.22669612778703252,2
1787580000000,2493.83,2516.16,-0.01681928017296186,0.0,0.007062415099246515,ranging,0.2667953953293418,0.5035659445489558,0.22963866012170242,2
1787583600000,2516.16,2487.99,-0.0066680332316446655,1.0,0.00755498451387785,ranging,0.2576458430832675,0.5071160886311269,0.23523806828560553,2
1787587200000,2487.99,2478.43,-0.0013193836420637428,1.0,0.007681863027598647,ranging,0.26048420125720495,0.5061163323870747,0.23339946635572034,2
1787590800000,2478.43,2468.97,0.0059093468126385496,1.0,0.007668914486185016,ranging,0.2574629046264025,0.5039601026720858,0.2385769927015119,2
1787594400000,2468.97,2473.84,0.00016977654173278012,1.0,0.007394523649364981,ranging,0.25711250867380164,0.5097229662499797,0.23316452507621876,2
1787598000000,2473.85,2471.4,0.004414501901756074,1.0,0.0071474609244524786,ranging,0.24987432369185866,0.5173771889296274,0.23274848737851395,2
1787601600000,2471.48,2475.16,0.007454063575688119,2.0,0.006864925732737456,low_liquidity,0.24142436348717172,0.5356132289548147,0.22296240755801353,2
1787605200000,2475.16,2483.56,0.0050049123033064635,1.0,0.006603402963498016,ranging,0.26158865017638244,0.5156015393084757,0.22280981051514176,2
1787608800000,2483.56,2474.26,0.013511110392602221,2.0,0.006377875665922821,ranging,0.26146806770483083,0.5127903549912646,0.22574157730390465,2
1787612400000,2474.27,2482.31,0.006840402689430425,2.0,0.00618867087474284,ranging,0.25655480512931883,0.5191698101926582,0.22427538467802294,2
1787616000000,2482.31,2493.61,0.0005534145275323255,1.0,0.0062801834285026135,ranging,0.2606637842609498,0.5117388089363756,0.22759740680267462,2
1787619600000,2493.61,2495.99,0.005104187116134362,1.0,0.006164981962179597,ranging,0.26017120711094244,0.5128820395995576,0.22694675328950006,2
1787623200000,2495.99,2507.69,-0.0027156466708404547,1.0,0.00638477566608394,ranging,0.2592200382929415,0.5120930729108797,0.22868688879617885,2
1787626800000,2507.7,2499.29,-0.00814231241672636,0.0,0.006386942325079372,ranging,0.2654138990023348,0.5038761441716654,0.23070995682599982,2
1787630400000,2499.3,2494.99,-0.0040761686419583665,1.0,0.006200845754532632,ranging,0.26046862277427746,0.511854202335401,0.22767717489032158,2
1787634000000,2494.99,2508.73,-0.013576590545813949,0.0,0.00603474455596252,trending,0.2585940348268703,0.5170172507410651,0.2243887144320646,2
1787637600000,2508.73,2500.88,-0.007621317296311658,0.0,0.005953563809208816,trending,0.2552895562880016,0.5203819607562646,0.2243284829557337,2
1787641200000,2500.89,2478.94,-0.00041550017346136947,1.0,0.006417285860928576,trending,0.24634639317789706,0.5165228438050692,0.23713076301703367,2
1787644800000,2478.94,2484.82,-0.004555661979539827,1.0,0.006341501768946002,trending,0.24307260025676738,0.5182421392411621,0.23868526050207053,2
1787648400000,2484.82,2474.67,-0.005633074308897812,1.0,0.006418211476729691,ranging,0.24615220889855927,0.5092925075366168,0.2445552835648239,2
1787652000000,2474.67,2481.82,-0.0019783868290207396,1.0,0.006218202198862779,ranging,0.2547924889911263,0.5106202121635676,0.23458729884530616,2
1787655600000,2481.82,2477.91,0.0020057225645806476,1.0,0.005980326783324912,ranging,0.2607083750937539,0.5016231250648653,0.2376684998413808,2
1787659200000,2477.9,2473.5,-0.001140084899939442,1.0,0.00596780877344688,ranging,0.2594723125063464,0.5005729025293231,0.23995478496433068,2
1787662800000,2473.51,2460.73,0.004185749757185997,1.0,0.006216096007937572,ranging,0.26281292311264276,0.4825210182154701,0.25466605867188724,2
1787666400000,2460.73,2476.91,-0.003823312110653898,1.0,0.0062477540012399945,ranging,0.25991103106241636,0.49842000762694955,0.24166896131063414,2
1787670000000,2476.92,2482.88,-0.007837672380461402,0.0,0.0060932297723883914,ranging,0.2583617919244317,0.5067475403388202,0.2348906677367481,2
1787673600000,2482.89,2470.68,-0.013858532873540774,0.0,0.0060068442228883205,ranging,0.25621530545847543,0.5086555914423219,0.23512910309920265,2
1787677200000,2470.68,2471.03,-0.011833122220288761,0.0,0.005846517111715538,ranging,0.2561862537237272,0.5024839256546996,0.24132982062157324,2
1787680800000,2471.04,2467.44,-0.005511785494277444,1.0,0.005620398623712718,ranging,0.25738203794939357,0.4991147734470234,0.2435031886035831,2
1787684400000,2467.44,2463.42,-0.008435427170356724,0.0,0.005481286554616239,ranging,0.25518415661353894,0.4930414170137104,0.25177442637275066,2
1787688000000,2463.42,2436.44,0.0040222619888032884,1.0,0.005684735633513461,ranging,0.2488086839145208,0.4845563438471015,0.26663497223837757,2
1787691600000,2436.44,2441.79,0.0058154059112371925,2.0,0.005780675088179693,ranging,0.24542067274427765,0.48782414983611994,0.2667551774196024,2
1787695200000,2441.8,2453.84,0.004633553939947133,1.0,0.005585750442058218,low_liquidity,0.24167610589785826,0.5131833425015225,0.24514055160061934,2
1787698800000,2453.85,2442.64,0.009387384141748445,2.0,0.0055516336025664805,low_liquidity,0.2578302426442275,0.49931302793581145,0.24285672941996111,2
1787702400000,2442.65,2446.24,0.004357708156190743,1.0,0.0054050399779325764,trending,0.2628167426197375,0.5033382789470061,0.2338449784332564,2
1787706000000,2446.24,2455.99,0.0036360082899360435,1.0,0.00530127580042006,low_liquidity,0.26488745043682915,0.506696665867161,0.22841588369600985,2
1787709600000,2455.98,2465.21,-0.0020606763723982624,1.0,0.005178360481313896,low_liquidity,0.2696688625913416,0.5065722093315782,0.22375892807708012,2
1787713200000,2465.21,2465.57,-0.0015371699039167241,1.0,0.0049701256721226975,low_liquidity,0.27159008186194517,0.5020323175803033,0.22637760055775158,2
1787716800000,2465.56,2456.9,-0.00024828035329083065,1.0,0.004931083473203818,ranging,0.2750930526349008,0.4871391246119503,0.2377678227531489,2
1787720400000,2456.89,2464.92,-0.006917060188566082,0.0,0.004851021731481523,ranging,0.27625145805568874,0.48768586888699966,0.23606267305731155,2
1787724000000,2464.91,2460.13,0.003589241218959982,1.0,0.004755089781048867,ranging,0.27523714984404024,0.4874783692817629,0.23728448087419685,2
1787727600000,2460.14,2461.78,0.0005321352842251326,1.0,0.00461164010534981,ranging,0.27822854748961584,0.48290112886383,0.2388703236465542,2
1787731200000,2461.78,2456.29,-0.0005211111065874796,1.0,0.004576907331240112,ranging,0.28051116142060006,0.4748989315896587,0.2445899069897413,2
1787734800000,2456.29,2447.87,0.00385232875928887,1.0,0.0045839488503554085,ranging,0.2747663159725967,0.48201432709088465,0.24321935693651864,2
1787738400000,2447.86,2468.96,-0.011980753029615654,0.0,0.004756885529018392,ranging,0.2693142343250101,0.49097851410588356,0.23970725156910647,2
1787742000000,2468.97,2463.09,-0.005375361842238857,0.0,0.004722212495118737,ranging,0.2697674546838448,0.4902057344174625,0.2400268108986928,2
1787745600000,2463.09,2455.01,-0.004224015380792867,1.0,0.004893202264227789,ranging,0.270447444589406,0.4838933824019393,0.24565917300865478,2
1787749200000,2455.01,2457.3,0.0014406055426687825,1.0,0.0049868085872160585,ranging,0.268165253357685,0.4781797912453396,0.2536549553969754,2
1787752800000,2457.3,2439.38,0.013655109085095374,2.0,0.005081534231700511,ranging,0.26800544932632053,0.4758961854454215,0.25609836522825796,2
1787756400000,2439.38,2449.85,0.008547462089515623,2.0,0.005101808235012425,ranging,0.27179617336770723,0.4734765238957854,0.2547273027365073,2
1787760000000,2449.85,2444.64,0.011302277635971025,2.0,0.005050075844035687,ranging,0.26833840238473505,0.47613442130947303,0.2555271763057919,2
1787763600000,2444.65,2460.84,0.014621023715479353,2.0,0.005063051244630876,ranging,0.2717364314518782,0.4790829437899291,0.2491806247581928,2
1787767200000,2460.84,2472.69,0.008508951789346852,2.0,0.004947349627990075,ranging,0.2742259963123963,0.4852777926299184,0.24049621105768526,2
1787770800000,2472.69,2470.79,0.01456619138008497,2.0,0.0048667027079034916,ranging,0.2701612155823589,0.4903176860486775,0.23952109836896368,2
1787774400000,2470.79,2472.27,0.007984564792680615,2.0,0.004762534749371201,ranging,0.27376803299466057,0.48376881729021826,0.242463149715121,2
1787778000000,2472.27,2496.82,0.00042053492041871365,1.0,0.004970022817674461,ranging,0.27690439089988383,0.48161566964626423,0.24147993945385185,2
1787781600000,2496.82,2493.73,0.0004010057223515773,1.0,0.005065684188262378,ranging,0.2840871273825707,0.4756696945282239,0.24024317808920542,2
1787785200000,2493.72,2506.78,-0.005540972881545425,0.0,0.00509583245097416,ranging,0.28337275776617926,0.47496633094844204,0.24166091128537867,2
1787788800000,2506.78,2492.01,-0.001857937969751422,1.0,0.005080457179112702,ranging,0.2802999813160231,0.4780435197198571,0.2416564989641199,2
1787792400000,2492.0,2497.87,-0.0004964229523553021,1.0,0.005034550901195486,ranging,0.2783368111760516,0.48025739857550886,0.24140579024843956,2
1787796000000,2497.87,2494.73,-0.000649368869577005,1.0,0.004884052656554277,low_liquidity,0.26838378639647775,0.4976007448903515,0.23401546871317078,2
1787799600000,2494.73,2492.89,0.0017128714062795147,1.0,0.004707534080940874,ranging,0.27218488316166034,0.4882808676585729,0.2395342491797668,2
1787803200000,2492.89,2487.38,0.01755662584727702,2.0,0.004579280213818704,ranging,0.2736741493526047,0.4885513526167995,0.237774498030596,2
1787806800000,2487.39,2496.63,0.015344684634887695,2.0,0.00451452358456997,ranging,0.2748278156717723,0.48512003667942094,0.24005214764880692,2
1787810400000,2496.63,2493.11,0.004207596134947922,1.0,0.004411650944869323,low_liquidity,0.26263349127505203,0.5045305126907338,0.23283599603421426,2
1787814000000,2493.11,2497.16,0.0018300789697096587,1.0,0.004263915354503316,ranging,0.26944617277512983,0.49401095519806953,0.23654287202680055,2
1787817600000,2497.17,2531.05,-0.014282609983998773,0.0,0.004749407368101591,ranging,0.28014275778355424,0.47742231504776245,0.24243492716868334,2
1787821200000,2531.05,2534.94,-0.015093059401800502,0.0,0.005097918286807469,ranging,0.28229079333035256,0.4784804254231102,0.23922878124653735,2
1787824800000,2534.94,2503.6,0.005528039622943126,1.0,0.005700474766778028,ranging,0.27523467734404783,0.47938906910543067,0.24537625355052142,2
1787828400000,2503.6,2501.73,0.00797448165869219,2.0,0.005599102910482263,ranging,0.2689925741319163,0.48816958820901224,0.2428378376590715,2
1787832000000,2501.74,2494.9,0.010986412281053237,2.0,0.005475706682063703,ranging,0.2677271250103934,0.4869303822465678,0.2453424927430387,2
1787835600000,2494.9,2496.68,0.008567377477290083,2.0,0.005498428421917152,ranging,0.26770098770090806,0.4881409690184799,0.24415804328061202,2
1787839200000,2496.69,2517.44,-0.0042702110080081734,1.0,0.0056495490754104385,ranging,0.2633235219945198,0.49255287002147286,0.24412360798400734,2
1787842800000,2517.44,2521.68,-0.00930728720535512,0.0,0.005546846623713909,ranging,0.26880011863086684,0.49312742856971153,0.23807245279942155,2
1787846400000,2521.68,2522.31,-0.005740769374105503,0.0,0.005436848380003402,ranging,0.266520216323905,0.4982853342198009,0.23519444945629422,2
1787850000000,2522.31,2518.07,-0.0055399571894348965,0.0,0.005370508294214077,ranging,0.2733220774930561,0.4860928078319504,0.2405851146749936,2
1787853600000,2518.07,2506.69,0.003374968584068938,1.0,0.005513392039056385,ranging,0.2761546006199121,0.48086813203387113,0.24297726734621672,2
1787857200000,2506.69,2498.21,0.005095648484314763,1.0,0.005425677384291988,ranging,0.26279849097888247,0.49182754393540384,0.2453739650857138,2
1787860800000,2498.22,2507.83,0.003102283647615778,1.0,0.005238400742496133,ranging,0.262745413958982,0.49368476561692165,0.24356982042409644,2
1787864400000,2507.84,2504.12,0.0033225244796575293,1.0,0.0050352231220863195,ranging,0.2652943218186494,0.4886500393932825,0.2460556387880681,2
1787868000000,2504.12,2515.15,-0.009100848855932986,0.0,0.004874189213884556,ranging,0.2700476246586706,0.485797645529732,0.24415472981159753,2
1787871600000,2515.16,2510.94,-0.008371366898452415,0.0,0.004666070447633229,ranging,0.2685096217733956,0.48603097827478237,0.24545939995182206,2
1787875200000,2510.94,2515.61,-0.011698951745302444,0.0,0.004561373017937208,ranging,0.2692258371976899,0.48626148629172217,0.24451267651058792,2
1787878800000,2515.61,2512.44,-0.007610131983251334,0.0,0.004705222882635702,ranging,0.27342481158107945,0.4839583874832914,0.24261680093562912,2
1787882400000,2512.44,2492.26,0.004309341721971061,1.0,0.004857629860053586,ranging,0.2714114115438178,0.4720968107213892,0.2564917777347929,2
1787886000000,2492.26,2489.92,0.002634622799126074,1.0,0.0046760020900047,ranging,0.26627150558832585,0.47380423103710284,0.2599242633745712,2
1787889600000,2489.91,2486.18,0.000752157929031716,1.0,0.004670542318257577,ranging,0.2595755152671541,0.47491978426921055,0.26550470046363533,2
1787893200000,2486.18,2493.32,-0.0015000080214333522,1.0,0.00458595411827469,ranging,0.2579042436266307,0.47161720589978146,0.2704785504735879,2
1787896800000,2493.32,2503.0,0.0014222932481022799,1.0,0.004448412322022043,ranging,0.25922459763405903,0.47536734254950186,0.2654080598164391,2
1787900400000,2503.01,2496.48,0.003452861629173798,1.0,0.004301453261800483,ranging,0.2632299928734147,0.4713886429563935,0.26538136417019176,2
1787904000000,2496.47,2488.05,0.004445248286810921,2.0,0.004302979571128729,ranging,0.2617128535489265,0.4612697930054184,0.27701735344565503,2
1787907600000,2488.05,2489.58,0.00786879714650679,2.0,0.004162560069951806,ranging,0.2609612740974295,0.4659712489770545,0.273067476925516,2
1787911200000,2489.57,2506.56,0.002569258266309271,1.0,0.004299157350721933,ranging,0.25422736878130503,0.4705194732294523,0.27525315798924266,2
1787914800000,2506.57,2505.1,-0.013256955810147297,0.0,0.004149741556862077,ranging,0.25660929353539036,0.4689638417507061,0.27442686471390365,2
1787918400000,2505.1,2499.11,-0.022736094049481625,0.0,0.0040875616994860845,ranging,0.25923906002607344,0.4652989640658925,0.27546197590803406,2
1787922000000,2499.1,2509.17,-0.026056425032979114,0.0,0.004173903326724288,ranging,0.2503643747849915,0.4579306055745342,0.2917050196404743,2
1787925600000,2509.17,2513.0,-0.03355352168722647,0.0,0.004869917262637658,ranging,0.24729511541977878,0.4519499370430276,0.3007549475371935,2
1787929200000,2513.0,2471.89,-0.014644664608861935,0.0,0.005451159322655644,ranging,0.24666064803760088,0.46210852120173485,0.2912308307606643,2
1787932800000,2471.89,2442.29,-0.006010752203874148,1.0,0.006316047083300346,ranging,0.24561264354434253,0.4590577089475932,0.2953296475080643,2
1787936400000,2442.3,2443.79,-0.007729796750129858,0.0,0.006050526968472181,ranging,0.24636034666008472,0.4803881423064454,0.27325151103346995,2
1787940000000,2443.79,2428.68,0.005488578157682555,1.0,0.006128691449784429,ranging,0.2367896843042123,0.48857446988283976,0.274635845812948,2
1787943600000,2428.67,2435.69,0.0029190906888807433,1.0,0.0059293316869849086,ranging,0.2386464309333016,0.5111236721430754,0.25022989692362296,2
1787947200000,2435.68,2427.61,0.006121246823006965,2.0,0.005737570834122549,ranging,0.2368914351135061,0.5110334510072202,0.2520751138792738,2
1787950800000,2427.61,2424.9,0.00778588807785896,2.0,0.005506548026254836,ranging,0.24581301860057625,0.500987384926464,0.2531995964729597,2
1787954400000,2424.91,2442.01,-0.001343155842932764,1.0,0.005469112037544297,trending,0.24930157988421367,0.5120287937403553,0.23866962637543107,2
1787958000000,2442.01,2442.8,-0.0030989028983134936,1.0,0.00518840036399817,trending,0.27062553882059615,0.49765171418183013,0.2317227469975737,2
1787961600000,2442.79,2442.47,-0.0008270316523846244,1.0,0.004941804149057296,trending,0.2730523592515348,0.4991289581308869,0.2278186826175782,2
1787965200000,2442.47,2443.78,-0.00211148303038744,1.0,0.00470455924075828,trending,0.2709303919662037,0.49240922032247614,0.23666038771132017,2
1787968800000,2443.77,2438.73,-0.0014638766899165434,1.0,0.004542053831237199,trending,0.2750139016145461,0.481108356421293,0.24387774196416098,2
1787972400000,2438.72,2435.23,0.000484553820378375,1.0,0.004347930709334296,trending,0.2669371572577052,0.4851740178370686,0.24788882490522612,2
1787976000000,2435.24,2440.45,-0.0025814911184411926,1.0,0.004142524853929108,low_liquidity,0.25489226205583215,0.4985253481235788,0.2465823898205891,2
1787979600000,2440.45,2438.62,-0.0013040162058868265,1.0,0.003920692913469413,trending,0.2624362129989301,0.4962761243481829,0.24128766265288704,2
1787983200000,2438.62,2435.16,-0.00018068627934098025,1.0,0.0037971703233457923,trending,0.26403757283682033,0.48899442385464204,0.24696800330853763,2
1787986800000,2435.17,2436.41,-0.0002216375733148368,1.0,0.0035916815754029113,trending,0.2568612220855121,0.49635476653999744,0.24678401137449052,2
1787990400000,2436.4,2434.15,7.394778464764329e-05,1.0,0.0034299598801768973,trending,0.2734324574600649,0.4761504221534093,0.2504171203865258,2
1787994000000,2434.14,2435.44,7.80146503300827e-05,1.0,0.003247329873813463,trending,0.26665982953717093,0.48801824683016337,0.2453219236326656,2
1787997600000,2435.43,2434.72,0.0056926463823356865,2.0,0.0031391348574680163,low_liquidity,0.2635951117595312,0.4838781318468066,0.2525267563936621,2
1788001200000,2434.71,2435.87,0.0036496200536155765,2.0,0.002999218450617198,low_liquidity,0.260186475133241,0.48609706099967337,0.2537164638670857,2
1788004800000,2435.88,2434.33,0.006839664301881765,2.0,0.0028892133187413843,low_liquidity,0.26299611738599343,0.4806485897524874,0.2563552928615192,2
1788008400000,2434.33,2435.63,0.006203733736240613,2.0,0.002753376291518368,trending,0.2562824329391963,0.4859569406193214,0.2577606264414822,2
1788012000000,2435.63,2448.58,0.0015805078862034527,1.0,0.002851059933857912,trending,0.263433185596119,0.48121689879631147,0.25534991560756937,2
1788015600000,2448.59,2444.76,0.0035790834274120886,2.0,0.0027974007476923033,trending,0.27115076055670095,0.4785241612755485,0.2503250781677507,2
1788019200000,2444.75,2450.98,0.0007507201201153446,1.0,0.0028226801079879148,trending,0.2712938867569685,0.4791206989082861,0.2495854143347455,2
1788022800000,2450.99,2450.74,0.000297869215012625,1.0,0.00279391770835371,trending,0.26995842830754285,0.4781722058626558,0.25186936582980135,2
1788026400000,2450.74,2452.45,7.747354686138408e-05,1.0,0.002771314880437931,trending,0.26916950597022904,0.4823183757610486,0.24851211826872224,2
1788030000000,2452.45,2453.51,0.0016955300773178195,1.0,0.002698019377512514,ranging,0.27294471420337263,0.47863193030854334,0.24842335548808403,2
1788033600000,2453.51,2452.82,0.0024991642272973458,1.0,0.002620279276155884,ranging,0.2745055959017674,0.4745841816219843,0.25091022247624833,2
1788037200000,2452.82,2451.47,0.001998800719568372,1.0,0.002522042296016819,ranging,0.26946703036997804,0.47631001947820545,0.2542229501518166,2
1788040800000,2451.47,2452.64,0.0009499967382085028,1.0,0.0025,low_liquidity,0.26032454332026644,0.4945191508230564,0.24515630585667708,2
1788044400000,2452.63,2457.67,-0.00021158251514641346,1.0,0.0025,ranging,0.24679731384870235,0.480485396650316,0.2727172895009817,2
1788048000000,2457.67,2458.95,-0.0012525671526464333,1.0,0.0025,ranging,0.25192037545166585,0.48191827002808013,0.2661613545202541,2
1788051600000,2458.94,2456.37,-4.071047928322358e-06,1.0,0.0025,ranging,0.2536003677584699,0.47903082600116226,0.2673688062403678,2
1788055200000,2456.37,2454.97,0.0024847554145266404,1.0,0.0025,ranging,0.2538007591716756,0.4823976647737718,0.2638015760545527,2
1788058800000,2454.97,2457.15,-0.0007610442992898037,1.0,0.0025,ranging,0.24889696248372153,0.48295318907330437,0.2681498484429741,2
1788062400000,2457.14,2455.87,0.0004031158001034374,1.0,0.0025,ranging,0.25296404504587455,0.47257046701595257,0.2744654879381728,2
1788066000000,2455.86,2456.36,-0.001148040189548838,1.0,0.0025,ranging,0.25147394305009935,0.4737070102837023,0.2748190466661984,2
1788069600000,2456.35,2461.07,-0.0005647949875462466,1.0,0.0025,ranging,0.2483209180360198,0.47288628991472403,0.2787927920492562,2
1788073200000,2461.07,2455.28,0.00208937473526416,1.0,0.0025,ranging,0.25218255640933857,0.4706366136666315,0.2771808299240301,2
1788076800000,2455.28,2456.86,0.005132567586268566,2.0,0.0025,ranging,0.25473116939634244,0.46982219088818583,0.27544663971547173,2
1788080400000,2456.87,2453.54,0.008987014680828631,2.0,0.0025,ranging,0.2487158390096739,0.4649085572389538,0.2863756037513722,2
1788084000000,2453.54,2459.68,0.007090353216678613,2.0,0.0025,ranging,0.24652992169969035,0.4760065787303696,0.27746349956994015,2
1788087600000,2459.68,2460.41,0.008413231941018173,2.0,0.0025,ranging,0.2513641751402652,0.46356269556177404,0.2850731292979608,2
1788091200000,2460.42,2469.47,0.02421977185387969,2.0,0.0025,ranging,0.24957352094594543,0.4700462237312791,0.28038025532277544,2
1788094800000,2469.47,2475.59,0.01217487548422791,2.0,0.0025,ranging,0.25286547736509085,0.46565094296923953,0.2814835796656697,2
1788098400000,2475.58,2477.12,0.013531843431081159,2.0,0.0025,ranging,0.25020959427888395,0.46798085288496616,0.28180955283615,2
1788102000000,2477.13,2481.11,0.009157191740793325,2.0,0.0025,trending,0.2512257296176403,0.46630494171046055,0.28246932867189906,2
1788105600000,2481.11,2529.28,-0.015209862095141746,0.0,0.0029699188970702833,trending,0.265598934846239,0.4820153855341996,0.2523856796195615,2
1788109200000,2529.27,2505.73,-0.009645891616415159,0.0,0.0033809603840501885,trending,0.2688280228780031,0.47496795731608665,0.2562040198059102,2
1788112800000,2505.73,2510.64,-0.015936175636490968,0.0,0.003490944261811414,trending,0.27205596770133605,0.4737484081046379,0.25419562419402597,2
1788116400000,2510.64,2503.83,-0.03472679854462957,0.0,0.003542759803956472,trending,0.2792028360597293,0.46106044485916026,0.2597367190811105,2
1788120000000,2503.82,2490.81,-0.025116327620332335,0.0,0.003708147941525165,trending,0.27571442320045514,0.4624915355110721,0.26179404128847283,2
1788123600000,2490.82,2481.56,-0.027647931140089343,0.0,0.003985275266508453,trending,0.27193130485573785,0.4620976547896223,0.26597104035463986,2
1788127200000,2481.57,2470.63,-0.025390285068990548,0.0,0.004209108491548346,trending,0.25788662435974286,0.4819460037548881,0.260167371885369,2
1788130800000,2470.62,2416.88,0.0016798517096421328,1.0,0.005473377313554285,trending,0.23109096963047512,0.48166905274600985,0.28723997762351505,2
1788134400000,2416.89,2428.25,-0.004352929064140865,1.0,0.005682883031594769,trending,0.23211532546618513,0.49431168321578944,0.27357299131802554,2
1788138000000,2428.24,2412.95,0.009548478004102856,2.0,0.005688028269460031,trending,0.22881634695867928,0.49820312904718983,0.27298052399413086,2
1788141600000,2412.95,2407.9,0.012774616886083168,2.0,0.005719271136269202,trending,0.23212875402714345,0.5019165683531969,0.2659546776196598,2
1788145200000,2407.91,2420.94,0.008029938784108737,2.0,0.0056222148833951656,trending,0.23253781210418195,0.5111915866038317,0.2562706012919865,2
1788148800000,2420.94,2417.68,0.011771615763872756,2.0,0.005404046845898515,trending,0.24079739943333095,0.49890721894342305,0.26029538162324606,2
1788152400000,2417.67,2435.99,0.004396569772453951,1.0,0.005469947616460276,trending,0.2522545969182351,0.4997078121325287,0.24803759094923622,2
1788156000000,2436.0,2438.66,0.006958739635701594,2.0,0.005311101472145527,trending,0.2596481147330082,0.4907390761292588,0.24961280913773293,2
1788159600000,2438.66,2440.38,0.00244634032404778,1.0,0.005111429347326799,trending,0.26357643099129097,0.49093444213440346,0.24548912687430555,2
1788163200000,2440.38,2446.14,0.002211647738886713,1.0,0.005017753608255746,trending,0.2654363095019011,0.4774918384792051,0.2570718520188937,2
1788166800000,2446.15,2446.7,-0.0026239424530999367,1.0,0.004897724093294263,trending,0.2521958460383887,0.4876729599707063,0.26013119399090506,2
1788170400000,2446.71,2455.63,0.0048582237552072804,2.0,0.0048119859846213415,trending,0.2541833208756667,0.47865947126669367,0.2671572078576397,2
1788174000000,2455.64,2446.35,0.00871911214666743,2.0,0.004730486026249141,trending,0.24305276439066703,0.49044570587979247,0.2665015297295404,2
1788177600000,2446.36,2451.55,0.007199526829964498,2.0,0.00472731590725662,ranging,0.25160556558409736,0.49060580082430355,0.2577886335915992,2
1788181200000,2451.55,2440.28,0.014399986886750593,2.0,0.004795944583105644,ranging,0.24382912440780305,0.4910459592333881,0.2651249163588089,2
1788184800000,2440.29,2467.56,0.0041498484332702645,1.0,0.005051109465405778,ranging,0.25146163068111854,0.49211800392224125,0.25642036539664015,2
1788188400000,2467.57,2467.68,0.00573818323283426,2.0,0.005034135698942698,ranging,0.25515813998637216,0.49478812336759237,0.2500537366460355,2
1788192000000,2467.68,2469.2,0.001385063988336377,1.0,0.00493532514175701,ranging,0.25659901748464237,0.4991190592419633,0.24428192327339432,2
1788195600000,2469.19,2475.42,0.0011513197760379956,1.0,0.004850200396594837,ranging,0.25834293723871804,0.49165764305260157,0.24999941970868045,2
1788199200000,2475.41,2477.8,-0.003369924933408819,1.0,0.0048611002806234855,ranging,0.2638564012965094,0.4842351010212515,0.251908497682239,2
1788202800000,2477.81,2481.84,-0.00571753215356352,0.0,0.00472324811946192,ranging,0.27217436932381606,0.476685815260166,0.2511398154160179,2
1788206400000,2481.84,2472.62,-0.00040847360289886225,1.0,0.0046958431445901175,ranging,0.2628752459665976,0.48104796401626354,0.2560767900171388,2
1788210000000,2472.63,2478.27,-0.006218047266843385,0.0,0.004624927405877419,ranging,0.26669147368654883,0.4790808398596132,0.254227686453838,2
1788213600000,2478.27,2469.45,-0.0017696248152422323,1.0,0.004538825734710443,ranging,0.25462610410688896,0.4966622584069808,0.24871163748613015,2
1788217200000,2469.45,2467.65,0.0018479119810346223,1.0,0.004347086781163949,ranging,0.2474107884004058,0.49753445320759576,0.25505475839199854,2
1788220800000,2467.64,2471.61,-0.0006433053758482243,1.0,0.004240444575514106,ranging,0.25207629292170747,0.49475492078498134,0.2531687862933111,2
1788224400000,2471.62,2462.86,0.00880277401070284,2.0,0.004265465696232471,ranging,0.25138543871803226,0.4888323327801083,0.2597822285018593,2
1788228000000,2462.85,2465.08,0.002649001249452443,1.0,0.004142901852507265,ranging,0.25485049373750407,0.48595270420859643,0.2591968020538995,2
1788231600000,2465.09,2472.21,0.0002062931547075486,1.0,0.0041739287774767726,ranging,0.2594536944578313,0.48153584233908475,0.2590104632030841,2
1788235200000,2472.21,2470.02,-0.008846082217957685,0.0,0.004043714221474092,ranging,0.2562582785595112,0.48957454485347185,0.25416717658701704,2
1788238800000,2470.02,2484.54,-0.012919896640826822,0.0,0.004022208049355231,ranging,0.2572944671419796,0.488446229647611,0.25425930321040935,2
1788242400000,2484.54,2471.61,-0.005923264592714972,0.0,0.003978822890755581,ranging,0.25267756845350664,0.4918367452717835,0.25548568627470997,2
1788246000000,2471.61,2472.72,-0.005475751399268813,0.0,0.0038775483731410014,ranging,0.25893933437350247,0.48483184516761796,0.2562288204588795,2
1788249600000,2472.72,2448.17,-0.0006372106512211317,1.0,0.004139102979310835,ranging,0.25944626592546843,0.46281266480362687,0.27774106927090464,2
1788253200000,2448.18,2452.44,-0.0032742900947628772,1.0,0.004038775395442098,ranging,0.25155568947609674,0.48051204452731183,0.2679322659965915,2
1788256800000,2452.44,2456.97,-0.0031258012918350397,1.0,0.004008511828459281,ranging,0.25022219598598233,0.4880300086527739,0.2617477953612437,2
1788260400000,2456.97,2459.18,-0.004151790434209768,0.0,0.003927276368348243,ranging,0.2511502564620906,0.48042940015487773,0.26842034338303156,2
1788264000000,2459.18,2446.61,-0.005632283036528185,0.0,0.004031421713358787,ranging,0.2530745252756016,0.47253046365966667,0.27439501106473185,2
1788267600000,2446.62,2444.41,-0.010730605749444622,0.0,0.004157448359305217,ranging,0.2577112681338704,0.46735540690057054,0.2749333249655591,2
1788271200000,2444.42,2449.29,-0.014885946539609507,0.0,0.004125586495666682,ranging,0.2627425574957107,0.46604070921452073,0.27121673328976853,2
1788274800000,2449.3,2448.97,-0.012164297643499133,0.0,0.0041758036680035375,ranging,0.25748129542379083,0.4797297325828785,0.2627889719933306,2
1788278400000,2448.97,2432.83,-0.004731115614325598,0.0,0.004424518911684803,ranging,0.252487987714711,0.47396561427698797,0.273546398008301,2
1788282000000,2432.83,2418.18,-0.0011248128757990195,1.0,0.00453532734981574,ranging,0.24669840573871793,0.48477454730775404,0.2685270469535281,2
1788285600000,2418.18,2412.83,0.00014505787809326876,1.0,0.0049070443237699685,ranging,0.24004163465734613,0.46892280401048625,0.2910355613321677,2
1788289200000,2412.83,2419.18,-0.0002521515554856357,1.0,0.004768682801149406,ranging,0.24865044894586794,0.4885022580096529,0.26284729304447907,2
1788292800000,2419.19,2421.32,-0.005150083425569663,0.0,0.004602033093091485,ranging,0.25142611092846506,0.4921140877669652,0.2564598013045698,2
1788296400000,2421.33,2415.46,-0.006681957059938792,0.0,0.004691236924896159,trending,0.24895294625541098,0.49630169989795475,0.2547453538466343,2
1788300000000,2415.46,2413.18,-0.001350914560869776,1.0,0.004588475338821619,trending,0.2505401315661832,0.4863822799741039,0.26307758845971296,2
1788303600000,2413.17,2418.57,-0.0017158899680389528,1.0,0.0045374102387475785,trending,0.26108351696815835,0.4776421885641249,0.26127429446771677,2
1788307200000,2418.58,2408.85,0.002648566743466807,1.0,0.0045229814954575445,trending,0.2532665497616362,0.479571145362192,0.2671623048761718,2
1788310800000,2408.84,2399.32,0.009673574179350775,2.0,0.004721379143118166,trending,0.24105694798950708,0.48110255738152125,0.2778404946289716,2
1788314400000,2399.32,2409.92,0.004485626078873928,1.0,0.004649570236879877,trending,0.25357900560698815,0.47135180307550234,0.2750691913175096,2
1788318000000,2409.93,2414.42,0.0014413399491388645,1.0,0.004587383896055497,trending,0.25336841013504907,0.48334487311534086,0.2632867167496101,2
1788321600000,2414.42,2415.23,-0.00913784608505197,0.0,0.004454362185621064,trending,0.24940893795564345,0.4931887616685012,0.25740230037585543,2
1788325200000,2415.23,2422.53,-0.018955389613338203,0.0,0.004398825648053553,trending,0.2525266928499295,0.4964891768248154,0.25098413032525524,2
1788328800000,2422.53,2420.73,-0.019816336394393397,0.0,0.0042739094719163595,trending,0.2567697912079126,0.4915491593542515,0.25168104943783576,2
1788332400000,2420.73,2417.9,-0.014897224864551917,0.0,0.004175339621376791,trending,0.24577117588104516,0.5079349438604371,0.2462938802585177,2
1788336000000,2417.9,2393.16,-0.006480970766684968,0.0,0.004464276692050024,trending,0.23829824238045522,0.4741819858970279,0.2875197717225169,2
1788339600000,2393.15,2376.61,0.011099843895296058,2.0,0.004771155713044559,trending,0.23393964810870738,0.4689594433499167,0.29710090854137605,2
1788343200000,2376.62,2372.76,0.009141253224093315,2.0,0.004807460297270592,trending,0.22771388282365157,0.4814461816641372,0.2908399355122113,2
1788346800000,2372.73,2381.88,0.003820511528708437,1.0,0.004712554291879078,trending,0.23403126572811772,0.4892277857227805,0.27674094854910175,2
1788350400000,2381.87,2377.65,0.0035959876348494735,1.0,0.0046142681284230885,trending,0.23779739380909995,0.5071214686143921,0.25508113757650785,2
1788354000000,2377.65,2402.99,-0.0038368865455119527,1.0,0.004989988365746929,trending,0.24575783106036161,0.49962231628011095,0.25461985265952736,2
1788357600000,2403.0,2394.45,0.00020046357201031206,1.0,0.004967785559435981,trending,0.24651604218012688,0.4974062828515396,0.2560776749683335,2
1788361200000,2394.46,2390.98,0.0008406594785401733,1.0,0.004979562586001474,trending,0.24615188729447215,0.49903573403006524,0.2548123786754628,2
1788364800000,2390.98,2386.2,0.0030844019780404963,1.0,0.004992170730941355,trending,0.24335499825858817,0.4988459313462149,0.2577990703951969,2
1788368400000,2386.21,2393.77,-0.0015122589054086255,1.0,0.0050103313236394996,trending,0.24689026767088526,0.4974479145764547,0.25566181775266,2
1788372000000,2393.77,2394.93,-0.0063133369242523996,0.0,0.004820556955248047,trending,0.24091355098845468,0.5107001561117375,0.24838629289980782,2
1788375600000,2394.92,2392.99,-0.0004471393528596712,1.0,0.004722175249219559,trending,0.2364990119441865,0.5106215863907299,0.25287940166508355,2
1788379200000,2393.0,2393.56,-0.005732047661224149,0.0,0.004628417681050962,trending,0.2376043265668229,0.5019087335846801,0.260486939848497,2
1788382800000,2393.56,2390.15,-0.0013974018367048924,1.0,0.004406332552963874,low_liquidity,0.22777049040284836,0.5155443296654381,0.25668517993171364,2
1788386400000,2390.14,2379.81,0.011038696366516554,2.0,0.004316651472448461,trending,0.2309704001356355,0.5068379634856095,0.26219163637875487,2
1788390000000,2379.81,2391.92,0.004757684203485102,2.0,0.004272196586496518,trending,0.23486582847850526,0.5048220980590198,0.260312073462475,2
1788393600000,2391.91,2379.84,0.011962989108511346,2.0,0.004278012146352142,trending,0.2314799332911499,0.49997148394559693,0.2685485827632533,2
1788397200000,2379.82,2386.81,0.007541446533238849,2.0,0.0044002185087109996,trending,0.23618845740466157,0.5007883450549299,0.26302319754040854,2
1788400800000,2386.8,2406.08,0.0010473467216385313,1.0,0.0045376804952481815,trending,0.2323346206846852,0.5132119699389878,0.25445340937632704,2
1788404400000,2406.09,2403.3,-0.0019223567594558455,1.0,0.0044174465383338265,ranging,0.24043664426507608,0.5150737085168909,0.24448964721803298,2
1788408000000,2403.29,2408.31,-0.0019183576865103857,1.0,0.004295716571030838,ranging,0.24619756318160857,0.5064680275612351,0.24733440925715636,2
1788411600000,2408.3,2404.81,-0.004669807593947084,0.0,0.004539842567821832,ranging,0.24271163978768906,0.5019074734024404,0.2553808868098706,2
1788415200000,2404.82,2408.6,-0.004886656148800128,0.0,0.004384555475967278,ranging,0.2490860753149953,0.5007758639789914,0.25013806070601335,2
1788418800000,2408.6,2398.68,0.003551953574465916,1.0,0.004507726992476582,ranging,0.23999049003328196,0.502558854748149,0.2574506552185691,2
1788422400000,2398.68,2403.69,0.00814580915176255,2.0,0.004433235375909492,ranging,0.23519518591893424,0.505859337919524,0.2589454761615418,2
1788426000000,2403.69,2393.58,0.015286725323574002,2.0,0.0043858871895820824,ranging,0.23202554235189665,0.5115267587712339,0.25644769887686947,2
1788429600000,2393.57,2396.83,0.038646879419900415,2.0,0.0042255107838901065,ranging,0.23428004139760772,0.5090793001412892,0.2566406584611031,2
1788433200000,2396.83,2407.2,0.045438683948155534,2.0,0.004185236052496296,ranging,0.23922455321293282,0.5038785363981447,0.2568969103889225,2
1788436800000,2407.2,2423.27,0.02922497286724135,2.0,0.004248011480720501,ranging,0.24700469016662976,0.5058467939606175,0.24714851587275272,2
1788440400000,2423.27,2430.17,0.028936247258422032,2.0,0.004292087271716807,ranging,0.253419729273627,0.501669002495162,0.24491126823121095,2
1788444000000,2430.17,2489.46,0.009375527222771352,2.0,0.004995648007037799,ranging,0.2446566328912968,0.5071005306771982,0.24824283643150505,2
1788447600000,2489.46,2516.58,0.00063578348393456,1.0,0.0052354515294227065,ranging,0.26112053918276357,0.5097903029442012,0.22908915787303505,2
1788451200000,2516.58,2494.09,0.004426464161277233,1.0,0.005431486431893272,trending,0.25225313656292525,0.5236647416650428,0.2240821217720318,2
1788454800000,2494.1,2500.49,0.004279161284388433,1.0,0.005269196035690407,trending,0.25286016545342754,0.5210932033264872,0.22604663122008511,2
1788458400000,2500.49,2512.8,-0.0064708691499523185,0.0,0.0051431083122608105,trending,0.2545064974290131,0.5179193342448183,0.22757416832616859,2
1788462000000,2512.8,2518.18,-0.00423718717486421,1.0,0.005151022716282526,trending,0.26777896527907685,0.502612602075699,0.22960843264522418,2
1788465600000,2518.18,2505.13,-0.0014570102150387454,1.0,0.005080535626264862,trending,0.2591481937458901,0.5111315319051464,0.22972027434896358,2
1788469200000,2505.13,2511.19,-0.0017521573437294657,1.0,0.00514264519935977,trending,0.25597782632884836,0.5030081959306572,0.2410139777404944,2
1788472800000,2511.19,2496.54,0.00448620891313567,1.0,0.005188554375722957,trending,0.24983652063667855,0.5149307146309374,0.23523276473238403,2
1788476400000,2496.54,2507.51,-0.0009451607371457893,1.0,0.00503033561567269,trending,0.247890025659671,0.5159624023465555,0.23614757199377356,2
1788480000000,2507.5,2501.48,0.003166125653613072,1.0,0.004937563224728694,trending,0.2613825319490575,0.49818417348728766,0.2404332945636547,2
1788483600000,2501.48,2506.79,0.0009813346949685275,1.0,0.004791437983583048,trending,0.2621435293223785,0.5058086196827195,0.232047850994902,2
1788487200000,2506.79,2507.74,0.00017944444001383175,1.0,0.0046301984683209275,trending,0.2640187413036494,0.4964091370621058,0.23957212163424463,2
1788490800000,2507.74,2505.14,-0.00029938446553889886,1.0,0.004510422023471525,trending,0.26482766508647027,0.49769673477884147,0.23747560013468832,2
1788494400000,2505.14,2509.4,0.0070734040009563515,2.0,0.004564554479796903,trending,0.27294026700783725,0.4885264222858216,0.23853331070634115,2
1788498000000,2509.41,2509.25,0.0048141875062268635,2.0,0.004444407382707709,trending,0.2659235709807815,0.493745715796647,0.24033071322257143,2
1788501600000,2509.25,2508.19,0.00730805879937324,2.0,0.004451464998543944,trending,0.26237680499922167,0.4963275888637588,0.24129560613701959,2
1788505200000,2508.19,2504.39,0.00743893722623068,2.0,0.004356081005499289,trending,0.26880665338017357,0.4838229663854224,0.2473703802344041,2
1788508800000,2504.39,2527.15,-0.030037789604891008,0.0,0.004535409290016438,trending,0.2755086632040342,0.47521214125849076,0.249279195537475,2
1788512400000,2527.16,2521.33,-0.027390305909976043,0.0,0.004682833907797117,trending,0.2700886956053567,0.47986562616493383,0.25004567822970947,2
1788516000000,2521.33,2526.52,-0.034173487643082257,0.0,0.00457418009802584,trending,0.275448480022801,0.48050622649100394,0.24404529348619522,2
1788519600000,2526.52,2523.02,-0.028156732804337614,0.0,0.004380064013886851,trending,0.2741832012139807,0.4843176146898101,0.24149918409620907,2
1788523200000,2523.03,2451.24,0.0036675315350598314,1.0,0.005891329006896756,high_volatility,0.2541479298463721,0.47488304910956386,0.2709690210440641,2
1788526800000,2451.25,2452.27,-0.002817797387726362,1.0,0.005965953326429705,high_volatility,0.24641318987804958,0.4945605107079756,0.2590262994139748,2
1788530400000,2452.26,2440.18,0.004327549606996106,1.0,0.006039357422387133,high_volatility,0.23619616100015756,0.5053129598170077,0.2584908791828347,2
1788534000000,2440.19,2451.98,0.0015742379627892156,1.0,0.0059447160934221225,high_volatility,0.23430435722199028,0.5202030777376653,0.24549256504034436,2
1788537600000,2451.98,2460.23,-0.0036785178621511205,1.0,0.0057522561644276935,high_volatility,0.23679731999854473,0.5210457085665993,0.24215697143485607,2
1788541200000,2460.24,2445.36,0.0026335590669677167,1.0,0.005685296450196327,high_volatility,0.23021759604690442,0.5256648245078677,0.24411757944522794,2
1788544800000,2445.35,2450.74,0.00023258281172222617,1.0,0.00539824574434303,trending,0.2517198266668461,0.5076219188384496,0.24065825449470427,2
1788548400000,2450.75,2455.84,4.071926509752188e-06,1.0,0.0051245793723586645,trending,0.2565417041099737,0.4910344329190099,0.25242386297101654,2
1788552000000,2455.85,2451.18,0.00039164810417835483,1.0,0.0049093821598335955,trending,0.2597867664948699,0.49789382719437825,0.2423194063107518,2
1788555600000,2451.19,2451.8,6.11795415612626e-05,1.0,0.004680442698455711,trending,0.2622654790683351,0.4910872838858674,0.2466472370457976,2
1788559200000,2451.79,2451.31,0.0007587779595401578,1.0,0.0044171024095267545,low_liquidity,0.25045846474760597,0.49548386258414806,0.2540576726682461,2
1788562800000,2451.32,2455.85,-0.0013681617362624188,1.0,0.004199067968828406,low_liquidity,0.24856201023921806,0.5147155080714877,0.23672248168929422,2
1788566400000,2455.86,2452.14,-0.0013009045160553567,1.0,0.00399049850119878,low_liquidity,0.2519225661863334,0.4963917121071719,0.2516857217064947,2
1788570000000,2452.15,2451.95,-0.00041599543220705026,1.0,0.003787900386324715,low_liquidity,0.25624154515165265,0.4920209071689468,0.25173754767940065,2
1788573600000,2451.95,2453.17,9.375624192364818e-05,1.0,0.003568870673432906,low_liquidity,0.25191956205673466,0.4936683578722026,0.25441208007106286,2
1788577200000,2453.17,2452.49,0.002055054250985844,1.0,0.0034006722063025783,low_liquidity,0.2467544360008451,0.49779723426429795,0.2554483297348569,2
1788580800000,2452.5,2448.95,0.0032217889299497315,1.0,0.00325158273458465,ranging,0.2535173417409497,0.47767589385026055,0.26880676440878976,2
1788584400000,2448.95,2450.93,0.003109023921531895,1.0,0.003151530410094891,ranging,0.25513550361826404,0.4748443764427624,0.27002011993897373,2
1788588000000,2450.93,2453.4,0.00030569821472248293,1.0,0.002998065237867574,low_liquidity,0.2442679954932719,0.5068397058835665,0.2488922986231615,2
1788591600000,2453.41,2457.53,-0.0015706827587049776,1.0,0.0028906751409980146,ranging,0.2440608237081439,0.48844174318732664,0.2674974331045295,2
1788595200000,2457.53,2456.84,0.0008547565165009097,1.0,0.002762578045385215,ranging,0.25996459439507963,0.47259676480961393,0.2674386407953063,2
1788598800000,2456.85,2458.55,-0.0017896727746029573,1.0,0.002623606806140522,ranging,0.2563427589478525,0.4854387460419643,0.25821849501018307,2
1788602400000,2458.54,2454.15,0.0012672412036753844,1.0,0.0025191582384380437,ranging,0.25884908788493327,0.4751876582063489,0.26596325390871794,2
1788606000000,2454.15,2453.67,0.0025798090207729274,2.0,0.0025,ranging,0.2538771571933472,0.48828904860718664,0.2578337941994662,2
1788609600000,2453.67,2458.94,0.004965554263219207,2.0,0.0025,ranging,0.2578955252641986,0.47339340746915237,0.26871106726664895,2
1788613200000,2458.93,2454.15,0.010944726279974892,2.0,0.0025,ranging,0.2537973909077983,0.47078541865429996,0.27541719043790186,2
1788616800000,2454.15,2457.26,0.009457688645076123,2.0,0.0025,ranging,0.24529230712789116,0.4726906646426919,0.2820170282294168,2
1788620400000,2457.26,2460.0,0.0071422764227642155,2.0,0.0025,ranging,0.25248836225694,0.46666652549417437,0.28084511224888564,2
1788624000000,2459.99,2471.15,0.0025696538049087003,2.0,0.0025,ranging,0.2624465871704371,0.4705897436171568,0.2669636692124061,2
1788627600000,2471.15,2481.01,0.0032688300329299924,2.0,0.0025,ranging,0.26603540743224735,0.4802870700127069,0.2536775225550458,2
1788631200000,2481.01,2480.5,0.00019350937311024552,1.0,0.0025,ranging,0.25919844991563007,0.4841374776162307,0.25666407246813916,2
1788634800000,2480.5,2477.57,0.0011180309738978433,1.0,0.0025,ranging,0.26582213537111715,0.48196481455217355,0.25221305007670936,2
1788638400000,2477.57,2477.5,0.005126135216952488,2.0,0.0025,ranging,0.26864911664377183,0.47933655036130224,0.2520143329949259,2
1788642000000,2477.5,2489.12,0.006608761329305324,2.0,0.0025,ranging,0.26672791815545804,0.4790403451468357,0.2542317366977064,2
1788645600000,2489.13,2480.98,0.009028690275616924,2.0,0.0025,ranging,0.26390596420176976,0.4781412065581453,0.257952829240085,2
1788649200000,2480.98,2480.34,0.011829023440334652,2.0,0.0025,ranging,0.2564027473106338,0.4805655104652134,0.2630317422241528,2
1788652800000,2480.33,2490.2,0.005718416191470732,2.0,0.0025,ranging,0.2595966163760718,0.47498827338696775,0.26541511023696057,2
1788656400000,2490.21,2505.57,0.003164948494753572,2.0,0.002601063246991661,trending,0.2591490122623068,0.4900545668678546,0.2507964208698385,2
1788660000000,2505.58,2503.38,0.0009706876303237078,1.0,0.0026103250838279113,trending,0.26957090329820976,0.4793387709857603,0.25109032571602996,2
1788663600000,2503.38,2509.68,-0.005136112970577922,0.0,0.0026602783425032756,trending,0.27155229328371594,0.4722974309662584,0.25615027575002564,2
1788667200000,2509.68,2504.44,-0.0035017808372330705,0.0,0.002681289902218722,trending,0.2768999098223683,0.46701109228464527,0.25608899789298656,2
1788670800000,2504.45,2513.5,-0.005717127511438158,0.0,0.002869211568253272,trending,0.27422230133142245,0.4687534690897546,0.25702422957882287,2
1788674400000,2513.52,2505.81,-0.0016401882026171322,1.0,0.0028474089814830277,trending,0.2748038928933164,0.47223674145228706,0.25295936565439653,2
1788678000000,2505.82,2496.79,0.0020586432979945446,1.0,0.003089219606505321,trending,0.26963341743845215,0.4702163114712179,0.26015027109032995,2
1788681600000,2496.8,2495.67,0.0019233312096549326,1.0,0.0030079161129145235,trending,0.26418861073189215,0.47589857499856125,0.2599128142695465,2
1788685200000,2495.66,2499.13,-0.001712595983402343,1.0,0.0029572564987394435,trending,0.2613314784976538,0.4802356456077442,0.25843287589460207,2
1788688800000,2499.12,2501.7,-0.009313666706639356,0.0,0.0028266318799796456,trending,0.1947010879912521,0.5230683415153089,0.28223057049343897,3
1788692400000,2501.7,2501.93,-0.008849168441962707,0.0,0.0027051688857312457,trending,0.1868770851516798,0.5289337384928763,0.28418917635544394,3
1788696000000,2501.94,2500.47,-0.006358804544745467,0.0,0.0026414423080920323,trending,0.1854808319433,0.5298424035242131,0.2846767645324869,3
1788699600000,2500.48,2494.85,-0.0014429725233982005,1.0,0.002701880566123168,trending,0.18945605652225403,0.5210425066313841,0.289501436846362,3
1788703200000,2494.84,2478.4,0.00635490639122005,2.0,0.003115207607877806,trending,0.1884990684107557,0.5084575345047625,0.30304339708448175,3
1788706800000,2478.4,2479.79,0.004286653305320298,2.0,0.0031091773600568874,trending,0.19505745291419008,0.5193787422842477,0.2855638048015621,3
1788710400000,2479.78,2484.57,0.005984939043778059,2.0,0.0030933605077406593,trending,0.19780265303871136,0.5200679685402498,0.2821293784210387,3
1788714000000,2484.57,2491.25,0.006759658805820523,2.0,0.0031095038152770048,trending,0.19774057321394037,0.5214330296785312,0.28082639710752844,3
1788717600000,2491.25,2494.15,0.0056812942284947265,2.0,0.0030343909874109673,trending,0.19383117877873715,0.5205537776782094,0.2856150435430534,3
1788721200000,2494.15,2490.42,0.009661021032596917,2.0,0.002917205636463609,ranging,0.186608165128244,0.5206193311798696,0.29277250369188634,3
1788724800000,2490.42,2499.44,0.005493230483628375,2.0,0.0028953878353065944,ranging,0.193086466093031,0.5185495099151604,0.2883640239918087,3
1788728400000,2499.43,2508.09,-0.0016825552512071962,1.0,0.0029583418407753445,ranging,0.19435708679424438,0.518786708522144,0.28685620468361156,3
1788732000000,2508.08,2508.32,0.0013754225936084552,1.0,0.003124209449141623,ranging,0.19265909647631474,0.5166999977683241,0.2906409057553612,3
1788735600000,2508.33,2514.48,-0.006780726034806506,0.0,0.0032247713128736024,ranging,0.20517437153776608,0.5134274980197165,0.2813981304425173,3
1788739200000,2514.48,2513.17,-0.005904893023552016,0.0,0.0032200680705565176,ranging,0.2040152184407387,0.5138715865720963,0.282113194987165,3
1788742800000,2513.17,2503.87,0.00037142503404741234,1.0,0.003291804861715403,ranging,0.2006714957336014,0.5157452481381155,0.28358325612828306,3
1788746400000,2503.87,2511.77,-0.005585702512570845,0.0,0.0036968031282534246,ranging,0.21056885268240771,0.5084491329223466,0.28098201439524556,3
1788750000000,2511.76,2497.43,-0.00323532591504061,1.0,0.003787257572638687,ranging,0.19403466311304776,0.528377837113558,0.2775874997733942,3
1788753600000,2497.43,2498.33,-0.0027098101531822794,1.0,0.0036441296739151883,ranging,0.19801459805234753,0.5230621913748099,0.2789232105728426,3
1788757200000,2498.33,2504.8,-0.008000638773554725,0.0,0.003662200014458612,ranging,0.19434952575555917,0.5309614758992376,0.2746889983452033,3
1788760800000,2504.81,2497.74,-0.003495159624300248,1.0,0.0036214458370597623,ranging,0.19176929820484395,0.5358153307480942,0.272415371047062,3
1788764400000,2497.75,2489.35,-8.03422580191171e-05,1.0,0.003836876282269597,ranging,0.1956878294901556,0.5171249115907162,0.28718725891912816,3
1788768000000,2489.34,2491.56,0.005586861243558339,2.0,0.0036482382710453847,ranging,0.19132726708598463,0.5293481936474649,0.27932453926655054,3
1788771600000,2491.56,2484.76,0.005674592314750759,2.0,0.003621834678654675,ranging,0.19488182328513837,0.5247799020040906,0.28033827471077105,3
1788775200000,2484.76,2489.01,0.0005142606899930513,1.0,0.0034930718056502574,ranging,0.19875942106296918,0.5214886711095575,0.2797519078274733,3
1788778800000,2489.01,2489.15,-0.007520639575758881,0.0,0.0033673508316022973,ranging,0.19151904748772747,0.5137996535419568,0.29468129897031586,3
1788782400000,2489.16,2505.48,-0.009052157670386474,0.0,0.0034331584364865678,ranging,0.194761881742687,0.5149860144503,0.29025210380701305,3
1788786000000,2505.48,2498.86,-0.001376627742250447,1.0,0.003465643973447004,ranging,0.192101834086074,0.5212834741009137,0.28661469181301236,3
1788789600000,2498.87,2490.29,0.0006023394865657394,1.0,0.0036310191151960234,ranging,0.19098297681624368,0.5029550194843709,0.3060620036993854,3
1788793200000,2490.29,2470.43,0.01034232906821897,2.0,0.0038201498091124555,ranging,0.19326602402218057,0.5050191880157865,0.3017147879620329,3
1788796800000,2470.44,2482.8,0.004817141936523273,2.0,0.003749348805727228,ranging,0.19629402572539165,0.512725016347048,0.29098095792756035,3
1788800400000,2482.81,2495.42,-0.001735178847648844,1.0,0.0037588141988458383,ranging,0.20116810083222633,0.5149679318045717,0.2838639673632019,3
1788804000000,2495.42,2491.79,-0.0035035055121017677,1.0,0.0036674055215926375,ranging,0.19648159026185918,0.5243977082762735,0.27912070146186735,3
1788807600000,2491.79,2495.98,-0.002331749453120646,1.0,0.0035463670513740707,ranging,0.202708065170554,0.5074885343060676,0.2898034005233785,3
1788811200000,2495.98,2494.76,0.0003807981529284632,1.0,0.003469889918628091,ranging,0.19625383804921342,0.4990772411416231,0.30466892080916347,3
1788814800000,2494.76,2491.09,0.005306913840928962,2.0,0.0033367221765273126,ranging,0.1947617116622525,0.511516309090391,0.29372197924735644,3
1788818400000,2491.1,2483.06,0.0006685299590021287,1.0,0.003398714783010554,ranging,0.19557937006003498,0.4985319943413129,0.30588863559865204,3
1788822000000,2483.06,2490.16,-0.0016545121598611212,1.0,0.0033476267009328246,ranging,0.19572869256223432,0.513634732481155,0.29063657495661066,3
1788825600000,2490.16,2495.71,-0.006699496335712207,0.0,0.0033123021783303995,ranging,0.19125465243562403,0.5120766423056536,0.2966687052587223,3
1788829200000,2495.71,2504.31,-0.012350707380475945,0.0,0.003270164912925902,ranging,0.1908077267262295,0.50901650237326,0.3001757709005105,3
1788832800000,2504.32,2484.72,-0.006515824720692676,0.0,0.0034620626126934365,ranging,0.196514536661392,0.5055417353654921,0.2979437279731159,3
1788836400000,2484.72,2486.04,-0.002578397773165264,1.0,0.0033913179995710718,ranging,0.19320724409874768,0.5049649304676247,0.3018278254336277,3
1788840000000,2486.05,2478.99,-0.0005687800273498356,1.0,0.003286314720208568,ranging,0.18719513108002916,0.5131398169250729,0.29966505199489785,3
1788843600000,2478.99,2473.38,0.007532202896441298,2.0,0.0032678138899356877,ranging,0.1946676164110435,0.4921450513497685,0.31318733223918815,3
1788847200000,2473.39,2468.53,0.00514881326133354,2.0,0.0032872395355060527,ranging,0.20037792401072882,0.489358941150443,0.31026313483882834,3
1788850800000,2468.52,2479.63,-0.001964002693950251,1.0,0.003332768032142352,ranging,0.19905836647675357,0.5009207384117479,0.3000208951114985,3
1788854400000,2479.63,2477.58,-0.001933338176769217,1.0,0.0033472296913588198,ranging,0.1978260023846584,0.5080266642533898,0.2941473333619517,3
1788858000000,2477.58,2492.01,-0.01313798901288532,0.0,0.003428941221954455,ranging,0.1967516573058127,0.522764249600982,0.28048409309320527,3
1788861600000,2492.0,2481.24,0.0018216698102564433,1.0,0.0035218688348451215,ranging,0.1934829237431491,0.508684783657413,0.2978322925994379,3
1788865200000,2481.25,2474.76,0.009641338958121137,2.0,0.003468152287235481,ranging,0.19424808750039332,0.5002400757118148,0.3055118367877918,3
1788868800000,2474.75,2472.79,0.009604535767291145,2.0,0.0033612980597007886,ranging,0.19072003429087153,0.5014763455148484,0.3078036201942801,3
1788872400000,2472.8,2459.27,0.011710792226961697,2.0,0.0037317460343231283,ranging,0.1944497218081368,0.48336241846160155,0.32218785973026176,3
1788876000000,2459.26,2485.76,0.00047470391349113683,1.0,0.003942393700454581,ranging,0.19691188882276509,0.5074531500043994,0.2956349611728356,3
1788879600000,2485.76,2498.62,-0.0065236010277671674,0.0,0.0040158733147253175,ranging,0.1996639250142383,0.5189891821316169,0.28134689285414477,3
1788883200000,2498.62,2496.54,-0.005387456239435262,0.0,0.004041474485296411,ranging,0.2014371932977594,0.5204993043026285,0.27806350239961214,3
1788886800000,2496.54,2488.07,-0.002065858275691723,1.0,0.004017920236792395,ranging,0.20093446980362445,0.5145658949714479,0.2844996352249276,3
1788890400000,2488.07,2486.94,0.0008323481869285665,1.0,0.004262876939021698,ranging,0.1996611379849756,0.5068960803570461,0.29344278165797827,3
1788894000000,2486.94,2482.32,0.0011038061168582303,1.0,0.004230597334967112,ranging,0.19844405820355715,0.5233087778769301,0.27824716391951276,3
1788897600000,2482.31,2483.09,0.005311929893801803,2.0,0.004118947788411167,low_liquidity,0.18876811685799177,0.5441993010101037,0.26703258213190445,3
1788901200000,2483.09,2482.93,0.005988892155638803,2.0,0.003974979296667259,low_liquidity,0.17679610038702534,0.562508569027811,0.26069533058516375,3
1788904800000,2482.92,2489.01,0.0019003539559903082,1.0,0.0038242611516214596,low_liquidity,0.18091427529681586,0.5596453865261123,0.25944033817707185,3
1788908400000,2489.0,2485.06,0.0015452343202981833,1.0,0.003692469490157904,low_liquidity,0.17299146002407628,0.5634138975238444,0.2635946424520794,3
1788912000000,2485.07,2496.28,0.005355969682887984,2.0,0.0036241386327356116,low_liquidity,0.18477140030451134,0.5441832123611478,0.27104538733434086,3
1788915600000,2496.27,2497.8,-0.0004964368644407857,1.0,0.003539435909875784,ranging,0.18936107295930674,0.5283542178482269,0.28228470919246634,3
1788919200000,2497.79,2493.74,0.0030115408984097147,1.0,0.003463828833225269,ranging,0.18719067643278128,0.5276272567035565,0.2851820668636623,3
1788922800000,2493.73,2488.9,0.008690586202740214,2.0,0.003340791706300924,ranging,0.18237276500911034,0.5178108129086507,0.29981642208223896,3
1788926400000,2488.91,2509.65,0.004016496324188656,2.0,0.0035029259689473118,ranging,0.18826716035918536,0.5076063296034194,0.30412651003739527,3
1788930000000,2509.65,2496.56,-0.002379273880860122,1.0,0.0036131012288220616,ranging,0.193078502062234,0.514031220252043,0.29289027768572307,3
1788933600000,2496.56,2501.25,-0.005537231384307839,0.0,0.0035726768629903384,ranging,0.18885289576663708,0.5205477551090074,0.29059934912435553,3
1788937200000,2501.25,2510.53,-0.0037960112008221802,0.0,0.0035937219302642877,ranging,0.19749826856964842,0.5037072059395105,0.2987945254908412,3
1788940800000,2510.53,2519.73,-0.0032225674973112017,1.0,0.0035519085471352506,ranging,0.20642736271176257,0.5087576618657452,0.2848149754224922,3
1788944400000,2519.72,2490.62,0.004777926781283304,2.0,0.003853144334834313,ranging,0.19928666843631124,0.5186196701486785,0.2820936614150102,3
1788948000000,2490.61,2487.4,0.004820294283187199,2.0,0.0037863787334429934,ranging,0.19441393381793468,0.5136474246949769,0.2919386414870884,3
1788951600000,2487.4,2501.0,-0.0042942822870850605,0.0,0.0038974438796012855,ranging,0.19307834388775624,0.5278743141782286,0.27904734193401515,3
1788955200000,2501.01,2511.61,-0.006262915022634874,0.0,0.003846240711207911,ranging,0.20076798196350942,0.5174243568725422,0.28180766116394845,3
1788958800000,2511.61,2502.52,-0.003556415133545432,1.0,0.003956621332120072,ranging,0.2020512124821817,0.5166199830470174,0.2813288044708009,3
1788962400000,2502.52,2499.39,-0.007185753323810995,0.0,0.004007143806195649,ranging,0.19970211097306367,0.5141980335881161,0.28609985543882027,3
1788966000000,2499.4,2490.26,-0.009946752547926874,0.0,0.004459614574122932,ranging,0.19120224842755773,0.5110057224319948,0.2977920291404474,3
1788969600000,2490.26,2495.88,-0.009639886533006403,0.0,0.00438227333679103,ranging,0.19446903536533394,0.5233716408536214,0.28215932378104464,3
1788973200000,2495.88,2493.62,-0.012724472854725222,0.0,0.004266120536345607,ranging,0.18900212150528814,0.5300692203258618,0.28092865816885004,3
1788976800000,2493.61,2481.43,-0.012516976098459365,0.0,0.004229389775652048,ranging,0.193852251640553,0.5257713174099417,0.2803764309495054,3
1788980400000,2481.43,2465.49,0.0010707810617769375,1.0,0.004342751650148692,ranging,0.19398248823847378,0.5159850950887073,0.290032416672819,3
1788984000000,2465.49,2471.82,-0.002755054979731497,1.0,0.004347321290068113,ranging,0.19483923740544773,0.5072538707138002,0.2979068918807522,3
1788987600000,2471.82,2461.89,0.0007473932628996316,1.0,0.004328304799675108,ranging,0.1929265068352852,0.5250984824465961,0.2819750107181188,3
1788991200000,2461.89,2450.37,0.009994409007619387,2.0,0.004405676750349013,ranging,0.1887628962144109,0.5181280459041483,0.2931090578814409,3
1788994800000,2450.36,2468.13,0.0029496015201790904,1.0,0.004389384322884859,ranging,0.18867031881184518,0.5311585482860457,0.2801711329021091,3
1788998400000,2468.14,2465.01,0.005545616447803381,2.0,0.0042296677056350195,ranging,0.1930852561886957,0.5327474612971586,0.27416728251414574,3
1789002000000,2465.0,2463.73,0.007468350833898185,2.0,0.00434916196997108,ranging,0.19305050340719362,0.5248308725923387,0.2821186240004675,3
1789005600000,2463.73,2474.86,0.0021981041351835096,1.0,0.00430382470880313,low_liquidity,0.18559186072932396,0.5518439896072348,0.26256414966344127,3
1789009200000,2474.86,2475.41,-0.0009856952989606427,1.0,0.004123118624642574,ranging,0.19410665828090093,0.5289452626871342,0.276948079031965,3
1789012800000,2475.4,2478.68,-0.003001597624542107,1.0,0.003937675294054674,ranging,0.19291640214360767,0.5339371675494881,0.2731464303069043,3
1789016400000,2478.68,2482.13,-0.005410675508535134,0.0,0.0038219214077159754,ranging,0.1953399635001483,0.5300703010596596,0.27458973544019205,3
1789020000000,2482.12,2480.3,-0.006487118493730626,0.0,0.003772025710845544,ranging,0.1924945641970105,0.5325711631603016,0.274934272642688,3
1789023600000,2480.31,2472.97,-0.004351043482128669,0.0,0.003793726913038993,ranging,0.18396473340555597,0.5183355956558402,0.2976996709386039,3
1789027200000,2472.96,2471.24,-0.022822550622359494,0.0,0.003631347795721825,ranging,0.17627649343553806,0.5297783244183902,0.2939451821460717,3
1789030800000,2471.25,2468.7,-0.013476728642605407,0.0,0.0036035482829914747,ranging,0.17772869747248385,0.5267039637665042,0.295567338761012,3
1789034400000,2468.7,2464.21,-0.008160830448703638,0.0,0.003508775498634848,ranging,0.17718511626873984,0.5247898814584564,0.29802500227280393,3
1789038000000,2464.2,2462.21,-0.008394897267089307,0.0,0.0034670558948895116,ranging,0.18088409742469927,0.5238974787958999,0.29521842377940094,3
1789041600000,2462.21,2414.84,0.01405476139205919,2.0,0.004325044192056103,ranging,0.17733496415078298,0.5001756713768589,0.3224893644723582,3
1789045200000,2414.84,2435.43,0.012585046583149628,2.0,0.004528556890736279,trending,0.1793748011312478,0.4986655302018542,0.32195966866689785,3
1789048800000,2435.42,2444.1,0.009979133423345887,2.0,0.004500364814663772,trending,0.18323812414249946,0.5109101722991154,0.30585170355838515,3
1789052400000,2444.11,2441.54,0.008601128795760138,2.0,0.004396038137690508,trending,0.19255321984784685,0.5289993545536379,0.2784474255985154,3
1789056000000,2441.54,2448.78,0.005312849663914099,2.0,0.004383242104554091,trending,0.1945649662510293,0.5267214451100819,0.2787135886388889,3
1789059600000,2448.79,2466.08,-0.002355965743203736,1.0,0.004526986229454664,trending,0.1851880603075702,0.5381155700781665,0.27669636961426325,3
1789063200000,2466.09,2468.49,-0.009483530417380592,0.0,0.004445541103194269,trending,0.19668772951045807,0.5361522967802551,0.26715997370928685,3
1789066800000,2468.49,2462.54,-0.00985567747122884,0.0,0.004340554840928247,trending,0.18911433676636255,0.5259079017913962,0.2849777614422413,3
1789070400000,2462.55,2461.79,-0.002022918283037911,1.0,0.00417345186498247,trending,0.186723529606408,0.5329348478462247,0.2803416225473674,3
1789074000000,2461.79,2460.27,-0.0023818523983140105,1.0,0.003969195798691013,low_liquidity,0.17243570370243436,0.555160832182515,0.2724034641150506,3
1789077600000,2460.27,2445.08,0.00074844176877642,1.0,0.004031618408027312,ranging,0.17999553384110092,0.523231691967508,0.29677277419139114,3
1789081200000,2445.08,2438.27,0.003691141670118636,1.0,0.003989807292591304,trending,0.18288740261102962,0.5319961285145143,0.28511646887445596,3
1789084800000,2438.27,2456.81,0.0009117514174885599,1.0,0.004041272932757336,ranging,0.1807233305546182,0.5331257730401933,0.28615089640518854,3
1789088400000,2456.81,2454.41,0.005879213334365696,2.0,0.003996721842405482,ranging,0.18432985292418108,0.5401240272744539,0.2755461198013652,3
1789092000000,2454.41,2446.91,0.008222615461950022,2.0,0.0039089744892199215,ranging,0.18523870562041989,0.5389158728387219,0.2758454215408582,3
1789095600000,2446.91,2447.27,0.00827452630890746,2.0,0.00377598052338269,ranging,0.18203061889855882,0.526316098527875,0.29165328257356626,3
1789099200000,2447.27,2459.05,0.007185701795408672,2.0,0.0038030066814700204,ranging,0.18697971104546618,0.5396730440759298,0.2733472448786041,3
1789102800000,2459.06,2468.84,0.00027543299687304845,1.0,0.0037136927967586593,ranging,0.1882587160883406,0.546480482385376,0.2652608015262833,3
1789106400000,2468.84,2467.03,-0.00198214046849865,1.0,0.0035848968544752616,ranging,0.18561452821010413,0.5442649346289969,0.27012053716089884,3
1789110000000,2467.04,2467.52,-0.0037487031513422364,0.0,0.0034539197577686228,ranging,0.19036382479982125,0.5396710108721668,0.26996516432801176,3
1789113600000,2467.53,2476.72,0.013929713492037754,2.0,0.003559373718032605,ranging,0.19579634920499808,0.5374001694321177,0.2668034813628842,3
1789117200000,2476.71,2469.52,0.06483041238783249,2.0,0.003585498308926264,ranging,0.1952068746757146,0.5406545622602482,0.2641385630640372,3
1789120800000,2469.52,2462.14,0.05921271739218725,2.0,0.0035679176068140117,ranging,0.1878876889034327,0.538294595031051,0.27381771606551636,3
1789124400000,2462.14,2458.27,0.04114682276560355,2.0,0.003486170138632154,ranging,0.180812651013131,0.5421758205895713,0.2770115283972977,3
1789128000000,2458.27,2511.22,0.026505045356440382,2.0,0.004559460486110862,ranging,0.19217828829227204,0.5367580119570445,0.27106369975068334,3
1789131600000,2511.22,2629.62,-0.023919805903514613,0.0,0.006608763371163547,abnormal,0.17453174827791393,0.5202436011965083,0.30522465052557773,3
1789135200000,2629.63,2607.93,-0.02708278212988835,0.0,0.007388535635789631,high_volatility,0.1749381427585116,0.57180775645843,0.2532541007830584,3
1789138800000,2607.94,2559.42,-0.007786920474170067,1.0,0.008213194189877369,high_volatility,0.16881914717659519,0.5882414766739318,0.24293937614947297,3
1789142400000,2559.43,2577.78,-0.018205587753803765,0.0,0.008234914626287714,high_volatility,0.16931452038735728,0.5709359972103224,0.2597494824023203,3
1789146000000,2577.78,2566.72,-0.019491802767734545,0.0,0.007995734882584317,high_volatility,0.16390061465794328,0.5785080862501369,0.2575912990919198,3
1789149600000,2566.72,2537.3,-0.010053994403499855,0.0,0.008175691941708243,high_volatility,0.16532435204562496,0.5771790301748314,0.2574966177795437,3
1789153200000,2537.31,2539.49,-0.009080563420214238,0.0,0.007845061722968345,high_volatility,0.1618010618553943,0.5705208304934525,0.26767810765115335,3
1789156800000,2539.49,2530.85,-0.007934093288816002,0.0,0.007729529755197754,high_volatility,0.16038478386267038,0.5658107584219343,0.2738044577153954,3
1789160400000,2530.85,2516.69,-0.0011840949819008628,1.0,0.007680486357427787,high_volatility,0.1584334191719822,0.5652548269411186,0.27631175388689916,3
1789164000000,2516.68,2511.79,0.0010948367498875289,1.0,0.007443361158529915,high_volatility,0.1595770979389129,0.5635679257525859,0.2768549763085013,3
1789167600000,2511.79,2516.43,-0.0012477994619360944,1.0,0.007024125493456728,high_volatility,0.1595665153293299,0.5565915814848663,0.2838419031858039,3
1789171200000,2516.44,2510.77,0.0007487742803999886,1.0,0.006656249491518845,high_volatility,0.16009135828339716,0.5570547767651565,0.28285386495144643,3
1789174800000,2510.76,2513.71,-0.0007996149118236762,1.0,0.006304342697949305,high_volatility,0.1660658388011787,0.5595540619717146,0.2743800992271066,3
1789178400000,2513.71,2514.54,0.002024227095214215,1.0,0.005916355069839753,high_volatility,0.1642484470674094,0.5583674686971095,0.27738408423548105,3
1789182000000,2514.53,2513.29,0.004336944801435649,1.0,0.005611081468203401,high_volatility,0.16766745292438268,0.5684587273003676,0.2638738197752498,3
1789185600000,2513.29,2512.65,0.008206475235309263,2.0,0.005299117160364898,ranging,0.16641488542116387,0.5599097566420529,0.2736753579367832,3
1789189200000,2512.65,2511.7,0.007648206394075707,2.0,0.004997547123145999,ranging,0.17035138006999817,0.5465810492872923,0.28306757064270943,3
1789192800000,2511.7,2519.63,0.005473025801407294,2.0,0.004834848439189067,ranging,0.17906356000455073,0.5426035237538287,0.2783329162416206,3
1789196400000,2519.63,2524.19,0.004746076959341483,2.0,0.004579358109414487,ranging,0.18223708204183275,0.5350032921465151,0.2827596258116522,3
1789200000000,2524.19,2533.27,0.0008960750334547907,1.0,0.004463547941160145,ranging,0.18862791358525727,0.5309136386627553,0.2804584477519874,3
1789203600000,2533.28,2530.91,0.005401219324274731,2.0,0.004280838490270182,ranging,0.18982863134945155,0.5377920228663573,0.2723793457841912,3
1789207200000,2530.91,2533.42,0.002538071065989689,1.0,0.004059262077810294,ranging,0.18962535337295056,0.5438804892210053,0.26649415740604426,3
1789210800000,2533.42,2536.17,-0.0004297819152502269,1.0,0.0038774328594230094,low_liquidity,0.18865200372865096,0.5493930368952059,0.26195495937614316,3
1789214400000,2536.17,2535.54,-0.0014829188259699588,1.0,0.003687064002034983,ranging,0.19654983502658815,0.5345128420313571,0.26893732294205475,3
1789218000000,2535.53,2544.58,-0.007337163696955917,0.0,0.0036212284647693,ranging,0.19810624499050214,0.5263004150351781,0.2755933399743198,3
1789221600000,2544.57,2539.85,-0.006878358958206099,0.0,0.00347884919664757,ranging,0.1928834988351348,0.5141821487995526,0.29293435236531257,3
1789225200000,2539.85,2535.08,-0.006094482225412978,0.0,0.0034120877762485163,ranging,0.194312054756282,0.521790541357676,0.28389740388604195,3
1789228800000,2535.09,2531.78,-0.004328970131685983,0.0,0.003280834072627528,ranging,0.1884145407528641,0.5189416936875161,0.29264376555961996,3
1789232400000,2531.78,2525.91,-0.0007561631253686363,1.0,0.0032200149408433847,ranging,0.18990883853795565,0.5200824362012388,0.2900087252608054,3
1789236000000,2525.9,2522.38,0.000245799601963137,1.0,0.003119080369954864,ranging,0.19328959562094442,0.5155627515487071,0.2911476528303483,3
1789239600000,2522.38,2519.63,0.002500367117394209,1.0,0.0030339935757678687,ranging,0.19433700547856736,0.5121972074760611,0.29346578704537146,3
1789243200000,2519.62,2520.82,0.0017494307407905918,1.0,0.00289432565687401,ranging,0.19320555516668997,0.5179997040985257,0.28879474073478445,3
1789246800000,2520.83,2524.0,0.0007725832012677181,1.0,0.0028399072342849964,ranging,0.1939973335224136,0.5156395114754684,0.29036315500211807,3
1789250400000,2524.0,2523.0,-0.0005112960760998986,1.0,0.0027330569098963646,ranging,0.1898117066661004,0.5191861898752823,0.2910021034586174,3
1789254000000,2522.99,2525.93,-0.00202301726492804,1.0,0.002616844760082449,low_liquidity,0.17723449495340307,0.5467273555305183,0.2760381495160786,3
1789257600000,2525.92,2525.23,-0.0020592183682277554,1.0,0.0025,low_liquidity,0.178759536059057,0.5423854088806035,0.27885505506033953,3
1789261200000,2525.22,2525.95,-0.0013579049466536652,1.0,0.0025,ranging,0.18716623313810737,0.5266005691741722,0.2862331976877205,3
1789264800000,2525.95,2521.71,-0.003378659719000199,0.0,0.0025,ranging,0.18694474051982446,0.5151420378675421,0.2979132216126334,3
1789268400000,2521.72,2520.82,-0.0011424853817408875,1.0,0.0025,ranging,0.18158224281973828,0.5265298437429291,0.2918879134373327,3
1789272000000,2520.81,2520.03,-0.010214164117093971,0.0,0.0025,ranging,0.1783661715194848,0.5092254543002093,0.3124083741803058,3
1789275600000,2520.04,2522.52,-0.0148026576598006,0.0,0.0025,ranging,0.17595081228547382,0.5083431731889962,0.3157060145255298,3
1789279200000,2522.52,2513.19,-0.016317906724123588,0.0,0.0025,ranging,0.1877483339460189,0.5017942207452675,0.31045744530871366,3
1789282800000,2513.19,2517.94,-0.014650865389961631,0.0,0.0025,ranging,0.1902873403806742,0.4961985982254515,0.31351406139387433,3
1789286400000,2517.94,2494.29,-0.006707319517778587,0.0,0.0025341139634189156,ranging,0.19050707230362693,0.4775043357959569,0.3319885919004162,3
1789290000000,2494.3,2485.18,-0.0024545505758133412,1.0,0.0028197611593414377,ranging,0.19662183838870165,0.4754763705591293,0.327901791052169,3
1789293600000,2485.18,2472.18,0.008324636555590681,2.0,0.0029452022822436057,ranging,0.18943950451286587,0.48835177053941003,0.32220872494772407,3
1789297200000,2472.19,2481.05,0.0040507043388886554,2.0,0.002977941721549945,ranging,0.18516984338124837,0.5021894236661323,0.31264073295261935,3
1789300800000,2481.06,2477.56,0.010909927509323847,2.0,0.002912874245146416,ranging,0.18380197187858663,0.4988247667741424,0.317373261347271,3
1789304400000,2477.56,2479.08,0.010411120254287809,2.0,0.0030741435559177607,trending,0.1870990769923021,0.5069482455100547,0.3059526774976432,3
1789308000000,2479.08,2492.76,0.006711436319581265,2.0,0.0031294520785296966,trending,0.19659932565535257,0.5069508986152297,0.29644977572941766,3
1789311600000,2492.76,2491.1,0.005989321986271223,2.0,0.0030797252081003743,trending,0.1980543962845356,0.5003659059612527,0.30157969775421156,3
1789315200000,2491.1,2504.59,0.0032979449730294874,2.0,0.0031039224856501957,trending,0.20241757566360533,0.5108438932728806,0.2867385310635141,3
1789318800000,2504.6,2504.89,0.0016248218484644639,1.0,0.0030538179275152073,trending,0.19203681362599134,0.5121709452127406,0.29579224116126807,3
1789322400000,2504.89,2509.49,-0.013516690642321638,0.0,0.0029204913533909956,trending,0.19031740950200818,0.5250572571749453,0.2846253333230466,3
1789326000000,2509.48,2506.02,-0.01154021117149906,0.0,0.0029237672827681018,ranging,0.18893916958645515,0.5135599262499646,0.2975009041635802,3
1789329600000,2506.03,2512.85,-0.011313846827307628,0.0,0.0028641141878604725,low_liquidity,0.18553690444484014,0.5431793211067437,0.27128377444841617,3
1789333200000,2512.86,2508.96,-0.006138001402971827,0.0,0.0027994570710159748,ranging,0.18876126577857072,0.5303819851424562,0.2808567490789731,3
1789336800000,2508.95,2475.57,0.014481513348440833,2.0,0.0032664464451664845,ranging,0.18927141647945803,0.4923800466681006,0.3183485368524414,3
1789340400000,2475.56,2477.1,0.014476605708287904,2.0,0.003223646278234068,ranging,0.19152438886835704,0.49771063037304203,0.31076498075860093,3
1789344000000,2477.1,2484.42,0.012296632614453129,2.0,0.0034489459611032223,ranging,0.190327271050565,0.5049086554862734,0.30476407346316176,3
1789347600000,2484.41,2493.56,0.009111471149681583,2.0,0.0035736111715462715,ranging,0.19600323999964128,0.5185275126629147,0.285469247337444,3
1789351200000,2493.56,2511.42,0.0013139976586948876,1.0,0.003683834539480001,ranging,0.19212863296461466,0.5263372703106227,0.28153409672476265,3
1789354800000,2511.42,2512.96,0.004182318859034639,2.0,0.0036456019028451134,ranging,0.19881652360717741,0.5279959485846212,0.2731875278082014,3
1789358400000,2512.96,2514.97,0.0014592619395061845,1.0,0.003503486064050111,ranging,0.1989490798761543,0.5294841917881259,0.27156672833572,3
1789362000000,2514.98,2516.28,0.0030441763237794017,1.0,0.003359866563355244,ranging,0.19645830904108036,0.5300975273358096,0.27344416362310997,3
1789365600000,2516.29,2514.72,-0.0006163708086783792,1.0,0.0034456192074923974,ranging,0.20428702273127994,0.5202069033321539,0.2755060739365662,3
1789369200000,2514.73,2523.47,-0.00565094889180362,0.0,0.003445878037980824,ranging,0.2054092346654681,0.5170771543249693,0.2775136110095627,3
1789372800000,2523.48,2518.64,-0.005149604548486453,0.0,0.0034925994097309053,ranging,0.20383136158582105,0.5104053275603359,0.2857633108538431,3
1789376400000,2518.65,2523.94,-0.009231598215488579,0.0,0.003639768647013924,ranging,0.20480865862853756,0.5153007921319762,0.2798905492394862,3
1789380000000,2523.93,2513.17,-0.004548040920431262,0.0,0.0036065791077255337,ranging,0.20527092943610517,0.5163564225521281,0.2783726480117668,3
1789383600000,2513.18,2509.21,-0.0002909282204359709,1.0,0.0035368361074975103,ranging,0.20279631709818272,0.513052481722674,0.2841512011791433,3
1789387200000,2509.21,2505.67,0.00933083766018683,2.0,0.0036169008369252723,ranging,0.19959026508880784,0.5066183092135245,0.2937914256976677,3
1789390800000,2505.68,2500.64,0.0130886493057778,2.0,0.003878260849815619,ranging,0.19945162026821167,0.5034583490630113,0.29709003066877704,3
1789394400000,2500.63,2501.74,0.014837672979606253,2.0,0.003993670255481559,ranging,0.19737224549773524,0.5092428447024072,0.29338490979985754,3
1789398000000,2501.75,2508.48,0.012565378237020086,2.0,0.0039859829778628,ranging,0.20066146434073057,0.5041563444333407,0.29518219122592876,3
1789401600000,2508.49,2529.05,0.01644491014412508,2.0,0.004233940512502453,ranging,0.1985789068737898,0.5099724822057914,0.2914486109204188,3
1789405200000,2529.04,2533.37,0.0054315003335478895,2.0,0.004140166043392125,ranging,0.20308032896811573,0.512601703245883,0.2843179677860014,3
1789408800000,2533.37,2538.86,-0.0022017756000725086,1.0,0.004087308078696957,ranging,0.2070804267084087,0.5086113554555888,0.2843082178360025,3
1789412400000,2538.86,2540.0,-0.00954724409448815,0.0,0.004047591081351163,ranging,0.21444082982481244,0.5026634660901164,0.2828957040850713,3
1789416000000,2540.01,2570.64,-0.021282637786699032,0.0,0.004964062798875416,high_volatility,0.2065045752099816,0.5274362307991638,0.2660591939908546,3
1789419600000,2570.64,2547.13,-0.012472861612874087,0.0,0.005218384139710022,high_volatility,0.1981229631631889,0.5375196844211173,0.2643573524156938,3
1789423200000,2547.14,2533.27,-0.00817125691300169,0.0,0.005277671499657833,high_volatility,0.1927757218540781,0.5424926050495731,0.2647316730963487,3
1789426800000,2533.27,2515.75,-0.006809102653284382,0.0,0.005296829103482251,high_volatility,0.18404505352158637,0.5383120116873682,0.2776429347910454,3
1789430400000,2515.72,2515.93,-0.010020151594042792,0.0,0.005099718071366709,high_volatility,0.17951017458397175,0.5494899261286416,0.27099989928738677,3
1789434000000,2515.93,2515.36,-0.00748600597926341,0.0,0.004937746426947615,trending,0.1822024267198761,0.5444232951718776,0.2733742781082463,3
1789437600000,2515.36,2512.57,-0.010554929812900737,0.0,0.0047682176326666785,trending,0.18518239854633645,0.5463156801814615,0.26850192127220207,3
1789441200000,2512.58,2498.62,-0.009733372821797537,0.0,0.0047367360355779565,ranging,0.18346943732224938,0.5310306007529961,0.2854999619247545,3
1789444800000,2498.63,2490.72,-0.0053639108370269195,0.0,0.004594051522445755,ranging,0.18813027813792338,0.5261980101019845,0.2856717117600921,3
1789448400000,2490.71,2496.53,-0.008892342571489298,0.0,0.004578710910853386,ranging,0.18755144950558125,0.5277450155127549,0.28470353498166384,3
1789452000000,2496.53,2486.05,-0.0009533195229380897,1.0,0.0046022967861681485,ranging,0.1923962050737861,0.5211272910612826,0.28647650386493123,3
1789455600000,2486.06,2474.3,0.0008527664389927914,1.0,0.0045547086630069455,ranging,0.18358106034057828,0.5306246404129376,0.28579429924648425,3
1789459200000,2474.29,2477.36,0.0007386895727710119,1.0,0.004431396538002871,ranging,0.18834013542341835,0.5273484242629675,0.2843114403136143,3
1789462800000,2477.37,2474.33,-0.00820019965000629,0.0,0.004246348329101166,ranging,0.18771110377905406,0.5371426944279136,0.2751462017930323,3
1789466400000,2474.34,2483.68,-0.03031388906783483,0.0,0.004175465202409429,ranging,0.2009707142922895,0.5287655128631724,0.27026377284453806,3
1789470000000,2483.68,2476.41,-0.020977947916540396,0.0,0.004158922229614737,ranging,0.1905863712370383,0.533465962679012,0.27594766608394966,3
1789473600000,2476.41,2479.19,-0.022930876616959583,0.0,0.0040471615954727974,ranging,0.19322333649918882,0.5283650422859233,0.27841162121488794,3
1789477200000,2479.18,2454.04,-0.005228113641179366,0.0,0.004730039131579022,ranging,0.1747205031952807,0.5079496210453175,0.31732987575940175,3
1789480800000,2454.05,2408.39,-0.0021798795045653296,1.0,0.005690469210788195,high_volatility,0.1585665006808788,0.5338715914621702,0.307561907856951,3
1789484400000,2408.38,2424.46,-0.003221335885104315,1.0,0.005854773518150501,high_volatility,0.15675827973630208,0.5585603894049259,0.284681330858772,3
1789488000000,2424.47,2422.34,-0.0059364085966462365,0.0,0.005670981502230935,high_volatility,0.16089084705137038,0.5626262350588929,0.2764829178897368,3
1789491600000,2422.34,2441.21,-0.020637306909278674,0.0,0.005857036625206439,high_volatility,0.16829997663788943,0.5785189804955176,0.2531810428665929,3
1789495200000,2441.2,2403.14,-0.0025757966660285847,1.0,0.007094210459698049,high_volatility,0.16090962602074982,0.5490074825736696,0.2900828914055806,3
1789498800000,2403.14,2416.65,-0.007609707653156161,0.0,0.006943110504610692,high_volatility,0.1592700220223015,0.5413671410451141,0.2993628369325845,3
1789502400000,2416.66,2407.96,-0.0036586986494792084,1.0,0.006879441637989259,high_volatility,0.16104256936370517,0.5425833673702134,0.2963740632660814,3
1789506000000,2407.97,2390.83,7.110501374008038e-05,1.0,0.006748596683577431,high_volatility,0.16089770112523094,0.5440659452814826,0.2950363535932864,3
1789509600000,2390.83,2396.95,0.002524040968731267,1.0,0.006617806447984985,high_volatility,0.16230507729190513,0.5496775999987658,0.2880173227093291,3
1789513200000,2396.94,2398.26,0.0015427851859264319,1.0,0.006430708845802164,high_volatility,0.1740857107096233,0.5449584050343729,0.28095588425600393,3
1789516800000,2398.26,2399.15,0.001975699726986635,1.0,0.006122068630108147,high_volatility,0.18253254358882096,0.5615280520154856,0.2559394043956935,3
1789520400000,2399.14,2391.0,0.006846507737348295,2.0,0.006009586317769357,high_volatility,0.17224692035143627,0.5432818392183173,0.2844712404302464,3
1789524000000,2391.0,2403.0,0.0015688722430295954,1.0,0.005964448353701471,trending,0.18111383049712348,0.5522301253046119,0.2666560441982647,3
1789527600000,2403.01,2401.96,-0.002081633332778221,1.0,0.005743862813264416,trending,0.1836655593484662,0.5559510378033592,0.2603834028481745,3
1789531200000,2401.96,2403.89,-0.00038271301931458446,1.0,0.00548066655647815,trending,0.18268204161611537,0.5524214888159169,0.2648964695679677,3
1789534800000,2403.88,2407.37,-0.0005981631406888344,1.0,0.005327685810949571,trending,0.1871420310090913,0.5417603307631711,0.2710976382277377,3
1789538400000,2407.37,2406.77,-9.140881762681463e-05,1.0,0.005219391338337083,low_liquidity,0.17693087135698482,0.5497683643494038,0.2733007642936114,3
1789542000000,2406.77,2396.96,0.010701054669247645,2.0,0.005126206539825569,trending,0.1801516077391442,0.526489024701961,0.2933593675588948,3
1789545600000,2396.96,2402.97,0.0015813763800631708,1.0,0.005119469904805422,trending,0.18013895885341538,0.5179785094451951,0.30188253170138957,3
1789549200000,2402.97,2405.93,-0.00495442510796229,0.0,0.004889203039482619,trending,0.1864022057756324,0.5287459499266294,0.28485184429773813,3
1789552800000,2405.93,2406.55,-0.006698385655814487,0.0,0.004693382746913077,trending,0.19760839612154613,0.5344117658238591,0.26797983805459497,3
1789556400000,2406.55,2422.61,-0.012321421937497079,0.0,0.004807070038529514,trending,0.20719001124354883,0.5320779690572959,0.2607320196991554,3
1789560000000,2422.6,2406.77,-0.00611608088849358,0.0,0.004861510515829034,trending,0.20262109401773262,0.5295872825497545,0.26779162343251295,3
1789563600000,2406.76,2394.01,-0.0013533778054395373,1.0,0.004838534199772527,trending,0.19889983939995018,0.5243769828093783,0.27672317779067157,3
1789567200000,2394.01,2390.43,0.003187710997603066,1.0,0.004859839633597493,trending,0.19766846379503555,0.5136623533667671,0.28866918283819737,3
1789570800000,2390.43,2392.76,0.006619970243567863,2.0,0.004833759935311581,trending,0.19738334892190634,0.5242608807415878,0.2783557703365059,3
1789574400000,2392.76,2392.05,0.007938797265943265,2.0,0.004712704777928371,trending,0.20188397080679027,0.5290924645847542,0.2690235646084555,3
1789578000000,2392.06,2390.77,0.0059269607699612425,2.0,0.004827832845023821,trending,0.20203993752372942,0.5209383794719238,0.2770216830043467,3
1789581600000,2390.77,2398.05,-0.002260169721231886,1.0,0.005569021648591523,trending,0.20832003386973713,0.5156404712641326,0.2760394948661301,3
1789585200000,2398.07,2408.6,0.004010628580918496,1.0,0.005890923617076418,trending,0.19998582582485538,0.5411152708360109,0.25889890333913373,3
1789588800000,2408.58,2411.04,0.0032600039816843562,1.0,0.005733904459521126,trending,0.200882157767554,0.546953446675229,0.25216439555721704,3
1789592400000,2411.04,2404.94,0.00940979816544285,2.0,0.005579133815785412,trending,0.19828157297221993,0.5491626687542349,0.2525557582735451,3
1789596000000,2404.94,2392.63,0.0152301024395749,2.0,0.0055139343682819595,trending,0.19212988888125726,0.5294443408677462,0.27842577025099646,3
1789599600000,2392.61,2418.26,0.007360664279275175,2.0,0.005644272630456019,ranging,0.18184136678612045,0.5527727174897568,0.26538591572412285,3
1789603200000,2418.26,2418.9,0.009636611682996454,2.0,0.0054519806378119165,ranging,0.1829915593569148,0.5556051927513983,0.2614032478916869,3
1789606800000,2418.91,2427.57,0.003966929892855742,1.0,0.00560482138642,ranging,0.19255775422092689,0.5445630452548759,0.26287920052419733,3
1789610400000,2427.58,2429.07,0.005146002379511572,1.0,0.005498731474815195,ranging,0.1890555453564165,0.5509993435809138,0.2599451110626696,3
1789614000000,2429.08,2436.06,0.0034112460284230206,1.0,0.005267417986006718,ranging,0.1918188761736499,0.5439624685369204,0.2642186552894298,3
1789617600000,2436.07,2442.21,0.0014085602794191576,1.0,0.005220877266518255,ranging,0.19370705070907343,0.5421265109619519,0.26416643832897474,3
1789621200000,2442.21,2437.2,0.0007180370917445611,1.0,0.005040802756612562,ranging,0.18695558341693286,0.5532825947876012,0.25976182179546586,3
1789624800000,2437.21,2441.57,-0.0024205736472844297,1.0,0.004863872081705321,ranging,0.19131673533129948,0.5505740545764137,0.25810921009228677,3
1789628400000,2441.57,2444.37,-0.0007200219279404063,1.0,0.004740260098011827,ranging,0.1990351804852033,0.5347136433241866,0.2662511761906102,3
1789632000000,2444.37,2445.65,0.0059002719113527835,2.0,0.004561987449585505,ranging,0.19179030798672403,0.5479145781606282,0.26029511385264775,3
1789635600000,2445.66,2438.95,0.009659894626786292,2.0,0.0044459799702748085,ranging,0.18835233892875644,0.5408282438392472,0.2708194172319964,3
1789639200000,2438.95,2435.66,0.010576188794823693,2.0,0.004287772895540276,ranging,0.18756264721359092,0.5392750162980103,0.2731623364883987,3
1789642800000,2435.66,2442.61,0.011323952657198655,2.0,0.00423651749854726,ranging,0.19108790662352604,0.5319037104446945,0.2770083829317795,3
1789646400000,2442.6,2460.08,0.004296608240382582,1.0,0.004614486407313252,ranging,0.20426367360623296,0.5239656867926539,0.2717706396011132,3
1789650000000,2460.08,2462.51,0.00013807050529734965,1.0,0.004840011508923279,trending,0.2016931205522384,0.5354742422731155,0.26283263717464617,3
1789653600000,2462.51,2461.42,-0.003806745699636793,1.0,0.005070519619653416,trending,0.20238887625568927,0.5327186854184559,0.2648924383258549,3
1789657200000,2461.41,2470.27,-0.008630635517575036,0.0,0.005203272147483447,trending,0.20971456244889114,0.5309189355633693,0.2593665019877396,3
1789660800000,2470.27,2470.65,-0.006884827879303113,0.0,0.005153164787199756,trending,0.21153109550337837,0.5296852978846837,0.258783606611938,3
1789664400000,2470.64,2462.85,-0.006179832308098265,0.0,0.005095886750235235,trending,0.2081643966902943,0.536538265435648,0.2552973378740577,3
1789668000000,2462.85,2452.05,-0.0025244183438347667,1.0,0.004992535717245889,trending,0.19522150146436795,0.5383895015012686,0.26638899703436336,3
1789671600000,2452.05,2448.95,-0.0006819249065924682,1.0,0.004823271596606888,trending,0.19825116460571474,0.5336129834746514,0.26813585191963396,3
1789675200000,2448.96,2453.64,-0.002160056079946404,1.0,0.004670011047570009,low_liquidity,0.19153128755750076,0.5477123877602906,0.2607563246822087,3
1789678800000,2453.63,2447.63,0.004081499246209486,1.0,0.004493642444436796,low_liquidity,0.18909601605341197,0.5457016633644362,0.2652023205821519,3
1789682400000,2447.63,2445.86,0.006954609012780777,2.0,0.0044096106053143755,trending,0.1979554358870391,0.5308739306834138,0.27117063342954717,3
1789686000000,2445.86,2447.28,0.013141119937236434,2.0,0.004202764250704129,trending,0.18400911531627087,0.5394046441717162,0.27658624051201297,3
1789689600000,2447.28,2448.34,0.013976816945358905,2.0,0.004104980506938864,trending,0.19057410896637528,0.5343272457061936,0.27509864532743106,3
1789693200000,2448.34,2457.62,0.009358647797462538,2.0,0.0040490115194684005,trending,0.19324486629823293,0.5321839391798313,0.27457119452193585,3
1789696800000,2457.62,2462.87,0.010012708750360533,2.0,0.004001838504792812,trending,0.19193063926325762,0.5360832464474453,0.2719861142892971,3
1789700400000,2462.87,2479.44,0.00425902623172969,2.0,0.0041066906806689054,trending,0.20579263866289563,0.5261064279939509,0.2681009333431534,3
1789704000000,2479.44,2482.56,0.009200180458881269,2.0,0.004034884808901478,trending,0.21454466182282442,0.5161491590867503,0.2693061790904252,3
1789707600000,2482.55,2480.62,0.011206875700429775,2.0,0.0040229276553391605,trending,0.21656687397706606,0.5129997593640044,0.27043336665892953,3
1789711200000,2480.62,2487.53,0.010556656603136316,2.0,0.00387560616368838,trending,0.22434325817207942,0.5021900708689582,0.27346667095896243,3
1789714800000,2487.53,2490.0,0.007277108433734858,2.0,0.003816721910633298,trending,0.21692864624845284,0.5100331483352841,0.27303820541626317,3
1789718400000,2489.99,2505.4,-0.0012612756446077622,1.0,0.0038912887661850387,trending,0.22064252437766058,0.5099468839259053,0.2694105916964343,3
1789722000000,2505.4,2508.42,0.01842195485604492,2.0,0.003950524729066791,trending,0.2177816970793087,0.5105044475847408,0.27171385533595055,3
1789725600000,2508.41,2513.79,0.02736107630311202,2.0,0.003887086775958509,trending,0.21622289235962877,0.5178701127696475,0.2659069948707237,3
1789729200000,2513.79,2508.12,0.030277658166276034,2.0,0.003934055281730015,trending,0.21685094111384862,0.5151852005307883,0.26796385835536296,3
1789732800000,2508.12,2502.24,0.03796997889890674,2.0,0.0038469552861140634,trending,0.21405027716052236,0.5127281617602352,0.2732215610792425,3
1789736400000,2502.23,2554.63,0.020672269565455537,2.0,0.004901913951660843,trending,0.20684471556358866,0.5284213094860878,0.2647339749503235,3
1789740000000,2554.63,2582.57,0.011840918155171076,2.0,0.005030412498798474,trending,0.2040864510357379,0.5307789102410125,0.26513463872324955,3
1789743600000,2582.57,2584.06,0.020374913895188307,2.0,0.0052002911611761975,trending,0.2103868853816072,0.533149303484259,0.25646381113413375,3
1789747200000,2584.07,2597.25,0.013360284916738685,2.0,0.005317003889095243,trending,0.2196237338528778,0.517994993788911,0.2623812723582112,3
1789750800000,2597.26,2607.44,0.007378885036664284,2.0,0.005324561599619985,trending,0.2191046782652729,0.5156914134241379,0.2652039083105892,3
1789754400000,2607.44,2613.15,0.0026328377628532795,1.0,0.005341478228658648,trending,0.22073152816140246,0.5148987405268358,0.2643697313117617,3
1789758000000,2613.16,2636.71,-0.00931843092338569,0.0,0.0054689120107973156,trending,0.22945361182415097,0.5075546244345042,0.26299176374134486,3
1789761600000,2636.71,2631.95,-0.001964323030452575,1.0,0.0053375730336785105,trending,0.22273594408989197,0.5166582276355342,0.2606058282745738,3
1789765200000,2631.95,2626.68,-0.005288044223125676,0.0,0.0052172032891567655,trending,0.2288916852579479,0.5086358239936032,0.26247249074844897,3
1789768800000,2626.69,2620.03,0.0012518940622816555,1.0,0.005136064580566686,trending,0.22327548171051442,0.5067207199470332,0.2700037983424524,3
1789772400000,2620.04,2612.14,0.003077936098371481,1.0,0.005015766018865972,trending,0.20611222613911329,0.5277931678967579,0.2660946059641288,3
1789776000000,2612.14,2626.78,-0.002710542946116723,1.0,0.004959806292733395,trending,0.20785993031864566,0.5274337776549877,0.26470629202636664,3
1789779600000,2626.79,2612.79,0.006177304720241583,2.0,0.00502484644649537,trending,0.2007343396004112,0.5288461260860085,0.27041953431358046,3
1789783200000,2612.79,2623.31,0.001517167242910622,1.0,0.004839014481437633,trending,0.20837111472686148,0.52587325923706,0.26575562603607855,3
1789786800000,2623.31,2620.18,0.002583791953224557,1.0,0.0047095743703241275,low_liquidity,0.19415743189718718,0.5337202685484493,0.27212229955436346,3
1789790400000,2620.17,2619.66,0.009760808654558195,2.0,0.004627130550673049,trending,0.20988605477678604,0.5152447574518695,0.27486918777134445,3
1789794000000,2619.67,2628.93,0.004545575576375249,2.0,0.004504320732304727,trending,0.21667207355440576,0.5135930783254131,0.26973484812018117,3
1789797600000,2628.93,2627.29,0.004205854701993417,1.0,0.004349622363078964,low_liquidity,0.1960331533830961,0.5302097842911192,0.2737570623257846,3
1789801200000,2627.3,2626.95,0.004842117284303171,2.0,0.004244040519500303,trending,0.20619183378010517,0.5196589910647295,0.2741491751551654,3
1789804800000,2626.96,2645.23,-0.0012550893495084647,1.0,0.004543905962136623,trending,0.21839145590493253,0.5004187169752546,0.2811898271198128,3
1789808400000,2645.23,2640.88,-0.0009125745963467491,1.0,0.004675492173250001,trending,0.20546838784879837,0.5119175133539345,0.28261409879726707,3
1789812000000,2640.88,2638.34,0.0002577378199928315,1.0,0.004478908789412008,trending,0.20919395679832362,0.5128597977432591,0.27794624545841734,3
1789815600000,2638.34,2639.67,0.0005644644974560631,1.0,0.004263235685871576,trending,0.21341108375659035,0.5080051509181018,0.2785837653253078,3
1789819200000,2639.67,2641.91,0.0030621784996460732,1.0,0.004068754355155929,trending,0.2125723452292804,0.5054176694937278,0.2820099852769917,3
1789822800000,2641.91,2638.47,0.0026303122643047683,1.0,0.0040159821151649604,trending,0.21394710911022993,0.4963531537988553,0.2896997370909149,3
1789826400000,2638.47,2639.02,-4.547142499866652e-05,1.0,0.00387775517070165,trending,0.2084240316284595,0.4976150799607372,0.29396088841080326,3
1789830000000,2639.01,2641.16,-0.0023777431128745308,1.0,0.0038347640229943834,trending,0.21568788776359,0.4961327921254887,0.28817932011092123,3
1789833600000,2641.17,2650.0,-0.005298113207547139,0.0,0.0038022352967825848,trending,0.21635650877123916,0.5063084912491788,0.2773349999795821,3
1789837200000,2650.01,2645.41,-0.006588770738751193,0.0,0.003954099633871503,trending,0.21583749586417086,0.5037354848842353,0.28042701925159386,3
1789840800000,2645.42,2638.9,-0.0030580923869795162,1.0,0.0038821043200283727,trending,0.21198196873169722,0.5038809823722143,0.2841370488960884,3
1789844400000,2638.89,2634.88,-0.0008311573961622409,1.0,0.0037495420277095116,trending,0.20948675726303329,0.5049784352041895,0.2855348075327772,3
1789848000000,2634.88,2635.96,-0.0032587747917267595,1.0,0.0036142623255074856,trending,0.2066664472369611,0.49598772868460816,0.29734582407843085,3
1789851600000,2635.97,2627.98,-0.003112656869534769,1.0,0.0037156094347880805,trending,0.2075279062307429,0.49385770228694365,0.2986143914823134,3
1789855200000,2627.97,2630.83,-0.021514122919382817,0.0,0.0036481456604853927,trending,0.2078716811735327,0.4937527967783092,0.29837552204815815,3
1789858800000,2630.84,2632.69,-0.016963637952056576,0.0,0.003521587198527308,trending,0.2100457088920828,0.5023052754829843,0.28764901562493284,3
1789862400000,2632.7,2627.37,-0.018109364116968618,0.0,0.003390686075047917,trending,0.2079838446166688,0.4982051395605078,0.2938110158228234,3
1789866000000,2627.36,2619.8,-0.015837086800519207,0.0,0.003392015457804367,trending,0.21178152054300647,0.49252572580086584,0.2956927536561276,3
1789869600000,2619.8,2574.23,6.603916510949936e-05,1.0,0.004162776754120274,trending,0.21227611564344,0.5109177209553386,0.2768061634012214,3
1789873200000,2574.24,2588.03,-0.004354663585816265,0.0,0.004290612728845257,trending,0.19855559039009446,0.5265831776098338,0.2748612320000719,3
1789876800000,2588.03,2579.79,-0.0017830908717375582,1.0,0.004209175608098616,trending,0.19169095032878172,0.5381819490701385,0.2701271006010798,3
1789880400000,2579.79,2578.31,0.0005662623966862235,1.0,0.004111725976822513,trending,0.20169320716800765,0.5366263084237936,0.26168048440819874,3
1789884000000,2578.31,2574.4,-0.0012391236793038996,1.0,0.004090355440460923,trending,0.19312086296545536,0.5438057019862366,0.263073435048308,3
1789887600000,2574.4,2576.76,0.0009003554851827467,1.0,0.00391246436823746,trending,0.2009167527086122,0.528545573062559,0.2705376742288288,3
1789891200000,2576.76,2575.19,0.001992086020837336,1.0,0.003869874286987262,trending,0.2034756651717069,0.5293731945853639,0.26715114024292913,3
1789894800000,2575.19,2579.77,0.00039150777007268545,1.0,0.0037929073507213923,trending,0.2079382141199942,0.5293143911439877,0.26274739473601827,3
1789898400000,2579.77,2571.21,0.005600476040463542,2.0,0.0037135593122697877,trending,0.20006992666580273,0.5319082348452407,0.2680218384889565,3
1789902000000,2571.21,2579.08,0.013194627541604165,2.0,0.003658791698449384,trending,0.2005855314544906,0.533323383442374,0.26609108510313545,3
1789905600000,2579.09,2580.32,0.023094034848390788,2.0,0.003579348807713744,trending,0.19689330405137515,0.5366282241787363,0.2664784717698886,3
1789909200000,2580.32,2580.78,0.017680701183363068,2.0,0.0034894834978394977,trending,0.19688686362956326,0.5366756813201138,0.266437455050323,3
1789912800000,2580.79,2585.61,0.015798979737856822,2.0,0.003485131164964244,trending,0.2013425665922947,0.5248372651127358,0.2738201682949695,3
1789916400000,2585.61,2613.11,0.007741733030756537,2.0,0.003700556859417145,trending,0.2092777844118913,0.5189059313914568,0.271816284196652,3
1789920000000,2613.11,2639.91,-0.002049312287161209,1.0,0.0040753961783829735,trending,0.2112714261678796,0.525576358415225,0.26315221541689554,3
1789923600000,2639.9,2626.41,0.001770477572047069,1.0,0.0043109042551993815,trending,0.20599551571746857,0.5343822890956449,0.2596221951868866,3
1789927200000,2626.4,2626.46,0.005018161327414061,2.0,0.004299394475118511,trending,0.2112393357452842,0.5267560410631574,0.2620046231915584,3
1789930800000,2626.47,2633.34,0.004507583525104941,2.0,0.0041932743471505725,trending,0.21420867258288182,0.5254070686404403,0.2603842587766779,3
1789934400000,2633.35,2634.5,0.020759157335357825,2.0,0.00410270644744818,trending,0.2167836282424654,0.5197744292182156,0.2634419425393189,3
1789938000000,2634.5,2631.06,0.006993379094357488,2.0,0.004260464868733757,trending,0.21289650448683156,0.5166636709486021,0.2704398245645663,3
1789941600000,2631.07,2639.64,0.008357200224272887,2.0,0.004318175505206829,trending,0.21486831180537855,0.5147511736585307,0.27038051453609074,3
1789945200000,2639.63,2645.21,0.007840587325769866,2.0,0.00427526343512921,trending,0.21870724366564268,0.5236353811319674,0.25765737520238996,3
1789948800000,2645.21,2689.19,-0.009344821303069017,0.0,0.004920297420574751,trending,0.2159821641520484,0.5231573479421211,0.2608604879058305,3
1789952400000,2689.18,2649.46,0.006020094660798669,2.0,0.0055640715484249715,high_volatility,0.20450351875287687,0.541934843441958,0.25356163780516516,3
1789956000000,2649.46,2661.7,0.0004433256941054342,1.0,0.005553464892495408,trending,0.21062247747299392,0.537787932351626,0.2515895901753801,3
1789959600000,2661.7,2665.95,-0.0016091824677881839,1.0,0.0053972598231296675,trending,0.2111623941448224,0.5374762675202482,0.25136133833492935,3
1789963200000,2665.95,2664.06,0.012094322199950547,2.0,0.005287652324731616,trending,0.20763494401471022,0.5424298115062757,0.24993524447901408,3
1789966800000,2664.05,2665.41,0.02076978776248306,2.0,0.005182105451450743,trending,0.20842386792474013,0.5406918659432636,0.2508842661319962,3
1789970400000,2665.41,2662.88,0.019933305293516668,2.0,0.005207778902851886,trending,0.20940248233607667,0.5288657729385589,0.2617317447253645,3
1789974000000,2662.89,2661.66,0.023939947250963822,2.0,0.005145874961563755,trending,0.20808454517494288,0.5316398038870827,0.2602756509379744,3
1789977600000,2661.66,2696.28,0.014416158559199976,2.0,0.0055471507874485584,trending,0.21176476406697936,0.5226728591914533,0.2655623767415673,3
1789981200000,2696.27,2720.77,0.004223069204673857,1.0,0.00601879857612166,high_volatility,0.204073445206651,0.5382221918877969,0.2577043629055521,3
1789984800000,2720.78,2715.96,0.007625296396117864,2.0,0.005891338759076221,high_volatility,0.20487487251008688,0.5423300848701594,0.2527950426197536,3
1789988400000,2715.96,2725.38,0.010967277957569133,2.0,0.00571989241367412,high_volatility,0.20119322468161688,0.5474056957238634,0.2514010795945196,3
1789992000000,2725.38,2735.15,0.007129407893534223,2.0,0.0056303374592390956,high_volatility,0.1970913886100274,0.5471047920881402,0.2558038193018324,3
1789995600000,2735.15,2732.26,0.004025971174046461,1.0,0.0056437221390061125,high_volatility,0.19650115440499258,0.5471738708572703,0.2563249747377372,3
1789999200000,2732.27,2736.67,0.007867225496680286,2.0,0.005942663144566498,high_volatility,0.19686059776306186,0.5439645410281151,0.25917486120882305,3
1790002800000,2736.66,2755.27,0.0023808918908128085,1.0,0.006058167058606395,high_volatility,0.2041070667559973,0.5361077093893949,0.25978522385460767,3
1790006400000,2755.28,2754.65,0.010818071261321727,2.0,0.006035262902737549,high_volatility,0.20047672791256702,0.5419591945900538,0.25756407749737925,3
1790010000000,2754.65,2743.26,0.009277283232358435,2.0,0.005992231360168398,high_volatility,0.1940253130243621,0.5494429656353421,0.2565317213402958,3
1790013600000,2743.26,2758.2,0.007617286636212084,2.0,0.005845303661141387,high_volatility,0.19754488387835914,0.544337319396308,0.25811779672533275,3
1790017200000,2758.21,2761.83,0.005199451088589768,1.0,0.00575148452956612,high_volatility,0.20136295216420969,0.5403744604573939,0.2582625873783965,3
1790020800000,2761.84,2784.45,-0.010759755068325938,0.0,0.0059977500747208585,high_volatility,0.21145749037771824,0.5346227804225613,0.2539197291997205,3
1790024400000,2784.44,2768.71,-0.007165792011442185,0.0,0.005924359243686831,high_volatility,0.20100458544791705,0.5429518137220314,0.2560436008300516,3
1790028000000,2768.72,2779.21,-0.014108325747244743,0.0,0.005726674251743842,trending,0.21086048730891926,0.5306259071810316,0.2585136055100489,3
1790031600000,2779.21,2776.19,-0.013161923355389904,0.0,0.005652844739256142,trending,0.1965463622513045,0.5370706704962214,0.2663829672524742,3
1790035200000,2776.2,2754.49,-0.00910513379972333,0.0,0.005673018637019706,trending,0.1887324492169258,0.5390629132001284,0.27220463758294583,3
1790038800000,2754.49,2748.87,-0.005576837027578607,1.0,0.005592260257885117,trending,0.1941351335124856,0.5250577669577745,0.28080709952974,3
1790042400000,2748.86,2740.0,-0.0033832116788321542,1.0,0.005417183365907315,trending,0.19064713773197378,0.5293682784257722,0.27998458384225416,3
1790046000000,2740.01,2739.65,-0.004858284817403691,1.0,0.00530292116286018,trending,0.19595003468579184,0.5267706358625834,0.2772793294516248,3
1790049600000,2739.64,2729.41,0.007184702921144259,2.0,0.0052089207015903645,trending,0.19226852293871138,0.5402749672980384,0.2674565097632503,3
1790053200000,2729.42,2733.54,0.006303181954535164,2.0,0.005194693727277263,trending,0.1961407192822432,0.5330573896204156,0.2708018910973412,3
1790056800000,2733.55,2730.73,0.004225976204165205,1.0,0.005010976661562483,trending,0.1998233660044997,0.5359126499724839,0.2642639840230164,3
1790060400000,2730.72,2726.34,0.0059640397015778834,2.0,0.004851378873386787,trending,0.19648644991951023,0.5318023703002944,0.2717111797801955,3
1790064000000,2726.35,2749.02,0.0027609839142677117,1.0,0.004999459745387218,trending,0.19864776513120058,0.5303678424896461,0.27098439237915334,3
1790067600000,2749.01,2750.77,0.003060961112706595,1.0,0.005010986346691421,trending,0.206154877863062,0.5225275533391781,0.27131756879775987,3
1790071200000,2750.77,2742.27,0.00016774424108501051,1.0,0.004924724039040354,trending,0.19485934732368182,0.5366821677843364,0.2684584848919817,3
1790074800000,2742.26,2742.6,0.00047764894625546006,1.0,0.004781958696049882,trending,0.20436295449466374,0.5261350147755172,0.269502030729819,3
1790078400000,2742.59,2756.61,-0.00380177101584922,1.0,0.004735604315166177,trending,0.20879379314822233,0.5172206569408221,0.27398554991095553,3
1790082000000,2756.6,2759.19,-0.0019172293317966105,1.0,0.004781237162924966,trending,0.20727249692497612,0.5203543422323136,0.27237316084271024,3
1790085600000,2759.2,2742.73,0.003511100254126376,1.0,0.005157802704875959,trending,0.19706660465579226,0.5238083137501091,0.2791250815940987,3
1790089200000,2742.73,2743.91,0.0028535921367682793,1.0,0.005083621098715692,trending,0.19871089823178545,0.5306950212859998,0.27059408048221467,3
1790092800000,2743.9,2746.13,0.001966403629835467,1.0,0.005051289945088976,trending,0.19963482799207125,0.5287471789204402,0.2716179930874886,3
1790096400000,2746.13,2753.9,-0.0023929699698609364,1.0,0.004933716992000786,trending,0.20361602187089642,0.5259852850383281,0.2703986930907755,3
1790100000000,2753.91,2752.36,0.00026159368687217466,1.0,0.004803423812798647,trending,0.20841954479953625,0.5246381422047296,0.2669423129957341,3
1790103600000,2752.37,2751.74,0.000686838146045865,1.0,0.004753505842799944,trending,0.20712448782357978,0.5219496944006877,0.2709258177757326,3
1790107200000,2751.75,2751.53,0.0030782873528545363,1.0,0.004586730140847921,trending,0.19270568095608032,0.4906919910525354,0.3166023279913842,4
1790110800000,2751.53,2747.31,0.0025042678110589467,1.0,0.004383114303441093,trending,0.1927734758573399,0.49462181001079764,0.31260471413186236,4
1790114400000,2747.31,2753.08,0.003312653464483395,1.0,0.004451301784620128,trending,0.19573282444872594,0.47989564828933445,0.3243715272619397,4
1790118000000,2753.08,2753.63,0.00740113958665467,2.0,0.004530182987641394,trending,0.21587401870053577,0.4591830306207142,0.32494295067875006,4
1790121600000,2753.63,2760.0,0.0071195652173914326,2.0,0.0044762376072299825,ranging,0.2173657678880344,0.4583121582683656,0.3243220738435999,4
1790125200000,2760.01,2754.19,0.0013107301965369356,1.0,0.004616690656454656,ranging,0.2150188223956542,0.4569616655792191,0.3280195120251267,4
1790128800000,2754.18,2762.2,-0.0028636594019259,1.0,0.004536864044920482,ranging,0.2158091490579331,0.46056561208048485,0.3236252388615821,4
1790132400000,2762.21,2774.01,-0.011207601991341076,0.0,0.004599644461149634,trending,0.21898995516031444,0.46086971531307186,0.32014032952661375,4
1790136000000,2774.02,2779.65,-0.016066770996348567,0.0,0.004589297637980064,trending,0.22102774732645464,0.45540542379753063,0.3235668288760148,4
1790139600000,2779.65,2757.8,-0.008771484516643668,0.0,0.004678168294923143,trending,0.21367561580753128,0.4660738971349699,0.3202504870574988,4
1790143200000,2757.8,2754.29,-0.005794596792639828,0.0,0.004506862354690518,trending,0.21293764934004494,0.47032142189197,0.31674092876798515,4
1790146800000,2754.3,2742.92,-0.0054540416782115075,0.0,0.004500721777566226,ranging,0.21069376289801187,0.4533266526059964,0.3359795844959917,4
1790150400000,2742.92,2734.99,-0.004676433917491507,0.0,0.0045668110856395255,ranging,0.20917673381194568,0.46048999291831527,0.330333273269739,4
1790154000000,2735.0,2733.61,-0.006405449204531788,0.0,0.004437470034770145,ranging,0.21213360662427777,0.47011407866600846,0.3177523147097137,4
1790157600000,2733.61,2738.33,-0.022630581412758755,0.0,0.004313892617625763,ranging,0.21093166099710015,0.46458319862867864,0.3244851403742213,4
1790161200000,2738.33,2727.96,-0.02630170530359688,0.0,0.004377137924914616,ranging,0.21192701621625232,0.4467036881769122,0.34136929560683554,4
1790164800000,2727.95,2722.2,-0.0225075306737198,0.0,0.0043500147794706704,ranging,0.20620576674348667,0.44176654039390945,0.3520276928626039,4
1790168400000,2722.19,2716.1,-0.017698170170464933,0.0,0.00430446314896821,ranging,0.2008064217851843,0.45205583772405256,0.34713774049076324,4
1790172000000,2716.11,2676.36,-0.002731321645817464,1.0,0.0052719146438196295,ranging,0.19203039261361984,0.4374406312792226,0.3705289761071575,4
1790175600000,2676.37,2656.21,0.008568599621264772,2.0,0.005420075951119673,trending,0.18030163283105885,0.4684116340500848,0.3512867331188563,4
1790179200000,2656.2,2660.93,0.00391968221636807,1.0,0.005546964494357955,trending,0.17780591107758778,0.47195508068835973,0.35023900823405263,4
1790182800000,2660.92,2668.03,0.0035194506808393644,1.0,0.005493167377525604,trending,0.18297466044047314,0.47309672823139226,0.3439286113281345,4
1790186400000,2668.02,2669.05,0.007950394335062949,2.0,0.005308714969675551,trending,0.18943696205522834,0.4699725164647348,0.3405905214800369,4
1790190000000,2669.05,2678.97,0.0021426145122940277,1.0,0.0051717086888821,trending,0.1886967819977759,0.4897073141134175,0.32159590388880654,4
1790193600000,2678.97,2671.36,0.004091548873981665,1.0,0.0049922961001487775,low_liquidity,0.1758712200539852,0.5156403122012794,0.3084884677447355,4
1790197200000,2671.37,2677.42,-0.0008963853261721999,1.0,0.004800806678263159,low_liquidity,0.18833784243440985,0.5068954093414065,0.30476674822418365,4
1790200800000,2677.43,2690.27,-0.0016912800573920528,1.0,0.004796785814241144,trending,0.19728259829132092,0.48479274577040454,0.3179246559382745,4
1790204400000,2690.27,2684.71,-0.0029612136878842676,1.0,0.004613758140470102,low_liquidity,0.18299024249392515,0.5251842480954688,0.2918255094106061,4
1790208000000,2684.7,2682.29,-5.592236484497359e-05,1.0,0.004505846923575408,low_liquidity,0.18993913618073582,0.5058136240374099,0.30424723978185436,4
1790211600000,2682.29,2675.02,0.0028037173553843164,1.0,0.004473180063814801,trending,0.1907344394573159,0.4849916166660305,0.32427394387665365,4
1790215200000,2675.02,2685.72,0.00014148906066169253,1.0,0.004521852074409845,trending,0.20189162814989584,0.48504967692347717,0.3130586949266271,4
1790218800000,2685.72,2676.76,0.006253829256265053,2.0,0.004523527676121563,trending,0.19081348879353216,0.49529219609907194,0.31389431510739596,4
1790222400000,2676.76,2682.14,-0.0047872221435121265,0.0,0.004415854857111889,trending,0.19581902891809727,0.49322272737205136,0.3109582437098513,4
1790226000000,2682.15,2682.52,-0.01495608606832377,0.0,0.004458207535768685,trending,0.19719391558789778,0.48664230807820835,0.3161637763338939,4
1790229600000,2682.52,2686.1,-0.01411339860764671,0.0,0.004319007414495066,low_liquidity,0.1922723883047574,0.5081842524685656,0.299543359226677,4
1790233200000,2686.09,2693.5,-0.017011323556710645,0.0,0.004322488414144572,trending,0.20718156988511163,0.4801746529831179,0.31264377713177044,4
1790236800000,2693.5,2669.3,-0.007679916082868221,0.0,0.004697167611237813,trending,0.19889455904238282,0.46163120170152966,0.3394742392560875,4
1790240400000,2669.3,2642.4,0.010486678776869596,2.0,0.005599777895657686,trending,0.19686411305499557,0.4465962324731806,0.35653965447182373,4
1790244000000,2642.41,2648.19,0.003655326845883433,1.0,0.005448332916588213,trending,0.19563134979310617,0.45569380284021904,0.34867484736667476,4
1790247600000,2648.2,2647.68,0.013559040367415953,2.0,0.005208410751594294,trending,0.19741798208461736,0.46205306361228354,0.34052895430309904,4
1790251200000,2647.68,2648.8,0.014659468438538159,2.0,0.005072341780756659,trending,0.19806369415207647,0.47346769507024494,0.32846861077767847,4
1790254800000,2648.8,2670.11,-0.0001460613982197101,1.0,0.0051518756534719296,trending,0.1979172724186482,0.4829010240258446,0.3191817035555071,4
1790258400000,2670.11,2657.87,0.012133776294551701,2.0,0.005689383150368942,high_volatility,0.19482057570628922,0.48574173937031895,0.31943768492339175,4
1790262000000,2657.86,2683.58,0.00498215070912722,1.0,0.0057657875545865725,high_volatility,0.2078855446336435,0.4972375316513863,0.29487692371497015,4
1790265600000,2683.59,2687.63,0.00023812801613321,1.0,0.005983720605530487,high_volatility,0.20597880895682552,0.48537230094082073,0.3086488901023538,4
1790269200000,2687.62,2669.72,0.006367708973225694,2.0,0.005968586088844653,high_volatility,0.2041834741299374,0.4879010469423299,0.30791547892773274,4
1790272800000,2669.71,2690.12,-0.0017062435876464832,1.0,0.006045718021353119,high_volatility,0.20389584069090352,0.4901197409764806,0.30598441833261586,4
1790276400000,2690.13,2696.95,-0.0033000241012994813,1.0,0.005890945341081907,high_volatility,0.20583302065338333,0.4788029331869314,0.3153640461596851,4
1790280000000,2696.94,2688.27,0.000933685976483023,1.0,0.0057360470671579305,high_volatility,0.2061795072653435,0.4895448138500295,0.304275678884627,4
1790283600000,2688.28,2686.72,0.0010644949976179596,1.0,0.005450154895187456,ranging,0.20075231798842658,0.48795658513489387,0.3112910968766795,4
1790287200000,2686.72,2685.53,-0.0032544786317785235,1.0,0.005258592799186075,ranging,0.20857753895478998,0.4749170623814631,0.31650539866374694,4
1790290800000,2685.53,2688.05,-0.003333271330518417,1.0,0.005008500940936373,ranging,0.19366876533141822,0.49793894263798805,0.30839229203059376,4
1790294400000,2688.06,2690.78,-0.0038947814388392565,1.0,0.004801005985669908,ranging,0.19529541211140627,0.492512690700453,0.3121918971881407,4
1790298000000,2690.78,2689.58,-0.003584202737973885,1.0,0.004714699520784749,ranging,0.19295894554378565,0.49583991731940535,0.311201137136809,4
1790301600000,2689.58,2676.79,-0.000848030663593291,1.0,0.0048085660165042895,ranging,0.1920596729161077,0.47330424339132593,0.33463608369256637,4
1790305200000,2676.8,2679.09,-0.0026314905434308145,1.0,0.004599636938425808,ranging,0.18796475806628066,0.48438961332380714,0.3276456286099122,4
1790308800000,2679.1,2680.3,0.003958512106853496,1.0,0.004494777696253982,ranging,0.18815010727669526,0.48195397907759047,0.3298959136457143,4
1790312400000,2680.29,2679.94,0.009246475667365583,2.0,0.0043244460848937995,ranging,0.1907252706489308,0.4907060275099579,0.3185687018411113,4
1790316000000,2679.94,2674.52,0.014754049324738672,2.0,0.0042384195115853516,ranging,0.1870573248138082,0.47201637001593877,0.3409263051702529,4
1790319600000,2674.52,2672.04,0.017024445741830263,2.0,0.004155374886860881,ranging,0.19106325150254866,0.45618311224762653,0.3527536362498248,4
1790323200000,2672.05,2690.91,0.009963172309739088,2.0,0.004228714525806744,ranging,0.18550912851875626,0.46016987428277556,0.3543209971984682,4
1790326800000,2690.9,2704.72,-0.003482800437753175,1.0,0.004338557692275046,ranging,0.18771188788792773,0.46984455747704884,0.34244355463502346,4
1790330400000,2704.73,2713.98,-0.006691279965217123,0.0,0.004431488307073853,ranging,0.1906583119998587,0.47757720657314584,0.3317644814269954,4
1790334000000,2713.97,2717.53,-0.01127126471464901,0.0,0.0045811195740044375,ranging,0.20704203127278134,0.45434008326395603,0.3386178854632626,4
1790337600000,2717.53,2717.72,-0.01251416628644586,0.0,0.004843694829996039,ranging,0.2024380726065625,0.44591770446980594,0.3516442229236316,4
1790341200000,2717.71,2695.3,-0.003483842243906188,1.0,0.005208841901349406,ranging,0.20237141028398092,0.45892430031227827,0.33870428940374087,4
1790344800000,2695.31,2695.82,-0.0009088143867173049,1.0,0.005253479473968475,ranging,0.19793112032586224,0.45852116111271846,0.3435477185614193,4
1790348400000,2695.83,2686.9,0.0023968141724663994,1.0,0.005375489955542976,ranging,0.19374099286130986,0.46182107125005417,0.34443793588863597,4
1790352000000,2686.91,2683.71,0.0003837970570590432,1.0,0.005258079606752528,ranging,0.18546615194131938,0.45252709610480707,0.3620067519538736,4
1790355600000,2683.72,2685.91,-0.0016493478932652073,1.0,0.005124708749380808,ranging,0.18480916630024463,0.45422464737494617,0.3609661863248093,4
1790359200000,2685.91,2693.37,-0.00045667695118012386,1.0,0.00496172305119721,ranging,0.1891935278704694,0.46426815623050194,0.3465383158990286,4
1790362800000,2693.38,2693.34,-0.0006423251427595256,1.0,0.004702998300231563,ranging,0.1803164423852714,0.4709242995875699,0.34875925802715885,4
1790366400000,2693.34,2684.74,0.0009572621557394356,1.0,0.004580918576454166,ranging,0.18417388984129165,0.46317302972072477,0.35265308043798343,4
1790370000000,2684.74,2681.48,0.004184256455390223,1.0,0.004393775063620098,ranging,0.18015669267518075,0.46214365731776436,0.3576996500070549,4
1790373600000,2681.47,2692.14,-0.0003677371904877713,1.0,0.004290152057703123,low_liquidity,0.17935446525123477,0.4853618285538211,0.3352837061949441,4
1790377200000,2692.14,2691.61,-0.0013486352034656202,1.0,0.004045161750989285,low_liquidity,0.16920003562599345,0.5276308521812298,0.30316911219277676,4
1790380800000,2691.62,2687.31,0.0008298261086365777,1.0,0.003979124415640905,ranging,0.18764368784032837,0.4683853382560032,0.34397097390366843,4
1790384400000,2687.31,2692.7,-0.002313662866268107,1.0,0.0038361610182596224,ranging,0.19444444685314036,0.47546687406525157,0.33008867908160805,4
1790388000000,2692.7,2691.15,-0.002028872415138494,1.0,0.003672651894975326,low_liquidity,0.17741289197442847,0.510049037005613,0.3125380710199586,4
1790391600000,2691.15,2687.98,0.0011830445167002601,1.0,0.0035009173886582172,low_liquidity,0.17289372007612314,0.5167484519283598,0.31035782799551703,4
1790395200000,2687.98,2689.54,0.0005465618655979831,1.0,0.0033527014973020303,ranging,0.18454867612458872,0.4710460573671033,0.344405266508308,4
1790398800000,2689.54,2686.47,-0.0014405520999676291,1.0,0.0031994168185042167,ranging,0.18161047361553195,0.4723696372037628,0.34601988918070536,4
1790402400000,2686.47,2685.69,0.0006180906955008947,1.0,0.003034622783963773,ranging,0.17585706263984538,0.48982237730222977,0.33432056005792493,4
1790406000000,2685.69,2691.16,-0.0006205502459906143,1.0,0.0029059356464612145,ranging,0.18644149247749045,0.4686301211114051,0.3449283864111045,4
1790409600000,2691.15,2691.01,-0.0007840922181634458,1.0,0.00286446860011396,ranging,0.18224599751500647,0.470166331390243,0.34758767109475047,4
1790413200000,2691.0,2682.6,0.0015395511816893581,1.0,0.002855281055125217,ranging,0.1855530329550208,0.4477643129921518,0.3666826540528274,4
1790416800000,2682.6,2687.35,0.0004911902059649975,1.0,0.002769762577053495,ranging,0.18002693272090445,0.4603017744139206,0.3596712928651751,4
1790420400000,2687.35,2689.49,0.0012939256141499822,1.0,0.002654809727568668,ranging,0.1750627556753757,0.47326728867571277,0.3516699556489117,4
1790424000000,2689.48,2688.9,0.0009966900963218617,1.0,0.0025562522854428713,ranging,0.17804259875445289,0.47001445123718044,0.3519429500083666,4
1790427600000,2688.9,2686.73,0.0014292467051024715,1.0,0.0025342965509920256,ranging,0.17717887305303404,0.4715158373131728,0.3513052896337931,4
1790431200000,2686.72,2688.67,-0.0013612678387454613,1.0,0.0025,ranging,0.17421696134630996,0.49279544455516827,0.33298759409852186,4
1790434800000,2688.66,2692.97,-0.0030932390631904783,0.0,0.0025,ranging,0.1749549560613917,0.4678604462208207,0.3571845977177875,4
1790438400000,2692.97,2691.58,-0.005465191448888795,0.0,0.0025,ranging,0.1726024170391367,0.4714916848820214,0.35590589807884193,4
1790442000000,2691.59,2690.57,-0.0015833076262651291,1.0,0.0025,ranging,0.1740403896641431,0.47190214820934223,0.3540574621265146,4
1790445600000,2690.56,2685.01,0.0014301622712762363,1.0,0.0025,low_liquidity,0.17264729110895238,0.4619756084090225,0.365377100482025,4
1790449200000,2685.0,2684.64,0.004354401335002089,2.0,0.0025,low_liquidity,0.16923028103848367,0.4854740686971774,0.34529565026433895,4
1790452800000,2684.63,2676.87,0.006212479500312007,2.0,0.0025,ranging,0.18322304909646728,0.42818441232075144,0.38859253858278126,4
1790456400000,2676.87,2686.31,0.005673209718908279,2.0,0.0025,ranging,0.18325398246505417,0.4611651071861639,0.355580910348782,4
1790460000000,2686.32,2688.85,0.003354593971400366,2.0,0.0025,ranging,0.1780452704787492,0.4809338309955583,0.3410208985256925,4
1790463600000,2688.85,2696.33,0.00013351481458134806,1.0,0.0025,ranging,0.18308326784312656,0.45867044589147554,0.35824628626539795,4
1790467200000,2696.33,2693.5,-0.0005494709485799332,1.0,0.0025,ranging,0.185642317955493,0.4613827612131386,0.35297492083136833,4
1790470800000,2693.49,2701.55,0.0012881493957173085,1.0,0.0025,ranging,0.18983854293943386,0.44629804802028517,0.3638634090402809,4
1790474400000,2701.56,2697.87,0.003476816896292201,2.0,0.0025,ranging,0.19239439649244436,0.4579216082157765,0.34968399529177924,4
1790478000000,2697.87,2696.69,0.008002402945833653,2.0,0.0025,ranging,0.18731858073989519,0.459599512936225,0.3530819063238798,4
1790481600000,2696.69,2692.02,0.008384038751569456,2.0,0.0025,ranging,0.19053532621998653,0.4630080293029091,0.3464566444771044,4
1790485200000,2692.01,2705.03,0.0041108601383348375,2.0,0.0025,ranging,0.19576865481222777,0.4542947599631981,0.34993658522457427,4
1790488800000,2705.03,2707.25,0.0011192169175362476,1.0,0.0025,ranging,0.1940883834229379,0.45620715137182705,0.34970446520523507,4
1790492400000,2707.26,2718.27,-0.0031159524256235693,0.0,0.0025,ranging,0.19666775875633824,0.45298567502762743,0.3503465662160344,4
1790496000000,2718.27,2714.59,-0.0026633856309792314,0.0,0.0025,ranging,0.19990001323017612,0.4501053808480198,0.3499946059218041,4
1790499600000,2714.59,2716.15,-0.002385729801373304,1.0,0.0025,ranging,0.20336712183683653,0.43997790957912575,0.3566549685840378,4
1790503200000,2716.14,2710.28,-0.00812462181029261,0.0,0.0025,ranging,0.20619586663265788,0.4524980724514769,0.34130606091586535,4
1790506800000,2710.27,2709.8,-0.007395379732821561,0.0,0.0025,ranging,0.20152458532614717,0.45302455683859505,0.3454508578352576,4
1790510400000,2709.81,2707.36,-0.007704922876898612,0.0,0.0025,ranging,0.20623369266640684,0.46485739328235026,0.32890891405124284,4
1790514000000,2707.35,2709.67,-0.006757280406839206,0.0,0.0025,ranging,0.20316210595935694,0.44235535476766963,0.3544825392729735,4
1790517600000,2709.68,2688.26,0.003719878285582512,2.0,0.002658366568831929,ranging,0.20239560721368477,0.43896590880982306,0.3586384839764922,4
1790521200000,2688.25,2689.76,0.0006208732377608328,1.0,0.002657829977933917,ranging,0.19885799855816064,0.44378279955010197,0.35735920189173753,4
1790524800000,2689.76,2686.5,-0.00013772566536385256,1.0,0.0026553939512062408,ranging,0.2004923173337852,0.4529213465124704,0.3465863361537443,4
1790528400000,2686.5,2691.36,-0.002571190773438037,0.0,0.0025598397955176773,ranging,0.19802217396404695,0.4641421888804786,0.33783563715547454,4
1790532000000,2691.35,2698.26,-0.008357237627211633,0.0,0.002526412672739308,ranging,0.1994031140983732,0.4538210855717647,0.34677580032986205,4
1790535600000,2698.27,2691.43,-0.0010329081566303744,1.0,0.0025,ranging,0.19238973104244894,0.4557334448284891,0.351876824129062,4
1790539200000,2691.43,2686.13,-0.004698208947444771,0.0,0.0025,ranging,0.19296931066085823,0.4435584392553811,0.36347225008376066,4
1790542800000,2686.13,2684.44,-0.010080314702507809,0.0,0.002593416149618783,ranging,0.19526304228887928,0.43951778887835247,0.3652191688327682,4
1790546400000,2684.44,2675.71,-0.00848372955215615,0.0,0.002683194650949102,ranging,0.1968733679338041,0.43643632532316856,0.3666903067430273,4
1790550000000,2675.7,2688.65,-0.013601621631673999,0.0,0.0027572217568929526,ranging,0.2032535244763564,0.456086835856936,0.3406596396667075,4
1790553600000,2688.65,2673.51,-0.005565716978803148,0.0,0.0030798905771469293,ranging,0.20040936770265125,0.4420291260201816,0.3575615062771672,4
1790557200000,2673.57,2657.38,-0.002163785382594874,1.0,0.0033557633388580687,ranging,0.20404208490007605,0.43726020382894465,0.3586977112709793,4
1790560800000,2657.38,2653.01,-0.0012815632055664938,1.0,0.003349618491513694,ranging,0.20673394318071495,0.4433385282588813,0.3499275285604037,4
1790564400000,2653.02,2652.08,-0.002929775874030982,1.0,0.003370331093336435,ranging,0.2041094913387107,0.45550176691436806,0.3403887417469212,4
1790568000000,2652.08,2658.63,-0.0027269684010186035,1.0,0.003337246194957663,ranging,0.20517039563375072,0.463488166561437,0.33134143780481234,4
1790571600000,2658.62,2651.63,-0.00380143534354338,0.0,0.0035164499105106712,ranging,0.20532228304365746,0.45765092413581443,0.337026792820528,4
1790575200000,2651.64,2649.61,0.002638124101282724,1.0,0.0034371153541921866,ranging,0.20418295893278932,0.4636063087285576,0.33221073233865317,4
1790578800000,2649.61,2644.31,0.009337029319557821,2.0,0.0034284719637117118,ranging,0.20216376898023047,0.4551186753327855,0.34271755568698414,4
1790582400000,2644.31,2651.38,0.014909217086950921,2.0,0.0033832854448495493,ranging,0.20583048618566063,0.4439552810653972,0.35021423274894214,4
1790586000000,2651.38,2641.55,0.018587571690863225,2.0,0.0034325322988382795,ranging,0.20473564506509856,0.44769324136722616,0.3475711135676753,4
1790589600000,2641.56,2656.6,0.003963713016637893,2.0,0.0034619350733470083,ranging,0.2015454663502474,0.4519976286617096,0.34645690498804294,4
1790593200000,2656.6,2669.0,0.003353315848632299,1.0,0.0034073408260476843,ranging,0.21478760339698852,0.45110807209302356,0.3341043245099879,4
1790596800000,2668.99,2690.91,-0.0013229725260227587,1.0,0.0035959291689793833,ranging,0.209925444247368,0.4582855566965497,0.33178899905608233,4
1790600400000,2690.91,2690.65,0.001880586475387025,1.0,0.003628655393446564,ranging,0.21321085746370436,0.46003001391243964,0.3267591286238559,4
1790604000000,2690.65,2667.13,0.012200380183942983,2.0,0.004025374017520736,ranging,0.20415515464118178,0.4636885503458822,0.3321562950129361,4
1790607600000,2667.13,2677.95,-0.0016617188521069748,1.0,0.004150044022041139,ranging,0.2042147451736186,0.465397080993435,0.33038817383294633,4
1790611200000,2677.94,2687.35,-0.0016559063761697468,1.0,0.004284436740780906,ranging,0.21227960639113225,0.4563827096717816,0.33133768393708624,4
1790614800000,2687.35,2695.71,-0.007919991393733006,0.0,0.00459404953954321,ranging,0.21250493458498837,0.4604811800209136,0.3270138853940981,4
1790618400000,2695.71,2699.67,-0.0044635085028911226,0.0,0.00445395518434122,ranging,0.21620430319322878,0.46586161062296827,0.3179340861838029,4
1790622000000,2699.68,2673.5,0.005689171498036272,2.0,0.004742331334062785,ranging,0.20765104645981336,0.459141927142223,0.3332070263979636,4
1790625600000,2673.49,2682.9,-0.0021133847702113906,1.0,0.004634806064892977,ranging,0.20875859006256936,0.4702001180132941,0.32104129192413655,4
1790629200000,2682.9,2674.36,-0.0032718108257676626,1.0,0.004568766665923748,ranging,0.20931641756764227,0.4639350932473477,0.3267484891850101,4
1790632800000,2674.37,2687.62,-0.011158571524248151,0.0,0.004538663753188901,ranging,0.20900452078016665,0.4689867934224585,0.32200868579737485,4
1790636400000,2687.62,2688.71,-0.008743970156692371,0.0,0.004353193411192202,ranging,0.205998626014787,0.4824426079500732,0.3115587660351399,4
1790640000000,2688.71,2677.23,-0.0034214467938876725,1.0,0.004350129759273728,ranging,0.21135567695998297,0.46717079767612657,0.32147352536389046,4
1790643600000,2677.22,2665.61,0.004100374773504001,1.0,0.004452207204260005,ranging,0.19673647115410545,0.45829156014355904,0.34497196870233554,4
1790647200000,2665.61,2657.63,0.018475107520610434,2.0,0.004398979127878108,ranging,0.2004060941380611,0.45948823729489074,0.340105668567048,4
1790650800000,2657.63,2665.2,0.017694732102656596,2.0,0.004297001717777683,ranging,0.1946779745823787,0.4814654409140268,0.3238565845035945,4
1790654400000,2665.21,2668.07,0.015280708527137588,2.0,0.004168095737391608,ranging,0.1955990552441635,0.4833004419546637,0.32110050280117286,4
1790658000000,2668.06,2676.54,0.015351909554873089,2.0,0.004208312264629802,ranging,0.1997554029937737,0.4748419081204854,0.3254026888857409,4
1790661600000,2676.54,2706.73,0.0029814573304320913,1.0,0.004382365157906383,ranging,0.2058004782326773,0.45841557003296224,0.33578395173436043,4
1790665200000,2706.74,2712.36,0.007414207553569474,2.0,0.004369953792748204,ranging,0.2213446680819668,0.4452632605931018,0.3333920713249314,4
1790668800000,2712.35,2708.84,0.010332836195567019,2.0,0.0045166814234896754,ranging,0.22046445620337618,0.44782415314453294,0.3317113906520909,4
1790672400000,2708.83,2717.63,0.003385302635016574,1.0,0.004483596132178061,ranging,0.22366150463301795,0.44432795245311635,0.33201054291386556,4
1790676000000,2717.63,2714.8,-0.0014034182996907063,1.0,0.004337226094976312,ranging,0.22058169045539072,0.4668808468759374,0.31253746266867194,4
1790679600000,2714.8,2732.47,-0.021336007348662478,0.0,0.004374041441164487,ranging,0.22908140363140023,0.4530963123734619,0.3178222839951378,4
1790683200000,2732.47,2736.83,-0.022230098325434988,0.0,0.004352198430238199,ranging,0.2230916160058557,0.4505572730073328,0.32635111098681147,4
1790686800000,2736.83,2726.83,-0.01946215935720219,0.0,0.004358225327781825,ranging,0.22257843724520496,0.460379726787221,0.31704183596757407,4
1790690400000,2726.83,2710.99,-0.005580987019501937,0.0,0.004458039693913063,ranging,0.22318580117675746,0.4571592394236253,0.31965495939961736,4
1790694000000,2710.99,2674.17,0.005923333221149019,2.0,0.00489294978541854,ranging,0.19948564319260192,0.468443265198343,0.33207109160905496,4
1790697600000,2674.16,2675.99,0.004958912402512894,2.0,0.004795969605367549,ranging,0.20493244577765413,0.4756099518452406,0.3194576023771054,4
1790701200000,2675.99,2673.76,0.0021243492310454304,1.0,0.004633110759900387,ranging,0.20065139833283813,0.4856299053322277,0.3137186963349341,4
1790704800000,2673.77,2695.86,-0.0052042761864489195,0.0,0.004650987093704693,ranging,0.20251162703629585,0.4889039670276192,0.30858440593608516,4
1790708400000,2695.85,2690.01,-0.004472102334192152,1.0,0.004541813462819082,ranging,0.19826105871875577,0.4811447008680235,0.32059424041322077,4
1790712000000,2690.01,2689.26,-0.006187575764336817,0.0,0.0043373006283867165,low_liquidity,0.18997857883148409,0.5065136702309883,0.30350775093752763,4
1790715600000,2689.25,2679.44,-0.002563968590451715,1.0,0.004259623496557876,ranging,0.19904983780392158,0.47031893600379954,0.3306312261922789,4
1790719200000,2679.44,2681.83,-0.0027369370914637203,1.0,0.004130342568880778,ranging,0.1985942077891223,0.4760873247812896,0.32531846742958803,4
1790722800000,2681.84,2677.98,-0.0024010634881515003,1.0,0.004044236859485775,ranging,0.20405897319963937,0.4689940143370389,0.3269470124633217,4
1790726400000,2677.98,2672.62,-0.0009803114546773628,1.0,0.003952916467322975,ranging,0.20174097336770502,0.46686296848510506,0.3313960581471899,4
1790730000000,2672.62,2672.57,0.0009429126271716104,1.0,0.0038053357660458855,ranging,0.20337782049334577,0.46319296592087583,0.33342921358577843,4
1790733600000,2672.58,2674.49,-0.004643876028700644,0.0,0.0037253655491967324,ranging,0.20704190539127312,0.46896082935029343,0.3239972652584335,4
1790737200000,2674.49,2671.55,0.0012427242611965372,1.0,0.0035970260121792625,ranging,0.2045544119800024,0.47632793135216656,0.31911765666783104,4
1790740800000,2671.54,2670.0,0.0004157303370786458,1.0,0.0034481341079959263,ranging,0.20221889167002446,0.4798209532257868,0.3179601551041888,4
1790744400000,2669.99,2675.09,0.005076464717074902,2.0,0.0034134695304921226,ranging,0.2055664038943657,0.4725598859400438,0.32187371016559063,4
1790748000000,2675.09,2662.07,0.012599217901858362,2.0,0.00350665343355826,ranging,0.20408434851795004,0.45972513072084975,0.33619052076120015,4
1790751600000,2662.08,2674.87,0.008572379218429349,2.0,0.0035251496808747936,ranging,0.2004039824970451,0.4738570260549372,0.32573899144801777,4
1790755200000,2674.87,2671.11,0.02242513412027214,2.0,0.003436322156317577,ranging,0.1963949231260219,0.4774673433800639,0.3261377334939142,4
1790758800000,2671.1,2688.67,0.007933290437279306,2.0,0.003636591649256716,ranging,0.20150752180641374,0.48453050651766816,0.3139619716759182,4
1790762400000,2688.68,2695.61,-0.006458649433708996,0.0,0.003529355754220795,ranging,0.2004125498429704,0.4822532067627218,0.3173342433943079,4
1790766000000,2695.6,2697.8,-0.005219067388242404,0.0,0.00350701012042237,ranging,0.20618200853460225,0.469624700577744,0.32419329088765375,4
1790769600000,2697.79,2731.01,-0.012881681136283074,0.0,0.003937207813158114,ranging,0.21546913885203928,0.45170270037558563,0.33282816077237515,4
1790773200000,2731.0,2710.0,-0.01006642066420671,0.0,0.004443257797247446,ranging,0.22022419282199934,0.4545462714726823,0.32522953570531826,4
1790776800000,2710.0,2678.2,0.0003547158539318751,1.0,0.004903292515149502,ranging,0.21035032223423358,0.4573213422321125,0.3323283355336539,4
1790780400000,2678.2,2683.72,-0.005257627472314397,0.0,0.004830181724912599,ranging,0.20373343747578684,0.46551732174726085,0.33074924077695234,4
1790784000000,2683.73,2695.83,-0.004937254945601155,0.0,0.0046879047291603195,ranging,0.20044999243492734,0.4807526163744541,0.31879739119061856,4
1790787600000,2695.83,2682.72,0.0005926820540347322,1.0,0.00471859383328859,ranging,0.2075921129232094,0.47097072969721104,0.3214371573795796,4
1790791200000,2682.71,2679.15,0.002930033779370289,1.0,0.0045617522249785875,ranging,0.20493461195246088,0.47256075233082834,0.3225046357167106,4
1790794800000,2679.16,2669.61,0.006143219421563373,2.0,0.004458785048756935,ranging,0.202978591585216,0.4693881021789098,0.32763330623587406,4
1790798400000,2669.62,2682.52,0.0009095924727495763,1.0,0.004342127738154424,ranging,0.20546937640445306,0.48068241414499924,0.31384820945054764,4
1790802000000,2682.51,2684.31,0.0021234507191794094,1.0,0.004093629235446039,low_liquidity,0.1864110513280081,0.5171674035941267,0.29642154507786517,4
1790805600000,2684.31,2687.0,7.44324525503437e-06,1.0,0.0040229520072572154,ranging,0.20683959440151747,0.481163413012383,0.3119969925860995,4
1790809200000,2687.0,2686.01,0.0037453322958589386,1.0,0.0038935004647228134,ranging,0.19630715781869942,0.485162765448926,0.3185300767323746,4
1790812800000,2686.01,2684.96,0.008420982063047644,2.0,0.003769722437531701,ranging,0.19885855978571448,0.47318653140736305,0.32795490880692246,4
1790816400000,2684.95,2690.01,0.010390295946855144,2.0,0.003633449090374501,ranging,0.1996399931882423,0.48033368532108545,0.32002632149067234,4
1790820000000,2690.0,2687.02,0.010491176098428756,2.0,0.0035441861520191273,ranging,0.1988933002013061,0.4689296788484932,0.3321770209502007,4
1790823600000,2687.02,2696.07,-0.006895221563238407,0.0,0.003468034370784661,ranging,0.20390903606227684,0.47322822420299654,0.3228627397347266,4
1790827200000,2696.08,2707.57,-0.007527044545478034,0.0,0.003498836451096588,ranging,0.20511525243326365,0.4623951412776151,0.3324896062891213,4
1790830800000,2707.57,2717.96,-0.009852977968770715,0.0,0.003469552792972954,ranging,0.20474077534043064,0.466836851908032,0.3284223727515374,4
1790834400000,2717.96,2715.21,-0.00489464903267145,0.0,0.003382200224961659,ranging,0.20088534017552323,0.4641282261105893,0.33498643371388753,4
1790838000000,2715.21,2677.48,0.010860958812017207,2.0,0.003921330887535935,ranging,0.19720353300496057,0.45658481010167146,0.346211656893368,4
1790841600000,2677.47,2687.19,0.0020690758747985427,1.0,0.003874007136554126,ranging,0.19951729992099287,0.4562081626405192,0.34427453743848807,4
1790845200000,2687.19,2691.18,0.002411581536723828,1.0,0.0037930921455750044,ranging,0.19820344853019045,0.46900044049147455,0.332796110978335,4
1790848800000,2691.18,2701.92,-0.004352460472552888,0.0,0.003970050354781334,ranging,0.20373899896892148,0.46791483420506175,0.32834616682601675,4
1790852400000,2701.92,2706.56,-0.0088193130763774,0.0,0.0038939217496347543,ranging,0.20211332120680825,0.4687838265150459,0.3291028522781458,4
1790856000000,2706.56,2692.75,-0.004634667161823369,0.0,0.004001663913922004,ranging,0.20097887844852785,0.46340148864445524,0.33561963290701685,4
1790859600000,2692.75,2697.67,0.0012529330867008248,1.0,0.004011537113635502,ranging,0.2047221036335337,0.46313054085404326,0.3321473555124232,4
1790863200000,2697.66,2690.16,0.003799030540934556,1.0,0.004113760711774821,ranging,0.20038754384616594,0.46011944884866596,0.339493007305168,4
1790866800000,2690.17,2682.69,0.006713410792898111,2.0,0.004197353315223739,ranging,0.19767043629243136,0.4540193451289606,0.34831021857860794,4
1790870400000,2682.68,2680.27,0.006920944531707773,2.0,0.004191597193774946,ranging,0.1993135674751856,0.45738619934044067,0.3433002331843738,4
1790874000000,2680.26,2701.05,-0.0028137205901409557,1.0,0.004381892722599129,ranging,0.19950878273292574,0.46364260737564605,0.3368486098914282,4
1790877600000,2701.05,2700.38,0.0010554070167902996,1.0,0.004410814335096037,ranging,0.20503639652154942,0.4656018426190668,0.3293617608593838,4
1790881200000,2700.37,2700.7,0.002117969415336818,1.0,0.00430934235528054,ranging,0.19869870601542625,0.474712037452136,0.32658925653243775,4
1790884800000,2700.7,2698.82,0.0035422888521650098,1.0,0.004172011992695756,ranging,0.19033687400222385,0.464875430677945,0.34478769531983117,4
1790888400000,2698.82,2693.45,0.00838330022833178,2.0,0.0040363957611362295,ranging,0.18974520718533966,0.46478106004861436,0.34547373276604587,4
1790892000000,2693.44,2703.23,0.006588414600311454,2.0,0.003912086972062015,ranging,0.19368990979083206,0.47150126795040287,0.33480882225876496,4
1790895600000,2703.23,2706.42,0.004888376526924976,2.0,0.0037664548225366115,low_liquidity,0.1882906442120149,0.4961585893515502,0.31555076643643487,4
1790899200000,2706.43,2708.38,0.012693935119887145,2.0,0.0036222737416706685,ranging,0.19354844626218054,0.47762260623447,0.32882894750334946,4
1790902800000,2708.37,2716.03,0.0017010121390410582,1.0,0.003709574500651375,ranging,0.19548628391927328,0.465319902386,0.3391938136947266,4
1790906400000,2716.03,2721.04,0.0030797048187458653,1.0,0.003659554099143136,ranging,0.1985838398840445,0.4581404144533876,0.343275745662568,4
1790910000000,2721.05,2719.65,0.0064861287297997006,2.0,0.0036110557849387596,ranging,0.20291936833905785,0.45135651294631707,0.34572411871462516,4
1790913600000,2719.65,2742.76,0.004003266782365067,2.0,0.0038500452685723543,ranging,0.2119700508238915,0.443262499715474,0.3447674494606345,4
1790917200000,2742.76,2720.65,0.009755021777883899,2.0,0.004079664578338255,ranging,0.21480724958672176,0.45471307381825715,0.33047967659502103,4
1790920800000,2720.65,2729.42,0.005151277560800471,2.0,0.003987278633129999,ranging,0.21520949846615367,0.45644182817505863,0.3283486733587878,4
1790924400000,2729.42,2737.29,0.0034121338988561956,1.0,0.003962220575013187,ranging,0.22043511988105086,0.45039030779784894,0.32917457232110015,4
1790928000000,2737.29,2753.74,0.0005229251853842154,1.0,0.004282402111079894,ranging,0.22424124469411974,0.449132643247732,0.3266261120581483,4
1790931600000,2753.73,2747.19,-0.0009682621151066995,1.0,0.004157289184890396,trending,0.21710512819460673,0.4640668923804391,0.31882797942495406,4
1790935200000,2747.19,2743.48,-0.012287313922463405,0.0,0.0041328433383332665,trending,0.21751451459195456,0.4625088526353355,0.31997663277271,4
1790938800000,2743.49,2746.63,-0.017938346264331217,0.0,0.00399411147333426,trending,0.22237921804998342,0.46516634105067667,0.3124544408993399,4
1790942400000,2746.63,2755.18,-0.023628220297766345,0.0,0.0041426513784438455,trending,0.22711548336775908,0.44945996681742195,0.32342454981481894,4
1790946000000,2755.19,2744.53,-0.0218762411050345,0.0,0.004293911185500712,trending,0.22504203049802243,0.45795083351266147,0.31700713598931596,4
1790949600000,2744.53,2709.77,-0.016529078113640683,0.0,0.004864408230146299,trending,0.20757298211098402,0.4537712561245026,0.3386557617645135,4
1790953200000,2709.77,2697.36,-0.01086988759379548,0.0,0.004862335166010096,trending,0.19144679611579013,0.4770747163841252,0.3314784875000848,4
1790956800000,2697.36,2690.08,-0.010535002676500427,0.0,0.004793938390150295,trending,0.1920812254350712,0.4896142727926053,0.31830450177232344,4
1790960400000,2690.08,2684.49,-0.007092594869044011,0.0,0.004709514156173368,trending,0.19093228943823437,0.493854224337328,0.31521348622443757,4
1790964000000,2684.48,2664.98,0.001136969132976784,1.0,0.0050229904577781875,high_volatility,0.19067057385961933,0.49350291594469337,0.31582651019568736,4
1790967600000,2664.98,2668.04,0.0002061438359246548,1.0,0.004892253661655491,trending,0.18661239143051492,0.5060954476530858,0.3072921609163994,4
1790971200000,2668.04,2661.74,0.0056391683635517165,2.0,0.004752086711613001,trending,0.1955489922421848,0.49876578403630084,0.3056852237215143,4
1790974800000,2661.73,2665.45,0.005368699469132876,2.0,0.004552666011608717,trending,0.20312240071241028,0.49889401119217075,0.29798358809541897,4
1790978400000,2665.45,2668.01,0.00342202615432452,1.0,0.004342127306985672,trending,0.20508723569714,0.4986046610484698,0.2963081032543903,4
1790982000000,2668.0,2668.59,0.005040114817188135,2.0,0.004100477566056581,trending,0.1850244649134892,0.5185136141121728,0.29646192097433804,4
1790985600000,2668.59,2676.75,-0.000276454655832592,1.0,0.004005561503530086,ranging,0.20177392540110517,0.491386230868157,0.3068398437307377,4
1790989200000,2676.82,2679.76,-0.0007537988476581381,1.0,0.0038745614695096377,ranging,0.20348366484462066,0.49256783220016986,0.3039485029552096,4
1790992800000,2679.76,2677.14,0.0011019222005574925,1.0,0.0037133879802948274,low_liquidity,0.1896863185429704,0.5170626726066949,0.2932510088503348,4
1790996400000,2677.15,2682.04,-0.00019761077388846804,1.0,0.0035364438334882743,low_liquidity,0.18578902795693783,0.5210793699122364,0.29313160213082584,4
1791000000000,2682.04,2676.01,0.00261583476892846,1.0,0.003458920707887475,low_liquidity,0.18857667026666078,0.5074761222736381,0.30394720745970105,4
1791003600000,2676.02,2677.74,0.0011166132634237158,1.0,0.0032819622743081155,ranging,0.1892887799584608,0.5055130757009847,0.30519814434055464,4
1791007200000,2677.74,2680.09,0.0012574204597606276,1.0,0.0031540822878889335,ranging,0.18916956574710633,0.5011131380231894,0.30971729622970434,4
1791010800000,2680.1,2681.51,0.0011336896002624997,1.0,0.0030154629610695694,ranging,0.18953400198963816,0.4940564200145474,0.31640957799581443,4
1791014400000,2681.51,2683.01,-0.0001267233443036364,1.0,0.002893549811102077,ranging,0.1876366627447629,0.49667351132050386,0.31568982593473327,4
1791018000000,2683.01,2680.73,0.00047002122556150105,1.0,0.002794667870929207,ranging,0.18860864889615256,0.4965216991123114,0.31486965199153605,4
1791021600000,2680.72,2683.46,3.7265321636947846e-05,1.0,0.0026794498260047225,ranging,0.184875785846276,0.4956800607453223,0.31944415340840177,4
1791025200000,2683.47,2684.55,-0.001065355459946793,1.0,0.0025624021475048517,ranging,0.18626270689412738,0.49557178657271966,0.318165506533153,4
1791028800000,2684.54,2682.67,-0.00036903532674548156,1.0,0.0025,ranging,0.1897837272436785,0.487286515364038,0.32292975739228347,4
1791032400000,2682.67,2681.99,0.002617459423786217,2.0,0.0025,ranging,0.190186134454626,0.48352142994556685,0.32629243559980725,4
1791036000000,2681.99,2683.56,0.00058877014115577,1.0,0.0025,ranging,0.18963493500166975,0.48160820589844844,0.32875685909988184,4
1791039600000,2683.56,2681.69,0.0014095588975606699,1.0,0.0025,ranging,0.1864093460124627,0.48047623103556425,0.3331144229519732,4
1791043200000,2681.69,2681.68,0.0018868768831479255,1.0,0.0025,ranging,0.18525033956935658,0.4757643441574028,0.3389853162732405,4
1791046800000,2681.67,2689.01,-0.0014243160122128229,1.0,0.0025,ranging,0.18554769250053024,0.4538530751350688,0.36059923236440106,4
1791050400000,2689.01,2685.14,0.0005362848864491898,1.0,0.0025,ranging,0.17920010715569903,0.467210256496746,0.3535896363475549,4
1791054000000,2685.15,2685.47,0.0006553787605150241,1.0,0.0025,ranging,0.18134828843651488,0.4641461088650997,0.3545056026983854,4
1791057600000,2685.47,2686.74,0.002512338372897993,2.0,0.0025,ranging,0.1807422366627887,0.47280679924629254,0.34645096409091886,4
1791061200000,2686.74,2685.18,0.003578903462710281,2.0,0.0025,ranging,0.18467684727981365,0.4713903449838881,0.34393280773629825,4
1791064800000,2685.18,2686.58,0.0022482114807673703,1.0,0.0025,ranging,0.18204347405273436,0.47085225882865855,0.34710426711860703,4
1791068400000,2686.59,2687.23,0.0026830602516345614,2.0,0.0025,low_liquidity,0.170902635289267,0.4877832877213759,0.34131407698935723,4
1791072000000,2687.24,2693.49,-0.00040467943077560076,1.0,0.0025,ranging,0.18527814933628306,0.46786272132758966,0.34685912933612734,4
1791075600000,2693.5,2694.79,-1.8554321487118663e-05,1.0,0.0025,ranging,0.17791732000276436,0.48264114393702495,0.33944153606021055,4
1791079200000,2694.8,2692.62,0.0013258462018406192,1.0,0.0025,ranging,0.18086007537383386,0.4851176888759951,0.334022235750171,4
1791082800000,2692.62,2694.44,0.004127017116729137,2.0,0.0025,ranging,0.17881605437081052,0.4848732610438694,0.33631068458532,4
1791086400000,2694.45,2692.4,0.0029638983806270502,2.0,0.0025,low_liquidity,0.172045386822437,0.5006914360173842,0.3272631771601787,4
1791090000000,2692.41,2694.74,0.002516012676547774,2.0,0.0025,ranging,0.17940655194051697,0.4803421901523548,0.3402512579071283,4
1791093600000,2694.74,2696.19,0.0019620278986272055,1.0,0.0025,ranging,0.1774762078113857,0.4754855131152889,0.34703827907332546,4
1791097200000,2696.2,2705.56,-0.002058723517497363,1.0,0.0025,ranging,0.19475183463164883,0.45844318266380224,0.346804982704549,4
1791100800000,2705.57,2700.38,-0.001907138995252522,1.0,0.0025,ranging,0.19263622134775185,0.46637255984402204,0.34099121880822625,4
1791104400000,2700.37,2701.52,-0.0009143000977226423,1.0,0.0025,ranging,0.19069246516078892,0.46914029469398844,0.34016724014522276,4
1791108000000,2701.53,2701.48,-0.001484371529680062,1.0,0.0025,ranging,0.19184082501644295,0.4674564752452815,0.34070269973827566,4
1791111600000,2701.49,2699.99,-0.00037037174211751456,1.0,0.0025,ranging,0.18627230660794147,0.47559966734365544,0.338128026048403,4
1791115200000,2700.0,2695.23,0.002964496536473682,2.0,0.0025,ranging,0.1845271670245504,0.47047113003334934,0.3450017029421003,4
1791118800000,2695.23,2699.05,0.001144847261073334,1.0,0.0025,ranging,0.18182845592809427,0.47361604269613555,0.3445555013757702,4
1791122400000,2699.05,2697.47,0.0013197551780002037,1.0,0.0025,ranging,0.18075033281195377,0.47596945711078975,0.3432802100772565,4
1791126000000,2697.46,2698.99,0.0009818487656494401,1.0,0.0025,ranging,0.18326819375533066,0.47186533675188896,0.3448664694927805,4
1791129600000,2698.98,2703.22,0.0009322215727909366,1.0,0.0025,ranging,0.1827696151489682,0.45742298245219765,0.35980740239883424,4
1791133200000,2703.22,2702.14,0.0001221254265137972,1.0,0.0025,ranging,0.17482853274052684,0.4823450366277521,0.3428264306317211,4
1791136800000,2702.14,2701.03,0.011058744256820408,2.0,0.0025,low_liquidity,0.16787793523482183,0.4944189370666922,0.33770312769848604,4
1791140400000,2701.02,2701.64,0.009364682193038432,2.0,0.0025,ranging,0.1806986613077816,0.47941678940456034,0.33988454928765804,4
1791144000000,2701.64,2705.74,0.008703718760856516,2.0,0.0025,ranging,0.17971655047765323,0.4744560641680406,0.34582738535430624,4
1791147600000,2705.73,2702.47,0.008225808242089627,2.0,0.0025,trending,0.18295270571191455,0.4832509124238239,0.33379638186426164,4
1791151200000,2702.47,2730.9,8.055952250174414e-05,1.0,0.0025,trending,0.19811305752575226,0.45209420534312666,0.349792737131121,4
1791154800000,2730.9,2726.94,-0.0039531489508387585,0.0,0.0025,trending,0.19631877582183122,0.4524621775980858,0.3512190465800829,4
1791158400000,2726.93,2729.29,-0.009680173231866207,0.0,0.0025,trending,0.2067094706464682,0.4401679175805748,0.35312261177295706,4
1791162000000,2729.28,2724.7,-0.006686974712812321,0.0,0.0025,trending,0.21003153963154497,0.4406460008380432,0.34932245953041186,4
1791165600000,2724.7,2731.12,-0.0019113037874570749,1.0,0.0025,trending,0.20967005997552993,0.43069123326687286,0.3596387067575972,4
1791169200000,2731.12,2716.16,0.003803163289349598,2.0,0.0025,trending,0.20949644036918896,0.4452334834876683,0.34527007614314276,4
1791172800000,2716.16,2702.87,0.006826077465804881,2.0,0.002502462613915956,trending,0.1971831049078844,0.44286858760060416,0.3599483074915115,4
1791176400000,2702.87,2706.48,0.003938695279477322,2.0,0.00252203718030629,trending,0.19222579544188664,0.45056034191196837,0.35721386264614485,4
1791180000000,2706.47,2725.9,-0.00308155104736052,0.0,0.0026775419243138562,trending,0.1962855691031812,0.4527518734830112,0.35096255741380766,4
1791183600000,2725.9,2726.49,-0.0029708526347060893,0.0,0.002656142667713877,trending,0.20695424116846228,0.45279821014436544,0.3402475486871722,4
1791187200000,2726.49,2721.32,-0.003770229153499116,0.0,0.0028089126780710895,trending,0.19783405429492326,0.46048274441667053,0.34168320128840635,4
1791190800000,2721.33,2717.14,0.0021051546847052904,1.0,0.0027037713298896553,trending,0.19549354362876517,0.4624203221719597,0.342086134199275,4
1791194400000,2717.14,2717.5,-0.0047580496780128545,0.0,0.0026440485742371647,trending,0.1938914459906002,0.4689664193978314,0.3371421346115684,4
1791198000000,2717.5,2718.39,-0.007784019217257243,0.0,0.0026557112851557465,ranging,0.20061301915195234,0.45515717285103285,0.3442298079970149,4
1791201600000,2718.39,2711.06,-0.005477562281911874,0.0,0.0026524250136717425,ranging,0.19790215717497522,0.45320273262998106,0.34889511019504366,4
1791205200000,2711.06,2722.86,-0.006327905217308305,0.0,0.002692323608483724,ranging,0.20060526749736615,0.45352878179865574,0.3458659507039781,4
1791208800000,2722.85,2704.57,0.0022147698155343676,1.0,0.003051572058398193,ranging,0.1917954155613234,0.44184398735407,0.36636059708460655,4
1791212400000,2704.57,2697.23,0.0044564238125781586,2.0,0.0030092638200186895,ranging,0.19835581980102338,0.4456157397742272,0.3560284404247494,4
1791216000000,2697.23,2696.21,0.006071485529687948,2.0,0.003370307539962105,ranging,0.2098509912252291,0.4225997664519853,0.3675492423227856,4
1791219600000,2696.21,2705.63,0.004571948122988001,2.0,0.003326654304441797,ranging,0.2039743470588603,0.4463801733523767,0.34964547958876313,4
1791223200000,2705.64,2710.56,0.0020069653503336227,1.0,0.003187297193053657,ranging,0.20397793962004854,0.44951813136320445,0.34650392901674704,4
1791226800000,2710.56,2709.25,0.0002694472640030199,1.0,0.0030604063759038713,ranging,0.18874628939520963,0.45573474824692906,0.35551896235786135,4
1791230400000,2709.25,2712.58,0.0021603049495315663,1.0,0.002977510015792248,ranging,0.19338897161020827,0.45542751430632533,0.35118351408346643,4
1791234000000,2712.58,2718.0,-0.003723325974981595,0.0,0.0028815185415297638,ranging,0.1938422136309762,0.4637303732350492,0.34242741313397473,4
1791237600000,2718.01,2716.0,-0.005103092783505181,0.0,0.0027897006139914952,ranging,0.1956676869967813,0.4618563821226118,0.3424759308806069,4
1791241200000,2715.99,2709.98,-0.003933608366113339,0.0,0.0027514897125970237,ranging,0.18103903357991083,0.4639978265238886,0.35496313989620054,4
1791244800000,2709.99,2718.44,-0.005874692838539808,0.0,0.00268053597933972,ranging,0.1944946394551217,0.4505404219525131,0.3549649385923653,4
1791248400000,2718.45,2707.88,-0.0030725142916230297,0.0,0.002764349943756511,ranging,0.1911928182850731,0.45012326343260933,0.35868391828231755,4
1791252000000,2707.88,2702.14,-0.001639441331685143,1.0,0.002725719589290922,ranging,0.1904767324943156,0.4462825781281632,0.36324068937752124,4
1791255600000,2702.14,2699.32,0.003100780937421277,2.0,0.0027049825009654656,ranging,0.19315638738029436,0.44042574004051793,0.36641787257918773,4
1791259200000,2699.33,2702.47,0.005321058143106239,2.0,0.0026128735600759755,ranging,0.19260889164108133,0.4526005941784678,0.3547905141804509,4
1791262800000,2702.46,2699.56,0.0041451199454725085,2.0,0.0025388730366821934,ranging,0.19198616484238246,0.44770843875001864,0.36030539640759884,4
1791266400000,2699.57,2697.71,0.006016213751663502,2.0,0.0025052973827477763,ranging,0.19213013289462985,0.4394371870390204,0.3684326800663499,4
1791270000000,2697.71,2707.69,0.0023636383781009407,1.0,0.0025475947455306535,ranging,0.19779843312039647,0.43623180004441475,0.36596976683518895,4
1791273600000,2707.69,2716.85,-0.0004122421186300018,1.0,0.002502142939034874,ranging,0.19875165161310185,0.4396131694907873,0.3616351788961108,4
1791277200000,2716.85,2710.75,0.0014903624458175724,1.0,0.0027197879229764964,ranging,0.19933610519670278,0.4347534141062968,0.36591048069700044,4
1791280800000,2710.74,2713.94,0.0030582842656801112,2.0,0.002658513517477254,ranging,0.20072282232839148,0.44189488778089353,0.35738228989071497,4
1791284400000,2713.93,2714.09,-0.004439793816712112,0.0,0.0026008085920692418,ranging,0.20331807560437187,0.441416479118661,0.35526544527696713,4
1791288000000,2714.09,2715.73,-0.00741973612988045,0.0,0.0025922199211745635,ranging,0.20363040979381308,0.44488290595181534,0.3514866842543715,4
1791291600000,2715.72,2714.79,-0.005713149083354407,0.0,0.002578231578157009,ranging,0.19968570291466126,0.4337072374157277,0.36660705966961105,4
1791295200000,2714.79,2722.24,-0.011677882919948313,0.0,0.0026549995848703157,ranging,0.2009001086174005,0.428507436571989,0.37059245481061037,4
1791298800000,2722.25,2702.04,-0.0037490192595224237,0.0,0.00285779048710619,ranging,0.19856835212807342,0.4303097289476343,0.3711219189242922,4
1791302400000,2702.04,2695.58,0.0010684157027429642,1.0,0.0028686175861740207,ranging,0.1931528502970169,0.42343921637657816,0.383407933326405,4
1791306000000,2695.59,2699.28,-0.00045197237781935407,1.0,0.0028320156938201123,ranging,0.18884970511566487,0.4405682968910608,0.3705819979932744,4
1791309600000,2699.29,2690.45,0.0022932966604098937,1.0,0.002851335097585686,ranging,0.18333388243857196,0.4552466950160852,0.3614194225453428,4
1791313200000,2690.45,2691.91,0.0020728776222087575,1.0,0.002791110843572362,ranging,0.18723573583240716,0.4547807836133704,0.3579834805542224,4
1791316800000,2691.91,2698.46,-0.0005669900609978074,1.0,0.0027091761724933948,ranging,0.18883380836550326,0.4677073502769859,0.34345884135751087,4
1791320400000,2698.46,2698.06,-0.015003372793785164,0.0,0.0025851338143370946,ranging,0.17919343979482832,0.49578804615439975,0.32501851405077187,4
1791324000000,2698.05,2696.62,-0.03117977319755838,0.0,0.0025,ranging,0.18431233292855673,0.48640894454078626,0.32927872253065715,4
1791327600000,2696.61,2697.49,-0.03201124007873979,0.0,0.0025,ranging,0.18110422302766938,0.4820575665797531,0.33683821039257744,4
1791331200000,2697.49,2696.93,-0.03211800083798977,0.0,0.0025,ranging,0.1801324605815609,0.48988176728919774,0.3299857721292414,4
1791334800000,2696.92,2657.58,-0.013802030418651468,0.0,0.0028377013607952177,ranging,0.18528678994488362,0.4286349449811341,0.3860782650739822,4
1791338400000,2657.58,2612.54,0.002089920154332514,1.0,0.0038006920187001365,trending,0.17430727413062536,0.43905810345909246,0.3866346224102822,4
1791342000000,2612.54,2611.14,0.001983807838721985,1.0,0.0037807509102470065,trending,0.17073952607244183,0.47051360133143494,0.3587468725961232,4
1791345600000,2611.14,2610.31,-0.00012259080339127593,1.0,0.0036664750030557624,trending,0.16994877910419545,0.48207732548775134,0.34797389540805324,4
1791349200000,2610.32,2620.9,-0.009122820405204402,0.0,0.003589668563905099,trending,0.16774525215112845,0.4946465580274587,0.3376081898214128,4
1791352800000,2620.89,2618.0,-0.0145569136745608,0.0,0.0035808717234749924,trending,0.16506922076428657,0.49690605599588794,0.33802472323982546,4
1791356400000,2618.0,2616.32,-0.01428724315068497,0.0,0.0034343600454277076,trending,0.16234486031192438,0.5056288255231929,0.33202631416488276,4
1791360000000,2616.33,2609.99,-0.014195456687573382,0.0,0.0033677196180470965,trending,0.16198221373317,0.48562839666285074,0.3523893896039793,4
1791363600000,2609.99,2596.99,-0.01060843514992349,0.0,0.003454226646914521,trending,0.1609662237044603,0.4856607615617521,0.3533730147337876,4
1791367200000,2597.0,2579.89,-0.006236700014341623,0.0,0.003776786074960475,trending,0.16061188342329985,0.48137523531965565,0.3580128812570446,4
1791370800000,2579.9,2578.94,-0.003183478483407942,1.0,0.0036987512075860388,trending,0.1599150414804654,0.4894742902062638,0.35061066831327087,4
1791374400000,2578.94,2572.94,-0.001717879157695168,1.0,0.0037432205601039795,trending,0.15969174490008997,0.48658251739840325,0.3537257377015067,4
1791378000000,2572.95,2569.44,-0.006931471449031723,0.0,0.0038932347905402676,trending,0.15988192914853927,0.48377734557769303,0.3563407252737677,4
1791381600000,2569.43,2563.8,-0.00031983774085353467,1.0,0.003839574950204359,trending,0.16101847437142008,0.4901287588305827,0.3488527667979972,4
1791385200000,2563.8,2570.73,0.00014003804366868877,1.0,0.003752928694110265,trending,0.16154215053548043,0.48075544031543005,0.3577024091490897,4
1791388800000,2570.74,2568.52,0.0023359755812686345,1.0,0.003733305087408065,trending,0.15980321500328967,0.48791101413322646,0.352285770863484,4
1791392400000,2568.51,2551.63,0.006294015981940904,2.0,0.00408332528564155,trending,0.15873174942776316,0.4923303523863729,0.348937898185864,4
1791396000000,2551.63,2562.98,0.002660964970464086,1.0,0.004024019999092022,trending,0.16074759854289677,0.489627823286158,0.3496245781709452,4
1791399600000,2562.98,2571.09,0.0011862673029725546,1.0,0.0039003267681507903,trending,0.16331081737713668,0.4862659759575515,0.3504232066653118,4
1791403200000,2571.1,2574.52,0.00047775896089374825,1.0,0.0037815422168632493,trending,0.17074687118374793,0.4880215555530701,0.34123157326318204,4
1791406800000,2574.52,2567.69,0.004030860423181792,2.0,0.003681339171619634,trending,0.16713036235163903,0.47968941696863443,0.35318022067972643,4
1791410400000,2567.7,2569.8,0.00409370379017826,2.0,0.0035219803405625865,trending,0.16276358067766067,0.4813551885738837,0.3558812307484555,4
1791414000000,2569.8,2574.14,-0.0038070967391049537,0.0,0.0034560281999677727,trending,0.1838719073286679,0.4727393610684693,0.3433887316028628,4
1791417600000,2574.15,2575.75,-0.005120838590701782,0.0,0.0033321197875416505,trending,0.18401998703394468,0.4714124377421891,0.34456757522386633,4
1791421200000,2575.75,2578.04,-0.006357542939597449,0.0,0.003295504615241629,trending,0.18347112959003087,0.4714441719312442,0.3450846984787249,4
1791424800000,2578.04,2580.32,-0.005259037638742581,0.0,0.0032799712366131674,trending,0.1839861638475284,0.46553667755376227,0.3504771585987093,4
1791428400000,2580.31,2564.34,0.0015871530296294178,1.0,0.0033546331597534397,trending,0.1814333563777791,0.45319470661673883,0.3653719370054821,4
1791432000000,2564.35,2562.56,-0.0009677822177822648,1.0,0.00361757271633132,trending,0.17588559920677577,0.4413309675821532,0.38278343321107106,4
1791435600000,2562.57,2561.65,0.0024515449026993874,1.0,0.0036193528395343914,trending,0.1755937005429607,0.45214013074307247,0.3722661687139669,4
1791439200000,2561.65,2566.75,-0.005984221291516545,0.0,0.003642006918646772,trending,0.1740416778263983,0.46311343156139406,0.3628448906122076,4
1791442800000,2566.76,2568.41,-0.012061937151778723,0.0,0.0036616755213112915,trending,0.17665616015187685,0.46706099991062805,0.35628283993749504,4
1791446400000,2568.42,2560.08,-0.01170666541670562,0.0,0.0036217867168767243,trending,0.17912211922681487,0.4489728707938541,0.3719050099793309,4
1791450000000,2560.08,2567.93,-0.01776528176391101,0.0,0.0035854567852551325,trending,0.1808014117681309,0.4674552207791884,0.3517433674526808,4
1791453600000,2567.94,2551.39,-0.007709523044301392,0.0,0.003704524831934262,trending,0.17929355721381088,0.452532018452427,0.3681744243337621,4
1791457200000,2551.4,2537.43,-0.0401075103549654,0.0,0.003867409683429237,trending,0.17605870456079764,0.44433015165080714,0.37961114378839533,4
1791460800000,2537.42,2530.11,-0.044903186027485,0.0,0.003946430832462679,trending,0.17284009601684164,0.45698249185728745,0.37017741212587085,4
1791464400000,2530.1,2522.31,-0.04125583294678292,0.0,0.004328168381811793,high_volatility,0.1685318567948632,0.463863486671897,0.3676046565332398,4
1791468000000,2522.31,2531.72,-0.033360719194855504,0.0,0.004322661812202778,high_volatility,0.17493346142618033,0.4668166434134656,0.35824989516035394,4
1791471600000,2531.72,2435.66,0.011877684077416406,2.0,0.005965910141148901,abnormal,0.161782719332703,0.4419459474910191,0.39627133317627783,4
1791475200000,2435.67,2416.5,0.024171322160148945,2.0,0.0061237348298034166,high_volatility,0.16065679796932217,0.4727170325160149,0.366626169514663,4
1791478800000,2416.49,2418.25,0.02532823322650679,2.0,0.00605243070729599,high_volatility,0.16113243390483928,0.4807300293248167,0.35813753677034416,4
1791482400000,2418.25,2447.26,0.011886763155528834,2.0,0.006201447953248614,high_volatility,0.16825768386178602,0.5069202042259544,0.32482211191225957,4
1791486000000,2447.27,2464.59,0.004142676875261264,1.0,0.00610820871784741,high_volatility,0.17748460763458832,0.5246292976711737,0.29788609469423794,4
1791489600000,2464.6,2474.91,0.0013374223709143873,1.0,0.005878914835314473,high_volatility,0.18382054099337466,0.5178531623288567,0.2983262966777686,4
1791493200000,2474.9,2479.5,0.0010768300060497449,1.0,0.005714205239993253,high_volatility,0.1879695720178305,0.5192295799169265,0.2928008480652429,4
1791496800000,2479.5,2476.35,0.00538292244634242,1.0,0.005492958663335798,high_volatility,0.18427313076142854,0.516478035914607,0.29924883332396446,4
1791500400000,2476.36,2474.8,0.0076329400355583665,2.0,0.005305373779623483,high_volatility,0.19503394016050193,0.5041089041605266,0.3008571556789715,4
1791504000000,2474.88,2478.22,0.0037042716143038668,1.0,0.005079930854390841,high_volatility,0.19700712400768883,0.5025824792012682,0.3004103967910429,4
1791507600000,2478.22,2482.17,0.0036298883638106183,1.0,0.004974605202751454,high_volatility,0.194793703719895,0.5003836631476329,0.304822633132472,4
1791511200000,2482.18,2489.68,0.003992480961408695,1.0,0.004984048591140701,high_volatility,0.19592199543839323,0.4961646774181064,0.3079133271435003,4
1791514800000,2489.68,2493.69,0.004334941392073466,1.0,0.0047778570040234525,high_volatility,0.21006039038130905,0.4852342804459981,0.3047053291726929,4
1791518400000,2493.68,2487.4,0.007421403875532695,2.0,0.0046514554790636885,high_volatility,0.20166555112320547,0.49310431781916353,0.30523013105763086,4
1791522000000,2487.4,2491.18,0.004439663131527993,1.0,0.004546623191250136,trending,0.2124806173628733,0.4821276820042039,0.3053917006329227,4
