open_ts,open,close,fwd_return,label,label_threshold,regime,p_down,p_flat,p_up,fold
1789759800000,2636.64,2642.06,-0.0029446719605155103,1.0,0.0031727398702513896,trending,0.21146820697341845,0.5368193653336947,0.2517124276928869,0
1789760700000,2642.07,2636.71,-0.0018052800649295264,1.0,0.0031229231645484917,trending,0.2065150651344093,0.5359488928049575,0.2575360420606332,0
1789761600000,2636.71,2634.89,0.0015788135368079992,1.0,0.0030495487093675495,trending,0.20241366663951607,0.5231760297510848,0.2744103036093992,0
1789762500000,2634.9,2628.09,0.0017921760670296383,1.0,0.003070288693764317,trending,0.19462894276885423,0.530360702775217,0.27501035445592875,0
1789763400000,2628.09,2634.28,-0.0020688765051551927,1.0,0.0030377217513361207,trending,0.19643332010036788,0.5256171380911285,0.2779495418085035,0
1789764300000,2634.27,2631.95,-0.0020023176732080206,1.0,0.002946015732941805,trending,0.20043285681324102,0.5387570991305952,0.2608100440561637,0
1789765200000,2631.95,2639.05,-0.003580834012239409,0.0,0.0028807162590464186,trending,0.21197396238225,0.5430140678329404,0.24501196978480963,0
1789766100000,2639.05,2632.8,-0.0001405347918567168,1.0,0.002810061128963021,trending,0.1991726006661242,0.5321015198085787,0.268725879525297,0
1789767000000,2632.81,2628.83,-0.0036936583955600177,0.0,0.0027510412351920773,trending,0.19347291237214229,0.5345985703747961,0.2719285172530616,0
1789767900000,2628.83,2626.68,-0.0025317130369895136,1.0,0.002632335889902021,trending,0.19254819288720726,0.5424050631681723,0.2650467439446204,0
1789768800000,2626.69,2629.6,-0.003700182537268004,0.0,0.002565951162011115,trending,0.19194974604160087,0.5487096955733703,0.2593405583850288,0
1789769700000,2629.6,2632.43,-0.006814996030283793,0.0,0.0025,trending,0.1939907192996832,0.5519703166516517,0.25403896404866505,0
1789770600000,2632.43,2619.12,-0.0027146522496104275,0.0,0.0025336225539387643,trending,0.1905988859497741,0.544206253979679,0.26519486007054693,0
1789771500000,2619.12,2620.03,-0.003011415899818015,0.0,0.0025,trending,0.18763670771125168,0.555607155734991,0.25675613655375723,0
1789772400000,2620.04,2619.87,-0.0027749468485077644,0.0,0.0025,trending,0.18499269186886003,0.5545743644762386,0.2604329436549013,0
1789773300000,2619.88,2614.49,0.00047810471640730157,1.0,0.0025,low_liquidity,0.19158545707053168,0.5501612427172327,0.2582533002122356,0
1789774200000,2614.49,2612.01,0.003349910605242812,2.0,0.0025,trending,0.18917200045235327,0.551531396076577,0.2592966034710697,0
1789775100000,2612.0,2612.14,0.005604600059721188,2.0,0.0025,trending,0.190884133504438,0.5810216547885096,0.22809421170705227,0
1789776000000,2612.14,2612.6,6.506927964489151e-05,1.0,0.0025,trending,0.19174619859004044,0.5865746594862228,0.2216791419237368,0
1789776900000,2612.6,2615.74,-0.0012998233769410117,1.0,0.0025,trending,0.18921404314502832,0.5897630254460723,0.2210229314088995,0
1789777800000,2615.73,2620.76,-0.003327279109876624,0.0,0.0025,trending,0.19313986632420302,0.5915410911945739,0.21531904248122305,0
1789778700000,2620.76,2626.78,-0.005325912333731919,0.0,0.0025,trending,0.19419557349163052,0.5850603828785608,0.22074404362980865,0
1789779600000,2626.79,2612.77,0.001316610340749591,1.0,0.0025,trending,0.19050988740927408,0.5711562792901962,0.23833383330052973,0
1789780500000,2612.78,2612.34,0.0020632842585575073,1.0,0.0025,trending,0.18694894384654978,0.5768094179039785,0.23624163824947167,0
1789781400000,2612.35,2612.04,0.0030512549578107784,2.0,0.0025,trending,0.18518468895768392,0.5892878639640333,0.22552744707828284,0
1789782300000,2612.04,2612.79,0.004026347314556533,2.0,0.0025,low_liquidity,0.1947096196786414,0.5880652834279108,0.21722509689344788,0
1789783200000,2612.79,2616.21,0.004059307165709125,2.0,0.0025,low_liquidity,0.19324510998413144,0.5828578360322478,0.22389705398362073,0
1789784100000,2616.21,2617.73,0.0012453537989021157,1.0,0.0025,low_liquidity,0.19324965591810508,0.5968582659461652,0.20989207813572966,0
1789785000000,2617.72,2620.01,0.0010954156663522951,1.0,0.0025,ranging,0.19707338214904732,0.5976903529713238,0.20523626487962893,0
1789785900000,2620.0,2623.31,-0.001193149113143388,1.0,0.0025,low_liquidity,0.18605749783810724,0.5997961024662006,0.21414639969569213,0
1789786800000,2623.31,2626.83,-0.00040352820700229053,1.0,0.0025,ranging,0.19271751665048714,0.5952115483327509,0.21207093501676197,0
1789787700000,2626.84,2620.99,0.0016406014521230805,1.0,0.0025,low_liquidity,0.1848290689616335,0.594871892763908,0.22029903827445854,0
1789788600000,2620.99,2622.88,-0.003271213322759703,0.0,0.0025,low_liquidity,0.18353859107370538,0.6054817769185621,0.2109796320077324,0
1789789500000,2622.88,2620.18,-0.0001984596478104006,1.0,0.0025,low_liquidity,0.1788187198144049,0.6095549825610297,0.21162629762456536,0
1789790400000,2620.17,2625.77,-0.00038845748104365807,1.0,0.0025,low_liquidity,0.18257296584426488,0.6029599242245337,0.21446710993120144,0
1789791300000,2625.78,2625.29,0.0010017940875104436,1.0,0.0025,ranging,0.18435182500482677,0.5989094004583594,0.21673877453681387,0
1789792200000,2625.3,2614.3,0.004762269058638857,2.0,0.0025,ranging,0.18517774898248368,0.5873848193883148,0.2274374316292014,0
1789793100000,2614.31,2619.66,0.003538627150088125,2.0,0.0025,ranging,0.18783698415343453,0.576229639643545,0.2359333762030205,0
1789794000000,2619.67,2624.75,0.0002628821792551861,1.0,0.0025,ranging,0.184801730342848,0.5852626316398727,0.22993563801727937,0
1789794900000,2624.74,2627.92,-0.0013014094797406672,1.0,0.0025,ranging,0.18855531711133708,0.5910874040987536,0.2203572787899093,0
1789795800000,2627.91,2626.75,0.0007652041496146733,1.0,0.0025,ranging,0.1842378679565419,0.5851071967939213,0.23065493524953679,0
1789796700000,2626.75,2628.93,-0.000623827945209654,1.0,0.0025,ranging,0.18605703624014214,0.5922968877043803,0.2216460760554776,0
1789797600000,2628.93,2625.44,0.0019425315375707353,1.0,0.0025,ranging,0.17986478650982482,0.59526396848828,0.22487124500189523,0
1789798500000,2625.43,2624.5,0.001867022289959941,1.0,0.0025,ranging,0.17933117846634195,0.6001804896716101,0.22048833186204808,0
1789799400000,2624.5,2628.76,-0.0013998995724220364,1.0,0.0025,ranging,0.17887878452034273,0.6013369053758062,0.219784310103851,0
1789800300000,2628.75,2627.29,-0.0001294109139075017,1.0,0.0025,ranging,0.18193180332791953,0.5946814002195998,0.22338679645248066,0
1789801200000,2627.3,2630.54,0.002033802945402785,1.0,0.0025,ranging,0.1862890616060283,0.5873913939660084,0.22631954442796337,0
1789802100000,2630.55,2629.4,0.006039400623716551,2.0,0.0025,ranging,0.1892539602314602,0.5757978003963724,0.23494823937216727,0
1789803000000,2629.39,2625.08,0.009024486872781123,2.0,0.0025,ranging,0.18611423475670982,0.5704585720085912,0.243427193234699,0
1789803900000,2625.08,2626.95,0.006958640248196701,2.0,0.0025,ranging,0.186288305544876,0.5751089968529155,0.23860269760220848,0
1789804800000,2626.96,2635.89,0.0054858131409125654,2.0,0.0025,ranging,0.18846266639220466,0.5769920074085307,0.23454532619926455,0
1789805700000,2635.88,2645.28,0.0004876610415531779,1.0,0.0025,ranging,0.2040243415488409,0.5615575625807693,0.2344180958703898,0
1789806600000,2645.28,2648.77,-0.004790902947405806,0.0,0.0025,ranging,0.2021985086853233,0.5792140153014032,0.21858747601327352,0
1789807500000,2648.77,2645.23,-0.001644469479024524,1.0,0.0025,trending,0.18455190192799675,0.5849150304306522,0.23053306764135104,0
1789808400000,2645.23,2650.35,-0.0033995510026976206,0.0,0.0025,trending,0.19129411117983133,0.5806280632634803,0.22807782555668843,0
1789809300000,2650.36,2646.57,-0.0006083345613379088,1.0,0.0025,trending,0.18442266219052825,0.57894436774259,0.23663297006688191,0
1789810200000,2646.57,2636.08,0.0030348092622378697,2.0,0.0025,trending,0.18368078258416654,0.5744228231714936,0.24189639424433973,0
1789811100000,2636.08,2640.88,-0.0009618006119171962,1.0,0.0025,trending,0.18718445237529294,0.5799475466068975,0.23286800101780963,0
1789812000000,2640.88,2641.34,-0.0012645096806924716,1.0,0.0025,trending,0.18458449709603647,0.5881755182434562,0.2272399846605074,0
1789812900000,2641.35,2644.96,-0.0025331195934908957,0.0,0.0025,trending,0.18465717997217068,0.595342867976472,0.2199999520513574,0
1789813800000,2644.95,2644.08,-0.00173595352636835,1.0,0.0025,trending,0.1840112540326099,0.5862386102854783,0.22975013568191163,0
1789814700000,2644.09,2638.34,0.0005041048538094728,1.0,0.0025,trending,0.17744565170875726,0.6036288571590455,0.21892549113219725,0
1789815600000,2638.34,2638.0,0.0015314632297194208,1.0,0.0025,trending,0.17785286797905808,0.6043482592751002,0.21779887274584178,0
1789816500000,2638.0,2638.26,0.0010385632955052237,1.0,0.0025,trending,0.1829768732210619,0.5917199986424846,0.2253031281364535,0
1789817400000,2638.26,2639.49,0.00013260137375037395,1.0,0.0025,trending,0.17913578819120515,0.5943563130899367,0.22650789871885807,0
1789818300000,2639.48,2639.67,0.0008485909223501231,1.0,0.0025,low_liquidity,0.17665479556490496,0.5990127165791365,0.22433248785595866,0
1789819200000,2639.67,2642.04,-0.0016767346444414022,1.0,0.0025,trending,0.1793220629860836,0.5981241037354021,0.22255383327851425,0
1789820100000,2642.05,2641.0,-0.0024422567209390067,1.0,0.0025,trending,0.17731016522091483,0.5860327856962296,0.23665704908285565,0
1789821000000,2641.01,2639.84,-0.0015758530820051408,1.0,0.0025,trending,0.17696694476587305,0.5910050043396338,0.2320280508944932,0
1789821900000,2639.84,2641.91,-0.0013020882619014795,1.0,0.0025,ranging,0.18109854600839143,0.5855459878601703,0.23335546613143818,0
1789822800000,2641.91,2637.61,0.0002805570194228668,1.0,0.0025,ranging,0.18269531301795885,0.5761025771372639,0.2412021098447774,0
1789823700000,2637.61,2634.55,0.0035110360403105556,2.0,0.0025,ranging,0.18215775651311705,0.5775790035718549,0.24026323991502813,0
1789824600000,2634.54,2635.68,0.0013051660292600076,1.0,0.0025,ranging,0.18148317120048,0.583038136858622,0.23547869194089796,0
1789825500000,2635.69,2638.47,0.00020845414198378265,1.0,0.0025,ranging,0.18702314308503296,0.5715973143893917,0.2413795425255754,0
1789826400000,2638.47,2638.35,0.0014706161047624011,1.0,0.0025,ranging,0.18556090224843447,0.5714684369320226,0.2429706608195429,0
1789827300000,2638.35,2643.8,-0.002314849837355415,1.0,0.0025,ranging,0.19045810993551798,0.5759581287339773,0.23358376133050468,0
1789828200000,2643.81,2639.12,0.003804298402497741,2.0,0.0025,ranging,0.19141141134217296,0.595870478505703,0.21271811015212416,0
1789829100000,2639.13,2639.02,0.0008109070791428863,1.0,0.0025,ranging,0.18650151467092513,0.6027077227883446,0.2107907625407302,0
1789830000000,2639.01,2642.23,0.0009196776964912612,1.0,0.0025,ranging,0.18584011106905016,0.6004422109622176,0.2137176779687322,0
1789830900000,2642.23,2637.68,0.003810166509963464,2.0,0.0025,ranging,0.18336021602141508,0.5986172987754768,0.2180224852031082,0
1789831800000,2637.69,2649.16,-0.0004907215872199666,1.0,0.0025,ranging,0.19616260850592662,0.5663550735520764,0.23748231794199706,0
1789832700000,2649.17,2641.16,0.0033470141907343542,2.0,0.0025,ranging,0.199964294805609,0.5686860073533374,0.23134969784105364,0
1789833600000,2641.17,2644.66,0.002034287961401482,1.0,0.0025,ranging,0.2002805766192885,0.566916098592034,0.2328033247886776,0
1789834500000,2644.67,2647.73,-0.000377682014404801,1.0,0.0025,ranging,0.19915167006696755,0.5709696818667866,0.2298786480662459,0
1789835400000,2647.72,2647.86,-0.0002152681788312183,1.0,0.0025,ranging,0.198711591866077,0.5709401322541319,0.23034827587979115,0
1789836300000,2647.85,2650.0,-0.00173207547169818,1.0,0.0025,ranging,0.186402594871214,0.5878211455306157,0.22577625959817035,0
1789837200000,2650.01,2650.04,-0.004630118790659776,0.0,0.0025,ranging,0.1927304149984089,0.5745071700073481,0.23276241499424308,0
1789838100000,2650.05,2646.73,-0.0021989398238582147,1.0,0.0025,ranging,0.19814564709736565,0.5580501469510106,0.24380420595162366,0
1789839000000,2646.72,2647.29,-0.002206029562307199,1.0,0.0025,ranging,0.1957131696546726,0.5675360191199064,0.23675081122542102,0
1789839900000,2647.29,2645.41,-0.0024608661795335607,1.0,0.0025,ranging,0.18719742768778616,0.5834847850216087,0.2293177872906052,0
1789840800000,2645.42,2637.77,-0.001311714061498881,1.0,0.0025,ranging,0.19178883962939397,0.5733159545878327,0.2348952057827733,0
1789841700000,2637.78,2640.91,-0.0014464711027637467,1.0,0.0025,ranging,0.19566230280263677,0.5667772993697248,0.23756039782763852,0
1789842600000,2640.9,2641.45,-0.0023774820647749495,1.0,0.0025,ranging,0.19773490131391172,0.5601202770381627,0.24214482164792553,0
1789843500000,2641.46,2638.9,-0.0015233620068968445,1.0,0.0025,ranging,0.195451751345413,0.5686240738169924,0.23592417483759454,0
1789844400000,2638.89,2634.31,0.0004783036165068033,1.0,0.0025,ranging,0.19115980956053072,0.5710068106912344,0.2378333797482349,0
1789845300000,2634.31,2637.09,-0.0006749864433903685,1.0,0.0025,ranging,0.19526391297561924,0.5662661987315777,0.23846988829280297,0
1789846200000,2637.08,2635.17,0.0019846916897201528,1.0,0.0025,low_liquidity,0.19057533441567132,0.5723906907098517,0.23703397487447703,0
1789847100000,2635.17,2634.88,0.00040988583920320565,1.0,0.0025,low_liquidity,0.19693743554210127,0.5794971694613051,0.2235653949965937,0
1789848000000,2634.88,2635.57,-0.004131933509639363,0.0,0.0025,ranging,0.20039724162490807,0.5702484887650205,0.2293542696100713,0
1789848900000,2635.57,2635.31,-0.002845964990836003,0.0,0.0025,ranging,0.2055577810061182,0.5620668212006885,0.23237539779319313,0
1789849800000,2635.31,2640.4,-0.006071049840933318,0.0,0.0025,ranging,0.19678280863732703,0.5698531233317105,0.23336406803096252,0
1789850700000,2640.4,2635.96,-0.003027360050987138,0.0,0.0025,ranging,0.19987520345126647,0.5931234775590344,0.20700131898969926,0
1789851600000,2635.97,2624.68,-0.0016535349071123973,1.0,0.0025,ranging,0.19555206155461938,0.5623504194011613,0.24209751904421922,0
1789852500000,2624.69,2627.81,-0.001952195935018164,1.0,0.0025,ranging,0.20152143376742246,0.5557622673625965,0.24271629886998108,0
1789853400000,2627.81,2624.37,0.0020576366899485166,1.0,0.0025,ranging,0.195236529981894,0.5653266487002849,0.23943682131782096,0
1789854300000,2624.38,2627.98,0.0010844831391410015,1.0,0.0025,ranging,0.19897435884863193,0.5652911422757219,0.2357344988756462,0
1789855200000,2627.97,2620.34,0.006109894135875482,2.0,0.0025,ranging,0.1957416927563709,0.5612125971790295,0.24304571006459957,0
1789856100000,2620.33,2622.68,0.0037976421065475385,2.0,0.0025,ranging,0.19895963391813695,0.5645507567391383,0.2364896093427248,0
1789857000000,2622.67,2629.77,0.001973556622822503,1.0,0.0025,ranging,0.199864569268158,0.5605621791072887,0.23957325162455334,0
1789857900000,2629.77,2630.83,0.0007070012125451886,1.0,0.0025,ranging,0.1989826504362093,0.5705305543970285,0.23048679516676215,0
1789858800000,2630.84,2636.35,-0.0024124262711704425,1.0,0.0025,ranging,0.20393378566555656,0.5680417511832266,0.22802446315121694,0
1789859700000,2636.36,2632.64,-0.0012193083748632816,1.0,0.0025,ranging,0.20243085531257113,0.5515464831926551,0.24602266149477364,0
1789860600000,2632.64,2634.96,-0.001578771594255679,1.0,0.0025,ranging,0.19892197612273077,0.5750887021506764,0.22598932172659286,0
1789861500000,2634.96,2632.69,-0.0020207468406838736,1.0,0.0025,low_liquidity,0.2005983840641152,0.5929480607135256,0.20645355522235925,0
1789862400000,2632.7,2629.99,-0.0034752983851649155,0.0,0.0025,ranging,0.20396818919042778,0.5779549816571359,0.2180768291524363,0
1789863300000,2630.0,2629.43,-0.0032212304567909023,0.0,0.0025,ranging,0.20693549177269974,0.5728539928949047,0.2202105153323954,0
1789864200000,2629.44,2630.8,-0.004302873650600669,0.0,0.0025,ranging,0.21159700859287914,0.5696273882400051,0.2187756031671158,0
1789865100000,2630.8,2627.37,-0.002881208204401964,0.0,0.0025,ranging,0.21431118271836003,0.5664456343507352,0.21924318293090475,0
1789866000000,2627.36,2620.85,0.0007745578724460689,1.0,0.0025,ranging,0.22954455859256456,0.5505645261692285,0.21989091523820695,0
1789866900000,2620.86,2620.96,-0.0026440693486355915,0.0,0.0025,ranging,0.22574667667090845,0.5536258126778085,0.22062751065128308,0
1789867800000,2620.96,2619.48,-0.011456472276940577,0.0,0.0025,ranging,0.23976873534799692,0.5377907150902855,0.22244054956171758,0
1789868700000,2619.49,2619.8,-0.01739445759218272,0.0,0.0025,ranging,0.2159904125715047,0.55857971430886,0.2254298731196353,0
1789869600000,2619.8,2622.88,-0.018285243701579912,0.0,0.0025,ranging,0.2091183532674087,0.5505655717385514,0.24031607499403992,0
1789870500000,2622.87,2614.03,-0.011132236431869669,0.0,0.0025,ranging,0.21231327341625272,0.5531777245142712,0.2345090020694762,0
1789871400000,2614.03,2589.47,-0.002884760201894543,0.0,0.0025,trending,0.20778487057152356,0.5291702062002323,0.26304492322824424,0
1789872300000,2589.48,2574.23,0.005360826344188441,2.0,0.0025,trending,0.19768111824602028,0.5230487980996174,0.2792700836543624,0
1789873200000,2574.24,2574.92,0.004132167212961946,2.0,0.0025,trending,0.19493829029736612,0.5335490980787877,0.2715126116238463,0
1789874100000,2574.91,2584.93,-0.0005067835492643669,1.0,0.0026686214747020666,trending,0.19645335013566395,0.56171886126167,0.241827788602666,0
1789875000000,2584.93,2582.0,-0.00043764523625100527,1.0,0.0026541052398976707,trending,0.19896994952761096,0.5620126599921537,0.23901739048023543,0
1789875900000,2582.0,2588.03,-0.0031838889039154106,0.0,0.002594739641525607,trending,0.1959414210526079,0.5727276938048749,0.23133088514251732,0
1789876800000,2588.03,2585.56,-0.0005608069431766172,1.0,0.0025330360167332582,trending,0.19736820678779987,0.5663688886414793,0.23626290457072088,0
1789877700000,2585.56,2583.62,-0.002004938806790424,1.0,0.002513945434382849,trending,0.19528477359728288,0.5592316869886891,0.24548353941402812,0
1789878600000,2583.63,2580.87,-0.0017280994393363835,1.0,0.0025,trending,0.1882271737463954,0.5642453697632914,0.2475274564903132,0
1789879500000,2580.87,2579.79,-0.000573690106559055,1.0,0.0025,trending,0.19902738568333475,0.5333236817251167,0.26764893259154854,0
1789880400000,2579.79,2584.11,-0.0019116833261741961,1.0,0.0025,trending,0.20061320118206363,0.5548043295043764,0.24458246931355987,0
1789881300000,2584.11,2578.44,0.0007407579776919082,1.0,0.0025,trending,0.20513699133463245,0.5408655784232109,0.25399743024215654,0
1789882200000,2578.45,2576.41,-0.0007840367022329264,1.0,0.0025,trending,0.20636091555833733,0.5405052602228985,0.2531338242187641,0
1789883100000,2576.42,2578.31,-0.0015164972404403398,1.0,0.0025,trending,0.19706872848282353,0.5691815633365851,0.2337497081805913,0
1789884000000,2578.31,2579.17,-0.0015043599297448473,1.0,0.0025,trending,0.20543976394486338,0.5551377985675421,0.23942243748759448,0
1789884900000,2579.16,2580.35,-0.0013060243765380397,1.0,0.0025,trending,0.21868825790482382,0.5446843959792049,0.2366273461159712,0
1789885800000,2580.35,2574.39,0.0003262908883270299,1.0,0.0025,trending,0.21077020494980964,0.5433816775141693,0.24584811753602115,0
1789886700000,2574.39,2574.4,0.0009167184586700294,1.0,0.0025,trending,0.20954244996153407,0.5523176998440864,0.23813985019437955,0
1789887600000,2574.4,2575.29,0.0018988152790559987,1.0,0.0025,trending,0.19841453241860332,0.5673102526910742,0.23427521489032255,0
1789888500000,2575.28,2576.98,0.00045790033294790256,1.0,0.0025,trending,0.20963454055985759,0.5614093756242674,0.2289560838158751,0
1789889400000,2576.98,2575.23,-0.0004698609444593327,1.0,0.0025,trending,0.20805531189573426,0.5651074042145836,0.22683728388968222,0
1789890300000,2575.23,2576.76,-0.000609292289541985,1.0,0.0025,trending,0.20019612180955185,0.5779553052354046,0.22184857295504357,0
1789891200000,2576.76,2580.18,-0.0013487431109457937,1.0,0.0025,trending,0.2077396255029507,0.5721983436374286,0.2200620308596207,0
1789892100000,2580.17,2578.16,0.0005469016663046666,1.0,0.0025,trending,0.19315038755974245,0.604155254546627,0.2026943578936306,0
1789893000000,2578.16,2574.02,0.004693048228063379,2.0,0.0025,trending,0.19954288419503408,0.5885944559853614,0.21186265981960462,0
1789893900000,2574.02,2575.19,0.001778509546868312,1.0,0.0025,trending,0.20078096154656666,0.5888481247034174,0.21037091375001593,0
1789894800000,2575.19,2576.7,5.8213994644340517e-05,1.0,0.0025,trending,0.19464757056882437,0.5960156010349033,0.20933682839627238,0
1789895700000,2576.7,2579.57,-0.0014072112793993563,1.0,0.0025,trending,0.19166458425830424,0.6207190431931169,0.18761637254857885,0
1789896600000,2579.57,2586.1,-0.0044739182552877566,0.0,0.0025,trending,0.20503016205657654,0.6145268445695559,0.18044299337386754,0
1789897500000,2586.1,2579.77,-0.003318125259228477,0.0,0.0025,trending,0.19337721599668914,0.602925356352305,0.2036974276510058,0
1789898400000,2579.77,2576.85,-0.0019636377748025735,1.0,0.0025,trending,0.19911933382669242,0.5893568157339588,0.2115238504393488,0
1789899300000,2576.85,2575.94,-0.0011840337896069641,1.0,0.0025,trending,0.19279174421699624,0.6135102213632815,0.19369803441972222,0
1789900200000,2575.94,2574.53,0.00040007302303712855,1.0,0.0025,trending,0.19169892167191208,0.6151212129553449,0.19317986537274306,0
1789901100000,2574.52,2571.21,0.003060815724892141,2.0,0.0025,trending,0.20776587516993178,0.5869916553642807,0.2052424694657875,0
1789902000000,2571.21,2571.79,0.0033634161420645903,2.0,0.0025,trending,0.20331317896937331,0.5932809843403102,0.20340583669031642,0
1789902900000,2571.79,2572.89,0.0007734493118634056,1.0,0.0025,trending,0.19558343958819885,0.6064636252832821,0.19795293512851914,0
1789903800000,2572.89,2575.56,-0.00017860193511320954,1.0,0.0025,trending,0.1976384757619488,0.6128366888590628,0.18952483537898832,0
1789904700000,2575.56,2579.08,0.00048079160010550126,1.0,0.0025,trending,0.19193669766833477,0.6281789847802365,0.1798843175514288,0
1789905600000,2579.09,2580.44,0.00043015919765632127,1.0,0.0025,ranging,0.20665606270037462,0.6138710935772054,0.17947284372241987,0
1789906500000,2580.44,2574.88,0.002260299509103225,1.0,0.0025,ranging,0.20065748403307462,0.603778373125756,0.19556414284116944,0
1789907400000,2574.89,2575.1,0.001937788823735076,1.0,0.0025,ranging,0.20535844555784427,0.5958486920286837,0.19879286241347197,0
1789908300000,2575.1,2580.32,0.0001782724623302645,1.0,0.0025,ranging,0.2088848565164412,0.5877538934945137,0.203361249989045,0
1789909200000,2580.32,2581.55,-0.00046096337471679405,1.0,0.0025,ranging,0.20908201306258997,0.595081718416673,0.195836268520737,0
1789910100000,2581.55,2580.7,-0.0013290967566939038,1.0,0.0025,ranging,0.19805373796562756,0.6043184848655841,0.19762777716878835,0
1789911000000,2580.7,2580.09,0.0005968784034664498,1.0,0.0025,ranging,0.20269003433824678,0.6083650213872622,0.188944944274491,0
1789911900000,2580.09,2580.78,0.0018715272127030058,1.0,0.0025,ranging,0.19736098355564213,0.6225924074293868,0.180046609014971,0
1789912800000,2580.79,2580.36,0.006316948022756508,2.0,0.0025,ranging,0.21408712793527593,0.6049018203014109,0.1810110517633131,0
1789913700000,2580.36,2577.27,0.006165438623038977,2.0,0.0025,ranging,0.20574455748206935,0.6033298876684505,0.1909255548494801,0
1789914600000,2577.27,2581.63,0.008448150974384339,2.0,0.0025,ranging,0.20919567569687894,0.6026981180749338,0.1881062062281872,0
1789915500000,2581.62,2585.61,0.010635788073220631,2.0,0.0025,ranging,0.21863106790261164,0.5946388568475448,0.18673007524984356,0
1789916400000,2585.61,2596.66,0.010220822133047758,2.0,0.0025,ranging,0.23971402384618964,0.5684558722002719,0.19183010395353842,0
1789917300000,2596.66,2593.16,0.010103503061901442,2.0,0.0025,ranging,0.21019790746459585,0.6015362317487994,0.18826586078660476,0
1789918200000,2593.17,2603.44,0.014680576468057538,2.0,0.0025,ranging,0.23056542441326375,0.5813919923022909,0.18804258328444545,0
1789919100000,2603.44,2613.11,0.010255978508367347,2.0,0.0025,trending,0.23736282352269672,0.5704463783020156,0.19219079817528767,0
1789920000000,2613.11,2623.2,0.005104452577005203,2.0,0.0025,trending,0.2372453612170345,0.5532931155949625,0.20946152318800293,0
1789920900000,2623.2,2619.36,0.0008475352757923993,1.0,0.0025,trending,0.22739980994733186,0.5725068983929705,0.20009329165969755,0
1789921800000,2619.36,2641.66,-0.002347009077625417,1.0,0.002524332761877927,trending,0.23927373956248774,0.5425785632465544,0.21814769719095792,0
1789922700000,2641.66,2639.91,-0.005113810698092025,0.0,0.0025368174209578548,trending,0.2482785444852552,0.5519943305100404,0.19972712500470438,0
1789923600000,2639.9,2636.59,-0.004065857793589589,0.0,0.0026313372795621535,trending,0.24272358209266956,0.5496517057821132,0.20762471212521713,0
1789924500000,2636.58,2621.58,0.006465566566727032,2.0,0.002801823116838216,trending,0.215150326217508,0.5510589512776621,0.2337907225048299,0
1789925400000,2621.59,2635.46,-0.0011383212038884594,1.0,0.0028865561232013053,trending,0.23104827194199307,0.5440056518615468,0.22494607619646018,0
1789926300000,2635.46,2626.41,1.903739324782272e-05,1.0,0.0029373131712619495,high_volatility,0.2192845746556834,0.5522360133670976,0.22847941197721894,0
1789927200000,2626.4,2625.87,0.0005141153217791405,1.0,0.002845414850798927,trending,0.2083177517620454,0.5830232313883313,0.20865901684962332,0
1789928100000,2625.87,2638.53,-0.0034602600690536445,0.0,0.0028477968366984636,trending,0.2288983317305624,0.5750212458450003,0.1960804224244372,0
1789929000000,2638.53,2632.46,0.0009952667846804264,1.0,0.0028098640499744925,trending,0.22519400987917418,0.5717154449954732,0.2030905451253525,0
1789929900000,2632.45,2626.46,0.002619495442534925,1.0,0.002778947201092673,trending,0.2161972230120474,0.5658257376680587,0.2179770393198939,0
1789930800000,2626.47,2627.22,0.001739481276787025,1.0,0.002639409110748356,trending,0.21193103073931718,0.5775348753801927,0.21053409388049016,0
1789931700000,2627.23,2629.4,0.002776298775385877,2.0,0.0025018203297662647,trending,0.2242297710773302,0.5656620834290838,0.21010814549358608,0
1789932600000,2629.4,2635.08,0.0005806275331299293,1.0,0.0025,trending,0.21895846643309877,0.5830084523314533,0.19803308123544808,0
1789933500000,2635.08,2633.34,0.0004405052139107024,1.0,0.0025,trending,0.24059785598115155,0.5636963815244183,0.1957057624944302,0
1789934400000,2633.35,2631.79,-0.004571033403120928,0.0,0.0025,low_liquidity,0.23737326123741484,0.5686428561409964,0.19398388262158872,0
1789935300000,2631.79,2636.7,-0.004983502104903836,0.0,0.0025,trending,0.2543211748884804,0.552811707883194,0.19286711722832559,0
1789936200000,2636.71,2636.61,-0.005947030467153058,0.0,0.0025,trending,0.25617251036046124,0.5536971432096831,0.1901303464298557,0
1789937100000,2636.62,2634.5,-0.001305750616815371,1.0,0.0025,trending,0.2601946507883693,0.539399688665318,0.20040566054631276,0
1789938000000,2634.5,2619.76,0.010073441842000763,2.0,0.0025203594635768494,trending,0.2282076478510819,0.536143903882051,0.23564844826686704,0
1789938900000,2619.76,2623.56,0.00665507935781906,2.0,0.0025,trending,0.23189148380766963,0.5513511298990598,0.21675738629327065,0
1789939800000,2623.56,2620.93,0.005921562193572427,2.0,0.0025,trending,0.23282909146012984,0.5523673466247847,0.21480356191508537,0
1789940700000,2620.93,2631.06,0.003261043077694925,2.0,0.0025,trending,0.24072185294026066,0.5597045340632567,0.19957361299648255,0
1789941600000,2631.07,2646.15,-0.004481983258696642,0.0,0.002600626504473097,high_volatility,0.2606289966192199,0.5419637627247085,0.19740724065607168,0
1789942500000,2646.14,2641.02,-0.0012192259051426735,1.0,0.00259887201921307,high_volatility,0.2537650838191161,0.5443384104920354,0.20189650568884862,0
1789943400000,2641.02,2636.45,0.0026968082080069955,2.0,0.0025604708913871507,high_volatility,0.24979881473549448,0.5457123524416095,0.20448883282289587,0
1789944300000,2636.46,2639.64,0.002110136230698112,1.0,0.002514498602102927,trending,0.2387838293146364,0.558655322390984,0.2025608482943796,0
1789945200000,2639.63,2634.29,0.016903985514123532,2.0,0.0025,trending,0.24195995170615978,0.5544448867538299,0.20359516154001037,0
1789946100000,2634.29,2637.8,0.01821214648570768,2.0,0.0025334147392061545,high_volatility,0.2518925537233395,0.5432947244126968,0.20481272186396374,0
1789947000000,2637.81,2643.56,0.017797969404893532,2.0,0.0025,trending,0.239678142595884,0.5574749811143347,0.20284687628978126,0
1789947900000,2643.56,2645.21,0.016626279199005056,2.0,0.0025,trending,0.24888885307018715,0.5560633142577156,0.19504783267209722,0
1789948800000,2645.21,2678.82,0.004169746380868977,2.0,0.002899874994154883,high_volatility,0.27157948628055945,0.5150008435621256,0.21341967015731486,0
1789949700000,2678.75,2685.84,-0.0026211539034343145,1.0,0.003086375763101139,high_volatility,0.26287260866369677,0.5249723044597514,0.2121550868765519,0
1789950600000,2685.85,2690.61,-0.0031665681759898145,0.0,0.003052139775907911,high_volatility,0.2647902568171182,0.534414812287374,0.20079493089550765,0
1789951500000,2690.6,2689.19,-0.01477396539478426,0.0,0.003162331180762412,high_volatility,0.24755308016310498,0.5310922331052629,0.22135468673163222,0
1789952400000,2689.18,2689.99,-0.011156175301766824,0.0,0.0031215044889685776,high_volatility,0.23949482604482406,0.5382668940412889,0.222238279913887,0
1789953300000,2689.99,2678.8,-0.005073167089741704,0.0,0.0033784478706789674,high_volatility,0.2316773998226977,0.5380746828716628,0.23024791730563948,0
1789954200000,2678.79,2682.09,-0.008471005820088195,0.0,0.003359864349594973,high_volatility,0.2296423420600698,0.5487213657211979,0.22163629221873232,0
1789955100000,2682.09,2649.46,0.004619809319634793,2.0,0.0038376812486390043,high_volatility,0.2416878970825205,0.5349917707273688,0.2233203321901106,0
1789956000000,2649.46,2659.98,0.0012556485387109628,1.0,0.0038149905126367302,high_volatility,0.24925412717835813,0.5510929102670789,0.199652962554563,0
1789956900000,2659.97,2665.21,0.001054325925536892,1.0,0.003720301322528986,high_volatility,0.24805807503446142,0.5626946803691945,0.18924724459634418,0
1789957800000,2665.2,2659.37,0.0023765027055280274,1.0,0.003658922326437874,high_volatility,0.24727108698065625,0.5673341559828895,0.1853947570364543,0
1789958700000,2659.37,2661.7,0.0015967238982605991,1.0,0.0035496532150335776,high_volatility,0.2430539262197104,0.5710510577391569,0.1858950160411327,0
1789959600000,2661.7,2663.32,-0.001377979364102,1.0,0.003468534855312527,high_volatility,0.24626648884449234,0.5667346655307884,0.1869988456247193,0
1789960500000,2663.31,2668.02,-0.0045539388760204025,0.0,0.003383612386206749,high_volatility,0.25016403514377455,0.565830201167631,0.1840057636885943,0
1789961400000,2668.02,2665.69,-0.00020257419279812172,1.0,0.0032983712001238906,high_volatility,0.2400813229565008,0.5727461006938657,0.18717257634963352,0
1789962300000,2665.7,2665.95,-0.0007089405277668215,1.0,0.003169056771988473,high_volatility,0.23957478375752844,0.57360655015611,0.1868186660863615,0
1789963200000,2665.95,2659.65,0.00012783636944702081,1.0,0.0031187000898795646,high_volatility,0.23264329807190903,0.5762645424806079,0.19109215944748303,0
1789964100000,2659.64,2655.87,0.005079314876104801,2.0,0.0029928438575313873,high_volatility,0.24181864806971484,0.5623462917205057,0.1958350602097794,0
1789965000000,2655.86,2665.15,0.0010543496613699688,1.0,0.0029597866323987287,high_volatility,0.2491737309970482,0.5606107016296271,0.1902155673733247,0
1789965900000,2665.15,2664.06,0.0005067453435732006,1.0,0.002870955809215667,trending,0.2511684321883267,0.5622176570487537,0.18661391076291955,0
1789966800000,2664.05,2659.99,0.0024285805585735343,1.0,0.002787099117190241,trending,0.2408597079376788,0.5668537966037984,0.1922864954585228,0
1789967700000,2659.99,2669.36,0.001011478406809152,1.0,0.0027937548740830692,trending,0.2520741343805197,0.5564382723631905,0.1914875932562897,0
1789968600000,2669.35,2667.96,-0.005086283152671012,0.0,0.002754752899456376,trending,0.25395022980974824,0.5558011208377257,0.19024864935252608,0
1789969500000,2667.96,2665.41,-0.0009491973092319306,1.0,0.002663016118486115,trending,0.24044594747625272,0.5651046620143971,0.19444939050935012,0
1789970400000,2665.41,2666.45,-0.0027864764012075494,0.0,0.002564093706743935,trending,0.24294301488662806,0.560989141137847,0.19606784397552496,0
1789971300000,2666.45,2672.06,-0.005011115019872281,0.0,0.0025724229790743515,trending,0.25674638967007873,0.5496635509042554,0.19359005942566587,0
1789972200000,2672.07,2654.39,-0.0020419003989617934,1.0,0.0027031147616657283,trending,0.24126751070765468,0.548980437805009,0.20975205148733625,0
1789973100000,2654.4,2662.88,-0.0004581505738149305,1.0,0.0027088439771663047,trending,0.24477201308486607,0.5514908053598466,0.2037371815552873,0
1789974000000,2662.89,2659.02,0.0031891448729230998,2.0,0.0026813112631430204,trending,0.23421527424225208,0.5534467129200774,0.2123380128376704,0
1789974900000,2659.03,2658.67,0.008466639334704817,2.0,0.002557819822209523,trending,0.23861984071685594,0.5638792318913387,0.19750092739180541,0
1789975800000,2658.66,2648.97,0.019520794874989145,2.0,0.002576666853997681,ranging,0.22351554569694373,0.5589027182261546,0.21758173607690168,0
1789976700000,2648.96,2661.66,0.01300692049322616,2.0,0.0026241859685589655,ranging,0.2376636610275604,0.5673479274805618,0.19498841149187776,0
1789977600000,2661.66,2667.5,0.010946579194001771,2.0,0.0025909487408212802,ranging,0.24179393622681308,0.5682195791914277,0.1899864845817592,0
1789978500000,2667.51,2681.18,0.013520166493857122,2.0,0.0026351303999366488,ranging,0.25081318841714956,0.5581008569744169,0.1910859546084335,0
1789979400000,2681.18,2700.68,0.015310958721507228,2.0,0.0029613273597265378,high_volatility,0.2594659271880894,0.5398303505456019,0.20070372226630867,0
1789980300000,2700.67,2696.28,0.009082884566884664,2.0,0.003016398478651574,high_volatility,0.23202021869178888,0.551986783752609,0.21599299755560222,0
1789981200000,2696.27,2696.7,0.008595691029777308,2.0,0.0030004321040595287,high_volatility,0.238841161425215,0.559877227680887,0.20128161089389798,0
1789982100000,2696.7,2717.43,-0.0020239711786503856,1.0,0.0031747551472011944,high_volatility,0.24496643774602483,0.542155523309351,0.21287803894462415,0
1789983000000,2717.44,2742.03,-0.00978836847153397,0.0,0.003467172481586013,high_volatility,0.25740976189190756,0.5272843642015791,0.21530587390651346,0
1789983900000,2742.03,2720.77,-0.0017678818863777757,1.0,0.0036476066511602753,high_volatility,0.25371261350411384,0.5420418587048174,0.20424552779106878,0
1789984800000,2720.78,2719.88,0.0005257584893449962,1.0,0.0035666984186173574,high_volatility,0.24714501839268177,0.5485653729717245,0.20428960863559376,0
1789985700000,2719.89,2711.93,0.0035804758972393103,2.0,0.003495952330016337,high_volatility,0.23426119850889773,0.5501181096050389,0.2156206918860633,0
1789986600000,2711.93,2715.19,0.004382750378426614,2.0,0.0034012908865213784,high_volatility,0.24480140095643577,0.551575638672108,0.2036229603714562,0
1789987500000,2715.19,2715.96,0.003468386868731521,2.0,0.0032828950517959886,high_volatility,0.25077177055162275,0.5465399857789898,0.2026882436693875,0
1789988400000,2715.96,2721.31,-0.0004777111023733793,1.0,0.003188242621158447,high_volatility,0.25027303274860274,0.5537333713928988,0.19599359585849851,0
1789989300000,2721.31,2721.64,0.00016166723005239803,1.0,0.003091637889969728,trending,0.24509277930621534,0.5534059866980429,0.20150123399574174,0
1789990200000,2721.63,2727.09,0.00048403243017269837,1.0,0.0030325949090983934,trending,0.250090409703218,0.5514501849129252,0.1984594053838569,0
1789991100000,2727.1,2725.38,0.0035848211992455248,2.0,0.0029218486506859525,trending,0.23386292980357498,0.5498188339992804,0.21631823619714466,0
1789992000000,2725.38,2720.01,0.004150720034117539,2.0,0.0029012740599925362,trending,0.226219565179304,0.5446814584343803,0.22909897638631563,0
1789992900000,2720.0,2722.08,0.005257009345794428,2.0,0.0029302022173947856,trending,0.22788725583383038,0.5462520053325117,0.22586073883365784,0
1789993800000,2722.08,2728.41,-0.002228404088828295,1.0,0.002881405629627248,trending,0.23295166712285392,0.5409919961427045,0.22605633673444145,0
1789994700000,2728.4,2735.15,-0.0010566148108878126,1.0,0.00292330603808897,trending,0.23510949914859894,0.54970118928957,0.21518931156183094,0
1789995600000,2735.15,2731.3,-0.003917548420166339,0.0,0.0029467874175831384,trending,0.23080877725330412,0.5476150356324982,0.22157618711419766,0
1789996500000,2731.29,2736.39,-0.0010342093049601209,1.0,0.0029016145400478843,trending,0.2336063909537711,0.5430655063314204,0.22332810271480863,0
1789997400000,2736.39,2722.33,0.004723894604989232,2.0,0.003050048439234595,trending,0.2212770807770956,0.5398688584922927,0.2388540607306116,0
1789998300000,2722.33,2732.26,0.001614048443413063,1.0,0.0031920748699548473,high_volatility,0.24739672150576733,0.5267222075662397,0.22588107092799298,0
1789999200000,2732.27,2720.6,0.010416819819157652,2.0,0.0033516902861337556,high_volatility,0.2223136295315831,0.5414240938912679,0.23626227657714893,0
1790000100000,2720.57,2733.56,-7.316466439366565e-06,1.0,0.003424887893493192,high_volatility,0.2454030592311861,0.5424665100041024,0.21213043076471144,0
1790001000000,2733.57,2735.19,0.003634116825522282,2.0,0.003482489206855418,high_volatility,0.2516473217776019,0.5361163581387374,0.21223632008366078,0
1790001900000,2735.2,2736.67,0.006796581246551359,2.0,0.0036278841881892286,high_volatility,0.2514229345444133,0.5319906900910236,0.21658637536456302,0
1790002800000,2736.66,2748.94,0.0010840542172618761,1.0,0.0036170353371739535,high_volatility,0.25661817508587287,0.5340877426318891,0.20929408228223814,0
1790003700000,2748.94,2733.54,0.010363850538130048,2.0,0.0036891244779668894,high_volatility,0.2363862114958404,0.5405980182562855,0.22301577024787395,0
1790004600000,2733.54,2745.13,0.005442365206747901,2.0,0.003673747463209412,high_volatility,0.2412638744351979,0.5461809768872088,0.21255514867759337,0
1790005500000,2745.14,2755.27,-0.00022502331894869165,1.0,0.003714540987630472,high_volatility,0.25605857604688903,0.5329930374980222,0.21094838645508882,0
1790006400000,2755.28,2751.92,-0.0007921741911103286,1.0,0.003674092568898701,high_volatility,0.25182105113280856,0.5328494226130198,0.2153295262541717,0
1790007300000,2751.93,2761.87,-0.004518677562665885,0.0,0.003659749028444196,high_volatility,0.25236264002320036,0.5396862271467285,0.2079511328300711,0
1790008200000,2761.88,2760.07,-0.005662899853989267,0.0,0.003712813796116436,high_volatility,0.24217633765210433,0.5395060127883688,0.21831764955952684,0
1790009100000,2760.07,2754.65,-0.004134826565988403,0.0,0.0036452942599711187,high_volatility,0.24909350170187464,0.5364368837128036,0.21446961458532174,0
1790010000000,2754.65,2749.74,0.0003236669648767343,1.0,0.0035402731019759455,high_volatility,0.23920857061974873,0.5379038135516294,0.22288761582862188,0
1790010900000,2749.74,2749.39,0.0006401419951336251,1.0,0.0034457200966800283,trending,0.2379522318940129,0.5488887144505207,0.21315905365546636,0
1790011800000,2749.39,2744.44,0.0013700427045224561,1.0,0.003324362006090867,trending,0.23466389484839198,0.5458725659333837,0.21946353921822437,0
1790012700000,2744.43,2743.26,0.005446075107718329,2.0,0.003242119043764098,trending,0.24139851590254185,0.5503262021988948,0.20827528189856317,0
1790013600000,2743.26,2750.63,0.0036573439539304697,2.0,0.003216709349804848,trending,0.24385008906239153,0.545809634866544,0.21034027607106448,0
1790014500000,2750.63,2751.15,0.0053868382312849405,2.0,0.0030913748823244843,trending,0.24964289272199733,0.5462343536359849,0.2041227536420176,0
1790015400000,2751.15,2748.2,0.0060985372243651526,2.0,0.0029782836583319757,trending,0.24338349888976468,0.5446470659348143,0.21196943517542113,0
1790016300000,2748.2,2758.2,0.0013160757015444613,1.0,0.0029222461063572306,trending,0.2459256382663878,0.5490997744420423,0.20497458729156992,0
1790017200000,2758.21,2760.69,0.003752685017151647,2.0,0.0028177171477629785,trending,0.2479463951328531,0.5490386769065,0.2030149279606469,0
1790018100000,2760.7,2765.97,0.013998705698181846,2.0,0.0028260549821207477,trending,0.2488680704560618,0.5440437062409311,0.20708822330300708,0
1790019000000,2765.97,2764.96,0.006032637000173535,2.0,0.0028361087860133056,trending,0.2474149983822718,0.5408380973157164,0.21174690430201173,0
1790019900000,2764.96,2761.83,0.008190221700828726,2.0,0.0028200881179890436,trending,0.2329726378203566,0.5405863723030269,0.2264409898766166,0
1790020800000,2761.84,2771.05,-0.0007578354775267249,1.0,0.0028023377309213337,trending,0.2353757932713787,0.5492634328535363,0.21536077387508495,0
1790021700000,2771.05,2804.69,-0.012432746578053155,0.0,0.0031312967514236195,trending,0.2640258063379547,0.5113508873831794,0.22462330627886587,0
1790022600000,2804.69,2781.64,-0.001391265584331558,1.0,0.003317675824199141,trending,0.25809295188730014,0.5354193989461798,0.20648764916652002,0
1790023500000,2781.64,2784.45,-0.005652821921743878,0.0,0.003229966860219355,trending,0.244102377974635,0.5523583229701015,0.20353929905526358,0
1790024400000,2784.44,2768.95,0.0030083605698911775,1.0,0.0032652360722396348,trending,0.22948065537843182,0.5498360810550705,0.22068326356649753,0
1790025300000,2768.96,2769.82,0.0010469994440069907,1.0,0.0031395175882745164,trending,0.2391888368146063,0.5539613871170248,0.2068497760683688,0
1790026200000,2769.81,2777.77,-0.0003636010180827487,1.0,0.003067226122357366,low_liquidity,0.2409265469685793,0.5546854174939814,0.20438803553743934,0
1790027100000,2777.77,2768.71,0.0037923798447652146,2.0,0.00300017576975528,low_liquidity,0.2504247533309028,0.546872862696274,0.20270238397282325,0
1790028000000,2768.72,2777.28,0.0021387832699617526,1.0,0.0029258847433776135,low_liquidity,0.2587720213257176,0.5429427965163423,0.1982851821579402,0
1790028900000,2777.28,2772.72,0.0003426238495052303,1.0,0.002968204901971994,trending,0.25091756392748515,0.5469671751233095,0.20211526094920526,0
1790029800000,2772.72,2776.76,-0.0017682478860255868,1.0,0.0029162460217083755,trending,0.25548936354620605,0.5471626422510487,0.19734799420274532,0
1790030700000,2776.75,2779.21,-0.0010866397285559382,1.0,0.002847271062694239,trending,0.24135418029938227,0.5578364481717081,0.2008093715289097,0
1790031600000,2779.21,2783.22,-0.0032121068402783948,0.0,0.0027940693239165925,trending,0.24451027837390582,0.5546577785565516,0.20083194306954252,0
1790032500000,2783.21,2773.67,-0.0007282769759920926,1.0,0.0028097024908268708,low_liquidity,0.23911032781772923,0.5584769998048427,0.2024126723774281,0
1790033400000,2773.67,2771.85,0.00014070025434276268,1.0,0.00273364198744297,trending,0.24612611041072993,0.5471941727165638,0.20667971687270636,0
1790034300000,2771.86,2776.19,-0.007816467893047796,0.0,0.0026613089999917468,low_liquidity,0.257219100899988,0.5471154325609852,0.19566546653902683,0
1790035200000,2776.2,2774.28,-0.008686938593076565,0.0,0.002605151931953827,trending,0.25356632774655596,0.5484440143231318,0.1979896579303122,0
1790036100000,2774.27,2771.65,-0.006966969133909373,0.0,0.002556354304763053,low_liquidity,0.2540532316512596,0.5462035948474585,0.19974317350128176,0
1790037000000,2771.65,2772.24,-0.008253253686549389,0.0,0.00258520062977321,trending,0.2496724567528831,0.5512125134787261,0.19911502976839077,0
1790037900000,2772.24,2754.49,-0.002040305101851825,1.0,0.0027656236005439475,trending,0.22502872074241054,0.5602520844132312,0.21471919484435836,0
1790038800000,2754.49,2750.18,-0.0024871099346223113,1.0,0.0028438780934081694,trending,0.221043623238642,0.5674198324718025,0.21153654428955543,0
1790039700000,2750.19,2752.34,-0.0027031544067956936,1.0,0.00291723968161327,trending,0.22018108556570848,0.5739755762270852,0.20584333820720635,0
1790040600000,2752.33,2749.36,-0.0010147816219047145,1.0,0.002839155841172098,trending,0.21266111921418784,0.5836973339259867,0.20364154685982555,0
1790041500000,2749.35,2748.87,-0.0032267804588794746,0.0,0.0027637382307562188,trending,0.22053706991272626,0.5857619240163164,0.19370100607095736,0
1790042400000,2748.86,2743.34,-0.003969613682591411,0.0,0.0027788087939447383,trending,0.21471397220315047,0.5874218734508476,0.19786415434600188,0
1790043300000,2743.34,2744.9,-0.0018834930234252756,1.0,0.0027507592032534308,trending,0.21834755681586832,0.5862461409113161,0.19540630227281558,0
1790044200000,2744.89,2746.57,-0.004547490142250199,0.0,0.0026970591938603543,trending,0.21984795910434712,0.5852266385792311,0.1949254023164218,0
1790045100000,2746.58,2740.0,-0.00012773722627734685,1.0,0.0026666737307365373,trending,0.21461427927469143,0.5884880523425251,0.19689766838278336,0
1790046000000,2740.01,2732.45,0.0026166992991638605,1.0,0.002755792637398551,trending,0.2145715001129595,0.5852394231434437,0.20018907674359676,0
1790046900000,2732.45,2739.73,-0.0012592481740900663,1.0,0.002752222526014704,trending,0.2176732608941871,0.5897724622016709,0.19255427690414206,0
1790047800000,2739.73,2734.08,-0.0015398232677902302,1.0,0.002684906964671777,trending,0.22389648915659843,0.567768771226371,0.2083347396170305,0
1790048700000,2734.08,2739.65,-0.0037377037212783515,0.0,0.0026185241504156588,trending,0.22606924890427735,0.5823677159208903,0.1915630351748323,0
1790049600000,2739.64,2739.6,-0.004380201489268543,0.0,0.00252023016793174,trending,0.23381556810769136,0.5728980533220155,0.1932863785702932,0
1790050500000,2739.61,2736.28,-0.005759644480828108,0.0,0.0025,trending,0.21998270180600135,0.5828586244538708,0.19715867374012788,0
1790051400000,2736.27,2729.87,0.0014359658152220955,1.0,0.0025,trending,0.21837005836607973,0.5833817348456325,0.1982482067882878,0
1790052300000,2729.87,2729.41,0.0015131475300522723,1.0,0.0025,trending,0.2242393745453659,0.581244081834266,0.1945165436203681,0
1790053200000,2729.42,2727.6,0.0008798944126704455,1.0,0.0025,trending,0.21868636510637948,0.5839204410065186,0.19739319388710186,0
1790054100000,2727.6,2720.52,0.0034846279387763524,2.0,0.0025,trending,0.22233581965118113,0.5773477281694475,0.20031645217937138,0
1790055000000,2720.51,2733.79,0.00018289627220813287,1.0,0.0025,trending,0.23855696078358962,0.5709063110277837,0.19053672818862658,0
1790055900000,2733.79,2733.54,-0.0010279710558469546,1.0,0.0025,trending,0.22800974068062974,0.5814594141859586,0.1905308451334116,0
1790056800000,2733.55,2730.0,0.0009706959706961005,1.0,0.0025,trending,0.22917260762910577,0.5791784403792684,0.19164895199162596,0
1790057700000,2730.01,2730.0,-0.0008315018315018241,1.0,0.0025,low_liquidity,0.22429476439460203,0.5839582016967428,0.1917470339086551,0
1790058600000,2730.0,2734.29,-0.0031781559381046653,0.0,0.0025,trending,0.22821518193320195,0.5798656778432864,0.19191914022351178,0
1790059500000,2734.29,2730.73,-0.0016076287293140812,1.0,0.0025,trending,0.2284910632149105,0.5734504623417103,0.19805847444337926,0
1790060400000,2730.72,2732.65,0.00012808080068804628,1.0,0.0025,trending,0.22647126135666681,0.5727656305507902,0.20076310809254286,0
1790061300000,2732.65,2727.73,-0.0012611218852306427,1.0,0.0025,trending,0.23041698005616526,0.5686829232825101,0.20090009666132466,0
1790062200000,2727.73,2725.6,0.00769004989727029,2.0,0.0025,trending,0.23108407844428153,0.567094698316668,0.20182122323905052,0
1790063100000,2725.61,2726.34,0.008318845045005352,2.0,0.0025,trending,0.21897465113555725,0.5900490807203844,0.1909762681440584,0
1790064000000,2726.35,2733.0,0.002246615440907318,1.0,0.0025,trending,0.22794557073228527,0.582985738260264,0.18906869100745072,0
1790064900000,2733.01,2724.29,0.0057446160283964876,2.0,0.0025,trending,0.2384124041616675,0.5559911342304377,0.20559646160789477,0
1790065800000,2724.29,2746.56,-0.0009065886053826189,1.0,0.0025,trending,0.23619104489183315,0.5725543798204452,0.19125457528772163,0
1790066700000,2746.55,2749.02,0.0006365904940670575,1.0,0.0025,trending,0.2368127487829713,0.574286847918657,0.18890040329837174,0
1790067600000,2749.01,2739.14,0.0025226896033061497,2.0,0.0025,trending,0.2221764779900111,0.5740802750101227,0.20374324699986626,0
1790068500000,2739.14,2739.94,2.554800470089269e-05,1.0,0.0025,trending,0.21237337926168892,0.5847982263192576,0.20282839441905343,0
1790069400000,2739.93,2744.07,-0.0012135258940189075,1.0,0.0025,ranging,0.224405370180383,0.5716632512868558,0.20393137853276117,0
1790070300000,2744.08,2750.77,-0.0030900438786231055,0.0,0.0025,ranging,0.2380396080558602,0.5757554410602486,0.18620495088389113,0
1790071200000,2750.77,2746.05,-0.0016387174304910435,1.0,0.0025,ranging,0.21689533957646304,0.5756465176854455,0.20745814273809154,0
1790072100000,2746.05,2740.01,-0.0002372254115861061,1.0,0.0025,ranging,0.2327841811709062,0.5640431502075417,0.20317266862155214,0
1790073000000,2740.01,2740.74,0.0019228383575240482,1.0,0.0025,ranging,0.23428184834124824,0.5664786271451048,0.19923952451364704,0
1790073900000,2740.73,2742.27,0.00012033825990864777,1.0,0.0025,low_liquidity,0.21960461372510792,0.5868777583650258,0.19351762790986637,0
1790074800000,2742.26,2741.55,-7.2951432583678866e-06,1.0,0.0025,ranging,0.2199598397711346,0.5836699412871014,0.1963702189417641,0
1790075700000,2741.54,2739.36,0.0033913030780912123,2.0,0.0025,ranging,0.22205765253703766,0.5784368319038864,0.19950551555907597,0
1790076600000,2739.35,2746.01,0.0012381600941000492,1.0,0.0025,ranging,0.21822597421897202,0.5855958398339564,0.1961781859470716,0
1790077500000,2746.0,2742.6,0.005108291402319054,2.0,0.0025,ranging,0.22071614058699998,0.5807575142902015,0.19852634512279843,0
1790078400000,2742.59,2741.53,0.0054932829478429035,2.0,0.0025,ranging,0.2227049970070169,0.5824380197937231,0.19485698319925984,0
1790079300000,2741.54,2748.65,-0.0014807269022975023,1.0,0.0025,ranging,0.23641441617649422,0.5654788867180116,0.19810669710549425,0
1790080200000,2748.65,2749.41,0.0006510487704634027,1.0,0.0025,ranging,0.23346803985577788,0.5714521457476371,0.1950798143965849,0
1790081100000,2749.42,2756.61,0.0009359321775659346,1.0,0.0025,ranging,0.24050083581014262,0.5719649894513976,0.18753417473845974,0
1790082000000,2756.6,2756.59,0.00011971312382330623,1.0,0.0025,ranging,0.24004208332727156,0.5642100607655745,0.1957478559071539,0
1790082900000,2756.58,2744.58,-0.0016505257635046622,1.0,0.0025,ranging,0.22983746086708415,0.5701051612896091,0.20005737784330663,0
1790083800000,2744.55,2751.2,-0.008512649025879448,0.0,0.0025,ranging,0.2311648595355609,0.5639564508921908,0.20487868957224825,0
1790084700000,2751.2,2759.19,-0.005965518866044017,0.0,0.0025,ranging,0.2276276541409463,0.5769534834649264,0.19541886239412748,0
1790085600000,2759.2,2756.92,-0.0040298594083252315,0.0,0.0025,ranging,0.2348927681606084,0.5675658440317202,0.19754138780767136,0
1790086500000,2756.92,2740.05,0.001332092480064162,1.0,0.0025,ranging,0.21983749974838318,0.5706369421371127,0.2095255581145041,0
1790087400000,2740.04,2727.78,0.008402437146690644,2.0,0.0026696103639557785,ranging,0.21301167420955247,0.5663023220964183,0.22068600369402921,0
1790088300000,2727.78,2742.73,0.0004302282762065346,1.0,0.0027087043842575686,ranging,0.22817296366380327,0.5713531476540454,0.2004738886821512,0
1790089200000,2742.73,2745.81,-0.004603377509732942,0.0,0.0026558434769925273,ranging,0.23037525359090535,0.5752905974829479,0.19433414892614687,0
1790090100000,2745.82,2743.7,-0.004063855377774428,0.0,0.002636110271018045,ranging,0.22808374270475015,0.5774614060529089,0.1944548512423409,0
1790091000000,2743.7,2750.7,-0.004606100265386881,0.0,0.002612504992435656,ranging,0.23109971357278758,0.5743612105163399,0.1945390759108726,0
1790091900000,2750.7,2743.91,0.0008090644372447109,1.0,0.002640414259604668,ranging,0.23241396165654,0.5734695093666653,0.19411652897679463,0
1790092800000,2743.9,2733.17,0.005316171332189201,2.0,0.002720801125849522,ranging,0.2235382645628651,0.5739514750875728,0.202510260349562,0
1790093700000,2733.16,2732.55,0.007586320469890717,2.0,0.002651561889360169,ranging,0.23136174833878595,0.57147600339479,0.19716224826642406,0
1790094600000,2732.54,2738.03,0.0045981965135515335,2.0,0.002601709746737219,ranging,0.23183031426372666,0.571656630058427,0.19651305567784635,0
1790095500000,2738.02,2746.13,0.002829436334041091,2.0,0.002644247707349353,ranging,0.24560515309004163,0.5667134433457095,0.1876814035642489,0
1790096400000,2746.13,2747.7,0.0017323579721222337,1.0,0.0025522339056453123,ranging,0.23650470292901943,0.5784905828165634,0.18500471425441717,0
1790097300000,2747.69,2753.28,-0.003577551139005264,0.0,0.002527947194749565,ranging,0.23121944715792098,0.5818854610588665,0.18689509178321245,0
1790098200000,2753.28,2750.62,-0.0008470817488420712,1.0,0.0025257137840268974,ranging,0.23404925351627026,0.5747567800204678,0.19119396646326178,0
1790099100000,2750.62,2753.9,-0.0005592069428810298,1.0,0.0025096518971033537,ranging,0.23655778805826144,0.5617348220811906,0.20170738986054793,0
1790100000000,2753.91,2752.46,0.001246157982313978,1.0,0.0025,ranging,0.2376159898535359,0.5503043244706851,0.21207968567577903,0
1790100900000,2752.47,2743.43,0.007443237115581702,2.0,0.0025,ranging,0.2370161839296617,0.5556715711068316,0.20731224496350667,0
1790101800000,2743.43,2748.29,0.0021358735795713457,1.0,0.0025,ranging,0.22822239248299356,0.5597601943575277,0.21201741315947878,0
1790102700000,2748.3,2752.36,-0.00022526123036248347,1.0,0.0025,ranging,0.23010955733286637,0.5629928114607118,0.2068976312064218,0
1790103600000,2752.37,2755.89,-0.002202555254382288,1.0,0.0025,ranging,0.239916414687862,0.5667564426471281,0.19332714266500972,0
1790104500000,2755.89,2763.85,-0.0023083741881795294,1.0,0.0025,ranging,0.23838047452141317,0.5741744104145314,0.18744511506405534,0
1790105400000,2763.85,2754.16,-0.0002650535916577379,1.0,0.0025,ranging,0.24135078535474286,0.5533426064966831,0.20530660814857407,0
1790106300000,2754.16,2751.74,-7.631534956054065e-05,1.0,0.0025,ranging,0.23714482902099457,0.543593933238186,0.21926123774081957,0
1790107200000,2751.75,2749.82,-0.0005782196652872607,1.0,0.0025,ranging,0.22898857599403769,0.550825237282726,0.22018618672323623,0
1790108100000,2749.82,2757.47,-0.002955607857927589,0.0,0.0025,ranging,0.232526168170977,0.5589705251621778,0.20850330666684527,0
1790109000000,2757.48,2753.43,-0.00217910024950696,1.0,0.0025,ranging,0.23365660065233132,0.5578708493051885,0.20847255004248025,0
1790109900000,2753.42,2751.53,-0.0015336921639961254,1.0,0.0025,ranging,0.24197499093728278,0.5508579332755418,0.20716707578717544,0
1790110800000,2751.53,2748.23,-0.0033585253053783903,0.0,0.0025,ranging,0.2417549463899743,0.5468642377602055,0.21138081584982016,0
1790111700000,2748.22,2749.32,-0.001131188803049521,1.0,0.0025,low_liquidity,0.23443598995542042,0.5632023535883195,0.20236165645626006,0
1790112600000,2749.31,2747.43,0.003650684457838782,2.0,0.0025,ranging,0.2350279442981594,0.5614407637649977,0.20353129193684286,0
1790113500000,2747.43,2747.31,0.002100236231076913,1.0,0.0025,ranging,0.22909595628291426,0.5632606651042726,0.20764337861281312,0
1790114400000,2747.31,2739.0,0.010036509675063865,2.0,0.0025,ranging,0.2288693861565824,0.5505952951867524,0.22053531865666512,0
1790115300000,2739.0,2746.21,0.00419851358781731,2.0,0.0025,ranging,0.16637211752069753,0.5169103745315228,0.3167175079477797,1
1790116200000,2746.21,2757.46,-0.0013853328788088204,1.0,0.0025,ranging,0.1780854892597701,0.5405971973332475,0.2813173134069824,1
1790117100000,2757.46,2753.08,0.00019977625059941495,1.0,0.0025,ranging,0.17206857479616705,0.5379442338215817,0.28998719138225115,1
1790118000000,2753.08,2766.49,-0.0030327237763374537,0.0,0.0025,ranging,0.19865271585876895,0.5210912738702078,0.2802560102710233,1
1790118900000,2766.49,2757.74,8.70277836200195e-05,1.0,0.0025,ranging,0.15647064294599566,0.5254569724851997,0.3180723845688046,1
1790119800000,2757.74,2753.64,0.002672825786958377,2.0,0.0025,ranging,0.15651943882452324,0.522285578779063,0.3211949823964137,1
1790120700000,2753.64,2753.63,0.002313310067075136,1.0,0.0025,ranging,0.1716104942334142,0.5413772173372489,0.28701228842933685,1
1790121600000,2753.63,2758.1,0.004412457851419527,2.0,0.0025,ranging,0.17596043467116346,0.5311399525017457,0.29289961282709076,1
1790122500000,2758.09,2757.98,0.00333577473368174,2.0,0.0025,ranging,0.1674161289883185,0.5602548073110671,0.27232906370061427,1
1790123400000,2757.98,2761.0,-0.0029373415429192473,0.0,0.0025,ranging,0.18663556445022433,0.5287650805714377,0.2845993549783381,1
1790124300000,2761.01,2760.0,-0.0021050724637681206,1.0,0.0025,low_liquidity,0.16321860897151916,0.5638216370949743,0.2729597539335065,1
1790125200000,2760.01,2770.27,-0.006320683543481254,0.0,0.0025,ranging,0.19705802054164626,0.5416668036796551,0.2612751757786985,1
1790126100000,2770.28,2767.18,-0.002811526536040221,0.0,0.0025,ranging,0.16576944064388785,0.5650309668500245,0.2691995925060876,1
1790127000000,2767.18,2752.89,0.0017472547032391095,1.0,0.0025,ranging,0.17215026674275202,0.5201261172524715,0.3077236160047764,1
1790127900000,2752.89,2754.19,0.0029082960870527863,2.0,0.0025,ranging,0.17373978490254338,0.5315332689098283,0.29472694618762835,1
1790128800000,2754.18,2752.76,0.00444281375782829,2.0,0.0025,ranging,0.16518256025783346,0.5276335697517889,0.30718386999037767,1
1790129700000,2752.76,2759.4,0.0033050663187648155,2.0,0.0025,ranging,0.18723313722705406,0.5363993780223143,0.27636748475063155,1
1790130600000,2759.4,2757.7,0.009214200239330061,2.0,0.0025,low_liquidity,0.16115310281123588,0.56474488646662,0.27410201072214413,1
1790131500000,2757.7,2762.2,0.004275577438273892,2.0,0.0025,ranging,0.16772343425098668,0.5744115888898756,0.2578649768591377,1
1790132400000,2762.21,2764.99,0.004430395769966511,2.0,0.0025,low_liquidity,0.16863888943070235,0.583041095219836,0.2483200153494616,1
1790133300000,2765.0,2768.52,0.00414661985465159,2.0,0.0025,ranging,0.18443551653890594,0.5531491307195011,0.2624153527415929,1
1790134200000,2768.51,2783.11,-0.0006144205582963025,1.0,0.0025,ranging,0.20687045294847903,0.5311654601974279,0.2619640868540929,1
1790135100000,2783.12,2774.01,0.0020331577752061847,1.0,0.0025,ranging,0.16668836897933817,0.5063089577911758,0.32700267322948606,1
1790136000000,2774.02,2777.24,-0.0024124670536215254,1.0,0.0025,ranging,0.16621056800885642,0.507056809785627,0.3267326222055166,1
1790136900000,2777.24,2780.0,-0.0050000000000000044,0.0,0.0025,ranging,0.17124686118806404,0.48593669020675107,0.3428164486051849,1
1790137800000,2780.01,2781.4,-0.0047062630330050315,0.0,0.0025,ranging,0.17175520424915586,0.5059591776201058,0.32228561813073847,1
1790138700000,2781.39,2779.65,-0.007860701886928223,0.0,0.0025,ranging,0.16324277018116554,0.5325459327701835,0.304211297048651,1
1790139600000,2779.65,2770.54,-0.0038079219213583704,0.0,0.0025,ranging,0.15753378580537514,0.49361318561004774,0.34885302858457723,1
1790140500000,2770.53,2766.1,-0.0036730414663244115,0.0,0.0025,ranging,0.15747514707566523,0.497661361113826,0.34486349181050874,1
1790141400000,2766.1,2768.31,-0.0032655302332469383,0.0,0.0025,ranging,0.16981972211295085,0.5093361388043245,0.32084413908272463,1
1790142300000,2768.3,2757.8,-0.0012727536442092013,1.0,0.0025,ranging,0.16965392640015228,0.5221814642740503,0.3081646093257974,1
1790143200000,2757.8,2759.99,-0.004242768995539659,0.0,0.0025,ranging,0.17896670438666415,0.5258492112654842,0.29518408434785165,1
1790144100000,2760.0,2755.94,-0.0015058382983664798,1.0,0.0025,ranging,0.1611694424534815,0.5327315526656875,0.3060990048808309,1
1790145000000,2755.94,2759.27,-0.0071359453768569114,0.0,0.0025,ranging,0.17081406562871249,0.5316147419934377,0.2975711923778498,1
1790145900000,2759.26,2754.29,-0.004128105609794153,0.0,0.0025,ranging,0.16497375478269388,0.5515711586213992,0.2834550865959069,1
1790146800000,2754.3,2748.28,-0.0013572125110978828,1.0,0.0025,ranging,0.1686736392696355,0.5360221655115239,0.29530419521884066,1
1790147700000,2748.28,2751.79,-0.002358464853785991,1.0,0.0025,ranging,0.16071064002946928,0.5349829231442974,0.3043064368262335,1
1790148600000,2751.79,2739.58,0.001204564203272085,1.0,0.0025,ranging,0.15554802655979932,0.4929751725764425,0.35147680086375827,1
1790149500000,2739.59,2742.92,-0.002891079579426359,0.0,0.0025,ranging,0.16577900621377267,0.522732640724726,0.3114883530615013,1
1790150400000,2742.92,2744.55,-0.001774425679984093,1.0,0.0025,ranging,0.1565951740473025,0.5344670881051042,0.3089377378475933,1
1790151300000,2744.56,2745.3,-0.0026153790114014086,0.0,0.0025,ranging,0.17605964875535116,0.5581154025367158,0.26582494870793316,1
1790152200000,2745.29,2742.88,-0.00244997958350357,1.0,0.0025,low_liquidity,0.16382762906389023,0.5645667790123202,0.2716055919237897,1
1790153100000,2742.88,2734.99,-0.0005045722287831955,1.0,0.0025,ranging,0.16065525289708577,0.5052808548309312,0.33406389227198297,1
1790154000000,2735.0,2739.68,-0.0022082870992231607,1.0,0.0025,trending,0.1562437444339128,0.5508301946776607,0.2929260608884265,1
1790154900000,2739.68,2738.12,-0.0019758082187777415,1.0,0.0025,trending,0.18424514361473124,0.5426443775102847,0.2731104788749841,1
1790155800000,2738.11,2736.16,0.00027776153441316787,1.0,0.0025,trending,0.1726504450093778,0.5461770807604586,0.28117247423016367,1
1790156700000,2736.16,2733.61,0.0017266544971665798,1.0,0.0025,trending,0.17525049580547533,0.5262744149169964,0.29847508927752825,1
1790157600000,2733.61,2733.63,-0.00018656511671300002,1.0,0.0025,trending,0.18060736722126008,0.5341140403942234,0.2852785923845165,1
1790158500000,2733.63,2732.71,-0.004028967581631515,0.0,0.0025,trending,0.18273159441917414,0.5184518870628989,0.298816518517927,1
1790159400000,2732.71,2736.92,-0.006339242652324439,0.0,0.0025,trending,0.18084343764223282,0.5274699950302966,0.2916865673274706,1
1790160300000,2736.93,2738.33,-0.003786979655483358,0.0,0.0025,trending,0.16689429532828598,0.5641557020105917,0.26895000266112223,1
1790161200000,2738.33,2733.12,-0.003991774967802342,0.0,0.0025,trending,0.16879481961353543,0.5414786202464541,0.2897265601400105,1
1790162100000,2733.12,2721.7,0.00022412462798993005,1.0,0.0025,trending,0.15768167963962243,0.47129126461614823,0.3710270557442293,1
1790163000000,2721.7,2719.57,0.0009597105424752339,1.0,0.0025,trending,0.1564250245229957,0.4945337586432594,0.34904121683374506,1
1790163900000,2719.57,2727.96,-0.0021114679100867617,1.0,0.0025,trending,0.1733196109800135,0.5150138328076435,0.31166655621234296,1
1790164800000,2727.95,2722.21,-0.004812266504053642,0.0,0.0025,trending,0.17829237559777814,0.48100327252911595,0.3407043518731059,1
1790165700000,2722.22,2722.31,-0.002413391568190315,1.0,0.0025,trending,0.17706661690675263,0.4566440426715526,0.36628934042169475,1
1790166600000,2722.3,2722.18,-0.0005253142701804325,1.0,0.0025,trending,0.1641782075778429,0.5022223927036155,0.3335993997185415,1
1790167500000,2722.18,2722.2,-0.0022408346190581074,1.0,0.0025,trending,0.17606576415484432,0.49492103293918877,0.32901320290596703,1
1790168400000,2722.19,2709.11,-0.012214343455968946,0.0,0.0025,trending,0.16252058758191965,0.4613248863939844,0.37615452602409605,1
1790169300000,2709.11,2715.74,-0.02328647072252854,0.0,0.0025,trending,0.16503977049342855,0.48015499658917576,0.3548052329173957,1
1790170200000,2715.74,2720.75,-0.018891849673803196,0.0,0.0025,trending,0.16981251710369458,0.4922266984294505,0.33796078446685507,1
1790171100000,2720.75,2716.1,-0.014631272780825322,0.0,0.0025,trending,0.16301197016725272,0.4841670917845141,0.3528209380482331,1
1790172000000,2716.11,2676.02,0.001367702782490321,1.0,0.003112906164470816,trending,0.1323524423342254,0.41793551100881804,0.4497120466569567,1
1790172900000,2676.02,2652.5,0.008192271442035715,2.0,0.0033841009561118495,high_volatility,0.12349400824360479,0.4312092594794257,0.44529673227696953,1
1790173800000,2652.5,2669.35,-0.0015209695244160493,1.0,0.003518466539985036,high_volatility,0.12486390316188106,0.5014309594122124,0.3737051374259066,1
1790174700000,2669.35,2676.36,-0.007528882512068624,0.0,0.0035405829068643813,high_volatility,0.14422735633726846,0.5401713748572315,0.31560126880549993,1
1790175600000,2676.37,2679.68,-0.006120133747313017,0.0,0.003435867824623042,high_volatility,0.1488580830472212,0.5684356142561621,0.2827063026966166,1
1790176500000,2679.68,2674.23,-0.004146988104987259,0.0,0.00337227489781348,high_volatility,0.13964039705274414,0.5628044366909388,0.29755516625631706,1
1790177400000,2674.23,2665.29,-0.0006303254054905727,1.0,0.003373288864833708,high_volatility,0.13287022705133397,0.5539138774897975,0.31321589545886847,1
1790178300000,2665.29,2656.21,0.0017769679355170709,1.0,0.00333795440068971,high_volatility,0.12578996533116393,0.5332325791248416,0.34097745554399433,1
1790179200000,2656.2,2663.28,-0.004130245411672839,0.0,0.0035679420586250347,high_volatility,0.1324991817041276,0.47833322656586735,0.38916759173000504,1
1790180100000,2663.28,2663.14,-0.00017272843335314203,1.0,0.0034275214713413876,high_volatility,0.12910010177378003,0.5446365719211615,0.32626332630505844,1
1790181000000,2663.14,2663.61,0.0013252690896938812,1.0,0.0033731236904975237,high_volatility,0.1324012413644013,0.5428663031033945,0.32473245553220415,1
1790181900000,2663.61,2660.93,0.002668240051410642,1.0,0.0033353783911263973,high_volatility,0.12621621780371683,0.5255967196693315,0.3481870625269516,1
1790182800000,2660.92,2652.28,0.004109671678706572,2.0,0.0034121507718938237,high_volatility,0.12357607959607171,0.5241080422301242,0.3523158781738041,1
1790183700000,2652.27,2662.68,-0.00038682830832081905,1.0,0.003443354875555593,high_volatility,0.13635994175855431,0.5432515557906976,0.3203885024507481,1
1790184600000,2662.69,2667.14,-0.0010460643235825628,1.0,0.003387126769299618,high_volatility,0.14191395916254987,0.5556140153162975,0.30247202552115265,1
1790185500000,2667.13,2668.03,0.00038230454680054926,1.0,0.00322943565073179,trending,0.14891891098037768,0.5816106105031824,0.2694704785164399,1
1790186400000,2668.02,2663.18,0.002117768982945245,1.0,0.003114778079210491,trending,0.13655022944858183,0.5599135642953023,0.30353620625611577,1
1790187300000,2663.18,2661.65,0.004414554881370547,2.0,0.002982838006094322,trending,0.14464381121911285,0.5457081840487561,0.30964800473213105,1
1790188200000,2661.64,2664.35,0.003610636740668305,2.0,0.0028494894258844273,trending,0.14658859519537581,0.5622647514453436,0.29114665335928075,1
1790189100000,2664.35,2669.05,0.003716678218841807,2.0,0.0027991362088200856,trending,0.15837721919682413,0.5712609020000066,0.2703618788031693,1
1790190000000,2669.05,2668.82,0.0014725609070673773,1.0,0.0027238749836997586,trending,0.139585748709869,0.5407859058174219,0.3196283454727091,1
1790190900000,2668.82,2673.4,-0.0009014737787088611,1.0,0.0026827238840312633,trending,0.1439565123386813,0.5592266308244389,0.29681685683687986,1
1790191800000,2673.4,2673.97,0.0006357588155441185,1.0,0.0025665402382011766,trending,0.13509428596688366,0.5636531334926757,0.3012525805404407,1
1790192700000,2673.97,2678.97,-0.0028406439788425386,0.0,0.0025,trending,0.14977286519015268,0.5571314275406702,0.2930957072691771,1
1790193600000,2678.97,2672.75,0.00034047329529496295,1.0,0.0025,trending,0.13931749194208806,0.5264534007288951,0.33422910732901673,1
1790194500000,2672.75,2670.99,0.0014489009693037236,1.0,0.0025,low_liquidity,0.1366617133170156,0.5402456422272384,0.3230926444557461,1
1790195400000,2670.99,2675.67,0.0009156585079623802,1.0,0.0025,low_liquidity,0.13974216144316468,0.5593374188795404,0.30092041967729494,1
1790196300000,2675.68,2671.36,0.0022685074269286343,1.0,0.0025,trending,0.14770391598472082,0.5589539146262066,0.2933421693890725,1
1790197200000,2671.37,2673.66,0.006152614767771514,2.0,0.0025,trending,0.16529688203177395,0.5538426819313207,0.28086043603690536,1
1790198100000,2673.66,2674.86,0.004628279610895403,2.0,0.0025,trending,0.15041991884387668,0.5599415489559356,0.28963853220018765,1
1790199000000,2674.87,2678.12,0.00275193045867983,2.0,0.0025,trending,0.1427470135097657,0.5957132139813222,0.261539772508912,1
1790199900000,2678.12,2677.42,0.004799396433880387,2.0,0.0025,trending,0.13891787092719166,0.6038623262767365,0.2572198027960718,1
1790200800000,2677.43,2690.11,-0.0014348855623004253,1.0,0.0025,trending,0.15963151248807522,0.5840784057622515,0.2562900817496734,1
1790201700000,2690.1,2687.24,-0.0012540748128190282,1.0,0.0025,trending,0.14277694156113988,0.5888627452681142,0.2683603131707459,1
1790202600000,2687.25,2685.49,-0.0013591560571812877,1.0,0.0025,low_liquidity,0.13997354100151949,0.5922751787560555,0.267751280242425,1
1790203500000,2685.49,2690.27,-0.0020667070591426917,1.0,0.0025,trending,0.1553225570053851,0.555174724678325,0.28950271831629,1
1790204400000,2690.27,2686.25,-0.0002233597021870093,1.0,0.0025,low_liquidity,0.13647943318504288,0.5798114308978303,0.2837091359171269,1
1790205300000,2686.26,2683.87,0.0017400246658743068,1.0,0.0025,trending,0.1375361219412912,0.5840292898792686,0.27843458817944017,1
1790206200000,2683.87,2681.84,0.001428123974584583,1.0,0.0025,trending,0.13275190805832932,0.5783380387527254,0.2889100531889453,1
1790207100000,2681.84,2684.71,-0.0009014008961861775,1.0,0.0025,trending,0.12982560861007847,0.6186290874163808,0.25154530397354063,1
1790208000000,2684.7,2685.65,-0.0008601269711242532,1.0,0.0025,trending,0.12933018200036145,0.6147516917233872,0.2559181262762514,1
1790208900000,2685.65,2688.54,-0.002261450452662017,1.0,0.0025,trending,0.12827435817736577,0.6280030719693986,0.24372256985323554,1
1790209800000,2688.54,2685.67,-0.0025542974378833794,0.0,0.0025,trending,0.12953591306373358,0.5980572472473377,0.2724068396889288,1
1790210700000,2685.66,2682.29,-0.0027103706161526464,0.0,0.0025,trending,0.12802357171285347,0.6004695919363954,0.2715068363507511,1
1790211600000,2682.29,2683.34,-0.0036633449357889036,0.0,0.0025,trending,0.12644488247145258,0.6001113595115403,0.27344375801700704,1
1790212500000,2683.35,2682.46,-0.000764223884046844,1.0,0.0025,ranging,0.13506570892645664,0.5861839582428966,0.27875033283064676,1
1790213400000,2682.45,2678.81,0.0026093675923264392,2.0,0.0025,ranging,0.13576198257384603,0.5670332237493375,0.2972047936768165,1
1790214300000,2678.81,2675.02,0.003999970093681471,2.0,0.0025,ranging,0.129144505731604,0.5556867355985615,0.31516875866983446,1
1790215200000,2675.02,2673.51,0.00472038630863536,2.0,0.0025,ranging,0.1317465634065988,0.5573128839093708,0.31094055268403037,1
1790216100000,2673.51,2680.41,-0.0016452706862009059,1.0,0.0025,ranging,0.13975808657657737,0.5857541702057242,0.2744877432176985,1
1790217000000,2680.41,2685.8,-0.003499888301437215,0.0,0.0025,ranging,0.14579857998280732,0.6001585697569671,0.25404285026022555,1
1790217900000,2685.81,2685.72,-0.003336163114546431,0.0,0.0025,ranging,0.13804997590444495,0.6060559861101098,0.2558940379854453,1
1790218800000,2685.72,2686.13,-0.005189622244641923,0.0,0.0025,ranging,0.1377033434713936,0.6129001268581606,0.24939652967044584,1
1790219700000,2686.13,2676.0,0.0006689088191329517,1.0,0.0025,ranging,0.13660823378076206,0.5568702130929388,0.3065215531262991,1
1790220600000,2675.99,2676.4,-0.00011582723060821198,1.0,0.0025,ranging,0.13350412888206173,0.5858651333037412,0.2806307378141971,1
1790221500000,2676.41,2676.76,0.002009892556672943,1.0,0.0025,ranging,0.13682006533089752,0.6082360582260775,0.2549438764430249,1
1790222400000,2676.76,2672.19,0.007409652756727558,2.0,0.0025,ranging,0.14567756728873887,0.5591508644491175,0.2951715682621435,1
1790223300000,2672.19,2677.79,0.0055717588011008345,2.0,0.0025,ranging,0.14799330859295864,0.5688275198479432,0.28317917155909805,1
1790224200000,2677.8,2676.09,0.005885452282994974,2.0,0.0025,ranging,0.15532120231232002,0.5732325178304298,0.2714462798572502,1
1790225100000,2676.09,2682.14,0.00014167791390451434,1.0,0.0025,ranging,0.16106802208863247,0.56445449923765,0.27447747867371747,1
1790226000000,2682.15,2691.99,-0.0016121902384480524,1.0,0.0025,ranging,0.17783760975942123,0.5589451321109681,0.26321725812961083,1
1790226900000,2691.98,2692.71,-0.001604331695578165,1.0,0.0025,ranging,0.1397262341837679,0.6042397173739953,0.2560340484422368,1
1790227800000,2692.7,2691.84,-0.0010030313837375848,1.0,0.0025,ranging,0.14320638626650506,0.5874821372539725,0.26931147647952247,1
1790228700000,2691.84,2682.52,0.0013345660050996244,1.0,0.0025,ranging,0.15912062322128867,0.5367397099093715,0.3041396668693399,1
1790229600000,2682.52,2687.65,-0.0012836492846911574,1.0,0.0025,ranging,0.16791071466867535,0.5292260024813207,0.3028632828500039,1
1790230500000,2687.64,2688.39,0.0019863189492597133,1.0,0.0025,ranging,0.1638614975550683,0.5479667888742189,0.28817171357071275,1
1790231400000,2688.39,2689.14,0.0025919067062332157,2.0,0.0025,ranging,0.1577097068198031,0.5641691290403966,0.27812116413980037,1
1790232300000,2689.15,2686.1,0.002754923495029926,2.0,0.0025,low_liquidity,0.15573528761713815,0.5608751732801026,0.28338953910275927,1
1790233200000,2686.09,2684.2,0.0012592206243946524,1.0,0.0025,ranging,0.1717814538287084,0.5422196778525046,0.285998868318787,1
1790234100000,2684.21,2693.73,-0.00866827781551971,0.0,0.0025,ranging,0.1690060671514411,0.5653879761870885,0.2656059566614705,1
1790235000000,2693.73,2696.11,-0.009899447722830357,0.0,0.0025,ranging,0.17633617231206047,0.5747346754957403,0.2489291521921993,1
1790235900000,2696.11,2693.5,-0.00898459253759043,0.0,0.0025,ranging,0.16427763511232263,0.524583395908092,0.3111389689795853,1
1790236800000,2693.5,2687.58,-0.010552244026224344,0.0,0.0025,ranging,0.16219600017428465,0.48033073386699754,0.3574732659587178,1
1790237700000,2687.58,2670.38,-0.005766969494978236,0.0,0.0025,ranging,0.14989487777150795,0.4537116314572156,0.3963934907712764,1
1790238600000,2670.39,2669.42,-0.01096867484322439,0.0,0.0025,ranging,0.14673746714804448,0.46601318877837755,0.387249344073578,1
1790239500000,2669.42,2669.3,-0.010077548420934335,0.0,0.0025,ranging,0.1517613051812658,0.46714984715283814,0.381088847665896,1
1790240400000,2669.3,2659.22,-0.007077263257646904,0.0,0.0025,ranging,0.14361822383409228,0.473559473103725,0.3828223030621828,1
1790241300000,2659.22,2654.98,-0.0060942078659725896,0.0,0.0025,ranging,0.146364730591217,0.4703604150759803,0.3832748543328027,1
1790242200000,2654.98,2640.14,0.0006552682812275279,1.0,0.0030032653932715275,high_volatility,0.132320639044241,0.4316546958197349,0.4360246651360242,1
1790243100000,2640.15,2642.4,0.002191189827429607,1.0,0.0029603913714830294,high_volatility,0.13917122710463428,0.4910989701953764,0.3697298026999893,1
1790244000000,2642.41,2640.4,0.003635812755643064,2.0,0.0029047275326272996,high_volatility,0.13545943548767747,0.49806613232882113,0.3664744321835014,1
1790244900000,2640.4,2638.8,0.003592542064574822,2.0,0.0028567463972514148,trending,0.1431777410451126,0.5109715132922793,0.34585074566260804,1
1790245800000,2638.79,2641.87,0.0018661024198769471,1.0,0.002818484393626799,trending,0.14201319204269497,0.5155584477204579,0.3424283602368472,1
1790246700000,2641.87,2648.19,-0.0001925843689464246,1.0,0.0027489638946083645,trending,0.14231901081473078,0.552221364127956,0.3054596250573133,1
1790247600000,2648.2,2650.0,-0.0007396226415093965,1.0,0.002617496578135255,trending,0.14366484635247723,0.5666195029659757,0.289715650681547,1
1790248500000,2650.0,2648.28,7.929675109874523e-05,1.0,0.002501536229357478,trending,0.14031936877810833,0.5544844188825658,0.305196212339326,1
1790249400000,2648.28,2646.8,-0.0011598911893607733,1.0,0.0025,trending,0.142913465676606,0.5497110045261256,0.3073755297972683,1
1790250300000,2646.81,2647.68,0.00042301184433179984,1.0,0.0025,trending,0.14147416423010667,0.5302677046141128,0.3282581311557805,1
1790251200000,2647.68,2648.04,0.0035346898083110645,2.0,0.0025,trending,0.14718090938983813,0.5109639551693959,0.34185513544076607,1
1790252100000,2648.03,2648.49,0.004561089526485151,2.0,0.0025,trending,0.1423187286685236,0.5015244754088284,0.356156795922648,1
1790253000000,2648.5,2643.73,0.008143796832505767,2.0,0.0025,trending,0.1439705183320561,0.4801559055491694,0.3758735761187745,1
1790253900000,2643.72,2648.8,0.008045152521896748,2.0,0.0025,trending,0.14978830475084495,0.4487208094838283,0.4014908857653268,1
1790254800000,2648.8,2657.4,0.003732972077971075,2.0,0.0025,trending,0.15553513030454919,0.5136009344027986,0.3308639352926523,1
1790255700000,2657.4,2660.57,0.012576252457180193,2.0,0.0025,trending,0.16042509577820338,0.5288625985300542,0.31071230569174246,1
1790256600000,2660.57,2665.26,0.005800559795291926,2.0,0.0025,trending,0.17271586660058322,0.5065725499319698,0.32071158346744705,1
1790257500000,2665.27,2670.11,-0.0045840808056597515,0.0,0.0025,trending,0.14833247804659333,0.5400178977756492,0.3116496241777575,1
1790258400000,2670.11,2667.32,-0.001323425760688668,1.0,0.0025,trending,0.13983119957916607,0.5352696124631215,0.3248991879577124,1
1790259300000,2667.32,2694.03,-0.008919722497522375,0.0,0.0026426874942505007,trending,0.17771120491754352,0.47180057565901673,0.3504882194234398,1
1790260200000,2694.02,2680.72,0.0006901131039422914,1.0,0.0027789770784331902,trending,0.14869675390070364,0.5418941301769643,0.309409115922332,1
1790261100000,2680.71,2657.87,0.009673159334354198,2.0,0.003180569742959227,high_volatility,0.13955313044096126,0.4375144489018859,0.4229324206571529,1
1790262000000,2657.86,2663.79,0.003930490016105015,2.0,0.0031616078631077067,high_volatility,0.13656472376267773,0.4725839740363968,0.3908513022009255,1
1790262900000,2663.78,2670.0,0.009689138576779,2.0,0.0031360131708314566,high_volatility,0.15120109699105092,0.5032104820479986,0.34558842096095055,1
1790263800000,2670.0,2682.57,0.002773459779241483,1.0,0.003164529780864719,high_volatility,0.16749450512155054,0.5404831723279558,0.2920223225504936,1
1790264700000,2682.56,2683.58,0.0015091780382920916,1.0,0.0030437471188621626,ranging,0.1498626313608297,0.5331702256829953,0.3169671429561749,1
1790265600000,2683.59,2674.26,0.004176856401396867,2.0,0.0031304202073542814,high_volatility,0.14336954277249644,0.5122204596666539,0.3444099975608497,1
1790266500000,2674.26,2695.87,-0.004833319114052159,0.0,0.0032822229152727894,high_volatility,0.16491892141840675,0.5028333760049764,0.3322477025766169,1
1790267400000,2695.88,2690.01,-0.006717447147036704,0.0,0.003377836667037191,high_volatility,0.14643259249331245,0.5313891418082209,0.3221782656984665,1
1790268300000,2690.01,2687.63,-0.006663863701476869,0.0,0.0033408985230497087,high_volatility,0.14810180307346615,0.5173810675098441,0.33451712941668976,1
1790269200000,2687.62,2685.43,-0.0036269796643367824,0.0,0.003255299052068632,high_volatility,0.14351894795687548,0.49315135339426636,0.3633296986488582,1
1790270100000,2685.42,2682.84,0.00013045876757455943,1.0,0.0032063679462849843,high_volatility,0.14836519551195293,0.49728654491945073,0.3543482595685962,1
1790271000000,2682.84,2671.94,0.005778572872145338,2.0,0.003237301050203915,high_volatility,0.15074484912739242,0.466104331595859,0.3831508192767486,1
1790271900000,2671.94,2669.72,0.007641250767870922,2.0,0.0031251100753493647,ranging,0.17242353506927802,0.4661769033375866,0.36139956159313547,1
1790272800000,2669.71,2675.69,0.005262194050880353,2.0,0.003141117546574154,ranging,0.18694078048464113,0.47429626523904006,0.3387629542763187,1
1790273700000,2675.69,2683.19,0.005258665990854228,2.0,0.0030871712536865476,ranging,0.1829598919080257,0.5199031176207456,0.2971369904712289,1
1790274600000,2683.2,2687.38,0.0031443264443435925,2.0,0.0030604176205164665,ranging,0.19187723877491752,0.5146916628463073,0.2934310983787752,1
1790275500000,2687.37,2690.12,0.0025389201968684105,1.0,0.002972585566159183,ranging,0.18354172376507105,0.49534503984979095,0.3211132363851379,1
1790276400000,2690.13,2689.77,-0.00046844153961111967,1.0,0.002920269722532565,ranging,0.17204210065245934,0.5035053126327703,0.32445258671477034,1
1790277300000,2689.76,2697.3,-0.0031883735587440176,0.0,0.0028363045741639325,ranging,0.16797504608780348,0.5107245844489828,0.3213003694632136,1
1790278200000,2697.3,2695.83,-0.0028822292206852618,0.0,0.002718927705344945,ranging,0.15400610761481373,0.5129034046074699,0.33309048777771644,1
1790279100000,2695.82,2696.95,-0.003218450471829226,0.0,0.002662557158131029,ranging,0.1568097577939226,0.5134971005276943,0.32969314167838315,1
1790280000000,2696.94,2688.51,-0.0008108580589248904,1.0,0.002622328402271658,ranging,0.15381699317104436,0.4768035555084237,0.369379451320532,1
1790280900000,2688.51,2688.7,0.00013761297281233986,1.0,0.002581811436389547,ranging,0.157061447257778,0.47819035971208357,0.3647481930301385,1
1790281800000,2688.71,2688.06,0.0008779565932308664,1.0,0.0025,ranging,0.1459858969149298,0.4933879182536519,0.36062618483141823,1
1790282700000,2688.06,2688.27,-0.000576578989461729,1.0,0.0025,low_liquidity,0.14686837272886696,0.5412629295898084,0.31186869768132464,1
1790283600000,2688.28,2686.33,-0.00020474029624051315,1.0,0.0025,low_liquidity,0.14453996656925844,0.539231060416866,0.3162289730138756,1
1790284500000,2686.32,2689.07,-0.0031349128137238003,0.0,0.0025,low_liquidity,0.15368608990875157,0.5354260084933528,0.31088790159789564,1
1790285400000,2689.07,2690.42,-0.0032894492309750722,0.0,0.0025,ranging,0.16825319081060516,0.5208412130114535,0.31090559617794133,1
1790286300000,2690.42,2686.72,-0.00044291924726047593,1.0,0.0025,ranging,0.15368558383781783,0.5290829199633038,0.3172314961988783,1
1790287200000,2686.72,2685.78,3.350981837657585e-05,1.0,0.0025,ranging,0.15962051922112752,0.512554735025483,0.3278247457533895,1
1790288100000,2685.79,2680.64,0.004569804225856622,2.0,0.0025,ranging,0.13901531168384204,0.5045557255749309,0.3564289627412271,1
1790289000000,2680.65,2681.57,0.0032369097207978204,2.0,0.0025,ranging,0.14455193651402765,0.5046916148922447,0.35075644859372757,1
1790289900000,2681.57,2685.53,0.0009383622599634656,1.0,0.0025,low_liquidity,0.14620443562314772,0.5346848750255819,0.3191106893512703,1
1790290800000,2685.53,2685.87,0.0033955478113236737,2.0,0.0025,ranging,0.14421863616461975,0.5391918461330666,0.31658951770231364,1
1790291700000,2685.88,2692.89,-0.0003899156668113468,1.0,0.0025,ranging,0.15456852292332532,0.5310494186471185,0.31438205842955624,1
1790292600000,2692.89,2690.25,8.177678654397447e-05,1.0,0.0025,ranging,0.15389126118103838,0.5281315279347855,0.3179772108841762,1
1790293500000,2690.26,2688.05,0.001015606108517364,1.0,0.0025,low_liquidity,0.14331150045565844,0.5543439719424805,0.302344527601861,1
1790294400000,2688.06,2694.99,-0.00038219065747913117,1.0,0.0025,ranging,0.15507022798166772,0.5321991167415324,0.3127306552767997,1
1790295300000,2694.99,2691.84,-0.0009510223490252212,1.0,0.0025,ranging,0.14439889255719673,0.5561654621587107,0.2994356452840926,1
1790296200000,2691.83,2690.47,-0.0013231888852133222,1.0,0.0025,ranging,0.14787396795925384,0.5343367115195055,0.31778932052124065,1
1790297100000,2690.48,2690.78,-0.000445967340325204,1.0,0.0025,low_liquidity,0.1426895098757219,0.5475651397419694,0.3097453503823087,1
1790298000000,2690.78,2693.96,0.0011804184174968313,1.0,0.0025,ranging,0.14698445569951818,0.5536707866119144,0.29934475768856744,1
1790298900000,2693.97,2689.28,0.0008701213707758004,1.0,0.0025,ranging,0.13801894979861737,0.5454664634752288,0.3165145867261539,1
1790299800000,2689.28,2686.91,-0.001079306712915451,1.0,0.0025,ranging,0.14419855701218437,0.5120637009365312,0.3437377420512845,1
1790300700000,2686.9,2689.58,-0.0047553893172911366,0.0,0.0025,ranging,0.1425441344169083,0.5363731531070348,0.321082712476057,1
1790301600000,2689.58,2697.14,-0.007663673372535373,0.0,0.0025,ranging,0.15405112781076963,0.5456252584032883,0.300323613785942,1
1790302500000,2697.14,2691.62,-0.005966666914348995,0.0,0.0025,ranging,0.1474466346813814,0.5139184177492528,0.33863494756936585,1
1790303400000,2691.63,2684.01,-0.0026527471954278514,0.0,0.0025,ranging,0.15170424473377156,0.4758751910036743,0.37242056426255427,1
1790304300000,2684.01,2676.79,0.0008592381172973784,1.0,0.0025,ranging,0.14074140154714443,0.4947786069270678,0.3644799915257877,1
1790305200000,2676.8,2676.47,-0.001292747536867478,1.0,0.0025,ranging,0.13781522581338201,0.514326906450161,0.34785786773645705,1
1790306100000,2676.47,2675.56,0.00043729163240602276,1.0,0.0025,ranging,0.14158065435338893,0.49126939756477833,0.3671499480818327,1
1790307000000,2675.56,2676.89,0.002663538658667308,2.0,0.0025,ranging,0.1436910769526702,0.49140525181610395,0.36490367123122597,1
1790307900000,2676.89,2679.09,0.0004516458946881574,1.0,0.0025,ranging,0.15121568913382036,0.5054127594801713,0.34337155138600833,1
1790308800000,2679.1,2673.01,0.0020538643701295545,1.0,0.0025,ranging,0.13693455627078124,0.5031041232272588,0.35996132050196,1
1790309700000,2673.01,2676.73,0.0012253757383076103,1.0,0.0025,ranging,0.14620741812321061,0.5079883803608735,0.34580420151591584,1
1790310600000,2676.73,2684.02,-0.0008643750791723637,1.0,0.0025,ranging,0.15435216073906807,0.5154498593127033,0.3301979799482287,1
1790311500000,2684.03,2680.3,-0.00013431332313551536,1.0,0.0025,ranging,0.14487290886693022,0.530762331081724,0.32436476005134585,1
1790312400000,2680.29,2678.5,-0.001176031360836327,1.0,0.0025,ranging,0.14782436082204478,0.514834907519534,0.33734073165842127,1
1790313300000,2678.5,2680.01,-0.0009067130346529506,1.0,0.0025,ranging,0.1445182744790912,0.5138088668032472,0.34167285871766145,1
1790314200000,2680.02,2681.7,-0.0029048737740985375,0.0,0.0025,ranging,0.14893746860155407,0.5161003425099334,0.3349621888885125,1
1790315100000,2681.69,2679.94,-0.002022433338059848,1.0,0.0025,low_liquidity,0.14638912892365905,0.5157486905183202,0.33786218055802075,1
1790316000000,2679.94,2675.35,-0.0017679929728821042,1.0,0.0025,ranging,0.14546345833793262,0.4754196777423157,0.3791168639197516,1
1790316900000,2675.35,2677.58,0.0007730861449517512,1.0,0.0025,ranging,0.14683943694335916,0.49944019134377143,0.3537203717128695,1
1790317800000,2677.58,2673.91,-0.0013388633125273053,1.0,0.0025,ranging,0.14022331660800408,0.48521186191300053,0.37456482147899534,1
1790318700000,2673.91,2674.52,-0.0009272691922288523,1.0,0.0025,ranging,0.1451134211488153,0.5232672106294636,0.331619368221721,1
1790319600000,2674.52,2670.62,0.002871992271457513,2.0,0.0025,ranging,0.1383101396261546,0.4963211647656012,0.36536869560824425,1
1790320500000,2670.63,2679.65,0.004743156755546485,2.0,0.0025,ranging,0.1442276326281957,0.5112769735502107,0.3444953938215936,1
1790321400000,2679.64,2670.33,0.006171521871828567,2.0,0.0025,ranging,0.14369815544664427,0.46345008632297624,0.3928517582303794,1
1790322300000,2670.32,2672.04,0.007062020029640292,2.0,0.0025,ranging,0.14751387977275682,0.4684826592517223,0.38400346097552096,1
1790323200000,2672.05,2678.29,0.00577607353946008,2.0,0.0025,ranging,0.1518522477291109,0.48706569826923474,0.36108205400165433,1
1790324100000,2678.28,2692.36,0.0067561544518564,2.0,0.0025,ranging,0.16266432883518459,0.4947036836499392,0.3426319875148761,1
1790325000000,2692.35,2686.81,0.007239067890919104,2.0,0.0025,ranging,0.14579013246769898,0.5206249695568484,0.3335848979754526,1
1790325900000,2686.8,2690.91,0.005132092860779425,2.0,0.0025,ranging,0.1432006792485939,0.5063601676739133,0.3504391530774927,1
1790326800000,2690.9,2693.76,0.0023498752672843626,1.0,0.0025,ranging,0.1542514955729052,0.48679740790634163,0.35895109652075324,1
1790327700000,2693.75,2710.55,0.001453579531829119,1.0,0.0025,ranging,0.16994600354637066,0.44601220819107606,0.3840417882625533,1
1790328600000,2710.54,2706.26,0.002527473339590358,2.0,0.0025,ranging,0.14599722935071824,0.5097218233121235,0.34428094733715836,1
1790329500000,2706.26,2704.72,0.0034236445916768776,2.0,0.0025,ranging,0.1354537090631887,0.5058537520380691,0.35869253889874214,1
1790330400000,2704.73,2700.09,0.015006907177168127,2.0,0.0025,ranging,0.12883814411307973,0.47083494558911576,0.4003269102978045,1
1790331300000,2700.1,2714.49,0.004505450379260978,2.0,0.0025,ranging,0.15282504064788924,0.4846853913718062,0.36248956798030463,1
1790332200000,2714.49,2713.1,0.0033651542515942268,2.0,0.0025,trending,0.1388290168752483,0.5154597080198863,0.3457112751048655,1
1790333100000,2713.11,2713.98,0.0013080420636850665,1.0,0.0025,trending,0.1379243957838698,0.508206308106059,0.3538692961100712,1
1790334000000,2713.97,2740.61,-0.010632669369228132,0.0,0.0025,trending,0.16544276711966574,0.44078135011664094,0.3937758827636932,1
1790334900000,2740.6,2726.72,-0.005684485389038874,0.0,0.0025397987325519434,trending,0.16037101663192332,0.4628369243172539,0.3767920590508227,1
1790335800000,2726.71,2722.23,-0.002369380985442038,1.0,0.0025060116154852104,trending,0.15050061938553502,0.4893211966719688,0.3601781839424962,1
1790336700000,2722.23,2717.53,6.991643146525561e-05,1.0,0.0025,trending,0.13854128796068574,0.44628643843832483,0.41517227360098946,1
1790337600000,2717.53,2711.47,0.0011211630591525523,1.0,0.0025560159287114793,trending,0.13839053535859608,0.4336569183844676,0.4279525462569362,1
1790338500000,2711.47,2711.22,-0.003968693060688477,0.0,0.0027671066012691973,trending,0.13627275312689496,0.42529011411074014,0.438437132762365,1
1790339400000,2711.22,2715.78,-0.00728335874039876,0.0,0.002716952979396865,trending,0.14313271247078393,0.4558671773609933,0.40100011016822273,1
1790340300000,2715.79,2717.72,-0.008249562132964239,0.0,0.0026798830666625905,trending,0.15323124906845695,0.48093949820696114,0.3658292527245818,1
1790341200000,2717.71,2714.51,-0.010628069154285824,0.0,0.0026814950949603975,trending,0.15209846713332315,0.47217708912683365,0.3757244437398433,1
1790342100000,2714.52,2700.46,-0.005006554438873323,0.0,0.0028523788077605915,ranging,0.13228562362000446,0.4385895051941633,0.4291248711858322,1
1790343000000,2700.45,2696.0,-0.004421364985163212,0.0,0.003006558747818648,ranging,0.13017282031445232,0.4601841988671378,0.40964298081840983,1
1790343900000,2696.0,2695.3,0.00019292843097251655,1.0,0.0031347125682682545,ranging,0.13590943634384553,0.4695621795344163,0.3945283841217382,1
1790344800000,2695.31,2685.66,0.004486792818152674,2.0,0.0033404632702228707,high_volatility,0.13175553110770116,0.45235449916293485,0.415889969729364,1
1790345700000,2685.65,2686.94,0.0011202334253834767,1.0,0.0032817344962242693,high_volatility,0.13744841823284037,0.4904484471279556,0.3721031346392041,1
1790346600000,2686.95,2684.08,-0.004090787159846232,0.0,0.003277465328229064,high_volatility,0.13614562558636437,0.4814453905173142,0.3824089838963215,1
1790347500000,2684.08,2695.82,-0.0033088262569459514,0.0,0.0032913051845478705,high_volatility,0.16148388081595264,0.4845127812035879,0.35400333798045946,1
1790348400000,2695.83,2697.71,-0.0016273061226002028,1.0,0.003206104501699114,ranging,0.15808102613765745,0.4992120908910165,0.34270688297132607,1
1790349300000,2697.72,2689.95,0.000825294150448963,1.0,0.003160781593885799,ranging,0.14435090761261815,0.48423712826683785,0.37141196412054406,1
1790350200000,2689.94,2673.1,0.006251169054655614,2.0,0.0032938877234604653,high_volatility,0.13231522596026513,0.4512115580965107,0.4164732159432241,1
1790351100000,2673.1,2686.9,-0.0011872418028211484,1.0,0.0033309652269627814,high_volatility,0.14036039656888302,0.5009868755131286,0.3586527279179883,1
1790352000000,2686.91,2693.32,-0.0006646072505309686,1.0,0.003278206188650911,ranging,0.15000657069876186,0.5080504173000283,0.3419430120012099,1
1790352900000,2693.32,2692.17,-0.004483372149604259,0.0,0.003217594457689857,ranging,0.15896787895243997,0.5145585894109315,0.3264735316366285,1
1790353800000,2692.17,2689.81,-0.001282618474910846,1.0,0.0031704322855800712,ranging,0.1579132846378776,0.4968746203063651,0.34521209505575745,1
1790354700000,2689.8,2683.71,0.0008197607043980426,1.0,0.0030795371774518378,ranging,0.14413360830970787,0.5159908086260044,0.3398755830642876,1
1790355600000,2683.72,2691.53,0.0013115216995536194,1.0,0.002987084917195017,ranging,0.16848427544857772,0.5101904887982702,0.32132523575315197,1
1790356500000,2691.54,2680.1,0.00507070631692863,2.0,0.003003186786029115,ranging,0.14672634907240636,0.510455974783418,0.3428176761441757,1
1790357400000,2680.1,2686.36,0.0028253845352073093,1.0,0.0029524000550951576,ranging,0.169618692036478,0.5011445468092944,0.3292367611542275,1
1790358300000,2686.36,2685.91,0.002777457174663267,1.0,0.0028215955102226784,ranging,0.1610887321852753,0.5213692423335724,0.3175420254811523,1
1790359200000,2685.91,2695.06,0.00041557516344714607,1.0,0.0027873530183586816,ranging,0.16510068714079842,0.530550106000956,0.3043492068582456,1
1790360100000,2695.06,2693.69,-0.0001781942242796708,1.0,0.0027308553146043104,ranging,0.16298374250591888,0.5050372124996932,0.33197904499438785,1
1790361000000,2693.7,2693.95,-0.0007683884259171991,1.0,0.002610479287746733,low_liquidity,0.15990883814177298,0.516206188333118,0.32388497352510903,1
1790361900000,2693.96,2693.37,-1.1138462223780898e-05,1.0,0.0025,low_liquidity,0.1542366807273227,0.5284281637763794,0.3173351554962979,1
1790362800000,2693.38,2696.18,-0.0020621768576282173,1.0,0.0025,ranging,0.156458408872244,0.5310946559770009,0.3124469351507552,1
1790363700000,2696.19,2693.21,0.0002264955202158081,1.0,0.0025,low_liquidity,0.14703905643103746,0.5560094120919543,0.2969515314770082,1
1790364600000,2693.2,2691.88,0.00024518180602406403,1.0,0.0025,low_liquidity,0.14544285070819227,0.5431811782072006,0.31137597108460724,1
1790365500000,2691.89,2693.34,-0.0031930614033135463,0.0,0.0025,low_liquidity,0.14484211767680805,0.5683318051377232,0.2868260771854688,1
1790366400000,2693.34,2690.62,-0.00419605890092245,0.0,0.0025,ranging,0.14737547770149387,0.5552006400300562,0.29742388226844996,1
1790367300000,2690.61,2693.82,-0.004799875270062648,0.0,0.0025,low_liquidity,0.15248763675168023,0.5479658214428285,0.2995465418054913,1
1790368200000,2693.82,2692.54,-0.0037622468004189225,0.0,0.0025,ranging,0.14700190580109265,0.5501160720210686,0.3028820221778387,1
1790369100000,2692.54,2684.74,-0.0012142702831557939,1.0,0.0025,ranging,0.14106707754492898,0.5411658152989889,0.3177671071560821,1
1790370000000,2684.74,2679.33,0.002377460036650847,1.0,0.0025,ranging,0.14099193640326071,0.5017446263189839,0.35726343727775534,1
1790370900000,2679.33,2680.89,0.0027602773705748263,2.0,0.0025,low_liquidity,0.14494214422862936,0.5301754492284342,0.3248824065429365,1
1790371800000,2680.89,2682.41,0.003974038271554514,2.0,0.0025,ranging,0.15321974626167506,0.5211194242135702,0.3256608295247548,1
1790372700000,2682.41,2681.48,0.003975416561003531,2.0,0.0025,low_liquidity,0.1478702392656695,0.5360290545270326,0.31610070620729785,1
1790373600000,2681.47,2685.7,0.003045760881706938,2.0,0.0025,low_liquidity,0.15626888190837623,0.5370108387289748,0.30672027936264884,1
1790374500000,2685.71,2688.29,0.001871077897102058,1.0,0.0025,low_liquidity,0.1523831051302465,0.5493483318545466,0.298268563015207,1
1790375400000,2688.29,2693.07,-0.00017823524824833736,1.0,0.0025,ranging,0.1551023259530474,0.558398443948681,0.28649923009827166,1
1790376300000,2693.08,2692.14,-0.00019686940500851513,1.0,0.0025,ranging,0.1459932036222394,0.5439539547563306,0.3100528416214299,1
1790377200000,2692.14,2693.88,-0.0008797719274800109,1.0,0.0025,low_liquidity,0.13135119023920602,0.5771549304420837,0.2914938793187103,1
1790378100000,2693.88,2693.32,-0.0024839231877386014,1.0,0.0025,low_liquidity,0.13434854268594282,0.5836203315015478,0.2820311258125094,1
1790379000000,2693.32,2692.59,-0.0027222859774417296,0.0,0.0025,low_liquidity,0.13343926905726738,0.577334258080768,0.2892264728619646,1
1790379900000,2692.58,2691.61,-0.0015975568525901096,1.0,0.0025,ranging,0.13769543367808512,0.5978031862080851,0.2645013801138297,1
1790380800000,2691.62,2691.51,-0.0006316157101404762,1.0,0.0025,ranging,0.139449952774175,0.5887837888602729,0.27176625836555224,1
1790381700000,2691.5,2686.63,0.0007742041144482847,1.0,0.0025,ranging,0.1381511635167422,0.5535029641342384,0.30834587234901933,1
1790382600000,2686.64,2685.26,0.0033367346178767576,2.0,0.0025,ranging,0.14194580280881916,0.5498654457597217,0.3081887514314591,1
1790383500000,2685.25,2687.31,0.002005723195314335,1.0,0.0025,ranging,0.14051085917198222,0.5531932362086145,0.3062959046194032,1
1790384400000,2687.31,2689.81,0.0019964235392091467,1.0,0.0025,ranging,0.14369419247060097,0.5501795616792313,0.30612624585016773,1
1790385300000,2689.8,2688.71,0.0015695259064754108,1.0,0.0025,ranging,0.1393055858000152,0.5636761278148162,0.29701828638516853,1
1790386200000,2688.71,2694.22,-0.0009316239950708516,1.0,0.0025,ranging,0.15410184739004892,0.5422990351465232,0.3035991174634278,1
1790387100000,2694.21,2692.7,-0.0005756304081404595,1.0,0.0025,ranging,0.14039949602879281,0.5643432373959847,0.2952572665752225,1
1790388000000,2692.7,2695.18,-0.0028755036769343434,0.0,0.0025,ranging,0.1395146717359324,0.5708556223096217,0.28962970595444587,1
1790388900000,2695.19,2692.93,-0.001047186521743848,1.0,0.0025,ranging,0.14179715127889161,0.5865341262982026,0.2716687224229059,1
1790389800000,2692.92,2691.71,-0.00117397490814386,1.0,0.0025,ranging,0.14181428525201736,0.5728013926160758,0.2853843221319068,1
1790390700000,2691.71,2691.15,-0.001177935083514492,1.0,0.0025,low_liquidity,0.13223018428189487,0.5889062058206332,0.27886360989747205,1
1790391600000,2691.15,2687.43,0.0006102484529830754,1.0,0.0025,ranging,0.1221115274528537,0.5877666711208868,0.2901218014262595,1
1790392500000,2687.43,2690.11,-0.0014906453639442763,1.0,0.0025,low_liquidity,0.1209222925235388,0.6053029041370016,0.2737748033394595,1
1790393400000,2690.1,2688.55,0.00011158431124580481,1.0,0.0025,ranging,0.12032265046861516,0.6063290520581474,0.2733482974732375,1
1790394300000,2688.56,2687.98,0.0005803614610226937,1.0,0.0025,low_liquidity,0.12528497809739256,0.6237340835012318,0.2509809384013757,1
1790395200000,2687.98,2689.07,-0.00036815702082881874,1.0,0.0025,ranging,0.12778110735481582,0.6191639873665271,0.25305490527865704,1
1790396100000,2689.08,2686.1,0.00052492461189102,1.0,0.0025,ranging,0.13423034845904877,0.6001486255121997,0.26562102602875154,1
1790397000000,2686.1,2688.85,-0.00011529092362905224,1.0,0.0025,ranging,0.13655363113784766,0.6012262436198961,0.26222012524225624,1
1790397900000,2688.85,2689.54,-0.0011414591342757685,1.0,0.0025,low_liquidity,0.12048486235375891,0.6038604980290254,0.2756546396172156,1
1790398800000,2689.54,2688.08,-0.0011420791047884737,1.0,0.0025,ranging,0.12761117516720183,0.5944139595957723,0.27797486523702597,1
1790399700000,2688.09,2687.51,-0.0010753448359263063,1.0,0.0025,ranging,0.12431059340276027,0.5955563734262822,0.2801330331709575,1
1790400600000,2687.52,2688.54,-0.0011827980985962272,1.0,0.0025,ranging,0.12542465630063124,0.6017273453583138,0.2728479983410549,1
1790401500000,2688.53,2686.47,-0.00029034383410186937,1.0,0.0025,ranging,0.12602495482263903,0.6101951598834351,0.2637798852939258,1
1790402400000,2686.47,2685.01,0.0022197310252101143,1.0,0.0025,ranging,0.12848528487109917,0.6038382131583857,0.26767650197051507,1
1790403300000,2685.01,2684.62,0.002082231377252608,1.0,0.0025,ranging,0.12213957767408341,0.6008541331049438,0.2770062892209727,1
1790404200000,2684.62,2685.36,0.001575207793368394,1.0,0.0025,ranging,0.12538020958446813,0.5990522312381625,0.2755675591773694,1
1790405100000,2685.37,2685.69,0.0020367205448132975,1.0,0.0025,ranging,0.12240979452284463,0.6045109873562899,0.2730792181208655,1
1790406000000,2685.69,2690.97,-0.0005276907583509072,1.0,0.0025,ranging,0.13306505567129295,0.6023598308139977,0.26457511351470936,1
1790406900000,2690.97,2690.21,-2.6020273510285463e-05,1.0,0.0025,ranging,0.12481808425913829,0.6187661335732739,0.2564157821675878,1
1790407800000,2690.22,2689.59,0.0018776095984889274,1.0,0.0025,ranging,0.12723963059816906,0.6044842037843279,0.26827616561750295,1
1790408700000,2689.6,2691.16,-5.573804604697141e-05,1.0,0.0025,ranging,0.1308615516284451,0.5733746278112538,0.2957638205603011,1
1790409600000,2691.15,2689.55,-0.00261382015578826,0.0,0.0025,ranging,0.12857864943366756,0.5699611133932412,0.30146023717309123,1
1790410500000,2689.54,2690.14,-0.0029663883664047264,0.0,0.0025,ranging,0.1269942806871993,0.5758804326451249,0.29712528666767585,1
1790411400000,2690.14,2694.64,-0.004694504646260755,0.0,0.0025,ranging,0.15406774697837725,0.5596201897197975,0.2863120633018252,1
1790412300000,2694.65,2691.01,-0.003125220642063886,0.0,0.0025,ranging,0.14281861575458424,0.551888492943522,0.30529289130189374,1
1790413200000,2691.0,2682.52,0.0017297168334251545,1.0,0.0025,ranging,0.14743709267067356,0.49582252989935144,0.35674037742997505,1
1790414100000,2682.52,2682.16,0.0022966564261641675,1.0,0.0025,ranging,0.14712592016005416,0.5363022236472013,0.3165718561927447,1
1790415000000,2682.15,2681.99,0.002184944761166152,1.0,0.0025,ranging,0.14132021834634187,0.5358000036656722,0.32287977798798595,1
1790415900000,2681.99,2682.6,0.0017706702452844336,1.0,0.0025,ranging,0.14989441613325505,0.5799237475743314,0.27018183629241366,1
1790416800000,2682.6,2687.16,0.00020839845785136646,1.0,0.0025,ranging,0.16103216075204882,0.5789835777511414,0.2599842614968097,1
1790417700000,2687.16,2688.32,0.00010415426734899924,1.0,0.0025,ranging,0.14632632108738192,0.5724453311738281,0.28122834773878996,1
1790418600000,2688.33,2687.85,0.0009152296445114061,1.0,0.0025,ranging,0.15649987933806964,0.5660198064313289,0.27748031423060143,1
1790419500000,2687.86,2687.35,0.0007963235157311122,1.0,0.0025,ranging,0.15184771442499947,0.540555662420238,0.30759662315476255,1
1790420400000,2687.35,2687.72,0.000710639501138699,1.0,0.0025,ranging,0.1531381639032971,0.5447017802996947,0.30216005579700816,1
1790421300000,2687.73,2688.6,0.0007996726921073449,1.0,0.0025,ranging,0.1443900659872253,0.5581894192911606,0.29742051472161407,1
1790422200000,2688.6,2690.31,-0.0011262642595090133,1.0,0.0025,ranging,0.14409796921684753,0.5627706882064679,0.29313134257668455,1
1790423100000,2690.31,2689.49,-0.00021937244607705964,1.0,0.0025,ranging,0.1355941302700097,0.5824146466206886,0.28199122310930175,1
1790424000000,2689.48,2689.63,-0.0008811620929272124,1.0,0.0025,ranging,0.14358167916834255,0.5751145584974281,0.2813037623342293,1
1790424900000,2689.62,2690.75,-0.0021592492799404894,1.0,0.0025,ranging,0.14998698596453636,0.5437400563828331,0.3062729576526305,1
1790425800000,2690.74,2687.28,-0.0014289541841565612,1.0,0.0025,ranging,0.14493883362821885,0.5482639867987879,0.3067971795729933,1
1790426700000,2687.28,2688.9,-0.000807021458589019,1.0,0.0025,ranging,0.14805798185202398,0.5221267787494406,0.32981523939853546,1
1790427600000,2688.9,2687.26,0.0003014222665465027,1.0,0.0025,ranging,0.1364724253594733,0.526576561615702,0.3369510130248248,1
1790428500000,2687.27,2684.94,0.0013482610412149931,1.0,0.0025,ranging,0.14265001632818788,0.5081107574637854,0.34923922620802667,1
1790429400000,2684.95,2683.44,0.001941537727692788,1.0,0.0025,ranging,0.13997041447885855,0.5344135852316526,0.3256160002894888,1
1790430300000,2683.44,2686.73,0.0007220673458070426,1.0,0.0025,ranging,0.14230367301606223,0.5410506380786146,0.3166456889053231,1
1790431200000,2686.72,2688.07,0.0004873384993693275,1.0,0.0025,ranging,0.14546348709952558,0.5466415969885133,0.30789491591196105,1
1790432100000,2688.07,2688.56,0.0009075490225249894,1.0,0.0025,ranging,0.1400515359798654,0.5563474790649724,0.30360098495516225,1
1790433000000,2688.57,2688.65,0.0017592472058467479,1.0,0.0025,ranging,0.14072670733351147,0.5594794617829306,0.29979383088355793,1
1790433900000,2688.65,2688.67,0.0015993037449741898,1.0,0.0025,ranging,0.13644859285661345,0.5658416330461962,0.2977097740971904,1
1790434800000,2688.66,2689.38,0.0007659758011140383,1.0,0.0025,ranging,0.13266967608170663,0.5831884018770925,0.2841419220412009,1
1790435700000,2689.38,2691.0,-2.9728725380873122e-05,1.0,0.0025,ranging,0.1394607794678371,0.5902932432696308,0.270245977262532,1
1790436600000,2690.99,2693.38,-0.00028588613563629295,1.0,0.0025,ranging,0.14863191235542783,0.5986146848365446,0.2527534028080275,1
1790437500000,2693.38,2692.97,-0.000516158739235828,1.0,0.0025,ranging,0.13041075195297044,0.5677593730943566,0.30182987495267294,1
1790438400000,2692.97,2691.44,-0.0011778081621733882,1.0,0.0025,ranging,0.12921053406803937,0.5631681276024975,0.30762133832946326,1
1790439300000,2691.44,2690.92,-0.0010293877186984268,1.0,0.0025,ranging,0.13100873370191457,0.5888368103065987,0.28015445599148664,1
1790440200000,2690.92,2692.61,-0.001080735791666898,1.0,0.0025,ranging,0.1309306884199557,0.5844328733976498,0.2846364381823945,1
1790441100000,2692.61,2691.58,-0.00037524428031110446,1.0,0.0025,ranging,0.1358426469943776,0.5568590321349028,0.30729832087071957,1
1790442000000,2691.59,2688.27,-8.555688230726943e-05,1.0,0.0025,ranging,0.12679596141969335,0.5615938055596252,0.31161023302068147,1
1790442900000,2688.27,2688.15,2.9760244034005012e-05,1.0,0.0025,ranging,0.13271791631714608,0.5682424601230949,0.2990396235597591,1
1790443800000,2688.15,2689.7,-0.0019444547719076333,1.0,0.0025,ranging,0.13276799826876193,0.5697254065964292,0.29750659513480876,1
1790444700000,2689.69,2690.57,-0.0020664766201956564,1.0,0.0025,ranging,0.13486954036227106,0.5687327017351382,0.2963977579025907,1
1790445600000,2690.56,2688.04,-0.0007886787398996287,1.0,0.0025,ranging,0.13062767699095182,0.5740442217450753,0.2953281012639729,1
1790446500000,2688.05,2688.23,-0.0017520822251072543,1.0,0.0025,low_liquidity,0.12808233650294765,0.5904910489212116,0.2814266145758408,1
1790447400000,2688.22,2684.47,-0.00043211509161955597,1.0,0.0025,ranging,0.12557142532921742,0.5770020106219231,0.2974265640488594,1
1790448300000,2684.46,2685.01,-0.00013780209384706144,1.0,0.0025,ranging,0.14089337725155235,0.5856411006572673,0.27346552209118025,1
1790449200000,2685.0,2685.92,-0.0014669089176148065,1.0,0.0025,ranging,0.13440372386847216,0.5910637034456496,0.2745325726858782,1
1790450100000,2685.92,2683.52,0.00036891843548780834,1.0,0.0025,low_liquidity,0.14364118234144568,0.5946463393868149,0.26171247827173943,1
1790451000000,2683.52,2683.31,-0.004330472438890731,0.0,0.0025,ranging,0.1492372247584604,0.5847030048996643,0.2660597703418753,1
1790451900000,2683.3,2684.64,-0.0028942428035043655,0.0,0.0025,ranging,0.1441734777850589,0.6003851898660173,0.25544133234892374,1
1790452800000,2684.63,2681.98,-0.00026472978918556933,1.0,0.0025,ranging,0.14977194944045216,0.5868919884213303,0.26333606213821736,1
1790453700000,2681.98,2684.51,0.0012478999891971654,1.0,0.0025,ranging,0.1409596065420428,0.583839373562542,0.27520101989541523,1
1790454600000,2684.51,2671.69,0.005457219961896742,2.0,0.0025,ranging,0.1380637675723867,0.5205899928789874,0.34134623954862586,1
1790455500000,2671.7,2676.87,0.0035265067037248965,2.0,0.0025,ranging,0.14407481759231794,0.4853208901494157,0.37060429225826635,1
1790456400000,2676.87,2681.27,0.0033006746802821674,2.0,0.0025,ranging,0.14382793950070022,0.5223852033282201,0.33378685717107953,1
1790457300000,2681.27,2687.86,0.0008296563065040008,1.0,0.0025,ranging,0.15144126771665833,0.5423207329822257,0.30623799930111595,1
1790458200000,2687.87,2686.27,0.0003275917908476256,1.0,0.0025,ranging,0.15278707800605823,0.5498431571484934,0.29736976484544836,1
1790459100000,2686.26,2686.31,0.0009455349531513058,1.0,0.0025,ranging,0.13649400753387783,0.5291644831577437,0.3343415093083785,1
1790460000000,2686.32,2690.12,0.001182103400591883,1.0,0.0025,ranging,0.1397564730256784,0.5282944810777274,0.3319490458965942,1
1790460900000,2690.12,2690.09,0.0014943737941852664,1.0,0.0025,ranging,0.1353876487951962,0.5473448659817668,0.31726748522303694,1
1790461800000,2690.08,2687.15,0.002329605716093086,1.0,0.0025,ranging,0.13507739320938664,0.5472644855659154,0.31765812122469794,1
1790462700000,2687.14,2688.85,0.0027818584153076475,2.0,0.0025,ranging,0.12889576700808292,0.5751484474904959,0.29595578550142115,1
1790463600000,2688.85,2693.3,-0.00048267924107980864,1.0,0.0025,ranging,0.1464978198570908,0.5465470917289348,0.30695508841397445,1
1790464500000,2693.3,2694.11,-0.0006161589541631152,1.0,0.0025,ranging,0.14382681637418812,0.5571875304586119,0.2989856531671999,1
1790465400000,2694.11,2693.41,0.0005754786683052071,1.0,0.0025,ranging,0.140135813523659,0.5565052306789062,0.3033589557974348,1
1790466300000,2693.41,2696.33,-0.0010495747924029741,1.0,0.0025,ranging,0.12966312716325368,0.5401385977385164,0.3301982750982299,1
1790467200000,2696.33,2692.0,0.001281575037147098,1.0,0.0025,ranging,0.1279001601122114,0.5303343323672405,0.34176550752054813,1
1790468100000,2691.99,2692.45,0.00010770859254582987,1.0,0.0025,ranging,0.12845755853376764,0.5356423121140798,0.3359001293521526,1
1790469000000,2692.46,2694.96,1.4842520853708407e-05,1.0,0.0025,ranging,0.1323122893368843,0.5350985806323477,0.33258913003076807,1
1790469900000,2694.96,2693.5,0.002988676443289373,2.0,0.0025,ranging,0.14142759862028517,0.5271755578422997,0.33139684353741505,1
1790470800000,2693.49,2695.45,0.0025190598972342215,2.0,0.0025,ranging,0.14256230788174584,0.6300581439378473,0.22737954818040673,2
1790471700000,2695.45,2692.74,0.003958792902396979,2.0,0.0025,ranging,0.13524741691680345,0.6040321845380082,0.26072039854518825,2
1790472600000,2692.74,2695.0,0.0021001855287567928,1.0,0.0025,ranging,0.15020624463711482,0.6684654989905896,0.18132825637229563,2
1790473500000,2695.0,2701.55,-0.0013621809701839238,1.0,0.0025,ranging,0.15815981837048446,0.6105038059342761,0.23133637569523938,2
1790474400000,2701.56,2702.24,-0.0007919355793711835,1.0,0.0025,ranging,0.13860560600615007,0.6474012712753187,0.21399312271853127,2
1790475300000,2702.25,2703.4,-0.0025449434046016517,0.0,0.0025,ranging,0.15638709996274341,0.6678495476844606,0.17576335235279608,2
1790476200000,2703.39,2700.66,-0.001155273155450831,1.0,0.0025,ranging,0.1273760198533196,0.6724710309355425,0.20015294921113802,2
1790477100000,2700.66,2697.87,-0.0004373820829023378,1.0,0.0025,ranging,0.12358170235683967,0.7010306738938641,0.17538762374929628,2
1790478000000,2697.87,2700.1,-0.0002333246916781384,1.0,0.0025,ranging,0.1168441917762577,0.7113998639855423,0.1717559442382,2
1790478900000,2700.09,2696.52,-0.0003152210997878768,1.0,0.0025,ranging,0.13568462842028567,0.6614364520563235,0.20287891952339082,2
1790479800000,2696.52,2697.54,-0.0021130363219822312,1.0,0.0025,ranging,0.12401095895379155,0.6699113383223677,0.20607770272384077,2
1790480700000,2697.55,2696.69,-0.0017317526300761887,1.0,0.0025,ranging,0.13743204429411404,0.6516068426327751,0.21096111307311083,2
1790481600000,2696.69,2699.47,-0.001511407794863362,1.0,0.0025,ranging,0.14555346104484787,0.658080120123957,0.19636641883119516,2
1790482500000,2699.46,2695.67,0.0004970934869625854,1.0,0.0025,ranging,0.1306906836453973,0.6698671882537419,0.19944212810086073,2
1790483400000,2695.67,2691.84,0.004959432952924336,2.0,0.0025,ranging,0.1354163361541114,0.6563665866557096,0.20821707719017918,2
1790484300000,2691.85,2692.02,0.004832802133713843,2.0,0.0025,ranging,0.1353052417049899,0.6929558282353425,0.17173893005966753,2
1790485200000,2692.01,2695.39,0.005312774774707929,2.0,0.0025,ranging,0.14183716559994183,0.6867584847583035,0.1714043496417547,2
1790486100000,2695.38,2697.01,0.004568021623946317,2.0,0.0025,ranging,0.13022042760987354,0.689173218571553,0.18060635381857343,2
1790487000000,2697.01,2705.19,0.0008391277507309169,1.0,0.0025,ranging,0.1894479657398639,0.6505555276296875,0.15999650663044865,2
1790487900000,2705.2,2705.03,0.0008206933009984319,1.0,0.0025,ranging,0.13142950231578562,0.6670454551992825,0.20152504248493197,2
1790488800000,2705.03,2709.71,-0.0010923678179584062,1.0,0.0025,ranging,0.1546537973122867,0.6412609587903407,0.20408524389737262,2
1790489700000,2709.72,2709.33,-0.000542569565169182,1.0,0.0025,ranging,0.16086853934436765,0.6560176160105391,0.18311384464509334,2
1790490600000,2709.33,2707.46,0.0016509939205011648,1.0,0.0025,trending,0.14530919795106179,0.6375973094416955,0.21709349260724273,2
1790491500000,2707.45,2707.25,0.004070551297441938,2.0,0.0025,trending,0.12572081391115222,0.7130575542249995,0.16122163186384822,2
1790492400000,2707.26,2706.75,0.004200609587143189,2.0,0.0025,trending,0.13078112394474115,0.7067385295572823,0.16248034649797657,2
1790493300000,2706.76,2707.86,0.003356894374155095,2.0,0.0025,trending,0.16499915684310892,0.6599841957224295,0.17501664743446166,2
1790494200000,2707.87,2711.93,0.0016224607567305593,1.0,0.0025,trending,0.1738641004641319,0.6588262574066506,0.16730964212921748,2
1790495100000,2711.93,2718.27,-0.001353802234509427,1.0,0.0025,trending,0.21225753712070436,0.6129019065977066,0.1748405562815891,2
1790496000000,2718.27,2718.12,-0.0033000750518740185,0.0,0.0025,trending,0.1897041935739281,0.637341691164939,0.17295411526113277,2
1790496900000,2718.12,2716.95,-0.00225252581019153,1.0,0.0025,trending,0.17621425498337864,0.6346083820061507,0.1891773630104707,2
1790497800000,2716.94,2716.33,-0.0010087139633254694,1.0,0.0025,trending,0.19768072695382694,0.5948644385443614,0.2074548345018116,2
1790498700000,2716.34,2714.59,0.0005746724183026686,1.0,0.0025,trending,0.1713973896619029,0.6161631358155214,0.2124394745225757,2
1790499600000,2714.59,2709.15,0.0029935588653267065,2.0,0.0025,trending,0.19557382333903997,0.5561712404454466,0.2482549362155134,2
1790500500000,2709.15,2710.83,0.0003504461733123687,1.0,0.0025,trending,0.1844915378186487,0.587819684736012,0.2276887774453394,2
1790501400000,2710.84,2713.59,-0.0015367096724265839,1.0,0.0025,trending,0.16623961809883733,0.6262525086994176,0.20750787320174513,2
1790502300000,2713.59,2716.15,-0.0021611472120464104,1.0,0.0025,trending,0.18178682146705336,0.6338790744234839,0.18433410410946274,2
1790503200000,2716.14,2717.26,-0.0026828496352945264,0.0,0.0025,trending,0.18718601052249942,0.6271456345646108,0.1856683549128898,2
1790504100000,2717.26,2711.78,-0.0008407761691583415,1.0,0.0025,trending,0.19361540622651635,0.5604910754442329,0.2458935183292507,2
1790505000000,2711.79,2709.42,-6.274405592343602e-05,1.0,0.0025,trending,0.15303875011269147,0.6169079499808144,0.23005329990649406,2
1790505900000,2709.42,2710.28,-0.00017710347270394333,1.0,0.0025,trending,0.1677896093935234,0.6411283191088354,0.19108207149764114,2
1790506800000,2710.27,2709.97,0.0020074022959664095,1.0,0.0025,trending,0.18085738786229263,0.6279183385616947,0.19122427357601265,2
1790507700000,2709.98,2709.5,0.0015353386233620814,1.0,0.0025,trending,0.181863069380081,0.6349064820932798,0.1832304485266392,2
1790508600000,2709.49,2709.25,0.0021186675279134537,1.0,0.0025,trending,0.17969786996664608,0.6234347893925289,0.19686734064082503,2
1790509500000,2709.26,2709.8,-0.000900435456491322,1.0,0.0025,trending,0.15223718198964659,0.6508731513710839,0.19688966663926938,2
1790510400000,2709.81,2715.41,-0.0058738827654017944,0.0,0.0025,trending,0.15469422763797488,0.6669591315659195,0.17834664079610574,2
1790511300000,2715.41,2713.66,-0.001661962073362111,1.0,0.0025,trending,0.1528780498593448,0.6578416561722047,0.18928029396845059,2
1790512200000,2713.67,2714.99,-0.004243109551048119,0.0,0.0025,trending,0.1445235207043247,0.6629495860721952,0.1925268932234801,2
1790513100000,2714.98,2707.36,0.0008532297145558143,1.0,0.0025,trending,0.16215077079077256,0.644189203135778,0.19366002607344954,2
1790514000000,2707.35,2699.46,0.002700540108021565,2.0,0.0025,trending,0.16866632243674531,0.6106832179060109,0.2206504596572439,2
1790514900000,2699.45,2709.15,-0.006909916394441162,0.0,0.0025,trending,0.21181284642464862,0.5431237114260069,0.2450634421493444,2
1790515800000,2709.15,2703.47,-0.004734655831209467,0.0,0.0025,trending,0.24248317556874682,0.5158278874317624,0.24168893699949073,2
1790516700000,2703.47,2709.67,-0.007901331158406744,0.0,0.0025,trending,0.23884693943440324,0.5211797902127281,0.23997327035286856,2
1790517600000,2709.68,2706.75,-0.006794125796619532,0.0,0.0025,trending,0.2108729296414581,0.5359168825879392,0.25321018777060267,2
1790518500000,2706.75,2690.43,-3.345190174053325e-05,1.0,0.0025,trending,0.19483542916475766,0.5061301331816377,0.2990344376536047,2
1790519400000,2690.44,2690.67,-0.001137263209535111,1.0,0.0025,trending,0.1854998318163682,0.545238199885541,0.26926196829809085,2
1790520300000,2690.66,2688.26,0.0005579817428373879,1.0,0.0025,trending,0.18284209302157564,0.5838469128423495,0.23331099413607487,2
1790521200000,2688.25,2688.36,0.0016590040024402342,1.0,0.0025,trending,0.1973119601478317,0.5775711253209425,0.22511691453122576,2
1790522100000,2688.37,2690.34,0.0001858501155986847,1.0,0.0025,trending,0.20403357840407627,0.5892524163332925,0.20671400526263123,2
1790523000000,2690.34,2687.61,-0.00066601925130505,1.0,0.0025,trending,0.1844115296543665,0.6145009622866686,0.20108750805896483,2
1790523900000,2687.6,2689.76,-0.0012120040449706826,1.0,0.0025,trending,0.2071945078673821,0.5852538332769928,0.2075516588556251,2
1790524800000,2689.76,2692.82,-0.0016562562666646574,1.0,0.0025,trending,0.20642858721052007,0.5985760830210297,0.1949953297684502,2
1790525700000,2692.82,2690.84,-0.0016834891706679622,1.0,0.0025,trending,0.20337495143100892,0.6000672031627722,0.19655784540621893,2
1790526600000,2690.83,2685.82,0.0008675190444631387,1.0,0.0025,trending,0.21970489168504417,0.5471772956402061,0.23311781267474965,2
1790527500000,2685.82,2686.5,0.0018090452261307899,1.0,0.0025,trending,0.20035310102370654,0.5850432599943126,0.2146036389819809,2
1790528400000,2686.5,2688.36,0.0015771697242927818,1.0,0.0025,ranging,0.19251625013338428,0.6166717980311331,0.19081195183548252,2
1790529300000,2688.35,2686.31,0.004325636281739653,2.0,0.0025,ranging,0.22345622794533263,0.5849086784078787,0.1916350936467886,2
1790530200000,2686.32,2688.15,0.0033740676673548187,2.0,0.0025,ranging,0.21807014584996667,0.5893340930424569,0.19259576110757645,2
1790531100000,2688.15,2691.36,0.002563759586231562,2.0,0.0025,low_liquidity,0.1953482523868432,0.6311048457595742,0.17354690185358282,2
1790532000000,2691.35,2692.6,0.0009358983881750937,1.0,0.0025,ranging,0.18998582270339592,0.648479743796588,0.16153443350001595,2
1790532900000,2692.61,2697.93,-0.0021460897799423506,1.0,0.0025,ranging,0.2370526211073594,0.5857650040524262,0.1771823748402145,2
1790533800000,2697.93,2697.22,-0.0014867159519801332,1.0,0.0025,ranging,0.22806305733685703,0.5872311287842966,0.18470581387884627,2
1790534700000,2697.22,2698.26,-0.00253126088664557,0.0,0.0025,ranging,0.24358153252788367,0.5438286233789607,0.21258984409315573,2
1790535600000,2698.27,2695.12,0.00034506812312629087,1.0,0.0025,ranging,0.23201723957513726,0.5413366863726903,0.2266460740521725,2
1790536500000,2695.11,2692.14,-0.0012369341861864225,1.0,0.0025,ranging,0.24592756984659828,0.5585012966484795,0.1955711335049223,2
1790537400000,2692.15,2693.21,-0.0005718083625115833,1.0,0.0025,ranging,0.2031882841415396,0.6011044314501258,0.19570728440833451,2
1790538300000,2693.21,2691.43,-0.0019692133921371813,1.0,0.0025,low_liquidity,0.15337578880473093,0.6922846064742338,0.1543396047210351,2
1790539200000,2691.43,2696.05,-0.001528161569703923,1.0,0.0025,ranging,0.1617465628175102,0.6847130169952496,0.15354042018724026,2
1790540100000,2696.04,2688.81,-0.000576463193754706,1.0,0.0025,ranging,0.17301573766725659,0.6318402538043733,0.19514400852837005,2
1790541000000,2688.81,2691.67,-0.003481110240111107,0.0,0.0025,low_liquidity,0.1410745287635693,0.6746375434938063,0.18428792774262434,2
1790541900000,2691.67,2686.13,-0.0006291579335326869,1.0,0.0025,ranging,0.17486354371466464,0.6241503559041481,0.20098610038118717,2
1790542800000,2686.13,2691.93,-0.006779522498727708,0.0,0.0025,low_liquidity,0.16751445815904525,0.6182137974955368,0.21427174434541782,2
1790543700000,2691.93,2687.26,-0.0014215222940839878,1.0,0.0025,ranging,0.1694920695273769,0.6129269504330165,0.21758098003960671,2
1790544600000,2687.26,2682.3,-0.004216530589419731,0.0,0.0025,ranging,0.21139813773649865,0.5079541078065599,0.2806477544569414,2
1790545500000,2682.3,2684.44,-0.0032520749206538246,0.0,0.0025,ranging,0.18606814091870616,0.5763321648677505,0.23759969421354346,2
1790546400000,2684.44,2673.68,0.0010322850902129144,1.0,0.0025,ranging,0.2114207350420064,0.48351422858387827,0.30506503637411525,2
1790547300000,2673.68,2683.44,0.0007154995080940196,1.0,0.0025,high_volatility,0.23553575270492189,0.5235589684550404,0.24090527884003773,2
1790548200000,2683.43,2670.99,0.0047023762724685,2.0,0.0025,high_volatility,0.20532531681807145,0.5156387139641303,0.2790359692177982,2
1790549100000,2670.98,2675.71,0.004836099577308461,2.0,0.0025,high_volatility,0.21172048230446672,0.5210998511658735,0.2671796665296597,2
1790550000000,2675.7,2676.44,0.0037736695012777766,2.0,0.0025,high_volatility,0.2025854984681161,0.5408894507079088,0.25652505082397503,2
1790550900000,2676.44,2685.36,0.002818988887895779,2.0,0.0025,high_volatility,0.18799505888473714,0.6095930462803748,0.2024118948348881,2
1790551800000,2685.35,2683.55,-0.002135231316725994,1.0,0.0025,high_volatility,0.18518285291392805,0.6270799663468323,0.18773718073923976,2
1790552700000,2683.55,2688.65,-0.005631078794190336,0.0,0.0025,high_volatility,0.20515698295348295,0.5757354492476345,0.21910756779888255,2
1790553600000,2688.65,2686.54,-0.007001570793660261,0.0,0.0025,high_volatility,0.1883733381741776,0.5773419726258024,0.23428468920001988,2
1790554500000,2686.54,2692.93,-0.00687726751159512,0.0,0.0025,high_volatility,0.2136676208966973,0.49272635750187677,0.29360602160142585,2
1790555400000,2692.93,2677.82,-0.0047762732371854355,0.0,0.0025,high_volatility,0.17497556163790517,0.478760639342063,0.34626379902003196,2
1790556300000,2677.82,2673.51,-0.006033267128232267,0.0,0.0025,high_volatility,0.21685035258088856,0.466162165574198,0.3169874818449135,2
1790557200000,2673.57,2667.73,-0.002417785907869119,1.0,0.0025,high_volatility,0.23779719894173554,0.4144376387221037,0.3477651623361607,2
1790558100000,2667.74,2674.41,-0.0069697615548849345,0.0,0.0025,high_volatility,0.24351768458842146,0.4619562971917286,0.2945260182198498,2
1790559000000,2674.4,2665.03,-0.004502763571141766,0.0,0.0025,high_volatility,0.2477245892108869,0.4446325294261013,0.30764288136301166,2
1790559900000,2665.02,2657.38,-0.001644476890772073,1.0,0.0025,high_volatility,0.23007558796923136,0.38320433191532993,0.38672008011543874,2
1790560800000,2657.38,2661.28,-0.002183159983166094,1.0,0.0025,high_volatility,0.22523393350200432,0.4415703932896067,0.333195673208389,2
1790561700000,2661.28,2655.77,-0.003467920791333623,0.0,0.0025,high_volatility,0.2176571557065912,0.4703029596067396,0.31203988468666916,2
1790562600000,2655.76,2653.03,0.00030908056071732304,1.0,0.0025,high_volatility,0.21235641226315474,0.4627031436060308,0.3249404441308143,2
1790563500000,2653.03,2653.01,-0.0003505452297579703,1.0,0.0025,high_volatility,0.18270609364297513,0.5016493944738326,0.3156445118831922,2
1790564400000,2653.02,2655.47,-0.0002598410074298174,1.0,0.0025,high_volatility,0.19283523475306272,0.5007100079202518,0.3064547573266854,2
1790565300000,2655.47,2646.56,0.004462396469379071,2.0,0.0025,high_volatility,0.1775196888533295,0.49132619410669764,0.33115411703997294,2
1790566200000,2646.57,2653.85,0.002004634775891745,1.0,0.0025,high_volatility,0.1978670323101085,0.4811584979255065,0.320974469764385,2
1790567100000,2653.84,2652.08,0.002469759584929676,1.0,0.0025,high_volatility,0.18859054734258893,0.45990742397729467,0.3515020286801164,2
1790568000000,2652.08,2654.78,-0.0013560445686650047,1.0,0.0025,high_volatility,0.20894968199974373,0.4465920483624847,0.3444582696377715,2
1790568900000,2654.77,2658.37,-0.003923456855140506,0.0,0.0025,high_volatility,0.2020289705134756,0.4493229979424396,0.34864803154408475,2
1790569800000,2658.37,2659.17,-0.003072387248652775,0.0,0.0025,high_volatility,0.1980412603442724,0.4602039983445882,0.3417547413111394,2
1790570700000,2659.17,2658.63,-0.0026329350078799774,0.0,0.0025,high_volatility,0.1950671412906652,0.5191704126286694,0.2857624460806655,2
1790571600000,2658.62,2651.18,0.0008750820389411551,1.0,0.0025,high_volatility,0.18810007076325957,0.4294170607628296,0.38248286847391083,2
1790572500000,2651.18,2647.94,-0.0003625459791385399,1.0,0.0025,high_volatility,0.21474152448877584,0.4259545377270797,0.3593039377841443,2
1790573400000,2647.94,2651.0,0.0,1.0,0.0025,high_volatility,0.23359591724624945,0.3838490794355997,0.38255500331815095,2
1790574300000,2651.0,2651.63,-0.0007617955747973859,1.0,0.0025,high_volatility,0.20257991495066144,0.4180321192333427,0.3793879658159958,2
1790575200000,2651.64,2653.5,-0.0020765027322404706,1.0,0.0025,high_volatility,0.21223412457624574,0.43849303750741037,0.3492728379163439,2
1790576100000,2653.51,2646.98,-0.001122033411661505,1.0,0.0025,high_volatility,0.19676513809522098,0.3981770795511931,0.40505778235358597,2
1790577000000,2646.98,2651.0,-0.0026593738211996287,0.0,0.0025,trending,0.19542567895648125,0.4298472261317997,0.37472709491171896,2
1790577900000,2651.01,2649.61,-0.002000294382947021,1.0,0.0025,trending,0.18757474139380262,0.4663066309957889,0.3461186276104086,2
1790578800000,2649.61,2647.99,0.0011140525455157757,1.0,0.0025,trending,0.2032555709288744,0.42799272516435155,0.36875170390677403,2
1790579700000,2647.99,2644.01,0.000926622819126921,1.0,0.0025,trending,0.17581307474058394,0.41080586650153783,0.41338105875787834,2
1790580600000,2644.02,2643.95,4.916885720240849e-05,1.0,0.0025,trending,0.17770381050069062,0.42337285891639787,0.3989233305829115,2
1790581500000,2643.96,2644.31,0.0026736653418093503,2.0,0.0025,trending,0.18722954367826175,0.415358666808344,0.3974117895133943,2
1790582400000,2644.31,2650.94,-0.0009204282254596796,1.0,0.0025,trending,0.2349149707519836,0.41520987291817224,0.34987515632984423,2
1790583300000,2650.93,2646.46,0.0007519478850992467,1.0,0.0025,trending,0.2135143241631359,0.3907578779233016,0.39572779791356255,2
1790584200000,2646.47,2644.08,-0.0020044779280504743,1.0,0.0025,trending,0.18108759497570884,0.4150545689881134,0.40385783603617775,2
1790585100000,2644.08,2651.38,-0.00370750326245195,0.0,0.0025,trending,0.21054685595300932,0.5039688017439267,0.2854843423030641,2
1790586000000,2651.38,2648.5,-0.00015480460638095384,1.0,0.0025,trending,0.2107248032675181,0.47890101523725814,0.3103741814952238,2
1790586900000,2648.5,2648.45,0.0004568710000187881,1.0,0.0025,high_volatility,0.18698931450914957,0.5195568049468634,0.29345388054398697,2
1790587800000,2648.44,2638.78,0.006809965211195923,2.0,0.0025,high_volatility,0.18437874572009555,0.44606553045989017,0.36955572382001417,2
1790588700000,2638.79,2641.55,0.005697412504022115,2.0,0.0025,trending,0.18579401158637354,0.46928235071585284,0.3449236376977737,2
1790589600000,2641.56,2648.09,0.005252842614865694,2.0,0.0025,trending,0.20269534702485967,0.486916852989075,0.3103877999860653,2
1790590500000,2648.09,2649.66,0.00563845927402018,2.0,0.0025,trending,0.20922689261690874,0.5187328648567737,0.2720402425263175,2
1790591400000,2649.67,2656.75,0.0038392773125057733,2.0,0.0025,trending,0.22208219854262137,0.5402193264704067,0.23769847498697186,2
1790592300000,2656.74,2656.6,0.004667620266506134,2.0,0.0025,trending,0.20325765458846007,0.5419027306244201,0.25483961478711975,2
1790593200000,2656.6,2662.0,0.008711495116453749,2.0,0.0025,trending,0.22661308773459463,0.5358800459024741,0.23750686636293125,2
1790594100000,2662.0,2664.6,0.00570066801771385,2.0,0.0025,trending,0.20725920795814998,0.5802701118643926,0.21247068017745754,2
1790595000000,2664.6,2666.95,0.004559515551472826,2.0,0.0025,trending,0.20078219055277102,0.5844140767215524,0.21480373272567654,2
1790595900000,2666.9,2669.0,0.008209067066316855,2.0,0.0025,trending,0.18855222261684615,0.6053608270679013,0.2060869503152526,2
1790596800000,2668.99,2685.19,2.979305002615007e-05,1.0,0.0025,high_volatility,0.27742807442203604,0.44469256958837644,0.27787935598958763,2
1790597700000,2685.19,2679.79,0.0038100000373164633,2.0,0.0025,high_volatility,0.2049633362407092,0.5470899619108639,0.24794670184842688,2
1790598600000,2679.8,2679.11,0.006763440097644402,2.0,0.0025,high_volatility,0.21658959903562783,0.5128574834820246,0.27055291748234744,2
1790599500000,2679.11,2690.91,-9.662158897905115e-05,1.0,0.0025,high_volatility,0.2568173204584719,0.47911909909637435,0.2640635804451537,2
1790600400000,2690.91,2685.27,-0.0015529164665005757,1.0,0.0025,high_volatility,0.21216881064895102,0.5061527115053713,0.2816784778456776,2
1790601300000,2685.26,2690.0,-0.006728624535315975,0.0,0.0025,high_volatility,0.23064865231368578,0.5310123978051016,0.23833894988121257,2
1790602200000,2689.99,2697.23,-0.012605524927425504,0.0,0.0025,high_volatility,0.2392286063049843,0.5126281072136003,0.24814328648141543,2
1790603100000,2697.23,2690.65,-0.008741382193893643,0.0,0.0025,high_volatility,0.23646261132429652,0.4946412168006624,0.268896171875041,2
1790604000000,2690.65,2681.1,-0.006489873559360038,0.0,0.0025,high_volatility,0.2068026858187421,0.48906321338504155,0.30413410079621633,2
1790604900000,2681.1,2671.9,-0.0014147236049254497,1.0,0.002518376654197856,high_volatility,0.2005204101853912,0.4443462336864161,0.3551333561281925,2
1790605800000,2671.9,2663.23,0.004318064906147834,2.0,0.0027215357069253245,high_volatility,0.19176364929348527,0.4335551700746139,0.3746811806319008,2
1790606700000,2663.23,2667.13,0.0040567951318457585,2.0,0.002827142231264414,high_volatility,0.2160186319240637,0.47092771077365314,0.3130536573022833,2
1790607600000,2667.13,2663.7,0.003945639523970534,2.0,0.002900493571523482,high_volatility,0.232070016780788,0.4731682185512081,0.29476176466800386,2
1790608500000,2663.64,2668.12,0.009932087012578084,2.0,0.002947462778609021,high_volatility,0.24055189130756918,0.5203476687004853,0.2391004399919454,2
1790609400000,2668.12,2674.73,0.0034246447304961958,2.0,0.002970190236964103,high_volatility,0.2483894794736672,0.5249752556194176,0.22663526490691518,2
1790610300000,2674.72,2677.95,0.003510147687596943,2.0,0.0028769858639923103,high_volatility,0.21398241232404494,0.5955482468328607,0.19046934084309441,2
1790611200000,2677.94,2674.21,0.017350918589041253,2.0,0.002813368002091315,high_volatility,0.2182011879482869,0.5874357290717956,0.19436308297991745,2
1790612100000,2674.2,2694.62,0.0017330829578938722,1.0,0.0030222119573537574,high_volatility,0.2480010161338677,0.4921545447243031,0.2598444391418293,2
1790613000000,2694.61,2683.89,0.006620986702137621,2.0,0.003069858254751217,high_volatility,0.21696661026005026,0.571465745174785,0.21156764456516486,2
1790613900000,2683.9,2687.35,0.0031108713044449843,2.0,0.002984700922243503,high_volatility,0.22496567773148182,0.5741570163677084,0.20087730590080963,2
1790614800000,2687.35,2720.61,-0.008068043563759675,0.0,0.0033598601653957857,high_volatility,0.30774777010538173,0.428277318798323,0.26397491109629534,2
1790615700000,2720.62,2699.29,-0.0013818448554990814,1.0,0.003491587447585599,high_volatility,0.26411166190530033,0.5008545789361225,0.2350337591585772,2
1790616600000,2699.3,2701.66,-0.00419001650836881,0.0,0.0033894106390175292,high_volatility,0.2494649267471134,0.5447316410112555,0.205803432241631,2
1790617500000,2701.67,2695.71,0.0014690007456292786,1.0,0.0033149882302702404,high_volatility,0.20795535254741973,0.5543607376997152,0.23768390975286507,2
1790618400000,2695.71,2698.66,-0.004583756382797399,0.0,0.0031775878713584693,high_volatility,0.24698854253283037,0.5500752175531723,0.20293623991399723,2
1790619300000,2698.66,2695.56,-0.005130659306414986,0.0,0.0030366862730872614,high_volatility,0.240180418237114,0.5496475100053617,0.21017207175752423,2
1790620200000,2695.55,2690.34,-0.006541924069076943,0.0,0.0029614528448788833,high_volatility,0.2397678313860528,0.527232935943926,0.2329992326700213,2
1790621100000,2690.34,2699.67,-0.009693777387606684,0.0,0.0029193275899591148,high_volatility,0.24666372896282007,0.5743657715559639,0.178970499481216,2
1790622000000,2699.68,2686.29,-0.0003052537142305134,1.0,0.002991217161752135,high_volatility,0.23661320653268525,0.533944004708191,0.2294427887591238,2
1790622900000,2686.28,2681.73,-0.0005108642555364806,1.0,0.002876570554475787,high_volatility,0.220237412180137,0.5624931963096742,0.21726939151018884,2
1790623800000,2681.73,2672.74,0.0028622312682864415,1.0,0.0029563672002115167,high_volatility,0.22018709911065582,0.5840235396413966,0.19578936124794755,2
1790624700000,2672.75,2673.5,0.003515990274920444,2.0,0.00285374472518671,high_volatility,0.20933078726896787,0.6136660270894998,0.17700318564153247,2
1790625600000,2673.49,2685.47,0.00025693826406558706,1.0,0.002884499728332384,high_volatility,0.22326550587811475,0.611453926902777,0.1652805672191082,2
1790626500000,2685.46,2680.36,0.0003842767389454771,1.0,0.0027732705231168775,low_liquidity,0.21869056699655506,0.6256616425905007,0.15564779041294424,2
1790627400000,2680.35,2680.39,0.00020146321990455185,1.0,0.0026576549343149992,low_liquidity,0.2303472702021126,0.6225951866047555,0.14705754319313188,2
1790628300000,2680.39,2682.9,-0.0031831227403182893,0.0,0.0025479404541474773,low_liquidity,0.20278071726492086,0.6472887216968846,0.14993056103819458,2
1790629200000,2682.9,2686.16,-0.00534964410161709,0.0,0.0025,ranging,0.23527649119023022,0.6142368905194893,0.1504866182902806,2
1790630100000,2686.17,2681.39,-0.0023383394433483806,1.0,0.0025,ranging,0.2153219574845019,0.6237759909906606,0.16090205152483752,2
1790631000000,2681.38,2680.93,0.001462179169168909,1.0,0.0025,ranging,0.23108955476874712,0.5977076923725312,0.17120275285872177,2
1790631900000,2680.92,2674.36,0.004958195605677451,2.0,0.0025,ranging,0.23244674118075054,0.5695776860482054,0.1979755727710441,2
1790632800000,2674.37,2671.79,0.005543100318513128,2.0,0.0025,ranging,0.21112937311619162,0.5926445513355697,0.19622607554823873,2
1790633700000,2671.78,2675.12,0.005887586351266405,2.0,0.0025,low_liquidity,0.22798762166557823,0.5861148225507967,0.18589755578362507,2
1790634600000,2675.11,2684.85,0.0028120751624858276,2.0,0.0025,ranging,0.23828573981989262,0.5773325730546983,0.18438168712540892,2
1790635500000,2684.86,2687.62,0.00040556328647656237,1.0,0.0025,low_liquidity,0.21438700116421242,0.6318042614677064,0.15380873736808118,2
1790636400000,2687.62,2686.6,0.0014107049802725147,1.0,0.0025,ranging,0.2436020973776847,0.5929160891521685,0.1634818134701467,2
1790637300000,2686.6,2690.87,-0.0007618353915275211,1.0,0.0025,ranging,0.23469840171563286,0.592252688267987,0.17304891001638012,2
1790638200000,2690.86,2692.4,-0.0005199821720398567,1.0,0.0025,ranging,0.22884010992520992,0.6115835119710411,0.159576378103749,2
1790639100000,2692.39,2688.71,-0.004269705546526059,0.0,0.0025,low_liquidity,0.18392226521336136,0.6623182427852737,0.15375949200136477,2
1790640000000,2688.71,2690.39,-0.0074747527310166095,0.0,0.0025,ranging,0.18890097494990873,0.6520543008013422,0.159044724248749,2
1790640900000,2690.39,2688.82,-0.010870939668702229,0.0,0.0025,ranging,0.24412715917720182,0.5646976257441525,0.19117521507864563,2
1790641800000,2688.82,2691.0,-0.010130063173541481,0.0,0.0025,ranging,0.2639230978757302,0.5553796171441472,0.18069728498012258,2
1790642700000,2690.99,2677.23,-0.004340306959058404,0.0,0.0025,ranging,0.19562497812492916,0.6184080886748013,0.18596693320026952,2
1790643600000,2677.22,2670.28,-0.003737435774525566,0.0,0.0025,ranging,0.1694986326541487,0.6171039909919035,0.21339737635394776,2
1790644500000,2670.29,2659.59,-0.001263352622020708,1.0,0.0025,ranging,0.1946253620793346,0.5453382483329952,0.2600363895876702,2
1790645400000,2659.59,2663.74,-0.0014866315781568717,1.0,0.0025,ranging,0.19482541725293406,0.5474377806300689,0.25773680211699723,2
1790646300000,2663.74,2665.61,-0.002993686248175864,0.0,0.0025,ranging,0.18449903882191537,0.5862263768062419,0.2292745843718427,2
1790647200000,2665.61,2660.3,-0.0012442205766268755,1.0,0.0025,ranging,0.19315756339868967,0.5590831903555422,0.2477592462457681,2
1790648100000,2660.3,2656.23,0.004344503299789526,2.0,0.0025,ranging,0.19345907755157682,0.5722907779171897,0.2342501445312333,2
1790649000000,2656.23,2659.78,0.002545323297415525,2.0,0.0025,ranging,0.18816470391075496,0.6062330618774713,0.20560223421177376,2
1790649900000,2659.78,2657.63,0.002848402524053384,2.0,0.0025,ranging,0.20197486706103096,0.6188991920680454,0.17912594087092362,2
1790650800000,2657.63,2656.99,0.004019586072962378,2.0,0.0025,ranging,0.2053999809835143,0.6224634823595637,0.17213653665692194,2
1790651700000,2656.99,2667.77,0.0007684320612346696,1.0,0.0025,ranging,0.1858217811791617,0.6491955833231361,0.1649826354977021,2
1790652600000,2667.77,2666.55,-4.500196883627794e-05,1.0,0.0025,ranging,0.17999999732755353,0.6760498000472421,0.1439502026252044,2
1790653500000,2666.56,2665.2,0.0010768422632450037,1.0,0.0025,low_liquidity,0.17118251395853287,0.6600395883781,0.16877789766336718,2
1790654400000,2665.21,2667.67,0.000652254589210699,1.0,0.0025,ranging,0.1864856140586599,0.629470494393874,0.1840438915474659,2
1790655300000,2667.66,2669.82,0.0009176648613014038,1.0,0.0025,ranging,0.1745379165146452,0.6534250858851914,0.17203699760016325,2
1790656200000,2669.81,2666.43,0.0011401011839800024,1.0,0.0025,ranging,0.17278027751073724,0.6433951127813422,0.18382460970792067,2
1790657100000,2666.42,2668.07,0.003174579377602571,2.0,0.0025,ranging,0.17412802972811883,0.6432173861197925,0.1826545841520886,2
1790658000000,2668.06,2669.41,0.009140596611236118,2.0,0.0025,ranging,0.18181251746613114,0.6452216981694952,0.17296578436437368,2
1790658900000,2669.41,2672.27,0.008382386510345174,2.0,0.0025,ranging,0.19766121826193267,0.6226993056912044,0.1796394760468631,2
1790659800000,2672.27,2669.47,0.01086357966188034,2.0,0.0025,ranging,0.21532518619494592,0.5710085567514903,0.21366625705356382,2
1790660700000,2669.46,2676.54,0.011279487696802537,2.0,0.0025,ranging,0.19400400518704292,0.6130576703437054,0.1929383244692516,2
1790661600000,2676.54,2693.81,0.005920981806437853,2.0,0.0025,ranging,0.2482992479063563,0.5311361983018889,0.2205645537917548,2
1790662500000,2693.81,2694.67,0.006987868644398043,2.0,0.0025,ranging,0.21197819356685674,0.5636511172602345,0.22437068917290864,2
1790663400000,2694.68,2698.47,0.005462354593529062,2.0,0.0025,ranging,0.1814073095990076,0.6464273226303001,0.1721653677706923,2
1790664300000,2698.48,2706.73,0.0020800005911192354,1.0,0.0025,ranging,0.19129564694562984,0.4907832295276867,0.3179211235266835,2
1790665200000,2706.74,2709.76,0.0022252893245158223,1.0,0.0025,ranging,0.2058389350741492,0.4890682533960728,0.30509281152977813,2
1790666100000,2709.76,2713.5,0.003663165653215339,2.0,0.0025,ranging,0.20550665827647,0.5255877714213676,0.26890557030216233,2
1790667000000,2713.49,2713.21,-0.0007703052841468994,1.0,0.0025,ranging,0.18569744976554525,0.503322557809854,0.3109799924246007,2
1790667900000,2713.2,2712.36,-0.0012977628338420866,1.0,0.0025,ranging,0.25312888528954286,0.5123299008426813,0.23454121386777585,2
1790668800000,2712.35,2715.79,-0.004374417756895843,0.0,0.0025,ranging,0.23729418385573897,0.5386501629229387,0.22405565322132243,2
1790669700000,2715.79,2723.44,-0.006928737185324385,0.0,0.0025,trending,0.28873311974423505,0.49156722173588835,0.21969965851987663,2
1790670600000,2723.43,2711.12,0.0003356546371979796,1.0,0.0025,trending,0.2284364346924613,0.5316700263157454,0.23989353899179328,2
1790671500000,2711.12,2708.84,0.003244931409754681,2.0,0.0025,trending,0.21298682148789191,0.5763597879812686,0.21065339053083953,2
1790672400000,2708.83,2703.91,0.004526777888317346,2.0,0.0025,trending,0.20257551039734428,0.5590687695481393,0.23835572005451652,2
1790673300000,2703.9,2704.57,0.0038823177066964476,2.0,0.0025,trending,0.21845157022823156,0.5397298502494573,0.2418185795223111,2
1790674200000,2704.57,2712.03,-0.0004977821041803887,1.0,0.0025,trending,0.2275700088952644,0.5502422593485798,0.22218773175615567,2
1790675100000,2712.04,2717.63,-0.0010413485279452406,1.0,0.0025,trending,0.2520106829901786,0.5440635528908961,0.20392576411892524,2
1790676000000,2717.63,2716.15,0.0003865765881854166,1.0,0.0025,trending,0.25387160554087523,0.5417319678575893,0.2043964266015356,2
1790676900000,2716.15,2715.07,0.0012375371537380886,1.0,0.0025,trending,0.2532539569413005,0.538911925867589,0.2078341171911105,2
1790677800000,2715.07,2710.68,0.005271739932415365,2.0,0.0025,trending,0.21815995955860015,0.5604629630188401,0.22137707742255977,2
1790678700000,2710.67,2714.8,0.006508766759982132,2.0,0.0025,trending,0.2607436583309404,0.5574440279505016,0.18181231371855797,2
1790679600000,2714.8,2717.2,0.005391579567201488,2.0,0.0025,trending,0.2644482222482206,0.5504331356505149,0.18511864210126452,2
1790680500000,2717.19,2718.43,0.006908399333438897,2.0,0.0025,trending,0.2728292705889293,0.5414039049131815,0.1857668244978892,2
1790681400000,2718.43,2724.97,0.005423912923812058,2.0,0.0025,trending,0.28534219376667613,0.5381174838646531,0.1765403223686708,2
1790682300000,2724.98,2732.47,0.001595625935508993,1.0,0.0025,trending,0.2840408139570333,0.5277186223812267,0.18824056366174008,2
1790683200000,2732.47,2731.85,0.0016765195746470951,1.0,0.0025,trending,0.26780347543792954,0.5606142859361373,0.1715822386259331,2
1790684100000,2731.85,2737.21,3.653355058474972e-06,1.0,0.0025,trending,0.30904538167038986,0.49624921273685857,0.19470540559275157,2
1790685000000,2737.2,2739.75,-0.005058855735012413,0.0,0.0025,trending,0.27251659438232745,0.5481256760213827,0.17935772959628976,2
1790685900000,2739.74,2736.83,-0.0036538623151602945,0.0,0.0025,trending,0.26418782525827844,0.5331988294577733,0.20261334528394834,2
1790686800000,2736.83,2736.43,-0.006906809236852274,0.0,0.0025,trending,0.2553298086079718,0.5369746594767175,0.20769553191531073,2
1790687700000,2736.43,2737.22,-0.0077450844287269005,0.0,0.0025,trending,0.24538276210652105,0.5504467621909739,0.20417047570250507,2
1790688600000,2737.23,2725.89,-0.003939997578772392,0.0,0.0025,trending,0.225050213658554,0.5295622233570303,0.2453875629844157,2
1790689500000,2725.9,2726.83,-0.005808942985077947,0.0,0.0025,trending,0.23078846235057013,0.5213813714882226,0.24783016616120732,2
1790690400000,2726.83,2717.53,-0.008978741725022332,0.0,0.0025,trending,0.19187293318232812,0.5175808800735605,0.29054618674411137,2
1790691300000,2717.52,2716.02,-0.014333473243937744,0.0,0.0025,trending,0.22755847746120195,0.5208375513211042,0.2516039712176939,2
1790692200000,2716.03,2715.15,-0.012433935510008709,0.0,0.0025,trending,0.2192124700991397,0.5555164053171263,0.22527112458373402,2
1790693100000,2715.14,2710.99,-0.013581754266891344,0.0,0.0025,trending,0.19663640306625638,0.5904646104725011,0.2128989864612425,2
1790694000000,2710.99,2693.13,-0.006702238659106796,0.0,0.0025,trending,0.17698739230749294,0.5759409784129123,0.2470716292795948,2
1790694900000,2693.13,2677.09,0.0019237306179469282,1.0,0.0027161615475787726,trending,0.1684065290796029,0.5720548025006112,0.2595386684197858,2
1790695800000,2677.08,2681.39,-0.0031811858774738466,0.0,0.0026678677830288375,trending,0.16536501855717226,0.6344516208687426,0.20018336057408506,2
1790696700000,2681.4,2674.17,0.0006805850039450778,1.0,0.0027739106748626437,trending,0.1340827389827734,0.5883739681687699,0.27754329284845675,2
1790697600000,2674.16,2675.08,0.001835459126455996,1.0,0.0026888064555123247,trending,0.14706023358114095,0.6144628459958702,0.2384769204229888,2
1790698500000,2675.09,2682.24,-0.0017224409448818312,1.0,0.002637562017704681,trending,0.15991939954405027,0.6408829364459306,0.19919766401001918,2
1790699400000,2682.25,2672.86,0.0005350074452084019,1.0,0.0026509716852998215,trending,0.16087863857485224,0.6062403917054385,0.23288096971970915,2
1790700300000,2672.86,2675.99,-0.0008333364474454319,1.0,0.002596630201052864,trending,0.15012725204764785,0.6742402336720896,0.17563251428026241,2
1790701200000,2675.99,2679.99,0.0016791107429505736,1.0,0.0025110230654458933,trending,0.15691198646545065,0.672314045690754,0.1707739678437953,2
1790702100000,2680.0,2677.62,0.0029541159686587992,2.0,0.0025,low_liquidity,0.1780374411982286,0.6587529921388371,0.16320956666293443,2
1790703000000,2677.63,2674.29,0.007669325316252307,2.0,0.0025,low_liquidity,0.18302692846792237,0.64095355028753,0.1760195212445476,2
1790703900000,2674.29,2673.76,0.008265513733468843,2.0,0.0025,trending,0.1517075081470639,0.6488124434226622,0.19948004843027384,2
1790704800000,2673.77,2684.49,0.0046712783433726646,2.0,0.0025,trending,0.1781804712496505,0.6555932268936158,0.16622630185673365,2
1790705700000,2684.49,2685.53,0.003619397288430859,2.0,0.0025,trending,0.1729293749203372,0.6598560234233434,0.16721460165631954,2
1790706600000,2685.53,2694.8,-0.0018888229182129068,1.0,0.0025,trending,0.1889869824116404,0.6391635939152098,0.17184942367314981,2
1790707500000,2694.8,2695.86,-0.002169993990785879,1.0,0.0025,trending,0.1805882811007322,0.6489819149274911,0.17042980397177668,2
1790708400000,2695.85,2697.03,-0.0026102787139929973,0.0,0.0025,trending,0.17268497220466017,0.6560687537597268,0.17124627403561304,2
1790709300000,2697.04,2695.25,-0.0011390409052963735,1.0,0.0025,trending,0.17294382385410145,0.6447113222253771,0.1823448539205214,2
1790710200000,2695.24,2689.71,0.0010447222934815148,1.0,0.0025,ranging,0.17760291537048253,0.5970210430415112,0.22537604158800634,2
1790711100000,2689.71,2690.01,-0.0002788093724558349,1.0,0.0025,ranging,0.18496774274088046,0.6129095246794307,0.20212273257968874,2
1790712000000,2690.01,2689.99,-5.9479775017745595e-05,1.0,0.0025,ranging,0.17038614671570576,0.6267975327409545,0.20281632054333967,2
1790712900000,2689.99,2692.18,-0.004773083523389898,0.0,0.0025,low_liquidity,0.1974149975835603,0.6255664910056644,0.17701851141077532,2
1790713800000,2692.18,2692.52,-0.004445649428787779,0.0,0.0025,low_liquidity,0.20435559608587256,0.624134094264274,0.17151030964985348,2
1790714700000,2692.53,2689.26,-0.003651562139770803,0.0,0.0025,ranging,0.18765636183275558,0.6407023730820665,0.1716412650851779,2
1790715600000,2689.25,2689.83,-0.002078198250447083,1.0,0.0025,ranging,0.18973771055628902,0.6267747537642189,0.18348753567949222,2
1790716500000,2689.83,2679.33,0.0005075895839632416,1.0,0.0025,ranging,0.19697820298680893,0.5590815268526804,0.24394027016051067,2
1790717400000,2679.34,2680.55,0.0003469437242356044,1.0,0.0025,ranging,0.1834829092380822,0.5953976939577417,0.2211193968041761,2
1790718300000,2680.55,2679.44,0.000891977428119306,1.0,0.0025,ranging,0.1863878274074567,0.5606901706607055,0.25292200193183784,2
1790719200000,2679.44,2684.24,0.001348612642684932,1.0,0.0025,ranging,0.1955978562064716,0.5484055513295816,0.2559965924639468,2
1790720100000,2684.23,2680.69,9.698995407880773e-05,1.0,0.0025,ranging,0.20100935714273133,0.5683368298025353,0.2306538130547334,2
1790721000000,2680.68,2681.48,-0.001450691409221716,1.0,0.0025,ranging,0.19082235543456996,0.5656332209681857,0.24354442359724449,2
1790721900000,2681.48,2681.83,-0.0014355868940237881,1.0,0.0025,ranging,0.1974007334919748,0.6137293974982326,0.18886986900979258,2
1790722800000,2681.84,2687.86,-0.0059303683971635435,0.0,0.0025,ranging,0.20513967122359955,0.6052561555427343,0.1896041732336662,2
1790723700000,2687.85,2680.95,-0.00281243589026281,0.0,0.0025,ranging,0.1991796508413106,0.5981745853321648,0.20264576382652463,2
1790724600000,2680.95,2677.59,-0.002603087104448454,0.0,0.0025,ranging,0.20411815120108825,0.5730383125913484,0.2228435362075633,2
1790725500000,2677.6,2677.98,-0.0020015085997655557,1.0,0.0025,low_liquidity,0.17435868687066558,0.5946525090225145,0.2309888041068198,2
1790726400000,2677.98,2671.92,0.00031812329710456666,1.0,0.0025,ranging,0.17291646293741217,0.5508230874022544,0.2762604496603335,2
1790727300000,2671.93,2673.41,-0.0004376433094811505,1.0,0.0025,ranging,0.17678649282203207,0.552771998678133,0.270441508499835,2
1790728200000,2673.41,2670.62,0.0006066007144407415,1.0,0.0025,ranging,0.1504291226594804,0.5250865251739557,0.3244843521665639,2
1790729100000,2670.62,2672.62,-1.87082338677369e-05,1.0,0.0025,ranging,0.20135812941103262,0.5388852220997239,0.25975664848924346,2
1790730000000,2672.62,2672.77,-0.0002619005750588155,1.0,0.0025,ranging,0.1951583697386028,0.5697099548204462,0.23513167544095098,2
1790730900000,2672.78,2672.24,-0.0012349190192496584,1.0,0.0025,ranging,0.19591552134534151,0.555587125977354,0.2484973526773044,2
1790731800000,2672.24,2672.24,-3.7421788461333705e-06,1.0,0.0025,ranging,0.19174401982800704,0.5651939229667681,0.24306205720522497,2
1790732700000,2672.24,2672.57,0.0007184096207020207,1.0,0.0025,ranging,0.19221953034185202,0.5469783449102632,0.2608021247478848,2
1790733600000,2672.58,2672.07,0.0004678021159625345,1.0,0.0025,ranging,0.18284919086432289,0.5680800133855683,0.24907079575010874,2
1790734500000,2672.08,2668.94,0.0009179674327635112,1.0,0.0025,ranging,0.1701130359467582,0.564450331231205,0.2654366328220367,2
1790735400000,2668.95,2672.23,0.0009505169839423289,1.0,0.0025,ranging,0.18092744398259475,0.578244121623008,0.24082843439439724,2
1790736300000,2672.23,2674.49,-0.0010992750019628295,1.0,0.0025,ranging,0.2183348056032745,0.6176833016724779,0.16398189272424762,2
1790737200000,2674.49,2673.32,0.0003067346969309881,1.0,0.0025,ranging,0.17355691846871438,0.676373580989009,0.1500695005422765,2
1790738100000,2673.32,2671.39,0.000561505433500864,1.0,0.0025,ranging,0.14674977919877058,0.6820118413020179,0.1712383794992116,2
1790739000000,2671.4,2674.77,-0.0007776369557008778,1.0,0.0025,ranging,0.1803718975033592,0.6686929916242862,0.15093511087235448,2
1790739900000,2674.77,2671.55,-0.0005801875315828431,1.0,0.0025,ranging,0.22388817875449288,0.5953134026365691,0.1807984186089382,2
1790740800000,2671.54,2674.14,-0.002041777917386578,1.0,0.0025,ranging,0.16912198247762053,0.6665191253293915,0.16435889219298797,2
1790741700000,2674.15,2672.89,0.0007894077197341254,1.0,0.0025,ranging,0.1417005885361471,0.7073416750925436,0.15095773637130927,2
1790742600000,2672.89,2672.69,0.0021401659002726614,1.0,0.0025,ranging,0.13447665460514213,0.7120332016339571,0.15349014376090078,2
1790743500000,2672.68,2670.0,0.001906367041198509,1.0,0.0025,ranging,0.1336139424198156,0.7274016926302143,0.13898436494997018,2
1790744400000,2669.99,2668.68,-0.0011204040949082117,1.0,0.0025,ranging,0.1507414673374619,0.694051628541077,0.15520690412146118,2
1790745300000,2668.68,2675.0,-0.0031327102803738738,0.0,0.0025,ranging,0.17345932847223977,0.6907392041702232,0.13580146735753706,2
1790746200000,2675.0,2678.41,-0.005645140213783484,0.0,0.0025,ranging,0.17410510345950878,0.7065152207273306,0.11937967581316077,2
1790747100000,2678.42,2675.09,-0.004867125965855368,0.0,0.0025,ranging,0.1824510446249416,0.644707882918969,0.17284107245608943,2
1790748000000,2675.09,2665.69,-0.0012717157658992395,1.0,0.0025,ranging,0.17698418384994602,0.598978385134185,0.22403743101586895,2
1790748900000,2665.73,2666.62,0.0019762845849802257,1.0,0.0025,ranging,0.19749055868384016,0.5974189126110966,0.2050905287050633,2
1790749800000,2666.61,2663.29,0.00486991653180846,2.0,0.0025,ranging,0.2024973169636059,0.5595658071533635,0.23793687588303064,2
1790750700000,2663.28,2662.07,0.00480828828693447,2.0,0.0025,ranging,0.22322049045962947,0.5033496100067868,0.2734298995335838,2
1790751600000,2662.08,2662.3,0.0017466100739960133,1.0,0.0025,ranging,0.20143138913085626,0.534068439358188,0.26450017151095573,2
1790752500000,2662.3,2671.89,-0.0011939114259943429,1.0,0.0025,ranging,0.21503079885521714,0.5828746121384081,0.20209458900637492,2
1790753400000,2671.89,2676.26,-0.002791208626964581,0.0,0.0025,ranging,0.21229761261505847,0.6082785929258243,0.1794237944591173,2
1790754300000,2676.27,2674.87,-0.0014056757898514016,1.0,0.0025,ranging,0.20090662418243593,0.6189960855584391,0.18009729025912494,2
1790755200000,2674.87,2666.95,0.0043870338776506035,2.0,0.0025,ranging,0.18805438756215462,0.599117023571974,0.2128285888658715,2
1790756100000,2666.95,2668.7,0.006505039907070964,2.0,0.0025,ranging,0.18893048336776477,0.6201872934678556,0.19088222316437958,2
1790757000000,2668.69,2668.79,0.007670142648915856,2.0,0.0025,ranging,0.20359407900215787,0.6051222751261544,0.1912836458716878,2
1790757900000,2668.8,2671.11,0.006574045995859423,2.0,0.0025,ranging,0.2023895775912698,0.5986999053316256,0.19891051707710455,2
1790758800000,2671.1,2678.65,0.004177477460661105,2.0,0.0025,ranging,0.20579216353231583,0.6176786589986049,0.1765291774690794,2
1790759700000,2678.64,2686.06,0.002602324594387362,2.0,0.0025,ranging,0.22461385498129574,0.6020265977105643,0.17335954730814004,2
1790760600000,2686.05,2689.26,0.0018034700995812614,1.0,0.0025,ranging,0.31164017462558785,0.507271730200857,0.181088095173555,2
1790761500000,2689.25,2688.67,0.002581201858167903,2.0,0.0025,ranging,0.20860368118574651,0.5930736620110201,0.19832265680323335,2
1790762400000,2688.68,2689.84,0.0001933200487760356,1.0,0.0025,ranging,0.20620309959604777,0.597887632099016,0.1959092683049362,2
1790763300000,2689.83,2693.05,0.0001596702623418711,1.0,0.0025,ranging,0.21264033349175163,0.5952285678049427,0.19213109870330555,2
1790764200000,2693.04,2694.11,0.0018410532606314423,1.0,0.0025,ranging,0.18999858838366454,0.6118504488543273,0.1981509627620081,2
1790765100000,2694.11,2695.61,0.0008124320654694372,1.0,0.0025,ranging,0.17349302688231272,0.6457026411030854,0.18080433201460186,2
1790766000000,2695.6,2690.36,0.0034010318321711086,2.0,0.0025,ranging,0.161812629953071,0.6205664408744959,0.21762092917243325,2
1790766900000,2690.36,2693.48,0.00375350847231104,2.0,0.0025,ranging,0.15941916674244738,0.6504505043986675,0.19013032885888503,2
1790767800000,2693.48,2699.07,0.011359468261289862,2.0,0.0025,ranging,0.1703069037696726,0.6482664156873295,0.18142668054299788,2
1790768700000,2699.06,2697.8,0.012310030395136895,2.0,0.0025,ranging,0.17901411988246133,0.6526923048033317,0.16829357531420694,2
1790769600000,2697.79,2699.51,0.012676374601316542,2.0,0.0025,ranging,0.18526992237028708,0.6422664742886937,0.17246360334101926,2
1790770500000,2699.51,2703.59,0.007042487951205656,2.0,0.0025,trending,0.19635343981266518,0.634782823144397,0.1688637370429378,2
1790771400000,2703.75,2729.73,-0.009678612903107675,0.0,0.0025,trending,0.26210355680043107,0.5183949814878372,0.21950146171173168,2
1790772300000,2729.72,2731.01,-0.007693124521697126,0.0,0.0025,trending,0.25466021910369835,0.5077992884185559,0.2375404924777459,2
1790773200000,2731.0,2733.73,-0.011449557930007792,0.0,0.0025,trending,0.2546694399842593,0.509097970783967,0.23623258923177357,2
1790774100000,2733.74,2722.63,-0.015393204364897328,0.0,0.0025,trending,0.20539128085842057,0.5250927871125344,0.2695159320290451,2
1790775000000,2722.64,2703.31,-0.010857060418523967,0.0,0.002844644643922646,high_volatility,0.1828281396959371,0.43709319410685793,0.380078666197205,2
1790775900000,2703.32,2710.0,-0.01173431734317354,0.0,0.0028117404338616966,trending,0.22917297871660913,0.5642248657346424,0.2066021555487485,2
1790776800000,2710.0,2702.43,-0.00792990012692274,0.0,0.0029361832415626906,high_volatility,0.2136340654129044,0.5221424117237452,0.26422352286335044,2
1790777700000,2702.43,2680.72,-0.0011750574472528807,1.0,0.0031745945067916583,high_volatility,0.1938641055736287,0.5128699056934108,0.29326598873296034,2
1790778600000,2680.73,2673.96,0.0027487322173853634,1.0,0.003198108178271846,high_volatility,0.19343264569095886,0.5517387165178442,0.25482863779119685,2
1790779500000,2673.96,2678.2,0.0020610858038980773,1.0,0.003120992070282632,high_volatility,0.2011320184064682,0.5619127851684381,0.23695519642509372,2
1790780400000,2678.2,2681.0,0.0028907124207384616,1.0,0.0030294754759472063,high_volatility,0.21610846338209042,0.5779534638707061,0.20593807274720338,2
1790781300000,2681.0,2677.57,0.0039177313758369525,2.0,0.002999476304559412,high_volatility,0.2171287573941403,0.5828796071029028,0.19999163550295684,2
1790782200000,2677.58,2681.31,0.004001775251649464,2.0,0.002958601818684276,high_volatility,0.2146042126692474,0.5943315448811678,0.19106424244958495,2
1790783100000,2681.31,2683.72,0.004512393245196922,2.0,0.002892681809256561,trending,0.19097081529165488,0.6313233377769556,0.17770584693138952,2
1790784000000,2683.73,2688.75,0.0014839609483960903,1.0,0.0027926127203770803,trending,0.18784729356672747,0.6417775868572133,0.17037511957605922,2
1790784900000,2688.76,2688.06,-0.0003534147303259072,1.0,0.0026971200386386035,trending,0.17472380251410047,0.6532648771026514,0.1720113203832483,2
1790785800000,2688.06,2692.04,-0.004739899852899576,0.0,0.0026354486980616275,trending,0.19616391311430922,0.6325780469352748,0.17125803995041605,2
1790786700000,2692.04,2695.83,-0.004863066291272089,0.0,0.002534537019626813,ranging,0.21596253701791668,0.6070119702316334,0.17702549275044993,2
1790787600000,2695.83,2692.74,-0.004293024948565427,0.0,0.0025,ranging,0.21273975779907647,0.6002367077570749,0.1870235344438485,2
1790788500000,2692.75,2687.11,-0.002657129778833145,0.0,0.0025,ranging,0.1703381186292147,0.5905309870121107,0.23913089435867466,2
1790789400000,2687.12,2679.28,-0.0017989907736407629,1.0,0.0025,ranging,0.14991826154829743,0.5779999702652239,0.2720817681864786,2
1790790300000,2679.28,2682.72,-0.0013307389515118118,1.0,0.0025,ranging,0.1785841913161374,0.5557153632147234,0.2657004454691392,2
1790791200000,2682.71,2681.18,-0.002715222402076556,0.0,0.0025,ranging,0.17573849334656017,0.5631775683838592,0.2610839382695805,2
1790792100000,2681.18,2679.97,-0.002626895077183722,0.0,0.0025,ranging,0.1887664614651281,0.5590497707804141,0.2521837677544578,2
1790793000000,2679.96,2674.46,0.0006954674962422747,1.0,0.0025,ranging,0.17127130692236062,0.56072363005035,0.2680050630272894,2
1790793900000,2674.46,2679.15,-0.0035608308605341588,0.0,0.0025,trending,0.18640403834431268,0.5862065794632493,0.22738938219243807,2
1790794800000,2679.16,2673.9,0.0003515464303078808,1.0,0.0025,trending,0.15645388854177622,0.5948429627761681,0.24870314868205562,2
1790795700000,2673.89,2672.93,0.0026525198938993633,2.0,0.0025,trending,0.16343802489173245,0.5893241078903279,0.2472378672179398,2
1790796600000,2672.93,2676.32,0.0015880014348059746,1.0,0.0025,trending,0.16665594127354494,0.5897142481126171,0.24362981061383795,2
1790797500000,2676.31,2669.61,0.004835912361730754,2.0,0.0025,trending,0.15191671719690353,0.6094583029788265,0.23862497982426994,2
1790798400000,2669.62,2674.84,0.003357210150887635,2.0,0.0025,trending,0.16411251308825028,0.6255689605752218,0.21031852633652778,2
1790799300000,2674.84,2680.02,0.0014813322288638187,1.0,0.0025,low_liquidity,0.16808727434024023,0.6351621273217055,0.1967505983380542,2
1790800200000,2680.02,2680.57,0.0010781289054193621,1.0,0.0025,trending,0.14157959962012664,0.6898601198063289,0.16856028057354439,2
1790801100000,2680.56,2682.52,0.0006672830025498122,1.0,0.0025,low_liquidity,0.1678325759447287,0.6846097874073338,0.1475576366479374,2
1790802000000,2682.51,2683.82,-0.00044712387566980816,1.0,0.0025,ranging,0.14822728459720447,0.7053974588207137,0.14637525658208184,2
1790802900000,2683.82,2683.99,0.0018405433701318419,1.0,0.0025,low_liquidity,0.17235039643767047,0.6779652577596759,0.14968434580265363,2
1790803800000,2683.99,2683.46,0.002936507344994954,2.0,0.0025,low_liquidity,0.15022530605720258,0.7000864786601588,0.14968821528263854,2
1790804700000,2683.46,2684.31,0.0010021197253671232,1.0,0.0025,low_liquidity,0.18036420238398668,0.6705702087510321,0.14906558886498114,2
1790805600000,2684.31,2682.62,0.0020688729674722683,1.0,0.0025,ranging,0.1619955356333775,0.6765180476000267,0.16148641676659578,2
1790806500000,2682.62,2688.93,0.00010413063932501743,1.0,0.0025,ranging,0.1727488422559909,0.6705639213610582,0.1566872363829508,2
1790807400000,2688.93,2691.34,-0.0006650961974332681,1.0,0.0025,ranging,0.16607387739642837,0.6861615216834985,0.14776460092007307,2
1790808300000,2691.36,2687.0,-0.00036844064011898325,1.0,0.0025,ranging,0.1373380032964959,0.7016053482852026,0.1610566484183015,2
1790809200000,2687.0,2688.17,-0.0021836416595676367,1.0,0.0025,ranging,0.14951484753382144,0.6761878140292543,0.17429733843692427,2
1790810100000,2688.16,2689.21,-0.002487719441769176,1.0,0.0025,ranging,0.1493742431552009,0.6680423693005612,0.18258338754423797,2
1790811000000,2689.2,2689.55,-0.0006766931271030563,1.0,0.0025,ranging,0.13982348920488671,0.6976148979948175,0.16256161280029569,2
1790811900000,2689.54,2686.01,-0.00039091440463745464,1.0,0.0025,ranging,0.14321318253727164,0.6443200109895741,0.21246680647315416,2
1790812800000,2686.01,2682.3,0.002087760504045022,1.0,0.0025,ranging,0.13217327518534136,0.6991025720444763,0.16872415277018246,2
1790813700000,2682.3,2682.52,0.0031649344646080824,2.0,0.0025,ranging,0.133381447092928,0.6793464424042767,0.18727211050279535,2
1790814600000,2682.51,2687.73,0.0012166400642921182,1.0,0.0025,ranging,0.14906183197192083,0.6570740452057743,0.1938641228223049,2
1790815500000,2687.73,2684.96,0.0018808473869258435,1.0,0.0025,ranging,0.14171603081743547,0.6861108377910397,0.17217313139152482,2
1790816400000,2684.95,2687.9,0.001175638974664217,1.0,0.0025,ranging,0.12739867477113195,0.6948075049594004,0.17779382026946766,2
1790817300000,2687.9,2691.01,-0.0006949063734436045,1.0,0.0025,ranging,0.13626815454819666,0.686889206524197,0.17684263892760632,2
1790818200000,2691.02,2691.0,-0.001843180973615799,1.0,0.0025,ranging,0.13537414501167522,0.6991675781723954,0.16545827681592942,2
1790819100000,2691.0,2690.01,-0.0011115200315241491,1.0,0.0025,ranging,0.12899854614329137,0.6945499996176675,0.17645145423904102,2
1790820000000,2690.0,2691.06,-0.001062778236085471,1.0,0.0025,ranging,0.1292235863380856,0.6906113852315308,0.18016502843038382,2
1790820900000,2691.07,2689.14,-0.0005243311988218924,1.0,0.0025,ranging,0.14755941845468576,0.6663589844744587,0.18608159707085561,2
1790821800000,2689.14,2686.04,0.002405027475391286,1.0,0.0025,ranging,0.12993398948522888,0.6826736691601676,0.1873923413546034,2
1790822700000,2686.04,2687.02,0.003368043408683352,2.0,0.0025,ranging,0.13004189023726295,0.6623256472533117,0.20763246250942544,2
1790823600000,2687.02,2688.2,0.004296555315824735,2.0,0.0025,ranging,0.14438586757484448,0.6461042631686668,0.20950986925648876,2
1790824500000,2688.19,2687.73,0.003672243863780844,2.0,0.0025,ranging,0.12952999858467723,0.6703555526417514,0.2001144487735714,2
1790825400000,2687.73,2692.5,0.002447539461467141,1.0,0.0025,ranging,0.14120370947147973,0.6594763709483362,0.19931991958018405,2
1790826300000,2692.51,2696.07,0.0042654678847360294,2.0,0.0025,ranging,0.24066384478546915,0.6022490707013085,0.15708708451322229,3
1790827200000,2696.08,2699.75,0.005033799425872898,2.0,0.0025,ranging,0.20619551614491768,0.6607383387331417,0.13306614512194062,3
1790828100000,2699.6,2697.6,0.006261120996441161,2.0,0.0025,ranging,0.18789747646023883,0.6572027417384595,0.15489978180130165,3
1790829000000,2697.6,2699.09,0.0057500861401436065,2.0,0.0025,ranging,0.20338023415091286,0.6198067505386233,0.17681301531046378,3
1790829900000,2699.08,2707.57,0.003837389245707312,2.0,0.0025,ranging,0.23164052995335535,0.614696008160678,0.1536634618859666,3
1790830800000,2707.57,2713.34,0.0028673148223221645,2.0,0.0025,ranging,0.227739929805455,0.6236820695933668,0.14857800060117818,3
1790831700000,2713.34,2714.49,0.0026487480152810328,2.0,0.0025,ranging,0.19036344389112664,0.6642110015102921,0.14542555459858117,3
1790832600000,2714.49,2714.61,-2.9470163301570373e-05,1.0,0.0025,ranging,0.19539824445161272,0.651480444034626,0.15312131151376115,3
1790833500000,2714.61,2717.96,-0.0010117882529544486,1.0,0.0025,trending,0.20503698728456413,0.6244688384519973,0.17049417426343866,3
1790834400000,2717.96,2721.12,-0.003270712059740166,0.0,0.0025,trending,0.22061390803129213,0.6248777602408747,0.15450833172783324,3
1790835300000,2721.13,2721.68,-0.014358778401575512,0.0,0.0025,trending,0.2627764736034427,0.5858505842457451,0.15137294215081215,3
1790836200000,2721.68,2714.53,-0.011921032370244666,0.0,0.0025,trending,0.27151331782437504,0.5371446736224303,0.1913420085531946,3
1790837100000,2714.54,2715.21,-0.013895794432106534,0.0,0.0025,trending,0.221988771411253,0.5933340549082954,0.1846771736804516,3
1790838000000,2715.21,2712.22,-0.012801321426727852,0.0,0.0025,trending,0.23784548544949638,0.5387747491295182,0.22337976542098548,3
1790838900000,2712.22,2682.6,-0.0007194512786102836,1.0,0.0025,trending,0.2299934472895571,0.5171698723607994,0.2528366803496435,3
1790839800000,2682.59,2682.17,0.00040638736545406395,1.0,0.0025,trending,0.22528614692236776,0.5545050366441954,0.2202088164334369,3
1790840700000,2682.17,2677.48,0.003626544362609563,2.0,0.0025,trending,0.18411293527000674,0.5627659184414949,0.25312114628849836,3
1790841600000,2677.47,2677.5,0.00466853408029877,2.0,0.0025,trending,0.20317309052727553,0.5577627197218601,0.23906418975086446,3
1790842500000,2677.51,2680.67,0.0050062111337838555,2.0,0.0025,trending,0.19638642644921933,0.5534293728928691,0.2501842006579115,3
1790843400000,2680.66,2683.26,0.004863486952438434,2.0,0.0025,trending,0.20010755288806217,0.5853365388256175,0.2145559082863202,3
1790844300000,2683.26,2687.19,0.0014848224353321005,1.0,0.0025,trending,0.19165647864635824,0.6019435045819429,0.20640001677169886,3
1790845200000,2687.19,2690.0,-0.0012453531598513035,1.0,0.0025,trending,0.185200680147539,0.6160103155994581,0.19878900425300308,3
1790846100000,2690.01,2694.09,-0.002241944404232976,1.0,0.0025,trending,0.19195459761327877,0.6240486086879975,0.18399679369872374,3
1790847000000,2694.09,2696.31,-0.00025961406514818375,1.0,0.0025,trending,0.21668999665128932,0.6122046447384372,0.17110535861027357,3
1790847900000,2696.31,2691.18,0.003990814438276313,2.0,0.0025,ranging,0.19507901683267623,0.5855238284771777,0.21939715469014617,3
1790848800000,2691.18,2686.65,0.0040868739880519644,2.0,0.0025,ranging,0.20000251575079572,0.545740494688488,0.25425698956071635,3
1790849700000,2686.65,2688.05,0.0038503748070162214,2.0,0.0025,ranging,0.2055734279908427,0.5811613517321527,0.21326522027700462,3
1790850600000,2688.06,2695.61,0.0032571477327951737,2.0,0.0025,ranging,0.22188074579414394,0.5677348039453783,0.2103844502604777,3
1790851500000,2695.61,2701.92,0.0017172973293064775,1.0,0.0025,ranging,0.21627482328633293,0.6019009732932676,0.18182420342039957,3
1790852400000,2701.92,2697.63,0.003662474097633872,2.0,0.0025,ranging,0.20223688936352432,0.6115870671963741,0.18617604344010166,3
1790853300000,2697.63,2698.4,0.002783130744144602,2.0,0.0025,ranging,0.16178831670904467,0.6641800554681677,0.17403162782278767,3
1790854200000,2698.41,2704.39,-0.0001442099697158694,1.0,0.0025,ranging,0.18099749799782172,0.6309648033348029,0.18803769866737544,3
1790855100000,2704.39,2706.56,-0.0051024178292740086,0.0,0.0025,ranging,0.215056795579914,0.6172068710365293,0.16773633338355667,3
1790856000000,2706.56,2707.51,-0.007833766080273086,0.0,0.0025,ranging,0.2057035157665388,0.6290926633607806,0.16520382087268068,3
1790856900000,2707.51,2705.91,-0.007964049062976875,0.0,0.0025,ranging,0.19699773666514675,0.6124293149455627,0.19057294838929037,3
1790857800000,2705.91,2704.0,-0.002067307692307785,1.0,0.0025,ranging,0.20174387561024548,0.6044756550838521,0.1937804693059023,3
1790858700000,2704.0,2692.75,0.001827128400334166,1.0,0.0025,ranging,0.22183597640176578,0.5661903297429778,0.21197369385525647,3
1790859600000,2692.75,2686.3,0.001027435506086416,1.0,0.0025,ranging,0.191890643520451,0.5978962362805149,0.21021312019903415,3
1790860500000,2686.31,2684.36,0.005144615476314618,2.0,0.0025,ranging,0.18722079512638737,0.6188786272040372,0.1939005776695754,3
1790861400000,2684.35,2698.41,-0.0018603548015312388,1.0,0.0025,ranging,0.23727799548752104,0.5647566470447305,0.19796535746774835,3
1790862300000,2698.42,2697.67,-0.002783883870154713,0.0,0.0025,ranging,0.21341616210156808,0.5878170018771879,0.19876683602124395,3
1790863200000,2697.66,2689.06,0.00021196998207551054,1.0,0.0025,ranging,0.19950197505199005,0.5817929112164892,0.21870511373152068,3
1790864100000,2689.05,2698.17,-0.003958238361556288,0.0,0.0025,ranging,0.23333927372281257,0.5585276736749722,0.2081330526022152,3
1790865000000,2698.17,2693.39,-0.005988735385517696,0.0,0.0025,ranging,0.21043011912773588,0.5763550774259125,0.21321480344635152,3
1790865900000,2693.39,2690.16,-0.0027767865108394574,0.0,0.0025,ranging,0.19840378773673806,0.5891599690268735,0.21243624323638846,3
1790866800000,2690.17,2689.63,-0.0010224454664767846,1.0,0.0025,ranging,0.19026240160878038,0.5792418197408641,0.2304957786503555,3
1790867700000,2689.64,2687.49,-0.0006511652136379498,1.0,0.0025,ranging,0.18906450718916076,0.5828279209684734,0.22810757184236588,3
1790868600000,2687.49,2677.26,0.0024054443722312246,1.0,0.0025,ranging,0.18036278929743968,0.5666786210370126,0.25295858966554774,3
1790869500000,2677.26,2682.69,-0.0009020796290291067,1.0,0.0025,ranging,0.17968541137201782,0.5702285238317102,0.25008606479627193,3
1790870400000,2682.68,2686.88,0.001533377002322256,1.0,0.0025,ranging,0.18028197624958733,0.5748964152739682,0.2448216084764446,3
1790871300000,2686.89,2685.74,0.007725989857543913,2.0,0.0025,ranging,0.19410865446331618,0.5819824518980135,0.22390889363867042,3
1790872200000,2685.74,2683.7,0.009233520885344904,2.0,0.0025,ranging,0.18730188510536877,0.5740060606724842,0.23869205422214715,3
1790873100000,2683.71,2680.27,0.007752950262473579,2.0,0.0025,ranging,0.17193370895867313,0.59457880359172,0.23348748744960685,3
1790874000000,2680.26,2691.0,0.0035600148643626373,2.0,0.0025,ranging,0.19509621568077537,0.5928298470452235,0.21207393727400117,3
1790874900000,2691.01,2706.49,-0.0021725555978405753,1.0,0.0025316106831149298,high_volatility,0.2093465775431436,0.5658631705234375,0.22479025193341887,3
1790875800000,2706.49,2708.48,-0.000793803166351692,1.0,0.0025495356111880484,high_volatility,0.2113010862934797,0.5725000184888734,0.21619889521764676,3
1790876700000,2708.48,2701.05,-0.0002480516836045332,1.0,0.0025537095562963037,high_volatility,0.17550385686210165,0.5991975232003847,0.22529861993751368,3
1790877600000,2701.05,2700.58,0.0007183642032453363,1.0,0.0025431061782877217,high_volatility,0.16898691450339898,0.6042594143295111,0.22675367116708986,3
1790878500000,2700.58,2700.61,-0.0024957324456327257,1.0,0.0025,ranging,0.17092024421471158,0.6350223066358912,0.1940574491493971,3
1790879400000,2700.61,2706.33,-0.003114919466583821,0.0,0.0025099745826814915,high_volatility,0.1923539142873789,0.5873748492097122,0.22027123650290892,3
1790880300000,2706.34,2700.38,0.00011850184048167733,1.0,0.0025,high_volatility,0.1820569538920428,0.6216104054626419,0.19633264064531533,3
1790881200000,2700.37,2702.52,-0.0004107277651970165,1.0,0.0025,low_liquidity,0.220742300750929,0.5802493921838671,0.19900830706520387,3
1790882100000,2702.52,2693.87,0.0026059163953717768,2.0,0.0025,ranging,0.1789878212323875,0.6234490916376739,0.19756308712993867,3
1790883000000,2693.87,2697.9,2.2239519626321425e-05,1.0,0.0025,low_liquidity,0.19894904208107753,0.6083075460773555,0.19274341184156701,3
1790883900000,2697.9,2700.7,-0.0006961158218238284,1.0,0.0025,ranging,0.202622603387463,0.615230382508168,0.182147014104369,3
1790884800000,2700.7,2701.41,-0.00200265787125975,1.0,0.0025,ranging,0.19542780042614127,0.6229125012774719,0.1816596982963868,3
1790885700000,2701.4,2700.89,-0.0027398376090844723,0.0,0.0025,low_liquidity,0.20017818059376907,0.6141361950870668,0.1856856243191641,3
1790886600000,2700.88,2697.96,-0.0029503773221248863,0.0,0.0025,low_liquidity,0.19984786760968531,0.6085655457089196,0.19158658668139508,3
1790887500000,2697.96,2698.82,-0.0019897584870426366,1.0,0.0025,low_liquidity,0.19638010157498006,0.6235484401324083,0.1800714582926117,3
1790888400000,2698.82,2696.0,0.0015170623145401851,1.0,0.0025,low_liquidity,0.19501676873778842,0.6218230768844484,0.1831601543777632,3
1790889300000,2695.99,2693.49,0.0024317892399823293,1.0,0.0025,ranging,0.1979479954471344,0.6017154134663882,0.20033659108647747,3
1790890200000,2693.49,2690.0,0.00423048327137554,2.0,0.0025,ranging,0.18190370045568097,0.5898317076356471,0.22826459190867188,3
1790891100000,2690.01,2693.45,0.003631030834060578,2.0,0.0025,ranging,0.21153657279686194,0.5826502379936923,0.2058131892094457,3
1790892000000,2693.44,2700.09,-0.0001333288890370543,1.0,0.0025,ranging,0.2295900964754827,0.5797405610264604,0.19066934249805678,3
1790892900000,2700.08,2700.04,0.001281462496852015,1.0,0.0025,ranging,0.18384664813206225,0.6318658826143504,0.1842874692535873,3
1790893800000,2700.04,2701.38,0.0014400047383189563,1.0,0.0025,ranging,0.19289886450924792,0.6189969240473668,0.1881042114433853,3
1790894700000,2701.38,2703.23,0.0011800697683881367,1.0,0.0025,ranging,0.19783140575567112,0.6304479027662666,0.17172069147806224,3
1790895600000,2703.23,2699.73,0.0023298626158911873,1.0,0.0025,low_liquidity,0.1862175562410112,0.6489516722021947,0.16483077155679404,3
1790896500000,2699.73,2703.5,0.0009173293878306232,1.0,0.0025,low_liquidity,0.20111686750138197,0.6427451568445806,0.15613797565403745,3
1790897400000,2703.5,2705.27,0.000140466570804465,1.0,0.0025,ranging,0.19829573838661305,0.6453611222986497,0.15634313931473717,3
1790898300000,2705.26,2706.42,0.0007242039299149017,1.0,0.0025,ranging,0.15332857704517977,0.7025287036840107,0.14414271927080957,3
1790899200000,2706.43,2706.02,-0.0009275615110012625,1.0,0.0025,ranging,0.150400073985875,0.7157480718067322,0.13385185420739293,3
1790900100000,2706.01,2705.98,-0.0017147207296431821,1.0,0.0025,ranging,0.15128889196420583,0.7154003287654728,0.13331077927032137,3
1790901000000,2705.97,2705.65,-0.001836896863969928,1.0,0.0025,ranging,0.19507500310575185,0.6794138934595167,0.12551110343473137,3
1790901900000,2705.65,2708.38,0.0028245667151580722,2.0,0.0025,ranging,0.17447657455438725,0.7100931435582415,0.1154302818873713,3
1790902800000,2708.37,2703.51,0.005877544377494326,2.0,0.0025,ranging,0.14432362072434698,0.73157617610259,0.12410020317306304,3
1790903700000,2703.51,2701.34,0.003768500077739212,2.0,0.0025,ranging,0.14393601322065908,0.711999825739611,0.14406416103973008,3
1790904600000,2701.34,2700.68,0.004398892130870857,2.0,0.0025,low_liquidity,0.12987747646495518,0.7364698064153669,0.13365271711967797,3
1790905500000,2700.69,2716.03,0.0018446040728563595,1.0,0.0025,ranging,0.21905246561215985,0.5894662890023726,0.19148124538546746,3
1790906400000,2716.03,2719.4,-0.00043391924689284433,1.0,0.0025,ranging,0.2117791616182608,0.6046939979666857,0.1835268404150535,3
1790907300000,2719.41,2711.52,0.001353484392517812,1.0,0.0025,ranging,0.19321430527784283,0.6053995063060168,0.20138618841614037,3
1790908200000,2711.51,2712.56,0.0023372754888371094,1.0,0.0025,ranging,0.16434177058226992,0.642299190353622,0.19335903906410798,3
1790909100000,2712.56,2721.04,-0.0005108340928468014,1.0,0.0025,ranging,0.21228589029721498,0.6098877122344447,0.1778263974683403,3
1790910000000,2721.05,2718.22,-0.0012655340627321099,1.0,0.0025,ranging,0.22308679051670482,0.5968059545883397,0.18010725489495544,3
1790910900000,2718.22,2715.19,0.01101580368224675,2.0,0.0025,ranging,0.21839979052771094,0.5975353777741161,0.18406483169817298,3
1790911800000,2715.19,2718.9,0.007984846813049451,2.0,0.0025,ranging,0.20422900562731194,0.6062324016699795,0.1895385927027086,3
1790912700000,2718.9,2719.65,0.008497416947033765,2.0,0.0025,ranging,0.23715345138684799,0.5788943110079231,0.18395223760522875,3
1790913600000,2719.65,2714.78,0.0075770412335436355,2.0,0.0025,ranging,0.25968622958592147,0.5542028753382103,0.18611089507586812,3
1790914500000,2714.78,2745.1,-0.006138209901278557,0.0,0.0025,trending,0.32928956638640183,0.46086262712594,0.2098478064876581,3
1790915400000,2745.11,2740.61,-0.007553063004221761,0.0,0.0025,trending,0.2836481323142655,0.5563655351419902,0.15998633254374442,3
1790916300000,2740.62,2742.76,-0.008061223001648021,0.0,0.0025,trending,0.3371759709943205,0.49305102590117056,0.16977300310450888,3
1790917200000,2742.76,2735.35,-0.003926371396713368,0.0,0.0025,trending,0.2792440364878971,0.5080610045313845,0.21269495898071844,3
1790918100000,2735.34,2728.25,0.0006414368184732844,1.0,0.0025,trending,0.2745305983696274,0.5361827485682233,0.18928665306214937,3
1790919000000,2728.24,2719.91,0.004058957833163568,2.0,0.0025,trending,0.2531331625928859,0.5475419976593283,0.19932483974778586,3
1790919900000,2719.97,2720.65,0.0032234943855329323,2.0,0.0025,trending,0.2638264598701867,0.554568717599801,0.18160482253001242,3
1790920800000,2720.65,2724.61,0.002459067536271231,1.0,0.0025,trending,0.30659038135718264,0.5297499760571537,0.1636596425856636,3
1790921700000,2724.62,2730.0,-0.0010000000000000009,1.0,0.0025,trending,0.28400417665251454,0.5684168537892873,0.14757896955819816,3
1790922600000,2729.99,2730.95,-0.0017832622347534466,1.0,0.0025,trending,0.2688159412761547,0.5840046178914811,0.14717944083236423,3
1790923500000,2730.95,2729.42,0.0028833964725105687,2.0,0.0025,trending,0.28919684916781674,0.567421434574705,0.1433817162574784,3
1790924400000,2729.42,2731.31,0.004184805093526478,2.0,0.0025,ranging,0.3098143603209853,0.5445389427215187,0.14564669695749607,3
1790925300000,2731.3,2727.27,0.012250345583678879,2.0,0.0025,ranging,0.24715852694935422,0.6062474264481164,0.1465940466025294,3
1790926200000,2727.27,2726.08,0.012318053762178538,2.0,0.0025,ranging,0.25678953381788333,0.5950437209788434,0.14816674520327328,3
1790927100000,2726.09,2737.29,0.0060095934299981835,2.0,0.0025,ranging,0.33787283824311226,0.49936196486086054,0.16276519689602734,3
1790928000000,2737.29,2742.74,0.0034345216826969782,2.0,0.0025,ranging,0.3384340167675724,0.5117288468079373,0.1498371364244903,3
1790928900000,2742.74,2760.68,-0.005223350768651103,0.0,0.0025,trending,0.3943091220361095,0.4036353410283215,0.2020555369355691,3
1790929800000,2760.68,2759.66,-0.004384598102664783,0.0,0.0025,trending,0.376152022479841,0.4682505709189518,0.15559740660120713,3
1790930700000,2759.66,2753.74,-0.002378583308518478,1.0,0.0025,trending,0.352377132222034,0.4897241382123012,0.15789872956566475,3
1790931600000,2753.73,2752.16,-0.0031320853438753238,0.0,0.0025,trending,0.34636622851769355,0.48218725961628944,0.17144651186601703,3
1790932500000,2752.16,2746.26,-0.00038597947754415163,1.0,0.0025,trending,0.30227719090465516,0.4932554068327516,0.2044674022625932,3
1790933400000,2746.25,2747.56,0.0007206394036891606,1.0,0.0025,trending,0.31641238569397,0.4831618602510398,0.20042575405499005,3
1790934300000,2747.56,2747.19,-0.001350470844754148,1.0,0.0025,trending,0.33515438165909983,0.4999375431155382,0.164908075225362,3
1790935200000,2747.19,2743.54,0.002176020761498032,1.0,0.0025,trending,0.3152649296711562,0.5109896637477781,0.17374540658106558,3
1790936100000,2743.53,2745.2,0.00044441206469492123,1.0,0.0025,trending,0.3412337593818872,0.4994109854329217,0.1593552551851912,3
1790937000000,2745.19,2749.54,-0.00044007361231335196,1.0,0.0025,trending,0.34200392680590996,0.5063707888608158,0.15162528433327424,3
1790937900000,2749.55,2743.48,0.0011481767681922328,1.0,0.0025,trending,0.3119713619899663,0.5226756214496326,0.16535301656040108,3
1790938800000,2743.49,2749.51,-0.0015857370949733385,1.0,0.0025,trending,0.3247187050505612,0.51626824835332,0.1590130465961188,3
1790939700000,2749.51,2746.42,0.0011979231144545466,1.0,0.0025,trending,0.30791321128076543,0.5264785441529808,0.16560824456625384,3
1790940600000,2746.42,2748.33,-0.0024305669260968887,1.0,0.0025,trending,0.3465377997952207,0.5027378529465312,0.15072434725824815,3
1790941500000,2748.32,2746.63,0.0031129056334489036,2.0,0.0025,trending,0.2743971811828169,0.5705482368527256,0.15505458196445748,3
1790942400000,2746.63,2745.15,0.001675682567437109,1.0,0.0025,trending,0.3087188083517,0.530638918424211,0.1606422732240891,3
1790943300000,2745.15,2749.71,0.00010546566728852902,1.0,0.0025,trending,0.31579905439853967,0.5316354071061837,0.15256553849527651,3
1790944200000,2749.71,2741.65,0.007433479838783175,2.0,0.0025,trending,0.3201265709990754,0.48797925407998743,0.19189417492093727,3
1790945100000,2741.65,2755.18,-0.003865446177745091,0.0,0.0025,trending,0.3144093042733569,0.4965401980483086,0.18905049767833434,3
1790946000000,2755.19,2749.75,-0.005444131284662146,0.0,0.0025,trending,0.3003745346819296,0.5146822512629425,0.18494321405512798,3
1790946900000,2749.76,2750.0,-0.007570909090909184,0.0,0.0025,trending,0.26774392609281933,0.5499562769160399,0.18229979699114088,3
1790947800000,2750.01,2762.03,-0.013001307009699481,0.0,0.0025,trending,0.3046109957099425,0.508021015235212,0.18736798905484545,3
1790948700000,2762.03,2744.53,-0.012665192218704213,0.0,0.0025210668528584355,high_volatility,0.2728764281000322,0.5268667659881056,0.2002568059118623,3
1790949600000,2744.53,2734.78,-0.010260423141898234,0.0,0.0026285965788259385,high_volatility,0.23227553963645653,0.5462829107964989,0.22144154956704454,3
1790950500000,2734.78,2729.18,-0.00977216599857822,0.0,0.002679199130820584,high_volatility,0.2178700923352825,0.573576794095965,0.20855311356875242,3
1790951400000,2729.18,2726.12,-0.010861590832391688,0.0,0.002647043545145478,high_volatility,0.22871234684226266,0.5693580536484575,0.20192959950927983,3
1790952300000,2726.12,2709.77,-0.004579724478461222,0.0,0.002972894867218457,high_volatility,0.22357975915907333,0.5697849214436062,0.20663531939732047,3
1790953200000,2709.77,2706.72,-0.004403854111248884,0.0,0.0029794679595454765,high_volatility,0.21077940433594763,0.6163469765020285,0.17287361916202387,3
1790954100000,2706.72,2702.51,-0.0036558606628652734,0.0,0.0029823495221900083,high_volatility,0.1874885846609308,0.6314980026050593,0.18101341273400998,3
1790955000000,2702.51,2696.51,-0.0013721439935324709,1.0,0.0029555606080711285,high_volatility,0.18913094856745327,0.6430399759027685,0.1678290755297781,3
1790955900000,2696.51,2697.36,-0.0026989352552125867,1.0,0.0028749826168260927,high_volatility,0.16814833539320648,0.6417182068653339,0.19013345774145965,3
1790956800000,2697.36,2694.8,-0.00544381772302216,0.0,0.0028693680009962692,high_volatility,0.16169627707488346,0.627471891038658,0.21083183188645868,3
1790957700000,2694.79,2692.63,-0.0035615736287570865,0.0,0.0028324099369151493,high_volatility,0.1698466993572744,0.6152601801953225,0.21489312044740316,3
1790958600000,2692.63,2692.81,-0.004211214307730637,0.0,0.002751671928199962,high_volatility,0.17482354486055252,0.6163723122676614,0.20880414287178609,3
1790959500000,2692.81,2690.08,-0.0020780051150895984,1.0,0.002686921841535512,high_volatility,0.16618270578888814,0.6016254898678772,0.23219180434323466,3
1790960400000,2690.08,2680.13,0.002664049878177588,1.0,0.002715338733494596,high_volatility,0.16472456898047586,0.6158101036582301,0.21946532736129415,3
1790961300000,2680.14,2683.04,-0.0012262210030412612,1.0,0.002663849066661363,high_volatility,0.18253577229004017,0.6033072786225911,0.21415694908736863,3
1790962200000,2683.04,2681.47,-0.008901833695696748,0.0,0.002631972569352856,high_volatility,0.17399281702596125,0.6167450946699322,0.2092620883041065,3
1790963100000,2681.48,2684.49,-0.007267674679361735,0.0,0.0025307872075742486,trending,0.1759441520646253,0.6355360668616511,0.18851978107372355,3
1790964000000,2684.48,2687.27,-0.008465840797537982,0.0,0.0025,trending,0.19675420829828721,0.6246800712546875,0.17856572044702515,3
1790964900000,2687.27,2679.75,-0.005284075006996902,0.0,0.0025,trending,0.18754645104332235,0.6076313395865198,0.20482220937015788,3
1790965800000,2679.76,2657.6,0.0032623419626731653,2.0,0.00274143899659374,high_volatility,0.17240442977730966,0.5467925323915267,0.28080303783116367,3
1790966700000,2657.6,2664.98,0.0011482262531050669,1.0,0.0027723989246104712,high_volatility,0.1653695983867823,0.6114199856174847,0.22321041599573307,3
1790967600000,2664.98,2664.52,0.0013923708585410477,1.0,0.0027126579732240567,high_volatility,0.15885436445061454,0.6353913727748597,0.20575426277452588,3
1790968500000,2664.53,2665.59,0.000420169643493562,1.0,0.002707926588661814,high_volatility,0.1683949038204529,0.6220157022203577,0.2095893939591893,3
1790969400000,2665.59,2666.27,-0.0016427443582233137,1.0,0.002578800198166716,high_volatility,0.16025123623361454,0.6214670402494271,0.2182817235169584,3
1790970300000,2666.28,2668.04,-0.0023612839387715523,1.0,0.0025,trending,0.14040838684292425,0.6483321089868694,0.2112595041702062,3
1790971200000,2668.04,2668.23,-0.0019376140737492609,1.0,0.0025,trending,0.14106385104684563,0.666176737967752,0.19275941098540234,3
1790972100000,2668.22,2666.71,-0.0027862047241731247,0.0,0.0025,low_liquidity,0.13839518096066725,0.6443732316718953,0.21723158736743753,3
1790973000000,2666.71,2661.89,0.00027799796385274966,1.0,0.0025,trending,0.13135508450556846,0.615069071292437,0.2535758442019945,3
1790973900000,2661.89,2661.74,0.0013938250918572592,1.0,0.0025,trending,0.13605920080228567,0.6393813196406605,0.22455947955705388,3
1790974800000,2661.73,2663.06,-0.0002966512207760452,1.0,0.0025,low_liquidity,0.13791002134665145,0.639237510629886,0.2228524680234626,3
1790975700000,2663.06,2659.28,0.0023013748082187924,1.0,0.0025,trending,0.13740652470601736,0.6379439131112861,0.2246495621826966,3
1790976600000,2659.27,2662.63,0.0013295125496219917,1.0,0.0025,trending,0.14554864724128816,0.6349116848924843,0.21953966786622756,3
1790977500000,2662.63,2665.45,0.0009604381999288591,1.0,0.0025,trending,0.14543674886681496,0.6721490586785206,0.1824141924546645,3
1790978400000,2665.45,2662.27,0.0014311095418571007,1.0,0.0025,trending,0.15189022772677555,0.6538390054421753,0.19427076683104907,3
1790979300000,2662.26,2665.4,0.001223080963457468,1.0,0.0025,trending,0.1494218871486941,0.6689429007032922,0.18163521214801376,3
1790980200000,2665.41,2666.17,0.0011814700487966512,1.0,0.0025,trending,0.1448720450395588,0.6697258506692442,0.18540210429119702,3
1790981100000,2666.17,2668.01,0.00021739048954083628,1.0,0.0025,trending,0.15516185966000795,0.6722641245944745,0.17257401574551753,3
1790982000000,2668.0,2666.08,0.0010577327011942472,1.0,0.0025,trending,0.1464421398951381,0.6739036489430116,0.1796542111618503,3
1790982900000,2666.08,2668.66,0.0016300315514155006,1.0,0.0025,trending,0.15741786554931858,0.6705791642036413,0.17200297024704017,3
1790983800000,2668.66,2669.32,0.0021690917537049437,1.0,0.0025,trending,0.12848002428171193,0.7378340451102744,0.1336859306080136,3
1790984700000,2669.32,2668.59,0.0030577945656693473,2.0,0.0025,low_liquidity,0.15262610814881153,0.7234900338335306,0.12388385801765789,3
1790985600000,2668.59,2668.9,0.004159016823410466,2.0,0.0025,trending,0.16073165345813756,0.7105862324352873,0.12868211410657518,3
1790986500000,2668.9,2673.01,0.00230825922836031,1.0,0.0025,trending,0.17717505547952772,0.6923678275717425,0.13045711694872977,3
1790987400000,2673.01,2675.11,0.0019961795963530093,1.0,0.0025,trending,0.1856238069964968,0.6851453707472591,0.1292308222562442,3
1790988300000,2675.11,2676.75,0.0011244979919680098,1.0,0.0025,trending,0.17850206389989473,0.6625643060344282,0.15893363006567704,3
1790989200000,2676.82,2680.0,-0.0006343283582088688,1.0,0.0025,trending,0.18387830723118162,0.6703847783914657,0.14573691437735276,3
1790990100000,2680.0,2679.18,0.00012690450063090886,1.0,0.0025,trending,0.18757221955091294,0.6511993758833213,0.16122840456576562,3
1790991000000,2679.18,2680.45,0.0009587942323117105,1.0,0.0025,trending,0.16411927001585142,0.6926687579397205,0.14321197204442818,3
1790991900000,2680.44,2679.76,-0.0009776994954773244,1.0,0.0025,low_liquidity,0.15466008825802705,0.7184743028673776,0.12686560887459547,3
1790992800000,2679.76,2678.3,-0.0003883060150094986,1.0,0.0025,trending,0.14966168864708307,0.7240611290336582,0.1262771823192587,3
1790993700000,2678.31,2679.52,0.0005672657789455027,1.0,0.0025,low_liquidity,0.16430167135888088,0.7043908867082201,0.13130744193289892,3
1790994600000,2679.53,2683.02,-0.0006969757959314204,1.0,0.0025,ranging,0.17282688649889025,0.6986527252232745,0.1285203882778353,3
1790995500000,2683.03,2677.14,0.0018303114517732588,1.0,0.0025,ranging,0.1672904860080441,0.6955565486346903,0.13715296535726565,3
1790996400000,2677.15,2677.26,0.0013073067240387815,1.0,0.0025,ranging,0.16094720527345427,0.7048175235666027,0.13423527115994302,3
1790997300000,2677.26,2681.04,-0.002513949810521221,0.0,0.0025,ranging,0.1597039391545484,0.7166911712810503,0.12360488956440122,3
1790998200000,2681.05,2681.15,-0.0024765492419297486,1.0,0.0025,ranging,0.16764888649954254,0.7102959504895909,0.1220551630108666,3
1790999100000,2681.16,2682.04,-0.0022482886161279136,1.0,0.0025,low_liquidity,0.17071938762378372,0.7113293790440692,0.1179512333321471,3
1791000000000,2682.04,2680.76,-0.0020516569927930828,1.0,0.0025,ranging,0.17956831439590573,0.696139897891565,0.12429178771252919,3
1791000900000,2680.76,2674.3,0.001043263657779514,1.0,0.0025,ranging,0.1916335170685972,0.6412107041888301,0.16715577874257273,3
1791001800000,2674.29,2674.51,0.0008749266220726692,1.0,0.0025,ranging,0.1717195591042172,0.6802701357049988,0.14801030519078393,3
1791002700000,2674.51,2676.01,0.0006464848786065236,1.0,0.0025,ranging,0.1897769502015931,0.6778434555642834,0.13237959423412354,3
1791003600000,2676.02,2675.26,0.0002691327198103277,1.0,0.0025,ranging,0.19051101602428894,0.6703889694473955,0.13910001452831564,3
1791004500000,2675.27,2677.09,0.00019424076142371405,1.0,0.0025,ranging,0.23108129385601187,0.6311500253561878,0.13776868078780025,3
1791005400000,2677.09,2676.85,0.0006201318714160742,1.0,0.0025,ranging,0.20174751366032012,0.65560542507403,0.14264706126564994,3
1791006300000,2676.85,2677.74,0.0008776057421557848,1.0,0.0025,low_liquidity,0.1813703587818541,0.6998146893069329,0.11881495191121313,3
1791007200000,2677.74,2675.98,0.0018722113020275266,1.0,0.0025,ranging,0.17824467344674028,0.702285741314879,0.11946958523838073,3
1791008100000,2675.98,2677.61,0.0011017287805168419,1.0,0.0025,ranging,0.1885204935552251,0.6892296321919836,0.12224987425279128,3
1791009000000,2677.6,2678.51,0.0006346812220225928,1.0,0.0025,ranging,0.2015889585520088,0.6789970001725377,0.11941404127545337,3
1791009900000,2678.5,2680.09,0.0005298329533709456,1.0,0.0025,ranging,0.18592054612918166,0.6979724363408243,0.11610701752999424,3
1791010800000,2680.1,2680.99,0.0008653519781871566,1.0,0.0025,ranging,0.18072838552184511,0.7060133581746976,0.1132582563034574,3
1791011700000,2680.99,2680.56,-0.0002201032620050558,1.0,0.0025,ranging,0.20803992412701783,0.6771524959660651,0.11480757990691716,3
1791012600000,2680.56,2680.21,0.000820831203524941,1.0,0.0025,ranging,0.20539978768929446,0.6821659157136406,0.11243429659706493,3
1791013500000,2680.21,2681.51,0.0005593863159190082,1.0,0.0025,ranging,0.20611853195565757,0.6850171610543442,0.10886430698999815,3
1791014400000,2681.51,2683.31,0.0008608770511047137,1.0,0.0025,ranging,0.2106824379035174,0.6833132150221097,0.10600434707437283,3
1791015300000,2683.3,2679.97,0.00176494512998282,1.0,0.0025,ranging,0.2025091472132924,0.6853179405598522,0.11217291222685542,3
1791016200000,2679.97,2682.41,-0.00010065575359474721,1.0,0.0025,low_liquidity,0.18263401522240116,0.7091580392215046,0.10820794555609416,3
1791017100000,2682.41,2683.01,-0.0008497918382712744,1.0,0.0025,ranging,0.2000964599412171,0.6924825024460445,0.10742103761273845,3
1791018000000,2683.01,2685.62,-0.0012138724019034042,1.0,0.0025,ranging,0.2230286858998481,0.6726602542721023,0.10431105982804967,3
1791018900000,2685.61,2684.7,-0.0008269080344172064,1.0,0.0025,ranging,0.19003104696208964,0.7001750640327884,0.1097938890051219,3
1791019800000,2684.71,2682.14,0.000562983289462915,1.0,0.0025,ranging,0.1931107045266012,0.684749946253917,0.12213934921948172,3
1791020700000,2682.14,2680.73,0.0010183793220504,1.0,0.0025,ranging,0.18068002091709112,0.7109357160703788,0.10838426301253015,3
1791021600000,2680.72,2682.36,-0.00017894689750819204,1.0,0.0025,ranging,0.19359933958672165,0.6949996715454017,0.11140098886787682,3
1791022500000,2682.35,2682.48,0.0004883540604216918,1.0,0.0025,ranging,0.20046496551626033,0.6882773145412406,0.111257719942499,3
1791023400000,2682.47,2683.65,0.0006558232258304653,1.0,0.0025,ranging,0.21206847822051658,0.6815327658354788,0.10639875594400462,3
1791024300000,2683.65,2683.46,0.00040619200584335324,1.0,0.0025,ranging,0.1718982512697204,0.7115663188842657,0.1165354298460139,3
1791025200000,2683.47,2681.88,0.0006860858800541436,1.0,0.0025,ranging,0.1643009307801196,0.716274497550316,0.1194245716695643,3
1791026100000,2681.89,2683.79,-0.0002720033981794545,1.0,0.0025,ranging,0.18313842722392007,0.7083988313668264,0.10846274140925366,3
1791027000000,2683.79,2685.41,-0.0015602831597409939,1.0,0.0025,ranging,0.18199744489938316,0.7127737710503557,0.10522878405026113,3
1791027900000,2685.4,2684.55,-0.0007003035890559284,1.0,0.0025,ranging,0.19836640276963688,0.6861866010934977,0.1154469961368654,3
1791028800000,2684.54,2683.72,-0.0009129119282189624,1.0,0.0025,ranging,0.18260534566307943,0.6966117401343956,0.12078291420252499,3
1791029700000,2683.72,2683.06,-0.0015728310212964614,1.0,0.0025,ranging,0.17022424146974652,0.7064346460400318,0.12334111249022167,3
1791030600000,2683.07,2681.22,-0.00019021191845491892,1.0,0.0025,ranging,0.16275393647305597,0.7085691465396678,0.12867691698727624,3
1791031500000,2681.22,2682.67,-0.0002534788102898089,1.0,0.0025,low_liquidity,0.15548172608280494,0.7308105380469657,0.11370773587022937,3
1791032400000,2682.67,2681.27,-0.0009062869461112788,1.0,0.0025,ranging,0.15772594759370187,0.7241606263662373,0.1181134260400609,3
1791033300000,2681.27,2678.84,0.0008847112929477596,1.0,0.0025,ranging,0.14808804658941901,0.7345312961739304,0.11738065723665066,3
1791034200000,2678.83,2680.71,0.00019397846093016646,1.0,0.0025,ranging,0.1650028119785955,0.7250447644161191,0.1099524236052855,3
1791035100000,2680.7,2681.99,0.0005853862244080688,1.0,0.0025,low_liquidity,0.15093452936744656,0.7376261718394206,0.11143929879313276,3
1791036000000,2681.99,2678.84,0.0013326663779844594,1.0,0.0025,ranging,0.15407001664905257,0.7264656817340006,0.11946430161694678,3
1791036900000,2678.84,2681.21,-0.00014545671543808592,1.0,0.0025,ranging,0.15242852014247282,0.7316379673137493,0.1159335125437779,3
1791037800000,2681.22,2681.23,-0.00012307784114007347,1.0,0.0025,ranging,0.15256567696651768,0.7345843333277591,0.11284998970572314,3
1791038700000,2681.24,2683.56,-0.0006968355468108811,1.0,0.0025,ranging,0.1720080200878598,0.7027708486591284,0.1252211312530118,3
1791039600000,2683.56,2682.41,-0.0009692776272083314,1.0,0.0025,ranging,0.17466438620615796,0.7029334910481878,0.12240212274565425,3
1791040500000,2682.41,2680.82,-0.0001977007035162126,1.0,0.0025,ranging,0.15313795311429676,0.7209080121037246,0.12595403478197864,3
1791041400000,2680.83,2680.9,0.0004215002424559078,1.0,0.0025,ranging,0.16242121312686492,0.7142046740835039,0.12337411278963116,3
1791042300000,2680.9,2681.69,-3.728991792573133e-06,1.0,0.0025,ranging,0.1586942395162817,0.6949644487519249,0.14634131173179354,3
1791043200000,2681.69,2679.81,0.0019590941148812657,1.0,0.0025,ranging,0.17815955263475955,0.6824741097871933,0.13936633757804726,3
1791044100000,2679.82,2680.29,0.001361792940316242,1.0,0.0025,ranging,0.16228697287267654,0.6830669200806907,0.15464610704663276,3
1791045000000,2680.3,2682.03,0.001480222070595616,1.0,0.0025,ranging,0.18319144551950714,0.6752540171843713,0.14155453729612166,3
1791045900000,2682.03,2681.68,0.002733361176576077,2.0,0.0025,ranging,0.18288996776054858,0.6646827935701276,0.15242723866932384,3
1791046800000,2681.67,2685.06,0.0007336893775187203,1.0,0.0025,ranging,0.19769578181812306,0.6750274031118436,0.1272768150700335,3
1791047700000,2685.07,2683.94,0.0009948061432074606,1.0,0.0025,ranging,0.16399608200855145,0.6844909952073156,0.151512922784133,3
1791048600000,2683.93,2686.0,-0.00017125837676845723,1.0,0.0025,ranging,0.18730813187087858,0.6735077792757553,0.13918408885336608,3
1791049500000,2685.99,2689.01,-0.0014391913752646035,1.0,0.0025,ranging,0.21286348451791315,0.6014395797955342,0.1856969356865527,3
1791050400000,2689.01,2687.03,-0.0009452815934323233,1.0,0.0025,ranging,0.16661370722338084,0.6273831326274255,0.20600316014919368,3
1791051300000,2687.03,2686.61,-0.0018201376455831975,1.0,0.0025,ranging,0.14809158143533746,0.647258750279097,0.2046496682855655,3
1791052200000,2686.61,2685.54,-0.0010463444968237257,1.0,0.0025,ranging,0.14424396351297114,0.6620275960143823,0.1937284404726466,3
1791053100000,2685.54,2685.14,0.00012289861981118477,1.0,0.0025,ranging,0.14474641234422891,0.7128881176165102,0.1423654700392609,3
1791054000000,2685.15,2684.49,0.0012143833651829805,1.0,0.0025,ranging,0.1405362370776148,0.7129562248064661,0.14650753811591907,3
1791054900000,2684.49,2681.72,0.002379070149008955,1.0,0.0025,ranging,0.13824810776460747,0.7041948873896344,0.15755700484575802,3
1791055800000,2681.73,2682.73,0.0016177550480294123,1.0,0.0025,ranging,0.1594466850975031,0.6805996509829061,0.15995366391959073,3
1791056700000,2682.73,2685.47,0.00047291535559890185,1.0,0.0025,low_liquidity,0.1876040476809823,0.6482595344973074,0.1641364178217102,3
1791057600000,2685.47,2687.75,-0.0003311319877220553,1.0,0.0025,ranging,0.18755239573785124,0.6509435274994009,0.16150407676274792,3
1791058500000,2687.75,2688.1,-0.0009188646255718913,1.0,0.0025,ranging,0.19575285730120412,0.6363613494387612,0.1678857932600347,3
1791059400000,2688.09,2687.07,-0.00043541850416994876,1.0,0.0025,low_liquidity,0.19071614260585282,0.6453690198807001,0.1639148375134472,3
1791060300000,2687.07,2686.74,-0.0005806293128475248,1.0,0.0025,ranging,0.17424797614924634,0.6587867484288922,0.16696527542186138,3
1791061200000,2686.74,2686.86,0.0007666942081090422,1.0,0.0025,ranging,0.16992209943018524,0.6642418088723225,0.1658360916974922,3
1791062100000,2686.87,2685.63,0.0008526863343052415,1.0,0.0025,ranging,0.1654207880473262,0.680786497508912,0.15379271444376183,3
1791063000000,2685.63,2685.9,0.0007930302691836477,1.0,0.0025,ranging,0.17754107943709382,0.6605843540512686,0.1618745665116376,3
1791063900000,2685.91,2685.18,0.0005213803171482123,1.0,0.0025,low_liquidity,0.17503810420910465,0.6751557921910623,0.14980610359983304,3
1791064800000,2685.18,2688.92,-0.0007661068384332559,1.0,0.0025,ranging,0.18658435061636386,0.6764574260072954,0.13695822337634062,3
1791065700000,2688.93,2687.92,3.3483139379120175e-05,1.0,0.0025,ranging,0.18474214913548812,0.6550038456367936,0.1602540052277182,3
1791066600000,2687.92,2688.03,-3.7201965752409194e-06,1.0,0.0025,ranging,0.18628517658178131,0.6502869601086146,0.16342786330960402,3
1791067500000,2688.02,2686.58,0.00024194328849325153,1.0,0.0025,ranging,0.16881348260784293,0.6834885512885751,0.14769796610358202,3
1791068400000,2686.59,2686.86,0.0002828580573606132,1.0,0.0025,low_liquidity,0.1727354913535205,0.6713608467341856,0.1559036619122939,3
1791069300000,2686.86,2688.01,0.0011086268280249278,1.0,0.0025,ranging,0.19204146143924516,0.6603656094323542,0.14759292912840058,3
1791070200000,2688.01,2688.02,0.0010230578641527988,1.0,0.0025,low_liquidity,0.18724411795690374,0.6681838024384638,0.1445720796046326,3
1791071100000,2688.01,2687.23,0.002329536362722928,1.0,0.0025,ranging,0.14405230131091934,0.7329322068691222,0.12301549181995848,3
1791072000000,2687.24,2687.62,0.0023217567959756824,1.0,0.0025,ranging,0.1496681080426515,0.7267347877004319,0.12359710425691665,3
1791072900000,2687.61,2690.99,-0.00016350859720759559,1.0,0.0025,ranging,0.17094048735319775,0.6860349872034237,0.1430245254433785,3
1791073800000,2690.98,2690.77,0.0006132073718676523,1.0,0.0025,ranging,0.13643844677154857,0.7175597616129746,0.14600179161547674,3
1791074700000,2690.77,2693.49,0.000482645192668274,1.0,0.0025,ranging,0.15643702322490757,0.6699854147047226,0.17357756207036978,3
1791075600000,2693.5,2693.86,-3.712145397305466e-05,1.0,0.0025,ranging,0.1477542085760897,0.703147451656709,0.1490983397672013,3
1791076500000,2693.85,2690.55,0.0012525320101837156,1.0,0.0025,ranging,0.1261894842099342,0.7125115450429749,0.16129897074709088,3
1791077400000,2690.55,2692.42,7.428261563857674e-06,1.0,0.0025,ranging,0.1364057511475731,0.6845318510343457,0.17906239781808114,3
1791078300000,2692.43,2694.79,-0.0008052575525365757,1.0,0.0025,ranging,0.15834613973136247,0.6738427005096085,0.167811159759029,3
1791079200000,2694.8,2693.76,-0.0002932703730104125,1.0,0.0025,ranging,0.15238793482892318,0.6887958554330614,0.15881620973801536,3
1791080100000,2693.76,2693.92,-0.00028582882936389886,1.0,0.0025,ranging,0.1562189814550195,0.6614471151058078,0.18233390343917263,3
1791081000000,2693.92,2692.44,0.0013667899748925905,1.0,0.0025,ranging,0.1508174476907609,0.6654576709403338,0.18372488136890525,3
1791081900000,2692.43,2692.62,0.0006759215930951523,1.0,0.0025,ranging,0.13926631307651116,0.7046599351864187,0.1560737517370702,3
1791082800000,2692.62,2692.97,0.000571859322606727,1.0,0.0025,low_liquidity,0.1400283441582426,0.7100697825676637,0.14990187327409366,3
1791083700000,2692.97,2693.15,5.9409984590530485e-05,1.0,0.0025,ranging,0.1376350124729645,0.7150318688065109,0.14733311872052474,3
1791084600000,2693.15,2696.12,-0.0015207038262391448,1.0,0.0025,trending,0.1471603391330014,0.7167284537087669,0.1361112071582317,3
1791085500000,2696.11,2694.44,-0.0007571146509107729,1.0,0.0025,trending,0.1401761386583683,0.6921464755495176,0.1676773857921141,3
1791086400000,2694.45,2694.51,-0.0003414349918909876,1.0,0.0025,trending,0.1400609739783598,0.6859345480475649,0.17400447797407528,3
1791087300000,2694.5,2693.31,0.0005420839041923031,1.0,0.0025,low_liquidity,0.12599371061450015,0.7196993018202498,0.15430698756525013,3
1791088200000,2693.31,2692.02,0.0017533302129997264,1.0,0.0025,low_liquidity,0.12241524573667227,0.7253412500953744,0.15224350416795343,3
1791089100000,2692.01,2692.4,0.0008691130589806306,1.0,0.0025,trending,0.13022823356492857,0.7377214195495991,0.13205034688547215,3
1791090000000,2692.41,2693.59,0.0002673012596570157,1.0,0.0025,trending,0.12906757553547543,0.747963649044371,0.12296877542015368,3
1791090900000,2693.58,2694.77,-0.0011318220107838783,1.0,0.0025,trending,0.13906749203917868,0.7266690416260494,0.13426346633477193,3
1791091800000,2694.77,2696.74,-0.0015055214814924112,1.0,0.0025,trending,0.15742472064298785,0.7199779515761436,0.12259732778086846,3
1791092700000,2696.74,2694.74,0.0005380853069314462,1.0,0.0025,trending,0.14067259602529222,0.6996295405984028,0.15969786337630493,3
1791093600000,2694.74,2694.31,0.00046765220037792155,1.0,0.0025,trending,0.13236955453488833,0.7020995349046144,0.16553091056049735,3
1791094500000,2694.31,2691.72,0.00049039276001972,1.0,0.0025,trending,0.14151577246225883,0.6783323345705756,0.1801518929671656,3
1791095400000,2691.72,2692.68,0.0009024466330942449,1.0,0.0025,trending,0.12323735947114563,0.7131358381470289,0.16362680238182556,3
1791096300000,2692.68,2696.19,0.003475274368646142,2.0,0.0025,trending,0.16112671874365023,0.6815140039334242,0.15735927732292565,3
1791097200000,2696.2,2695.57,0.002619112098739773,2.0,0.0025,trending,0.1445436139348066,0.7023689844917572,0.15308740157343617,3
1791098100000,2695.56,2693.04,0.003082018833734379,2.0,0.0025,trending,0.14154532984903168,0.6913067499156084,0.16714792023535988,3
1791099000000,2693.04,2695.11,0.001402540156060228,1.0,0.0025,ranging,0.1543636960352959,0.6736149485169783,0.17202135544772576,3
1791099900000,2695.11,2705.56,-0.0019145759103474935,1.0,0.0025,trending,0.24226305293838757,0.5449897311721246,0.21274721588948775,3
1791100800000,2705.57,2702.63,-0.0012506336420450292,1.0,0.0025,trending,0.20010718815504056,0.5915837595211795,0.20830905232377994,3
1791101700000,2702.64,2701.34,0.0005441743727185866,1.0,0.0025,trending,0.17494391676583568,0.6062910311809026,0.2187650520532618,3
1791102600000,2701.35,2698.89,0.0016932887224008208,1.0,0.0025,trending,0.16216046401640727,0.6042287954811489,0.2336107405024437,3
1791103500000,2698.89,2700.38,0.000422162806716031,1.0,0.0025,trending,0.20537596207215145,0.6025629616586836,0.19206107626916505,3
1791104400000,2700.37,2699.25,0.001489302584051222,1.0,0.0025,trending,0.19397949585645557,0.6080466174959009,0.1979738866476435,3
1791105300000,2699.25,2702.81,0.0008139676854830302,1.0,0.0025,trending,0.22793326591904267,0.5729086151192128,0.19915811896174465,3
1791106200000,2702.81,2703.46,-0.000125764760714131,1.0,0.0025,trending,0.21098267691577988,0.5905355714834896,0.19848175160073062,3
1791107100000,2703.47,2701.52,-1.4806479315288001e-05,1.0,0.0025,trending,0.20009389160449,0.5862399721499582,0.21366613624555186,3
1791108000000,2701.53,2703.27,-0.0007250478124641857,1.0,0.0025,trending,0.21271535805389621,0.5716305099104129,0.2156541320356909,3
1791108900000,2703.26,2705.01,-0.0004103496844743981,1.0,0.0025,trending,0.20823519544902802,0.5950002491386945,0.19676455541227758,3
1791109800000,2705.0,2703.12,-0.0009285566308561144,1.0,0.0025,trending,0.20346340473988347,0.5876860295365369,0.20885056572357952,3
1791110700000,2703.13,2701.48,-0.0005515495210033361,1.0,0.0025,trending,0.16781582749398888,0.5951754021960519,0.23700877030995915,3
1791111600000,2701.49,2701.31,-0.0007885063173053153,1.0,0.0025,trending,0.1768524578931889,0.579938558962282,0.24320898314452924,3
1791112500000,2701.31,2703.9,-0.0007026887089019995,1.0,0.0025,trending,0.20807437312471008,0.5824652357253838,0.20946039114990625,3
1791113400000,2703.91,2700.61,-0.0002221720278010597,1.0,0.0025,trending,0.1781286082192418,0.6032412944903668,0.2186300972903914,3
1791114300000,2700.61,2699.99,-0.0017629694924795603,1.0,0.0025,trending,0.18896559256394244,0.5823441892071364,0.22869021822892122,3
1791115200000,2700.0,2699.18,-0.0007002126571773459,1.0,0.0025,trending,0.18528214816303723,0.6091317557180655,0.20558609611889733,3
1791116100000,2699.18,2702.0,-0.0010843819393041576,1.0,0.0025,trending,0.2130132355225169,0.5974115955527025,0.18957516892478052,3
1791117000000,2702.01,2700.01,-0.0009481446365015023,1.0,0.0025,trending,0.18402729929783196,0.6162200101599133,0.19975269054225478,3
1791117900000,2700.0,2695.23,0.0014173187445969404,1.0,0.0025,trending,0.1847549090382209,0.6009586507807475,0.21428644018103168,3
1791118800000,2695.23,2697.29,-0.00025951974018356694,1.0,0.0025,trending,0.19725571981544163,0.6018622474679539,0.2008820327166044,3
1791119700000,2697.29,2699.07,-0.0010448043214885683,1.0,0.0025,ranging,0.24567365038930733,0.5626019629800258,0.19172438663066685,3
1791120600000,2699.07,2697.45,-0.000982409312498711,1.0,0.0025,ranging,0.21812894373664118,0.5825874363723437,0.19928361989101512,3
1791121500000,2697.46,2699.05,-0.000585391156147641,1.0,0.0025,ranging,0.23298107873527849,0.5691439783137396,0.19787494295098187,3
1791122400000,2699.05,2696.59,0.0009678890747202296,1.0,0.0025,ranging,0.2114801112045653,0.5827328280407855,0.2057870607546492,3
1791123300000,2696.59,2696.25,0.0010978210477514683,1.0,0.0025,ranging,0.21314690660460606,0.582270714034297,0.20458237936109688,3
1791124200000,2696.25,2694.8,0.0014323883033990903,1.0,0.0025,ranging,0.22708659851931157,0.5704108729897345,0.20250252849095382,3
1791125100000,2694.79,2697.47,0.0005634909748764017,1.0,0.0025,ranging,0.25526851149855745,0.5383191667083881,0.2064123217930545,3
1791126000000,2697.46,2699.2,0.00041493775933632016,1.0,0.0025,ranging,0.2550016758834138,0.5535626153166903,0.19143570879989594,3
1791126900000,2699.22,2699.21,-0.00023340162491991556,1.0,0.0025,ranging,0.24681800200228185,0.5510890323939454,0.2020929656037729,3
1791127800000,2699.21,2698.66,0.0019342933159420816,1.0,0.0025,ranging,0.22968279368763606,0.577867651060223,0.1924495552521409,3
1791128700000,2698.67,2698.99,0.0015672529353571996,1.0,0.0025,ranging,0.23753903743131896,0.570152259493664,0.19230870307501702,3
1791129600000,2698.98,2700.32,0.0008406411092019006,1.0,0.0025,ranging,0.24580295079592693,0.5532796630977729,0.2009173861063002,3
1791130500000,2700.32,2698.58,0.0017638906387804631,1.0,0.0025,ranging,0.22979840418729072,0.5801022509662855,0.1900993448464237,3
1791131400000,2698.59,2703.88,0.0004105211769751538,1.0,0.0025,ranging,0.2753703161221713,0.5491519067394158,0.17547777713841284,3
1791132300000,2703.88,2703.22,-0.00039952353119609985,1.0,0.0025,ranging,0.24067346201640744,0.5777732615389526,0.18155327644464,3
1791133200000,2703.22,2702.59,-0.00039961666401489015,1.0,0.0025,ranging,0.232933145875706,0.5774731321349035,0.18959372198939053,3
1791134100000,2702.58,2703.34,-0.0007990115930665009,1.0,0.0025,ranging,0.23762732818036542,0.5805138445670935,0.18185882725254102,3
1791135000000,2703.35,2704.99,-0.001134939500700427,1.0,0.0025,ranging,0.24833658140680506,0.5827531634089721,0.16891025518422292,3
1791135900000,2704.99,2702.14,-0.00041078552554629777,1.0,0.0025,ranging,0.21848005419863573,0.6109120210810642,0.17060792472030017,3
1791136800000,2702.14,2701.51,9.624247180273215e-05,1.0,0.0025,ranging,0.224434622294326,0.5964260417176791,0.17913933598799484,3
1791137700000,2701.5,2701.18,0.0008403734664108597,1.0,0.0025,low_liquidity,0.25136433374940687,0.5875677972996354,0.1610678689509578,3
1791138600000,2701.17,2701.92,0.0003553028957186122,1.0,0.0025,ranging,0.2237788045524034,0.6151483391661048,0.1610728562814919,3
1791139500000,2701.92,2701.03,0.00022583977223500362,1.0,0.0025,ranging,0.22642245601955446,0.6188419092116757,0.1547356347687698,3
1791140400000,2701.02,2701.77,-0.00047376349578243104,1.0,0.0025,ranging,0.2315821689760583,0.6043286527821525,0.16408917824178923,3
1791141300000,2701.78,2703.45,-0.0005326527215223642,1.0,0.0025,low_liquidity,0.22007585141871258,0.6103176570074024,0.169606491573885,3
1791142200000,2703.46,2702.88,-5.1796602143050485e-05,1.0,0.0025,ranging,0.21560205548514624,0.6160897156021475,0.1683082289127062,3
1791143100000,2702.89,2701.64,0.0015175967190299566,1.0,0.0025,ranging,0.1792347734562388,0.6591283759837202,0.16163685056004096,3
1791144000000,2701.64,2700.49,0.0025550918537007306,2.0,0.0025,ranging,0.1732628882144294,0.6659647471793919,0.16077236460617855,3
1791144900000,2700.5,2702.01,0.0008142086816851357,1.0,0.0025,ranging,0.18607895181853334,0.6600556877574811,0.1538653604239854,3
1791145800000,2702.02,2702.74,0.0012172832014920587,1.0,0.0025,ranging,0.20015124504169793,0.6534611785380747,0.14638757642022743,3
1791146700000,2702.74,2705.74,-0.0012085418406794224,1.0,0.0025,ranging,0.19152253201223474,0.636233179866494,0.1722442881212712,3
1791147600000,2705.73,2707.39,0.004376909126501793,2.0,0.0025,trending,0.19386760631466365,0.6457802315840667,0.16035216210126965,3
1791148500000,2707.38,2704.21,0.008105879351085976,2.0,0.0025,trending,0.17010249351675763,0.637699089761194,0.19219841672204843,3
1791149400000,2704.21,2706.03,0.008233463782737038,2.0,0.0025,trending,0.16284025353491038,0.6623535271507041,0.17480621931438567,3
1791150300000,2706.03,2702.47,0.01052000577249701,2.0,0.0025,trending,0.1853823962428874,0.6437097662408807,0.17090783751623187,3
1791151200000,2702.47,2719.24,0.005255144819876323,2.0,0.0025,abnormal,0.2641401102029317,0.5218872267810198,0.21397266301604836,3
1791152100000,2719.23,2726.13,0.0023439821285118345,1.0,0.0025,high_volatility,0.28270224477200445,0.4958729946262853,0.22142476060171015,3
1791153000000,2726.13,2728.31,-0.0002015899952716449,1.0,0.0025,high_volatility,0.24827672953628538,0.5394952428889652,0.2122280275747494,3
1791153900000,2728.3,2730.9,-0.0014500714050312835,1.0,0.0025,high_volatility,0.23317994470872686,0.548919676449237,0.2179003788420361,3
1791154800000,2730.9,2733.53,-0.0034424352394157864,0.0,0.0025,high_volatility,0.2251739496013402,0.5505958871291159,0.22423016326954393,3
1791155700000,2733.53,2732.52,-0.0048160672200020516,0.0,0.0025,high_volatility,0.23088083646573712,0.5400921223287113,0.22902704120555162,3
1791156600000,2732.52,2727.76,0.0,1.0,0.0025,high_volatility,0.2425550695881727,0.46309850571684796,0.29434642469497946,3
1791157500000,2727.75,2726.94,0.0008617718028265386,1.0,0.0025,high_volatility,0.3368745420284576,0.4077120250406067,0.2554134329309357,3
1791158400000,2726.93,2724.12,0.0022062170535805947,1.0,0.0025,high_volatility,0.3264808539306703,0.3994765254307382,0.2740426206385916,3
1791159300000,2724.12,2719.36,0.004523123087785352,2.0,0.0025,high_volatility,0.33311155150456223,0.3995701703001508,0.267318278195287,3
1791160200000,2719.36,2727.76,-0.0009934891632694676,1.0,0.0025,high_volatility,0.3538165580372333,0.4070138481995884,0.23916959376317842,3
1791161100000,2727.76,2729.29,-0.0016817560611002147,1.0,0.0025,high_volatility,0.35048868466348393,0.4373840736239687,0.2121272417125473,3
1791162000000,2729.28,2730.13,0.0007691941409382341,1.0,0.0025,high_volatility,0.3802486804737323,0.4166137147880789,0.20313760473818887,3
1791162900000,2730.14,2731.66,0.0007870672045569016,1.0,0.0025,high_volatility,0.3611759084558407,0.42929570567428105,0.2095283858698782,3
1791163800000,2731.67,2725.05,0.0038568099667894984,2.0,0.0025,high_volatility,0.36699860189635297,0.3980203591439686,0.2349810389596784,3
1791164700000,2725.05,2724.7,0.0023562227034168437,1.0,0.0025,high_volatility,0.36365597111577613,0.41001339657084024,0.22633063231338366,3
1791165600000,2724.7,2732.23,-0.0010797041244696715,1.0,0.0025,high_volatility,0.3772132398305168,0.40362916721853787,0.21915759295094533,3
1791166500000,2732.22,2733.81,-0.00211426543907578,1.0,0.0025,high_volatility,0.39566824811135043,0.4062357708010317,0.19809598108761783,3
1791167400000,2733.81,2735.56,-0.004858237435844903,0.0,0.0025,high_volatility,0.4197458573092904,0.37933194960415495,0.2009221930865545,3
1791168300000,2735.57,2731.12,-0.005477606256773737,0.0,0.0025,high_volatility,0.3742523454797068,0.38807774417026303,0.2376699103500302,3
1791169200000,2731.12,2729.28,-0.00593196740532298,0.0,0.0025,high_volatility,0.3443900703706041,0.4130049627798345,0.24260496684956132,3
1791170100000,2729.28,2728.03,-0.007038045769291457,0.0,0.0025,high_volatility,0.3610590744898494,0.4161236764639712,0.2228172490461794,3
1791171000000,2728.04,2722.27,-0.006894981026863589,0.0,0.0025,high_volatility,0.32759309105740464,0.41751334995201034,0.25489355899058497,3
1791171900000,2722.26,2716.16,-0.004892937087653149,0.0,0.0025,high_volatility,0.25302234078306757,0.5364900254495164,0.21048763376741603,3
1791172800000,2716.16,2713.09,-0.0045999211231474435,0.0,0.0025,high_volatility,0.24658532411185818,0.5489281958330324,0.20448648005510947,3
1791173700000,2713.09,2708.83,-0.004186309218371043,0.0,0.0025,high_volatility,0.25817941252119914,0.5429310260586547,0.19888956142014616,3
1791174600000,2708.83,2703.5,0.001054189014240814,1.0,0.0025,high_volatility,0.26384382376193594,0.5400285523252173,0.19612762391284677,3
1791175500000,2703.5,2702.87,0.0013356173252876413,1.0,0.0025,high_volatility,0.24205087981649745,0.561258481402746,0.1966906387807565,3
1791176400000,2702.87,2700.61,0.004406411884722461,2.0,0.0025,high_volatility,0.24271314082306686,0.5664666048191186,0.19082025435781458,3
1791177300000,2700.61,2697.49,0.005464339070765822,2.0,0.0025,high_volatility,0.2267979344864281,0.5962935780891329,0.17690848742443896,3
1791178200000,2697.48,2706.35,0.0019251020747501624,1.0,0.0025,high_volatility,0.2513226316580477,0.5855599172304837,0.16311745111146858,3
1791179100000,2706.35,2706.48,0.007175371700511413,2.0,0.0025,high_volatility,0.22850335272623434,0.6088458644934659,0.16265078278029985,3
1791180000000,2706.47,2712.51,0.00571426464787228,2.0,0.0025,high_volatility,0.24689329561976903,0.5972772990536362,0.1558294053265948,3
1791180900000,2712.52,2712.23,0.004391220508585203,2.0,0.0025,high_volatility,0.25175654339859477,0.5791627440689743,0.16908071253243093,3
1791181800000,2712.24,2711.56,0.00596704480077892,2.0,0.0025,trending,0.14950622651435616,0.7354320794756254,0.1150616940100184,4
1791182700000,2711.56,2725.9,0.00021644227594541654,1.0,0.0025,high_volatility,0.2370478261964814,0.6356662272740714,0.12728594652944727,4
1791183600000,2725.9,2728.01,0.0014626046092205414,1.0,0.0025,high_volatility,0.2379466599508638,0.6516790868278256,0.11037425322131063,4
1791184500000,2728.01,2724.14,0.0010829105699414754,1.0,0.0025,high_volatility,0.25312586553521305,0.6018444483639418,0.14502968610084513,4
1791185400000,2724.14,2727.74,-0.0018036909676141244,1.0,0.0025,high_volatility,0.2510628344655412,0.611498792693522,0.13743837284093682,4
1791186300000,2727.75,2726.49,-0.0018962108791888976,1.0,0.0025,high_volatility,0.35084196053001293,0.4922526228882965,0.1569054165816906,4
1791187200000,2726.49,2732.0,-0.004688872620790652,0.0,0.0025,high_volatility,0.34638458516520104,0.5185855952849624,0.1350298195498367,4
1791188100000,2731.99,2727.09,-0.003325889501263335,0.0,0.0025,high_volatility,0.2919013456571657,0.5576561706808344,0.15044248366199994,4
1791189000000,2727.09,2722.82,-0.0015718997216122021,1.0,0.0025,high_volatility,0.28809652131294367,0.552511197332164,0.15939228135489233,4
1791189900000,2722.81,2721.32,-0.0015360192847589937,1.0,0.0025,high_volatility,0.2241278276563264,0.6157250207628087,0.16014715158086487,4
1791190800000,2721.33,2719.19,-0.0007281580176449198,1.0,0.0025,high_volatility,0.20172353876360216,0.618721118877902,0.17955534235849568,4
1791191700000,2719.2,2718.02,-5.1508083089846224e-05,1.0,0.0025,high_volatility,0.20330325946302263,0.6383959334074152,0.1583008071295622,4
1791192600000,2718.03,2718.54,-0.0015927667056581107,1.0,0.0025,ranging,0.21083782234510945,0.6306077181376489,0.15855445951724165,4
1791193500000,2718.54,2717.14,0.00013249225288358701,1.0,0.0025,low_liquidity,0.20300377320985155,0.6541206677782148,0.1428755590119336,4
1791194400000,2717.14,2717.21,-0.0017444363887959558,1.0,0.0025,ranging,0.22205313191585496,0.6335097381992197,0.14443712988492527,4
1791195300000,2717.21,2717.88,0.0010375734027991967,1.0,0.0025,ranging,0.2051699352369146,0.6389584270012176,0.15587163776186774,4
1791196200000,2717.88,2714.21,0.0007663371662471885,1.0,0.0025,ranging,0.2620345482213989,0.5568720833140913,0.18109336846450985,4
1791197100000,2714.22,2717.5,0.0003275068997239394,1.0,0.0025,low_liquidity,0.23955583499057584,0.6041054935941128,0.15633867141531138,4
1791198000000,2717.5,2712.47,0.0015041641013542328,1.0,0.0025,low_liquidity,0.221278525642386,0.5936122584437927,0.18510921591382118,4
1791198900000,2712.47,2720.7,-0.001804682618443687,1.0,0.0025,ranging,0.24806281535323246,0.5818073069698556,0.17012987767691198,4
1791199800000,2720.7,2716.29,-0.001962235254703959,1.0,0.0025,ranging,0.2906506906761368,0.5336220110278745,0.17572729829598852,4
1791200700000,2716.29,2718.39,-0.0026964490010631392,0.0,0.0025,ranging,0.20063668582231803,0.6256089599771542,0.17375435420052787,4
1791201600000,2718.39,2716.55,0.0011963703962747374,1.0,0.0025,ranging,0.1891931801519039,0.6593920542842255,0.15141476556387062,4
1791202500000,2716.54,2715.79,0.0017895345369118854,1.0,0.0025,low_liquidity,0.18513106076492034,0.6727884918083892,0.1420804474266905,4
1791203400000,2715.79,2710.96,0.001670994776757917,1.0,0.0025,ranging,0.20675940816178476,0.607474112091398,0.18576647974681718,4
1791204300000,2710.95,2711.06,0.004352541072495608,2.0,0.0025,ranging,0.19962397375487748,0.6726398207653743,0.12773620547974815,4
1791205200000,2711.06,2719.8,0.0032318552834766923,2.0,0.0025,ranging,0.26007189191000424,0.615454805361921,0.1244733027280748,4
1791206100000,2719.81,2720.65,-0.0018708764449671955,1.0,0.0025,ranging,0.2978901850908939,0.5877588140666196,0.11435100084248653,4
1791207000000,2720.66,2715.49,-0.0033842879185707053,0.0,0.0025,ranging,0.30074620084284126,0.5571102884024284,0.14214351075473025,4
1791207900000,2715.49,2722.86,-0.0067172017657903815,0.0,0.0025,ranging,0.33521177112025813,0.5177852905011228,0.14700293837861908,4
1791208800000,2722.85,2728.59,-0.009972183435400739,0.0,0.0025,high_volatility,0.3658533054732117,0.48502078606079174,0.1491259084659966,4
1791209700000,2728.59,2715.56,-0.00393657293523253,0.0,0.0025,high_volatility,0.2838503522769229,0.5556718834370589,0.1604777642860182,4
1791210600000,2715.55,2706.3,-0.0020729409156413636,1.0,0.0025,high_volatility,0.2342175071981362,0.5430601490777328,0.22272234372413102,4
1791211500000,2706.31,2704.57,-0.0027139249492525996,0.0,0.0025,high_volatility,0.30023605682431226,0.5373253561773005,0.16243858699838729,4
1791212400000,2704.57,2701.38,-0.0010217000199899129,1.0,0.0025,high_volatility,0.28321354236828633,0.5500567104512654,0.16672974718044833,4
1791213300000,2701.39,2704.87,-0.006281263055155972,0.0,0.0025,high_volatility,0.28422107465750485,0.5894601378803247,0.1263187874621705,4
1791214200000,2704.87,2700.69,-0.0040582221580410804,0.0,0.0025,high_volatility,0.3340334523683582,0.5109382063721256,0.15502834125951628,4
1791215100000,2700.69,2697.23,-0.00037816574782278956,1.0,0.0025,high_volatility,0.20051479687951557,0.5933024260022994,0.20618277711818495,4
1791216000000,2697.23,2698.62,-0.0007040635584113497,1.0,0.0025,high_volatility,0.24780274589998155,0.46726638592394804,0.2849308681760704,4
1791216900000,2698.62,2687.88,0.004881170290340409,2.0,0.0025,high_volatility,0.1775755981996271,0.5235785751891717,0.2988458266112012,4
1791217800000,2687.89,2689.73,0.004186293791569984,2.0,0.0025,high_volatility,0.15101766087711235,0.6300033310346999,0.21897900808818774,4
1791218700000,2689.74,2696.21,0.003493793139258461,2.0,0.0025,high_volatility,0.18959312500083297,0.6065099667570334,0.20389690824213355,4
1791219600000,2696.21,2696.72,0.003941825625203954,2.0,0.0025,high_volatility,0.16494214233861385,0.6454915917429277,0.18956626591845846,4
1791220500000,2696.72,2701.0,0.0026841910403554436,2.0,0.0025,high_volatility,0.17363562751868566,0.6073780050016484,0.2189863674796659,4
1791221400000,2700.99,2700.99,0.0026767962858063044,2.0,0.0025,high_volatility,0.15517575287549015,0.6081810083450895,0.2366432387794204,4
1791222300000,2701.0,2705.63,0.0018221264548368143,1.0,0.0025,high_volatility,0.15304397521289947,0.6667716365507192,0.1801843882363812,4
1791223200000,2705.64,2707.35,0.0009344931390475875,1.0,0.0025,high_volatility,0.14775212441893362,0.6449447259513647,0.20730314962970176,4
1791224100000,2707.35,2708.25,0.0006424813071170821,1.0,0.0025,high_volatility,0.13551508488832312,0.6610816562830311,0.20340325882864582,4
1791225000000,2708.24,2708.22,0.0006720281217922341,1.0,0.0025,ranging,0.12776451047500384,0.6789753301379751,0.19326015938702099,4
1791225900000,2708.23,2710.56,-0.0004832949648780893,1.0,0.0025,ranging,0.1301741709874365,0.6866809732711856,0.18314485574137795,4
1791226800000,2710.56,2709.88,-0.0005830516480433978,1.0,0.0025,ranging,0.11900157488420919,0.7260632769001859,0.1549351482156049,4
1791227700000,2709.88,2709.99,0.0007822907095600407,1.0,0.0025,ranging,0.1248687453353022,0.7029347760181844,0.17219647864651333,4
1791228600000,2709.99,2710.04,0.0014501630972236779,1.0,0.0025,ranging,0.10865377997931125,0.7241664931624441,0.16717972685824461,4
1791229500000,2710.04,2709.25,0.0012291224508627074,1.0,0.0025,ranging,0.14037995498719186,0.7057165322366548,0.15390351277615352,4
1791230400000,2709.25,2708.3,0.0014658641952516316,1.0,0.0025,ranging,0.13996669478371507,0.7017633584718925,0.1582699467443924,4
1791231300000,2708.3,2712.11,0.0006710642267457878,1.0,0.0025,ranging,0.1495537437928186,0.6980224326213292,0.15242382358585216,4
1791232200000,2712.11,2713.97,0.000666919678552258,1.0,0.0025,ranging,0.157616874496754,0.6952511812058416,0.14713194429740428,4
1791233100000,2713.97,2712.58,0.0019980977519558074,1.0,0.0025,ranging,0.10800623639989039,0.7096024358851187,0.18239132771499092,4
1791234000000,2712.58,2712.27,0.002507125028113011,2.0,0.0025,ranging,0.12486933250258217,0.7272752741940143,0.14785539330340366,4
1791234900000,2712.28,2713.93,0.0010206600759783413,1.0,0.0025,ranging,0.10070613176627388,0.7847270876043934,0.11456678062933268,4
1791235800000,2713.93,2715.78,0.00046395510681995766,1.0,0.0025,ranging,0.10716509291342009,0.7731687366893968,0.11966617039718312,4
1791236700000,2715.77,2718.0,-0.0007358351729213064,1.0,0.0025,ranging,0.10999221848998263,0.785460320755182,0.1045474607548355,4
1791237600000,2718.01,2719.07,-0.0018131199270340348,1.0,0.0025,ranging,0.14929044960163415,0.7095203972685318,0.1411891531298341,4
1791238500000,2719.07,2716.7,-0.0002392608679646635,1.0,0.0025,ranging,0.10248686155850402,0.7891680430690279,0.10834509537246803,4
1791239400000,2716.71,2717.04,-0.000886994670670993,1.0,0.0025,ranging,0.10406010420578168,0.7839984816919512,0.11194141410226724,4
1791240300000,2717.04,2716.0,-0.0022164948453607947,1.0,0.0025,trending,0.08998149855837952,0.8135591634825314,0.09645933795908897,4
1791241200000,2715.99,2714.14,-0.00040160050697446437,1.0,0.0025,trending,0.09048255861604002,0.8056137968284174,0.10390364455554253,4
1791242100000,2714.14,2716.05,-0.0009020452495352993,1.0,0.0025,trending,0.0974785286069568,0.8124649908227355,0.09005648057030778,4
1791243000000,2716.06,2714.63,-0.0008472609526897212,1.0,0.0025,trending,0.08505775604105525,0.8267076196848993,0.08823462427404555,4
1791243900000,2714.64,2709.98,0.0031217942567842716,2.0,0.0025,trending,0.04385253109488496,0.8641404378078059,0.09200703109730925,4
1791244800000,2709.99,2713.05,0.002170988371021476,1.0,0.0025,trending,0.042416530176693584,0.8708771249482219,0.08670634487508462,4
1791245700000,2713.04,2713.6,0.0010760613207547731,1.0,0.0025,trending,0.04091712100085921,0.8831044166838232,0.0759784623153176,4
1791246600000,2713.59,2712.33,-0.0014821205384299985,1.0,0.0025,trending,0.037410695919306326,0.8901665376120798,0.07242276646861398,4
1791247500000,2712.33,2718.44,-0.0038845808625534994,0.0,0.0025,trending,0.05249760221200659,0.8689399211325876,0.0785624766554059,4
1791248400000,2718.45,2718.94,-0.006149455302434159,0.0,0.0025,trending,0.05033105410249856,0.8745660567914847,0.07510288910601678,4
1791249300000,2718.95,2716.52,-0.0038505146290106484,0.0,0.0025,trending,0.043378265121256955,0.8787718444524847,0.07784989042625838,4
1791250200000,2716.53,2708.31,-0.001524936214835071,1.0,0.0025,trending,0.055612598310097225,0.8276444229590293,0.11674297873087357,4
1791251100000,2708.31,2707.88,-0.0021197394271533776,1.0,0.0025,ranging,0.05276511338323739,0.8563674744966405,0.090867412120122,4
1791252000000,2707.88,2702.22,-0.0006550169860336519,1.0,0.0025,ranging,0.0613360453418319,0.8263702145452451,0.11229374011292317,4
1791252900000,2702.22,2706.06,-0.0025572234170713193,0.0,0.0025,ranging,0.1126566031424791,0.7176614337394582,0.1696819631180627,4
1791253800000,2706.05,2704.18,-0.002573793164656224,0.0,0.0025,ranging,0.10432971848840689,0.7226298639663915,0.1730404175452015,4
1791254700000,2704.18,2702.14,-0.0010436172811177924,1.0,0.0025,ranging,0.09442242037896523,0.7787903535419202,0.1267872260791147,4
1791255600000,2702.14,2700.45,0.0011072228702624365,1.0,0.0025,ranging,0.07894609158788488,0.8189865998354853,0.10206730857662977,4
1791256500000,2700.44,2699.14,0.0014930681624518716,1.0,0.0025,ranging,0.0991660627524423,0.7840816845264509,0.11675225272110676,4
1791257400000,2699.14,2697.22,0.002094749408650509,1.0,0.0025,ranging,0.10801921631799952,0.7512622760378235,0.14071850764417707,4
1791258300000,2697.22,2699.32,0.0011669605678465977,1.0,0.0025,ranging,0.08962003501504698,0.8118410070591551,0.09853895792579788,4
1791259200000,2699.33,2703.44,0.0002330364276625918,1.0,0.0025,ranging,0.0973366516453315,0.7959837622692476,0.10667958608542087,4
1791260100000,2703.43,2703.17,-9.248400951478164e-05,1.0,0.0025,ranging,0.08937054936562167,0.8080953574618948,0.10253409317248363,4
1791261000000,2703.17,2702.87,-0.00041067457924337525,1.0,0.0025,ranging,0.08126673484647644,0.8161909683535581,0.10254229679996531,4
1791261900000,2702.87,2702.47,-0.001076792711852459,1.0,0.0025,ranging,0.06763533350824308,0.8546318230400174,0.07773284345173952,4
1791262800000,2702.46,2704.07,-0.004755794043793338,0.0,0.0025,ranging,0.09138595215858947,0.8286318987139742,0.0799821491274365,4
1791263700000,2704.07,2702.92,-0.0036257084930372274,0.0,0.0025,ranging,0.08227061499164813,0.8319673148388858,0.08576207016946596,4
1791264600000,2702.93,2701.76,-0.0016137628804927528,1.0,0.0025,ranging,0.0844632073308884,0.826830863418078,0.08870592925103371,4
1791265500000,2701.76,2699.56,-0.0006852968631925194,1.0,0.0025,ranging,0.06904253279314296,0.8426002797857768,0.0883571874210804,4
1791266400000,2699.57,2691.21,0.0026716607028065553,2.0,0.0025,ranging,0.11031990774620784,0.7364932025828255,0.15318688967096666,4
1791267300000,2691.21,2693.12,0.0017897457224336222,1.0,0.0025,ranging,0.10003281905059905,0.7878799400639698,0.11208724088543116,4
1791268200000,2693.12,2697.4,0.003558982724104709,2.0,0.0025,ranging,0.09336000506554727,0.8076147673454553,0.09902522758899727,4
1791269100000,2697.41,2697.71,0.003699433964362342,2.0,0.0025,ranging,0.097040295802237,0.8145210643146338,0.08843863988312926,4
1791270000000,2697.71,2698.4,0.004891787726059915,2.0,0.0025,ranging,0.10734592718312753,0.8006980769695221,0.09195599584735033,4
1791270900000,2698.41,2697.94,0.006575387147230716,2.0,0.0025,ranging,0.09132092435688326,0.8149240607917843,0.09375501485133252,4
1791271800000,2697.95,2707.0,0.0030698189878093363,2.0,0.0025,ranging,0.1622071753233065,0.7468631588576692,0.09092966581902423,4
1791272700000,2706.99,2707.69,0.0033829574286567965,2.0,0.0025,ranging,0.1561232317288962,0.7369998415317016,0.10687692673940212,4
1791273600000,2707.69,2711.6,0.001250184392978193,1.0,0.0025,ranging,0.1763370328418932,0.7116539218374645,0.11200904532064225,4
1791274500000,2711.6,2715.68,-0.006270989218169931,0.0,0.0025,ranging,0.16093990586653167,0.71897276448917,0.12008732964429833,4
1791275400000,2715.67,2715.31,-0.004146856160070045,0.0,0.0025,ranging,0.1212153643036571,0.7509162801633342,0.12786835553300865,4
1791276300000,2715.31,2716.85,-0.0022452472532528134,1.0,0.0025,ranging,0.08204656877832632,0.8005021527217555,0.11745127849991811,4
1791277200000,2716.85,2714.99,-7.734835119077577e-05,1.0,0.0025,ranging,0.07764596490996466,0.8038954901589174,0.11845854493111797,4
1791278100000,2714.99,2698.65,0.0067329961276934025,2.0,0.0025,ranging,0.13337759838603883,0.5886483406248942,0.27797406098906696,4
1791279000000,2698.65,2704.05,0.004940737042584242,2.0,0.0025,ranging,0.12491444838249553,0.6610894601830563,0.21399609143444825,4
1791279900000,2704.05,2710.75,0.0011767960896431617,1.0,0.0025,ranging,0.14427318918762355,0.6437242749971247,0.21200253581525166,4
1791280800000,2710.74,2714.78,-0.0005377968012141299,1.0,0.0025,ranging,0.12687644492172,0.7100302154572111,0.16309333962106884,4
1791281700000,2714.78,2716.82,-0.0007214316737951254,1.0,0.0025,ranging,0.12285396686531341,0.7118816914221061,0.16526434171258053,4
1791282600000,2716.83,2717.41,-0.00044527693649465405,1.0,0.0025,ranging,0.12413576931552313,0.7114113440274685,0.16445288665700847,4
1791283500000,2717.4,2713.94,5.5270197572676594e-05,1.0,0.0025,ranging,0.12404467979232559,0.732078781537756,0.1438765386699186,4
1791284400000,2713.93,2713.32,0.0007592174900121762,1.0,0.0025,ranging,0.12491794315525773,0.7150014155759744,0.16008064126876795,4
1791285300000,2713.32,2714.86,-0.002044304310351297,1.0,0.0025,ranging,0.13076430339312187,0.7191131959066295,0.1501225007002486,4
1791286200000,2714.85,2716.2,-0.00037920624401732717,1.0,0.0025,ranging,0.14069315014106665,0.6891965835591526,0.17011026629978077,4
1791287100000,2716.2,2714.09,0.000604254096216339,1.0,0.0025,ranging,0.10298992671443785,0.7468556932849992,0.15015438000056303,4
1791288000000,2714.09,2715.38,-0.0011379622741568562,1.0,0.0025,ranging,0.13184461359680721,0.712107745047454,0.1560476413557387,4
1791288900000,2715.37,2709.31,0.00034695180691768357,1.0,0.0025,ranging,0.15162364842164058,0.6505571527203771,0.19781919885798235,4
1791289800000,2709.3,2715.17,0.0012853707134359293,1.0,0.0025,ranging,0.19846209940186343,0.6055484344696944,0.1959894661284422,4
1791290700000,2715.17,2715.73,-0.000346131611021705,1.0,0.0025,ranging,0.13638623836422586,0.673922886762246,0.1896908748735282,4
1791291600000,2715.72,2712.29,0.001766035342828376,1.0,0.0025,ranging,0.18382044392724534,0.6371639884924147,0.17901556758033998,4
1791292500000,2712.29,2710.25,-0.0007416290010147097,1.0,0.0025,ranging,0.17537555712218517,0.620984533864935,0.2036399090128798,4
1791293400000,2710.25,2718.66,-0.0009968146071962503,1.0,0.0025,ranging,0.21482134438504447,0.6124978021303447,0.17268085348461085,4
1791294300000,2718.66,2714.79,0.0027442269936164276,2.0,0.0025,ranging,0.21261663871321343,0.6134681815252552,0.17391517976153148,4
1791295200000,2714.79,2717.08,0.002388593637287162,1.0,0.0025,ranging,0.20606109331233313,0.6005287580512465,0.19341014863642028,4
1791296100000,2717.07,2708.24,0.0025034708888429513,2.0,0.0025,ranging,0.1686768703559554,0.6052541693018809,0.2260689603421637,4
1791297000000,2708.24,2715.95,-0.0013402308584472555,1.0,0.0025,ranging,0.1965651101375359,0.6161702162705283,0.18726467359193588,4
1791297900000,2715.95,2722.24,-0.007420359703773305,0.0,0.0025,ranging,0.2014492396661567,0.5852839707634347,0.21326678957040862,4
1791298800000,2722.25,2723.57,-0.006524524796498676,0.0,0.0025,ranging,0.1956563536708158,0.6052344407390313,0.19910920559015285,4
1791299700000,2723.57,2715.02,-0.00479186157008038,0.0,0.0025,ranging,0.20573383586620972,0.531317749369517,0.2629484147642733,4
1791300600000,2715.03,2712.31,-0.0045016978147778275,0.0,0.0025,ranging,0.20872413005155493,0.5170612469107524,0.2742146230376928,4
1791301500000,2712.3,2702.04,-0.0023907862207813713,1.0,0.0025,high_volatility,0.1271385174681789,0.6438805928212774,0.2289808897105437,4
1791302400000,2702.04,2705.8,-0.004057949589770127,0.0,0.0025,ranging,0.15250031976198256,0.6426992878403213,0.20480039239769612,4
1791303300000,2705.8,2702.01,-0.001791259099707343,1.0,0.0025,high_volatility,0.14807796267170018,0.6224476770883479,0.22947436023995185,4
1791304200000,2702.01,2700.1,-0.0018221547350097955,1.0,0.0025,high_volatility,0.16424230559778585,0.598226447876801,0.23753124652541316,4
1791305100000,2700.1,2695.58,0.001372617395885234,1.0,0.0025,high_volatility,0.198238049987947,0.5416895736676962,0.26007237634435687,4
1791306000000,2695.59,2694.82,0.0021596989780392484,1.0,0.0025,ranging,0.17473723018516765,0.5711457295866422,0.25411704022819004,4
1791306900000,2694.81,2697.17,0.00015201118209073883,1.0,0.0025,ranging,0.1962231712419129,0.589346132155506,0.2144306966025811,4
1791307800000,2697.17,2695.18,-7.420654650147629e-05,1.0,0.0025,ranging,0.21361035037345488,0.5454449473192171,0.24094470230732803,4
1791308700000,2695.18,2699.28,-0.003271242701757604,0.0,0.0025,trending,0.16688656614645345,0.5941224296778644,0.23899100417568214,4
1791309600000,2699.29,2700.64,-0.005165442265536946,0.0,0.0025,trending,0.15588501325570758,0.6417553460134883,0.20235964073080412,4
1791310500000,2700.64,2697.58,-0.004192646742635975,0.0,0.0025,trending,0.16875426559283327,0.6282742473398603,0.20297148706730658,4
1791311400000,2697.58,2694.98,-0.0026233960919933574,0.0,0.0025,trending,0.16670220915607012,0.6230439407167355,0.21025385012719428,4
1791312300000,2694.98,2690.45,0.0005426601497890982,1.0,0.0025,trending,0.18899636050040797,0.5896851505362601,0.22131848896333187,4
1791313200000,2690.45,2686.69,0.0021625122362460836,1.0,0.0025,trending,0.17880554966877799,0.6059245103740821,0.2152699399571398,4
1791314100000,2686.68,2686.27,0.0030339466993265507,2.0,0.0025,trending,0.1823132180983945,0.6103094283165383,0.20737735358506718,4
1791315000000,2686.27,2687.91,0.0036087517811236314,2.0,0.0025,trending,0.18810472984756652,0.6185865434044445,0.19330872674798893,4
1791315900000,2687.91,2691.91,0.002433216563703988,1.0,0.0025,trending,0.21658906999756455,0.5686914317543915,0.21471949824804393,4
1791316800000,2691.91,2692.5,0.0017604456824511505,1.0,0.0025,trending,0.21355836231166975,0.5930241808956491,0.19341745679268108,4
1791317700000,2692.49,2694.42,0.00096866858173561,1.0,0.0025,trending,0.22114489993669909,0.5795052744958288,0.19934982556747222,4
1791318600000,2694.43,2697.61,-0.000140865432734949,1.0,0.0025,trending,0.21890739250529131,0.6178852533830433,0.1632073541116653,4
1791319500000,2697.61,2698.46,-0.00014823269568575714,1.0,0.0025,low_liquidity,0.1848491620650534,0.711673164174219,0.10347767376072763,4
1791320400000,2698.46,2697.24,-5.931989737650856e-05,1.0,0.0025,low_liquidity,0.18619541916465115,0.7011515640422826,0.1126530167930662,4
1791321300000,2697.25,2697.03,-0.0005784140332144583,1.0,0.0025,trending,0.17155913831370462,0.7190235346021762,0.10941732708411922,4
1791322200000,2697.02,2697.23,-0.00027435554253818495,1.0,0.0025,low_liquidity,0.18790955534442438,0.7062521995651447,0.10583824509043092,4
1791323100000,2697.23,2698.06,-0.0005337168187512509,1.0,0.0025,trending,0.15530198757263974,0.748610637714348,0.09608737471301237,4
1791324000000,2698.05,2697.08,0.000430094769157785,1.0,0.0025,trending,0.1573252507082914,0.7490692315220442,0.09360551776966433,4
1791324900000,2697.08,2695.47,0.0009645813160601424,1.0,0.0025,trending,0.1431877951964971,0.7516900085246759,0.10512219627882713,4
1791325800000,2695.47,2696.49,0.0010309698904873432,1.0,0.0025,low_liquidity,0.1413955643103843,0.7561045992164146,0.10249983647320103,4
1791326700000,2696.49,2696.62,0.000322626102305712,1.0,0.0025,low_liquidity,0.13629935586556688,0.7770921785226143,0.08660846561181883,4
1791327600000,2696.61,2698.24,0.0001927182163190544,1.0,0.0025,ranging,0.13119508824094628,0.785274992825026,0.0835299189340279,4
1791328500000,2698.24,2698.07,-0.0015047793422705569,1.0,0.0025,ranging,0.14163864057295292,0.7412625534949745,0.11709880593207263,4
1791329400000,2698.08,2699.27,-0.000526068159169002,1.0,0.0025,ranging,0.12720846090448057,0.7616855366599778,0.11110600243554156,4
1791330300000,2699.27,2697.49,-0.00020760039888934045,1.0,0.0025,ranging,0.10891917976753492,0.8137394439757175,0.07734137625674746,4
1791331200000,2697.49,2698.76,-0.002089848671241734,1.0,0.0025,ranging,0.1159321535749472,0.8095709052350566,0.0744969411899963,4
1791332100000,2698.76,2694.01,-0.0033555925924552144,0.0,0.0025,ranging,0.10327519089494847,0.7961278158214921,0.10059699328355941,4
1791333000000,2694.01,2697.85,-0.0033693496673276035,0.0,0.0025,ranging,0.11242818004183606,0.7999926332433186,0.08757918671484534,4
1791333900000,2697.86,2696.93,-0.014590664199664038,0.0,0.0025,low_liquidity,0.09096621863744525,0.8376665777531103,0.07136720360944437,4
1791334800000,2696.92,2693.12,-0.030035794914448632,0.0,0.0025,ranging,0.078500988068376,0.8083011024949353,0.11319790943668871,4
1791335700000,2693.12,2684.97,-0.027162314662733555,0.0,0.0025,ranging,0.13048940952131352,0.6975733095248138,0.17193728095387273,4
1791336600000,2684.98,2688.76,-0.02764471354825282,0.0,0.0025,trending,0.13243087063421774,0.7312930176543972,0.13627611171138496,4
1791337500000,2688.77,2657.58,-0.0169477494562722,0.0,0.0025,abnormal,0.13001817783839678,0.3232748612577384,0.5467069609038647,4
1791338400000,2657.58,2612.23,-0.0003253924807539166,1.0,0.0025,abnormal,0.09130442526648155,0.371701787301761,0.5369937874317575,4
1791339300000,2612.22,2612.04,-0.0012710371969801848,1.0,0.0025395028061231083,high_volatility,0.09611292536636873,0.6616079052200494,0.24227916941358194,4
1791340200000,2612.04,2614.43,-0.0009677061539226095,1.0,0.0025,high_volatility,0.09437796947002451,0.7184337765588803,0.18718825397109506,4
1791341100000,2614.44,2612.54,-0.0005358769626494508,1.0,0.0025,high_volatility,0.10670131153470186,0.6840815325089424,0.20921715595635557,4
1791342000000,2612.54,2611.38,0.0003561335385886544,1.0,0.0025,high_volatility,0.10001132321656803,0.704733877764621,0.19525479901881101,4
1791342900000,2611.39,2608.72,-0.00024149774602089114,1.0,0.0025,high_volatility,0.09730076649224072,0.6817487093741185,0.22095052413364072,4
1791343800000,2608.71,2611.9,-0.0011524177801601754,1.0,0.0025,high_volatility,0.11965952117406312,0.6828867337340592,0.1974537450918777,4
1791344700000,2611.91,2611.14,-0.0003178688235789817,1.0,0.0025,high_volatility,0.09256710242283067,0.668754154135593,0.23867874344157616,4
1791345600000,2611.14,2612.31,0.00046701961099571143,1.0,0.0025,high_volatility,0.09357275919362137,0.6760895117992239,0.23033772900715452,4
1791346500000,2612.3,2608.09,0.002726132917192148,2.0,0.0025,high_volatility,0.08298583343945126,0.6231991433155472,0.29381502324500147,4
1791347400000,2608.1,2608.89,0.0032082609845567323,2.0,0.0025,high_volatility,0.08620358625491227,0.6407401052718704,0.2730563084732173,4
1791348300000,2608.88,2610.31,0.0040569893997264295,2.0,0.0025,trending,0.08724811422078953,0.6362130894935528,0.27653879628565764,4
1791349200000,2610.32,2613.53,0.002379922939472534,1.0,0.0025,trending,0.09586687910852933,0.6714812912250127,0.23265182966645803,4
1791350100000,2613.53,2615.2,0.0002753135515449756,1.0,0.0025,trending,0.10038588643236668,0.683386547506568,0.2162275660610653,4
1791351000000,2615.2,2617.26,0.0022695490704016663,1.0,0.0025,trending,0.1046462951129037,0.676422196553574,0.21893150833352226,4
1791351900000,2617.25,2620.9,-0.001106490136975835,1.0,0.0025,trending,0.11732299362342657,0.6742769620773399,0.20840004429923345,4
1791352800000,2620.89,2619.75,-0.0005305849794827733,1.0,0.0025,trending,0.10803489911845715,0.7133650335668371,0.17860006731470573,4
1791353700000,2619.74,2615.92,0.0006039940059328064,1.0,0.0025,trending,0.13019831344133098,0.5084422938036457,0.3613593927550233,4
1791354600000,2615.93,2623.2,-0.0008272339127781692,1.0,0.0025,trending,0.14820914291102344,0.5726804832383839,0.2791103738505927,4
1791355500000,2623.2,2618.0,-0.0006417112299464955,1.0,0.0025,trending,0.14598049238847008,0.5190237800976,0.33499572751393,4
1791356400000,2618.0,2618.36,-0.0011266594356773574,1.0,0.0025,trending,0.10640215470050593,0.6883298740180953,0.20526797128139884,4
1791357300000,2618.37,2617.5,-0.0004469914040114986,1.0,0.0025,trending,0.09945943088101106,0.6885779112698825,0.2119626578491064,4
1791358200000,2617.51,2621.03,-0.003082757541882586,0.0,0.0025,trending,0.12029826302157487,0.672052734262068,0.20764900271635714,4
1791359100000,2621.03,2616.32,-0.0024194288160470645,1.0,0.0025,trending,0.1085513569912467,0.6084929010546739,0.28295574195407946,4
1791360000000,2616.33,2615.41,-0.0026420331802661234,0.0,0.0025,trending,0.10197823425299399,0.645889782117966,0.2521319836290401,4
1791360900000,2615.41,2616.33,-0.003799214930838235,0.0,0.0025,trending,0.09579313624493364,0.6276665612608209,0.2765403024942456,4
1791361800000,2616.33,2612.95,-0.0056640961365505005,0.0,0.0025,trending,0.09425971017311943,0.5629055469802197,0.34283474284666104,4
1791362700000,2612.95,2609.99,-0.0049808619956398514,0.0,0.0025,trending,0.07655891204274334,0.6248672841222723,0.2985738038349844,4
1791363600000,2609.99,2608.5,-0.008215449492045224,0.0,0.0025,trending,0.0717282462969943,0.6427443892904396,0.2855273644125661,4
1791364500000,2608.51,2606.39,-0.007500796120304187,0.0,0.0025,trending,0.07084163568568182,0.6159541356795945,0.3132042286347236,4
1791365400000,2606.39,2598.15,-0.008590728018012861,0.0,0.0025,trending,0.0786348324956005,0.4816814123472492,0.43968375515715025,4
1791366300000,2598.15,2596.99,-0.006584545955124921,0.0,0.0025,trending,0.0751919941889714,0.5033951203002981,0.42141288551073053,4
1791367200000,2597.0,2587.07,-0.0015229584046817513,1.0,0.0025,trending,0.07743108875052526,0.37445678714785635,0.5481121241016184,4
1791368100000,2587.07,2586.84,-0.003494611185848373,0.0,0.0025,trending,0.0724896661810098,0.5026223768862857,0.4248879569327045,4
1791369000000,2586.85,2575.83,-0.0001552897512646645,1.0,0.0025,high_volatility,0.06825236512925884,0.4891023879087412,0.442645246962,4
1791369900000,2575.83,2579.89,-0.00036823275410957645,1.0,0.0025,high_volatility,0.07199323598987412,0.49375267143025586,0.43425409257986997,4
1791370800000,2579.9,2583.13,-0.000437453786685138,1.0,0.0025,trending,0.06926884947293932,0.550271504883211,0.3804596456438497,4
1791371700000,2583.13,2577.8,-0.0016991232834200343,1.0,0.0025,high_volatility,0.0748442336058079,0.5425789524262498,0.3825768139679423,4
1791372600000,2577.81,2575.43,-0.002294762428021624,1.0,0.0025,trending,0.06887575163295438,0.5527562855597505,0.3783679628072951,4
1791373500000,2575.43,2578.94,-0.002326537259494166,1.0,0.0025,trending,0.06585174322810641,0.6552460096712251,0.2789022471006686,4
1791374400000,2578.94,2582.0,-0.007908597986057364,0.0,0.0025,trending,0.06179591403645051,0.7220162668497195,0.21618781911382992,4
1791375300000,2581.99,2573.42,-0.004577566040522063,0.0,0.0025,trending,0.06771692484802462,0.5899909655683183,0.3422921095836571,4
1791376200000,2573.42,2569.52,-0.004744076714717216,0.0,0.0025,high_volatility,0.06650971808850938,0.5831488865770805,0.35034139533441017,4
1791377100000,2569.52,2572.94,-0.0013603115502109908,1.0,0.0025,trending,0.06961490200937745,0.6352737780432817,0.295111319947341,4
1791378000000,2572.95,2561.58,0.00030449956667366607,1.0,0.0025,high_volatility,0.0759092777715371,0.5587203961820996,0.36537032604636344,4
1791378900000,2561.58,2561.64,0.0001951874580345958,1.0,0.0025,high_volatility,0.07501893672974493,0.5963347059918157,0.32864635727843927,4
1791379800000,2561.65,2557.33,0.0007703346850036485,1.0,0.0025,high_volatility,0.07428205554184505,0.5333986396139255,0.39231930484422933,4
1791380700000,2557.33,2569.44,-0.0021950308238370964,1.0,0.0025146098622619733,high_volatility,0.08156299504909824,0.6368345558545189,0.2816024490963828,4
1791381600000,2569.43,2562.36,0.001030300192010447,1.0,0.0025,high_volatility,0.07521731336418395,0.661148570102345,0.26363411653347113,4
1791382500000,2562.36,2562.14,-0.0003902987346514619,1.0,0.0025,high_volatility,0.0758657027493581,0.636139254871784,0.28799504237885787,4
1791383400000,2562.13,2559.3,0.00225452272105664,1.0,0.0025,high_volatility,0.07245988306047675,0.6054588746111004,0.32208124232842283,4
1791384300000,2559.29,2563.8,0.0027030189562367024,2.0,0.0025,high_volatility,0.07144931232669574,0.6999610254393702,0.228589662233934,4
1791385200000,2563.8,2565.0,0.0026861598440546253,2.0,0.0025,high_volatility,0.08321339913382764,0.6876340576348293,0.2291525432313431,4
1791386100000,2565.0,2561.14,0.003908415783596464,2.0,0.0025,high_volatility,0.07646393689701268,0.656448046182214,0.26708801692077333,4
1791387000000,2561.15,2565.07,0.0005652867173215892,1.0,0.0025,high_volatility,0.0835909905188194,0.667682190969003,0.2487268185121775,4
1791387900000,2565.07,2570.73,-0.000859677990298513,1.0,0.0025,high_volatility,0.10433219673933382,0.6556232400563059,0.24004456320436027,4
1791388800000,2570.74,2571.89,-0.0004082600733311681,1.0,0.0025,high_volatility,0.12556773024759132,0.6430002205673211,0.23143204918508747,4
1791389700000,2571.89,2571.15,-0.004192676428835473,0.0,0.0025,high_volatility,0.09858435691114936,0.6915660282682913,0.20984961482055936,4
1791390600000,2571.14,2566.52,-0.008073188597789938,0.0,0.0025,high_volatility,0.10098347526944573,0.6290977172056645,0.2699188075248898,4
1791391500000,2566.52,2568.52,-0.006575771261271068,0.0,0.0025,trending,0.0961187205047989,0.6465423779225294,0.2573389015726717,4
1791392400000,2568.51,2570.84,-0.004325434488338553,0.0,0.0025,trending,0.1056388099404578,0.6198590481594427,0.27450214190009947,4
1791393300000,2570.83,2560.37,-0.0004413424622222717,1.0,0.0025,trending,0.1029166286061431,0.5602820585312819,0.3368013128625751,4
1791394200000,2560.37,2545.8,0.004996464765496089,2.0,0.0025,high_volatility,0.10414686646550442,0.437768549369193,0.4580845841653027,4
1791395100000,2545.8,2551.63,0.004448137073165048,2.0,0.0025,high_volatility,0.10290692723904242,0.4968529895757912,0.4002400831851664,4
1791396000000,2551.63,2559.72,0.0008633756817151284,1.0,0.0025,high_volatility,0.11145244888071475,0.5334244074174596,0.3551231437018257,4
1791396900000,2559.73,2559.24,0.0031259280098778763,2.0,0.0025,high_volatility,0.11241366897551358,0.6397762537682686,0.2478100772562177,4
1791397800000,2559.24,2558.52,0.0045651392211121244,2.0,0.0025,high_volatility,0.0991839909306508,0.6267462163395978,0.2740697927297513,4
1791398700000,2558.51,2562.98,0.003164285324114946,2.0,0.0025,high_volatility,0.10486491429602582,0.6497467691286908,0.24538831657528345,4
1791399600000,2562.98,2561.93,0.005570019477503241,2.0,0.0025,trending,0.10328511452763757,0.7039836989612864,0.19273118651107596,4
1791400500000,2561.92,2567.24,0.00409778594911292,2.0,0.0025,trending,0.1205172476786657,0.6684106710644298,0.21107208125690455,4
1791401400000,2567.23,2570.2,0.0003346043109486718,1.0,0.0025,trending,0.11394936107977703,0.6768975587329836,0.2091530801872395,4
1791402300000,2570.2,2571.09,0.001334064540720048,1.0,0.0025,trending,0.11535283708747461,0.6352891057958339,0.24935805711669157,4
1791403200000,2571.1,2576.2,-0.001389643661206419,1.0,0.0025,trending,0.12209644890095457,0.6636970852878425,0.21420646581120292,4
1791404100000,2576.19,2577.76,-0.0029638135435418045,0.0,0.0025,trending,0.11604353206612611,0.6725146859213023,0.21144178201257158,4
1791405000000,2577.76,2571.06,-0.001800813672181989,1.0,0.0025,ranging,0.13655626929630454,0.564874605348993,0.2985691253547025,4
1791405900000,2571.05,2574.52,-0.0026529217096779023,0.0,0.0025,low_liquidity,0.11979504024343354,0.6412790385572327,0.23892592119933384,4
1791406800000,2574.52,2572.62,-0.0019241084963965704,1.0,0.0025,ranging,0.11565056821322997,0.640910289459135,0.24343914232763506,4
1791407700000,2572.62,2570.12,-0.0002178886588952711,1.0,0.0025,ranging,0.126271397230728,0.6100576449116645,0.26367095785760747,4
1791408600000,2570.12,2566.43,0.0014183125976552358,1.0,0.0025,ranging,0.13226608578915622,0.5707950648208336,0.29693884939001025,4
1791409500000,2566.43,2567.69,0.0008217502891705308,1.0,0.0025,ranging,0.11706500746164508,0.6011735811754362,0.2817614113629188,4
1791410400000,2567.7,2567.67,0.0003777744024737739,1.0,0.0025,ranging,0.12255988203360835,0.5832904559010771,0.29414966206531457,4
1791411300000,2567.66,2569.56,0.0025335076822492475,2.0,0.0025,low_liquidity,0.12154779380263907,0.639544770412334,0.23890743578502696,4
1791412200000,2569.56,2570.07,0.0019299085238924096,1.0,0.0025,low_liquidity,0.11489325591916187,0.6459551694690542,0.23915157461178402,4
1791413100000,2570.06,2569.8,0.001688847381118963,1.0,0.0025,low_liquidity,0.10067924377840191,0.6743187494346169,0.22500200678698118,4
1791414000000,2569.8,2568.64,0.0010783916780865432,1.0,0.0025,ranging,0.0877412923740425,0.7490898863538311,0.16316882127212626,4
1791414900000,2568.65,2576.07,-0.0014828789590345393,1.0,0.0025,ranging,0.11907507843049649,0.6722030090849476,0.20872191248455593,4
1791415800000,2576.08,2575.03,-0.001168918420368037,1.0,0.0025,ranging,0.11497441441267565,0.689366051309587,0.19565953427773736,4
1791416700000,2575.04,2574.14,0.0006254516071386718,1.0,0.0025,ranging,0.10318366064669432,0.7542526057624213,0.14256373359088442,4
1791417600000,2574.15,2571.41,0.004091140658238013,2.0,0.0025,ranging,0.13202027330452015,0.6321399835084356,0.23583974318704412,4
1791418500000,2571.4,2572.25,0.003603848770531659,2.0,0.0025,ranging,0.130239946857206,0.683287407413852,0.18647264572894204,4
1791419400000,2572.25,2572.02,0.004234026173979943,2.0,0.0025,ranging,0.12234900933623391,0.7046083118434422,0.1730426788203238,4
1791420300000,2572.02,2575.75,0.00088906143841605,1.0,0.0025,ranging,0.13569919851748122,0.6241248662296148,0.24017593525290393,4
1791421200000,2575.75,2581.93,-0.001452401885411292,1.0,0.0025,ranging,0.19399276112161074,0.5988348102968258,0.20717242858156348,4
1791422100000,2581.93,2581.52,-0.0010923796832874588,1.0,0.0025,ranging,0.14853092648442234,0.6595506404071795,0.19191843310839818,4
1791423000000,2581.51,2582.91,0.00039877502506868723,1.0,0.0025,ranging,0.1271799216000727,0.6828661653234361,0.1899539130764913,4
1791423900000,2582.91,2578.04,0.0008843927945261232,1.0,0.0025,ranging,0.12105596841745055,0.6592828622845681,0.2196611692979814,4
1791424800000,2578.04,2578.18,-0.003172780798858077,0.0,0.0025,ranging,0.1377218294744416,0.6568343193392154,0.20544385118634292,4
1791425700000,2578.18,2578.7,-0.0030441695427928517,0.0,0.0025,ranging,0.1332528305945885,0.6553268139621687,0.2114203554432427,4
1791426600000,2578.71,2583.94,-0.006188224184772162,0.0,0.0025,ranging,0.15976025765104798,0.6331803266842064,0.20705941566474553,4
1791427500000,2583.95,2580.32,-0.006193030321820503,0.0,0.0025,ranging,0.14634782229319684,0.5953492608458552,0.25830291686094803,4
1791428400000,2580.31,2570.0,-0.002964980544747031,0.0,0.0025,ranging,0.16648355489643293,0.4822414048887418,0.35127504021482525,4
1791429300000,2570.0,2570.85,0.000941322908765585,1.0,0.0025,ranging,0.1606301867717762,0.5428317434502198,0.296538069778004,4
1791430200000,2570.85,2567.95,-0.003738390544987258,0.0,0.0025,ranging,0.14287017605096736,0.5162394502410377,0.3408903737079949,4
1791431100000,2567.94,2564.34,-0.0006941357230321188,1.0,0.0025,ranging,0.15536680519394663,0.5015970175189134,0.3430361772871399,4
1791432000000,2564.35,2562.38,0.0025796329974474563,2.0,0.0025,ranging,0.1593331946360112,0.5186182453987619,0.32204855996522697,4
1791432900000,2562.38,2573.27,-0.00027202742036391836,1.0,0.0025,ranging,0.18772948686352686,0.42017069568134985,0.39209981745512323,4
1791433800000,2573.26,2558.35,0.004377821642855828,2.0,0.0025,ranging,0.1392071387398262,0.47615671162400863,0.38463614963616527,4
1791434700000,2558.34,2562.56,-0.00035511363636353543,1.0,0.0025,ranging,0.16917215889257645,0.49097988515930785,0.3398479559481158,4
1791435600000,2562.57,2568.99,0.0011171705611934257,1.0,0.0025,ranging,0.15728981629493172,0.5389226157282446,0.30378756797682366,4
1791436500000,2568.99,2572.57,-0.00543036729807167,0.0,0.0025,ranging,0.19010539431477327,0.6015676506151167,0.20832695507011018,4
1791437400000,2572.57,2569.55,-0.002934365939561423,0.0,0.0025,ranging,0.15558786880755382,0.586422730907631,0.25798940028481526,4
1791438300000,2569.54,2561.65,0.001990904299962848,1.0,0.0025,ranging,0.15292787466333319,0.501508995119077,0.34556313021758983,4
1791439200000,2561.65,2571.86,-0.0007232119944321491,1.0,0.0025,ranging,0.2003795320193406,0.552179710727378,0.24744075725328127,4
1791440100000,2571.86,2558.6,0.005272414601735331,2.0,0.0025,trending,0.1493235837581966,0.5533282038025231,0.2973482124392803,4
1791441000000,2558.6,2562.01,0.004270084816218267,2.0,0.0025,trending,0.15364876173066405,0.5172579905537825,0.32909324771555354,4
1791441900000,2562.01,2566.75,0.0006467322489529526,1.0,0.0025,trending,0.16279384455436846,0.59831662653674,0.23888952890889156,4
1791442800000,2566.76,2570.0,-0.0010350194552528613,1.0,0.0025,trending,0.1748098663796619,0.6115140671496553,0.2136760664706829,4
1791443700000,2570.01,2572.09,-0.0024221547457514703,1.0,0.0025,ranging,0.1750013377192304,0.6389951341172824,0.18600352816348734,4
1791444600000,2572.09,2572.95,-0.0037699916438328485,0.0,0.0025,ranging,0.14255672445396345,0.6568801593264578,0.2005631162195788,4
1791445500000,2572.95,2568.41,-0.0032432516615337192,0.0,0.0025,ranging,0.1734209820517692,0.588763663598198,0.2378153543500328,4
1791446400000,2568.42,2567.34,-0.0007984918242227579,1.0,0.0025,ranging,0.1760418984001044,0.5711332609917389,0.25282484060815685,4
1791447300000,2567.33,2565.86,-0.001017202809194595,1.0,0.0025,ranging,0.1546702569809362,0.5653969452827362,0.2799327977363277,4
1791448200000,2565.85,2563.25,0.0017633863259534088,1.0,0.0025,ranging,0.15636971419937906,0.5394533768767097,0.3041769089239113,4
1791449100000,2563.25,2560.08,0.003066310427799035,2.0,0.0025,ranging,0.15117360079113207,0.49445545382717065,0.3543709453816974,4
1791450000000,2560.08,2565.29,-0.0004054122535853688,1.0,0.0025,ranging,0.15134694036967858,0.530419920028236,0.3182331396020855,4
1791450900000,2565.28,2563.25,-0.002465619818589726,1.0,0.0025,ranging,0.17285223944976905,0.5032735662684252,0.3238741942818057,4
1791451800000,2563.31,2567.77,-0.0051172807533385045,0.0,0.0025,ranging,0.17924335570034078,0.5645590258563636,0.2561976184432955,4
1791452700000,2567.77,2567.93,-0.006440985540883126,0.0,0.0025,ranging,0.13380612042395287,0.6340646558450508,0.23212922373099643,4
1791453600000,2567.94,2564.25,-0.010010724383347935,0.0,0.0025,ranging,0.14655549719571648,0.5924164753503236,0.26102802745396003,4
1791454500000,2564.25,2556.93,-0.006922363928617448,0.0,0.0025,ranging,0.1454910578444094,0.516173761801036,0.33833518035455457,4
1791455400000,2556.92,2554.63,-0.005006595867111829,0.0,0.0025,ranging,0.14138971997996166,0.4707373369091418,0.3878729431108966,4
1791456300000,2554.64,2551.39,-0.005471527285126898,0.0,0.0025,ranging,0.15850949022235547,0.45467680516492914,0.3868137046127154,4
1791457200000,2551.4,2538.58,-0.0007957204421369379,1.0,0.0025,trending,0.17989042986032963,0.351163974808896,0.4689455953307744,4
1791458100000,2538.59,2539.23,-0.0010514998641321105,1.0,0.0025,trending,0.16828981324973183,0.42427384246547256,0.4074363442847956,4
1791459000000,2539.24,2541.84,-0.003458124822962927,0.0,0.0025,trending,0.15181556901370724,0.48744252270646155,0.36074190827983127,4
1791459900000,2541.85,2537.43,-0.0028848086449674293,0.0,0.0025,trending,0.12087595024522575,0.4646132931222712,0.41451075663250303,4
1791460800000,2537.42,2536.56,-6.701990096824595e-05,1.0,0.0025,trending,0.12321268433698201,0.478935607741,0.397851707922018,4
1791461700000,2536.57,2536.56,-0.0008870281010502357,1.0,0.0025,trending,0.11853923967746743,0.4925718669848321,0.3888888933377005,4
1791462600000,2536.56,2533.05,-0.007098162294467136,0.0,0.0025,trending,0.1169639584876433,0.4719599080799008,0.41107613343245597,4
1791463500000,2533.06,2530.11,-0.003082869914746822,0.0,0.0025,trending,0.12381681369023216,0.3609552327768477,0.5152279535329202,4
1791464400000,2530.1,2536.39,-0.0013877991949187152,1.0,0.0025,high_volatility,0.10965568169594157,0.48873590159733327,0.4016084167067251,4
1791465300000,2536.39,2534.31,0.00022491329000806637,1.0,0.0025,high_volatility,0.10408846766036736,0.5310858879102479,0.3648256444293848,4
1791466200000,2534.3,2515.07,0.004962088530339193,2.0,0.002727117200310569,high_volatility,0.10305278512798512,0.34743464399704826,0.5495125708749666,4
1791467100000,2515.06,2522.31,0.0037307071692218585,2.0,0.002881700236823904,high_volatility,0.1075133983886556,0.3769333223251532,0.5155532792861911,4
1791468000000,2522.31,2532.87,-0.009321441684729037,0.0,0.0029521857254098272,high_volatility,0.12357962550820359,0.5101528018892537,0.36626757260254267,4
1791468900000,2532.87,2534.88,-0.027330682320267696,0.0,0.0028833580895952352,high_volatility,0.12123924742228137,0.5952032623598045,0.28355749021791404,4
1791469800000,2534.89,2527.55,-0.029451445075270533,0.0,0.0028448940618382925,high_volatility,0.09973750769371316,0.5710539229750831,0.3292085693312037,4
1791470700000,2527.54,2531.72,-0.03794258448801602,0.0,0.0027641274880880543,high_volatility,0.10540393798353441,0.6251632077312342,0.26943285428523145,4
1791471600000,2531.72,2509.26,-0.03362345870894223,0.0,0.0029761750753451934,high_volatility,0.09391050664680062,0.5429117826162189,0.3631777107369807,4
1791472500000,2509.27,2465.6,-0.014686080467229079,0.0,0.003816340325863564,abnormal,0.07296004243147096,0.2964299663110457,0.6306099912574834,4
1791473400000,2465.6,2453.11,-0.009180183522141228,0.0,0.004177973301437174,high_volatility,0.073992883652459,0.5259848794044494,0.4000222369430916,4
1791474300000,2453.12,2435.66,-0.007866450982485174,0.0,0.004426414345637941,high_volatility,0.07388322405681692,0.40066541786136745,0.5254513580818156,4
1791475200000,2435.67,2424.89,0.0003216640754839517,1.0,0.004579003723475365,high_volatility,0.07200346572482165,0.4226731569560904,0.5053233773190879,4
1791476100000,2424.89,2429.39,-0.0039145629149702765,1.0,0.004628808772314868,high_volatility,0.06785733725131574,0.5627970641490939,0.3693455985995903,4
1791477000000,2429.39,2430.59,-0.0032461254263369543,1.0,0.004567243892689842,high_volatility,0.07382648316006506,0.6360615759213141,0.29011194091862097,4
1791477900000,2430.59,2416.5,0.0007241878750259279,1.0,0.004639953454841091,high_volatility,0.05782836976787296,0.682948554550998,0.25922307568112907,4
1791478800000,2416.49,2425.67,-0.0033104255731406518,1.0,0.00459083227688802,high_volatility,0.05982320108805765,0.7254944364678168,0.21468236244412556,4
1791479700000,2425.67,2419.88,0.00831859431046178,2.0,0.004630512188267495,high_volatility,0.057838275064816654,0.7003222369270666,0.2418394880081167,4
1791480600000,2419.87,2422.7,0.010731828125644993,2.0,0.004438397827803739,high_volatility,0.06444959405695559,0.7943206422379019,0.14122976370514248,4
1791481500000,2422.69,2418.25,0.011996278300423935,2.0,0.004404181991890871,high_volatility,0.055427190448120056,0.7518560186997835,0.1927167908520964,4
1791482400000,2418.25,2417.64,0.013997121159477821,2.0,0.0042179082057759755,high_volatility,0.05626973360598641,0.7925101406181861,0.15122012577582747,4
1791483300000,2417.64,2440.01,0.006635218708119783,2.0,0.004307534650910646,high_volatility,0.07164749335175222,0.7991028722531622,0.12924963439508563,4
1791484200000,2440.0,2448.7,0.005272185241148586,2.0,0.004222285851571105,high_volatility,0.07786683520184014,0.8127084871871665,0.10942467761099331,4
1791485100000,2448.7,2447.26,0.007081388981963421,2.0,0.0040219454685078765,high_volatility,0.0919381184430768,0.7929445265594819,0.11511735499744132,4
1791486000000,2447.27,2451.48,0.008345978755690542,2.0,0.003928929855620384,high_volatility,0.09849602290638164,0.7843114353645961,0.11719254172902216,4
1791486900000,2451.49,2456.2,0.00558179301359818,2.0,0.003820477872670084,high_volatility,0.10139343220783023,0.7805778298619824,0.11802873793018728,4
1791487800000,2456.21,2461.61,0.004257376270002222,2.0,0.003682553600549445,high_volatility,0.11306159319655619,0.7705294813641769,0.11640892543926691,4
1791488700000,2461.6,2464.59,0.004187309045317722,2.0,0.0035188449192195582,high_volatility,0.1502256298440698,0.7122723754625331,0.1375019946933972,4
1791489600000,2464.6,2471.94,0.0006836735519470949,1.0,0.0033963096074041093,high_volatility,0.1469131543233925,0.7149548814677472,0.1381319642088603,4
1791490500000,2471.93,2469.91,0.002214655594738435,1.0,0.0032779435115925146,high_volatility,0.13039891931208697,0.6722559627446759,0.197345117943237,4
1791491400000,2469.9,2472.09,0.001173096448753741,1.0,0.0032028691443656203,trending,0.17000989540254388,0.6312756985946846,0.19871440600277143,4
1791492300000,2472.08,2474.91,0.0018546128950143181,1.0,0.0031234368170453626,trending,0.14789698075729824,0.6474925396233167,0.20461047961938514,4
1791493200000,2474.9,2473.63,0.0023002631759803105,1.0,0.0030345491434323095,trending,0.12914415063372528,0.6498763779686325,0.22097947139764215,4
1791494100000,2473.64,2475.38,-0.00047265470352031436,1.0,0.002898215147622065,trending,0.11507851793803674,0.6539126922344654,0.23100878982749798,4
1791495000000,2475.39,2474.99,0.00034747615141883514,1.0,0.0027773384815283344,trending,0.09557507982693829,0.6622789171007495,0.24214600307231218,4
1791495900000,2475.0,2479.5,-0.001270417422867598,1.0,0.002782718422181071,trending,0.11400715523646264,0.6139008473872378,0.2720919973762996,4
1791496800000,2479.5,2479.32,-0.0012785763838472075,1.0,0.002645332310627036,trending,0.08573178561697664,0.6757324982697701,0.23853571611325325,4
1791497700000,2479.32,2474.21,0.001604552564252737,1.0,0.0025631306546040357,trending,0.08666285867208937,0.5783892659569307,0.33494787537097986,4
1791498600000,2474.21,2475.85,-4.442918593616785e-05,1.0,0.0025,trending,0.08743847922543103,0.5957728001275647,0.3167887206470042,4
1791499500000,2475.85,2476.35,-0.0006259212146908499,1.0,0.0025,ranging,0.09335861950486171,0.5225345856503456,0.38410679484479254,4
1791500400000,2476.36,2476.15,0.0015467560527431257,1.0,0.0025,ranging,0.09306135736726799,0.547810014999606,0.359128627633126,4
1791501300000,2476.14,2478.18,0.00015333833700537092,1.0,0.0025,ranging,0.09343533683649943,0.593627851991777,0.31293681117172356,4
1791502200000,2478.18,2475.74,0.00200748059166167,1.0,0.0025,ranging,0.10212047792569184,0.5696016035535058,0.3282779185208024,4
1791503100000,2475.74,2474.8,0.0013819298529171853,1.0,0.0025,ranging,0.06425836312448059,0.7387523511844314,0.19698928569108798,4
1791504000000,2474.88,2479.98,-0.001693562044855157,1.0,0.0025,ranging,0.08054384862460563,0.6963505914103251,0.22310555996506928,4
1791504900000,2479.98,2478.56,0.0002703182493060119,1.0,0.0025,low_liquidity,0.08743005948629153,0.711329161611483,0.2012407789022256,4
1791505800000,2478.55,2480.71,0.0016446904313685007,1.0,0.0025,ranging,0.09314412227635971,0.7231245890618957,0.1837312886617445,4
1791506700000,2480.71,2478.22,0.0015938859342594647,1.0,0.0025,ranging,0.07453702415180598,0.7638887422342274,0.16157423361396658,4
1791507600000,2478.22,2475.78,0.002714296100622793,2.0,0.0025,ranging,0.09091877854073782,0.7038139412640799,0.20526728019518226,4
1791508500000,2475.78,2479.23,-0.0003146138115464048,1.0,0.0025,ranging,0.11479791371103475,0.7027913936488848,0.18241069264008045,4
1791509400000,2479.22,2484.79,0.0004829381959843282,1.0,0.0025,ranging,0.14291882032127623,0.65114999700849,0.20593118267023372,4
1791510300000,2484.79,2482.17,0.003025578425329245,2.0,0.0025,ranging,0.07676479598481618,0.7830661401175139,0.14016906389766992,4
1791511200000,2482.18,2482.5,0.0010956696878146044,1.0,0.0025,ranging,0.08703546361964401,0.735884557466454,0.17707997891390206,4
1791512100000,2482.5,2478.45,0.004349492626440021,2.0,0.0025,ranging,0.07052193005544063,0.726166505678004,0.20331156426655536,4
1791513000000,2478.46,2485.99,0.002618675055008346,2.0,0.0025,ranging,0.10730680066226024,0.657234538799753,0.23545866053798675,4
1791513900000,2486.0,2489.68,0.0016106487580733742,1.0,0.0025,ranging,0.1384558753549098,0.5936582303122735,0.2678858943328166,4
1791514800000,2489.68,2485.22,0.004257168379459442,2.0,0.0025,ranging,0.08994126122449198,0.589798619254295,0.320260119521213,4
1791515700000,2485.22,2489.23,0.0017997533373774743,1.0,0.0025,ranging,0.10745018191212942,0.6157659861500943,0.27678383193777645,4
1791516600000,2489.22,2492.5,-0.0006740220661984875,1.0,0.0025,ranging,0.10285944353892511,0.6442162288652217,0.25292432759585315,4
1791517500000,2492.51,2493.69,-0.0025223664529271383,0.0,0.0025,ranging,0.1285737104885522,0.6901767803060834,0.18124950920536442,4
1791518400000,2493.68,2495.8,-0.0016107059860566153,1.0,0.0025,trending,0.13962783572014165,0.6424576599831929,0.2179145042966654,4
1791519300000,2495.8,2493.71,0.0013514001227086236,1.0,0.0025,low_liquidity,0.13832855048848455,0.6184510834518413,0.24322036605967418,4
1791520200000,2493.7,2490.82,0.0023325651793384417,1.0,0.0025,low_liquidity,0.14342261642435034,0.5829241671047797,0.27365321647087004,4
1791521100000,2490.82,2487.4,0.0015196590817720956,1.0,0.0025,trending,0.14252475659055014,0.5305364988809339,0.32693874452851596,4
1791522000000,2487.4,2491.78,0.0018380434869851303,1.0,0.0025,trending,0.13616806379075885,0.5578350491978988,0.3059968870113423,4
1791522900000,2491.79,2497.08,0.0004405145209604999,1.0,0.0025,trending,0.13337974505637107,0.5899199307887544,0.2767003241548746,4
1791523800000,2497.08,2496.63,0.0011775873877988285,1.0,0.0025,trending,0.15616836926361918,0.5713085079687423,0.2725231227676385,4
1791524700000,2496.64,2491.18,0.0033879526971154483,2.0,0.0025,trending,0.11601270773450036,0.5635385052371487,0.32044878702835095,4
1791525600000,2491.18,2496.36,0.0008011664984217681,1.0,0.0025,low_liquidity,0.11991229370516615,0.5704068339044845,0.3096808723903494,4
1791526500000,2496.36,2498.18,0.000988719788005854,1.0,0.0025,trending,0.12809947260278987,0.600267986761876,0.27163254063533415,4
1791527400000,2498.19,2499.57,0.001704293138419688,1.0,0.0025,trending,0.14213518813615236,0.6322633892440026,0.22560142261984512,4
1791528300000,2499.57,2499.62,0.0019522967491059084,1.0,0.0025,trending,0.1360985429448507,0.5127521959377349,0.3511492611174144,4
1791529200000,2499.62,2498.36,0.0026737539826124923,2.0,0.0025,trending,0.12070785411536544,0.5168152161628476,0.36247692972178686,4
1791530100000,2498.36,2500.65,-0.000411892907844047,1.0,0.0025,trending,0.15574657735409403,0.4963101441607316,0.3479432784851744,4
1791531000000,2500.65,2503.83,-0.002304469552645294,1.0,0.0025,trending,0.14656533555196077,0.5209333784721919,0.3325012859758473,4
1791531900000,2503.84,2504.5,0.0005430225593932025,1.0,0.0025,trending,0.12379267977380964,0.6244739310082631,0.25173338921792726,4
1791532800000,2504.49,2505.04,-0.0005908089291987162,1.0,0.0025,trending,0.1423155935998607,0.5790328021067176,0.27865160429342173,4
1791533700000,2505.05,2499.62,0.002752418367591991,2.0,0.0025,trending,0.10920825799909167,0.561327216083886,0.3294645259170222,4
1791534600000,2499.61,2498.06,0.0025059446130197838,2.0,0.0025,trending,0.09001748497357191,0.6047143269003766,0.30526818812605144,4
1791535500000,2498.06,2505.86,-0.0014446138251938967,1.0,0.0025,trending,0.10531402076189704,0.5864797812494352,0.30820619798866766,4
1791536400000,2505.85,2503.56,-0.0009386633433989822,1.0,0.0025,trending,0.1008824892379024,0.5918831728564193,0.3072343379056784,4
